,0
0,67.94527516409714
1,127.35039535675972
2,178.62570736135774
3,222.8998215171323
4,261.39199271498774
5,294.2642018452241
6,321.9703714865894
7,344.61200375918895
8,363.0331000724549
9,377.30175206711954
10,387.51614828561844
11,394.2717783609882
12,397.81459676108136
13,398.44147141031874
14,396.5082585510379
15,392.4673180219339
16,386.6434334491703
17,379.7518350185576
18,372.18094755045934
19,363.58349905765886
20,353.78689175077415
21,343.17235114839093
22,331.8137808814261
23,319.65502574741924
24,307.1196229340661
25,294.4131541487943
26,281.69291631700867
27,268.896985801162
28,255.9296692786462
29,243.01859782136347
30,230.0551291604894
31,217.6395697630913
32,206.77444347946374
33,198.46811677015
34,193.09413632392278
35,191.2708818805337
36,193.35368997421273
37,199.76369101852032
38,210.6558799571065
39,225.91599022596023
40,245.10282493078887
41,267.0677961543125
42,291.57383158469617
43,317.23588013433266
44,343.5839124545993
45,368.7393345119506
46,391.98138685701355
47,412.740212940435
48,430.74165670517675
49,445.37050361052883
50,455.6524199205526
51,461.6113424353722
52,463.853546648666
53,461.7444853253512
54,455.61092771637095
55,446.63959108139875
56,435.19644528681846
57,425.2409084455336
58,413.2645483054669
59,399.9913829894898
60,386.6677494160858
61,373.99831515983567
62,361.22420879304747
63,348.7507181919527
64,337.6994816549292
65,327.8681559987765
66,319.95334063045414
67,313.1126843863989
68,306.9805915815568
69,301.1535703990429
70,295.8960237887794
71,291.2125451083109
72,287.71687237022564
73,285.37343783174686
74,284.80888743867206
75,286.01624926116705
76,289.17222173965195
77,294.4021747415886
78,301.4832238123389
79,309.61982664358686
80,319.0863255975076
81,329.464462222923
82,340.1683592162282
83,350.83619455235134
84,360.9078088687312
85,369.91639587323584
86,377.3914632413426
87,383.571876443772
88,387.4480765960576
89,388.72157218328994
90,387.1752787543568
91,382.9734360014014
92,376.77256494510823
93,369.82274909460114
94,362.63016685172204
95,355.63329303105525
96,349.00901592599723
97,342.7489445904847
98,336.7184732810995
99,330.9791698876587
100,325.3261712473407
101,319.94397385724926
102,315.21713764515954
103,311.44010228354875
104,308.5969418311104
105,307.3760580839677
106,307.9372484799992
107,310.6183066418421
108,314.96672370544684
109,320.83265465140573
110,327.6234600311725
111,335.4698972412695
112,344.1876139881882
113,353.6733674977047
114,361.925973050984
115,370.6191134942409
116,379.1775327150738
117,386.9515233770479
118,393.593998780603
119,399.28728994372466
120,404.2919000731031
121,408.3963193638715
122,411.3013091356062
123,413.76982100823136
124,415.1797718231565
125,415.7782246530826
126,414.9845208252773
127,413.0335382068512
128,410.0152692149132
129,405.97058735306507
130,401.1094023989763
131,395.64023975292446
132,389.71882809291355
133,383.8135636599046
134,378.6175627171141
135,374.58331931222165
136,372.03505915264583
137,370.71703981106845
138,370.36402024561926
139,370.0991871688234
140,370.5000408089837
141,371.16206697279756
142,372.3974856622359
143,374.3900651678813
144,377.9203112321611
145,383.4040667694883
146,391.2315224187864
147,401.81140650726195
148,414.4478286972952
149,428.67704604015546
150,444.13148077078756
151,460.5853087902817
152,477.38384457271
153,494.02087353235
154,510.45843956034184
155,526.3616917121092
156,541.6646557380415
157,556.2457778960368
158,570.4225814054678
159,584.0397894849475
160,596.9937883715788
161,609.0826194905062
162,620.2918291230493
163,630.4248642478672
164,639.3747061684107
165,647.2637354920396
166,654.0847860925668
167,659.7430960037937
168,664.4268727607798
169,668.5345007559447
170,672.2871896648257
171,675.5520290155521
172,678.208139611738
173,680.3227908910283
174,681.7440596925007
175,682.1575681703143
176,682.0466271098772
177,681.2223384470195
178,679.4021819746067
179,676.2093462577393
180,671.5914588012897
181,665.9662426198672
182,659.0237479488029
183,650.9774936681929
184,641.9743746237802
185,632.1287283091506
186,621.4221090610381
187,609.4308314668549
188,596.1144681339103
189,581.4053071650969
190,565.240827384802
191,548.1117198962542
192,530.1900389064155
193,511.69765219525857
194,492.64176644015583
195,473.109584333768
196,453.5544039286576
197,433.8582404860482
198,413.9305908018225
199,393.7119022093466
200,373.36139047183303
201,353.24706971072374
202,334.3117326794935
203,316.40647706364393
204,299.85965598923394
205,284.67869996985314
206,270.6336832311171
207,257.64472119498805
208,246.38455943769537
209,236.97608615515446
210,229.7683909338977
211,224.94433130993374
212,222.5058432486041
213,222.4095913022281
214,224.5891297855414
215,228.88602074082772
216,235.47398683388548
217,243.82663831533117
218,253.2750972835089
219,263.0171017551118
220,272.9664133947114
221,283.2235114261159
222,293.6155225350783
223,304.64661227294334
224,316.19703660523976
225,327.8630640630349
226,339.4954629641665
227,350.869934393398
228,360.76572453682945
229,370.0950528157726
230,378.8320008575114
231,386.7949574309131
232,393.64194938382127
233,399.5175528725466
234,404.58626549647823
235,409.058056662358
236,413.1580070985988
237,416.6697142502551
238,420.0080192046744
239,423.4271134060285
240,427.03802643952326
241,430.7210590217471
242,434.48889203144597
243,438.0882238269446
244,441.6410612258222
245,445.282664439933
246,449.3173241363058
247,454.08477120336767
248,459.49283495916944
249,465.36591780058836
250,471.5756974076121
251,478.22693334995137
252,484.8960514801224
253,491.4705449525868
254,497.54650345952086
255,503.5890114208446
256,509.9543310082643
257,516.8416698766955
258,524.2593934997287
259,531.4404118505034
260,537.8456924020276
261,542.5317778041704
262,544.6654690254219
263,543.8791917163028
264,540.0582303906424
265,532.7903321233332
266,522.4249490286173
267,509.086795939157
268,493.0167558838574
269,474.36681239974973
270,453.89086918922317
271,432.5486790834412
272,411.1173438624403
273,390.6741032354394
274,371.0504461343539
275,352.88679268922436
276,336.93767338832686
277,323.6933576683632
278,313.9939841025666
279,308.10290923780235
280,305.60315098519027
281,305.73228150834416
282,308.2936821049665
283,313.3282301390812
284,320.7399423629005
285,327.18813199762326
286,334.99188645394736
287,343.8233556169841
288,353.67502758205933
289,363.61368118853454
290,372.5873361884061
291,380.2838869388744
292,387.5358015314198
293,393.7879555335224
294,399.08449953445256
295,403.91884528925
296,408.33614661260253
297,412.15237258155685
298,414.73814177622586
299,416.63058109872304
300,417.37121144001696
301,417.7092463377413
302,417.55528711206404
303,415.96288888485554
304,413.13767953260253
305,409.45683223678486
306,405.16721246866615
307,399.87406950647664
308,393.4934280763261
309,386.43264271478574
310,377.753962541932
311,368.72325205782386
312,359.0163537468959
313,348.99953624207114
314,339.09888130397235
315,329.1245081162764
316,319.7142242475272
317,311.1206815308137
318,303.39425420306236
319,297.02009416337535
320,292.3569891873468
321,289.1629699490031
322,286.8691716391164
323,285.56851706598115
324,284.40515260631184
325,283.4105713611551
326,283.27319142271915
327,284.21603377672454
328,286.8968082951068
329,291.5269029308971
330,297.76471446847694
331,305.74069995833895
332,315.9706869942363
333,327.9533204353371
334,341.4965538022569
335,355.7907494380127
336,371.2383004301486
337,388.07942972655025
338,405.2076831760045
339,422.4685709020804
340,439.5849602177842
341,456.00239500668704
342,470.2855632730324
343,483.7551982894368
344,496.50843151448794
345,508.7050536666293
346,521.007375612053
347,533.717620432986
348,546.3007810203433
349,558.7930890454045
350,570.9250603229207
351,582.5414886073877
352,592.9052849245393
353,602.1831669570295
354,610.354369131103
355,616.8525527310878
356,621.9892704232625
357,625.8039723607524
358,627.844193509447
359,628.4802819736869
360,627.5263491131343
361,624.7727135543804
362,620.5971396641232
363,614.8647990841872
364,607.4630474920345
365,598.7167952159344
366,588.9140305778665
367,578.6095147586551
368,567.2299369770205
369,555.002475089731
370,541.4033860704533
371,525.873608501714
372,509.18576684168556
373,492.2661106003685
374,476.36996493559127
375,461.8286511719451
376,449.53443425493447
377,440.5421066365409
378,434.49346159891195
379,432.03153740274024
380,432.7950379329427
381,437.10001522611225
382,444.3781853305634
383,454.79383537321087
384,468.2614876308211
385,484.31657834742714
386,502.6877007351861
387,521.4775589969918
388,539.6172013262819
389,556.4475589534946
390,571.8538974706348
391,584.5242019722832
392,593.96201352854
393,600.6147678924449
394,603.9773778650263
395,604.4077959427932
396,602.8283181213308
397,599.1624712696823
398,592.912466081767
399,587.4749615682806
400,579.7018736363652
401,570.3051603876704
402,559.3111291903306
403,547.337687487803
404,534.6585407804037
405,521.1431811335983
406,507.50748922991863
407,494.3840450027757
408,482.1929250372101
409,471.65712568660604
410,462.6616266248702
411,454.88414605637286
412,448.118049250137
413,442.4080633809085
414,437.707863718921
415,433.38444782805993
416,429.3383629553712
417,425.6465642522568
418,422.3576225991296
419,419.7465851154866
420,417.7387171076364
421,416.46584515370597
422,415.558282233368
423,414.5600651892662
424,413.24668575996526
425,411.8234750969626
426,410.15200520644726
427,408.08855779648104
428,405.30082794207397
429,401.5695673243115
430,396.8332518974292
431,391.0037725083633
432,383.835643288571
433,375.4073657543048
434,365.63564194514754
435,354.93744659870254
436,344.06884918002606
437,334.1742231960303
438,325.5721853890899
439,318.722251186672
440,313.8103167123719
441,310.6073737122531
442,309.0730760852456
443,308.8647138157587
444,309.67216731829194
445,310.35370375049837
446,311.3598497402795
447,313.18875921094906
448,315.4356195595338
449,318.5393865037041
450,323.20050541692984
451,329.33528609529725
452,336.4599477394952
453,344.98630156765125
454,354.3300101120511
455,364.8324747385025
456,373.96961896351525
457,383.12786366620503
458,391.7010446092861
459,398.56350550401453
460,404.22948978577006
461,409.1076140912932
462,413.54332436120444
463,417.38446148518665
464,420.74296636220856
465,423.84659636415074
466,426.7559093570825
467,429.5976969464569
468,431.4094136146447
469,431.8368221080051
470,431.06347371190884
471,429.11282958810307
472,427.145951583176
473,425.6370189898097
474,425.41082535902865
475,426.15252225124016
476,427.37377641932557
477,428.5880586284895
478,430.01161389732323
479,430.8086610347663
480,429.64322251473334
481,426.9346031220129
482,423.79198336533153
483,420.89155813030146
484,417.8776442798372
485,415.25911944716535
486,412.5052743546314
487,408.99706477780273
488,405.27552786049625
489,400.6638067069748
490,396.0528032476417
491,391.08848720853126
492,385.6396377501413
493,379.92425217914723
494,373.16515130636327
495,364.9556202631245
496,355.1379013904908
497,343.90870816504014
498,331.2053736537292
499,317.4132731646065
500,302.95229360874885
501,287.9232943776732
502,272.41905364787533
503,256.622149031324
504,240.8643997158146
505,225.30117013673774
506,210.10117490286422
507,195.64322633846598
508,182.0548485727992
509,169.9226848941659
510,159.38946306634142
511,150.44446077031824
512,143.33210353893125
513,137.14435274762454
514,132.47384604539434
515,129.97846479556804
516,129.49892645243483
517,131.40103732448378
518,135.74192824014165
519,142.05002055160168
520,150.28827130114075
521,159.98158145205582
522,170.78408260156763
523,182.66337104054537
524,195.54066481443533
525,208.7182566339041
526,222.16229926943998
527,236.49334236755988
528,251.56471587278133
529,267.14629484042894
530,283.2654053158815
531,299.85201846085727
532,316.6288701222602
533,333.1453986077049
534,349.9159012396333
535,366.92315230046614
536,384.42317331388847
537,402.4719839901999
538,420.5021101862799
539,438.11754328647066
540,455.5857146662221
541,472.225761988007
542,488.65430997208125
543,504.36954219196264
544,519.6878599718367
545,534.5528132141027
546,548.2268959516193
547,560.7798068688344
548,571.8389472718565
549,581.6039574887276
550,590.3402552551333
551,598.1751599083971
552,605.0232073374268
553,610.6433235585778
554,615.5050594932732
555,619.3609057139815
556,622.3566450858818
557,624.2174792952239
558,624.9319491929242
559,624.5937439355108
560,623.6347305535048
561,622.6156482684477
562,621.3460365344499
563,619.7471121442094
564,618.0857061938843
565,616.2982047880737
566,613.9345942263337
567,611.6623319033376
568,609.0978501361296
569,606.3638440104789
570,603.985258681163
571,601.0207402969796
572,598.0003969856671
573,594.4199342158615
574,589.6614745479502
575,584.7218611621201
576,580.3712912202344
577,576.1050505365502
578,572.4772193211978
579,569.4989970361078
580,567.0998679310799
581,565.1363952742447
582,563.6267496958658
583,562.3192229422598
584,561.026935202118
585,560.8710506819286
586,561.3563670746458
587,561.5928789687384
588,561.1551096419406
589,559.9274614593527
590,557.7983546297971
591,554.5833273004273
592,550.7900078515162
593,546.3754243895237
594,540.9867248424628
595,534.447888245528
596,527.6894466286486
597,520.7167130615667
598,512.9416123913747
599,504.1612134404497
600,495.588609522331
601,487.1818914097447
602,479.40350389701337
603,472.7492764542842
604,466.88129825121973
605,461.03035622203606
606,455.2845437563709
607,449.1694239070259
608,441.9501211602991
609,433.3947144832903
610,423.62831449910954
611,412.21045749378766
612,399.050953427468
613,384.3325857626685
614,368.19264118189676
615,350.6339205303366
616,332.0381406491375
617,312.94629514658436
618,293.8163376989671
619,275.28040087439103
620,258.4137923596493
621,243.96535901591352
622,232.09576227171766
623,223.52837250912657
624,218.2091460565539
625,216.11261263988757
626,216.51334340037175
627,216.86197916199302
628,219.05233388882704
629,222.4479980290862
630,227.74186143617214
631,234.64385077212972
632,242.41420147471246
633,251.09584222001678
634,260.8764312640182
635,272.01092954954413
636,284.3106150415927
637,297.2541802077538
638,310.44472280115224
639,324.4851609723987
640,339.60482125250985
641,355.4150123038089
642,372.3341928323032
643,390.1777180300682
644,408.3366241635782
645,426.7396951167823
646,445.5125222706471
647,464.3051189496496
648,482.61331864232807
649,500.55898713330623
650,517.4181261164616
651,532.8189279687072
652,546.4623959740169
653,557.4325425603013
654,565.0257505838366
655,568.822379515002
656,569.3607985449217
657,567.0551153485256
658,562.5506257582775
659,556.6617684977907
660,550.5011348614219
661,544.2272691050816
662,538.1553798159416
663,532.9729862530191
664,528.3599011928243
665,524.2577424670925
666,521.0099034742803
667,519.1079549298319
668,519.1720183900968
669,520.7106478476392
670,524.2856841770281
671,529.6311342853176
672,536.4150450259217
673,543.8520053750221
674,551.5660712376421
675,558.9419898347811
676,565.3821135411497
677,570.2608176307165
678,573.6966431882448
679,575.8601704794062
680,577.2741897477741
681,577.5407043128422
682,576.9673663187695
683,574.7286502935701
684,572.7809673516467
685,568.817003401794
686,563.2292651689019
687,556.8888051267033
688,550.0928648048374
689,542.6486332822174
690,535.4385602685063
691,528.1203738822583
692,520.6787457214739
693,513.9311130170952
694,508.08682029160275
695,503.2705918904275
696,499.704491755239
697,497.14112030443516
698,496.21835202046657
699,496.68301579661517
700,498.42438994015686
701,501.0943018611653
702,504.6447340662402
703,509.1068018571152
704,514.4180864281682
705,521.0353845514527
706,528.8624344939503
707,537.5262786285783
708,546.4755123961636
709,555.7716969379487
710,565.1520293554456
711,574.7469330787426
712,584.5783352067053
713,594.7715186676284
714,604.814593722172
715,614.2479801345755
716,622.0156867636078
717,627.3739646456459
718,629.7270959022692
719,628.3310463629111
720,622.9589485639983
721,613.6870802950219
722,601.1615480779647
723,585.3630712085118
724,566.8050197093285
725,545.4756058188593
726,521.8528600031563
727,496.5261775994359
728,469.7256390392962
729,442.21233489073813
730,414.6904941016551
731,388.115939882765
732,363.2761747496854
733,341.2263235263052
734,322.56761702609117
735,307.23564103019055
736,295.22408793223724
737,286.0905217353655
738,280.07460591189897
739,277.13257311139955
740,276.8576487923649
741,276.6184646348048
742,279.3817521352011
743,284.81310804870213
744,293.0589317631997
745,303.4843221399741
746,316.02658772856034
747,330.41609807189775
748,346.2485859725207
749,363.2710066741191
750,380.8116860468858
751,398.16338520232705
752,415.66871498708304
753,432.80842267286806
754,449.445092580603
755,465.3028288522942
756,480.4500626550063
757,495.0946032444996
758,509.4014241095034
759,522.7668971671867
760,535.2154147423935
761,546.3519965905195
762,556.1147058604486
763,564.3756913099942
764,571.0165113941482
765,576.5402337840596
766,580.8048206947926
767,583.7979665465175
768,585.6948988808604
769,586.879048626766
770,587.3406631350049
771,587.3478085344375
772,587.4065062155908
773,586.5314690863026
774,584.5036682242937
775,581.5492981809275
776,577.7896945397334
777,573.2306582315184
778,568.0030341742602
779,561.9772466183952
780,555.4854141651787
781,548.1878751674931
782,540.4983830949176
783,532.6453108238691
784,524.3622510312824
785,515.7697733446655
786,506.84959332690397
787,497.97916380803514
788,489.47127691571137
789,481.2176722834111
790,473.19629206224124
791,465.35104168228906
792,458.0576376127039
793,451.4826187786835
794,445.3328140675419
795,439.7750503116974
796,434.19361711545776
797,428.7295805849154
798,423.9758688033436
799,419.72449816139704
800,416.6810937090484
801,414.52163389980103
802,413.30513795184703
803,413.06121691844
804,413.23217863877926
805,413.555261440864
806,414.3076481904468
807,415.2961774995353
808,416.6928242379023
809,418.6666621717187
810,421.40721307091803
811,424.95748473710825
812,429.2656435172207
813,434.3580604103446
814,440.6583608932667
815,447.7308463876292
816,455.1588244561097
817,462.5098041433654
818,469.67477975475435
819,476.49488973297684
820,482.7667411036855
821,489.3318147324841
822,495.8952398490176
823,502.7973429508206
824,509.7089293833367
825,517.0091243927104
826,524.463128102199
827,531.923495615241
828,538.9822188404507
829,545.4638127705607
830,551.0720393790382
831,555.4811362463304
832,558.5178728630261
833,560.2525680921054
834,560.4264945478797
835,558.9578858058184
836,555.7047655222746
837,550.6622671983442
838,544.3603596067055
839,536.8257378996379
840,527.7388016144167
841,517.31522678662
842,505.6184584816014
843,493.87604859454177
844,482.521915602561
845,472.6765556265429
846,464.7286540324719
847,458.8227831570765
848,455.96367077762034
849,455.46494795686397
850,457.00483504933044
851,460.04850511781467
852,463.7495411032812
853,467.82839193901464
854,472.07705934784576
855,475.7733999935288
856,480.30070745390736
857,485.846892685953
858,492.17914049816636
859,498.830505284772
860,505.46705911269333
861,511.68139047244347
862,518.0952377190798
863,523.6736560673888
864,527.0905308880934
865,527.7869568428338
866,525.8365935871269
867,522.4816518180087
868,517.5445366766214
869,511.27788346791283
870,503.55911435989583
871,493.5648374299846
872,481.1686170423342
873,466.6225208910796
874,450.9840760367463
875,435.26613586644095
876,420.6959177670214
877,407.17308349939583
878,395.97029370577707
879,387.8641408902685
880,382.38477995932055
881,379.4909364668724
882,378.5655036671707
883,378.66475098667877
884,379.42729325900086
885,380.6073395681849
886,382.4524223020129
887,384.67186318788913
888,387.38070881731835
889,389.65312564847045
890,391.3270273228602
891,392.66994022530423
892,392.8013251402981
893,390.94752753771735
894,387.228403746351
895,382.5277389862298
896,377.3540041283767
897,372.02873721516954
898,367.18048424608276
899,363.2593347771068
900,360.84281592841904
901,359.8547406515613
902,360.44969096101
903,362.44602341144264
904,366.0764054661481
905,371.31304068821106
906,377.851764094841
907,385.65772444587344
908,394.3973154473442
909,403.9684600951407
910,414.1204096505742
911,424.5565718125845
912,433.6360328935335
913,442.9364472934398
914,451.74598465727615
915,459.8773547152283
916,466.9976280572894
917,473.0847467576093
918,477.82277085873375
919,480.88267956795426
920,482.0044367199313
921,481.536851054621
922,479.90829557076313
923,477.83993689024084
924,474.9622734135256
925,472.18827540310497
926,469.0468130766355
927,465.26148482723477
928,460.7552467139712
929,455.7377842320102
930,449.59396093367167
931,442.50547662794986
932,434.29134966605005
933,425.78259437715803
934,417.2747962638962
935,408.67007843310125
936,400.7094077875073
937,393.3767808234949
938,387.322798912636
939,382.16749555893387
940,378.3010715560491
941,375.9958679682584
942,375.7228842629034
943,376.95182876153586
944,380.5606665649444
945,386.7301596663905
946,395.66417177581354
947,407.0796799234719
948,421.05068969432256
949,437.52874982937453
950,455.88497340260164
951,475.10689974807616
952,494.08393450831704
953,511.9495663421229
954,527.6486974739538
955,540.3610282863426
956,550.071393344824
957,556.4438420396427
958,559.7564009583309
959,560.1324148280172
960,557.7526117551148
961,553.1106223820165
962,546.3129156578414
963,537.8321805909866
964,527.975985411266
965,516.7490818530938
966,505.01125957263173
967,492.84347011504167
968,480.7863823230761
969,470.2967159440661
970,459.62570132695464
971,448.8466738010571
972,438.4074689707652
973,427.92067134762567
974,417.88029809980094
975,408.47603371029993
976,400.2244332820743
977,392.69510828648754
978,385.8339923122368
979,379.4067415430017
980,372.91269341990375
981,366.3950420323012
982,359.9025095043645
983,353.50487405023
984,347.0887175874667
985,341.1078339623266
986,335.7989612907598
987,331.11795673549955
988,327.18058497674883
989,324.16357405784834
990,322.3459291242218
991,321.6733245330579
992,322.27292942892245
993,323.546534023556
994,324.8027510824057
995,326.949379853687
996,329.3541106844374
997,331.7247786566725
998,334.0153118258006
999,336.4152897923819
1000,338.7395266287437
1001,341.1432302839762
1002,343.2710925259579
1003,344.90550396060735
1004,345.7045791924867
1005,345.70869975471476
1006,345.2374570180567
1007,344.6407952447241
1008,344.08725445216356
1009,342.8598181137187
1010,340.98790259170835
1011,338.32426205115894
1012,335.4573538739332
1013,332.3094606039823
1014,329.2447047979479
1015,326.26364269055324
1016,323.310339797981
1017,320.3882643390242
1018,317.5056868671635
1019,314.7955815823806
1020,312.1536653090192
1021,309.8162826484661
1022,308.1076529633352
1023,307.2527221360064
1024,306.9529019167554
1025,307.4421252878085
1026,307.86774962062464
1027,309.38674617073843
1028,311.67574651354175
1029,314.51500341250755
1030,317.91279071859526
1031,321.9612829338812
1032,326.68504532583387
1033,332.7268162999585
1034,340.16908559584965
1035,348.96539377018814
1036,358.77784993749947
1037,369.3364397126679
1038,380.3727261528104
1039,391.68001075493845
1040,402.99458289070554
1041,413.76787673648585
1042,422.9891920531409
1043,430.68116724096365
1044,436.7804041870793
1045,441.06007718530515
1046,443.800754759044
1047,444.4661673023312
1048,443.3609064150859
1049,440.38706546325216
1050,435.5292475990608
1051,429.0260102635557
1052,421.03044928473014
1053,411.74268080144344
1054,400.88843650887236
1055,388.18825879375424
1056,374.31095024227824
1057,359.76646133101315
1058,344.89237232941537
1059,330.1569747942874
1060,316.01372978984614
1061,303.11988859454027
1062,292.32438230617004
1063,283.55201277156294
1064,277.1203042199437
1065,273.35106013592906
1066,272.06498514888716
1067,272.8900163931815
1068,275.1252700160484
1069,278.9685844945635
1070,283.87124154855303
1071,289.25134991646917
1072,294.77599769495805
1073,299.8736289825648
1074,304.1027651278947
1075,307.0007009643043
1076,308.6862190490648
1077,308.90146452052807
1078,307.64631645124695
1079,304.62048279486396
1080,300.0587370358128
1081,293.8800476498703
1082,286.04816704406585
1083,279.23443091701597
1084,271.31473293428013
1085,262.7991000924712
1086,254.10112070818826
1087,245.34922118246652
1088,236.9650154744309
1089,229.26435032709924
1090,222.84675165743755
1091,218.20476726543131
1092,215.5934322976845
1093,214.3666466064513
1094,214.7502756341085
1095,217.24093549998804
1096,221.59079123085823
1097,227.8228009985251
1098,236.21862050995094
1099,246.50358223264755
1100,258.2129675001436
1101,271.6603286899799
1102,286.6821771868223
1103,302.31373242473626
1104,317.9582440427788
1105,333.36002460153645
1106,348.3970402285723
1107,363.25557027330507
1108,377.76189341700825
1109,392.1961073396228
1110,406.6192088770906
1111,421.2890848030787
1112,436.67358118462346
1113,452.7717484945614
1114,469.4417257854048
1115,486.57524701133104
1116,503.7953264394614
1117,521.3471842348066
1118,539.5177930925922
1119,557.8032823322858
1120,575.850933587264
1121,593.2606425732872
1122,609.7359384048161
1123,625.0241305333393
1124,638.7099181265994
1125,650.6506698098626
1126,660.7150369693582
1127,668.94609435406
1128,675.1575688866276
1129,679.5535947733586
1130,682.4556201180579
1131,683.8640579241692
1132,683.2598359325048
1133,680.4058650007466
1134,675.2323742883319
1135,668.0710237908773
1136,659.4765795919214
1137,649.8109647843436
1138,639.838352809784
1139,629.8804013579283
1140,621.2169835948139
1141,613.2130682323157
1142,606.0010315559512
1143,599.256564056614
1144,593.2202433588775
1145,587.612639033797
1146,582.1939775160567
1147,576.7236678941413
1148,570.9268991634469
1149,564.3873993384589
1150,557.2776633081437
1151,549.4378207165057
1152,540.2898275171067
1153,529.4704423383694
1154,517.2916867574742
1155,503.8211001896534
1156,488.9378076373431
1157,473.3370306910515
1158,457.015656591532
1159,439.84573088226836
1160,421.7433122605344
1161,402.8000509761325
1162,383.33537746805837
1163,363.64340009614966
1164,343.23200583409584
1165,322.20965286636164
1166,300.86567936510187
1167,279.79426237804614
1168,259.45905873896515
1169,239.7372800156707
1170,220.83471844264943
1171,202.93091276212584
1172,186.14856240649894
1173,170.81620218949507
1174,157.2651137643516
1175,145.60339529658015
1176,135.60357755514218
1177,126.9766470224708
1178,119.77344081584121
1179,114.07777768952289
1180,109.8365157776043
1181,107.0660511621029
1182,105.7871294945619
1183,106.11934038519209
1184,108.41035150331831
1185,112.29166456579551
1186,117.9262804994191
1187,124.93021730756783
1188,133.031459511281
1189,142.0780041693655
1190,151.90373436213463
1191,162.2501999729344
1192,172.62817447448884
1193,183.3685541621027
1194,194.5086180113356
1195,205.89858755350656
1196,217.51606921856728
1197,227.62327826717006
1198,237.56254743148259
1199,247.04877351874546
1200,256.33949801443106
1201,265.80766849725137
1202,275.5979673797896
1203,285.64275407136427
1204,295.98123871201915
1205,306.0642653508402
1206,315.3354753316602
1207,323.3740634049004
1208,330.2418158840936
1209,335.80706949854203
1210,339.82434224922054
1211,342.664968476065
1212,344.35540873413765
1213,345.4016630705448
1214,345.51231963716646
1215,344.69363247468567
1216,343.0411545305392
1217,340.42352961407596
1218,336.9943971618657
1219,332.9772217353942
1220,328.4328417805659
1221,323.8320463638049
1222,319.60982222304165
1223,315.7024372376567
1224,311.99024105855506
1225,308.8991249502432
1226,306.58390281806567
1227,304.9250664145676
1228,303.9154848173744
1229,303.8557977672726
1230,304.9799122007008
1231,307.6201414186717
1232,311.988992966467
1233,318.0614794807433
1234,325.4145267375036
1235,333.9550875217627
1236,343.2534736571057
1237,353.3636003293168
1238,364.346016203772
1239,376.0566274928276
1240,388.5335635680154
1241,401.7054814287694
1242,415.1825679481864
1243,428.715308662125
1244,441.9628647015917
1245,454.7196305209578
1246,466.35844381702873
1247,476.63856527289545
1248,485.8567109479176
1249,493.99027849633364
1250,501.35234344044625
1251,508.0047313299778
1252,513.6197596765027
1253,518.1222000520785
1254,522.0393231788294
1255,524.5524280226573
1256,525.8518412002121
1257,525.8040299574513
1258,524.2171131905745
1259,521.5320256280838
1260,518.0299418442569
1261,514.1054727481749
1262,509.70701239147616
1263,504.5990211378514
1264,498.86078648661163
1265,492.31115164801747
1266,484.73089979414226
1267,475.98607710681364
1268,465.9677262339163
1269,454.96562080429476
1270,443.26930175266114
1271,431.14251325140356
1272,418.67714138592197
1273,406.02414706072
1274,393.3397671988919
1275,380.49192005792406
1276,367.41702011623374
1277,354.20173369545466
1278,340.925553242238
1279,327.8835714281946
1280,315.18592523388935
1281,302.9185512340026
1282,291.5524617188113
1283,280.65869251202673
1284,270.5750540326943
1285,261.48331827130875
1286,254.05372626225056
1287,248.70896952134433
1288,245.5839827918965
1289,245.3054400836451
1290,248.25820125504725
1291,254.4077896503387
1292,263.4927975031619
1293,275.26948181779517
1294,289.5779755592306
1295,306.09517575684936
1296,324.3803419084959
1297,344.2510823265975
1298,365.54964045002714
1299,387.8954551417812
1300,411.2087393577783
1301,434.3985773346134
1302,456.441850568575
1303,477.18934707895687
1304,496.16654449329934
1305,512.8885148468344
1306,526.9811947426048
1307,538.691340967671
1308,548.6616373982587
1309,556.7004024773871
1310,563.0047685483819
1311,568.4895670301473
1312,572.4083168002093
1313,575.1613969520347
1314,576.7981710195941
1315,578.1569024025881
1316,579.2808401587872
1317,580.0142634179322
1318,580.2808190631852
1319,579.7081193022651
1320,577.9450531851966
1321,574.3611488655295
1322,569.5403141383033
1323,563.099370536544
1324,554.8776092109696
1325,545.0842352933621
1326,533.9608444999471
1327,521.1624334646674
1328,506.87258183022726
1329,491.3778108812667
1330,475.2059110886696
1331,458.5953593398828
1332,441.60115648954
1333,424.7945549705251
1334,408.4054776283036
1335,392.7163371233241
1336,377.86306030643505
1337,364.05349121974575
1338,350.8147359679333
1339,337.968126560168
1340,325.59889810701327
1341,314.1037868208733
1342,303.37315882297105
1343,293.13146695991486
1344,283.17844306729137
1345,273.62786535813495
1346,264.63133536755424
1347,256.2557166463605
1348,248.49099732869894
1349,241.58074260808363
1350,235.77708648825086
1351,230.8883621582354
1352,227.1347648236743
1353,223.7573959210019
1354,220.9370100012577
1355,218.75663314575695
1356,217.4026663148789
1357,217.34251867240602
1358,218.84691110342172
1359,222.23532988004837
1360,227.69053158107994
1361,235.47293544514548
1362,245.58224600151402
1363,258.13121159563053
1364,272.7217363995835
1365,288.63797717285684
1366,305.49787639854367
1367,323.33278005719717
1368,338.84914624022576
1369,355.5958377420253
1370,373.22326643746936
1371,391.3332968845592
1372,409.4494305003383
1373,427.0258226609295
1374,443.87274132927405
1375,459.8725445119944
1376,474.71909528390006
1377,488.30868658024156
1378,499.9864619835241
1379,509.69026983270726
1380,517.6420928835959
1381,524.5255889351754
1382,530.5056842360873
1383,536.3023649386946
1384,542.4385694840008
1385,549.5008347670389
1386,557.3569591728584
1387,566.2450745167102
1388,576.4729513194154
1389,587.4727517930698
1390,598.9681514998016
1391,610.4126926497482
1392,621.2893418996632
1393,631.3360209457995
1394,640.3372037211952
1395,648.408170439699
1396,655.353969291561
1397,660.9662765781053
1398,665.4575648514742
1399,668.7687435625262
1400,671.3285191396102
1401,672.5335651770281
1402,672.2889443265105
1403,670.8135853592981
1404,668.2511358199242
1405,664.6733469085889
1406,660.3885124301253
1407,655.3217336121018
1408,649.4403238978372
1409,642.4092472770574
1410,634.0881439475895
1411,624.2118147345485
1412,612.7925603223932
1413,599.8721303400288
1414,586.0379416924713
1415,571.8218653202348
1416,557.4253584873642
1417,543.2884716251014
1418,529.4364789218039
1419,515.3443190060772
1420,501.1621055510925
1421,487.9138221173977
1422,475.4740998676686
1423,463.8089022633601
1424,453.0917162815242
1425,443.76776447732686
1426,434.705158188468
1427,426.0696044653094
1428,417.34467424866034
1429,408.6025120068211
1430,399.33328939410035
1431,389.5365109571081
1432,379.3364056678634
1433,368.9326538828449
1434,358.03877870879825
1435,346.8842369669069
1436,335.1977689121796
1437,322.9365977684265
1438,309.560653588321
1439,295.4937980189644
1440,280.9214532945025
1441,266.46842616448225
1442,252.93226819432613
1443,240.55191734099566
1444,228.81304450783693
1445,218.77845322582766
1446,210.81057545627078
1447,204.84136133008505
1448,199.4505585183245
1449,194.19202411088992
1450,189.05788419002587
1451,184.41173525861254
1452,180.47918744422816
1453,178.33817850614594
1454,178.34380004769292
1455,180.24793182314488
1456,183.86338487396597
1457,189.76206924460485
1458,198.26714228633793
1459,208.8316528106153
1460,221.41048433780023
1461,236.03417095273048
1462,252.30583058913004
1463,270.39967612797426
1464,290.3159565596753
1465,312.44482836203485
1466,336.55930105756227
1467,362.5254994716622
1468,389.87819717512207
1469,418.4283567999556
1470,447.549146520173
1471,476.52135653387745
1472,504.8733893429014
1473,531.2264163661368
1474,555.797989287043
1475,577.7996805680483
1476,597.6273179341265
1477,614.7981829570357
1478,629.3109199859551
1479,641.223306747615
1480,650.2845680325372
1481,656.5516668029295
1482,662.0040427331709
1483,664.8237335113072
1484,665.4542871745875
1485,664.0271456686334
1486,661.2294176933153
1487,657.2041398158051
1488,651.9490342248126
1489,645.7711185118476
1490,638.9178949485126
1491,631.5788527473113
1492,624.1997232500338
1493,617.1444406333858
1494,610.505175088874
1495,604.5588547021808
1496,599.5200427171106
1497,595.249892890082
1498,591.6472364881295
1499,588.9023956708998
1500,587.1156099271102
1501,586.6315297692356
1502,587.151458246596
1503,588.1043317099868
1504,589.3924588421099
1505,591.105192491289
1506,593.1416635131674
1507,595.3282889962094
1508,597.9885231852875
1509,601.0858209860329
1510,603.8050854668625
1511,606.474169413483
1512,609.0130720154473
1513,611.3019521957319
1514,612.9268717742568
1515,613.2309456606381
1516,611.6989975062534
1517,608.0049820492541
1518,602.0432740857755
1519,593.4952112288645
1520,582.4870322525362
1521,569.5179374139615
1522,554.650163025228
1523,538.6803143215363
1524,522.1805464360382
1525,505.47242788789447
1526,488.88420169864094
1527,472.979717483196
1528,458.13649559590993
1529,445.0905717776955
1530,434.5500669915177
1531,426.30314938535014
1532,420.46835662282007
1533,417.1108038267372
1534,416.13714234837755
1535,417.22506260548147
1536,419.8187007086605
1537,423.35199270273074
1538,427.12058496871157
1539,430.3992602401149
1540,433.62913980314386
1541,436.81989280180807
1542,439.9107224422215
1543,443.0612165769429
1544,446.53916506895683
1545,449.60873121760824
1546,452.3844595958593
1547,454.65644102611407
1548,456.5149668082262
1549,457.60701615927735
1550,457.6663229661661
1551,457.1788121663766
1552,455.7235074811623
1553,454.081046819118
1554,451.8636278993912
1555,448.72142201902625
1556,444.53426460555335
1557,439.76922630362753
1558,433.88307601161137
1559,426.65948720712163
1560,418.17446493470277
1561,408.66946599379503
1562,398.986782002646
1563,389.42478810666285
1564,379.33888583441615
1565,368.50671566286087
1566,357.0330780198095
1567,344.4762284377256
1568,330.6914212036199
1569,316.12857521844603
1570,301.3515714888504
1571,286.82028976528676
1572,273.1198769367819
1573,260.4134198056812
1574,248.9714753506596
1575,239.337530687143
1576,231.53909044304598
1577,225.05295645815843
1578,219.96682861532986
1579,216.33763637825302
1580,214.8571293663483
1581,215.80498086552143
1582,219.1125773785293
1583,224.75516276801383
1584,232.6737391199198
1585,242.66956500625977
1586,254.41326016276767
1587,267.3649948969956
1588,280.9175132833356
1589,294.8591571919291
1590,309.09879438583033
1591,324.0263857131563
1592,339.56351149824627
1593,355.25015408478794
1594,371.23001334610706
1595,387.3609654213101
1596,401.39489372673677
1597,416.16375572369094
1598,431.425850902409
1599,447.4653849755497
1600,463.9833341376278
1601,480.7183520598102
1602,496.7612783308316
1603,511.70864368873777
1604,525.622998886304
1605,538.0282369932607
1606,547.8489782508036
1607,555.728384920733
1608,562.8521227523775
1609,569.5284875081077
1610,575.678178927632
1611,581.7693306432416
1612,587.3927380661299
1613,592.2170431297873
1614,596.2398323825016
1615,598.7631050304678
1616,600.0040444264655
1617,599.395371055643
1618,597.7078024281755
1619,595.6916649142961
1620,593.3216578415586
1621,590.7664317350723
1622,587.8557387823801
1623,584.3601480206423
1624,579.7180630612299
1625,574.4620458396683
1626,568.2629428876638
1627,561.7550820370896
1628,556.4926360854543
1629,552.1170220132815
1630,548.581759256599
1631,545.4583542275807
1632,543.000721439597
1633,540.8400025711487
1634,539.1073738632637
1635,538.3133889424573
1636,538.3354573886809
1637,538.8770374179775
1638,539.8127956539857
1639,541.0308486259419
1640,542.4411023432277
1641,543.8269443956752
1642,544.714436790721
1643,544.8640260455533
1644,544.5721125662641
1645,543.7191415621945
1646,542.5988195085395
1647,541.2245352961172
1648,539.3329120348806
1649,537.0495008727262
1650,534.2926589037525
1651,531.3292730780895
1652,528.0082586410336
1653,525.1189760807949
1654,521.7426404998864
1655,518.1181024559819
1656,514.3995438787152
1657,510.64444515107743
1658,507.21659234490176
1659,503.8544822375968
1660,500.5010615214484
1661,497.162606415961
1662,493.73683159192
1663,490.5923360766871
1664,487.3268115269642
1665,484.08097635660874
1666,480.8445287920058
1667,477.42762238491935
1668,473.83823837300486
1669,470.4276558127914
1670,467.1156011553757
1671,463.872591263215
1672,459.90373538551796
1673,455.3635113501679
1674,450.350971910685
1675,445.0017995444093
1676,439.2518900115908
1677,432.7284917679409
1678,425.14244367416615
1679,416.72464919529773
1680,407.7828725902498
1681,398.5466970038334
1682,389.32535427959505
1683,380.11042925554256
1684,371.08622472343245
1685,362.55644674167206
1686,355.3341166079788
1687,349.6265783054215
1688,345.96145411062673
1689,344.61125789589846
1690,344.98947414585155
1691,346.9004954918368
1692,350.0997140979472
1693,354.51649685987013
1694,360.4498217883125
1695,368.0228520633716
1696,377.40662088578574
1697,388.43435977698095
1698,400.628677950217
1699,413.5696376501795
1700,426.9197012310731
1701,440.3136368286025
1702,453.1091184428241
1703,464.4253236583287
1704,474.2557012884327
1705,482.7485779965192
1706,490.2109119913596
1707,496.9470302820612
1708,503.2288575479068
1709,508.8114016342645
1710,513.6682149893959
1711,518.3246938439622
1712,522.3636575377703
1713,525.9329315631203
1714,528.9635023811358
1715,531.5193488872909
1716,534.0228773430945
1717,536.5765793183164
1718,538.9663693262921
1719,540.6230239374553
1720,541.8518179297548
1721,543.4451278118885
1722,544.8381917089731
1723,545.6385523740679
1724,546.0273103598017
1725,545.7097230145419
1726,544.4853067981284
1727,542.1525449802658
1728,538.6700620186116
1729,534.2346905810687
1730,528.7284272285724
1731,522.422303608911
1732,515.0060616846656
1733,506.4771932268483
1734,496.47546438503207
1735,485.193542956483
1736,472.32209802312724
1737,459.0941962974421
1738,445.3620880524377
1739,431.72978769882
1740,418.25078752740615
1741,405.32350993038335
1742,393.46973918537026
1743,383.44495776595744
1744,376.0221163112513
1745,371.84444298082906
1746,371.45618847315694
1747,374.5161731002995
1748,380.2048507514087
1749,387.8877487099569
1750,396.77273703879456
1751,406.0955358359724
1752,415.56613652118347
1753,425.02101906921047
1754,434.3443089825971
1755,443.1783818285153
1756,451.56678981895567
1757,459.3610005428595
1758,466.29741558684293
1759,471.9403341957712
1760,476.1017851289772
1761,478.0811752574514
1762,478.2127524036344
1763,476.60715658026686
1764,473.27143181234334
1765,468.6134126731873
1766,462.44736797301624
1767,457.08290908386743
1768,450.706288739358
1769,443.5390167736967
1770,437.15744467911907
1771,431.6533881437701
1772,426.6926152840291
1773,422.2004041137044
1774,417.86310113074387
1775,413.5794740550249
1776,408.92291747225784
1777,404.4329392469394
1778,399.77829861804065
1779,395.51125279813516
1780,391.9764957551512
1781,389.5474952313821
1782,388.45908468074276
1783,388.29853651548854
1784,389.11111899614
1785,390.5261093774423
1786,392.1333093930916
1787,394.03551013372197
1788,396.20090618905454
1789,398.86223596034904
1790,401.4915698090775
1791,403.72496683571717
1792,405.44092890798197
1793,405.47700967379853
1794,403.5198250545224
1795,399.98803629435474
1796,394.47033561364833
1797,386.74299615569197
1798,377.19981905497156
1799,366.0238414543025
1800,353.3480626395358
1801,339.9525558645432
1802,326.49208874540034
1803,312.8384046098108
1804,299.2461374768351
1805,286.4045163416423
1806,274.9621520254374
1807,265.49201196906
1808,258.39128229916247
1809,253.88512465534666
1810,252.1212136472571
1811,252.96210210625776
1812,255.79752598308178
1813,260.045139101781
1814,265.2378693603739
1815,270.8254256586356
1816,276.4744742551326
1817,281.72399682923026
1818,286.21902038507903
1819,290.35070456956817
1820,294.6045329061363
1821,299.136234687168
1822,303.55491464547833
1823,308.0541259630205
1824,311.96843980928224
1825,316.3377684413695
1826,320.9988628067879
1827,325.589160787139
1828,330.1859519800549
1829,334.5132064293109
1830,338.4589906908368
1831,342.3634494281765
1832,346.2606147814801
1833,349.87353531453084
1834,353.10463855197196
1835,356.1231582969964
1836,359.0599442799511
1837,361.5234906356021
1838,363.6424658412806
1839,365.12441578568456
1840,366.11619430028804
1841,366.18506381506427
1842,365.60638051355966
1843,364.4525756087583
1844,363.1394421005009
1845,361.6744761290562
1846,359.7804322224915
1847,357.5123557498821
1848,355.2769684985316
1849,353.1709573074756
1850,351.52554141396007
1851,350.04621184187727
1852,348.44511184298256
1853,346.08251496152025
1854,342.65970414252376
1855,338.5880780356313
1856,334.44082458347975
1857,330.867091749909
1858,328.58310102892824
1859,328.1866877563129
1860,330.3769715837615
1861,335.43822498298925
1862,343.1436114312169
1863,353.27220178640255
1864,365.45133239698555
1865,379.52936562667804
1866,395.0154600984572
1867,412.16095332593505
1868,430.49028119996785
1869,449.5803019261315
1870,468.92323216053796
1871,487.77131704857516
1872,504.8495251169424
1873,519.7920354978703
1874,532.6242725615002
1875,543.4364873379764
1876,551.6196309349923
1877,557.5525990748292
1878,561.3671331597332
1879,563.862234519722
1880,565.4921465140739
1881,566.9101699491599
1882,567.5872347103026
1883,568.1774771859209
1884,568.7387859741583
1885,569.1753865913114
1886,568.9572613089699
1887,568.440119653497
1888,567.6816386196995
1889,566.8077521901529
1890,565.8923984098511
1891,565.3654756143421
1892,565.3724286659558
1893,566.0260729740504
1894,567.272538996728
1895,568.4847141998722
1896,568.8816199283947
1897,568.4523705965757
1898,568.2540808586898
1899,568.3309149583415
1900,569.0850400449547
1901,570.6199882686219
1902,573.0183425146224
1903,576.2107698480115
1904,580.510124021971
1905,586.3442800991775
1906,593.4480239410527
1907,601.1923763207919
1908,609.1687606364214
1909,616.9378666238442
1910,623.3357156290551
1911,628.2418843455613
1912,631.4459641606109
1913,632.8602135020019
1914,632.7519967158609
1915,631.5119540465787
1916,628.9361126445648
1917,625.5366983506419
1918,621.7711787697697
1919,617.9143495880257
1920,613.7734385312765
1921,609.7572319871498
1922,606.0189857631478
1923,602.8314032159315
1924,600.9264388074603
1925,600.6398739821468
1926,601.8863117327155
1927,604.1330867545083
1928,606.1663749985782
1929,607.5371817118482
1930,608.1349093479262
1931,607.2535912563492
1932,604.3904757703087
1933,599.509073243429
1934,593.2517452862483
1935,585.5640805294303
1936,576.7359102066214
1937,566.4419548963762
1938,557.4862137764628
1939,546.5647145693299
1940,533.9117557719298
1941,519.9281222987516
1942,505.65286233912127
1943,491.96679387488854
1944,478.64543078231304
1945,466.48004118358836
1946,456.4631709487383
1947,448.9973848426829
1948,443.74853506455054
1949,440.6778035788308
1950,438.6665752130499
1951,436.9977077188783
1952,435.4281818970744
1953,435.09695769776465
1954,436.30745985120257
1955,439.4400541674527
1956,444.06320984981807
1957,450.24958788985725
1958,457.3880968647832
1959,465.22065124496396
1960,473.39807287467465
1961,480.9258254921625
1962,487.18181663972393
1963,491.5352156479694
1964,493.8889909230849
1965,493.591744438119
1966,491.3236619382613
1967,487.9348194612455
1968,483.82478944453
1969,478.5481659962994
1970,473.15966212875736
1971,468.10129018481683
1972,463.9677815499474
1973,461.38738616787293
1974,460.39276127875644
1975,461.6465868041447
1976,465.22567519584106
1977,470.8918182854317
1978,477.83320650205417
1979,485.1226845074073
1980,493.3946310190376
1981,501.47158210986163
1982,510.09305153118635
1983,518.599831548299
1984,526.8251012809064
1985,534.6489902616732
1986,541.8717700257009
1987,547.5675001109048
1988,551.1231205409523
1989,552.9609093715655
1990,553.5253421168067
1991,553.480803727649
1992,553.6688818349301
1993,554.5613835318318
1994,555.6775726565544
1995,556.648657195063
1996,558.2078584118779
1997,560.056548622042
1998,562.0731372651956
1999,564.3083074551888
2000,566.0368737893475
2001,567.2692768888853
2002,568.5537461020913
2003,569.7433783927434
2004,571.1603069587056
2005,573.0772377279286
2006,575.5508263938943
2007,578.5682173501636
2008,581.8166776779312
2009,584.9739776148666
2010,587.1436270209508
2011,587.827068636815
2012,586.8923517917948
2013,584.4784718894821
2014,580.8226861612179
2015,575.4374507988167
2016,568.9431044396451
2017,561.8956944388598
2018,554.8711561757134
2019,547.8623212459823
2020,540.9908389669492
2021,534.5207423103345
2022,527.9889435512787
2023,521.5118464690757
2024,515.810471153604
2025,511.42164621822224
2026,507.41490257515676
2027,503.96826181778084
2028,501.07699828314423
2029,498.9546444622059
2030,497.377234978755
2031,496.45899458442597
2032,496.39419061907097
2033,497.11262151731137
2034,498.2898320818282
2035,499.7282254733988
2036,501.5655900033846
2037,502.9303128078898
2038,502.93678061323607
2039,501.38240592915224
2040,498.2578058525115
2041,493.7639344467675
2042,488.0567701594732
2043,481.29709709687336
2044,473.7811394198899
2045,464.9353536093507
2046,454.7566558465562
2047,443.34761879579236
2048,430.81022159454585
2049,417.80980710369386
2050,404.22415609708213
2051,390.7700146893238
2052,379.0649116645741
2053,367.11661954005035
2054,355.1260943911056
2055,343.20992316235794
2056,331.7397280356903
2057,320.95278383572895
2058,310.7344018591075
2059,300.3939826836602
2060,289.9617473732776
2061,279.38379681645466
2062,269.19044086602537
2063,259.7506596809401
2064,250.86804007036113
2065,242.26302600884935
2066,234.47208919850272
2067,228.09766132882007
2068,223.53959357955358
2069,220.92809505503288
2070,220.30101850672787
2071,221.75236451014
2072,225.716386400751
2073,231.94306948764017
2074,240.79194861665235
2075,252.27241141224056
2076,266.36504853737733
2077,283.30312094766543
2078,303.13338909205686
2079,325.4179772301576
2080,350.0291495364939
2081,376.7167419582469
2082,404.82397700748487
2083,433.0704430210905
2084,460.3477976740196
2085,486.27104573150956
2086,509.8387987509983
2087,530.2680118360827
2088,547.4585060368855
2089,561.3329947534091
2090,572.1403846952021
2091,579.4729868295127
2092,583.5637177618319
2093,584.7740866123333
2094,583.921475822711
2095,581.609714678734
2096,577.759402158242
2097,573.1327912803325
2098,568.4375544904896
2099,564.5948493232372
2100,562.3046312590012
2101,562.1739468889352
2102,564.007328083092
2103,567.3156691409117
2104,571.8678832123865
2105,577.7777895331576
2106,583.9592847459278
2107,589.7465619187835
2108,594.7778893919904
2109,599.1551442936805
2110,602.3763585069719
2111,604.5707008091424
2112,607.0969561845525
2113,610.7132315195997
2114,615.1131828757333
2115,620.2161237719162
2116,626.4004377824886
2117,633.240304925303
2118,640.8265582899287
2119,648.1371107534748
2120,655.1966041116629
2121,661.5461156912469
2122,668.0981095579647
2123,675.230501246942
2124,682.9840198085449
2125,690.3612758794279
2126,696.3052622764455
2127,699.9159020582446
2128,701.1861367475544
2129,700.2818511314988
2130,697.083930698418
2131,692.008067773288
2132,685.7434080217525
2133,678.7125322969662
2134,671.2597516721639
2135,662.8396170227152
2136,654.266739269081
2137,645.4867541853597
2138,637.4539671837117
2139,629.8923745974907
2140,622.7421961032189
2141,615.9101759365454
2142,609.2855695702544
2143,603.3456302118625
2144,597.3352173590963
2145,591.1831470896658
2146,584.5079202987986
2147,577.6399716647787
2148,570.5561094887266
2149,563.3148640791476
2150,555.9892945394772
2151,548.0287015005983
2152,539.5431159572031
2153,530.7434907699025
2154,522.0765853774492
2155,513.5062642262546
2156,505.8922989096784
2157,499.6661480005177
2158,495.14686978812585
2159,493.16434208792475
2160,493.1184081075654
2161,495.2426407036071
2162,498.9948564367669
2163,504.20213755162996
2164,509.7284025298186
2165,515.0793425196149
2166,519.7346603107376
2167,524.1584456881446
2168,528.3285876242965
2169,531.5720407707831
2170,533.805068070467
2171,534.9909564971194
2172,535.1753626746124
2173,534.4925943835688
2174,533.4299817225433
2175,532.253979340459
2176,530.3283162187365
2177,527.2643545075448
2178,522.8985679990299
2179,516.7515605583422
2180,509.2252371033885
2181,500.2845682373255
2182,490.46163209702877
2183,480.0884586463666
2184,469.52309419007395
2185,458.5696753045985
2186,446.5889073228029
2187,433.10954416227844
2188,418.45621481786696
2189,402.65137287977734
2190,386.0704404055419
2191,368.7461231979175
2192,351.01773126971864
2193,332.82789579975565
2194,314.40645214802737
2195,295.75592589708583
2196,277.0253229563521
2197,258.6931469114141
2198,240.97329682031767
2199,224.72425817738352
2200,210.21250249367554
2201,197.56455275396303
2202,187.7973542863715
2203,181.0780401298843
2204,177.68915793956216
2205,177.7775859799841
2206,181.65354969630596
2207,188.86689409987224
2208,199.12148274405286
2209,212.05515160546656
2210,227.4186574288317
2211,244.64931254276252
2212,264.1641059623021
2213,284.84785328553346
2214,306.1497330752193
2215,328.328362733763
2216,351.00924437457195
2217,373.62616054917595
2218,396.0213846307505
2219,417.753182364154
2220,438.30381518438423
2221,457.29036692342027
2222,474.9525706341019
2223,490.3186878623948
2224,504.7934182930999
2225,519.1050115721773
2226,533.3698191503001
2227,547.0482654165947
2228,560.3060148498394
2229,572.7944321131189
2230,584.1991532944791
2231,594.1227400040743
2232,602.4228635712293
2233,609.4789382076422
2234,615.0042324533982
2235,618.501413037208
2236,620.4675342754517
2237,620.6953623085354
2238,618.360323747686
2239,613.782761726465
2240,606.4444479303534
2241,596.1511670021064
2242,582.483532626437
2243,565.631681393758
2244,545.7867311343687
2245,523.726851745528
2246,499.8572552387353
2247,474.8090649868204
2248,449.09702726538455
2249,422.70120285796503
2250,396.0237404240814
2251,369.43096474138696
2252,343.49184810718316
2253,318.28872469566363
2254,294.59683970872356
2255,272.7171156436883
2256,252.689169706939
2257,235.29907658712955
2258,221.1653361463789
2259,210.29479880290413
2260,202.56530783197385
2261,198.5298885726304
2262,198.57559525587072
2263,202.44887935239194
2264,209.35128804863825
2265,219.1311154981365
2266,231.4138581269135
2267,245.7733422483251
2268,261.64211305669335
2269,278.46603630894805
2270,295.8188607320341
2271,313.05009548906105
2272,330.0445070508338
2273,346.3770680991881
2274,362.24827789505014
2275,376.7533870496708
2276,389.7894085438434
2277,401.12784456250836
2278,411.28741287122614
2279,420.56956404719836
2280,428.6450355702942
2281,436.9958623374458
2282,445.00498273414934
2283,453.39293217440667
2284,462.2119407009818
2285,471.64585898968124
2286,481.58684005857685
2287,491.4783779958118
2288,501.14755898071354
2289,510.4750266985667
2290,518.9392159101833
2291,526.0042991262794
2292,531.5106787819968
2293,535.271154103909
2294,537.3890983154711
2295,538.67429811747
2296,539.7075139405224
2297,540.9466343254294
2298,542.70709391688
2299,545.0656114107506
2300,547.7980564669008
2301,550.8354861109694
2302,553.5443047228244
2303,556.0107713330027
2304,558.7451413258792
2305,562.138614612259
2306,566.360804560031
2307,571.0822743019232
2308,576.7387069272436
2309,582.7850123531612
2310,589.1372072031229
2311,595.239933972241
2312,601.2050787213252
2313,606.3672493776631
2314,610.4926047514505
2315,613.3521309849668
2316,615.064688843429
2317,615.3868613107478
2318,614.9535067259579
2319,613.4773871730883
2320,611.2373091084457
2321,608.2849111150408
2322,604.8449914023488
2323,600.786128327435
2324,595.9707076083014
2325,590.1231746952444
2326,583.4700980114668
2327,575.8458177871435
2328,567.6873843476268
2329,559.3128535613062
2330,550.995949575832
2331,542.6565413133742
2332,534.3062201992435
2333,526.2136749632468
2334,518.0583910675886
2335,510.58645408897235
2336,503.9072168335424
2337,498.0962804213183
2338,492.7830229451855
2339,488.12966555537747
2340,484.3770093554497
2341,481.8522670477489
2342,480.4007204245013
2343,480.13304966852957
2344,480.8660659699252
2345,482.51658747834716
2346,485.0689423567702
2347,488.74864873565593
2348,492.8560174774089
2349,497.6712573967667
2350,503.18732129326554
2351,509.49557693151723
2352,516.077510938225
2353,523.1151644701586
2354,530.2696429529242
2355,537.5278079112659
2356,544.331895942192
2357,550.7634153072689
2358,556.7221779143447
2359,561.9843877101144
2360,566.693598528998
2361,570.764594040582
2362,574.5091135390685
2363,577.8150483572863
2364,580.5448365607458
2365,582.2868642724354
2366,583.2535397775121
2367,583.755756278561
2368,584.3678861667017
2369,585.2485612615116
2370,586.225854700366
2371,587.2206133219846
2372,588.5793586084326
2373,590.4145903084204
2374,592.6696637845236
2375,595.714500756749
2376,599.4980814882474
2377,603.4460046658426
2378,607.4364829345573
2379,611.396963363202
2380,615.0102861570834
2381,618.0021051988613
2382,620.6830902116052
2383,622.5828972596732
2384,623.4084305935012
2385,623.0642175376827
2386,621.5412766035827
2387,619.4484040674281
2388,616.836912854937
2389,613.8636637888762
2390,610.3315422807871
2391,606.2673876631923
2392,601.7337399765759
2393,596.4500025121008
2394,591.8531509180074
2395,586.156564439015
2396,579.6833522492598
2397,572.6447286429154
2398,565.5134282567878
2399,558.1806066242316
2400,550.8009513322903
2401,543.443359361303
2402,536.1246745724834
2403,529.4434852161874
2404,523.285799215665
2405,517.6226907492653
2406,512.2662933173273
2407,507.2539134446964
2408,502.45227290348816
2409,497.7391550975018
2410,493.2734973633605
2411,488.8219186457056
2412,484.41499408499914
2413,480.6253803179223
2414,477.27864505228706
2415,474.3587699045736
2416,471.9082352009199
2417,470.3679222921769
2418,469.7145370961674
2419,469.5528221239724
2420,469.63381929413276
2421,470.0860402217762
2422,471.4143683194841
2423,473.34114855168593
2424,475.9608266358804
2425,478.693066828612
2426,481.3491340411389
2427,483.0184446336457
2428,482.9929336752374
2429,480.861569482858
2430,476.1841043355089
2431,469.2297293979057
2432,460.45289796745755
2433,450.2231227599178
2434,438.8510060587506
2435,426.5103830318119
2436,413.2838850635808
2437,399.33013446977697
2438,384.7032578458908
2439,369.6683283071449
2440,354.7449478286881
2441,340.5722673514103
2442,327.9143451456172
2443,317.5837728459153
2444,310.37710789650976
2445,306.3063896295085
2446,305.1515347525567
2447,306.6812420097584
2448,310.44155561275926
2449,316.08535948661154
2450,323.49002606803634
2451,329.93208599387594
2452,337.7864282371313
2453,346.4855417753256
2454,355.86326401814944
2455,365.63437569788675
2456,375.8040297270395
2457,386.1410705533548
2458,396.3765930025403
2459,406.2846171630394
2460,415.8595323959381
2461,425.1721173431533
2462,434.0036164390711
2463,442.8104216695623
2464,451.61537276229194
2465,460.6917722627856
2466,469.8411441659174
2467,479.1560293098463
2468,488.6228722594689
2469,498.09953474657607
2470,507.96748474548764
2471,518.258083459488
2472,528.9942730302096
2473,540.1109418807655
2474,551.6120969315796
2475,563.4597447942514
2476,575.6136903677404
2477,587.6564399654823
2478,599.5813390088772
2479,611.3223406899317
2480,622.8395730912773
2481,633.9402989688142
2482,644.3507391509136
2483,653.1342284193681
2484,659.5402661402106
2485,663.3200918768621
2486,664.0672755375456
2487,661.4086389761902
2488,655.1255582971021
2489,645.7432089115773
2490,632.9677330138677
2491,617.6888055719313
2492,600.0419493923871
2493,580.5655514996272
2494,558.3754797672394
2495,533.8643592075375
2496,507.6894998903681
2497,480.64681334314344
2498,453.7228056212225
2499,427.69084869266715
2500,402.8658576679152
2501,380.077491332224
2502,358.9362640064736
2503,340.40512418654555
2504,323.46836076447664
2505,307.9914832322536
2506,294.09031608283703
2507,282.4810638661989
2508,272.3810144377237
2509,264.63694745774353
2510,259.4599801469305
2511,257.5052026768583
2512,258.9039983263728
2513,263.93398851138863
2514,271.72868565718346
2515,283.16436876407244
2516,297.43855017948823
2517,314.37807263620687
2518,334.058573426532
2519,355.4149846954303
2520,377.7517492192168
2521,400.0390450675713
2522,421.70096874392925
2523,442.7971585989918
2524,463.1574937496995
2525,481.6773144176266
2526,498.9441431992858
2527,515.2865651001457
2528,530.8410226753087
2529,545.8390858017063
2530,559.9216164034378
2531,571.6992019752652
2532,580.7363847818533
2533,587.0868804503813
2534,590.9424738275956
2535,592.0572901739458
2536,591.2992315477348
2537,589.2341996669894
2538,585.4154769694999
2539,579.7812642582709
2540,573.5665087100433
2541,566.1961742699839
2542,557.7772888459601
2543,548.9588249712533
2544,540.2203988766801
2545,531.8358250032961
2546,524.4434784266671
2547,518.478506930908
2548,513.62656718275
2549,509.64810792578953
2550,507.0583100588283
2551,506.20064148567326
2552,507.731667733726
2553,510.88359622133356
2554,514.8367303745872
2555,518.7635107209712
2556,522.7704406405713
2557,526.3650514828405
2558,528.59428773744
2559,529.8468685276346
2560,529.4879534535953
2561,529.0060009808385
2562,528.5309158778405
2563,528.7752322353776
2564,529.2537672297259
2565,529.6700926748091
2566,530.0473557312328
2567,529.9475233777623
2568,528.6045881166452
2569,526.7247767857575
2570,524.3727470377944
2571,521.3243039256678
2572,517.4224922747196
2573,513.3155554722053
2574,509.2771859982523
2575,505.52724424230337
2576,502.69811679958275
2577,500.398293857653
2578,498.56167664293423
2579,496.9967453184761
2580,495.8961945578379
2581,495.3601519399392
2582,495.4642458289188
2583,496.0278882718227
2584,497.5624045371802
2585,500.5766784095707
2586,504.7365863629576
2587,509.47754942124607
2588,513.9752190751412
2589,517.2345567749295
2590,518.9131712201402
2591,519.0937348934319
2592,518.4352712350528
2593,516.8801831027911
2594,514.8117765657848
2595,511.5816139048013
2596,507.35880436842126
2597,501.7620665067385
2598,494.9742307190387
2599,486.7480336497465
2600,477.4357572088055
2601,467.0452768822495
2602,455.89789521185236
2603,444.6013920470913
2604,433.70938879861546
2605,423.4722694126355
2606,414.39475249176894
2607,406.43437715042927
2608,399.2823201114451
2609,392.7679668874578
2610,386.96807800492036
2611,381.88851655205065
2612,377.5222894204033
2613,374.24073817062305
2614,371.7482294596946
2615,369.72183109462264
2616,368.0010743630632
2617,366.94390872476674
2618,366.3075346573238
2619,365.7674496338368
2620,365.01264865944904
2621,363.72249567409256
2622,362.6000625768324
2623,360.8434569642806
2624,358.7317244588776
2625,356.445416041748
2626,353.9702069979888
2627,351.8584763200573
2628,350.3269664020157
2629,349.45456651349787
2630,348.84189688734386
2631,349.13231665299963
2632,350.31336802227054
2633,352.8635637344322
2634,355.89317894321243
2635,359.5485921672038
2636,363.4409237744825
2637,368.09108011114074
2638,373.09459708632824
2639,378.63535292052313
2640,384.62626896872064
2641,391.33615737469904
2642,399.4400015353268
2643,408.69689220882015
2644,419.0940570823791
2645,430.0580734559892
2646,441.2557854239756
2647,452.59682975133774
2648,464.1715710893265
2649,475.2938090262032
2650,486.12956959989083
2651,496.28043424620284
2652,506.11738305330925
2653,516.0233644903054
2654,525.7279715130112
2655,535.2471516842495
2656,544.5363422428405
2657,553.7359866592851
2658,563.3596612033385
2659,573.6222810333077
2660,584.741019264239
2661,596.7062834372202
2662,609.443840752769
2663,622.2112045184356
2664,634.7121497064059
2665,646.4280292916892
2666,656.9586594944687
2667,665.7908234344256
2668,672.5629690789945
2669,676.5942863573185
2670,677.8631953318757
2671,676.0448426299627
2672,671.252801477569
2673,663.0915265748769
2674,651.3861589220123
2675,636.8564578906925
2676,619.5957555098593
2677,600.4023367307209
2678,579.9972368808017
2679,562.2448000113719
2680,542.698185061596
2681,521.7713805942099
2682,500.0065377625313
2683,477.56607170069753
2684,454.3472787003768
2685,430.6453307926396
2686,406.70706171472915
2687,382.297148979608
2688,357.84034603788115
2689,334.0276636755425
2690,311.2388844686134
2691,289.42367331767286
2692,268.6944273534261
2693,248.98853976903544
2694,230.55663928443283
2695,213.8828500203262
2696,199.2996791113314
2697,186.99358119972405
2698,177.024229681767
2699,169.284055712885
2700,163.90750643908882
2701,161.28006622738215
2702,160.8783735777721
2703,162.6779597847218
2704,166.5325260943423
2705,172.2087239248859
2706,179.79920460453096
2707,189.33040195062716
2708,200.65944171107503
2709,213.88357470217403
2710,228.84468250883322
2711,244.80897228944957
2712,261.1512672848148
2713,277.2016653307255
2714,292.4876750405591
2715,306.36392856191185
2716,318.62055172910266
2717,329.69193356690687
2718,339.866015775297
2719,349.39048359782737
2720,358.25709343962114
2721,366.3691623174622
2722,373.17315006308297
2723,378.5196816049541
2724,382.4506078656683
2725,385.1313168146066
2726,386.7487992588683
2727,387.59100410252427
2728,388.26801998594726
2729,388.9970986435722
2730,389.7029852337656
2731,390.1427039903018
2732,390.13870594237386
2733,389.39830878576254
2734,387.82361779318217
2735,385.44701063206344
2736,383.37936240189015
2737,380.6312836328588
2738,376.9766194753129
2739,372.5768667427064
2740,368.0787042719295
2741,363.82484480049766
2742,360.5866646524756
2743,358.97999576771133
2744,359.51337283496275
2745,362.16093955090435
2746,366.8047761041795
2747,373.725654709826
2748,382.7988346094051
2749,393.4870660626993
2750,405.37862505162025
2751,418.6945301288087
2752,433.4326932817349
2753,449.984698664764
2754,467.76178260437825
2755,486.4243871495789
2756,505.1818848966417
2757,523.3927317178074
2758,540.1889070277459
2759,555.5781255771028
2760,570.0352316196852
2761,583.658441224396
2762,596.7355247854453
2763,609.016517511938
2764,620.5161669396473
2765,630.9112095210189
2766,640.0303243846217
2767,647.4974533095115
2768,653.285690553194
2769,657.5726355084284
2770,660.9229266577557
2771,663.7233103869175
2772,666.3027933527721
2773,669.4144120473311
2774,672.6536194989598
2775,675.7225723993779
2776,678.7368498457647
2777,681.909943635311
2778,684.9736750075035
2779,687.7156352680262
2780,690.159465612327
2781,692.3704676538775
2782,694.3630501902499
2783,696.4409761260647
2784,698.6586255360417
2785,700.6415540113603
2786,702.4837803533892
2787,704.4241982569799
2788,705.6713710790348
2789,705.9190516314875
2790,705.4121968279342
2791,704.0672067782772
2792,702.1967487497125
2793,700.5694502648613
2794,697.8034620848101
2795,694.0485301438437
2796,689.6054480205308
2797,684.6620343107311
2798,679.3707063078707
2799,673.7502439686316
2800,667.4462500584216
2801,660.5057665614195
2802,653.5399527653092
2803,646.8268839585054
2804,640.011626273762
2805,632.8344005556698
2806,625.7011533960363
2807,618.3576508150786
2808,610.4115136147359
2809,601.924521357183
2810,592.9464256492225
2811,583.6484461988007
2812,574.1947815189134
2813,564.2766095118845
2814,553.8048211144364
2815,543.1773176710002
2816,533.1739149288973
2817,523.398297237113
2818,513.4865696935091
2819,504.3646415217976
2820,496.7869160389038
2821,491.4544834182153
2822,488.6843856288125
2823,488.09207760398203
2824,489.58973886821036
2825,492.8856510533619
2826,498.2341384648603
2827,505.8518431268085
2828,515.1877406453732
2829,525.8346702475868
2830,537.7807145472293
2831,551.0120522155773
2832,565.052112274257
2833,579.1527016336952
2834,592.7897799109219
2835,605.145168924047
2836,615.1546767334983
2837,622.9509056521659
2838,628.5330240457143
2839,632.2136994138366
2840,634.6166052407558
2841,636.134991209629
2842,636.6417235895779
2843,636.0891679670449
2844,634.7643153909639
2845,632.4860283125607
2846,629.532896689074
2847,626.3774368002224
2848,623.522421800306
2849,621.167861696047
2850,619.1193944053416
2851,617.3177619018685
2852,615.5740542262618
2853,613.3513666271431
2854,610.3555410951333
2855,605.9164194430268
2856,599.1804984844501
2857,590.2965310235409
2858,579.2467858552658
2859,566.1916318882081
2860,552.2664828046032
2861,537.7713228903684
2862,523.0031431969232
2863,507.73133547497264
2864,492.4256833502262
2865,477.43744181997795
2866,463.30178093067116
2867,450.18038824516196
2868,438.310200460364
2869,426.99132650352874
2870,416.9106876003501
2871,408.0973206862527
2872,400.34169392237976
2873,393.0636144463152
2874,385.7699567704393
2875,377.6314068333782
2876,368.6880360953176
2877,359.10790292817785
2878,348.7225677634425
2879,336.9575377994315
2880,323.6621537553432
2881,309.0728062651983
2882,293.3635110395977
2883,277.252729749237
2884,261.1334291229575
2885,245.6057804539472
2886,231.5347173025499
2887,219.31098593450344
2888,208.62178440886703
2889,199.74259179717853
2890,192.62738189029835
2891,187.30400848591717
2892,183.65553188086267
2893,181.73223457178938
2894,181.66762513993592
2895,183.0138238413411
2896,185.45158987286
2897,188.74060612975885
2898,192.76061474542314
2899,197.3479209862406
2900,202.3048226742941
2901,207.52445767500706
2902,213.13189641125405
2903,220.14432850903626
2904,228.50177686653018
2905,238.33071645872093
2906,249.63998378589017
2907,259.47904636052743
2908,271.3591481479058
2909,284.91888037287606
2910,299.919539303191
2911,316.0406570975264
2912,333.31163798863565
2913,351.0643893682668
2914,369.1368279854178
2915,387.7333376751312
2916,406.6425475451795
2917,425.3602965169126
2918,443.3920619670013
2919,460.630865384761
2920,476.73348299779377
2921,491.45888220672407
2922,504.4544042373966
2923,515.2321892006274
2924,523.7723125356188
2925,530.6725325702693
2926,536.3329248196449
2927,540.9692489427051
2928,545.0467891238886
2929,548.381674703967
2930,551.2288570618638
2931,553.9958248214072
2932,556.7056094637571
2933,559.1996635057842
2934,560.642929664926
2935,561.6334354347248
2936,562.8827097537137
2937,564.5519118402776
2938,566.4822062480935
2939,568.2139033346232
2940,569.1737932536514
2941,569.3092829423817
2942,568.2362969140733
2943,565.8992016149016
2944,562.2357283533087
2945,556.9988674460567
2946,550.0601781187127
2947,541.448937360919
2948,531.480974990694
2949,520.4720163869736
2950,508.68875226506594
2951,496.5653811777113
2952,484.79236490777237
2953,473.50510003957504
2954,463.0526827169781
2955,453.74878701908744
2956,445.7203123088316
2957,439.0493223781928
2958,433.8637676638493
2959,430.4839626861815
2960,429.255235623845
2961,430.0272249028079
2962,432.9767586536361
2963,438.0806320851208
2964,442.52100197051243
2965,448.34610086430234
2966,455.02420210711006
2967,461.80957325758754
2968,468.28497276897724
2969,474.12552402662016
2970,479.4376964996601
2971,483.72987660395376
2972,487.41615331762955
2973,490.56483081408805
2974,493.5153715265934
2975,495.9909726918089
2976,498.11944594067756
2977,499.9392954112134
2978,501.4843056096888
2979,502.30910736442604
2980,503.1098004483458
2981,503.73022024561305
2982,504.7171687439628
2983,505.93597052248566
2984,507.4568593611751
2985,509.7409770213561
2986,512.3845859662383
2987,515.4490547933242
2988,519.0335573119928
2989,523.128571383692
2990,527.8970777898462
2991,533.1748408048879
2992,538.5440966336494
2993,542.9496743841936
2994,545.6905495011893
2995,546.3677159513977
2996,545.0821797347995
2997,542.561921675798
2998,539.0279420126938
2999,534.8311780456527
3000,530.230047335925
3001,525.3185940629936
3002,520.1051654114907
3003,514.2679395111109
3004,507.72013829470507
3005,500.8000208194828
3006,493.592755452911
3007,486.4977997813332
3008,479.59880704001745
3009,473.3176716746164
3010,467.84447145390186
3011,463.37585428704926
3012,460.2779567241215
3013,458.4166635526113
3014,458.22359123962406
3015,459.44936654698
3016,462.33297249778946
3017,466.8793410246442
3018,473.3166478229622
3019,481.8312073434653
3020,492.31849811636454
3021,501.44244108878684
3022,512.9076214301348
3023,526.7420183312797
3024,542.2988061141689
3025,558.728133889605
3026,575.0073194945237
3027,590.1755944468016
3028,603.5416340768013
3029,614.6130245799969
3030,622.6270400620278
3031,627.6425211674562
3032,629.446495122661
3033,628.3091017882143
3034,624.1602486705626
3035,617.4146845222484
3036,608.2731435849175
3037,596.5488818381218
3038,581.9853838013253
3039,565.50268938105
3040,548.0349893162821
3041,530.1551275514748
3042,512.6784906128855
3043,495.64715750035964
3044,479.70016058093296
3045,465.17433012288205
3046,452.00804850838136
3047,439.7449527032565
3048,428.07164246812204
3049,416.23522858369955
3050,404.0011152631704
3051,391.56744285451407
3052,379.09823771896606
3053,367.2399937569148
3054,356.29481461393163
3055,346.8504180343007
3056,338.88245799908645
3057,332.6840995239776
3058,328.41500719164367
3059,325.3021241787462
3060,323.7518733750352
3061,323.51331505773067
3062,324.58843120062136
3063,326.5495799842032
3064,329.6402391510602
3065,333.8040841684011
3066,338.5345375243818
3067,344.2201916185762
3068,350.1317740379079
3069,355.8854261258052
3070,361.4401674849061
3071,365.71113901414424
3072,368.66525582301864
3073,370.4943023709952
3074,371.6264943394998
3075,371.54471961244064
3076,370.10781697153163
3077,368.12298806333956
3078,366.3961869132124
3079,364.557008721495
3080,362.75301890367416
3081,360.5539626745268
3082,358.7659001025041
3083,357.03668280417617
3084,355.5624581441901
3085,354.0032113975749
3086,352.61535908092725
3087,350.855542643721
3088,348.9696997547533
3089,347.80223089600963
3090,347.4244286151041
3091,347.9928945206076
3092,349.0050696941541
3093,351.24048401280345
3094,354.81713196613765
3095,359.8697789387312
3096,366.1666795604467
3097,374.0977587378587
3098,383.70725374124913
3099,395.0954924574397
3100,408.5737298117373
3101,423.2470563700266
3102,438.39915234805096
3103,453.42237986088116
3104,467.323327552998
3105,479.7427737801987
3106,490.80491521436363
3107,500.706603748331
3108,508.9170677451916
3109,516.0500940600137
3110,521.5388649404927
3111,524.7935101522332
3112,525.436165714876
3113,523.8501248567034
3114,520.1429011516598
3115,513.8223116566279
3116,505.0968775197954
3117,493.8193309025057
3118,480.70992019706506
3119,466.7853871841888
3120,453.1378487420827
3121,440.0594078622679
3122,427.4692862054309
3123,415.63577968887773
3124,404.58691699165365
3125,394.3349212985047
3126,384.4057755941892
3127,374.70135489463655
3128,364.90965055213553
3129,354.9895617206728
3130,344.9811740914935
3131,335.0978654412756
3132,326.1000316124039
3133,317.60410026129057
3134,309.7513213423396
3135,302.9194036828523
3136,296.4781186969018
3137,290.948388966911
3138,286.026077339169
3139,281.31492521889913
3140,276.633246965902
3141,272.8154370199434
3142,269.7496468988031
3143,267.12506529935274
3144,265.6020695608378
3145,264.73844203532485
3146,264.845867767359
3147,265.79594819653954
3148,267.46771459796895
3149,270.11536299184786
3150,273.3253892607902
3151,276.82279390681555
3152,280.01894051387336
3153,282.9948705652754
3154,285.5816131184569
3155,287.5724546463463
3156,288.8085795728312
3157,289.09894048208184
3158,288.19583314692636
3159,286.09958509896455
3160,283.2582882389761
3161,280.08412693127275
3162,276.5619734969125
3163,272.66985409548715
3164,268.64877468192657
3165,265.5249502247169
3166,263.22361801285047
3167,261.8210604330435
3168,261.1538671955948
3169,260.734378412896
3170,260.88572304964976
3171,261.30381486371556
3172,262.10437396710034
3173,262.77367280959976
3174,263.0217277760236
3175,263.20749844911484
3176,263.4097181456213
3177,263.6215010084269
3178,263.8871179837018
3179,264.7950247123472
3180,266.5759511948993
3181,269.22976252707576
3182,272.7251637202759
3183,276.8271090228313
3184,281.2581911114288
3185,285.7455465346416
3186,289.51199488986464
3187,292.5218302487591
3188,294.67148762442673
3189,296.484912683271
3190,297.940289759997
3191,299.18940518896113
3192,300.2761356121599
3193,302.13082301847976
3194,304.2530883903745
3195,306.9023703467631
3196,309.55247063698744
3197,312.2170297644358
3198,314.75123971559753
3199,317.7698574225714
3200,321.4536643511522
3201,325.762185760163
3202,330.95180556673495
3203,337.0143239728426
3204,344.31489732183763
3205,353.37341209835137
3206,364.14676890592307
3207,375.91406483943854
3208,388.43523668949365
3209,400.74628310565726
3210,412.6361007133204
3211,424.2126344104029
3212,434.93871587371643
3213,444.3845740604874
3214,452.9240414952051
3215,460.11173484884273
3216,466.2906973870166
3217,471.06536333827194
3218,474.1115000962097
3219,475.9203820229742
3220,477.3122665170872
3221,479.07380559368175
3222,481.277721150465
3223,483.6313097117609
3224,486.07246306104605
3225,489.3684358909204
3226,493.2539297185905
3227,496.6430941914433
3228,499.14299229513085
3229,500.95264327295763
3230,502.0976025330108
3231,502.34360546849723
3232,501.74508170601626
3233,500.30284398177184
3234,497.88221060605963
3235,494.12297588956187
3236,488.90678170297986
3237,481.81796804042415
3238,472.79549725340274
3239,462.3896000326256
3240,450.90956627037633
3241,438.43488624173244
3242,425.5280250956397
3243,412.52475577393
3244,399.00724039058684
3245,385.9168793598319
3246,373.2539204160438
3247,360.64005503970014
3248,348.0489729747647
3249,337.09473157827085
3250,326.17341815874164
3251,315.2683623684587
3252,304.58526136166597
3253,294.97231300072207
3254,286.07784949689346
3255,277.18417760632997
3256,269.19956066889597
3257,261.8239267813574
3258,255.2119455125083
3259,249.21342103799935
3260,243.8236454001031
3261,239.22433142771655
3262,235.90432606585054
3263,234.34530012507065
3264,235.32533616232917
3265,238.69589522029435
3266,244.77767928783203
3267,253.14004465651067
3268,263.0917406083431
3269,274.92690881002716
3270,287.71224349263264
3271,301.1101469828021
3272,314.42144770267475
3273,327.83961970788977
3274,340.880611820047
3275,354.44817813743475
3276,368.1356272648596
3277,382.5613995146777
3278,397.1660771569611
3279,412.0678939586095
3280,426.5467169090765
3281,440.4787261072067
3282,453.0416300632131
3283,463.940306348253
3284,472.69044565985104
3285,479.6827289091808
3286,484.480926060905
3287,487.1167183037013
3288,487.7294133182026
3289,486.19716719264375
3290,482.7723671268508
3291,477.2394443686821
3292,470.15275430244844
3293,461.3351192472413
3294,451.5896270382242
3295,441.0791793481193
3296,430.058992159887
3297,419.2175651117908
3298,408.9983563668284
3299,399.8774153622321
3300,392.049294467175
3301,385.95325057938464
3302,381.7348368488135
3303,380.00757902901205
3304,380.8497680297957
3305,384.1485660068016
3306,387.0185202467967
3307,392.2713566433001
3308,399.1749497174852
3309,407.210872906719
3310,416.0900922636688
3311,426.2169923676273
3312,437.9625909520412
3313,450.8114435425817
3314,465.1583043612302
3315,480.54870461747157
3316,496.20170663438364
3317,511.64442139647934
3318,526.4089634044553
3319,540.8191300275312
3320,554.8477010856475
3321,568.2863717130446
3322,580.7065422181577
3323,592.0817830191606
3324,603.1663908823803
3325,614.081679043746
3326,624.8932705042255
3327,635.5056445660862
3328,645.57224854745
3329,654.8560719411313
3330,663.3189063228413
3331,671.3055527434669
3332,678.3504519381545
3333,684.4618412777659
3334,690.0167572837958
3335,695.1107994969343
3336,699.36621669844
3337,702.768489379724
3338,704.3451026081163
3339,703.4064370655582
3340,699.344383909081
3341,692.0393092467089
3342,681.0440692580046
3343,666.6637912195434
3344,649.7654181985085
3345,630.0759560547847
3346,608.4424762764628
3347,584.9276654495904
3348,560.6021345048575
3349,535.1905395286792
3350,508.3897035689629
3351,480.8496009442777
3352,453.445937912837
3353,426.8205229465402
3354,401.6995017464855
3355,378.67927477784707
3356,358.3162034211647
3357,340.4612693441845
3358,325.23558665457676
3359,312.94842916842254
3360,303.32313390199397
3361,296.1014993702857
3362,290.66924159764767
3363,285.9431773354527
3364,283.27338398949206
3365,281.8816209414038
3366,281.7525838213396
3367,282.27191483497074
3368,282.09410069661004
3369,281.83056360271473
3370,281.7789491309466
3371,282.1747569896966
3372,282.56266570974105
3373,284.0751684215844
3374,286.63050343702525
3375,290.1771601766056
3376,295.39480716519654
3377,302.3250033645579
3378,310.47491216911556
3379,319.4009759346503
3380,328.78934701251467
3381,337.7347704387091
3382,346.63921918203164
3383,354.98180564481663
3384,362.9283042898701
3385,369.1919504444778
3386,373.44463874256286
3387,376.3168809105897
3388,378.1713908460802
3389,378.24776908198567
3390,376.5725139522069
3391,373.3233641710722
3392,368.70155549935544
3393,362.40304457486513
3394,355.18340078114534
3395,347.7356183622951
3396,339.68576581632027
3397,331.25586033750415
3398,323.0091819782388
3399,316.01733545168446
3400,310.2489982724547
3401,305.70606945768634
3402,301.69686015292035
3403,297.56725284742754
3404,292.5767489034747
3405,286.89039337967654
3406,280.3131318940108
3407,273.26887167951804
3408,265.6811089754244
3409,257.9698676999288
3410,250.58833443458963
3411,243.68456615034188
3412,237.38760185881603
3413,231.8419616540683
3414,226.59086662328846
3415,221.15348982831566
3416,215.47360412172264
3417,209.46841461362678
3418,203.28768645309893
3419,197.49774602175088
3420,192.46049784647806
3421,188.20320138688894
3422,184.6561099110699
3423,182.08094835230543
3424,181.23717078751025
3425,182.16459386277296
3426,184.81699715591023
3427,188.89444250159903
3428,194.53002856279707
3429,201.89741242564878
3430,211.5769548933917
3431,223.9011629493445
3432,239.5434578000917
3433,258.2935799651064
3434,279.7895275122183
3435,303.52648900392757
3436,329.646102730547
3437,357.0304354301859
3438,385.40136848497536
3439,413.7254995551689
3440,441.59676193081646
3441,469.1238176544375
3442,496.3355751043929
3443,523.1268582788305
3444,548.7250937834965
3445,572.5232641749571
3446,593.4312332895936
3447,611.2842873131335
3448,625.417148290967
3449,636.1158615646576
3450,643.6369408514438
3451,648.3552885361639
3452,650.453911662271
3453,649.492579015404
3454,645.0448922435257
3455,637.2929115283811
3456,626.3676513837687
3457,612.1716714128054
3458,595.7464944584672
3459,576.952069726233
3460,556.5999429908817
3461,534.9253041668148
3462,512.8334552640104
3463,490.8014958023143
3464,468.63453604684634
3465,447.1463330578481
3466,426.39104125727454
3467,406.45061199090065
3468,387.9224701254918
3469,371.3299120986325
3470,357.3337605702516
3471,345.69333176223626
3472,336.900070321331
3473,331.02263658769436
3474,327.91931237837764
3475,327.26674984014494
3476,328.4973350898648
3477,329.5679442571211
3478,332.3623639738174
3479,336.7209453784765
3480,342.4650060710794
3481,349.43147304070965
3482,357.6254473251398
3483,366.8429722254447
3484,376.9395679938134
3485,388.2291788245989
3486,400.14925096501327
3487,412.6894877762442
3488,425.296649284323
3489,438.3467832612648
3490,451.37595493723825
3491,463.88624877060454
3492,475.2042997517418
3493,484.5864567177001
3494,492.169178252037
3495,498.10598382044407
3496,502.29807465429604
3497,504.8123630483701
3498,505.4455127203465
3499,504.2052311980127
3500,501.06417889277276
3501,496.2937617167714
3502,490.4298176466611
3503,483.3760491602423
3504,475.87645605209485
3505,468.5268268802032
3506,461.2659214239657
3507,454.169192122037
3508,446.62364163969573
3509,438.70208624805196
3510,430.1052456945195
3511,420.9319178497375
3512,411.2217755002038
3513,400.77585053022176
3514,390.2159097927308
3515,380.3840782283921
3516,371.66073582828585
3517,364.0225064647733
3518,357.3694066578049
3519,351.54957932942773
3520,346.4372032250361
3521,341.53072071988106
3522,337.73228661324936
3523,334.9017098073484
3524,333.5443367230416
3525,334.01604101416626
3526,337.44197604547355
3527,344.26758385505525
3528,354.1389904614473
3529,366.9286109003524
3530,381.72982637611335
3531,398.44901816165316
3532,416.9261842410772
3533,437.2518230918676
3534,454.9351288920552
3535,474.21645874824617
3536,494.26836550824794
3537,515.15992004295
3538,535.7017928989474
3539,555.1610787958047
3540,573.1140254433105
3541,589.0443975745562
3542,603.1341263903894
3543,614.9287844122424
3544,625.5647291721954
3545,634.3579284666015
3546,640.9939757543661
3547,646.4331488687151
3548,650.4929823477137
3549,653.3911815537381
3550,654.4064978138003
3551,653.8661085478866
3552,651.7055949300677
3553,647.6971972664232
3554,641.4469419618906
3555,633.6206243394765
3556,623.6839867987753
3557,611.2600396822787
3558,595.9824497046251
3559,578.5135291131686
3560,559.4603330123648
3561,539.7007245713303
3562,519.3419187524332
3563,499.1553493761629
3564,479.3676232247573
3565,461.17964428947624
3566,443.9505891717233
3567,429.06138594966
3568,417.1408456214876
3569,408.1903486390896
3570,402.3820869131513
3571,400.0238103565948
3572,400.93745049566223
3573,404.66018563809587
3574,410.63800480965153
3575,418.37403363525243
3576,427.10034431096085
3577,437.66712409379886
3578,450.2379702693993
3579,463.6480787584091
3580,478.0442268894013
3581,491.74854019099564
3582,504.5390085239767
3583,515.1487814139683
3584,523.4092366819812
3585,529.1232100844854
3586,532.0312515980063
3587,532.5221972827452
3588,531.2092283933455
3589,528.6613249735924
3590,525.0079764119034
3591,521.829563163234
3592,517.7543851191155
3593,512.7311106197342
3594,507.05700098072157
3595,500.8749581174748
3596,494.6643979788136
3597,488.3377983209204
3598,482.14667884091944
3599,475.94302611096714
3600,469.43677397514875
3601,462.6338501715373
3602,455.8403134701281
3603,448.79470819173207
3604,441.03872111254066
3605,432.8342483675334
3606,424.1213992228495
3607,415.13649648109157
3608,405.7209983857176
3609,395.82845912252924
3610,385.5677613923808
3611,374.8807224381086
3612,363.68794707198697
3613,352.0498823670909
3614,339.68614036824886
3615,326.62051224869003
3616,313.1830847494251
3617,299.3051724742553
3618,285.47221031406457
3619,271.6728508825105
3620,257.7529661535299
3621,243.94343972719687
3622,230.60428386894122
3623,218.7032553483017
3624,209.2586297280743
3625,202.79813973528053
3626,199.72575056776463
3627,200.52116118282973
3628,205.15663525405088
3629,213.28978539512886
3630,224.58394974111474
3631,238.57364519354968
3632,254.92189665246977
3633,273.0648006313004
3634,293.48807508408106
3635,316.0558278337843
3636,339.59231693941433
3637,363.02104288687553
3638,385.40793968327944
3639,405.99741038190143
3640,423.6100916521771
3641,437.7239378334735
3642,448.4061400126849
3643,455.43522548607496
3644,459.50480573934317
3645,461.3278320329786
3646,461.7112181768557
3647,460.7506777605022
3648,459.91500759827454
3649,458.08649827194955
3650,455.1752438782705
3651,451.56633004801927
3652,447.5134715489744
3653,443.54260300726224
3654,440.27035072641064
3655,438.3376113630082
3656,438.3668635953745
3657,440.3921835795119
3658,443.8746825939021
3659,448.2503502942106
3660,452.98308291486103
3661,457.67083656296273
3662,462.00791271855496
3663,466.45444756306966
3664,470.53449380237555
3665,474.6450897341376
3666,478.76601741559637
3667,482.51182355675104
3668,485.9803361480223
3669,489.3212948306885
3670,491.9858693900517
3671,493.3616067382929
3672,493.4846138930815
3673,492.0461885848139
3674,489.6970887440607
3675,486.58357177272524
3676,483.2240177657765
3677,479.5648781424185
3678,476.0880353222733
3679,473.33499023493283
3680,471.7205043525073
3681,471.23313327597566
3682,471.597449333055
3683,473.3223666187588
3684,476.13632250101784
3685,479.8525997744499
3686,484.7610553001833
3687,491.54513240809626
3688,500.1105615876352
3689,510.13935429586536
3690,521.4538638983072
3691,533.7045888663481
3692,546.6733998870143
3693,560.0800396540997
3694,574.0858366806847
3695,588.2103069023931
3696,601.9134728914014
3697,615.4341603939862
3698,628.5991759097601
3699,641.2015798052901
3700,652.8482427029782
3701,663.5621182240831
3702,673.5650014378975
3703,682.8925265268857
3704,691.0061458950784
3705,698.064994745406
3706,704.3759738332062
3707,709.7909327913751
3708,713.917850417427
3709,717.2152144055921
3710,719.7718804458198
3711,721.073311936545
3712,721.5275687232382
3713,721.2345195564737
3714,720.3115823535502
3715,718.6033672006608
3716,716.5110855824205
3717,713.892629726658
3718,710.3440637904823
3719,705.8801222473376
3720,700.5072342137031
3721,694.3778123102813
3722,687.0293343811913
3723,678.2344639801233
3724,667.5811169464121
3725,654.7473188690481
3726,640.4046659639165
3727,624.6587372968881
3728,607.5606637093979
3729,589.5648172943329
3730,570.4716586353154
3731,550.8405046392279
3732,529.9915185921678
3733,508.2155062078629
3734,485.1614904439713
3735,461.46170383308436
3736,437.5941471802655
3737,413.96987126007843
3738,391.331587185649
3739,370.70688552645214
3740,352.4283203620964
3741,336.46978785624833
3742,323.04445050930883
3743,313.0880359688118
3744,307.116197664203
3745,304.28426472286856
3746,304.2772809973809
3747,306.83339220334676
3748,310.7853175125589
3749,315.56815433796453
3750,321.05415688393987
3751,326.5394779980206
3752,330.8601289624718
3753,334.1000544813654
3754,335.5525456057951
3755,334.70928573830304
3756,331.0391918097681
3757,325.57660906939543
3758,318.5006789964566
3759,310.37808083128857
3760,302.35831947275136
3761,294.233473792686
3762,287.1648580510292
3763,280.87055468789015
3764,275.01510058343564
3765,270.41952452094085
3766,267.7443122595025
3767,267.342647366976
3768,268.90992681141256
3769,272.4529215074427
3770,277.8400039128638
3771,285.43877639275615
3772,295.54075611600945
3773,307.596786036796
3774,321.4758209790925
3775,336.75145178044653
3776,352.9208723820304
3777,370.23145168751535
3778,389.02653062058323
3779,409.0055226726
3780,429.831095908804
3781,451.2917536694846
3782,472.9649684049998
3783,494.37678164284534
3784,515.0331380967302
3785,534.6980915738727
3786,552.9392776874307
3787,568.396086827819
3788,580.7577566585129
3789,591.2411756216568
3790,600.3299960607553
3791,607.618521759854
3792,613.1063592141379
3793,617.1131667283659
3794,619.7167766215416
3795,621.0335679273791
3796,620.6031498949995
3797,618.5629043579263
3798,615.0457222881494
3799,609.968544519953
3800,603.6151113873489
3801,595.5108014302073
3802,586.0927430058041
3803,574.877753988971
3804,562.096016972681
3805,547.1040840098606
3806,529.6175782856752
3807,509.5647398159389
3808,487.6434773193224
3809,464.57068528792365
3810,440.71116767998393
3811,416.59757677729726
3812,392.5221514541288
3813,368.5329916007354
3814,344.98733702859795
3815,322.18781631281706
3816,300.56859775975545
3817,280.5805028613179
3818,262.2744549385991
3819,246.3481932458337
3820,231.6454553026525
3821,218.79565512782966
3822,208.26720588256308
3823,199.95048566550741
3824,193.83299501417218
3825,189.90753497929012
3826,187.60669080818667
3827,187.19153323935177
3828,188.22418903846898
3829,190.50436989802944
3830,193.5363703491181
3831,196.7785288682441
3832,200.06347247666184
3833,202.83153487700338
3834,205.71501998449847
3835,208.25149412317046
3836,210.47346917491848
3837,212.17308472314835
3838,213.44893699041353
3839,215.06461154937114
3840,216.76061301402976
3841,219.0911633376661
3842,221.77346451912888
3843,224.72234043942973
3844,227.28416898713073
3845,229.7415262113729
3846,231.50021756087273
3847,232.922430781083
3848,233.7355543160731
3849,234.0764095689488
3850,233.88130326495326
3851,233.84942989388298
3852,233.51431646378774
3853,232.14410946397618
3854,229.97810644934674
3855,226.99672407958633
3856,223.4140484542599
3857,219.051102823161
3858,214.07385830402794
3859,208.44817319707218
3860,202.17474965041146
3861,196.0527864627399
3862,190.59679759043263
3863,185.70381218427556
3864,181.48577464862313
3865,178.10329213379677
3866,175.641262246013
3867,174.087238579889
3868,174.0527712238463
3869,175.46679526996542
3870,178.48950060801712
3871,183.03146872969862
3872,188.8696243012884
3873,196.0356096509791
3874,204.21087916058266
3875,212.80094694062447
3876,220.27430590926087
3877,228.1303784001491
3878,235.3804180560689
3879,241.82513624792836
3880,247.69708233098962
3881,252.64930499307053
3882,256.82365810955895
3883,259.90941027158317
3884,262.4098655830388
3885,264.4022409858033
3886,266.0828522265436
3887,267.3498762857644
3888,268.3661235139355
3889,269.37027846710555
3890,270.65661411511314
3891,272.4189605258131
3892,275.0243586163897
3893,278.5345974592173
3894,283.0149176849588
3895,288.4672859306597
3896,294.91639266718647
3897,302.0589460259422
3898,309.0863828774499
3899,315.8401169209243
3900,322.01629089238514
3901,327.1003739836468
3902,331.40434539419084
3903,335.25932808782346
3904,338.6229313761746
3905,341.8967171733915
3906,345.2219368322927
3907,348.88990252944
3908,352.4878877457562
3909,356.1778166690653
3910,360.01756774997705
3911,363.91010567898996
3912,368.1170524316095
3913,372.1727056652378
3914,376.0642513339501
3915,380.11730416368346
3916,384.3736229035006
3917,388.96088466267975
3918,393.93160164041865
3919,399.16754966341466
3920,404.7902846382642
3921,410.5689132458542
3922,416.9336481871958
3923,424.1957870141191
3924,432.27936444233904
3925,441.3072125169474
3926,451.633279137076
3927,462.6623785442447
3928,475.1760485603164
3929,488.98742249297436
3930,504.0296030832726
3931,520.2840154779329
3932,537.1640074572914
3933,551.8496004793333
3934,567.3141421957546
3935,582.8982162057525
3936,598.4215786595225
3937,613.4463093083482
3938,627.7044360751679
3939,640.6491637534923
3940,652.252517455468
3941,662.8902845785797
3942,672.3963893573521
3943,680.7310192203379
3944,687.7815522920883
3945,693.7446512789529
3946,698.9234476381481
3947,703.2363595917477
3948,707.0965868906587
3949,710.5238693698402
3950,713.9251756450369
3951,717.2128230175807
3952,720.5894647315548
3953,723.9207772503529
3954,727.2239655423898
3955,730.4016297612866
3956,733.4966080342442
3957,735.9726350080903
3958,737.1561102098798
3959,737.5717789103371
3960,737.109908267557
3961,735.7909954708452
3962,733.7425164519032
3963,730.4755366622064
3964,725.9194561040993
3965,719.7663834589194
3966,711.6111148712529
3967,701.2923162924163
3968,688.1638643004964
3969,672.0946243404977
3970,653.1099698144261
3971,631.5991120185106
3972,607.7087341041124
3973,582.0615244783467
3974,555.0934301555535
3975,527.1549444950101
3976,498.8132632960735
3977,469.5376430494289
3978,440.53688659682746
3979,412.49267892254534
3980,386.2040897978339
3981,362.30793254790956
3982,340.7645360580094
3983,322.43432252909355
3984,307.31586789631655
3985,294.73715469386184
3986,284.7099072266525
3987,276.70777726670815
3988,270.6049090901196
3989,266.274025042646
3990,262.506155921344
3991,260.22435209243514
3992,259.40240300678084
3993,259.2039367203376
3994,259.5835955261937
3995,260.70161587238124
3996,262.1909906311557
3997,263.86527648075725
3998,266.4526998953536
3999,269.3862104001711
4000,272.79577183239064
4001,276.6675242473963
4002,281.2320049198253
4003,286.3299637227344
4004,292.35597703466135
4005,298.7443751351802
4006,305.0654587669904
4007,311.39604597285586
4008,317.9465370939558
4009,323.8762105661201
4010,328.492072374544
4011,331.81321271911554
4012,334.20915639801524
4013,335.6324650657524
4014,336.48097339545825
4015,337.2579849028649
4016,338.51927319911874
4017,341.05450676810045
4018,344.69891749079295
4019,349.80566076345747
4020,356.0605002537617
4021,362.6472099391867
4022,369.3456935697536
4023,376.04427523437516
4024,382.69155368584217
4025,389.04822089037134
4026,395.38569718736716
4027,401.3372913396338
4028,406.93025738879226
4029,412.5001990423048
4030,418.0120019087234
4031,423.56238999646087
4032,429.31493876707475
4033,435.66325413749723
4034,442.6838772448742
4035,450.48316412005425
4036,458.7456046770893
4037,467.2606201519942
4038,475.4464681600715
4039,482.51858877544237
4040,488.44896287290715
4041,492.93740851960206
4042,496.16429232466555
4043,498.21064458499427
4044,499.18329725414264
4045,499.1645694182621
4046,498.40873113214525
4047,497.7511518232236
4048,496.2107700838766
4049,493.4036255986582
4050,489.29477141056066
4051,484.2731788598877
4052,478.66976633900373
4053,472.8384643099716
4054,467.0647250438699
4055,461.0329045152312
4056,454.8407646607408
4057,448.2457272410052
4058,441.62907895901265
4059,435.43191994173435
4060,429.20160851724586
4061,423.0323311446357
4062,416.8066605768713
4063,410.33462541827873
4064,403.6421446403589
4065,396.5827437222497
4066,389.24431588796585
4067,381.326337683775
4068,373.02257272421275
4069,364.3034271394834
4070,354.786189359388
4071,344.0410490096631
4072,332.76333703386365
4073,321.3539821192242
4074,309.85415753940254
4075,298.3023987664751
4076,286.6222190292837
4077,274.561695026739
4078,262.34051283913163
4079,250.48137503004676
4080,238.9841076558647
4081,227.93871894836315
4082,217.0770587520866
4083,206.8098474378276
4084,197.57995476671317
4085,189.23372913940904
4086,181.7838310248349
4087,175.46461176792795
4088,170.43450989839474
4089,167.13891729150265
4090,165.7667321046799
4091,166.35031545141692
4092,168.74720853636325
4093,172.75580480048882
4094,177.97963703724565
4095,183.5863173130301
4096,189.291148543735
4097,194.72371506435852
4098,199.4882736623387
4099,202.92077334144062
4100,205.32727266260184
4101,206.4089370884186
4102,205.79503878451175
4103,203.86598402933302
4104,202.18770639232756
4105,199.17118519428317
4106,195.08141330186703
4107,189.54832305602048
4108,183.13170521261412
4109,176.0405184488939
4110,168.70970946590367
4111,161.67848338345237
4112,155.82465163208377
4113,151.4592390909081
4114,149.0966846227779
4115,148.5316774805288
4116,149.97916917548184
4117,153.3929733264467
4118,158.71564009697238
4119,165.98963833048066
4120,174.74372028676729
4121,185.388018915896
4122,198.35652430493343
4123,213.75637571633905
4124,230.99758086484985
4125,249.80340882579833
4126,269.4080334777793
4127,289.68666269472544
4128,309.8408424560911
4129,329.402956079737
4130,348.35106391472596
4131,366.7924398743661
4132,384.2769805832547
4133,400.94851574520965
4134,416.5981223402665
4135,431.2092465354676
4136,444.4171597889566
4137,456.21406463652085
4138,466.2563479370973
4139,474.34134860193575
4140,480.31515473889715
4141,484.3115332237014
4142,486.45363431090675
4143,486.58645285736316
4144,485.10073518414185
4145,481.8301860020514
4146,476.93016020243704
4147,470.4799739409533
4148,462.3789743885197
4149,453.0898740396353
4150,443.1746042067636
4151,432.5765640926855
4152,421.5081778895235
4153,410.3819828601345
4154,399.53407587131767
4155,388.36389175843817
4156,377.673761001933
4157,367.51324752539864
4158,357.63773133068355
4159,347.95848685415933
4160,338.66446772548306
4161,330.57867108353474
4162,322.84270336319935
4163,316.0921736034386
4164,310.02835839823274
4165,304.3423446216277
4166,298.6215572210658
4167,292.8562285095126
4168,286.53878975629317
4169,279.4374561561299
4170,271.8562326351162
4171,263.6103247882131
4172,254.06693071022468
4173,243.74174164063908
4174,233.23519239675804
4175,222.42670344682418
4176,211.22739112285478
4177,199.7047171350906
4178,188.1842914631776
4179,176.94778079118703
4180,165.7933373031598
4181,155.13255938458434
4182,145.44408398162213
4183,136.8748272637029
4184,129.74795377984648
4185,124.54366117041425
4186,121.38120005765857
4187,119.95050908149597
4188,120.33045585098242
4189,121.87017187285707
4190,124.48025470288471
4191,127.859299476187
4192,132.5205983457374
4193,138.49997507980095
4194,146.02404412392457
4195,155.38174950103763
4196,166.51244579487502
4197,179.782329213762
4198,195.510878001288
4199,213.23623209332538
4200,232.2095834213714
4201,251.7441966629233
4202,271.7421766946675
4203,292.4470688264145
4204,312.8228997198207
4205,333.2637628792575
4206,352.4973562596036
4207,370.15515215419964
4208,386.1349778935155
4209,400.73261550898826
4210,413.19938731019204
4211,423.60682253005933
4212,431.9535796568664
4213,438.2324944492942
4214,442.5007438748254
4215,444.5753418691713
4216,444.0037591787018
4217,440.7917094716363
4218,437.99722622648926
4219,432.8373790707668
4220,426.00689297856655
4221,417.91638159156594
4222,409.09287276566914
4223,399.6452410042448
4224,390.0599352842894
4225,380.7546809247393
4226,371.42850607858253
4227,363.00934947211425
4228,355.2777594872738
4229,348.2545372742894
4230,342.0733758770291
4231,336.62721943807855
4232,332.13489245254345
4233,328.4969221878387
4234,326.133843596406
4235,324.93405728821597
4236,324.91380984500256
4237,325.8181144966636
4238,326.9697126843423
4239,327.3171461837116
4240,326.3597297109152
4241,324.58507583534515
4242,322.218324317256
4243,319.5459032897945
4244,316.64503051139945
4245,313.7721363924978
4246,310.67354327837313
4247,307.1078404480304
4248,302.47438007935875
4249,296.9752966869461
4250,290.9316410746336
4251,284.65958745194666
4252,279.37239414523947
4253,276.51918436067575
4254,276.21416482922257
4255,278.7834633222526
4256,284.38500795218204
4257,293.25299008182935
4258,305.44039909456495
4259,320.49369732405364
4260,337.95151004192957
4261,357.36453359898815
4262,378.9557911818601
4263,401.63479698056256
4264,425.18624612080987
4265,448.63658061476144
4266,472.055995853558
4267,494.5491143470502
4268,515.1865883935933
4269,533.7545086890859
4270,550.2720786895576
4271,564.7736264786801
4272,577.0317496855984
4273,587.5800273587668
4274,596.2838352322128
4275,603.8561480821108
4276,610.0693444255936
4277,615.0852137184361
4278,619.0778261349737
4279,622.45351928073
4280,624.6670062806777
4281,625.9507440254349
4282,626.9465219412673
4283,627.673928810379
4284,628.214204025171
4285,628.5481879247342
4286,629.4498396448976
4287,630.9547884236465
4288,633.2344761244796
4289,636.138375272106
4290,639.1013819819689
4291,642.0081867693582
4292,643.5489280169072
4293,643.6522629950307
4294,642.0536443799617
4295,638.5768978451703
4296,633.4098087681748
4297,626.5485150121764
4298,617.6863677201718
4299,606.7293771717456
4300,593.4091222759682
4301,577.6015394781764
4302,559.3096216695878
4303,538.7705001684529
4304,515.9279164551115
4305,491.49547725236425
4306,466.26320006514436
4307,441.4278718520202
4308,418.04702584223156
4309,397.45078207780006
4310,379.62528589348256
4311,365.2761593272934
4312,354.7764344616475
4313,348.622583276614
4314,346.8304200254365
4315,349.2290903277713
4316,355.430461164252
4317,365.1490026328403
4318,378.48274373173876
4319,395.4020736792721
4320,415.27321822025215
4321,437.24803830865164
4322,460.25189587950103
4323,483.2315087966795
4324,505.4723108002587
4325,526.0143083478184
4326,544.449594986533
4327,559.9307814028739
4328,572.2322750878368
4329,581.1791222080935
4330,587.2431648023799
4331,590.9442338330865
4332,594.1641638898013
4333,596.3357562486062
4334,597.542612502191
4335,598.3720421200813
4336,599.5558545712361
4337,601.042013979536
4338,602.3725008563365
4339,603.5598145965067
4340,604.4048573624555
4341,604.188969902455
4342,602.768882415101
4343,600.294216908055
4344,596.9081536854873
4345,592.763174289651
4346,587.682308339
4347,581.4789157132877
4348,574.5285958783595
4349,567.068915016711
4350,559.0070377127681
4351,550.0616545931113
4352,540.1475849815228
4353,528.6985616712609
4354,515.6783228679285
4355,501.37217466005274
4356,485.6004721954142
4357,468.77123461401663
4358,451.43937214921505
4359,433.75522079429345
4360,415.98090459887254
4361,398.2264573655732
4362,380.5823529306216
4363,363.05825984449865
4364,345.9031275466559
4365,329.0368153425169
4366,311.82885729928535
4367,294.50873713579995
4368,277.1468572637971
4369,259.5171456157003
4370,242.15310687069064
4371,225.43913577458602
4372,209.3755991580785
4373,194.37852172862125
4374,181.17047514134487
4375,169.78370272791008
4376,160.29023275316683
4377,152.81672697652698
4378,147.4840181817915
4379,144.3215661291177
4380,143.32906007363164
4381,144.69964439871183
4382,148.1947538772149
4383,153.6781919178507
4384,160.7003260944441
4385,169.01774286864242
4386,178.57960457414254
4387,189.3963534069374
4388,201.61122487504718
4389,212.2381630523027
4390,224.17046384747863
4391,237.4312368755779
4392,251.60402671541354
4393,266.69548045683644
4394,282.03356298177454
4395,297.60601406015326
4396,312.70376422075844
4397,327.254660556231
4398,341.26549346861657
4399,354.7810896921875
4400,367.85608402422076
4401,380.6330574500362
4402,392.66831871109713
4403,403.5449152446437
4404,412.9916786294783
4405,421.19102680540243
4406,427.8486871130643
4407,433.39129271467834
4408,438.0688354008225
4409,441.61351592556764
4410,444.2700449778809
4411,446.12842508029735
4412,447.70987793954157
4413,449.00869762224613
4414,449.92054936973557
4415,450.8213200744838
4416,451.6543840486878
4417,452.75360646509944
4418,453.9001757808403
4419,455.2450919686571
4420,456.949837024741
4421,459.1906381440259
4422,461.70755494015873
4423,464.0400723628542
4424,465.9299845706662
4425,466.95779138108554
4426,467.2426672297445
4427,466.5230020259232
4428,464.84874504008036
4429,461.80467446528473
4430,457.506618554335
4431,452.0800167714545
4432,445.446781159931
4433,438.122909254834
4434,430.311390659661
4435,422.55698516201323
4436,415.20005116301706
4437,408.3428474845084
4438,401.9929865230948
4439,396.58969701325634
4440,391.23767447691716
4441,386.1702061459025
4442,381.3934794982773
4443,377.315797414002
4444,373.9978615753637
4445,370.75310373315887
4446,367.9301644104406
4447,364.9666121227746
4448,361.52050669393134
4449,357.21675264307
4450,351.9056683022382
4451,346.19224778430083
4452,340.68951467113743
4453,335.98652528551554
4454,333.0346587313559
4455,331.9780607061714
4456,333.1964374818525
4457,336.23414874432876
4458,341.0737672310365
4459,347.88484561127837
4460,356.38650302705605
4461,365.8305537612719
4462,375.21188288456227
4463,383.9338327442459
4464,391.1862172562011
4465,396.8868512056978
4466,401.05602431934847
4467,403.2182899863957
4468,403.92336732549063
4469,404.1328600040133
4470,404.0813430392707
4471,403.74837686710384
4472,403.49362847139065
4473,403.1627820765656
4474,402.7390264695118
4475,401.96636886526204
4476,400.9260341229895
4477,399.6452169384761
4478,398.55752621515285
4479,397.28448374313405
4480,395.7568946923761
4481,393.8694994029845
4482,391.79800585782914
4483,388.95355532387066
4484,385.7012825241571
4485,381.8204054922629
4486,377.00850155292574
4487,371.3357765054363
4488,364.43493287364925
4489,356.25681456964276
4490,346.887960534205
4491,336.3398952111894
4492,324.6289731089101
4493,311.8778001097583
4494,298.2572411180267
4495,284.13142982486374
4496,270.1848719170391
4497,256.663731664167
4498,244.16297850853294
4499,232.92675059906736
4500,223.05426743689102
4501,214.78680015869583
4502,208.2687361760416
4503,202.59802051113246
4504,198.10955745888305
4505,194.92616535680168
4506,193.50055608692827
4507,193.10837674066323
4508,193.8737640798085
4509,195.40375947111417
4510,197.6236153699644
4511,200.29525508938315
4512,202.7610981638447
4513,204.74409575590693
4514,205.56637896860155
4515,205.2951108080057
4516,204.022443504698
4517,202.63307798113203
4518,201.5929122407527
4519,201.14531955412897
4520,201.89544546956677
4521,203.95146678625974
4522,206.7642992075926
4523,210.09614012907133
4524,213.53000959825715
4525,217.14481474572864
4526,220.89755986846313
4527,224.60391588165015
4528,228.11384231163368
4529,230.73784660600114
4530,232.6069665665925
4531,233.85709845649757
4532,234.11012117459086
4533,233.0512956704509
4534,231.0198157018634
4535,227.470421534734
4536,222.21523991853857
4537,215.2506707747649
4538,207.1999801245662
4539,198.54748125060064
4540,189.81305170188642
4541,181.24363556095724
4542,173.50043621466267
4543,167.02391610977799
4544,162.12492154226078
4545,158.4330966623417
4546,156.09566275150465
4547,154.77289272112853
4548,154.16424050111345
4549,154.16769631840725
4550,154.92128141524068
4551,156.27793899699242
4552,158.1412972807156
4553,160.57793896039504
4554,163.79174847003935
4555,167.8919795748489
4556,172.35743263232882
4557,176.96833542815534
4558,181.79632650255996
4559,186.5061407721286
4560,190.60367918665327
4561,195.1947200868549
4562,200.44840483942605
4563,206.5111573823483
4564,212.9530008382383
4565,219.3012428469492
4566,225.59784923087304
4567,231.86104449724127
4568,238.66003590719487
4569,245.78366831271583
4570,252.76504016360263
4571,259.3286489153114
4572,265.5963449795426
4573,271.7347211183476
4574,277.99923579700396
4575,283.8038372972031
4576,288.66171596352433
4577,292.39007856530895
4578,295.2541785766427
4579,297.38960570130905
4580,298.9269472349189
4581,299.5640713045647
4582,299.1427835830173
4583,297.8180231956826
4584,296.10072741764884
4585,294.16391471600264
4586,292.5281310167543
4587,291.6449924414121
4588,291.0840949175499
4589,290.71211685214166
4590,290.5442868964682
4591,291.15852817368796
4592,292.2159078533516
4593,293.888973133171
4594,296.5344840670733
4595,300.3041929166624
4596,305.12357207288613
4597,310.3409108067885
4598,315.150069429602
4599,319.4419510045797
4600,322.9581657524319
4601,326.0039204183145
4602,329.1587845767681
4603,333.0028064882605
4604,337.7512203388526
4605,343.5008455352594
4606,350.3754926439618
4607,358.12201235282646
4608,366.61095333290814
4609,375.7665409218123
4610,385.1163513210971
4611,394.4142494040777
4612,403.5460670874156
4613,412.73575621686257
4614,421.68045735686667
4615,429.9933131156
4616,437.25940467784915
4617,443.5809043370059
4618,448.866661939615
4619,452.7971457226564
4620,455.4161430548754
4621,456.62712274955487
4622,456.31636149095414
4623,454.41465793695784
4624,451.22611732377766
4625,446.8799309167035
4626,441.6167343053446
4627,435.67786645390777
4628,428.92691786316385
4629,421.6656139933575
4630,414.1724220234747
4631,406.4996585769052
4632,399.2031089423022
4633,392.7374407432885
4634,387.20782737217235
4635,382.59302454575374
4636,379.1244944918375
4637,376.8566861120009
4638,375.62064275368806
4639,375.1934457175462
4640,375.49690165765804
4641,375.91777023213274
4642,376.09264962571837
4643,376.2194706788063
4644,376.64954050239896
4645,377.49844798416325
4646,378.324499660828
4647,379.20919778698646
4648,379.8061932118325
4649,380.2371764999274
4650,380.10598906916096
4651,378.96084589094585
4652,376.7731288117868
4653,373.6936338399896
4654,369.6910788293386
4655,365.3576862676223
4656,360.66778138909297
4657,355.13793759721443
4658,348.519123573549
4659,341.0116810726288
4660,333.2761146809836
4661,325.39558432672453
4662,317.6037385610572
4663,309.7134639046044
4664,301.2548508999379
4665,292.1179402715592
4666,282.20662804804374
4667,272.1861065949989
4668,262.6290212614612
4669,254.04542616379354
4670,246.54927666278422
4671,240.93718829074064
4672,236.44182300493088
4673,233.0436017076276
4674,230.0871491789738
4675,228.33956260576556
4676,227.91937548870388
4677,228.6126257569821
4678,230.45794002336643
4679,234.54818092754283
4680,239.73421423771504
4681,246.4762428849728
4682,254.98070802841738
4683,265.0254743571841
4684,275.6193698929052
4685,286.37838604748805
4686,297.4400562259282
4687,308.1568762142073
4688,318.5800184953349
4689,328.40181272369483
4690,337.94072107173116
4691,346.4509625214305
4692,353.80172822150644
4693,359.7203866979995
4694,363.8146391934687
4695,366.00939356255685
4696,365.78770411618217
4697,363.096162816698
4698,358.1263983127376
4699,351.4789492333799
4700,344.0961324080891
4701,336.9167274555713
4702,330.6232787422582
4703,325.55253927921575
4704,321.8595509028005
4705,320.0451327810789
4706,319.50442658790723
4707,320.95005224104386
4708,323.20888081748694
4709,326.34210269346767
4710,329.8223282361198
4711,332.993657726849
4712,335.997050078032
4713,338.7348368945437
4714,340.7010974680202
4715,342.04885943926666
4716,343.08325674584916
4717,343.9350050255483
4718,344.2367884688669
4719,344.0665538166056
4720,343.6103204210858
4721,343.40394438685576
4722,343.70192914445636
4723,344.82299227361375
4724,347.1263331622563
4725,350.8800389211598
4726,355.4557380135426
4727,361.0414053787772
4728,366.93173698948465
4729,373.2045892784895
4730,379.9992828782779
4731,385.9106663100938
4732,392.47093686917685
4733,399.6708549604175
4734,407.20439648293507
4735,414.4729644133898
4736,421.3182499508652
4737,427.6814975292011
4738,434.36031309187337
4739,441.4592117889691
4740,448.25293622490597
4741,454.47110964204074
4742,460.07001427012244
4743,465.1432559322735
4744,470.0228716860448
4745,474.35346710678095
4746,478.1453656406597
4747,481.58828769510876
4748,484.59893349293094
4749,487.39028598152663
4750,489.8101216208647
4751,491.7635885501501
4752,492.90761646224576
4753,492.92827737056353
4754,491.94713089600805
4755,490.2012006846976
4756,487.66803493134705
4757,484.60408998024434
4758,481.3705188641085
4759,478.51335491736484
4760,475.8655340343497
4761,473.4524994971447
4762,471.84314059039235
4763,471.43978234971945
4764,472.1867952848289
4765,474.05050320905457
4766,476.8245263501159
4767,480.60549726847523
4768,485.22579555551033
4769,490.487357554983
4770,496.24313305929775
4771,502.55033442831007
4772,509.1337022837316
4773,515.4990656462144
4774,521.2065795653098
4775,526.3651027570421
4776,530.9233191189041
4777,534.8482729907073
4778,538.3307632338186
4779,541.437264993209
4780,543.7754772427472
4781,545.4244325362224
4782,546.8107753900356
4783,547.5875980474208
4784,548.0258529754623
4785,547.8779569226423
4786,547.3898982935195
4787,546.4245690569344
4788,545.5847326211053
4789,544.4897142988092
4790,543.3253972371896
4791,541.6407850285756
4792,539.3133732046335
4793,536.5075921708506
4794,533.201128854802
4795,529.4235416986472
4796,525.166271716857
4797,520.9528495363428
4798,516.7489814046098
4799,512.8897603576742
4800,509.1881864267069
4801,505.818635232764
4802,502.51009664220595
4803,499.2831804540192
4804,496.2729705351365
4805,492.9939583051275
4806,489.7824507055964
4807,486.7401396623925
4808,483.7734883351718
4809,480.4404601381948
4810,476.41327231142105
4811,471.6722473952431
4812,466.2785160657989
4813,460.4590805210855
4814,454.3196273878617
4815,447.91291259503726
4816,441.42077909059446
4817,434.7887399328039
4818,428.387024254802
4819,422.116435554088
4820,415.69021795561895
4821,408.94390185903796
4822,402.26675166611346
4823,396.24966740059085
4824,391.5309079922219
4825,388.18915492033454
4826,386.7090926096298
4827,387.3484069673964
4828,390.1808493260901
4829,395.45871487305567
4830,403.24132337269754
4831,413.20641119187235
4832,425.4485405986306
4833,439.8250703986205
4834,456.16135291239186
4835,473.9986958343692
4836,492.53258926557487
4837,511.03611340572604
4838,528.626769701365
4839,545.2324325595337
4840,560.9355030259585
4841,575.6856571493627
4842,588.9295594874679
4843,600.7669688745393
4844,610.2789196808505
4845,618.5543168823413
4846,624.683853806364
4847,629.2340179084764
4848,632.3066298286101
4849,634.0354286460497
4850,633.844139331605
4851,632.3161952247746
4852,629.5898894130811
4853,626.1302653274311
4854,621.7884151367946
4855,616.6306125469503
4856,610.6974980915628
4857,603.7744513039609
4858,595.6575688823912
4859,586.7149362326381
4860,576.8848009330143
4861,566.1884949145716
4862,555.1202396099992
4863,543.3239658168221
4864,531.3434176820285
4865,519.7352851416647
4866,508.72082240190065
4867,498.00566861915354
4868,487.50450162278855
4869,477.80408072149953
4870,468.385787993813
4871,459.4007331026763
4872,450.44890287938347
4873,441.8958703996672
4874,434.206326401503
4875,427.6242121552592
4876,421.47136463566665
4877,415.00480476692326
4878,408.07128512039856
4879,399.8194874514361
4880,389.88755025791806
4881,378.52612724385614
4882,366.4754973605641
4883,354.31219101626925
4884,342.05396185122265
4885,329.74489338382693
4886,317.6570828658449
4887,305.66914804613634
4888,292.9627976465899
4889,279.6466758707134
4890,266.0579585709145
4891,252.55184031727117
4892,239.66711099242934
4893,228.378068748077
4894,219.4370553556756
4895,213.59241381367312
4896,211.03712770370805
4897,212.1632415116434
4898,216.8995406986011
4899,224.7766311857859
4900,235.48618981744013
4901,248.34271407315936
4902,259.5278901756351
4903,272.94563262647273
4904,288.0513755167194
4905,304.3071173890868
4906,321.3342903294688
4907,339.1005062018437
4908,357.3478494416592
4909,375.5343577446036
4910,393.8031726069016
4911,411.63229026199815
4912,428.7076465721376
4913,444.8992521739506
4914,460.51719017858795
4915,475.05972862491285
4916,488.4798884667838
4917,500.6917980851206
4918,512.0223817222271
4919,522.1264852435348
4920,531.2676563139158
4921,538.9670074362109
4922,544.8438332268361
4923,549.207444793539
4924,552.2348009843901
4925,554.0198505375201
4926,554.371689320616
4927,553.430740292116
4928,551.7546211350614
4929,549.2361788773679
4930,545.9318205763134
4931,542.2443507150564
4932,537.5202077011884
4933,531.3841870459391
4934,524.0299104369117
4935,515.6173562619372
4936,506.42532888317623
4937,496.2251440003521
4938,484.87695807553916
4939,472.19025522960396
4940,458.4801243573239
4941,444.3314477267989
4942,429.76183419848815
4943,414.95830633749176
4944,400.1731026769306
4945,385.87998256549963
4946,371.9145906022628
4947,358.22936539235013
4948,345.1959609315407
4949,332.86826476032275
4950,321.52068560009604
4951,311.3099504868765
4952,302.40140735187344
4953,294.6633635202122
4954,288.35135113218274
4955,282.71552855688793
4956,277.57952286289986
4957,273.0732517833106
4958,269.3414492192682
4959,266.0947809885513
4960,263.12727972968526
4961,260.36009823435035
4962,258.5109449052209
4963,257.2156260338618
4964,256.32909190735575
4965,254.9944233903032
4966,252.81266726638992
4967,249.73577572266396
4968,245.6127817311197
4969,240.15956951177714
4970,233.40556422596703
4971,225.49239036313116
4972,217.18475468636143
4973,209.51805074672745
4974,202.92036307834047
4975,197.62340093237162
4976,193.49746297552264
4977,190.73051641023613
4978,189.20760314186717
4979,188.90169794215865
4980,189.62975925164554
4981,191.5059062684232
4982,194.4892056862692
4983,198.3218885042013
4984,202.5740642318523
4985,206.92025926829356
4986,210.687027844534
4987,213.4582391306823
4988,215.2991526918359
4989,216.04986027831
4990,215.97638755817258
4991,215.2899370777318
4992,214.36876720558269
4993,213.52848392789468
4994,213.643332477816
4995,214.95307699843946
4996,217.4367270117407
4997,220.82907962639274
4998,225.0326026216027
4999,229.72521411747817
