,0
0,484.52742889763294
1,896.2199975920392
2,1246.2333892274598
3,1544.6852548787888
4,1799.959007850696
5,2019.5835495466938
6,2208.776307614214
7,2376.360762214335
8,2522.155144976316
9,2648.369239628466
10,2758.3386421391815
11,2853.5386469295463
12,2934.8213076609914
13,3004.59425664652
14,3061.8394809536685
15,3108.225520874331
16,3145.414896211515
17,3172.356353492118
18,3189.230171730094
19,3195.77449142365
20,3195.4658840608554
21,3191.0060717999063
22,3185.0154908947243
23,3178.4017316989125
24,3170.116671369741
25,3159.5913197880154
26,3147.380077357085
27,3133.8551051725926
28,3121.2971135856933
29,3109.6482908229427
30,3098.627811010467
31,3090.677409495779
32,3085.9479168784114
33,3085.3681646206123
34,3086.2031165162393
35,3088.087982873249
36,3095.1132922243537
37,3104.812720731471
38,3117.457532967368
39,3132.2943283784853
40,3154.0527775319765
41,3175.7377504943042
42,3197.8859647202275
43,3219.805752587507
44,3241.3726382639593
45,3264.6322294663532
46,3286.529519711008
47,3310.2360030031473
48,3336.3528364220374
49,3365.141370099862
50,3394.613155912178
51,3425.3723526993895
52,3460.3015908458683
53,3495.1283083252783
54,3528.628218084604
55,3561.527210638158
56,3591.791753373411
57,3618.121905553082
58,3638.9503229638754
59,3651.9199003383264
60,3657.0236286406616
61,3653.8261312536742
62,3644.429499408875
63,3627.2559102646924
64,3600.7044428585
65,3570.4148556605464
66,3537.0506197873337
67,3501.9222556897234
68,3465.835646271943
69,3429.546037145214
70,3392.719721163911
71,3358.041666238023
72,3326.502717478293
73,3299.546135994928
74,3279.1554693118032
75,3262.6723396882117
76,3251.0519734923364
77,3247.028430295759
78,3243.525667695525
79,3243.9070616003073
80,3247.7492914266513
81,3255.126083091066
82,3263.145547826339
83,3272.0758533062112
84,3283.330544402455
85,3296.6878598965955
86,3309.799462873035
87,3321.5084972107934
88,3335.1509068157775
89,3344.47197580351
90,3351.0899692480352
91,3356.650756064768
92,3360.4465966005696
93,3365.0543415848624
94,3369.9763000080206
95,3375.6933386018345
96,3383.2882811810127
97,3390.3655177138676
98,3398.4097546531434
99,3408.179416811709
100,3415.9085316049377
101,3422.1540219257377
102,3427.876462541241
103,3430.099357832501
104,3431.2372584178443
105,3430.634702402284
106,3427.810212966638
107,3423.2781932676467
108,3418.2168477992504
109,3412.9803143519184
110,3412.3307703047917
111,3416.524729087492
112,3426.306126812638
113,3442.7571610972786
114,3457.0695609249155
115,3478.280742670069
116,3506.2976470566437
117,3541.7674123032157
118,3584.0141020735746
119,3632.4190712377067
120,3687.701476754643
121,3748.9014131866115
122,3812.2507772093745
123,3876.7561608206283
124,3942.164740568677
125,4007.2109861190193
126,4072.6148153696518
127,4137.562227420983
128,4202.662967814071
129,4263.898986939146
130,4319.988124802031
131,4373.807403328408
132,4425.294150673288
133,4473.959252826998
134,4520.343604776719
135,4567.504881173009
136,4611.833218193897
137,4654.684256866393
138,4695.534405804505
139,4736.831828950653
140,4775.895526829454
141,4813.556737721075
142,4849.3238322229145
143,4884.841845110894
144,4920.191355372861
145,4953.948927785809
146,4985.3549047117895
147,5016.959761778869
148,5045.812435942381
149,5072.220032263337
150,5095.930625637783
151,5118.526800976105
152,5139.701463195307
153,5157.654658507798
154,5171.892669998184
155,5181.781648826674
156,5186.860587953685
157,5188.155402100795
158,5183.455602255157
159,5174.74408615988
160,5161.056989759017
161,5143.135888321834
162,5122.585126141583
163,5098.814331533869
164,5073.362217775581
165,5045.242890750109
166,5012.382872327429
167,4973.704070849789
168,4929.011602760633
169,4878.434267875682
170,4820.946097700672
171,4770.931389648413
172,4713.4602685507
173,4650.546881296858
174,4583.381335758508
175,4513.428443890621
176,4443.52635477624
177,4372.850235473442
178,4302.468896691699
179,4232.781188063521
180,4163.525581121315
181,4094.7701531955117
182,4026.608647666533
183,3959.155877688633
184,3892.1973161343803
185,3827.191510207098
186,3763.604409195882
187,3700.705019643039
188,3639.2970239650813
189,3578.6387147609184
190,3519.8968427730338
191,3463.3016759467173
192,3410.454680762784
193,3362.4806847461728
194,3316.0198458510954
195,3273.2374707776808
196,3233.4700921526673
197,3197.8331060847313
198,3165.5430957475037
199,3136.9626706415047
200,3112.5646431925006
201,3090.9305800808906
202,3072.594998162491
203,3057.2730113270313
204,3045.315706250999
205,3036.0501593129966
206,3030.448106853963
207,3028.2854372133
208,3028.476945778686
209,3030.573380862128
210,3034.5727100685676
211,3041.0993132992267
212,3049.082443165543
213,3059.574219887095
214,3074.9235782838496
215,3093.8956937784496
216,3118.5823242877755
217,3149.296636245316
218,3184.4106800369364
219,3225.4878597970896
220,3272.3055756190056
221,3325.7181899351044
222,3385.3319955542365
223,3450.5614902624734
224,3520.162305519225
225,3593.406846704317
226,3669.2955321931477
227,3747.0803636456135
228,3814.753167009259
229,3886.8104248679333
230,3958.6728008837226
231,4029.3346940715232
232,4096.994730718096
233,4162.410688537376
234,4222.990450809002
235,4278.967013507671
236,4329.845817564439
237,4376.278472372545
238,4419.584945242437
239,4458.597170312319
240,4492.861025971325
241,4524.646633192862
242,4553.917856706238
243,4580.500480612522
244,4606.679975528758
245,4632.522831692013
246,4659.724962394271
247,4687.470075612652
248,4714.2368338487895
249,4738.99208993416
250,4762.174793192468
251,4783.5789154157455
252,4802.357610717516
253,4818.773604471594
254,4834.02236925103
255,4850.482817438966
256,4868.612657169775
257,4885.650532893213
258,4896.981083923514
259,4905.295674080585
260,4911.224232191726
261,4911.799022134587
262,4911.38601209827
263,4911.322908776677
264,4910.499829127178
265,4910.200517443762
266,4909.671647839637
267,4906.454391122865
268,4900.632818547461
269,4891.308816137911
270,4880.268915880754
271,4864.048489583093
272,4844.049006950696
273,4818.506526736674
274,4787.292380462875
275,4750.147770033164
276,4706.449530547319
277,4658.947795171475
278,4609.082164463878
279,4558.416675614108
280,4503.119323548684
281,4446.793310579217
282,4393.052673661929
283,4341.881908605656
284,4296.151521236774
285,4256.366084225848
286,4223.567306628443
287,4195.590068789783
288,4170.450182187974
289,4150.531429588776
290,4135.8274517257705
291,4125.032938025126
292,4118.191328978646
293,4112.1489383104445
294,4107.838708848149
295,4105.315401185343
296,4107.008824011265
297,4113.566130928505
298,4124.9521515042015
299,4139.667150390715
300,4156.330133584379
301,4177.181446305416
302,4200.288476905809
303,4228.851827303336
304,4259.867285900824
305,4293.1119045730775
306,4329.741927963627
307,4364.629754825792
308,4398.9374999179645
309,4430.900001823315
310,4461.474416329767
311,4491.22895206989
312,4520.001548269762
313,4550.963501896589
314,4582.802729965555
315,4615.291458230323
316,4650.035562416113
317,4683.65143712584
318,4716.9309622313185
319,4747.565640779395
320,4776.325045944879
321,4807.47156454683
322,4838.52644491818
323,4867.318200730504
324,4895.464920385276
325,4924.190265199011
326,4950.567804845526
327,4975.8010496993
328,4999.825508757077
329,5022.0126141730625
330,5043.294266847704
331,5063.733367906702
332,5083.07907305802
333,5098.439597860024
334,5111.117393896647
335,5122.789182936987
336,5130.878037794479
337,5135.765033437228
338,5138.344603007653
339,5135.247244776057
340,5128.752362846587
341,5118.261003589445
342,5109.133521035732
343,5094.399555703692
344,5079.132063794981
345,5064.365893681209
346,5049.480102821696
347,5038.611321482013
348,5032.226505770001
349,5031.378686875653
350,5034.93824351432
351,5041.969720276149
352,5051.215668953829
353,5060.681748729504
354,5069.610260201596
355,5079.268350173057
356,5089.706240303108
357,5096.805242004978
358,5098.617873268817
359,5097.376211255086
360,5093.789572934261
361,5088.242916235769
362,5081.453657088386
363,5073.237137687859
364,5065.521069119358
365,5054.042547979084
366,5041.446689484665
367,5028.280884553194
368,5011.429815195846
369,4993.437846841339
370,4972.959620433422
371,4951.543461706287
372,4928.066787784035
373,4904.158726224225
374,4879.41852110941
375,4851.641380745857
376,4821.51046872518
377,4788.605837133895
378,4754.944247606427
379,4718.8380981896225
380,4681.7752835458705
381,4642.6212897092855
382,4602.904058511696
383,4560.9551672162
384,4518.7844097758725
385,4476.743279370692
386,4433.971397856899
387,4389.266054821235
388,4345.065105947362
389,4302.292234986634
390,4262.597373785818
391,4224.731162358008
392,4188.498464309889
393,4153.852600342708
394,4121.733112906856
395,4090.2924273640715
396,4055.187988826869
397,4017.2303990061646
398,3973.93870846176
399,3936.2749376881284
400,3893.611690418089
401,3847.3912996461518
402,3798.3041163441544
403,3748.7550967838074
404,3699.4359136555086
405,3653.196998931989
406,3608.484215671165
407,3567.3345666965097
408,3527.1497167266525
409,3489.916703759438
410,3456.1115156314436
411,3428.6916469090324
412,3408.130034299876
413,3392.067759158637
414,3382.0922501488385
415,3377.379834430129
416,3377.391318150388
417,3381.4795576599863
418,3388.0484735756577
419,3393.3516393038203
420,3397.2708882052357
421,3401.6567477080785
422,3409.5579158399455
423,3417.1217569280475
424,3427.3138483337016
425,3441.528231569103
426,3458.507241221529
427,3475.4269230039267
428,3492.6803429978645
429,3511.00107421063
430,3528.605865959973
431,3548.4217361247834
432,3567.829476677112
433,3585.1424642705083
434,3606.3122369690554
435,3625.9205165136086
436,3647.3969174753593
437,3669.576945227562
438,3693.2684027913256
439,3717.4334391824705
440,3740.043066562134
441,3764.53934944657
442,3786.369371914112
443,3807.915557304218
444,3827.894276016109
445,3848.478646378332
446,3867.80647501007
447,3883.4566934255226
448,3897.0350154630896
449,3912.9426695226266
450,3928.7100924533515
451,3942.4907529842344
452,3955.183238394659
453,3963.4089288628875
454,3968.063883524542
455,3971.0263563004537
456,3973.6037076154976
457,3972.231187623271
458,3968.4558433499637
459,3962.952709716098
460,3955.780357097365
461,3946.6239605358646
462,3935.14823425892
463,3922.7134123712
464,3908.573854348215
465,3893.8348612227633
466,3876.6247337473133
467,3856.6781777892256
468,3835.2813379662093
469,3812.0408204359646
470,3785.309966975236
471,3758.060322097485
472,3729.241570085261
473,3700.224333143746
474,3669.808143646522
475,3639.363573004541
476,3605.89521640984
477,3573.0950970996455
478,3541.63535334299
479,3513.485870907595
480,3489.1512299579595
481,3465.750954054565
482,3442.6685935679907
483,3421.272203498325
484,3401.1363866519428
485,3382.1705250902814
486,3366.005943678288
487,3351.950378346323
488,3342.4644113951313
489,3337.163457725386
490,3335.075275580797
491,3335.9384247258813
492,3337.788304792763
493,3338.5879980196232
494,3342.6473107898855
495,3347.1056578428443
496,3351.863184444088
497,3356.9409326389905
498,3366.1631452673855
499,3379.050693061053
500,3397.0911460697866
501,3416.7846781540143
502,3438.416734267289
503,3463.431162965683
504,3494.347089023637
505,3527.8307251916517
506,3564.0701847577643
507,3602.75637187057
508,3642.5820877462784
509,3683.532896454401
510,3722.4901473800483
511,3759.5669925423626
512,3794.313561914396
513,3824.543077268065
514,3855.570497213432
515,3883.1726518637342
516,3910.5268668009876
517,3934.460751506461
518,3955.813641509325
519,3973.821942965018
520,3986.5558027707334
521,3996.2772609615804
522,4005.6696855901882
523,4015.979026633248
524,4026.261503501816
525,4036.825970121626
526,4049.946028130086
527,4064.578667579202
528,4077.566396310296
529,4090.260129715392
530,4103.610787758452
531,4116.533809866906
532,4131.436633856849
533,4149.6377624631405
534,4169.151785459596
535,4191.7078893773705
536,4216.926152954474
537,4243.927190753836
538,4272.434750689118
539,4299.227991414955
540,4323.387585102136
541,4344.567781559694
542,4364.071603719459
543,4377.000985038468
544,4388.224757556959
545,4397.22809665865
546,4404.513314749171
547,4410.17318354565
548,4413.464487303971
549,4414.104928796035
550,4413.917564619913
551,4412.5402677972415
552,4410.271614487118
553,4407.974003534821
554,4406.205890494352
555,4404.800165380297
556,4398.14144229895
557,4388.896242769146
558,4376.068924629173
559,4357.621142849254
560,4336.38835352136
561,4312.580965308106
562,4286.261836967193
563,4259.538842571863
564,4229.03230687939
565,4196.231521838657
566,4162.170465631898
567,4128.084280546631
568,4091.4446572123325
569,4055.4772116654135
570,4024.1855340395937
571,3995.303141973309
572,3970.199386912565
573,3948.2373585768014
574,3927.796550009747
575,3911.837283770705
576,3898.197860206627
577,3886.2735486754164
578,3873.9739229453367
579,3861.268456992793
580,3849.288349947236
581,3839.651808044503
582,3829.1758191921685
583,3818.522892953652
584,3806.8828386038836
585,3795.7579598776806
586,3780.964427738663
587,3764.782455322618
588,3747.032670212448
589,3729.7621394854295
590,3713.7483363320675
591,3698.491472322974
592,3685.335097934087
593,3674.2485163838337
594,3666.756973015831
595,3664.534838196757
596,3667.2276135541506
597,3673.145207368185
598,3680.9058851457144
599,3692.113080997739
600,3706.2330935729915
601,3721.8583193381346
602,3737.4097720509576
603,3752.9156293824763
604,3767.9377652234525
605,3783.4764060703515
606,3796.9248640841843
607,3809.2795661803298
608,3820.8136878338587
609,3833.578514178031
610,3847.588541909221
611,3862.1781956052714
612,3876.484273982113
613,3889.212779832061
614,3903.4714411920513
615,3918.9935637962617
616,3935.5493427578863
617,3953.1097063110437
618,3969.8578464316474
619,3989.193712453241
620,4011.9622445824716
621,4033.3464747908256
622,4053.200098106769
623,4069.482576981728
624,4081.159985236717
625,4091.6337030052864
626,4100.766778267015
627,4108.71255374472
628,4115.475275255028
629,4122.4461611999595
630,4128.042023846968
631,4136.911281146987
632,4148.96803921285
633,4165.457535770979
634,4187.613698264346
635,4212.640508065934
636,4241.2949875990225
637,4273.397966319557
638,4307.035805877304
639,4342.375906020797
640,4378.797658849495
641,4417.046311474086
642,4456.378539599839
643,4496.391588352562
644,4533.729787259346
645,4571.076808084543
646,4604.443697729872
647,4633.222937978218
648,4658.4956313818075
649,4676.42272684425
650,4692.48309988629
651,4706.305061783471
652,4715.120895870496
653,4719.531601142218
654,4719.6822704003025
655,4718.247087121637
656,4712.569375871425
657,4705.709045102823
658,4697.585583958527
659,4688.554954046953
660,4680.785646444097
661,4670.487237882152
662,4658.003412574806
663,4643.632038575665
664,4629.043625890194
665,4613.972343141922
666,4600.2684835427435
667,4588.742866137715
668,4575.898363372783
669,4563.521577801813
670,4551.203474663173
671,4538.743652271653
672,4528.024958643844
673,4518.77134870528
674,4513.288100315629
675,4513.523327207187
676,4518.479855010984
677,4530.795185860617
678,4547.97216412249
679,4568.662956352519
680,4590.930081090943
681,4613.825872711082
682,4635.249803518646
683,4653.812862104546
684,4669.962723074278
685,4683.176174836961
686,4695.482271304704
687,4702.601686935073
688,4703.527590950033
689,4696.844865087038
690,4681.799015776486
691,4659.025412946286
692,4628.596046499771
693,4590.914512247257
694,4549.35356922422
695,4503.941495475041
696,4453.517371337344
697,4400.561763122783
698,4344.970648319128
699,4289.858991861004
700,4235.261226857962
701,4183.293350041255
702,4136.282796006547
703,4095.3251027440656
704,4059.435640940109
705,4026.3690698761575
706,3997.1663094864166
707,3971.9341154480853
708,3950.272075834144
709,3933.584742329997
710,3921.4143445738364
711,3915.223822315097
712,3911.107928776058
713,3910.231075713582
714,3911.8246996429466
715,3911.878501982785
716,3915.4568769087427
717,3918.8691264781514
718,3922.8857706596154
719,3930.414384048842
720,3942.93676713802
721,3958.3959640377248
722,3973.3856667737487
723,3987.054346794925
724,3997.2828972686016
725,4005.579550814766
726,4011.5590260718823
727,4015.6464991767716
728,4019.62421425693
729,4022.4527332259395
730,4026.1443217589167
731,4031.145969192201
732,4032.2574357105664
733,4032.4301784689974
734,4030.3455181108798
735,4023.818514705776
736,4015.0289899575
737,4008.0750113797453
738,4000.271340743134
739,3999.395476876966
740,4006.4496027545965
741,4012.5866922681353
742,4027.4873709067892
743,4050.902003457346
744,4079.44110188585
745,4109.799412329954
746,4141.2718880899665
747,4170.918021668149
748,4198.1199021596785
749,4221.942529117976
750,4245.473310530636
751,4267.240466526481
752,4288.339444131064
753,4307.325669301768
754,4324.013029505905
755,4340.805960972219
756,4356.613610112126
757,4372.556004333958
758,4387.5504939706725
759,4402.767733016769
760,4416.913201169649
761,4428.983414321405
762,4437.7638467617
763,4442.1713205062615
764,4445.0049079574355
765,4442.673728572301
766,4435.396439169301
767,4425.302154291053
768,4412.546691655172
769,4395.987353038825
770,4377.7100858964695
771,4355.161829730889
772,4330.562255754561
773,4306.785824776384
774,4286.667763247232
775,4268.172929140949
776,4251.871932615869
777,4237.369337647362
778,4226.146484964458
779,4217.761891283123
780,4210.08825461417
781,4204.32909830435
782,4201.425979153636
783,4200.167418721806
784,4200.809049611321
785,4204.6872185513785
786,4209.920876522412
787,4216.5907168836075
788,4223.245654293113
789,4229.823222720937
790,4233.248048030729
791,4234.854751876681
792,4235.8948458560435
793,4237.789868851829
794,4240.013574064224
795,4244.3522793845605
796,4251.3254004274995
797,4262.335285629056
798,4271.913885754411
799,4284.4372880986575
800,4297.104586383414
801,4309.2803428528305
802,4321.605337989312
803,4329.752434788576
804,4335.758478916589
805,4337.37541651429
806,4333.2313668936595
807,4325.140046979538
808,4315.607342488347
809,4303.165347120633
810,4290.353996890393
811,4277.884150355498
812,4265.682232545134
813,4256.235322293227
814,4247.734540326027
815,4241.969073028165
816,4240.778876408031
817,4244.08842277871
818,4253.835667325144
819,4267.498184803231
820,4282.98006086743
821,4300.737727949465
822,4323.872287711694
823,4346.05205358451
824,4370.730096897574
825,4395.966679931298
826,4419.105313964226
827,4439.375170050688
828,4456.256647779696
829,4470.991151198979
830,4483.509673366738
831,4493.248982378164
832,4501.504312397707
833,4509.172816037139
834,4513.506443411984
835,4514.51739932624
836,4512.191932040289
837,4505.717690338971
838,4497.055311556626
839,4485.162881025715
840,4472.065446021812
841,4460.0530594502425
842,4448.438360404692
843,4437.406560125698
844,4428.477426386601
845,4421.94031249604
846,4414.287851569369
847,4406.00451529041
848,4394.696254675626
849,4381.981906163065
850,4369.34510848122
851,4359.904809201109
852,4354.92820572302
853,4353.245845139533
854,4356.796244162211
855,4359.88509131194
856,4367.4203388985825
857,4379.354380434462
858,4393.600821942728
859,4408.825293978039
860,4423.217975387982
861,4435.4901026121925
862,4444.070842340333
863,4450.386781658889
864,4456.553529910686
865,4461.702471449538
866,4463.876256155957
867,4463.502137668314
868,4460.5146446416775
869,4454.945906783079
870,4449.9039015614
871,4439.973520517192
872,4426.021058530224
873,4409.831850512007
874,4389.056467402526
875,4369.165284435739
876,4348.1908408516265
877,4326.401376574832
878,4303.306027170225
879,4282.603844062981
880,4262.782431384381
881,4244.4417279438285
882,4230.2792030399505
883,4219.204057620266
884,4210.318324469096
885,4202.231519197453
886,4193.340431958362
887,4185.903139043559
888,4180.526989358892
889,4175.255252030875
890,4171.522589920792
891,4168.164791819867
892,4165.775233584028
893,4163.789945916788
894,4159.304155507899
895,4153.946108508261
896,4150.64328835796
897,4146.708906962667
898,4141.740678395005
899,4133.741344288816
900,4122.682021687657
901,4111.492569713216
902,4097.290159374504
903,4082.8408165955952
904,4069.265769223062
905,4055.3873652777093
906,4042.8582370185204
907,4029.6765056793765
908,4017.8525522018253
909,4008.384920254266
910,4002.8862209337362
911,4003.2259140418537
912,4003.521447045916
913,4008.9984668615884
914,4020.099235264518
915,4034.29960897204
916,4053.5489830979577
917,4079.846105068194
918,4112.453089456379
919,4150.799612296647
920,4193.017993183118
921,4237.685537048473
922,4285.73658904713
923,4336.681899081583
924,4386.5385483428
925,4436.162874218763
926,4483.1515474728485
927,4528.132660101865
928,4568.5646490789495
929,4606.03628251704
930,4637.266481376103
931,4663.117615278657
932,4682.47658103373
933,4696.1522829113255
934,4707.175567795875
935,4714.969856199686
936,4717.745724288751
937,4717.7554938573
938,4716.115130732432
939,4713.510269482219
940,4708.567936367613
941,4703.3900209894855
942,4697.555046804562
943,4692.1282058139195
944,4682.537317382877
945,4672.234804065144
946,4660.111822592203
947,4647.58956528679
948,4632.926283523459
949,4617.342083899481
950,4602.346561683289
951,4585.628093565752
952,4568.802528440001
953,4552.210770293995
954,4535.709610940919
955,4518.319058387262
956,4500.097479333554
957,4479.895669652536
958,4459.097976210584
959,4438.819509324755
960,4419.255362994588
961,4399.3732354360245
962,4378.852120317583
963,4360.799994623111
964,4341.399056603315
965,4321.772414861885
966,4300.000238951427
967,4275.673347086158
968,4246.959026484181
969,4221.977567560461
970,4194.202566242269
971,4162.738963918222
972,4128.588588083105
973,4091.6574865455154
974,4050.3725659248285
975,4003.549618576707
976,3952.819416786575
977,3898.149641070348
978,3843.551638654105
979,3790.0577210511196
980,3738.1921349185277
981,3689.566061547131
982,3643.2693250191414
983,3601.3650397344654
984,3561.797116296373
985,3526.3201818178827
986,3493.012757842166
987,3462.7443667005364
988,3436.367295366407
989,3414.20347420504
990,3396.330022300226
991,3381.7727539407656
992,3369.7976912786526
993,3360.7963452340214
994,3355.3592629171767
995,3353.1608623891652
996,3356.064091400158
997,3362.5218547029963
998,3371.1046399111515
999,3382.433715860663
1000,3396.0969391114654
1001,3415.4147543847666
1002,3438.2202237870315
1003,3463.889373509076
1004,3492.2053860627166
1005,3523.975383685812
1006,3556.7561734198434
1007,3590.8616505407076
1008,3626.4353579541967
1009,3661.117441666654
1010,3697.2641319978407
1011,3734.1460829718885
1012,3771.3216824943033
1013,3808.29980625786
1014,3842.474144284923
1015,3875.0086552142816
1016,3904.5690625810234
1017,3931.1329543743295
1018,3953.9232975070618
1019,3973.7632927466298
1020,3990.336354053405
1021,4005.4341128622036
1022,4016.284531448742
1023,4022.944844133166
1024,4027.4776262320242
1025,4027.854067141596
1026,4028.1815707329233
1027,4026.3301979517123
1028,4023.25402364648
1029,4019.5337061161918
1030,4017.3436578084625
1031,4016.0115468671997
1032,4016.203343532673
1033,4017.6934480835525
1034,4019.646289014728
1035,4023.781505150009
1036,4028.8386386440093
1037,4036.3133300473155
1038,4045.362369205047
1039,4055.687052828088
1040,4065.470918700523
1041,4073.386011910999
1042,4078.7535136641272
1043,4082.870547971229
1044,4083.440117207342
1045,4080.1504810841298
1046,4074.129961637374
1047,4065.83709209898
1048,4053.0747714016434
1049,4036.289799765098
1050,4015.7972320370327
1051,3990.543740054889
1052,3963.6585209046852
1053,3934.168501496224
1054,3903.32807300791
1055,3873.1704961502983
1056,3842.3821628060964
1057,3812.6624952303227
1058,3782.7453210770122
1059,3754.7923202777683
1060,3728.8822024784085
1061,3705.5692077056083
1062,3683.835744051065
1063,3661.596628255324
1064,3641.116227719212
1065,3621.988090510119
1066,3604.049570934901
1067,3586.3048958609875
1068,3569.585076202039
1069,3556.27812059983
1070,3545.2920007721773
1071,3537.9720904118017
1072,3535.324742563491
1073,3538.476303466581
1074,3546.1582421072226
1075,3559.788965664412
1076,3580.501055742163
1077,3608.2307298531186
1078,3642.5919077542785
1079,3681.9964708771186
1080,3724.77146703562
1081,3769.396138459463
1082,3814.210721403789
1083,3853.1994085653528
1084,3893.031721043577
1085,3934.305661151488
1086,3977.174234031505
1087,4022.4288851332913
1088,4071.375891680547
1089,4123.197115356793
1090,4177.133842744994
1091,4233.376092698695
1092,4290.93229364708
1093,4351.06400314843
1094,4412.725967352564
1095,4476.45016007541
1096,4541.554583339089
1097,4608.2334842015125
1098,4675.404814167622
1099,4741.346558279948
1100,4807.389950211656
1101,4870.906412742123
1102,4931.9304664470155
1103,4989.860741094442
1104,5043.314384332377
1105,5092.74265223455
1106,5137.758066856407
1107,5178.057789962853
1108,5215.650677562029
1109,5249.147497911578
1110,5277.512448778807
1111,5300.580540407662
1112,5319.144545795236
1113,5333.803218887981
1114,5345.921266007662
1115,5355.078462483693
1116,5360.463003429211
1117,5362.232247072977
1118,5358.808773360451
1119,5353.041277518179
1120,5342.051129698347
1121,5325.988632295344
1122,5304.551238190023
1123,5277.409197488763
1124,5245.361594123687
1125,5209.3541487553775
1126,5166.753282757622
1127,5118.553525912424
1128,5066.617602992172
1129,5010.368720035407
1130,4952.0156840246655
1131,4893.0019049569455
1132,4832.802744732671
1133,4770.166606477745
1134,4707.30965091814
1135,4642.198905856943
1136,4576.356757261067
1137,4508.770292855925
1138,4439.076390141472
1139,4367.9325538148
1140,4306.037416210594
1141,4241.204409282547
1142,4174.584387981763
1143,4105.978040960144
1144,4036.2823590962635
1145,3965.877339922449
1146,3897.97099787383
1147,3832.746417860527
1148,3769.58665390188
1149,3708.808949268389
1150,3652.339039194861
1151,3599.291373313283
1152,3549.0651505794885
1153,3504.1250311785593
1154,3464.2688129933044
1155,3428.9750478751785
1156,3400.0703171535374
1157,3375.0875390487513
1158,3353.7663659165896
1159,3334.055646005226
1160,3316.6590321922463
1161,3302.2009107674803
1162,3290.0024403167363
1163,3280.5528325736623
1164,3274.0089111529715
1165,3270.3356602112776
1166,3267.741894185826
1167,3266.595374360478
1168,3267.983409393802
1169,3271.981776243594
1170,3280.4439391477586
1171,3292.397311409088
1172,3307.3143218780097
1173,3324.3838000851265
1174,3342.7850056020843
1175,3362.8730594430695
1176,3381.741872415183
1177,3400.9882801018875
1178,3420.1566842293287
1179,3437.9299649888535
1180,3455.955323166078
1181,3471.9869718828686
1182,3487.211044428331
1183,3501.8668037053976
1184,3516.058632661979
1185,3528.478493553241
1186,3538.8445908624612
1187,3548.040304007374
1188,3557.2136251461457
1189,3565.1081821218404
1190,3574.954579935487
1191,3585.492792558215
1192,3595.838327893519
1193,3606.1616574808654
1194,3614.7404019485657
1195,3621.790057264384
1196,3627.1692431902266
1197,3631.8491349457095
1198,3634.881856182574
1199,3637.4853366834805
1200,3642.0252036518223
1201,3649.1883687014447
1202,3658.941474462823
1203,3671.929708134779
1204,3689.689917819087
1205,3709.336370027247
1206,3730.7286904219864
1207,3752.7748815562245
1208,3776.4544602168544
1209,3802.403719063386
1210,3829.263078229119
1211,3856.1344592000787
1212,3884.078835545368
1213,3910.4954797052446
1214,3934.589749637895
1215,3957.200689073537
1216,3977.8553187283896
1217,3998.0685538310054
1218,4018.6207530376105
1219,4039.854422994663
1220,4060.134464244839
1221,4079.7997620441615
1222,4097.390134881643
1223,4114.444231807032
1224,4129.527613588736
1225,4142.239141444101
1226,4153.356974509122
1227,4164.188642013743
1228,4176.589890798183
1229,4189.889834709419
1230,4203.170023873603
1231,4216.010673188602
1232,4228.319513293454
1233,4239.908582433522
1234,4249.544496298491
1235,4257.5142406874975
1236,4264.026188853176
1237,4269.609389947568
1238,4273.94857015604
1239,4277.354536426161
1240,4279.481980072108
1241,4279.108581395568
1242,4276.144380072749
1243,4269.107885425793
1244,4257.692188992779
1245,4244.375161650738
1246,4230.523182135663
1247,4217.126049568633
1248,4206.172956542596
1249,4197.692953290258
1250,4190.610997208395
1251,4181.969223754398
1252,4169.077297390646
1253,4149.960338304082
1254,4133.328583898772
1255,4111.110916984092
1256,4084.957839491016
1257,4058.376450063649
1258,4033.381750354222
1259,4013.2817935018984
1260,3999.14824006537
1261,3990.2846474841895
1262,3985.560920865805
1263,3984.7690821305173
1264,3986.924281842805
1265,3993.3363532735625
1266,4003.9164316093847
1267,4019.2239342860053
1268,4038.685688309094
1269,4060.514211422595
1270,4082.5813158974706
1271,4104.3707748139595
1272,4125.645535094078
1273,4143.542853918458
1274,4161.78146430873
1275,4180.2643765044495
1276,4201.6420064962185
1277,4222.3266840615515
1278,4242.790311248993
1279,4263.8965999342445
1280,4283.878780763059
1281,4301.824193804118
1282,4319.0183661707815
1283,4337.567866695172
1284,4357.139719398895
1285,4376.410591258833
1286,4396.140033237099
1287,4415.685327650256
1288,4434.718089966229
1289,4454.471560383729
1290,4474.104335243634
1291,4492.854357747844
1292,4511.769852428798
1293,4531.020084069347
1294,4547.9069352386205
1295,4563.907263485788
1296,4578.040718503896
1297,4591.153195797284
1298,4603.875687756907
1299,4614.763486463765
1300,4623.632857609311
1301,4630.662287107968
1302,4636.877272883284
1303,4640.805424973505
1304,4643.4272952249985
1305,4646.889004779163
1306,4646.967371171198
1307,4644.173953455254
1308,4636.755482504543
1309,4624.110827739481
1310,4606.6586986534185
1311,4591.475346348545
1312,4568.993267297292
1313,4539.230024505919
1314,4505.101866670467
1315,4466.545269782968
1316,4423.408597424302
1317,4376.57549969015
1318,4327.207769237734
1319,4274.473258507147
1320,4221.540744810146
1321,4165.919387560754
1322,4109.371868505147
1323,4054.5380815012577
1324,4000.22984150344
1325,3948.7607263438863
1326,3898.1836887343557
1327,3850.5820790134903
1328,3807.057101688899
1329,3767.251154837024
1330,3731.3095282253207
1331,3698.4748894508807
1332,3670.1184498212565
1333,3645.0236493842904
1334,3623.9045595798393
1335,3606.33364023754
1336,3591.37817736526
1337,3580.1699642380236
1338,3571.755389083391
1339,3565.5556878865855
1340,3562.7869184832184
1341,3562.5513064110337
1342,3564.939094046543
1343,3569.661147951491
1344,3575.1930655143933
1345,3581.869806913127
1346,3588.9349942733356
1347,3598.2409508119813
1348,3611.2384563259993
1349,3625.8201160874764
1350,3644.2931673913868
1351,3664.964501000637
1352,3689.723668060023
1353,3720.7475470965755
1354,3757.4315373541313
1355,3798.8270136575015
1356,3843.99531194959
1357,3893.649927267604
1358,3947.3570623514447
1359,4005.4722279536522
1360,4065.1751208125706
1361,4127.614229255966
1362,4192.802007951985
1363,4261.628499439029
1364,4332.87611406091
1365,4405.390383483937
1366,4479.302256438189
1367,4554.79342025959
1368,4620.470732784208
1369,4688.303045322689
1370,4758.341928848619
1371,4829.6573778441625
1372,4901.001559949334
1373,4972.1743557713335
1374,5043.017784456192
1375,5111.998645269347
1376,5177.429410843758
1377,5241.025514946258
1378,5302.103574396954
1379,5359.402403366932
1380,5411.843101522253
1381,5459.018390465687
1382,5501.10280822045
1383,5536.234596021203
1384,5565.004950295453
1385,5587.743819407166
1386,5605.880534763309
1387,5617.56045941849
1388,5623.2701122836725
1389,5625.940691019735
1390,5624.85431597093
1391,5619.561542466251
1392,5613.346940852178
1393,5605.10297799599
1394,5595.922938337319
1395,5584.867755692989
1396,5572.487167566606
1397,5556.961833433663
1398,5537.821984073421
1399,5515.6242194021115
1400,5489.110123117244
1401,5459.536690107396
1402,5427.165248975684
1403,5390.915883404726
1404,5351.1697685946
1405,5306.073185265535
1406,5254.145036692551
1407,5195.604974593343
1408,5129.852924174886
1409,5060.659665624024
1410,4991.853473779598
1411,4922.116078772766
1412,4850.507805824112
1413,4778.720555960404
1414,4707.053563365033
1415,4634.837257675116
1416,4563.921323219563
1417,4492.7499806785345
1418,4422.103170873956
1419,4351.580731446767
1420,4280.587800300547
1421,4207.4404442442055
1422,4134.123946283605
1423,4059.6592366045743
1424,3985.690961899688
1425,3921.3385629064364
1426,3856.209483312279
1427,3791.5057451972166
1428,3730.444300146743
1429,3676.4937817816854
1430,3631.310325056762
1431,3593.911738620946
1432,3566.6996673116632
1433,3546.180822720912
1434,3532.63082355405
1435,3526.3546836137616
1436,3526.1890195552924
1437,3529.563360855759
1438,3538.4431823871096
1439,3551.9628263110967
1440,3570.708962655923
1441,3592.039894165104
1442,3619.4720968211627
1443,3649.6571345604466
1444,3681.3865869969313
1445,3712.18658043047
1446,3742.774347665295
1447,3774.0091331582807
1448,3804.5149968528867
1449,3837.008091396596
1450,3869.4737471114927
1451,3900.725450698036
1452,3929.9781989894445
1453,3956.84978250215
1454,3982.4778891706974
1455,4006.6646488800866
1456,4031.511046651042
1457,4055.2592088030738
1458,4077.8596552351783
1459,4100.446456735729
1460,4121.227719687522
1461,4139.599328099132
1462,4156.903502306215
1463,4174.226953404677
1464,4191.067376468867
1465,4206.334170742267
1466,4222.815277586994
1467,4238.6802694985545
1468,4256.233568421486
1469,4275.677525953981
1470,4296.588443217279
1471,4320.381456707842
1472,4345.291335558107
1473,4373.222643846231
1474,4402.94136752518
1475,4435.298661013955
1476,4469.859161777378
1477,4505.762108002984
1478,4539.326848291574
1479,4569.374924760034
1480,4597.8536160852
1481,4621.612543805425
1482,4642.28281092202
1483,4657.8699713969745
1484,4667.719399863894
1485,4672.06485816068
1486,4669.882154220798
1487,4660.348908843123
1488,4643.39413320766
1489,4619.198763825885
1490,4588.53271983608
1491,4553.563812919184
1492,4514.498161650479
1493,4473.590585834806
1494,4432.275936255577
1495,4390.796229437338
1496,4350.537101500984
1497,4312.715522361335
1498,4277.649358602013
1499,4244.7101212671805
1500,4213.440379430136
1501,4184.304146108745
1502,4158.961306870936
1503,4137.41158049214
1504,4118.3201509538
1505,4102.414255004531
1506,4090.6000414561095
1507,4081.3175654045235
1508,4075.760835334092
1509,4074.748002757534
1510,4077.990340156923
1511,4084.870998946801
1512,4094.5655941557684
1513,4107.378036662136
1514,4121.742857471864
1515,4137.111259313082
1516,4152.688810918659
1517,4169.670119567391
1518,4186.768367568633
1519,4204.629672379601
1520,4223.112811145021
1521,4239.6073612769505
1522,4254.749878954539
1523,4267.214138568851
1524,4277.2719299211185
1525,4284.8485384710775
1526,4291.3177730239
1527,4295.697236953517
1528,4299.273394217836
1529,4301.187021683756
1530,4299.879158386547
1531,4295.871462295711
1532,4290.872532292862
1533,4283.892574426551
1534,4273.866288699976
1535,4262.392846618311
1536,4250.802566767097
1537,4237.525835138347
1538,4225.4891007539845
1539,4215.017141839589
1540,4206.275403484564
1541,4197.43817931144
1542,4187.2804469153425
1543,4177.94426336277
1544,4169.345974888063
1545,4160.916280715333
1546,4151.526980645006
1547,4139.846869432083
1548,4128.030936344676
1549,4116.0892479242175
1550,4105.005727682844
1551,4093.4934562799217
1552,4081.154697258277
1553,4068.359155980706
1554,4053.4767263875237
1555,4039.9012145227994
1556,4027.8104734048156
1557,4016.4169787216933
1558,4006.753496219217
1559,4000.3120152324773
1560,3994.6329699386138
1561,3989.9700719315056
1562,3986.7548383105022
1563,3983.4542664555242
1564,3979.563452377992
1565,3974.1998406157754
1566,3968.103968246014
1567,3963.135342747814
1568,3958.1725908314743
1569,3955.2347914661264
1570,3956.0560779578163
1571,3960.040641274251
1572,3967.864982826301
1573,3977.7816500834824
1574,3989.7753442209437
1575,4001.339854110546
1576,4012.488957471917
1577,4023.123962198116
1578,4034.609655132381
1579,4045.556905885622
1580,4057.453691477044
1581,4071.371140002358
1582,4088.8848944544065
1583,4108.4769719630685
1584,4129.54615220768
1585,4153.855883379739
1586,4182.106994735459
1587,4212.8803234931065
1588,4245.038953508444
1589,4280.568470694414
1590,4317.954903936444
1591,4356.878992399629
1592,4395.559857430908
1593,4434.211233241402
1594,4470.382885119134
1595,4505.70098264957
1596,4536.42772750105
1597,4566.177947857617
1598,4599.390627711374
1599,4634.21947262187
1600,4670.042319863391
1601,4707.099233365948
1602,4747.801248968051
1603,4789.990946451501
1604,4834.180346979663
1605,4880.833847543241
1606,4928.545387808541
1607,4976.186712522026
1608,5025.265753469827
1609,5073.398992541851
1610,5117.864599366919
1611,5158.063105987589
1612,5193.654928225366
1613,5226.03569329563
1614,5254.34598987854
1615,5280.406469301907
1616,5302.845398864727
1617,5321.1713976609535
1618,5335.469275519431
1619,5346.110032414781
1620,5354.831759014398
1621,5359.755901082317
1622,5362.684332188267
1623,5364.443834694477
1624,5365.397866339256
1625,5365.693638140613
1626,5365.134624999454
1627,5362.560110331155
1628,5356.265611385447
1629,5348.128544381823
1630,5339.304425932526
1631,5328.474257547084
1632,5314.215447703418
1633,5297.718420594171
1634,5280.496906635807
1635,5261.275215500967
1636,5239.183385986935
1637,5214.396281830456
1638,5188.118824830783
1639,5158.155447720304
1640,5127.588314830756
1641,5097.783901298629
1642,5068.2090660771955
1643,5041.306053724283
1644,5014.370742183641
1645,4989.835573563678
1646,4966.663447662793
1647,4943.788688606992
1648,4919.644651799902
1649,4895.930589139886
1650,4872.160100663718
1651,4846.161305496851
1652,4818.1603500436095
1653,4793.799518799288
1654,4764.993015739757
1655,4731.423888238936
1656,4695.533736483987
1657,4659.457664652523
1658,4626.113029239931
1659,4594.5287246850085
1660,4567.837412372676
1661,4544.358724879124
1662,4525.752933471407
1663,4511.158689202653
1664,4503.118793009874
1665,4498.197584875219
1666,4498.794553414966
1667,4503.736082327445
1668,4511.806529825132
1669,4520.403938691532
1670,4531.022352400349
1671,4541.916015308754
1672,4554.14685414155
1673,4567.518616100194
1674,4583.402242666249
1675,4600.850152707806
1676,4617.24585596753
1677,4633.623488947606
1678,4649.266810668101
1679,4663.251557096456
1680,4674.840408223048
1681,4685.784780668978
1682,4697.9164216296385
1683,4711.593120357679
1684,4726.2137278142145
1685,4742.102284922561
1686,4760.526048452696
1687,4779.190310579201
1688,4797.586597535013
1689,4816.184331172799
1690,4835.272772240685
1691,4855.129418201801
1692,4874.911630377389
1693,4894.384153993569
1694,4913.766681700832
1695,4931.978415761455
1696,4949.177425707612
1697,4964.911394961229
1698,4979.694107580597
1699,4992.707031778777
1700,5003.708582079861
1701,5013.042492982735
1702,5019.198509340652
1703,5022.11143537869
1704,5021.625449765923
1705,5017.368906408546
1706,5008.566098864562
1707,4992.893280959843
1708,4973.471587243871
1709,4948.274582057203
1710,4926.353187544801
1711,4900.96600867483
1712,4874.384513425517
1713,4845.145643570758
1714,4814.8193973633915
1715,4786.543508771963
1716,4761.249810714905
1717,4740.16959833554
1718,4721.079079575988
1719,4706.232220219778
1720,4690.637757388191
1721,4673.3826949030745
1722,4655.181222683648
1723,4636.993769076505
1724,4618.805576061347
1725,4598.94789432504
1726,4577.6775402595995
1727,4555.7006599112265
1728,4532.9193978246085
1729,4508.648407312865
1730,4483.703070768478
1731,4461.254372635499
1732,4440.502232578555
1733,4418.587783185849
1734,4396.666520209186
1735,4375.90092229052
1736,4355.738424956601
1737,4332.308746333293
1738,4307.916029040338
1739,4282.392516633005
1740,4256.345890483043
1741,4230.244144542879
1742,4205.231145314785
1743,4180.373346669598
1744,4153.107695450025
1745,4125.984237907425
1746,4101.42028535837
1747,4078.151379989489
1748,4055.6154299381096
1749,4033.308194498784
1750,4012.612433350886
1751,3994.303547549229
1752,3982.153199026224
1753,3975.7345286388922
1754,3975.7034562654
1755,3981.631647007271
1756,3993.0932441945524
1757,4012.6052298553445
1758,4037.5017242283775
1759,4066.749954133252
1760,4099.11571886648
1761,4137.252914842016
1762,4176.898213638404
1763,4215.406979375733
1764,4250.293390844506
1765,4282.802303341744
1766,4309.70980685354
1767,4333.119334908803
1768,4353.643162320239
1769,4369.196815367042
1770,4379.532467389161
1771,4387.26103550756
1772,4392.585150066961
1773,4394.985892059898
1774,4396.637358862792
1775,4396.188705773357
1776,4398.834759954397
1777,4404.11068084921
1778,4410.486131573127
1779,4416.833237715613
1780,4423.732278813066
1781,4430.467698300816
1782,4437.298343176006
1783,4442.591298639234
1784,4447.218594081164
1785,4450.818281403221
1786,4452.364676788512
1787,4453.621335752821
1788,4455.183097591187
1789,4456.457659852564
1790,4457.952472394805
1791,4460.9253720338575
1792,4462.452438007766
1793,4462.898373687294
1794,4461.657446304471
1795,4458.938265991346
1796,4454.674072712125
1797,4450.212164644395
1798,4445.719913299289
1799,4439.128019088207
1800,4431.543696145207
1801,4422.032139708977
1802,4410.11616387481
1803,4394.683356237538
1804,4375.60923134866
1805,4351.569250341914
1806,4323.25288530765
1807,4293.505415219162
1808,4261.4815703173435
1809,4226.919200936815
1810,4190.024898755371
1811,4151.2078119223115
1812,4111.767631987709
1813,4072.0312291348055
1814,4032.3893832978124
1815,3995.3458999408376
1816,3960.818050929988
1817,3928.7350848432066
1818,3899.3687822473853
1819,3872.5641338745627
1820,3846.14750048716
1821,3819.0461301689656
1822,3790.531914395218
1823,3760.0791417508754
1824,3733.5852295502973
1825,3704.9414323910514
1826,3675.202029266525
1827,3644.237954351076
1828,3614.6598119936234
1829,3587.0261708752723
1830,3563.203705592616
1831,3542.632116147831
1832,3524.953020585611
1833,3510.190434735844
1834,3497.9861291635957
1835,3488.33615873409
1836,3481.1977181364
1837,3476.649056438416
1838,3474.540694878335
1839,3472.239605214056
1840,3467.801634108776
1841,3462.5311391254136
1842,3454.591918252203
1843,3445.093174357883
1844,3435.3600979434814
1845,3426.6535181928175
1846,3419.1005100752545
1847,3412.0815089578387
1848,3404.726385075007
1849,3394.773933395639
1850,3385.000362157224
1851,3375.096546097377
1852,3365.8307896212473
1853,3358.095747259013
1854,3354.328696605089
1855,3354.7210188921995
1856,3356.963795381584
1857,3364.4397197838452
1858,3373.487685861656
1859,3384.4583059066413
1860,3394.6703989359034
1861,3407.665806934375
1862,3422.33424769927
1863,3438.7999260261213
1864,3456.8067078719127
1865,3477.7008980088403
1866,3500.4763584410402
1867,3523.613069446251
1868,3548.849921681706
1869,3574.1900600008867
1870,3601.071876341819
1871,3629.8114473000464
1872,3661.5939485346166
1873,3696.5173065191334
1874,3735.708761791521
1875,3777.737540724139
1876,3821.4594486831825
1877,3865.8553691382413
1878,3909.174535049706
1879,3948.2435535951026
1880,3981.334553882294
1881,4010.1237241321505
1882,4034.768548881815
1883,4057.957876161488
1884,4080.88715382456
1885,4101.011996217874
1886,4120.107185555484
1887,4138.6947111387635
1888,4158.110637219172
1889,4177.760307494296
1890,4199.9327182238385
1891,4223.910967140228
1892,4249.10184212184
1893,4275.339203056788
1894,4304.959297525873
1895,4338.208957676977
1896,4371.459180445301
1897,4404.239043835428
1898,4436.353977464677
1899,4466.700800160462
1900,4496.861045385651
1901,4525.15914812672
1902,4552.08490751814
1903,4576.330242877816
1904,4597.619982477177
1905,4616.151556410979
1906,4632.18841151941
1907,4646.378407552542
1908,4658.1500627764535
1909,4667.492622551135
1910,4677.9975541553495
1911,4687.767443159977
1912,4697.813275372311
1913,4705.614058757742
1914,4713.624473234549
1915,4722.22364260824
1916,4728.223029463549
1917,4733.1532622343375
1918,4736.081234289109
1919,4737.1967519422915
1920,4735.339509757721
1921,4731.639177149957
1922,4727.024930249498
1923,4720.061153457056
1924,4713.749009045011
1925,4705.181600711784
1926,4696.972418437246
1927,4689.994059309968
1928,4680.695044324507
1929,4672.3914866223895
1930,4663.675771945625
1931,4658.818875720498
1932,4654.627587907251
1933,4650.649060840692
1934,4644.798200763103
1935,4639.196394545688
1936,4630.495903574954
1937,4616.985620685485
1938,4605.231674571646
1939,4591.230276978784
1940,4577.303657114203
1941,4563.479192664876
1942,4551.7182365647595
1943,4540.966099335893
1944,4534.839607609028
1945,4532.301701344303
1946,4530.22536518708
1947,4528.879692540954
1948,4527.944091692261
1949,4525.322841471582
1950,4524.160441538716
1951,4521.5671715170365
1952,4519.271394844776
1953,4516.678602612807
1954,4516.303811387528
1955,4518.204201854463
1956,4520.867880666011
1957,4523.794880727767
1958,4531.067491983574
1959,4541.034136501506
1960,4553.78523699135
1961,4570.004500064201
1962,4588.923998531316
1963,4610.400347484447
1964,4634.578895716045
1965,4658.808100317164
1966,4684.570825370623
1967,4709.688035655059
1968,4733.372015725138
1969,4757.644852015187
1970,4780.81052453652
1971,4807.128981672191
1972,4833.905129747321
1973,4859.721700926712
1974,4884.608769301061
1975,4906.179608944876
1976,4925.776054299423
1977,4943.152238572491
1978,4961.404126922595
1979,4980.682612308114
1980,4998.3222096405625
1981,5015.818353610221
1982,5031.665765793128
1983,5048.117727798612
1984,5059.349210991733
1985,5068.108542862903
1986,5073.9155914970515
1987,5077.775785540711
1988,5078.608057447949
1989,5077.319181132731
1990,5074.0072209784885
1991,5071.455580871492
1992,5065.831991294559
1993,5062.708807359877
1994,5061.5980523723965
1995,5060.631695533289
1996,5058.870485218302
1997,5054.497221612932
1998,5047.719842265935
1999,5040.401582821583
2000,5033.85287893011
2001,5028.549035552354
2002,5023.384389324435
2003,5019.316667709568
2004,5014.232734673401
2005,5005.643675708727
2006,4994.560314074481
2007,4980.728208725495
2008,4960.36694732278
2009,4935.195980321561
2010,4906.916909629967
2011,4876.947597533289
2012,4844.435034256476
2013,4810.425675768996
2014,4773.899647008392
2015,4736.664614624971
2016,4697.210229465356
2017,4653.433507404152
2018,4604.89851399267
2019,4554.241360354109
2020,4499.3925598497735
2021,4441.45730400935
2022,4380.495681162263
2023,4320.045415417252
2024,4261.767216318798
2025,4202.771868962268
2026,4145.459711086502
2027,4090.0210063223426
2028,4037.4908750870836
2029,3985.9479302871027
2030,3937.4491290946785
2031,3891.5047422730495
2032,3848.061079663158
2033,3806.9790957812556
2034,3766.717268880178
2035,3728.932930972214
2036,3692.3614191883808
2037,3657.625135668127
2038,3628.128210916443
2039,3603.513248649079
2040,3587.1882444762555
2041,3575.434533739619
2042,3569.3810895247616
2043,3567.728019238928
2044,3569.631768878232
2045,3575.6342699858933
2046,3587.0603470148285
2047,3604.2910111993856
2048,3626.046810938396
2049,3652.814472593522
2050,3683.2812757439433
2051,3717.050245963062
2052,3746.4292500536953
2053,3781.9125573856577
2054,3820.081591248186
2055,3858.598847109236
2056,3895.147812725935
2057,3931.9224246470385
2058,3966.2881709211365
2059,3995.0949964955
2060,4019.9715146012168
2061,4041.91105468755
2062,4062.1178886073762
2063,4082.276256338409
2064,4102.943801975577
2065,4124.922058025223
2066,4150.033110857109
2067,4180.175958589161
2068,4212.570015717751
2069,4248.693424654069
2070,4288.362585734733
2071,4330.953541215439
2072,4374.091040095269
2073,4418.094926561263
2074,4460.4545999803195
2075,4500.603723909055
2076,4539.388594823591
2077,4575.350530487961
2078,4607.953779728322
2079,4639.1451034455595
2080,4669.226680239502
2081,4699.553083626218
2082,4727.918105524974
2083,4754.914156979505
2084,4783.4319535634895
2085,4810.7552992788305
2086,4837.243523484711
2087,4864.417396094695
2088,4890.701815755862
2089,4915.997231401857
2090,4943.4878045486785
2091,4972.5546026868515
2092,5000.900960525129
2093,5031.449303569139
2094,5058.944833332451
2095,5081.513378447847
2096,5099.512834306614
2097,5113.00803628847
2098,5121.942567757725
2099,5121.5778004368885
2100,5115.1532153453145
2101,5104.149113674943
2102,5086.7798919332445
2103,5063.019140157989
2104,5033.609992098676
2105,5000.931738568007
2106,4967.780062713649
2107,4936.877643264446
2108,4909.947874803556
2109,4886.518976242582
2110,4869.613920692152
2111,4857.616812693865
2112,4847.379879213078
2113,4837.249906828523
2114,4822.766623171562
2115,4806.171944265423
2116,4787.597077155052
2117,4766.620535342854
2118,4745.216431198882
2119,4723.953680270389
2120,4702.372828156788
2121,4681.802886133747
2122,4663.780374237579
2123,4648.2231429804815
2124,4635.696197822591
2125,4624.862613946802
2126,4617.398153456264
2127,4615.868551290071
2128,4619.518830289272
2129,4627.074330127632
2130,4640.616740722638
2131,4658.520005103937
2132,4681.714772916397
2133,4708.29647986831
2134,4737.134987060261
2135,4769.121786897112
2136,4803.955696242102
2137,4842.485333357939
2138,4880.036913648168
2139,4918.000043307093
2140,4955.128637157077
2141,4988.857572681827
2142,5018.090493807355
2143,5045.502609350486
2144,5069.158018731717
2145,5089.221152783723
2146,5107.546309548911
2147,5124.268958020589
2148,5137.794814821944
2149,5147.71333436215
2150,5152.715638612201
2151,5152.860586080691
2152,5147.552644741938
2153,5135.593444236756
2154,5117.260909048277
2155,5095.796312902124
2156,5071.197731888735
2157,5043.919945909787
2158,5014.159477280708
2159,4981.357764759252
2160,4946.359716926392
2161,4909.853361721704
2162,4871.502075412742
2163,4831.432195431397
2164,4789.2368230612265
2165,4745.681565076278
2166,4707.788490629373
2167,4668.134447099595
2168,4627.038156778985
2169,4584.269346825529
2170,4540.85201720049
2171,4497.2103249439415
2172,4455.980737358847
2173,4414.9653940857515
2174,4374.165509908735
2175,4333.621785052754
2176,4293.336310238113
2177,4254.174065694716
2178,4217.530598869536
2179,4181.3540370777055
2180,4147.34331815368
2181,4114.812140335302
2182,4084.7484441334623
2183,4053.8289563531025
2184,4023.1651658189
2185,3993.3691740252507
2186,3964.882153455859
2187,3940.1578838048104
2188,3917.9377136905678
2189,3899.2894609541395
2190,3885.4257955654566
2191,3873.8838618298905
2192,3865.8566828435805
2193,3860.9899070235683
2194,3858.3620593054725
2195,3858.0374459851228
2196,3860.0645525268415
2197,3865.086136245764
2198,3871.790208861652
2199,3882.5072861711187
2200,3893.5553878518135
2201,3906.649330114154
2202,3921.6366008062396
2203,3935.46587768536
2204,3948.2074377101044
2205,3960.0482241452924
2206,3970.7474546246094
2207,3978.74469877286
2208,3982.7279991872765
2209,3984.3366495039577
2210,3982.2070718816367
2211,3977.9185687254426
2212,3969.826956925198
2213,3958.9505966966885
2214,3946.5682284652275
2215,3932.087838209709
2216,3915.9597976596415
2217,3898.4812504626802
2218,3880.797076865817
2219,3861.4326403208083
2220,3840.8015437352187
2221,3819.6777328945827
2222,3798.2027719078637
2223,3779.519555849418
2224,3759.2368898869286
2225,3737.494045600977
2226,3715.884667433282
2227,3694.2090771066714
2228,3673.7432180214446
2229,3654.1486155014645
2230,3633.8720538180783
2231,3614.8671731240524
2232,3596.76740861437
2233,3578.9251224916634
2234,3562.0333665975695
2235,3545.4486335130055
2236,3528.8084137355586
2237,3513.101583321633
2238,3498.92991482112
2239,3485.351230536947
2240,3472.116031318573
2241,3460.08354322497
2242,3449.2849901869663
2243,3438.3713686840842
2244,3428.0904304520564
2245,3419.44136563302
2246,3412.671278453023
2247,3407.5038794102734
2248,3402.8135240992715
2249,3398.7287024272164
2250,3396.2985539949223
2251,3394.3795331858814
2252,3395.9775249438817
2253,3400.717617720936
2254,3408.672251007727
2255,3419.3627038033746
2256,3433.747882536577
2257,3449.3964449961545
2258,3467.057864863801
2259,3487.316311554903
2260,3510.9920486072
2261,3538.633660306927
2262,3569.861034464567
2263,3603.668118865711
2264,3640.7830332065546
2265,3680.4126125632492
2266,3724.6773704107986
2267,3774.2384973099574
2268,3828.4317918767
2269,3886.902450571318
2270,3950.4504885949345
2271,4017.723465268041
2272,4089.0595174264613
2273,4163.120730870415
2274,4240.0861186422335
2275,4321.002702541908
2276,4404.023184542507
2277,4487.561010879177
2278,4568.264459985764
2279,4648.113541902668
2280,4717.582243170374
2281,4785.417108753327
2282,4850.22492253941
2283,4913.338961003127
2284,4973.160541397318
2285,5028.2025852618335
2286,5077.024153867472
2287,5120.758927542383
2288,5158.649381078414
2289,5192.057663618501
2290,5220.407445805144
2291,5244.3212306264795
2292,5264.774855093214
2293,5281.440959627635
2294,5292.711921723163
2295,5299.77672798266
2296,5303.649045533706
2297,5302.839243397051
2298,5297.981032285358
2299,5287.668683496786
2300,5272.168915475215
2301,5249.116469816207
2302,5219.715521866659
2303,5185.945101257072
2304,5149.016076385019
2305,5109.373469401918
2306,5067.8533077719485
2307,5027.614438193214
2308,4988.318930216502
2309,4950.259035723576
2310,4912.383841056404
2311,4874.486870099993
2312,4839.706436060823
2313,4807.113349925116
2314,4779.454522591449
2315,4757.459341379878
2316,4740.157624722374
2317,4727.307853546165
2318,4718.003017719617
2319,4708.8876404985685
2320,4700.058321972863
2321,4691.643897483098
2322,4682.697698575106
2323,4673.684325982481
2324,4665.788860786889
2325,4656.592302759509
2326,4646.885498261379
2327,4638.539271082415
2328,4630.832502479071
2329,4624.385891231676
2330,4618.73962484214
2331,4614.428658002622
2332,4611.060221306037
2333,4608.367192161373
2334,4607.424506060702
2335,4611.79366992559
2336,4619.770845537427
2337,4626.710988319726
2338,4637.915762193902
2339,4651.01900853796
2340,4665.590449089464
2341,4680.950635998352
2342,4695.907873502572
2343,4711.152728003668
2344,4726.093475036556
2345,4741.564584028594
2346,4758.425319622658
2347,4775.671659168095
2348,4793.477581212485
2349,4812.150767234028
2350,4828.984070748463
2351,4844.840357453655
2352,4861.385389516929
2353,4879.158102946902
2354,4896.892655258947
2355,4914.240111827495
2356,4932.2196496396
2357,4948.937505952165
2358,4964.3872847721095
2359,4978.652536931189
2360,4992.512278398296
2361,5003.905483439319
2362,5011.647171200424
2363,5016.827575806021
2364,5018.665030517626
2365,5017.974154735369
2366,5015.104901556512
2367,5011.205050170344
2368,5005.15116506023
2369,4997.249403202174
2370,4988.343092559155
2371,4979.071039857073
2372,4968.768117214343
2373,4956.802582831339
2374,4943.846458118261
2375,4930.761971760495
2376,4917.7783830922
2377,4904.814891520004
2378,4891.919529544367
2379,4877.5208311265815
2380,4861.874485872069
2381,4846.258783061663
2382,4830.529351604547
2383,4816.487835068395
2384,4802.043042348121
2385,4788.050134931576
2386,4775.208159337042
2387,4763.595019509139
2388,4750.646012579606
2389,4738.079522647182
2390,4729.363021996304
2391,4722.663978476299
2392,4718.278864588241
2393,4717.4963357326305
2394,4716.8155356282505
2395,4720.119456150541
2396,4722.491352958537
2397,4722.647986752908
2398,4717.417415308195
2399,4704.306965155879
2400,4685.52100728552
2401,4658.101127166658
2402,4624.950926781367
2403,4587.094297318075
2404,4545.411560727538
2405,4501.89392361249
2406,4457.160858843023
2407,4408.8519213026175
2408,4358.817240851563
2409,4308.566109512595
2410,4259.027104333267
2411,4209.647811410702
2412,4164.795818948808
2413,4123.542203560353
2414,4086.4658426679525
2415,4052.253702625247
2416,4019.5114103945352
2417,3989.009495572267
2418,3959.551468435949
2419,3932.2963960291745
2420,3908.838653537764
2421,3888.5061700617493
2422,3870.047837649448
2423,3852.7159911004296
2424,3835.9626559696508
2425,3820.579753904493
2426,3806.6305884616927
2427,3794.9946546427545
2428,3786.075896753647
2429,3781.956684690929
2430,3783.182567205822
2431,3787.7792008458196
2432,3795.4414266172043
2433,3807.9114721642873
2434,3822.8847081897425
2435,3840.664427600682
2436,3860.962809088657
2437,3881.0558646787185
2438,3902.8890818342425
2439,3927.058647287563
2440,3951.7615647321136
2441,3977.8334077767763
2442,4003.5831748621504
2443,4031.213681418715
2444,4058.4418686679383
2445,4084.9074224852443
2446,4111.736660904125
2447,4141.34804806033
2448,4175.483887661158
2449,4214.787144650847
2450,4261.063508066389
2451,4301.32394423791
2452,4348.978879032394
2453,4402.5559652767215
2454,4457.258139578732
2455,4510.442500429489
2456,4559.760729399955
2457,4604.85471144201
2458,4644.240698913137
2459,4678.487145233152
2460,4707.705207978441
2461,4731.970528193322
2462,4751.33989275865
2463,4764.779006009044
2464,4771.448425349406
2465,4773.869774185285
2466,4773.1541329575475
2467,4771.932200092577
2468,4767.661565527036
2469,4761.606989150568
2470,4753.55390464386
2471,4742.2744314479405
2472,4728.422340798068
2473,4710.786826500205
2474,4689.940918205144
2475,4666.454897844636
2476,4642.378489218616
2477,4617.624760407802
2478,4592.271399745921
2479,4565.462106397639
2480,4538.431370318463
2481,4511.88229706803
2482,4482.754250684972
2483,4457.804649645793
2484,4436.849591479424
2485,4422.693456051895
2486,4414.03252099669
2487,4409.207639039094
2488,4410.4077353482435
2489,4413.565989217875
2490,4415.89639629999
2491,4418.2869705229905
2492,4420.865551761077
2493,4421.199697540304
2494,4417.024351753514
2495,4409.238870285947
2496,4396.848544565126
2497,4383.070552347559
2498,4364.891328651789
2499,4339.766338611898
2500,4307.379722449849
2501,4266.596645788954
2502,4220.6565943452615
2503,4172.1075570862395
2504,4122.524661374332
2505,4072.7691756060526
2506,4024.524563652899
2507,3982.9971650005095
2508,3946.8683281729313
2509,3913.5653573149366
2510,3885.807508447867
2511,3862.5423235867393
2512,3844.8499482736343
2513,3833.3874887506267
2514,3827.9500120858665
2515,3827.0524314975796
2516,3829.018548773687
2517,3832.369530684281
2518,3836.3143146031416
2519,3839.8312757057765
2520,3843.5648103085246
2521,3847.1811429876348
2522,3851.383111673934
2523,3855.721672235008
2524,3862.408137231355
2525,3870.2540105245575
2526,3880.88377135671
2527,3893.4985394475184
2528,3907.604676540131
2529,3920.870028839033
2530,3933.010650888839
2531,3945.5323573622195
2532,3961.164175600026
2533,3978.628809525389
2534,3995.136325003864
2535,4012.4258340653178
2536,4026.3138044922703
2537,4040.136289579341
2538,4051.6084132727465
2539,4060.6128844599957
2540,4069.8108339486944
2541,4078.443636479041
2542,4084.6306554512335
2543,4086.533769729061
2544,4085.2790750869835
2545,4081.6918006833553
2546,4074.5629626617356
2547,4065.7040295499773
2548,4055.391978474396
2549,4043.9279519056613
2550,4032.122405087095
2551,4020.1846212743785
2552,4009.802855320397
2553,4002.615988264343
2554,3995.625897011629
2555,3990.9441138244156
2556,3989.454092871452
2557,3987.5949750271047
2558,3989.0438652046046
2559,3994.4785510326424
2560,4005.688684938195
2561,4019.2357331045887
2562,4034.128437259096
2563,4048.7658432166595
2564,4064.6046407888334
2565,4078.3843946766256
2566,4093.140645920158
2567,4104.081793335957
2568,4110.229972762315
2569,4114.620959370105
2570,4115.8507756122945
2571,4112.078190204433
2572,4105.2437737881655
2573,4094.836271529751
2574,4079.3277842263074
2575,4061.1086406418867
2576,4039.797669889635
2577,4018.144443357908
2578,3993.3006435890943
2579,3966.6715315668052
2580,3939.744865363264
2581,3913.4932578362186
2582,3889.6317942332084
2583,3867.834129873104
2584,3847.110000232933
2585,3827.2202706436783
2586,3806.695104095312
2587,3787.3649275382054
2588,3767.5350369135567
2589,3748.841061111974
2590,3730.7211601652175
2591,3711.374417785039
2592,3691.2037589667293
2593,3669.2665173721975
2594,3648.014429743006
2595,3625.592411099554
2596,3601.3395154992168
2597,3575.5413301003873
2598,3551.238480164099
2599,3527.755159903519
2600,3507.118794944289
2601,3487.967150143239
2602,3470.393836935179
2603,3453.267092837141
2604,3438.0938104107017
2605,3424.305956976728
2606,3414.250945005442
2607,3410.229842866211
2608,3410.177943182783
2609,3412.169893167297
2610,3415.0391113191467
2611,3418.828473327626
2612,3422.5037969190494
2613,3426.458779566607
2614,3430.6727538911314
2615,3435.2701984333476
2616,3439.3826852861785
2617,3443.338965982166
2618,3448.2851730326447
2619,3455.643872500087
2620,3468.581022402365
2621,3488.557406209946
2622,3505.936860122542
2623,3531.3963423079103
2624,3562.6532554527425
2625,3598.9939289227045
2626,3640.1783636599694
2627,3686.8215574819596
2628,3738.6912301913353
2629,3794.5694486452207
2630,3853.399997849043
2631,3914.5128349111937
2632,3976.536357711061
2633,4039.454804363431
2634,4103.735329274489
2635,4168.061266254264
2636,4232.755457296975
2637,4297.40099372009
2638,4361.424997970555
2639,4421.5713024293755
2640,4478.5679360019085
2641,4533.357528047167
2642,4584.886170257751
2643,4635.074852884715
2644,4683.278349173623
2645,4729.076135097843
2646,4771.856628784375
2647,4809.771222363128
2648,4844.983838288054
2649,4874.120893000476
2650,4897.126810785481
2651,4913.148563373844
2652,4922.60287009047
2653,4927.5534683299
2654,4928.3790937940785
2655,4924.365546092692
2656,4916.729115905739
2657,4905.408640610143
2658,4887.589815278163
2659,4867.609862250264
2660,4845.137688035627
2661,4820.465682403056
2662,4794.33453130961
2663,4769.863353403387
2664,4744.432341407906
2665,4719.159891501718
2666,4692.774385820947
2667,4667.393509222949
2668,4642.708584123515
2669,4620.744020210243
2670,4601.5218477363605
2671,4586.51695851957
2672,4574.965488682163
2673,4568.384476684759
2674,4565.397321726896
2675,4563.687360578321
2676,4562.052081283351
2677,4559.094755870589
2678,4555.650847646375
2679,4552.654647491309
2680,4547.618271010159
2681,4538.25918766452
2682,4523.587727229117
2683,4503.417992344869
2684,4476.390520469042
2685,4442.175702183277
2686,4399.005009559609
2687,4348.691748573279
2688,4291.837356739918
2689,4232.399480649703
2690,4167.8357870187565
2691,4102.366973077004
2692,4035.4941979646837
2693,3967.3111745536667
2694,3900.2591943810103
2695,3833.531157521321
2696,3769.8422377538027
2697,3711.1008949526554
2698,3658.3263479065163
2699,3611.4600608137393
2700,3569.0100363126908
2701,3530.4090740240667
2702,3497.3286074702482
2703,3469.4991295928708
2704,3450.4344185908258
2705,3436.5629357024636
2706,3428.5548413747006
2707,3427.31780598958
2708,3431.8796144110893
2709,3439.308406811935
2710,3451.6080269043414
2711,3468.0307745901187
2712,3487.203951855888
2713,3511.1513334941906
2714,3538.240026684516
2715,3569.0143673403836
2716,3604.6413390956577
2717,3641.772596295736
2718,3681.608800625916
2719,3723.8616347528614
2720,3768.939137424668
2721,3814.719453954769
2722,3859.9459025357282
2723,3907.0309697007588
2724,3953.3245750110764
2725,3997.8985327885152
2726,4040.698080490097
2727,4082.3395219370123
2728,4122.318428720184
2729,4159.321276576252
2730,4193.7073634836925
2731,4226.182555792853
2732,4259.5014037129795
2733,4293.913085429046
2734,4328.903503501102
2735,4368.697645699984
2736,4403.31854941301
2737,4443.128505202868
2738,4488.111883392452
2739,4535.941516744298
2740,4586.241829822142
2741,4638.896808592658
2742,4693.035527530235
2743,4748.878637379443
2744,4805.450542251601
2745,4861.387676832515
2746,4915.73874243937
2747,4969.853109604293
2748,5025.7966278765125
2749,5081.594658576995
2750,5137.723046067397
2751,5195.053663050596
2752,5252.392953254098
2753,5305.59064761732
2754,5355.00505044584
2755,5402.363668806252
2756,5446.1798181526165
2757,5487.508283560025
2758,5526.690325366243
2759,5561.865128798537
2760,5593.927820190445
2761,5621.187398600997
2762,5643.596303233662
2763,5661.927433948882
2764,5677.510232035592
2765,5689.24503791348
2766,5695.327600512143
2767,5697.793452028187
2768,5695.615416368951
2769,5686.745299820121
2770,5672.317973170142
2771,5653.585934816024
2772,5631.035603242533
2773,5603.85615372048
2774,5572.585086093496
2775,5539.445114351554
2776,5505.851004776116
2777,5471.089966819058
2778,5436.320956667894
2779,5398.54327166978
2780,5358.3885558056145
2781,5318.997174839053
2782,5279.925729388883
2783,5241.794227691985
2784,5205.094097457794
2785,5168.270936840758
2786,5132.921183199688
2787,5098.187891729294
2788,5064.342423794394
2789,5030.653110772841
2790,4996.81240042032
2791,4967.1671056199475
2792,4938.475077119644
2793,4913.51301232438
2794,4889.646202981865
2795,4867.259415039909
2796,4845.04969972187
2797,4824.110341773397
2798,4803.693738145713
2799,4783.916941416163
2800,4763.959144896543
2801,4746.4481058802585
2802,4730.41195458064
2803,4715.123313845849
2804,4699.565210090806
2805,4683.468641015629
2806,4666.582506354427
2807,4649.013981785469
2808,4630.07597862583
2809,4611.74566591391
2810,4594.226451848503
2811,4575.23757043148
2812,4557.958277781676
2813,4540.124208684392
2814,4523.365453746039
2815,4508.65059958489
2816,4497.430376289415
2817,4489.91331306982
2818,4485.837929005166
2819,4483.199708769452
2820,4483.133146391734
2821,4485.201689754124
2822,4489.663976113923
2823,4497.229013810145
2824,4506.985549210239
2825,4519.306010562063
2826,4532.429336456214
2827,4547.6060658846845
2828,4563.520343298474
2829,4581.372943459235
2830,4601.251173609857
2831,4621.609915390067
2832,4639.546446119989
2833,4655.333946039218
2834,4669.874021042918
2835,4684.793191696839
2836,4700.298114751807
2837,4715.004597801184
2838,4731.1818971245975
2839,4745.7295203962785
2840,4758.449559897373
2841,4771.432659648289
2842,4780.864620952279
2843,4786.987176688675
2844,4787.072456199432
2845,4783.081522303506
2846,4775.7518287855255
2847,4765.001877319932
2848,4749.0406610862865
2849,4729.606739016773
2850,4712.699226816297
2851,4694.681479994387
2852,4673.649021324988
2853,4647.856200522357
2854,4617.658328318091
2855,4585.794702729607
2856,4553.962156114316
2857,4521.34657708058
2858,4488.095187316399
2859,4455.476262694467
2860,4424.467026174453
2861,4396.261955501448
2862,4369.02639079997
2863,4343.861403689919
2864,4320.826386518771
2865,4298.04335986845
2866,4273.65395927057
2867,4251.266799873543
2868,4228.49817682656
2869,4208.1575275761215
2870,4190.864430127055
2871,4175.859767740935
2872,4162.252759940972
2873,4149.814599422507
2874,4139.252795035025
2875,4130.447417581204
2876,4123.925772604874
2877,4120.747133901059
2878,4118.196946536566
2879,4117.714009163197
2880,4118.292278202006
2881,4119.280319829239
2882,4117.69885597353
2883,4116.3617784548105
2884,4113.7631276304965
2885,4110.202824877916
2886,4105.967575332781
2887,4098.612839058898
2888,4087.8435289333906
2889,4076.3999467079866
2890,4062.1871302627465
2891,4046.145068450847
2892,4028.592430232898
2893,4011.926073321428
2894,3996.918161776493
2895,3985.1044084070077
2896,3976.508324163423
2897,3971.170676184455
2898,3968.1086221582173
2899,3967.6759276917473
2900,3970.359966709318
2901,3974.940084711441
2902,3982.4619818155584
2903,3990.9717403263567
2904,4001.816302771892
2905,4013.8069463048373
2906,4028.651862108673
2907,4041.5669388580095
2908,4056.2238450508926
2909,4073.9492465251296
2910,4092.0317618162753
2911,4113.176702761334
2912,4135.107390220097
2913,4158.118975644545
2914,4183.004004428129
2915,4208.2522747239
2916,4232.711454973292
2917,4256.737509544685
2918,4280.270194004135
2919,4302.489011222956
2920,4322.839319875831
2921,4342.421019939377
2922,4361.051383012033
2923,4379.337503455494
2924,4397.338900408255
2925,4414.19634386595
2926,4429.798627051437
2927,4442.695702356766
2928,4454.172498845189
2929,4464.160111993558
2930,4470.824092319939
2931,4475.439817570335
2932,4481.359903131289
2933,4486.835377949062
2934,4493.336016740826
2935,4500.325181049019
2936,4507.498942908516
2937,4517.824877186833
2938,4529.725545007516
2939,4544.150016551678
2940,4560.061732810739
2941,4577.341176963666
2942,4594.911734709169
2943,4609.772364857517
2944,4624.741924378108
2945,4639.976013649893
2946,4654.314682572314
2947,4670.039801898949
2948,4686.533018794762
2949,4700.823494396266
2950,4712.754759349632
2951,4723.523970022855
2952,4730.214096790146
2953,4733.934904633877
2954,4733.520112522428
2955,4729.99107213976
2956,4724.369675485849
2957,4716.801140495273
2958,4707.115989474041
2959,4697.003800771459
2960,4685.964011803686
2961,4673.217964079587
2962,4660.051146803893
2963,4645.91727215917
2964,4633.6208012182615
2965,4621.203757878725
2966,4609.401040911699
2967,4597.795737108919
2968,4588.22364633267
2969,4578.196577437079
2970,4569.501057549303
2971,4563.568048577594
2972,4560.303876952029
2973,4560.321082260553
2974,4560.068598760795
2975,4561.650857162922
2976,4563.852761559799
2977,4567.434146126656
2978,4571.811170722526
2979,4577.036496899483
2980,4582.857643435141
2981,4589.260213670299
2982,4594.054207205982
2983,4598.398811931728
2984,4603.730727715774
2985,4611.805031508526
2986,4623.8342212005555
2987,4637.893528215723
2988,4653.279695674005
2989,4671.507940603998
2990,4690.785733563644
2991,4710.505270164281
2992,4733.376716319225
2993,4758.830966550928
2994,4787.013739002171
2995,4817.380002791903
2996,4847.65736249371
2997,4877.4102415123925
2998,4904.584729742011
2999,4930.988459516906
3000,4956.092560884747
3001,4978.932958465599
3002,5000.085409563625
3003,5020.191379994144
3004,5037.340405201637
3005,5049.9704187820535
3006,5057.405071322612
3007,5059.88317306225
3008,5056.962205306938
3009,5049.82559939929
3010,5037.449566033226
3011,5019.770348088529
3012,4999.053260206065
3013,4976.718622667601
3014,4952.039428522187
3015,4925.642670453053
3016,4896.744623110331
3017,4866.138225320493
3018,4832.979476273334
3019,4797.408318070143
3020,4759.019132917197
3021,4725.620541834134
3022,4687.421403765515
3023,4645.888973948539
3024,4602.813769772969
3025,4561.499392619628
3026,4522.1766190346325
3027,4485.465059937971
3028,4452.709497619374
3029,4422.8709416764195
3030,4395.98141023629
3031,4371.913655933359
3032,4350.6568618404735
3033,4331.002689935836
3034,4312.5583079348025
3035,4295.806872202201
3036,4278.489722340135
3037,4261.01379734256
3038,4242.307756232469
3039,4223.467858604974
3040,4201.840677790178
3041,4176.024552630972
3042,4148.716105866998
3043,4120.676155805671
3044,4089.9200620940533
3045,4057.2965437052544
3046,4023.7015423295325
3047,3989.875807602452
3048,3956.608581294486
3049,3924.3415588284993
3050,3894.3554309171323
3051,3866.810343437217
3052,3839.8895306070212
3053,3814.8391643779164
3054,3791.135580241878
3055,3765.781136418794
3056,3743.769561257763
3057,3724.3317757475033
3058,3707.169634674495
3059,3695.542378745883
3060,3687.432501098284
3061,3682.526407024115
3062,3682.3118429089836
3063,3688.245675255942
3064,3698.3374147636173
3065,3713.783904804327
3066,3734.2962715605045
3067,3759.4413438819174
3068,3789.895471249014
3069,3827.171593434128
3070,3869.6671926100275
3071,3915.8208176413436
3072,3966.5004345470643
3073,4018.489771591763
3074,4069.422008658872
3075,4116.6546775469715
3076,4160.9118376286
3077,4200.416889872084
3078,4234.786285323915
3079,4263.540884395713
3080,4288.3750949888345
3081,4310.660104294272
3082,4328.400391940907
3083,4344.970180330563
3084,4358.596406471022
3085,4369.765223601975
3086,4380.117298189826
3087,4389.9059210111
3088,4397.460911637195
3089,4404.265183580229
3090,4410.046893415818
3091,4414.289777365736
3092,4418.339629296155
3093,4421.684066345763
3094,4424.575637720077
3095,4426.5725066054865
3096,4428.341689331876
3097,4428.4012310158105
3098,4426.786123046949
3099,4422.387785332346
3100,4413.696966598145
3101,4402.193978728187
3102,4387.289009553404
3103,4370.948248842842
3104,4354.244696087517
3105,4337.50561218371
3106,4319.446909870613
3107,4301.5577347157705
3108,4283.311298427068
3109,4263.722120616353
3110,4242.954636059791
3111,4221.05520588224
3112,4196.272428948314
3113,4168.004006038187
3114,4137.550577973828
3115,4103.953012606059
3116,4066.851769023944
3117,4030.185020316261
3118,3992.536415919774
3119,3952.9418708542303
3120,3913.3625340990834
3121,3873.7220003915286
3122,3834.913977962495
3123,3796.244719979479
3124,3757.377961436933
3125,3718.956158796068
3126,3680.2933346852633
3127,3640.2986369206374
3128,3601.2318334795614
3129,3562.711816942889
3130,3528.447424318655
3131,3496.3083393805814
3132,3467.4620855465364
3133,3441.0516649359765
3134,3417.8232851711227
3135,3397.614594775701
3136,3381.1018248303412
3137,3367.3387669791
3138,3354.779097666833
3139,3341.350200526652
3140,3326.521111952309
3141,3311.860042762667
3142,3297.0974616464437
3143,3281.1906784890994
3144,3264.860960497354
3145,3249.4541956923144
3146,3232.2371960666733
3147,3214.418632293825
3148,3198.0729538422465
3149,3182.0235971897405
3150,3165.434358634455
3151,3151.057357749786
3152,3135.2739261683905
3153,3121.3544290471536
3154,3110.7917793974475
3155,3104.592785159155
3156,3102.775909975496
3157,3102.812316901881
3158,3105.4966423975634
3159,3108.822639812134
3160,3110.4851530065343
3161,3113.8888682549828
3162,3118.030988600868
3163,3120.500267891667
3164,3120.9677869012685
3165,3120.892787313916
3166,3121.0065188625927
3167,3121.258278910444
3168,3122.3653113547193
3169,3125.662108149942
3170,3130.417535465394
3171,3135.568427100027
3172,3141.3289136662565
3173,3148.0349235838003
3174,3156.2736255705167
3175,3166.8332500427664
3176,3179.2499125040717
3177,3194.7220008676
3178,3213.352698411458
3179,3234.689256442552
3180,3258.8977022511954
3181,3285.799045172485
3182,3312.4662964367317
3183,3339.208925502813
3184,3365.8500530945307
3185,3394.5576018979054
3186,3428.320601741645
3187,3462.434133820195
3188,3500.731142539085
3189,3542.5895516511296
3190,3586.0656901729853
3191,3635.6218031960852
3192,3678.735621526182
3193,3727.742389728227
3194,3781.9125529636667
3195,3838.5800587027484
3196,3897.4766793838326
3197,3956.2075512162146
3198,4011.452984015473
3199,4066.045525737084
3200,4115.262861849192
3201,4162.072275338297
3202,4203.874257240377
3203,4241.264044660967
3204,4274.347983180387
3205,4300.104966489148
3206,4319.328134772182
3207,4334.12342091454
3208,4345.024352122899
3209,4350.746391613919
3210,4355.660307319515
3211,4358.501299644926
3212,4357.793697072047
3213,4359.323347134432
3214,4361.987157393389
3215,4365.698521132317
3216,4372.27060011682
3217,4380.967273026237
3218,4388.58850825055
3219,4394.107021106119
3220,4399.27969178704
3221,4399.694303163649
3222,4393.222463929867
3223,4385.156581083427
3224,4373.112931641008
3225,4357.920755835425
3226,4338.981168393176
3227,4318.249395198898
3228,4296.204996738665
3229,4274.658019854386
3230,4251.048506530506
3231,4227.374779536863
3232,4203.009734519611
3233,4176.20106532374
3234,4150.5880608313
3235,4127.103121426062
3236,4103.654286256029
3237,4081.1301332879166
3238,4062.6293425462995
3239,4046.8394341642047
3240,4030.6457542673925
3241,4014.9937353246073
3242,4001.1003083632454
3243,3990.8625513325865
3244,3982.1236955908516
3245,3974.687498300319
3246,3971.540757481465
3247,3972.9208984242305
3248,3978.2660069151875
3249,3982.9162513023202
3250,3989.5757771557564
3251,4000.1648416171843
3252,4012.292733911979
3253,4020.8785605713315
3254,4023.7821931054077
3255,4025.6829432329487
3256,4024.9213968966155
3257,4023.496077041601
3258,4022.088590315327
3259,4018.5009566594395
3260,4013.1353254721002
3261,4005.682894686084
3262,3996.9987540202774
3263,3988.73001365889
3264,3979.2933255081944
3265,3970.209349746223
3266,3960.9689465003144
3267,3950.2418817261796
3268,3940.2737005512354
3269,3929.459037564208
3270,3918.8998273959382
3271,3910.2161363218224
3272,3904.1242939194804
3273,3900.511895308796
3274,3900.037317127583
3275,3904.0705214858326
3276,3916.646746532086
3277,3934.0145946822954
3278,3954.866364572179
3279,3976.113668063511
3280,3999.4326330660074
3281,4025.7024495432897
3282,4054.222505234177
3283,4085.3686053816928
3284,4122.027662752347
3285,4159.939453418193
3286,4199.242056469627
3287,4238.926333972842
3288,4278.849521945
3289,4319.196467232431
3290,4362.246704550563
3291,4405.927718024024
3292,4447.372423248372
3293,4487.966747566621
3294,4525.832062716591
3295,4560.988699140271
3296,4593.396868166181
3297,4621.5479046740365
3298,4644.753735446356
3299,4662.739680607825
3300,4676.892575927495
3301,4687.19021161212
3302,4697.238310843248
3303,4709.611980424755
3304,4722.227369608899
3305,4740.296339152782
3306,4756.016342655962
3307,4776.411001576548
3308,4797.63409346369
3309,4818.43796197573
3310,4837.919669155245
3311,4855.213778418824
3312,4869.160247164281
3313,4878.039439496311
3314,4882.449527215613
3315,4888.715806901784
3316,4895.3214479304825
3317,4902.026329736078
3318,4906.479880395685
3319,4908.213678933919
3320,4908.670909503178
3321,4908.10180262619
3322,4906.171465511235
3323,4903.15794651783
3324,4900.571843467082
3325,4898.1991162040495
3326,4895.4637205198005
3327,4891.281932021956
3328,4884.235827018465
3329,4875.652453031385
3330,4868.432226698395
3331,4864.4235418879025
3332,4861.800452322429
3333,4862.474268231938
3334,4867.012369079366
3335,4869.992913412275
3336,4869.7131417060655
3337,4865.211433058505
3338,4852.403448594926
3339,4834.145399628113
3340,4816.415943706162
3341,4799.769948298296
3342,4784.010690096599
3343,4768.531474250748
3344,4752.585902652882
3345,4736.538006550989
3346,4717.180312433851
3347,4693.779825593669
3348,4668.722913354454
3349,4645.162284307847
3350,4619.203866898704
3351,4593.049485225553
3352,4566.041488720186
3353,4538.348222993014
3354,4507.103586736085
3355,4476.753925878047
3356,4443.129026122586
3357,4408.464920998002
3358,4374.513977392211
3359,4343.435035978406
3360,4316.600173851702
3361,4292.216176707285
3362,4270.4545578711
3363,4251.521949483621
3364,4235.108034841443
3365,4220.283448628917
3366,4206.155102916278
3367,4186.819708498955
3368,4169.3266682315625
3369,4151.34200084111
3370,4130.297830316377
3371,4108.703826565674
3372,4085.418185906442
3373,4063.922636364295
3374,4044.5212078769628
3375,4029.2370503992233
3376,4014.874172020669
3377,4000.66172406997
3378,3986.888829561614
3379,3969.9173031603204
3380,3951.6531692758103
3381,3929.3764883719778
3382,3903.937782754672
3383,3879.5952281665577
3384,3852.006975753243
3385,3823.1204095874127
3386,3793.2741203476685
3387,3764.4967887943303
3388,3735.0394291468406
3389,3708.5481568340438
3390,3686.8550169121145
3391,3667.9091616423793
3392,3648.2523957998023
3393,3627.357837852518
3394,3604.9015681475034
3395,3582.2859906103663
3396,3560.4473881316685
3397,3541.145197078161
3398,3523.1767556582226
3399,3506.9428353420467
3400,3494.19021991873
3401,3486.2814220454493
3402,3482.0957453432247
3403,3483.98871151941
3404,3490.9221374445165
3405,3499.418038191577
3406,3513.630610443456
3407,3530.9838597604416
3408,3550.0149047124305
3409,3569.867428680411
3410,3589.519915321376
3411,3608.3054845192028
3412,3627.5491912838265
3413,3647.5448160783294
3414,3667.412729003723
3415,3689.832505210992
3416,3713.7414849093393
3417,3738.518842454732
3418,3766.503430921138
3419,3795.7791890926856
3420,3821.2490987019323
3421,3850.102556630373
3422,3881.158674984855
3423,3911.6001050224754
3424,3940.7375063740765
3425,3968.6375900585936
3426,3994.9879256739964
3427,4019.221374735183
3428,4043.8969300303334
3429,4068.2783696612687
3430,4091.1870678609685
3431,4113.723495924051
3432,4133.998361109033
3433,4152.265118953279
3434,4168.743132645226
3435,4186.431427397938
3436,4204.94424104961
3437,4223.545665483974
3438,4243.387204973216
3439,4263.580496430961
3440,4284.456167984292
3441,4304.714041697631
3442,4323.48237322165
3443,4339.550545862642
3444,4355.694827838936
3445,4372.277736256066
3446,4390.457360875952
3447,4407.949692858542
3448,4424.90636689669
3449,4443.102025924908
3450,4460.748239608494
3451,4474.7025969949655
3452,4488.062845841481
3453,4498.824402754574
3454,4507.4598427551155
3455,4512.8074423496155
3456,4516.472816208926
3457,4518.0689410490695
3458,4516.627898264909
3459,4515.466658106478
3460,4511.785931874237
3461,4506.505840021681
3462,4499.977093759023
3463,4490.410939980533
3464,4477.737989435934
3465,4463.380681747855
3466,4446.31636088359
3467,4425.281749083486
3468,4400.811055132608
3469,4373.529076465346
3470,4342.079881791247
3471,4306.780823698632
3472,4271.351321877057
3473,4239.104395682856
3474,4212.663837618182
3475,4188.220500840301
3476,4170.746521045628
3477,4155.544158624262
3478,4145.241452513043
3479,4139.0980929845455
3480,4133.4131876007605
3481,4129.201062766785
3482,4123.292055584999
3483,4113.532505291398
3484,4099.959539105031
3485,4082.3349307125386
3486,4061.4701275233638
3487,4039.2192666640594
3488,4017.2942098193816
3489,3994.5031060653914
3490,3971.4758615253704
3491,3952.1275986317582
3492,3935.778388867222
3493,3922.645869771661
3494,3914.687361508352
3495,3909.7871282235724
3496,3908.4508392142766
3497,3909.176997439417
3498,3910.401876622021
3499,3914.1657250553462
3500,3920.6521271423517
3501,3929.7410057436146
3502,3939.8123797031317
3503,3951.102282512549
3504,3963.195507059352
3505,3975.62666987986
3506,3989.1361180247527
3507,4001.2145372394593
3508,4013.1434909082327
3509,4022.498297851926
3510,4030.3325505631124
3511,4037.5704265252994
3512,4044.3694428731974
3513,4052.047972795382
3514,4061.831732145133
3515,4068.984731173045
3516,4076.088065940452
3517,4080.62957942087
3518,4085.2572765246023
3519,4088.6607679594663
3520,4090.688765195836
3521,4090.855695451761
3522,4089.5581908654217
3523,4086.337105711776
3524,4080.5979903575267
3525,4069.5346661774365
3526,4054.1616112036595
3527,4032.3606732907
3528,4004.1236565881986
3529,3973.577522611994
3530,3943.4506590913047
3531,3912.56144755685
3532,3881.03236758751
3533,3852.893968667386
3534,3828.413561606878
3535,3806.201497897285
3536,3787.9301390352416
3537,3776.196520732048
3538,3772.2042556910615
3539,3775.4925892910824
3540,3788.040406572171
3541,3810.9079939318094
3542,3838.2780808977477
3543,3872.313560974871
3544,3907.352619495942
3545,3945.0054989589034
3546,3984.0239554224945
3547,4027.269611960156
3548,4071.9567764148305
3549,4116.262994971159
3550,4158.720447078135
3551,4197.087552674322
3552,4230.1598174060055
3553,4256.648815880838
3554,4278.535311285337
3555,4299.75762458964
3556,4317.6374707529985
3557,4335.6774219994795
3558,4351.470128621202
3559,4362.786739080998
3560,4370.304574868168
3561,4372.86296145546
3562,4372.779357301906
3563,4372.210069187594
3564,4371.149995875019
3565,4368.822659374783
3566,4365.293372832344
3567,4358.426413404932
3568,4347.860117776871
3569,4337.000104125353
3570,4325.496751970551
3571,4311.045808768036
3572,4297.0923816514105
3573,4282.043402727225
3574,4269.4054649003565
3575,4258.379015417268
3576,4249.330074000218
3577,4241.85995801215
3578,4235.809206950924
3579,4230.885626314854
3580,4227.504624988386
3581,4224.970179864502
3582,4223.95830135958
3583,4225.956041234415
3584,4229.651978873211
3585,4234.5938769933855
3586,4238.778067598441
3587,4241.307738638075
3588,4238.171743537443
3589,4228.451818717634
3590,4209.550734469642
3591,4193.10679117389
3592,4166.305983862119
3593,4132.361359932227
3594,4095.897202003513
3595,4060.386346766693
3596,4026.440687150098
3597,3997.079010619496
3598,3973.2959448496076
3599,3952.444310774083
3600,3934.792450301098
3601,3922.4639646717346
3602,3913.866426962303
3603,3909.086980528674
3604,3907.013079099476
3605,3907.825250145094
3606,3911.0796471428234
3607,3914.425292549686
3608,3914.7106337905198
3609,3913.386558486454
3610,3909.9836670660907
3611,3905.1705184759617
3612,3897.7990036498904
3613,3888.8216123636466
3614,3880.6030766217746
3615,3871.8973969266435
3616,3862.2645092208495
3617,3854.317515389071
3618,3848.361209376568
3619,3843.1421041848967
3620,3840.6994766538537
3621,3840.939158503659
3622,3841.0982354057815
3623,3841.593897291363
3624,3844.1481619875435
3625,3847.8622167585786
3626,3853.537233048935
3627,3859.3599125336327
3628,3864.203564907099
3629,3868.4459521755766
3630,3873.4594421865904
3631,3882.510771189447
3632,3894.822378926458
3633,3911.9981960485293
3634,3935.4694954133465
3635,3963.0267971400363
3636,3995.092277350928
3637,4028.783215822218
3638,4065.2927735293338
3639,4107.492747236694
3640,4153.615598566341
3641,4202.826964344021
3642,4256.372058535739
3643,4314.270462943826
3644,4372.470233595786
3645,4428.932928768695
3646,4482.715321527787
3647,4531.25893201749
3648,4573.491873143533
3649,4614.238275327844
3650,4652.581146496968
3651,4686.004438982244
3652,4716.684550167212
3653,4744.56790705651
3654,4769.099137888981
3655,4789.123265772898
3656,4805.970226600929
3657,4822.71983905589
3658,4838.97352450313
3659,4856.957808673826
3660,4876.293167318084
3661,4895.614074632396
3662,4917.315222182112
3663,4941.707390887118
3664,4969.162334509041
3665,4998.9174188110555
3666,5032.321633838473
3667,5069.180611373488
3668,5106.371127169934
3669,5142.271258343131
3670,5177.372731197004
3671,5212.273765352196
3672,5247.783712998959
3673,5286.870356790365
3674,5326.003444150646
3675,5363.869650293278
3676,5402.632319088493
3677,5437.329717200477
3678,5469.569379407134
3679,5497.875565637929
3680,5524.83336945097
3681,5549.050677819309
3682,5569.459468669926
3683,5588.643522817448
3684,5603.588015412062
3685,5614.385359852108
3686,5621.55953014948
3687,5625.864817542448
3688,5627.536460632071
3689,5626.7207482606855
3690,5622.5845300924075
3691,5615.082756605171
3692,5604.022930629409
3693,5588.782547227659
3694,5567.442652704875
3695,5541.383625056024
3696,5512.3485143399175
3697,5478.013188181447
3698,5440.056585284964
3699,5397.933311345328
3700,5350.876379396306
3701,5301.542043260209
3702,5247.922062219142
3703,5190.996515781325
3704,5132.815424361032
3705,5082.197874825375
3706,5028.0320971331475
3707,4973.870859359742
3708,4920.30164355203
3709,4865.354905498984
3710,4809.922636391373
3711,4756.286146416054
3712,4703.263054095305
3713,4653.156975357079
3714,4602.599713891195
3715,4553.430446404999
3716,4504.677920321166
3717,4456.973051774442
3718,4411.286784739868
3719,4368.964898928879
3720,4328.709322047753
3721,4290.187061634869
3722,4255.265745293554
3723,4220.4737726306785
3724,4185.103891760769
3725,4148.072945630813
3726,4109.737605724831
3727,4070.848651522957
3728,4032.6546270259314
3729,3990.953763448596
3730,3948.7047483354677
3731,3902.108705727506
3732,3853.7289408837805
3733,3804.4598214228295
3734,3754.0667882644657
3735,3703.723297998532
3736,3656.5981479493366
3737,3613.157057583076
3738,3574.3872760982795
3739,3540.1252987631538
3740,3510.8006923324597
3741,3489.320222661811
3742,3471.6602750316188
3743,3461.3250320764637
3744,3458.7311690193715
3745,3461.159210850778
3746,3467.5526169436216
3747,3479.2135362590047
3748,3496.636598252568
3749,3518.2262244153294
3750,3542.6228523946716
3751,3569.1044714308728
3752,3600.2803800776287
3753,3633.996559174
3754,3668.563342545676
3755,3704.8355694282113
3756,3744.1676496703535
3757,3788.416662146182
3758,3831.8550392369434
3759,3874.2484004776525
3760,3913.946775782904
3761,3953.60011005579
3762,3988.0985108732016
3763,4021.9779251117366
3764,4051.0479098500455
3765,4075.492794924284
3766,4096.848506889919
3767,4115.30429825219
3768,4129.75236676622
3769,4138.240640572791
3770,4144.291575554265
3771,4144.111858774498
3772,4138.8209786553925
3773,4126.239947394835
3774,4109.095460707414
3775,4089.5486607934195
3776,4067.2081730987607
3777,4044.312446451366
3778,4019.1880012934917
3779,3996.5067573178917
3780,3977.319438511124
3781,3961.5006956171665
3782,3947.567353198442
3783,3932.650417804743
3784,3917.721476978598
3785,3903.0360155085555
3786,3888.226119772594
3787,3873.1807455296866
3788,3860.512192977078
3789,3846.6954441319303
3790,3832.406358784055
3791,3815.253132693142
3792,3795.082880874553
3793,3771.4396925943697
3794,3746.5544466208858
3795,3717.929491314395
3796,3689.1469446880233
3797,3658.0414553118735
3798,3624.7387719411263
3799,3589.830619670582
3800,3553.803316782825
3801,3518.520020505484
3802,3481.485303753745
3803,3445.0713423785996
3804,3407.162367569332
3805,3370.535349147363
3806,3336.0582482843033
3807,3304.0686578214504
3808,3274.1456771371263
3809,3246.195741960629
3810,3219.2039448708997
3811,3193.3526444743975
3812,3167.500000043419
3813,3141.6862047947707
3814,3116.169016372749
3815,3094.372700208433
3816,3074.4120530432915
3817,3054.002774748603
3818,3038.147139690872
3819,3024.3527371906466
3820,3014.0712432296446
3821,3003.1020944726065
3822,2991.878948844412
3823,2981.1468462186995
3824,2969.5697616658967
3825,2956.8603936210793
3826,2944.779105798837
3827,2931.73990051395
3828,2922.559162179779
3829,2915.7568070267544
3830,2911.477370780713
3831,2910.6741990618207
3832,2911.0435314733813
3833,2912.1291890397565
3834,2916.2602047884943
3835,2922.7474097313307
3836,2928.0939382911515
3837,2935.7111330535167
3838,2946.0566910540256
3839,2959.497424310538
3840,2974.8224617854603
3841,2991.756637704456
3842,3007.743741237916
3843,3022.960914884966
3844,3039.459892014504
3845,3054.9876539041948
3846,3070.8707852407774
3847,3086.870473082679
3848,3102.9017265384023
3849,3120.0594558899397
3850,3138.3101236231087
3851,3159.7626646671333
3852,3181.564328766845
3853,3202.7312748168415
3854,3226.3207946364546
3855,3250.8639751169194
3856,3278.1977306096555
3857,3304.907422519438
3858,3334.041332152353
3859,3366.3553651999246
3860,3398.3128362927337
3861,3429.273918543732
3862,3459.8061337146464
3863,3490.434025856761
3864,3520.871718570517
3865,3549.9755960102575
3866,3580.060645247624
3867,3609.718156758511
3868,3637.7741209544643
3869,3664.0435251046492
3870,3689.4957497302776
3871,3715.7463493139244
3872,3741.82207556804
3873,3768.0145918445137
3874,3797.107429863055
3875,3831.0150301900967
3876,3860.514642474623
3877,3893.3304750207103
3878,3929.6164649196667
3879,3968.438018651949
3880,4009.2167410611496
3881,4050.401910528646
3882,4091.3403903622507
3883,4130.984037882066
3884,4170.251732375981
3885,4207.968572909039
3886,4243.152028232666
3887,4274.5205235083395
3888,4302.093262309285
3889,4325.933126281549
3890,4348.229608082501
3891,4368.085606272126
3892,4387.125443222184
3893,4405.233705327364
3894,4421.892566661912
3895,4439.726265412557
3896,4457.810575131323
3897,4477.410313774635
3898,4501.010768170264
3899,4525.023514109921
3900,4552.199596421174
3901,4581.64216967857
3902,4611.3682126731765
3903,4640.120647447342
3904,4668.283056764819
3905,4695.079146018185
3906,4721.845355321431
3907,4747.757586695426
3908,4773.133989625065
3909,4796.539940205086
3910,4819.573567443299
3911,4842.40149287638
3912,4864.229482380568
3913,4884.251227763209
3914,4902.558663380173
3915,4920.88167453844
3916,4939.723012818563
3917,4956.806506739865
3918,4973.467117365456
3919,4987.420399714358
3920,4998.5913753258
3921,5006.751098138691
3922,5011.907815407084
3923,5015.646686452352
3924,5019.670107779706
3925,5023.613475297538
3926,5027.7510755961075
3927,5031.539242876958
3928,5033.807700526259
3929,5036.784446831111
3930,5039.40650657052
3931,5041.179695689308
3932,5043.6706239478235
3933,5045.837731532733
3934,5048.746467788887
3935,5051.200297887781
3936,5052.323289091652
3937,5050.391124269875
3938,5045.693172698713
3939,5037.305326116541
3940,5025.729808703602
3941,5008.695416640916
3942,4988.215294554243
3943,4965.039204951555
3944,4940.391669834512
3945,4914.226700721897
3946,4884.333071691597
3947,4854.572881775185
3948,4824.968381855969
3949,4796.514734807183
3950,4768.012144002583
3951,4739.6454461159865
3952,4712.087194690144
3953,4684.809275326016
3954,4660.163865000321
3955,4634.736963372935
3956,4609.56372329263
3957,4584.632264750681
3958,4559.690657655683
3959,4531.3833733682895
3960,4504.733730062888
3961,4478.242954907682
3962,4451.901579918506
3963,4425.599515558479
3964,4402.288289949432
3965,4381.565410263463
3966,4362.8281947758705
3967,4346.890878855556
3968,4334.45081920269
3969,4326.501968409382
3970,4318.906233745694
3971,4313.458370843033
3972,4310.908492471741
3973,4307.059386639815
3974,4303.790377188532
3975,4301.998178404974
3976,4299.514481203028
3977,4294.206614251871
3978,4285.120671838954
3979,4274.917773365814
3980,4263.270879495787
3981,4251.96347897955
3982,4244.468620372267
3983,4238.405413411333
3984,4235.4366652628805
3985,4231.776239212475
3986,4227.262807059813
3987,4225.7798612499155
3988,4230.919324513878
3989,4241.933260892708
3990,4251.5153855422905
3991,4266.839035180421
3992,4289.551924731357
3993,4315.829562686562
3994,4346.851771753782
3995,4379.59118728207
3996,4412.747041154772
3997,4446.755459190175
3998,4479.648753236081
3999,4514.790830521386
4000,4546.221416553811
4001,4576.344508859397
4002,4605.522434016491
4003,4632.0977713145685
4004,4658.9545398278215
4005,4684.640327541905
4006,4706.967877395765
4007,4728.34695177643
4008,4749.590715879318
4009,4771.594211816634
4010,4793.737680883296
4011,4816.6206284854525
4012,4839.140151022512
4013,4861.644067527529
4014,4881.387256825431
4015,4895.321157526212
4016,4904.689989693949
4017,4910.482169290999
4018,4912.779171147089
4019,4909.244168013303
4020,4900.461487052305
4021,4890.183240132203
4022,4875.5410304367915
4023,4859.175136514704
4024,4839.711242657449
4025,4817.23303960496
4026,4793.117118217363
4027,4768.882570297109
4028,4746.017682641159
4029,4724.073806677853
4030,4704.570366877285
4031,4683.857521290587
4032,4660.6407494838
4033,4637.102499248116
4034,4610.9951650245885
4035,4584.57852132766
4036,4556.451965407913
4037,4526.543493240753
4038,4493.342176643586
4039,4457.113695233886
4040,4417.239751019735
4041,4373.696307086266
4042,4326.576002909865
4043,4277.341001653362
4044,4227.014050542185
4045,4174.323798002121
4046,4121.720633611512
4047,4075.9558805916818
4048,4028.8424986002406
4049,3979.8422847107736
4050,3931.1298183704334
4051,3882.493978946528
4052,3834.7836669355593
4053,3786.2759349512407
4054,3738.4306718665594
4055,3689.7237400613913
4056,3638.906296789669
4057,3588.45210555982
4058,3539.2157818592837
4059,3491.2089665507538
4060,3443.1951396502914
4061,3396.85326994881
4062,3352.000790398548
4063,3307.619946728616
4064,3264.1909115446424
4065,3222.1973473311778
4066,3181.4732166598774
4067,3140.597502202088
4068,3101.7188971536325
4069,3063.1884686618714
4070,3027.004233170148
4071,2992.1118793252494
4072,2956.6116966088584
4073,2919.9866715305347
4074,2884.6817771353785
4075,2849.8584946146125
4076,2814.5068238580816
4077,2779.388062717394
4078,2744.0254480379904
4079,2710.030930176233
4080,2676.1332902912
4081,2641.8960701897
4082,2610.890456700985
4083,2582.0502334313733
4084,2556.554815032664
4085,2534.8548935713998
4086,2518.4174671878445
4087,2508.8055673862937
4088,2505.739674917448
4089,2507.441150920845
4090,2514.0192549194953
4091,2524.773435606482
4092,2538.706071373108
4093,2557.064442973371
4094,2580.8953671342015
4095,2609.8265727653106
4096,2644.8923360979734
4097,2685.486534970291
4098,2730.7867428031236
4099,2781.774746406792
4100,2836.3130131367793
4101,2895.8277590545763
4102,2958.547658851822
4103,3024.2059993770004
4104,3081.328755633906
4105,3141.0091933609187
4106,3201.1544543955993
4107,3261.2065282925087
4108,3319.508241960962
4109,3374.118508950503
4110,3424.0017614648264
4111,3468.3051385115177
4112,3508.3583907043944
4113,3543.7430512116352
4114,3572.3668703260287
4115,3593.640538758961
4116,3610.238717321333
4117,3622.4076670980794
4118,3634.171685825644
4119,3644.3328912269512
4120,3654.59634778319
4121,3666.3079369295633
4122,3677.3046811664103
4123,3690.2126676726325
4124,3704.2858768142864
4125,3720.6042845015704
4126,3737.9803172143215
4127,3756.4074633319
4128,3776.989547996516
4129,3797.434155047324
4130,3818.600225388066
4131,3840.589400668252
4132,3862.5630127797745
4133,3883.82687397755
4134,3902.004512872842
4135,3914.3508168512
4136,3923.314595010933
4137,3927.7589031251587
4138,3927.5529398112667
4139,3920.8809402876705
4140,3909.452283466023
4141,3892.2813253162435
4142,3868.8905627021127
4143,3842.075286976005
4144,3809.315743100826
4145,3773.761749829457
4146,3735.9950765448443
4147,3694.7593848002302
4148,3651.8815317088793
4149,3608.4870952516103
4150,3563.4723375795284
4151,3517.145808434934
4152,3470.8756150423687
4153,3426.201464104484
4154,3381.622360920483
4155,3338.73521708726
4156,3298.4059120118336
4157,3263.888101496801
4158,3233.984192977217
4159,3210.2199840458647
4160,3193.065989341578
4161,3178.1420139488496
4162,3170.8296803383178
4163,3169.447174309319
4164,3172.7176293083508
4165,3182.7356855392813
4166,3198.738978322242
4167,3217.8306078053506
4168,3240.8785935948154
4169,3265.8355734664
4170,3292.775286634318
4171,3320.8956446916145
4172,3351.606796946169
4173,3382.950971553134
4174,3416.4028062507996
4175,3451.537879749138
4176,3488.0514757356145
4177,3524.2470054764112
4178,3558.6552158504887
4179,3590.3758045292443
4180,3622.3784028805976
4181,3651.7610810564042
4182,3679.22145111683
4183,3703.274524846974
4184,3725.501547683002
4185,3742.9533138602565
4186,3759.2332875727434
4187,3775.972363496427
4188,3794.4826980087014
4189,3814.690499246157
4190,3833.9398905899056
4191,3854.052918943904
4192,3873.7288058409376
4193,3893.9166809373237
4194,3913.187591494349
4195,3933.0282917801383
4196,3956.7500208051715
4197,3982.478829000665
4198,4009.3878078366697
4199,4034.4852421174373
4200,4060.6141140713185
4201,4086.4664082020363
4202,4110.299878719169
4203,4132.4795501430235
4204,4153.094506016592
4205,4171.059553423823
4206,4184.946351258101
4207,4195.772794809694
4208,4202.528105297725
4209,4204.589104777206
4210,4203.306074655072
4211,4196.161459607339
4212,4182.649474895149
4213,4163.853605479118
4214,4141.935477897536
4215,4116.0574966652985
4216,4086.74359922359
4217,4058.8658972505677
4218,4034.6122965340387
4219,4011.0990338276033
4220,3988.415016929266
4221,3965.2679630173966
4222,3944.818230913082
4223,3926.141659153238
4224,3913.0807251282845
4225,3904.764133126122
4226,3900.3481465777413
4227,3900.076479517546
4228,3904.340656049477
4229,3912.885068720218
4230,3927.238021108119
4231,3947.2949851121407
4232,3971.654940655252
4233,3999.464508203326
4234,4027.993258272035
4235,4055.8067405222955
4236,4082.4774153352073
4237,4109.72076261083
4238,4136.55219768219
4239,4165.082261964353
4240,4194.716556710291
4241,4225.470229369246
4242,4255.210243969781
4243,4285.301458113278
4244,4313.823864788595
4245,4339.964039067717
4246,4364.748751935455
4247,4388.310968654715
4248,4412.319996348343
4249,4436.691892541465
4250,4462.3659155092155
4251,4487.843355657392
4252,4512.3218222822225
4253,4536.927711061886
4254,4560.779300198628
4255,4583.122662942514
4256,4605.722101590858
4257,4626.4891161740015
4258,4648.679835156449
4259,4670.837085302668
4260,4693.796042948533
4261,4717.033275733263
4262,4740.666069784889
4263,4766.051717331666
4264,4788.458032929872
4265,4811.835799362742
4266,4835.405960707562
4267,4858.3319642605475
4268,4885.542739678024
4269,4911.138517632833
4270,4935.52420001646
4271,4955.513978581855
4272,4968.8800550657625
4273,4977.057450929538
4274,4977.583804727554
4275,4978.041732531828
4276,4968.84245282656
4277,4955.091572567906
4278,4937.507104395643
4279,4916.091163215848
4280,4893.9513798775915
4281,4871.63040529593
4282,4850.659381160476
4283,4831.664059888505
4284,4815.198685724269
4285,4800.020681606429
4286,4790.155686621022
4287,4784.16240741058
4288,4783.000924097564
4289,4786.383484158277
4290,4793.976711614756
4291,4802.341315630187
4292,4812.050377773034
4293,4822.815177290185
4294,4834.63470093795
4295,4849.345272159191
4296,4868.6550704796955
4297,4890.777812395563
4298,4914.740017635871
4299,4938.370280955132
4300,4961.859718771413
4301,4985.274895177367
4302,5006.6371588133625
4303,5027.6430582022085
4304,5048.715878941078
4305,5070.926795783325
4306,5093.599141737165
4307,5116.321533590197
4308,5138.356711906181
4309,5160.168839601972
4310,5179.748365978832
4311,5199.75470933929
4312,5218.827031912191
4313,5235.1740153539195
4314,5249.094847659333
4315,5261.1669762738165
4316,5273.531502017892
4317,5284.131839065414
4318,5292.456034510565
4319,5299.740830752678
4320,5303.585597009082
4321,5304.751059435672
4322,5305.0248088680055
4323,5303.980768844481
4324,5299.850118381396
4325,5294.820599147597
4326,5290.338315177833
4327,5283.481212336801
4328,5273.483288246774
4329,5259.740140011374
4330,5238.808445768607
4331,5211.378785160653
4332,5187.5149804317325
4333,5155.073270163416
4334,5114.923648069266
4335,5070.366426035693
4336,5021.380019238754
4337,4968.167257571764
4338,4908.830896405008
4339,4844.427572372531
4340,4774.391898809484
4341,4701.314247711467
4342,4625.819633501085
4343,4547.380656843835
4344,4468.076720205439
4345,4388.4511292942725
4346,4310.483125062325
4347,4233.874717396054
4348,4160.104518409173
4349,4089.8496708763237
4350,4023.056507173091
4351,3958.9849621620533
4352,3897.129027746483
4353,3837.419475475165
4354,3779.692502710041
4355,3724.486172163015
4356,3673.252137416722
4357,3627.6928387706043
4358,3586.599948438108
4359,3549.6423209958643
4360,3518.2079482890485
4361,3491.5733071658965
4362,3467.2773052145253
4363,3445.676839743129
4364,3427.127616143796
4365,3411.7405096846337
4366,3399.3497688994858
4367,3391.0090384299338
4368,3387.297923092198
4369,3389.2514271542473
4370,3394.8398210139017
4371,3404.1691980221785
4372,3416.0224748161295
4373,3430.0332616006467
4374,3446.9105756133663
4375,3469.2427091170157
4376,3497.262102460587
4377,3528.4418498454893
4378,3562.8090010319816
4379,3601.264446638078
4380,3642.9786189228253
4381,3689.22694575381
4382,3739.1240052003204
4383,3794.413650642326
4384,3855.0895859437237
4385,3919.782407407608
4386,3987.6013361646683
4387,4057.4816875124025
4388,4129.49260657752
4389,4192.142106164172
4390,4257.657502747055
4391,4323.49359465761
4392,4388.280667612723
4393,4448.7685736711255
4394,4504.022014645708
4395,4553.830310753571
4396,4598.188573717772
4397,4636.65930216189
4398,4671.479533304486
4399,4701.801248964595
4400,4727.947978948281
4401,4747.8347889804345
4402,4764.006898494255
4403,4777.245986026707
4404,4787.416108751232
4405,4796.823532221181
4406,4804.045510331142
4407,4807.839387579569
4408,4808.941324300071
4409,4807.494844706667
4410,4803.651306703526
4411,4793.951790019075
4412,4781.181976798042
4413,4765.606411739935
4414,4748.30459985641
4415,4728.492353915631
4416,4706.262478001493
4417,4681.628386165211
4418,4655.783202981334
4419,4627.135534801241
4420,4597.20209813723
4421,4566.6457432493125
4422,4535.984884769492
4423,4507.367102880477
4424,4480.602986939063
4425,4456.065547738917
4426,4434.1973510310945
4427,4413.8738609512075
4428,4394.166619574179
4429,4377.576129973839
4430,4362.334765456368
4431,4350.242349798029
4432,4337.605017980312
4433,4324.744548468238
4434,4309.895916429504
4435,4292.982041529027
4436,4273.786246201586
4437,4254.330909830054
4438,4231.313255405712
4439,4206.188456537271
4440,4179.075871256317
4441,4151.185227937284
4442,4125.380736215847
4443,4102.71764089478
4444,4082.9035256864468
4445,4071.564404329162
4446,4061.6993687483236
4447,4058.222429529847
4448,4063.0492900017316
4449,4072.9205266208846
4450,4083.811412937963
4451,4098.034574722342
4452,4114.22770669
4453,4127.324136411241
4454,4137.607423791267
4455,4146.930513690709
4456,4154.3108918943735
4457,4157.360803719706
4458,4156.941905607152
4459,4153.842761127252
4460,4149.897955580271
4461,4146.132322964705
4462,4141.251604893057
4463,4136.016285487045
4464,4130.003077657998
4465,4122.3937113362035
4466,4113.014258378344
4467,4104.780098847472
4468,4094.043200797117
4469,4081.969141811031
4470,4073.107428513037
4471,4064.9856620395817
4472,4055.3181754115285
4473,4046.887384855914
4474,4038.3561866043815
4475,4029.6947556756927
4476,4018.536830596793
4477,4004.753317791833
4478,3990.0973553820186
4479,3974.6736244891545
4480,3960.271563414588
4481,3946.15859834435
4482,3932.0982341677436
4483,3916.7383969217794
4484,3899.289307343036
4485,3881.4821292949186
4486,3860.1950604604667
4487,3839.459085497405
4488,3819.4838099766334
4489,3799.1873854697265
4490,3779.773645824881
4491,3761.3343980036143
4492,3743.300744399445
4493,3727.6738596625246
4494,3713.341759024338
4495,3699.2006570581484
4496,3685.212462711621
4497,3670.9652177237904
4498,3657.9807356281162
4499,3645.360325145682
4500,3632.1091254378857
4501,3618.575264202216
4502,3604.599719555118
4503,3592.440995712143
4504,3583.2200637815854
4505,3575.11783964821
4506,3566.873189908323
4507,3559.1966210466335
4508,3551.7574409014314
4509,3542.53946166411
4510,3533.6677696755955
4511,3522.0941367032706
4512,3511.7426232863754
4513,3504.3336523994585
4514,3496.8792275732826
4515,3489.083863019654
4516,3480.147706658244
4517,3469.7289458000973
4518,3457.39187476748
4519,3448.4553395825806
4520,3442.0924367262296
4521,3437.420018813634
4522,3434.6129783338984
4523,3430.906258867488
4524,3428.4900592237746
4525,3427.521364612708
4526,3427.6653530693725
4527,3431.6241382961052
4528,3438.40191972927
4529,3446.6060620276858
4530,3457.7737882211422
4531,3471.8062224429805
4532,3487.6175107573536
4533,3504.1033251835765
4534,3520.215920386161
4535,3538.4928524547804
4536,3558.1431188082784
4537,3581.6714698850087
4538,3605.720532876394
4539,3629.533303692508
4540,3652.6540778790604
4541,3674.410174345068
4542,3692.9189885023497
4543,3709.91542088733
4544,3726.59818015882
4545,3744.454376741116
4546,3760.2477369073354
4547,3776.3350169645996
4548,3792.5017525516078
4549,3810.132822928814
4550,3829.1119116011505
4551,3848.331050815111
4552,3869.020436594894
4553,3890.296344379803
4554,3913.487670436791
4555,3936.7563729444637
4556,3960.5913693153934
4557,3985.1729151129302
4558,4011.25854735291
4559,4038.2966208003013
4560,4061.819744699532
4561,4086.5207345063013
4562,4112.679029574017
4563,4139.919211406093
4564,4167.456740060089
4565,4195.143428632878
4566,4221.601371499049
4567,4248.081483546294
4568,4272.828193808661
4569,4295.617078860107
4570,4317.104757551696
4571,4335.918698331668
4572,4350.993158361063
4573,4361.692305537086
4574,4371.511621819726
4575,4379.698102589733
4576,4387.137969056427
4577,4394.150749398129
4578,4401.003082592398
4579,4407.843240832113
4580,4414.995781655659
4581,4424.167198337398
4582,4432.674364284919
4583,4441.871799794042
4584,4450.957800343756
4585,4459.381191527729
4586,4465.417608218839
4587,4469.60785463021
4588,4471.049775081313
4589,4469.097304250707
4590,4463.0235279906265
4591,4455.772307385368
4592,4446.637718687034
4593,4435.982400209353
4594,4424.573805594507
4595,4412.1219014594535
4596,4398.533334986174
4597,4383.692514813291
4598,4367.132343034175
4599,4349.841351230924
4600,4332.600554179769
4601,4315.946273469019
4602,4299.560500096369
4603,4282.909306582994
4604,4266.428173862298
4605,4248.077171260506
4606,4228.6990574151705
4607,4208.888451976002
4608,4187.56867008131
4609,4167.079810821208
4610,4145.869179046201
4611,4125.047960762526
4612,4104.853960820878
4613,4083.1735909175627
4614,4062.210036860156
4615,4041.544193913805
4616,4020.8990830085927
4617,4002.9378365210573
4618,3984.774286388391
4619,3967.7819523865965
4620,3953.174247142219
4621,3942.2613536236763
4622,3935.423376563587
4623,3932.4927296602405
4624,3933.118721293133
4625,3936.8604892938292
4626,3942.513505550186
4627,3948.421351502605
4628,3951.5172845043608
4629,3952.513308205902
4630,3949.436378995237
4631,3942.4038330492544
4632,3930.623244034722
4633,3913.944440772427
4634,3894.259374390417
4635,3873.2406568155593
4636,3846.589608340183
4637,3816.3808524561764
4638,3785.85503571514
4639,3754.9686160511537
4640,3723.9786451374503
4641,3695.337929925079
4642,3667.9664725701928
4643,3643.703431384285
4644,3622.664176876671
4645,3604.9931311027462
4646,3591.092388884213
4647,3578.083601671632
4648,3564.7408172345645
4649,3552.321635444604
4650,3541.55597280127
4651,3529.7638245602375
4652,3517.5558331358234
4653,3508.2846071888694
4654,3501.7112766268897
4655,3496.2103883368713
4656,3489.695074533975
4657,3483.158785220795
4658,3478.069576599808
4659,3472.855547584914
4660,3468.2527332288014
4661,3464.5069524071546
4662,3463.8590903345244
4663,3463.3699833193195
4664,3462.4433677183224
4665,3461.672707375398
4666,3461.253626945729
4667,3462.0063556420127
4668,3465.0930676320168
4669,3470.2153864659304
4670,3478.8145578770464
4671,3489.6310546539903
4672,3504.619117657439
4673,3520.5452449374484
4674,3534.4009756710566
4675,3549.105547947992
4676,3559.0932255059065
4677,3566.782071588853
4678,3572.782158930882
4679,3577.044485760381
4680,3580.3462058635128
4681,3578.7419481464904
4682,3577.18728440964
4683,3574.6490916537246
4684,3572.78178632769
4685,3571.8240962780515
4686,3569.4472271034824
4687,3569.4829316361875
4688,3571.4132820452974
4689,3573.383793899542
4690,3574.5915423126703
4691,3574.551640996723
4692,3576.8102616106153
4693,3578.7273638575516
4694,3582.462367108699
4695,3585.5140819038943
4696,3588.466583265959
4697,3592.165824461281
4698,3596.7400394255924
4699,3602.162471598437
4700,3611.010816009161
4701,3623.1287979657545
4702,3637.067076045981
4703,3651.2866537491277
4704,3664.3733916704446
4705,3677.181805714995
4706,3690.696886756774
4707,3704.256154439852
4708,3722.378862889062
4709,3744.142227569174
4710,3767.9616551712716
4711,3797.313587380883
4712,3827.034591502382
4713,3858.6415392222234
4714,3892.754541053966
4715,3929.8684839198872
4716,3968.530260665589
4717,4009.8813871633924
4718,4050.475450076548
4719,4090.390011395573
4720,4128.01682995468
4721,4162.4934689610545
4722,4194.3212206712915
4723,4222.53459983464
4724,4247.625804953198
4725,4269.590446382066
4726,4291.968296856128
4727,4316.0211647040815
4728,4342.7537150409225
4729,4372.785329912177
4730,4408.3076711066315
4731,4439.212107945807
4732,4476.301467069173
4733,4519.408064160679
4734,4566.386940622086
4735,4615.537723433422
4736,4664.308500332914
4737,4713.6972788778285
4738,4760.274827965738
4739,4806.041554004763
4740,4850.475504515625
4741,4893.8790699282035
4742,4935.5539202203645
4743,4974.4283490856415
4744,5009.897998659589
4745,5042.808170026722
4746,5072.534506606233
4747,5099.136851584704
4748,5120.713439207959
4749,5138.251707407
4750,5153.7395018317375
4751,5165.4666847614835
4752,5173.049498791905
4753,5179.1152317419255
4754,5183.37077089923
4755,5185.345197808011
4756,5185.135852785347
4757,5183.521050788102
4758,5182.1118040045885
4759,5178.743757715694
4760,5172.085262581003
4761,5162.4023506515105
4762,5150.020399611937
4763,5137.399831703573
4764,5122.448858806903
4765,5106.235189129196
4766,5088.938587318188
4767,5070.046886580563
4768,5050.8257951465575
4769,5029.530901007491
4770,5008.215831720354
4771,4986.57109126939
4772,4965.454562349292
4773,4943.243320489582
4774,4920.665130621003
4775,4898.602333050572
4776,4874.553121997376
4777,4850.924259731968
4778,4825.319449132676
4779,4795.259375935174
4780,4762.338850435359
4781,4726.08865302752
4782,4686.45418211482
4783,4644.649994244617
4784,4601.240691719732
4785,4556.32014356916
4786,4513.296157873207
4787,4472.231857983077
4788,4436.5059170786635
4789,4399.694390804629
4790,4362.736423048293
4791,4327.27531497782
4792,4293.5029514636935
4793,4261.367238773335
4794,4231.36263297513
4795,4204.163946744174
4796,4179.642497511532
4797,4159.126791317318
4798,4144.477388278884
4799,4136.093091301711
4800,4134.290911034152
4801,4137.46755846311
4802,4147.457776706073
4803,4162.744040900255
4804,4182.926023835014
4805,4205.748286994705
4806,4232.83105181802
4807,4262.490665588912
4808,4294.633238767938
4809,4328.200028155619
4810,4361.732419759317
4811,4396.276029206657
4812,4432.406966863059
4813,4467.5640640172915
4814,4504.10425484106
4815,4539.5208310324015
4816,4573.121032171525
4817,4605.169324857425
4818,4635.986653218037
4819,4663.956124153659
4820,4688.468941771402
4821,4710.402517898926
4822,4729.959427376857
4823,4744.589817450221
4824,4757.223828050859
4825,4767.602105163299
4826,4776.96024040436
4827,4784.744613654398
4828,4790.396532177982
4829,4795.405416999859
4830,4797.816121907972
4831,4799.55904381232
4832,4801.747612762345
4833,4805.025592996603
4834,4808.864123057269
4835,4813.678254200051
4836,4819.395975277537
4837,4824.877410896924
4838,4832.550623556603
4839,4841.698091470385
4840,4852.456265991723
4841,4863.619642515604
4842,4875.866178664595
4843,4887.704392282799
4844,4899.5921131486975
4845,4909.93443030203
4846,4921.062924721052
4847,4931.109377989165
4848,4936.590148327711
4849,4937.05792471331
4850,4930.948105978039
4851,4917.331142669314
4852,4895.868293615264
4853,4866.745430902079
4854,4828.58848841079
4855,4785.352080929237
4856,4737.574705889345
4857,4684.469793493179
4858,4626.929804108779
4859,4566.467327347334
4860,4504.791396912591
4861,4443.580039585168
4862,4382.632070910246
4863,4323.422678591598
4864,4269.932575324512
4865,4217.313039613993
4866,4165.099235981083
4867,4115.897326038922
4868,4070.806091705831
4869,4030.3517851444885
4870,3996.3509629859673
4871,3968.679855236733
4872,3949.1346048243586
4873,3935.5699886347293
4874,3925.6292392587543
4875,3917.035032613256
4876,3910.4746078931835
4877,3904.8492039264
4878,3901.374054615885
4879,3901.843358987616
4880,3907.484165606287
4881,3919.6682719165938
4882,3936.3300950529733
4883,3956.9928949163773
4884,3980.5244530113714
4885,4006.04510311789
4886,4033.306224380399
4887,4062.3820345337626
4888,4094.0918774220027
4889,4125.447200634403
4890,4158.478255193626
4891,4192.454692626449
4892,4224.426055196318
4893,4252.991031758786
4894,4279.635137990668
4895,4301.099182832576
4896,4320.2024571672255
4897,4335.3256367772465
4898,4348.295538869511
4899,4362.170672768738
4900,4377.547341664074
4901,4394.170353844171
4902,4408.632374440854
4903,4425.387242844231
4904,4444.267694155386
4905,4463.897517606967
4906,4482.2936826160485
4907,4498.771695154174
4908,4513.41217508323
4909,4524.0051333126985
4910,4530.954061236525
4911,4534.6979104415395
4912,4535.85152902139
4913,4536.1402186788755
4914,4533.664190002578
4915,4525.819088832332
4916,4515.7617903177115
4917,4505.342694874084
4918,4492.784608754004
4919,4480.835549060086
4920,4467.763135826572
4921,4455.462922331278
4922,4443.901185168527
4923,4431.148272800527
4924,4417.037823683714
4925,4402.419943570775
4926,4388.161933507715
4927,4372.104092675327
4928,4354.531457786208
4929,4335.225153437257
4930,4315.161675907247
4931,4292.245099602344
4932,4265.412848153108
4933,4235.486763086185
4934,4202.919925002135
4935,4168.858689465818
4936,4133.069943542645
4937,4098.045999793643
4938,4062.8497544489824
4939,4026.2943254088323
4940,3990.484091429963
4941,3953.26109221578
4942,3918.333474466387
4943,3884.054672257635
4944,3851.671444780329
4945,3818.5847986780905
4946,3786.2198758095096
4947,3754.44879511641
4948,3725.117369987559
4949,3695.5395535947087
4950,3667.4112126737873
4951,3641.8775476789374
4952,3617.0171691498153
4953,3592.4563488568488
4954,3566.498549291038
4955,3545.803826182373
4956,3527.9248106528403
4957,3514.269618029363
4958,3506.57766546078
4959,3499.8856667261116
4960,3500.0131066667127
4961,3503.9793676493236
4962,3510.7566339683567
4963,3519.482552170878
4964,3528.4185901538044
4965,3537.237006048708
4966,3543.543638988
4967,3548.1826580755514
4968,3551.944306838767
4969,3553.9817959647794
4970,3554.990247553781
4971,3556.3335005955573
4972,3556.4830838394478
4973,3556.2555900162038
4974,3552.5078135288327
4975,3547.528310760439
4976,3540.373742621653
4977,3533.436416524968
4978,3525.7172033631127
4979,3516.6287395182403
4980,3506.6058513916787
4981,3498.0159465977436
4982,3490.379047655974
4983,3482.091213248205
4984,3476.5402170867283
4985,3472.335863514765
4986,3469.266194768425
4987,3468.962748671077
4988,3469.6246287747326
4989,3471.925656956375
4990,3474.756925051473
4991,3479.6132748758655
4992,3486.7271140897647
4993,3495.2892745567815
4994,3506.85543628525
4995,3520.9666255851107
4996,3538.493359237372
4997,3560.6252878244154
4998,3587.586589126654
4999,3619.155331298189
