,0
0,395.4405533182039
1,731.2441462446869
2,1016.6745060045431
3,1260.0848604238238
4,1468.410904246912
5,1647.5107119834197
6,1801.390757799328
7,1937.1782246674645
8,2054.680939147939
9,2155.756131887847
10,2243.0730307476306
11,2318.095921725286
12,2381.86603862116
13,2436.8497306616155
14,2482.079872462381
15,2519.472791444099
16,2549.3381199970486
17,2570.792171283534
18,2584.320375119605
19,2589.8687806384905
20,2590.147130446016
21,2587.1445475073097
22,2582.525098815614
23,2576.7681271626666
24,2569.1745745109915
25,2559.2862921377828
26,2547.6475994342527
27,2534.6886376969132
28,2522.4227145811374
29,2510.861162069926
30,2499.8284878530967
31,2491.029874094793
32,2484.324037523068
33,2480.9006970555693
34,2478.9885596884224
35,2478.563816574492
36,2482.628749035679
37,2488.774341771269
38,2496.921063292172
39,2506.908120837727
40,2523.0150226714127
41,2539.4419588103997
42,2556.325535076441
43,2572.9904213365467
44,2589.672019251019
45,2607.9621938543223
46,2625.5319059802637
47,2644.8624977359577
48,2666.3743949222367
49,2690.2431240270316
50,2715.11165251306
51,2741.400841597561
52,2771.1853303619755
53,2800.9677040399606
54,2829.5149115817944
55,2856.9930572111853
56,2881.5463091743413
57,2902.907638382288
58,2918.935388621441
59,2928.0475416999598
60,2930.4366656987518
61,2925.813280889358
62,2916.2103156688104
63,2900.8141652628215
64,2878.600600482815
65,2854.2279732289257
66,2828.503495236734
67,2802.4735305560985
68,2776.627458853951
69,2751.1877613222423
70,2725.295748498096
71,2700.9282855302454
72,2678.7793960445133
73,2660.157459922696
74,2646.4325138285553
75,2635.238228495057
76,2627.3474018734446
77,2625.2104897425893
78,2623.244148954343
79,2624.289647629191
80,2627.8506665783807
81,2633.9861599925753
82,2640.3919060694093
83,2647.275913942474
84,2656.05105914027
85,2666.4652780258407
86,2676.360825342331
87,2684.710242656334
88,2694.3010983406048
89,2699.867188796696
90,2702.8844468684656
91,2705.025413528905
92,2705.6953392383825
93,2707.1652995446248
94,2709.1013851487123
95,2711.7482366059567
96,2715.9760724330695
97,2719.9429520841736
98,2724.901936614199
99,2731.7427994149543
100,2737.5516067778735
101,2742.6333998024907
102,2747.768460805683
103,2750.3293944697166
104,2752.202889805408
105,2752.8287462282315
106,2752.070303915224
107,2750.216240545358
108,2748.0524228276554
109,2745.735642245754
110,2746.8771036442618
111,2751.5552936662507
112,2760.5609778500707
113,2775.0053050226766
114,2787.5718696628437
115,2805.6677668527896
116,2829.263893714449
117,2858.8170265850626
118,2893.6761918156544
119,2933.1242207471337
120,2977.547051114457
121,3025.985766605241
122,3075.613084206154
123,3125.732312478916
124,3176.1466790973827
125,3225.9341960968936
126,3275.9668418523133
127,3325.950302681635
128,3376.470085934178
129,3424.3369309396567
130,3468.559267938178
131,3511.3708712229395
132,3552.6926695068455
133,3591.9709444388423
134,3629.6704055118785
135,3668.2709869144815
136,3704.8210503319588
137,3740.3872942828057
138,3774.4982575864365
139,3808.986967661879
140,3841.6302670690934
141,3873.0532405027866
142,3902.9217490771753
143,3932.6507340779426
144,3962.2911166594326
145,3990.5976761009424
146,4016.8559837395223
147,4043.255280602801
148,4067.4697178301667
149,4089.7961829120827
150,4110.222384190761
151,4130.106914092968
152,4149.0694448549
153,4165.437605466878
154,4178.866919844364
155,4188.749426533134
156,4194.791718000098
157,4197.749454320025
158,4195.779635762316
159,4190.518487309146
160,4181.114815400929
161,4168.241989316509
162,4153.13899014973
163,4135.398758654094
164,4116.253336400809
165,4095.01441572564
166,4069.9100221515378
167,4040.1499011441765
168,4005.468343210259
169,3965.865964238413
170,3920.511885658048
171,3881.05383729313
172,3835.485296049499
173,3785.5305621996868
174,3732.130563690096
175,3676.2953241245596
176,3620.213642701477
177,3563.246944141402
178,3506.2433494558386
179,3449.5679445315577
180,3392.9583778813844
181,3336.54727072052
182,3280.4467385178937
183,3224.902035002305
184,3169.761904343221
185,3116.1558049862215
186,3063.5059469316993
187,3011.133188905113
188,2959.7826755621472
189,2909.004116498907
190,2859.6771367166048
191,2811.8434179666624
192,2766.906142635096
193,2725.8412319948056
194,2686.0035197792813
195,2649.255668784129
196,2614.946131092968
197,2584.0104084931354
198,2555.7581266427624
199,2530.529836268959
200,2508.787666310974
201,2489.5160259977197
202,2473.2237364294433
203,2459.5936372255405
204,2448.736936445742
205,2440.0302597787604
206,2434.2773273534317
207,2431.641881425596
208,2431.255826492338
209,2432.709624109266
210,2435.9182404385565
211,2441.338679018159
212,2448.1315885297254
213,2457.195700539305
214,2470.3338903653976
215,2486.4205081488903
216,2506.9765833355277
217,2532.1750511254318
218,2560.7709234016766
219,2594.203364492888
220,2632.2409636180164
221,2675.5999879709143
222,2723.725703250059
223,2776.082922413692
224,2831.668976594763
225,2890.066341004382
226,2950.42433050804
227,3012.152068628636
228,3065.8552007935546
229,3122.961048519758
230,3179.7756134526135
231,3235.5864597768286
232,3289.0164861886124
233,3340.8841401085174
234,3389.1569635639066
235,3434.0879608863806
236,3475.073178551581
237,3512.620659830375
238,3547.884805480397
239,3579.846373395737
240,3608.0749615280524
241,3634.199750416494
242,3658.252616818384
243,3680.1468897555565
244,3701.835312954864
245,3723.3567216919537
246,3745.8755953774007
247,3768.7209386109735
248,3790.584106955388
249,3810.720385683139
250,3829.429881029232
251,3846.7505620307656
252,3861.970461602067
253,3875.5056510598115
254,3888.266356474829
255,3902.2745119848996
256,3917.686028871159
257,3932.2231775129267
258,3942.417639321493
259,3950.3678187996525
260,3956.6861361400843
261,3959.01341220394
262,3960.672144397478
263,3962.5028840665627
264,3963.956144860637
265,3966.13577711148
266,3968.2564455921197
267,3968.138167440126
268,3965.8842751054194
269,3960.4849885677545
270,3953.2313687682663
271,3941.2825153635213
272,3925.781669383796
273,3905.625593971777
274,3881.1328705118085
275,3852.2245804539657
276,3817.958069045965
277,3780.2816960523655
278,3740.3803578702205
279,3699.838933730985
280,3655.782792105288
281,3611.455546222411
282,3569.456738070805
283,3529.407832652856
284,3493.360966586002
285,3462.000193107839
286,3435.7579296711797
287,3412.882294954007
288,3391.987796401291
289,3375.115982536709
290,3361.9608309741443
291,3351.3423129307484
292,3343.489610034383
293,3336.197571532385
294,3330.342655092375
295,3325.849406897586
296,3324.6222110230287
297,3327.083080226866
298,3333.2208038206095
299,3341.636716140405
300,3351.4177776428505
301,3364.6565391896697
302,3379.728967478943
303,3399.2949116905297
304,3420.8043880166306
305,3443.8967110419403
306,3469.76608405344
307,3494.6051715239955
308,3519.3434183421546
309,3542.4035493783426
310,3564.4619988607233
311,3586.1257179549903
312,3607.6550473572033
313,3631.78698709596
314,3657.1608467565234
315,3683.3661164215946
316,3711.689295121172
317,3739.381276650041
318,3767.127625242046
319,3792.962652944596
320,3817.6249286369566
321,3844.398154707638
322,3870.828618016415
323,3895.042220225532
324,3918.337756405129
325,3941.82747983179
326,3963.305973562383
327,3984.046227714803
328,4003.9250783458797
329,4022.2939476784754
330,4039.9155699084936
331,4056.922359345691
332,4073.2400031364373
333,4086.574948469934
334,4097.937171720718
335,4108.753363003666
336,4117.053568002342
337,4123.451729479171
338,4128.553190644741
339,4129.124244517404
340,4126.881866768921
341,4121.406490435915
342,4116.6429130261995
343,4107.626189499373
344,4098.606926670093
345,4090.093341553462
346,4081.0595427841904
347,4074.719140870155
348,4071.3879828418458
349,4071.9386521003416
350,4075.508035482713
351,4081.2162674621013
352,4087.8951300028093
353,4094.077327985326
354,4099.345244443988
355,4104.694461934465
356,4110.27927242585
357,4112.949058616828
358,4111.342200217424
359,4107.471708654648
360,4101.952596603844
361,4094.9399649021584
362,4086.975754746028
363,4077.7788626830215
364,4069.028556729538
365,4057.4177855863213
366,4045.103079433097
367,4032.609156827484
368,4017.521105189446
369,4001.9083212288224
370,3984.6574355465905
371,3966.930611930575
372,3947.4757182656545
373,3927.574422126394
374,3907.1938041552885
375,3884.47415534264
376,3859.966238003797
377,3833.2531177152036
378,3805.9309465516567
379,3776.4746367367857
380,3746.26136233789
381,3714.4792820220346
382,3682.4686106955774
383,3648.875426326948
384,3615.460323079111
385,3582.521755289161
386,3549.2673709269197
387,3514.5736577523094
388,3480.5754078746336
389,3447.944377509308
390,3417.9997034030425
391,3389.8630368592253
392,3363.3961779461742
393,3338.4947936840717
394,3315.8140609542147
395,3293.873854369159
396,3268.8825051757385
397,3241.2898346528214
398,3209.0694238833858
399,3181.037666513977
400,3148.8771264384845
401,3113.9922930786374
402,3076.877446977533
403,3039.1635826904503
404,3000.9810264504486
405,2964.4986366887474
406,2928.5727833140504
407,2894.907427585848
408,2861.419488680168
409,2829.64252392643
410,2799.9132281041393
411,2774.602155557786
412,2754.342686485591
413,2737.585606590097
414,2725.868741370016
415,2718.2596419396805
416,2714.1655135022547
417,2713.3870684075296
418,2715.380561324076
419,2717.4219889113715
420,2719.1267819698414
421,2721.6754265989957
422,2727.689802909931
423,2734.0755585389347
424,2743.35806958325
425,2756.6912807034364
426,2772.874011994939
427,2789.341588680513
428,2806.3760896110953
429,2824.281114570694
430,2841.5463692643493
431,2860.957888821559
432,2880.384248667212
433,2897.9467860153986
434,2918.101581617502
435,2936.433571079363
436,2955.8381262236817
437,2975.5695669269235
438,2996.424938486522
439,3017.303278907007
440,3036.3084929411234
441,3056.6105129689786
442,3074.6517527077503
443,3092.2272717847463
444,3108.2837023032557
445,3124.6839050990043
446,3139.90390854345
447,3152.227236558328
448,3162.946332933165
449,3175.4748741685394
450,3187.780734956965
451,3198.592086559729
452,3208.9437148106144
453,3216.1194420591955
454,3221.0372423319864
455,3224.7406897982596
456,3227.9626890939176
457,3227.8991762461624
458,3225.8926780663373
459,3222.732013567691
460,3218.371072958533
461,3212.283525080091
462,3203.8598640549485
463,3194.2673401216866
464,3182.999546960899
465,3170.7546890022627
466,3156.0781112031946
467,3138.8623085085733
468,3120.2171319868403
469,3099.9587804926723
470,3076.869539606703
471,3053.345133930554
472,3028.7078712975567
473,3004.186569431228
474,2979.208126791164
475,2954.7121002449344
476,2927.8829896786033
477,2901.395838770933
478,2875.81012170791
479,2852.881517507524
480,2833.26977772258
481,2814.5467396690524
482,2795.85589283783
483,2778.21893943019
484,2761.437469216054
485,2745.5357279071295
486,2731.9741927231535
487,2720.001032002032
488,2711.766792599003
489,2707.0684214269013
490,2704.985693067052
491,2705.0974319696293
492,2705.7418205965173
493,2705.128016170762
494,2707.0408499731802
495,2709.2828377652645
496,2711.7468044829675
497,2714.565095825338
498,2720.930357609676
499,2730.2746954558365
500,2743.7870502319197
501,2758.4795127251796
502,2774.7318040265814
503,2793.7419584472336
504,2817.4437588022943
505,2843.0327498090187
506,2870.6608150159414
507,2899.923906256985
508,2930.004963353599
509,2961.288633623383
510,2991.439768279119
511,3020.606652900957
512,3048.222217677655
513,3072.2477590333824
514,3096.9273553286394
515,3118.6754244361623
516,3140.248246539457
517,3159.323213400912
518,3176.894372271884
519,3192.447443992723
520,3204.172345893631
521,3213.9257612852753
522,3223.9780365455654
523,3235.5305419775846
524,3247.412464104631
525,3259.7024276392085
526,3273.9525922843463
527,3289.199626316617
528,3302.8134807805714
529,3315.660811838581
530,3328.3704409395878
531,3339.988747385881
532,3352.5328962652384
533,3367.0028031555357
534,3381.9281140332973
535,3399.0001080530665
536,3418.1850543879696
537,3438.8926753103333
538,3461.0166561812266
539,3481.8978022593997
540,3500.818555454235
541,3517.5168205586847
542,3533.132419949923
543,3543.425114754007
544,3552.4188679147096
545,3559.713361978074
546,3565.773631289818
547,3570.855024989393
548,3574.4870597523704
549,3576.108911362188
550,3577.0031053440703
551,3576.9187654156012
552,3576.228259425358
553,3575.5991652132975
554,3575.3547441904166
555,3575.374460258458
556,3570.789503571031
557,3563.823266647385
558,3553.7106456747642
559,3538.8913232645505
560,3521.954433922138
561,3503.1208160188435
562,3482.2601190268165
563,3460.938752599434
564,3436.2149661120793
565,3409.640834166938
566,3382.4353534943957
567,3355.45846681546
568,3326.281984169341
569,3297.4291175813837
570,3272.327123649861
571,3249.104144408165
572,3229.0830895810413
573,3211.458497915008
574,3194.577472404717
575,3180.835098721891
576,3168.5153537732904
577,3157.231894589495
578,3145.360739195617
579,3132.767793683011
580,3120.382219130444
581,3109.7928899669346
582,3098.2783211436085
583,3086.460891708642
584,3073.951479803664
585,3062.274079920842
586,3047.9218059924574
587,3032.644170321037
588,3016.197542073319
589,3000.1499422791544
590,2985.1707656801877
591,2970.870039734724
592,2958.278339264011
593,2947.2291155923945
594,2938.9115030732864
595,2934.76006019231
596,2934.6919861910233
597,2937.5331793969704
598,2942.1892509086356
599,2949.8664784150506
600,2959.837384948604
601,2971.09275057234
602,2982.401847989118
603,2993.8603222048428
604,3004.8243475693635
605,3015.9823975431827
606,3025.651534629605
607,3034.9246754005767
608,3044.086483250606
609,3054.62149780138
610,3066.374383759976
611,3078.66917002065
612,3091.014835894486
613,3102.530484311995
614,3115.4029934983137
615,3128.9657975686514
616,3142.762325718049
617,3156.770523709701
618,3169.7352665605254
619,3184.6992832492733
620,3202.3594906694925
621,3218.8766587714595
622,3233.9921368294
623,3246.3562499994705
624,3255.215522766108
625,3263.6307883488585
626,3271.4645789177616
627,3278.2799767127076
628,3284.665584678714
629,3291.329064934217
630,3297.05482261542
631,3305.580516516731
632,3316.638882388168
633,3331.0241704806126
634,3349.636202379844
635,3370.277020023405
636,3393.625470918099
637,3419.6035506258545
638,3446.5689741335063
639,3474.6960560057078
640,3503.5623056471563
641,3533.9218744850587
642,3565.3680110708224
643,3597.542109617122
644,3627.725946077468
645,3658.284576206689
646,3686.0507744133456
647,3710.517204729319
648,3732.4893122629087
649,3748.7870368639315
650,3763.917516663711
651,3777.564665186916
652,3787.4198795728917
653,3794.0264163088923
654,3797.348328768402
655,3799.4559313807067
656,3798.077494248894
657,3795.5749986103574
658,3792.0926862372644
659,3787.783274125325
660,3784.195766535316
661,3778.010094571108
662,3769.617261237442
663,3759.5177304447247
664,3749.176253423171
665,3738.0721144403
666,3727.5540656536828
667,3718.5611762596204
668,3708.4799960924556
669,3698.915303021002
670,3689.360479491059
671,3679.4662312225732
672,3670.6698003643996
673,3662.913388608181
674,3658.0921966814763
675,3657.787432292506
676,3661.1776218967575
677,3670.453772225783
678,3683.416028252331
679,3698.720857950892
680,3714.825292700288
681,3731.2677924591776
682,3746.4886596807446
683,3759.39485188249
684,3770.623239098008
685,3779.394731334274
686,3787.4212027501444
687,3791.3453857794675
688,3790.446488483518
689,3783.6321961779054
690,3770.330336791907
691,3751.147796428576
692,3726.2349357371795
693,3695.8562062808023
694,3662.690148184702
695,3626.7496532662117
696,3587.117587322364
697,3545.790094905314
698,3502.4273800116775
699,3459.363585503343
700,3416.4279851893057
701,3375.42046710322
702,3338.3242675452475
703,3305.9834921728466
704,3277.3986805331024
705,3250.8301274437945
706,3227.5638346462533
707,3207.677042118515
708,3190.58238670283
709,3177.1629548371416
710,3167.120182008453
711,3161.853169669877
712,3158.2219714482026
713,3157.15600318921
714,3158.1087020409427
715,3157.9308264856145
716,3160.659157166892
717,3163.187467965064
718,3166.227200459811
719,3172.166794029336
720,3182.107159134484
721,3194.404282419532
722,3206.2564602981347
723,3217.1454393695362
724,3225.443977009083
725,3232.1158621402324
726,3236.751690901428
727,3239.5933582670427
728,3242.172501175111
729,3244.0150512121445
730,3246.8530724490597
731,3250.6604580460794
732,3250.8265368222487
733,3249.7457356258346
734,3246.4363291762297
735,3239.292773952997
736,3230.292476842312
737,3222.87731441423
738,3215.111326091915
739,3213.411422071123
740,3218.6582019259567
741,3223.2229003996617
742,3235.1519235919086
743,3253.850464511462
744,3276.603262031924
745,3300.8563903506265
746,3326.398332074249
747,3350.9411898213593
748,3373.883688216966
749,3394.4125844212645
750,3415.2399501429263
751,3435.3415646508615
752,3455.3216509059716
753,3473.91994914909
754,3490.84708257561
755,3508.0415404087767
756,3524.478980195318
757,3540.7076498374104
758,3555.5040241850475
759,3569.8392100406227
760,3582.8753285742077
761,3593.9649635362566
762,3602.1423179426224
763,3606.4964040797245
764,3609.5133302731238
765,3608.2686850729924
766,3602.903614374803
767,3595.168704244059
768,3585.2097368555656
769,3572.070720410502
770,3557.5215809614415
771,3539.3636479975876
772,3519.3651834239613
773,3499.8137841132184
774,3483.0299517233034
775,3467.3091982829233
776,3453.015038732801
777,3439.782483830003
778,3428.9258744741505
779,3420.029788018956
780,3411.26743712264
781,3403.5941084919205
782,3397.9497989748756
783,3393.5480558487197
784,3390.6294927638146
785,3390.2216278255205
786,3391.0220550836943
787,3393.1969969866554
788,3395.5572486584124
789,3397.87040153934
790,3397.7710375790857
791,3396.524735624585
792,3395.334091872916
793,3395.210094906388
794,3395.3258665228645
795,3397.177787776212
796,3401.338485697478
797,3409.165010547887
798,3415.9740871677427
799,3425.6653509745774
800,3435.868188722438
801,3445.825710359253
802,3456.033960026181
803,3463.266414814007
804,3469.4388567728993
805,3472.7380081869055
806,3472.0713441883695
807,3468.871471921326
808,3465.0929835548445
809,3459.4588779949504
810,3453.6639726993417
811,3448.1060719260645
812,3442.629803443403
813,3439.0529673826986
814,3435.7444298323535
815,3434.2571874770856
816,3435.4508638959683
817,3439.169721429279
818,3447.3189734590865
819,3458.1251103637683
820,3470.1783242622123
821,3483.979324059173
822,3501.912130444851
823,3519.103372966224
824,3538.40769267869
825,3557.942893002791
826,3575.738084503467
827,3591.1936040932605
828,3604.0418556641334
829,3615.435969720642
830,3625.100646792843
831,3632.394348336344
832,3638.3515818761052
833,3643.635606317566
834,3646.027361340177
835,3645.7575524579174
836,3642.8475224331237
837,3636.690951837016
838,3628.858235015163
839,3618.348684689477
840,3606.662966108602
841,3595.7417603282734
842,3585.3188370456073
843,3575.4640463928
844,3567.205048430108
845,3560.5634879944473
846,3552.5353879786276
847,3543.924723618213
848,3533.045483335917
849,3521.3272901308037
850,3509.6038632425457
851,3500.2987341823923
852,3494.7148159740077
853,3492.091756026889
854,3494.172628464918
855,3495.982987486002
856,3501.8175002322196
857,3511.5049100971846
858,3522.8659550657835
859,3534.8008599711475
860,3546.0051209826297
861,3555.72409317012
862,3562.951467341517
863,3568.8470475868276
864,3575.2043306347837
865,3581.154691108568
866,3584.9213707105
867,3586.551531983006
868,3585.812458311174
869,3582.8424782392785
870,3580.2586852177037
871,3573.48087081425
872,3563.459116567012
873,3551.648908246367
874,3536.12291421829
875,3521.5363387732605
876,3506.4447366624986
877,3490.855238788076
878,3474.160754153573
879,3459.3447711282397
880,3445.0261200348787
881,3431.568876695123
882,3421.147131612025
883,3412.638616484087
884,3405.511313262126
885,3398.7485508212876
886,3391.3556696296887
887,3385.2228773993124
888,3380.586133200811
889,3375.7293880788375
890,3371.8921234769887
891,3368.4231284054545
892,3366.034759793984
893,3364.2112679198917
894,3360.4573065389727
895,3355.900950857438
896,3352.862589411422
897,3349.236119997709
898,3344.988858735521
899,3338.441620115747
900,3329.4563345348292
901,3320.2102945922015
902,3308.2182852441183
903,3295.881863901451
904,3284.4533849753448
905,3272.8293141388503
906,3262.0088618161944
907,3250.114976511405
908,3239.036765102005
909,3229.9334651289428
910,3224.2657912404698
911,3223.2573804317344
912,3222.3800630281353
913,3225.608817338457
914,3233.359863384212
915,3243.704870117691
916,3258.316621314393
917,3278.621314206368
918,3303.8131988980754
919,3333.5481340645956
920,3366.399577021666
921,3401.1343929983095
922,3438.534716520851
923,3478.3241867308107
924,3517.4107001018438
925,3556.362098050001
926,3593.062224022701
927,3628.2159047709483
928,3660.0571345224475
929,3690.1784193252397
930,3715.7528115424184
931,3737.2779792828546
932,3753.8014445322824
933,3766.1078916188435
934,3776.832751401103
935,3785.428807091934
936,3790.162405076088
937,3792.833644451345
938,3794.379515424928
939,3795.0920717469953
940,3793.6126748638635
941,3791.594852718916
942,3788.65186452571
943,3785.90766211512
944,3779.7663671179735
945,3773.241559527513
946,3765.3340454154863
947,3756.8516811400823
948,3746.2341686670766
949,3734.777873817822
950,3724.0105705077667
951,3712.1817584419687
952,3700.553521038089
953,3689.1763337619877
954,3677.706634004048
955,3665.441061038837
956,3652.617156239022
957,3638.2319256284654
958,3623.2337424224584
959,3608.358749413166
960,3593.574127210242
961,3578.150044509265
962,3561.9275323317456
963,3547.781165483274
964,3532.6722994423967
965,3517.2081459270553
966,3499.5461633444047
967,3479.2730818116597
968,3455.0705048068976
969,3434.0142628127546
970,3410.360120641127
971,3383.20608997517
972,3353.4378833737583
973,3321.2844357723457
974,3285.7856713148476
975,3246.161228630951
976,3203.7299057217665
977,3158.573516824547
978,3114.093534865284
979,3071.171150859708
980,3030.0728810221053
981,2991.9994393238157
982,2956.053324872355
983,2923.772336163707
984,2893.2898180569387
985,2865.921815648172
986,2839.9982893721644
987,2816.148575597481
988,2795.064021893225
989,2776.990954160338
990,2761.9019428116
991,2749.0954144205853
992,2738.144035921804
993,2729.4269005502383
994,2723.5853123585857
995,2720.532643829018
996,2721.7149439127015
997,2725.710630002096
998,2731.349934650521
999,2739.1430765475197
1000,2748.9325947390735
1001,2763.5823633961563
1002,2781.157999846484
1003,2800.9810801262047
1004,2822.761751177981
1005,2847.2479022152174
1006,2872.6740361620164
1007,2899.3157138401907
1008,2927.218204685568
1009,2954.4917811348005
1010,2983.1147167405907
1011,3012.4684837867744
1012,3042.1144347423156
1013,3071.6906823696763
1014,3099.149485199074
1015,3125.3976875919666
1016,3149.208189394449
1017,3170.3816009917064
1018,3188.3321339914437
1019,3203.786538829761
1020,3216.629060857487
1021,3228.4247463320444
1022,3236.856944226003
1023,3242.1064016319547
1024,3245.982444049165
1025,3246.861779705839
1026,3247.6268017271454
1027,3247.0534076630506
1028,3246.0360942496186
1029,3244.959088375181
1030,3245.4470234861815
1031,3246.656225528404
1032,3248.9473576788128
1033,3252.0933917093166
1034,3255.378031385067
1035,3260.296936211087
1036,3265.7482551718226
1037,3272.9034696921335
1038,3281.091824637715
1039,3290.1441714341645
1040,3298.7268227322425
1041,3305.8856447228586
1042,3310.885467877566
1043,3314.863884127907
1044,3315.9482890646086
1045,3314.01642171858
1046,3310.1029659283618
1047,3304.5959461367524
1048,3295.6702664965756
1049,3283.582103938422
1050,3268.5816198901693
1051,3249.6708702086485
1052,3229.4516294883524
1053,3206.906168460125
1054,3182.893466720861
1055,3158.676303005847
1056,3132.9762665792537
1057,3107.3998015204625
1058,3081.31043526958
1059,3056.670996803183
1060,3033.5657378641517
1061,3012.4342427526362
1062,2992.2739963559766
1063,2971.6286776151164
1064,2952.7454546044587
1065,2935.509411101058
1066,2919.642741719378
1067,2904.309285056812
1068,2890.099891750686
1069,2879.0056688211575
1070,2869.884691301778
1071,2863.5218249947666
1072,2860.788674720819
1073,2862.8896692806616
1074,2868.900842980928
1075,2879.945130943586
1076,2896.822465886835
1077,2919.349288733551
1078,2947.2740384545386
1079,2979.221195824367
1080,3013.6582187480435
1081,3049.426845452895
1082,3085.184198174115
1083,3116.2930950415753
1084,3147.9992415132474
1085,3180.7889621576596
1086,3214.8545529873372
1087,3250.81325500718
1088,3289.6001791935428
1089,3330.4006215824543
1090,3372.531432602179
1091,3416.0079621215773
1092,3459.9949817791667
1093,3505.61656695314
1094,3552.1925184445768
1095,3600.3050415911694
1096,3649.4755951643706
1097,3699.8663329335463
1098,3750.7653148295863
1099,3801.0286599046553
1100,3852.2055246352907
1101,3902.208718469997
1102,3950.92402647438
1103,3997.6047545399683
1104,4041.094202487408
1105,4081.852424758227
1106,4119.6961089034685
1107,4154.291531379816
1108,4187.345467161753
1109,4217.81945944024
1110,4244.715165886632
1111,4267.76257190472
1112,4287.39461471046
1113,4304.06163370113
1114,4318.592999790403
1115,4330.5086009823945
1116,4338.897112362956
1117,4343.719176063291
1118,4343.920116198069
1119,4341.901385829229
1120,4335.233204001295
1121,4324.164796951384
1122,4308.626992472685
1123,4288.35213212911
1124,4263.996974246552
1125,4236.586082949103
1126,4203.889295833502
1127,4166.542285597188
1128,4125.9630498748365
1129,4081.666092822785
1130,4035.4471143715705
1131,3988.4303881758833
1132,3940.1575869663716
1133,3889.432282897329
1134,3838.0667266105606
1135,3784.3817218774143
1136,3729.5437495976676
1137,3672.9305320285057
1138,3614.526708038391
1139,3554.8494067882716
1140,3502.930154700667
1141,3448.679231888101
1142,3393.043123858404
1143,3335.8359380992265
1144,3277.7927637435114
1145,3219.084613713778
1146,3162.1072393008694
1147,3106.9032912599196
1148,3053.0340720554505
1149,3000.8153484386207
1150,2951.801723038285
1151,2905.312785156217
1152,2860.930702936801
1153,2820.7215687861735
1154,2784.3745416693464
1155,2751.5958014945404
1156,2724.066578891683
1157,2699.894790690495
1158,2678.845648557807
1159,2659.33635798897
1160,2642.0093275953664
1161,2627.507958314285
1162,2615.4442526282483
1163,2606.1870017521715
1164,2599.653922569167
1165,2595.685267134724
1166,2592.5932004810898
1167,2590.5803799306036
1168,2590.5834201008242
1169,2592.7567802004005
1170,2598.5264156981716
1171,2607.0517799844965
1172,2618.0075786698003
1173,2630.860557443034
1174,2645.012363694237
1175,2660.910615981152
1176,2676.1085274242078
1177,2691.961797626441
1178,2708.040139254452
1179,2723.2504842186418
1180,2739.0054585185385
1181,2753.658034025541
1182,2767.9767964826965
1183,2782.0995958866347
1184,2796.0999044489004
1185,2808.900692576705
1186,2820.1621426266197
1187,2830.490359107311
1188,2840.816017332562
1189,2850.1065278847955
1190,2860.9743418507205
1191,2872.1255403712476
1192,2882.6320418498344
1193,2892.6239663343313
1194,2900.921821865172
1195,2907.8652269728696
1196,2913.446503583774
1197,2918.3022142352597
1198,2921.6326236567984
1199,2924.4316024687864
1200,2928.634245093091
1201,2934.793474452104
1202,2942.9720224632442
1203,2953.667241559229
1204,2968.0794111799846
1205,2983.7979187155634
1206,3000.579885476905
1207,3017.5118494012986
1208,3035.6689982395646
1209,3055.635734613212
1210,3076.403969626491
1211,3097.44004188361
1212,3119.606417739349
1213,3140.9156235140063
1214,3160.8548958405304
1215,3180.184782576477
1216,3198.4847854260547
1217,3216.9347865220884
1218,3236.0313819727257
1219,3255.8959572729873
1220,3275.078404708949
1221,3293.6227973400223
1222,3310.1983292580644
1223,3326.1057137344355
1224,3340.2022597151304
1225,3352.176266605575
1226,3362.551125399075
1227,3372.3819023930105
1228,3383.280298441385
1229,3394.964586694793
1230,3406.704255190301
1231,3417.9622332480812
1232,3428.3935646815594
1233,3437.7299897849944
1234,3445.174543038392
1235,3451.253573912986
1236,3456.297843322088
1237,3460.7158646485323
1238,3464.1998194685007
1239,3466.9537592635616
1240,3468.764364788434
1241,3468.7296430822257
1242,3466.7853986948244
1243,3461.649935180231
1244,3453.12445051379
1245,3443.151980179732
1246,3432.8488948390795
1247,3422.9962705239614
1248,3415.239992380847
1249,3409.4339111050053
1250,3404.638926838219
1251,3398.322863423321
1252,3388.28319557504
1253,3373.040303718014
1254,3359.778987802402
1255,3342.0213504167004
1256,3321.2048094906354
1257,3300.052332649146
1258,3280.0617133944097
1259,3263.6351024558426
1260,3251.384147327401
1261,3242.598461554903
1262,3236.2225291432364
1263,3232.0236938327425
1264,3229.321701433527
1265,3229.4575255134387
1266,3232.643961008101
1267,3239.7347038333746
1268,3250.21336873733
1269,3262.720582433836
1270,3275.587616663729
1271,3288.7030993608587
1272,3302.0785274658765
1273,3313.1556200455557
1274,3324.8521005844536
1275,3337.141077188357
1276,3352.1603276635187
1277,3366.9853008603395
1278,3381.94332530203
1279,3397.7736668747393
1280,3412.8044118274624
1281,3426.2860836280674
1282,3439.112910307247
1283,3452.896440481147
1284,3467.6089079734797
1285,3482.428366401908
1286,3498.093830989113
1287,3514.057282345251
1288,3529.6983677173866
1289,3545.7852554583947
1290,3561.895904965227
1291,3577.435415549809
1292,3593.2571202857025
1293,3609.504761667866
1294,3623.9665165056454
1295,3638.018126473074
1296,3650.8916381124327
1297,3663.258867044393
1298,3675.5341884882832
1299,3686.506869265268
1300,3695.967993140702
1301,3704.0992037667943
1302,3711.8549657638505
1303,3718.0089435184877
1304,3723.4259294951175
1305,3729.9348335068858
1306,3734.118431029166
1307,3736.306331558738
1308,3734.924881599476
1309,3729.335828318306
1310,3719.6622093111105
1311,3711.246160774851
1312,3696.662335940427
1313,3675.746436851164
1314,3650.985596661988
1315,3622.4418706641754
1316,3589.993558889534
1317,3554.09229186673
1318,3515.636649550015
1319,3474.01487423173
1320,3432.000969576424
1321,3387.6178488820115
1322,3342.2826351824447
1323,3298.1747330811772
1324,3254.1823503319997
1325,3212.0428244464597
1326,3170.2091677177523
1327,3130.5742138926526
1328,3094.0776980385144
1329,3060.444690780012
1330,3029.7804967636785
1331,3001.3567142098536
1332,2976.435623644149
1333,2954.1815556498636
1334,2935.112955323108
1335,2918.758435492369
1336,2904.355999874636
1337,2892.84480931944
1338,2883.5378435648836
1339,2876.048238377381
1340,2871.379267287164
1341,2868.9285248165925
1342,2868.7561128857724
1343,2870.608962255097
1344,2873.262307158967
1345,2877.2401082873957
1346,2881.9446139453066
1347,2888.786279254678
1348,2898.7851203756036
1349,2910.048513218762
1350,2924.5226868907207
1351,2940.8940761117287
1352,2960.573087901797
1353,2985.22223488631
1354,3014.475019811961
1355,3047.8062511930875
1356,3084.518262032213
1357,3125.1147868237963
1358,3169.0692899693695
1359,3216.5961525448047
1360,3265.2859877833794
1361,3316.1400916928474
1362,3369.19265189627
1363,3425.1594383871593
1364,3483.0012964040293
1365,3541.8018388554674
1366,3601.7075166250847
1367,3662.8681841332436
1368,3716.0779648653433
1369,3770.8968509958586
1370,3827.3330077579167
1371,3884.5842677940977
1372,3941.7537513182515
1373,3998.7824107365277
1374,4055.492936366739
1375,4110.654483175171
1376,4162.942466660343
1377,4213.846612571948
1378,4262.814473892177
1379,4309.017129099017
1380,4351.659197974828
1381,4390.421062872241
1382,4425.182108443203
1383,4454.263393180019
1384,4478.269748606782
1385,4497.971889305851
1386,4514.652874992295
1387,4526.394672287809
1388,4533.213030548025
1389,4537.6312641903705
1390,4539.285528671726
1391,4537.706717125687
1392,4535.493178711076
1393,4531.4809017212365
1394,4526.645495448045
1395,4520.389573742849
1396,4513.131134193831
1397,4503.260511250007
1398,4490.216636033309
1399,4474.149787634128
1400,4454.011856599945
1401,4431.042767477191
1402,4405.6352306505705
1403,4377.284268176338
1404,4346.383380018563
1405,4311.212975064173
1406,4270.633797416208
1407,4224.839672346463
1408,4173.255225041408
1409,4118.585528424719
1410,4063.935757877099
1411,4008.2991600525024
1412,3950.798772578167
1413,3892.575474546385
1414,3833.946307672265
1415,3774.383288715921
1416,3715.684469750903
1417,3656.7581164490016
1418,3598.1299388944076
1419,3539.4474966443563
1420,3480.480012323207
1421,3419.778514860442
1422,3359.0498403843917
1423,3297.4954541651978
1424,3236.382864665836
1425,3183.2149118013913
1426,3129.376126993095
1427,3076.0355360471735
1428,3025.749804739299
1429,2981.2670018983317
1430,2943.8680720551597
1431,2912.5596270740307
1432,2889.2058146586833
1433,2870.804526582688
1434,2857.451980978367
1435,2849.4968447828833
1436,2846.1207901771986
1437,2845.3015543358706
1438,2848.827321744817
1439,2855.909704671846
1440,2867.1402074401644
1441,2880.698478118691
1442,2899.6439952254977
1443,2921.271476913087
1444,2944.551083055965
1445,2967.385679261006
1446,2990.4011873807317
1447,3014.4542484142157
1448,3038.3081119296917
1449,3064.0701988490146
1450,3090.032678923862
1451,3115.0753223975817
1452,3138.4250524020676
1453,3160.0300527763156
1454,3180.9863193626
1455,3201.236413177487
1456,3222.3553190661155
1457,3242.6128243536978
1458,3261.8892490882195
1459,3281.3814880688915
1460,3299.7147846882017
1461,3316.440137665597
1462,3332.4529140414115
1463,3348.3195165819334
1464,3363.467865737926
1465,3377.229801200015
1466,3391.835239398304
1467,3405.6934382471495
1468,3420.6491011488315
1469,3436.7763626381297
1470,3453.7761703727597
1471,3473.0799904428445
1472,3493.265587220091
1473,3516.014602824302
1474,3540.3362284382442
1475,3566.7707143456346
1476,3594.85199490652
1477,3623.9130254355077
1478,3650.87782402057
1479,3674.6756197565196
1480,3696.847931367431
1481,3714.904981320538
1482,3730.614614779741
1483,3741.9515436713305
1484,3748.287888806773
1485,3749.893889705934
1486,3746.166969018148
1487,3736.622496188395
1488,3721.231433005915
1489,3700.337438753819
1490,3674.736465365107
1491,3646.27140752822
1492,3615.1151925974177
1493,3582.9455713409693
1494,3550.611611711601
1495,3518.0405927045654
1496,3486.178000944973
1497,3455.967060936193
1498,3427.8087980719943
1499,3401.2204687078706
1500,3375.9306032595023
1501,3352.375266873764
1502,3331.9558692094715
1503,3314.4711897939974
1504,3298.663139309822
1505,3285.123019176215
1506,3274.856824335571
1507,3266.674073058887
1508,3261.397362219001
1509,3259.6508261419426
1510,3261.2001553010136
1511,3265.552458540899
1512,3272.230221481305
1513,3281.726411030675
1514,3292.697779140739
1515,3304.6221623382216
1516,3316.9561234602825
1517,3330.6889654249926
1518,3344.7982786725474
1519,3360.0170872435606
1520,3376.222292252673
1521,3391.052349842312
1522,3404.9116273907184
1523,3416.7447177358804
1524,3426.798308669251
1525,3434.9432485544776
1526,3442.0938526025534
1527,3447.01322832744
1528,3450.696977290328
1529,3452.452509521779
1530,3451.1398681392097
1531,3447.380686600758
1532,3442.6303916347
1533,3436.1259486412005
1534,3427.0606687547356
1535,3416.6853568134097
1536,3406.16829526342
1537,3394.2452167646334
1538,3383.567491978469
1539,3374.277871414507
1540,3366.6602261712383
1541,3359.096593236643
1542,3350.439444408802
1543,3342.359782078435
1544,3335.0646390454513
1545,3328.1679284582265
1546,3320.7960867427205
1547,3311.8343569631784
1548,3303.1926594772403
1549,3294.8813416482894
1550,3287.6205228122762
1551,3279.9746499839666
1552,3271.349754521118
1553,3261.9321962857193
1554,3250.596647759114
1555,3240.309219092245
1556,3230.9908016390746
1557,3221.8530122365823
1558,3213.758812770529
1559,3208.0435391162105
1560,3202.8874440871164
1561,3198.704130905335
1562,3195.7200611164685
1563,3192.810655825723
1564,3189.5829316959794
1565,3185.330161629131
1566,3180.431593059539
1567,3176.3309026877237
1568,3171.964093770388
1569,3169.2151470183967
1570,3169.565751152566
1571,3172.555317308305
1572,3178.9061294181356
1573,3186.925791951863
1574,3196.399224146909
1575,3205.3898606813477
1576,3214.0862290866357
1577,3222.436574901576
1578,3231.4235284116694
1579,3239.803272844685
1580,3248.769766454162
1581,3259.522688583624
1582,3273.652087487835
1583,3289.6805656137326
1584,3306.8080178516525
1585,3326.329539722283
1586,3348.8551642645843
1587,3373.4662347320777
1588,3399.4027061565275
1589,3428.0429035783272
1590,3458.19665305715
1591,3489.5090745348516
1592,3520.173263137197
1593,3550.439466249666
1594,3578.4378642495285
1595,3605.8479451911185
1596,3629.694715610302
1597,3653.1538278353887
1598,3679.5833954521354
1599,3707.007747641943
1600,3735.2246132476644
1601,3764.7081832819495
1602,3797.6297503040023
1603,3832.140372889123
1604,3868.515214048622
1605,3907.087436588964
1606,3946.7314584836763
1607,3986.363508422004
1608,4027.121745993586
1609,4067.1144911602473
1610,4104.193667183546
1611,4137.838324452332
1612,4167.683857568325
1613,4194.750488509139
1614,4218.395221345748
1615,4240.332417605894
1616,4259.415892801962
1617,4275.141302346412
1618,4287.5231608599
1619,4296.842464505048
1620,4304.65276705413
1621,4309.584354028158
1622,4313.107261563576
1623,4315.702633194713
1624,4317.555624840602
1625,4318.712894158247
1626,4319.144833239815
1627,4318.026472139397
1628,4313.850313372639
1629,4308.1408319006605
1630,4301.988284479226
1631,4294.416140271857
1632,4284.42866368636
1633,4272.980369165664
1634,4261.137900477259
1635,4247.799507762731
1636,4232.231772513042
1637,4214.660581041745
1638,4196.053751785727
1639,4174.581846297989
1640,4152.623066822637
1641,4131.087612858517
1642,4109.617856657255
1643,4090.349137300136
1644,4071.0895721240067
1645,4053.762727219723
1646,4037.493537347878
1647,4021.214008130084
1648,4003.6130583689187
1649,3986.1528802385974
1650,3968.4788506077866
1651,3948.729989391064
1652,3927.208520321049
1653,3908.484842230135
1654,3885.962419857949
1655,3859.346050085946
1656,3830.656094361479
1657,3801.763588302813
1658,3774.5142867595314
1659,3747.7732177761313
1660,3724.141811933279
1661,3702.2661617159597
1662,3683.7477147004674
1663,3667.8042795999995
1664,3656.7891945797132
1665,3647.861586494042
1666,3643.191073338496
1667,3641.8481584540536
1668,3643.2576699134515
1669,3645.450255653204
1670,3649.686162641998
1671,3654.8124632277977
1672,3661.5863353011987
1673,3669.8531984937517
1674,3680.5778493702373
1675,3692.889387183218
1676,3704.575042349244
1677,3716.7153933500385
1678,3728.611887815871
1679,3739.3530224128294
1680,3748.3002284446306
1681,3756.9262180406467
1682,3766.7034225831426
1683,3777.9520796901866
1684,3790.1435344528045
1685,3803.4440745357083
1686,3818.6745390992537
1687,3833.7857071559256
1688,3848.3692908648977
1689,3863.138676719351
1690,3878.3921945311913
1691,3894.3590518708115
1692,3910.1348120241523
1693,3925.556936147123
1694,3940.6902516018145
1695,3955.0203906781735
1696,3968.9621342096057
1697,3981.976385618922
1698,3994.3500965025423
1699,4005.2543510786954
1700,4014.3801288610002
1701,4022.190526524582
1702,4027.5904030784973
1703,4030.492742743987
1704,4030.5578166270748
1705,4027.4061962656533
1706,4020.554512364474
1707,4008.3997452301505
1708,3993.5782780129352
1709,3974.593692466268
1710,3958.077103040667
1711,3939.398007719401
1712,3920.2254690323452
1713,3899.090662050848
1714,3877.0971393018367
1715,3856.5787612350487
1716,3838.0021035312034
1717,3822.1340067052997
1718,3807.1142544973113
1719,3794.829524459258
1720,3781.271384400796
1721,3765.828268584827
1722,3749.2568083423635
1723,3732.291787091168
1724,3715.1162553388517
1725,3696.61424531936
1726,3677.2118108691557
1727,3657.754032924102
1728,3638.2530462645177
1729,3617.5673135614
1730,3596.376052484059
1731,3577.6428019833465
1732,3560.688495107578
1733,3543.04032650747
1734,3525.2343897161363
1735,3507.958634998664
1736,3490.580370989809
1737,3470.3934807876367
1738,3449.4324989160586
1739,3427.523425365704
1740,3405.230681862151
1741,3383.3832099590154
1742,3363.0702220727067
1743,3343.7676105125274
1744,3323.1874352799427
1745,3303.1731425122407
1746,3285.506283442759
1747,3269.122098945676
1748,3253.446911543856
1749,3237.7614169996755
1750,3223.12078557562
1751,3210.2578185219954
1752,3202.3395077835457
1753,3198.860079588601
1754,3200.137411103728
1755,3205.912915460662
1756,3216.114178283017
1757,3232.748628101561
1758,3253.255068112328
1759,3276.6920473662103
1760,3302.2551097072583
1761,3332.2070345360103
1762,3362.96695774681
1763,3392.4720478781533
1764,3419.014627685143
1765,3443.807674720772
1766,3464.139555789316
1767,3481.828292318949
1768,3496.9825032952995
1769,3507.9412358867285
1770,3514.8265111684163
1771,3519.9064973033687
1772,3523.329709011281
1773,3524.626874129725
1774,3525.608891941586
1775,3525.343602610722
1776,3528.256148823845
1777,3533.770996158598
1778,3540.4823641256244
1779,3547.334870250152
1780,3554.531864162485
1781,3561.2945823271534
1782,3567.877651079466
1783,3572.994990971081
1784,3577.5316820593216
1785,3581.202363913999
1786,3582.9848700871385
1787,3584.255570380663
1788,3585.524738163928
1789,3586.5687954761083
1790,3587.935914255373
1791,3590.618233439624
1792,3592.230912028036
1793,3593.143669267619
1794,3592.940760767135
1795,3591.7080069505346
1796,3589.172325281752
1797,3586.3650308066653
1798,3583.390750541828
1799,3578.689830532712
1800,3573.2038699364134
1801,3566.08829746409
1802,3556.8300583468126
1803,3544.4195372796644
1804,3528.8596172145417
1805,3509.1883760727137
1806,3486.2213435763147
1807,3462.1992657390983
1808,3436.3516301187424
1809,3408.46875290814
1810,3378.9605024446764
1811,3348.259839239698
1812,3317.4448476892335
1813,3286.6508562835397
1814,3256.123033903609
1815,3227.8043335012976
1816,3201.4523127528096
1817,3176.8341672493784
1818,3154.21088631621
1819,3133.6373376575375
1820,3113.5065778999765
1821,3092.9350285942273
1822,3071.146570399322
1823,3047.539798801432
1824,3027.0019075112673
1825,3004.5801118068875
1826,2981.3193573664826
1827,2957.2045069773094
1828,2934.3474879803266
1829,2913.1401002618536
1830,2895.0112946577315
1831,2879.460611249258
1832,2866.0896374813165
1833,2854.879169632398
1834,2845.486440466093
1835,2837.8885995954133
1836,2832.141259273499
1837,2828.3401456219785
1838,2826.359415242644
1839,2823.988243423622
1840,2819.6082932586273
1841,2814.4248029412315
1842,2807.1589357058256
1843,2799.0027806640505
1844,2791.169173977189
1845,2784.547080576336
1846,2778.9347167428787
1847,2773.940132455459
1848,2768.937232423548
1849,2762.0095587907167
1850,2755.2595604043854
1851,2748.3083219641608
1852,2741.624570137838
1853,2735.9781439849203
1854,2733.3486475928908
1855,2734.181498068152
1856,2736.3471099461594
1857,2742.490745553966
1858,2749.6478207344926
1859,2758.1946174352956
1860,2766.0096244761858
1861,2776.0054093869303
1862,2787.2178318906044
1863,2799.935065163183
1864,2813.9293083777497
1865,2830.058442590019
1866,2847.5193927903997
1867,2865.0674565972095
1868,2884.3780274731043
1869,2903.8853354452626
1870,2924.6737462372707
1871,2946.8597931727118
1872,2971.3075529943862
1873,2998.183622112826
1874,3028.9372284173696
1875,3062.5323575564485
1876,3097.847787762724
1877,3134.2001256367666
1878,3170.105306497971
1879,3202.7953447879136
1880,3230.9274958737333
1881,3255.4024673183967
1882,3276.6107598032518
1883,3296.6116370535647
1884,3316.3633339752932
1885,3333.5567780528067
1886,3349.188346849729
1887,3363.584904353219
1888,3377.6985126729414
1889,3391.0964045748938
1890,3405.607974583924
1891,3420.6831554709966
1892,3436.2527342388476
1893,3452.613438197466
1894,3472.0074843420043
1895,3494.605381052091
1896,3517.4818031614036
1897,3540.3313453954333
1898,3563.250559357844
1899,3585.7081376150195
1900,3609.16600862826
1901,3632.0351363042946
1902,3654.5078860962194
1903,3675.18616613149
1904,3693.635875296998
1905,3710.1698234706164
1906,3725.0153185956533
1907,3738.3114643837976
1908,3749.4123592136575
1909,3758.3184050975083
1910,3768.005424722233
1911,3777.069443527453
1912,3786.291677038832
1913,3793.4437259122815
1914,3800.4180149854496
1915,3807.8313904459933
1916,3812.9603954565796
1917,3816.8710723798695
1918,3818.903349194079
1919,3819.4860959976954
1920,3817.505968492858
1921,3813.780577286898
1922,3809.0132536293627
1923,3802.229177188604
1924,3796.0872354230714
1925,3787.9056234143823
1926,3779.780681600986
1927,3772.396925962778
1928,3763.2555827180518
1929,3755.2129280834233
1930,3746.9342497828616
1931,3741.9160486756123
1932,3737.8743045189585
1933,3734.5509451142166
1934,3730.2451301220963
1935,3726.3155351240625
1936,3719.750608582523
1937,3709.112410638773
1938,3699.8571784277096
1939,3688.7596941369484
1940,3678.1332776319864
1941,3667.869673119004
1942,3659.3382265143073
1943,3651.3900401108162
1944,3646.848322139852
1945,3644.9215415043886
1946,3643.0932675268377
1947,3641.415180442631
1948,3639.587204437104
1949,3636.1477128603037
1950,3633.902868835467
1951,3630.5377226731193
1952,3627.331587716016
1953,3623.9887322928043
1954,3622.5930872789545
1955,3623.0696660632643
1956,3624.233572072087
1957,3625.4692040915224
1958,3630.4623776054823
1959,3637.6981718046104
1960,3647.1683611151584
1961,3659.670433502274
1962,3674.566284878784
1963,3691.537599070799
1964,3710.7856736503136
1965,3730.10568972025
1966,3750.757354666836
1967,3771.0405866240803
1968,3790.1276411009662
1969,3809.617752215924
1970,3828.3117420003427
1971,3849.9735388898607
1972,3872.333927973423
1973,3894.2411259462706
1974,3915.4693579054083
1975,3933.936113971798
1976,3950.5283016027347
1977,3964.9682476284543
1978,3979.788783939654
1979,3994.9603072688697
1980,4008.260715175324
1981,4021.162112986735
1982,4032.5705177243226
1983,4044.3357614886977
1984,4052.0101627897743
1985,4058.0886525135184
1986,4062.070530901353
1987,4064.799697206575
1988,4065.4165292680327
1989,4064.693534239651
1990,4062.94666854903
1991,4062.5473535441747
1992,4059.9004329205377
1993,4059.1653068069477
1994,4059.6609833055613
1995,4060.0922218593555
1996,4059.472420433772
1997,4056.573256443276
1998,4051.6234491965974
1999,4045.9729136427527
2000,4040.6993528741064
2001,4036.366726889869
2002,4032.0885557284723
2003,4028.8209971780516
2004,4024.8909276683057
2005,4018.352848972771
2006,4009.968140685003
2007,3999.5770885179695
2008,3984.0314719320027
2009,3964.841617125864
2010,3943.283543643133
2011,3920.4014694735524
2012,3895.538906773342
2013,3869.6525570076055
2014,3841.8990686760158
2015,3813.7653932893973
2016,3783.8965014492537
2017,3750.4156834064906
2018,3712.7863248816725
2019,3673.240132841758
2020,3630.5760041098683
2021,3585.786391655421
2022,3538.516266821128
2023,3491.3202985874714
2024,3445.307489287353
2025,3398.276793951532
2026,3352.411582727605
2027,3307.7427090640376
2028,3265.0573918237455
2029,3222.6129380285743
2030,3181.8395922609134
2031,3142.402919239557
2032,3104.5021913091405
2033,3068.221955516731
2034,3032.640386805126
2035,2999.0587981243693
2036,2966.5902608795714
2037,2936.0014580996753
2038,2910.177884462274
2039,2888.660519632453
2040,2874.150781231589
2041,2863.5404331366594
2042,2857.7912787004
2043,2855.561940915128
2044,2856.179841258907
2045,2859.932229506741
2046,2867.907726165478
2047,2880.5254999806084
2048,2896.609014808954
2049,2916.305956435179
2050,2938.659018293248
2051,2963.5667741176626
2052,2985.2365216849025
2053,3011.88207040449
2054,3040.9202447888715
2055,3070.650442507849
2056,3099.2408540452047
2057,3128.5196970623692
2058,3156.2519639675106
2059,3179.7868641976534
2060,3200.4379186076976
2061,3219.046704328834
2062,3236.4677119524686
2063,3253.7900300463625
2064,3271.467275115299
2065,3290.096297897213
2066,3311.191844835513
2067,3336.517214924216
2068,3363.6863545578094
2069,3393.9023341966395
2070,3426.949702931183
2071,3462.6657326969034
2072,3499.2934913046447
2073,3537.145955554456
2074,3573.819097172156
2075,3608.713867362229
2076,3642.631340794161
2077,3674.464868807551
2078,3703.7390920140638
2079,3731.9307068065086
2080,3759.0821190615006
2081,3786.3559037477053
2082,3811.984921051499
2083,3836.5551623054953
2084,3862.2386330379495
2085,3886.5729264767156
2086,3909.8008622080265
2087,3933.2394317890066
2088,3955.4912070887776
2089,3976.512906763528
2090,3998.9974542894483
2091,4022.4997047430793
2092,4045.1048052572132
2093,4069.0553770429633
2094,4090.2387745574815
2095,4107.336510395462
2096,4120.553447473133
2097,4129.790365163194
2098,4134.853973097461
2099,4132.210632546731
2100,4124.792503827154
2101,4113.848281611837
2102,4097.872479132737
2103,4076.783437068631
2104,4051.1848933724755
2105,4023.0192572809556
2106,3994.453680220165
2107,3967.9666140131626
2108,3945.278287401485
2109,3925.5394432493254
2110,3911.606156961935
2111,3902.053893623386
2112,3894.252662935077
2113,3886.7399447072694
2114,3875.967077470814
2115,3863.837820465949
2116,3850.5856101785066
2117,3835.697031684617
2118,3820.8310214237554
2119,3806.4292969206012
2120,3791.739254975621
2121,3777.6137642073654
2122,3765.0918374583343
2123,3754.0852366775293
2124,3745.0905929974783
2125,3737.0419466415465
2126,3731.2264558609263
2127,3729.7217925730597
2128,3732.0753556749305
2129,3737.21035673088
2130,3746.783990062101
2131,3759.51251705012
2132,3776.5907962373276
2133,3796.4923260884334
2134,3818.0950512324725
2135,3841.9078509258356
2136,3867.7526399290473
2137,3896.4906704256186
2138,3924.396141065822
2139,3952.8228458991985
2140,3980.8444901442545
2141,4006.165842665197
2142,4028.006575850815
2143,4048.660393803288
2144,4066.719851587182
2145,4082.3918146670267
2146,4097.046445705879
2147,4110.723030027115
2148,4122.108596199289
2149,4130.788750184991
2150,4135.812621136431
2151,4137.353760582394
2152,4134.825782287612
2153,4127.20583755253
2154,4114.752693203599
2155,4100.004675053463
2156,4083.033026019319
2157,4064.0930466109476
2158,4043.199804611252
2159,4019.7602580829407
2160,3994.518669577393
2161,3967.983096757354
2162,3939.7646470133413
2163,3909.8017053517024
2164,3877.5837723088594
2165,3843.8318284039606
2166,3814.4676372066992
2167,3783.6638136865495
2168,3751.8640351915237
2169,3718.690358302053
2170,3684.712062522508
2171,3650.0336067565645
2172,3616.925918514508
2173,3583.6556893885463
2174,3550.2219692482404
2175,3516.607888821457
2176,3482.6657136577023
2177,3449.059224893364
2178,3416.93051174684
2179,3384.7283232297623
2180,3354.0164384237196
2181,3324.387389406325
2182,3296.949615463549
2183,3268.8328667162687
2184,3240.660282197232
2185,3213.032809172932
2186,3186.4460447654733
2187,3162.872364150864
2188,3141.319088307445
2189,3122.7692639856286
2190,3108.272413965215
2191,3096.1274254441037
2192,3087.2036878399344
2193,3080.9828656716545
2194,3076.784413095376
2195,3074.581361629774
2196,3074.220695262984
2197,3076.335194512509
2198,3079.949654968345
2199,3086.804526577936
2200,3093.798156970868
2201,3102.620056041835
2202,3113.2924499827514
2203,3123.7083752847443
2204,3134.0088275339253
2205,3144.2427462959276
2206,3154.144611014482
2207,3162.4571991784023
2208,3168.3592071525363
2209,3173.3134729013354
2210,3175.989577336291
2211,3177.3472323868164
2212,3175.845966806557
2213,3172.1304128411625
2214,3167.1009752945306
2215,3160.141448990553
2216,3151.471222608822
2217,3141.3488583238195
2218,3130.790136932187
2219,3118.607502906547
2220,3105.0451290902483
2221,3090.6221286540103
2222,3075.593442566721
2223,3062.518485670779
2224,3047.772642833806
2225,3031.2821932115253
2226,3014.3344024163616
2227,2997.0176902245835
2228,2980.72990974846
2229,2965.2322015845034
2230,2949.1658635619283
2231,2933.973975032562
2232,2919.3983584563493
2233,2905.04071889879
2234,2891.3356556283934
2235,2877.64389606356
2236,2863.789101501337
2237,2850.609142631584
2238,2838.413734611666
2239,2826.2933791464793
2240,2814.011355208566
2241,2802.300686002941
2242,2791.216739002696
2243,2779.6497451286655
2244,2768.2193849252144
2245,2757.6812520074373
2246,2748.346177641976
2247,2740.0469418965486
2248,2732.040521111424
2249,2724.6162610612605
2250,2718.7868807275627
2251,2713.9054569440973
2252,2712.415375947664
2253,2713.728054186336
2254,2717.7876436684696
2255,2724.229953069722
2256,2733.9412671555165
2257,2745.070149509742
2258,2758.2279102692596
2259,2773.6506759807635
2260,2791.858323890046
2261,2813.3644483130315
2262,2837.877387331724
2263,2864.631935564257
2264,2894.3484100039723
2265,2926.256911397949
2266,2961.674026212811
2267,3001.213489562852
2268,3044.52407974933
2269,3091.4166719704385
2270,3142.7438970549874
2271,3197.2319143381187
2272,3254.903232353914
2273,3314.691808551893
2274,3376.6609257697687
2275,3441.690837123829
2276,3508.3309545798347
2277,3575.38961805719
2278,3639.9833935846586
2279,3703.9448968127795
2280,3759.5914046212456
2281,3814.272840301736
2282,3866.766713725257
2283,3917.995132335336
2284,3966.6322350288337
2285,4011.484091402281
2286,4051.493453764078
2287,4087.7376495830763
2288,4119.428763020459
2289,4147.549611904871
2290,4171.674923683051
2291,4192.285508987472
2292,4210.082056219294
2293,4224.869994310883
2294,4235.5588864704505
2295,4243.123296621629
2296,4248.182339135509
2297,4249.371868020669
2298,4247.181766224946
2299,4240.633023050069
2300,4230.0658440947345
2301,4213.334559825018
2302,4191.3858540239025
2303,4165.960539415165
2304,4137.993844881176
2305,4107.799644521252
2306,4075.9172836188222
2307,4044.790665769369
2308,4014.2011647785434
2309,3984.499546236516
2310,3954.6854823446306
2311,3924.5241384939573
2312,3896.531516134017
2313,3869.950439146899
2314,3847.0143652458028
2315,3828.536943402746
2316,3813.8126359429307
2317,3802.774695089273
2318,3794.695654910824
2319,3786.650942411045
2320,3778.6305149897566
2321,3770.9510040575246
2322,3762.777900446314
2323,3754.516592634842
2324,3747.249916598044
2325,3739.0164719835802
2326,3730.656919451525
2327,3723.7210831080006
2328,3717.6240886852224
2329,3712.788853647037
2330,3708.616223154382
2331,3705.5688612390995
2332,3703.5951761016922
2333,3702.4225594768936
2334,3702.721699228761
2335,3707.2379740018164
2336,3714.557147790922
2337,3720.924828987444
2338,3730.6919817852686
2339,3741.979599872582
2340,3754.411313030697
2341,3767.419782280579
2342,3780.2421712295336
2343,3793.7383205643027
2344,3807.5421549572025
2345,3822.4019234034467
2346,3839.0449387903795
2347,3856.4876588949605
2348,3874.7140426438364
2349,3893.79780370325
2350,3911.390478014032
2351,3928.041539539145
2352,3945.1427820618246
2353,3962.9914956552825
2354,3980.1913408175815
2355,3996.276149011624
2356,4012.291303315454
2357,4026.817819702649
2358,4039.927839236369
2359,4051.597537324726
2360,4062.4302684984123
2361,4070.9912212214085
2362,4076.584162841663
2363,4080.1762893535856
2364,4081.0501564092524
2365,4079.7506982861655
2366,4076.6681585794586
2367,4072.6823890299725
2368,4066.897895187479
2369,4059.4587061013676
2370,4051.096772295791
2371,4042.4101368863703
2372,4032.908061781737
2373,4022.0190830625793
2374,4010.252500694771
2375,3998.331314294755
2376,3986.4478351737826
2377,3974.648901980585
2378,3963.0936969665295
2379,3950.4422418019044
2380,3936.9404735115445
2381,3923.602378458629
2382,3910.263944602945
2383,3898.2453689895233
2384,3885.8191798265902
2385,3873.4599931420607
2386,3861.7630307027957
2387,3850.6506568798973
2388,3838.0501991744945
2389,3825.479899754534
2390,3815.7730176635114
2391,3807.5133492683435
2392,3801.0530205601153
2393,3797.4534561330547
2394,3794.3218350815123
2395,3794.4235371309082
2396,3793.8049051236408
2397,3791.441741069706
2398,3784.7706464036846
2399,3772.1684861227013
2400,3755.8694916464174
2401,3733.5620714342394
2402,3707.6758822174434
2403,3678.98418896408
2404,3648.159238188172
2405,3616.596504476034
2406,3584.6248320576697
2407,3549.990033408354
2408,3514.076444403027
2409,3478.0790627587003
2410,3442.4779232165433
2411,3406.601906088886
2412,3373.811139237697
2413,3343.344115721867
2414,3315.650095961342
2415,3289.805579935066
2416,3264.61832855783
2417,3240.678742549774
2418,3217.0750724691056
2419,3194.8922373374385
2420,3175.584200909761
2421,3158.7089261098195
2422,3143.027826149761
2423,3127.844650934579
2424,3112.907065429961
2425,3098.9852079514976
2426,3086.0175981481925
2427,3074.6579712642
2428,3065.2926867097067
2429,3059.723127882477
2430,3058.460006830049
2431,3059.853097142018
2432,3063.7328046983657
2433,3071.4919807751285
2434,3081.2408350725395
2435,3093.243492618352
2436,3107.241525961102
2437,3121.0332922198645
2438,3136.3499755257667
2439,3153.8141545192575
2440,3171.8833501065023
2441,3191.2457838475752
2442,3210.3789115557306
2443,3231.138555523638
2444,3251.6388231463256
2445,3271.5708811795466
2446,3291.791103723925
2447,3314.1644638284024
2448,3340.2322597730995
2449,3370.621788167555
2450,3406.8665418972705
2451,3438.399477642123
2452,3476.1229859005316
2453,3518.628320597901
2454,3562.011733532365
2455,3604.4068659585346
2456,3644.2850213959146
2457,3681.452905360454
2458,3714.722817877847
2459,3744.455361342373
2460,3770.705435197634
2461,3793.519497076096
2462,3812.7598064892445
2463,3827.2298614969723
2464,3836.1786178336038
2465,3841.7754417541423
2466,3844.854005911975
2467,3847.5580789270593
2468,3847.749966454718
2469,3846.403640698004
2470,3843.471622647786
2471,3837.889625893509
2472,3829.9938279010557
2473,3818.8528295110746
2474,3804.913179048184
2475,3788.551918646525
2476,3771.480096483969
2477,3753.574375782333
2478,3734.801722995571
2479,3714.516990278424
2480,3693.5005584143555
2481,3672.2342507415215
2482,3648.214895821619
2483,3626.9157709225665
2484,3608.136406054461
2485,3594.331105127548
2486,3584.3887522932723
2487,3577.007796321296
2488,3574.2595793242276
2489,3572.8971564765325
2490,3570.730721850125
2491,3568.7396512318874
2492,3567.3654873996393
2493,3564.8925230211953
2494,3559.6270339728994
2495,3552.016156517324
2496,3540.9139355763314
2497,3529.217779794841
2498,3514.4792446303154
2499,3494.727287412182
2500,3469.526286367598
2501,3437.8002231031983
2502,3402.053656133831
2503,3364.1330111307125
2504,3325.071983851574
2505,3285.6536678340663
2506,3247.4520973258127
2507,3214.5611284284446
2508,3185.945985487734
2509,3159.2673012083133
2510,3137.000940957012
2511,3118.4351196251555
2512,3104.5212851920933
2513,3095.7488029201227
2514,3091.6958273679943
2515,3091.190528243192
2516,3092.9890368023657
2517,3096.0460591224137
2518,3099.6545056084833
2519,3103.076355502072
2520,3106.7577693206877
2521,3110.188661202817
2522,3113.749113707188
2523,3117.2038934282023
2524,3122.527758921151
2525,3128.8974413103483
2526,3137.7060409483415
2527,3148.018351356449
2528,3159.543221213739
2529,3170.6437096246586
2530,3181.0453657422886
2531,3191.824027377627
2532,3205.0396682137075
2533,3219.6772322885718
2534,3233.251881046021
2535,3247.186950804123
2536,3257.9583263704626
2537,3268.2240630469055
2538,3276.209249915729
2539,3281.7213481958847
2540,3287.0257258223032
2541,3291.7949626599693
2542,3294.584636267719
2543,3293.6496809428395
2544,3290.053393539344
2545,3284.749433078167
2546,3276.857884891524
2547,3267.7878382633676
2548,3257.7146752666845
2549,3246.845574659151
2550,3236.0924917242214
2551,3225.7508580768113
2552,3217.0687235696814
2553,3211.159587204544
2554,3205.4802525768755
2555,3201.8417450404777
2556,3201.199041948492
2557,3200.5145104942367
2558,3202.639605011443
2559,3208.10864788994
2560,3218.076656433103
2561,3229.7201028935615
2562,3242.332374815183
2563,3254.686658407057
2564,3267.959060950381
2565,3279.506051163074
2566,3291.46558809062
2567,3299.831819351246
2568,3303.787150010156
2569,3305.877942740059
2570,3305.459766370666
2571,3301.361472709815
2572,3295.4108456836702
2573,3287.2757492495994
2574,3275.869389624889
2575,3262.9643928564733
2576,3248.152594010415
2577,3233.496059034383
2578,3216.2700612771837
2579,3197.6247758677723
2580,3178.8178880814767
2581,3160.464890038957
2582,3143.9084418868997
2583,3128.751144693069
2584,3114.078191479159
2585,3099.724546533057
2586,3084.484445824542
2587,3069.8447916963473
2588,3054.2063454425684
2589,3039.0436301279624
2590,3023.86424535493
2591,3007.3073080896716
2592,2989.7686519950475
2593,2970.6310685003305
2594,2952.0421822714043
2595,2932.4508770975012
2596,2911.434570124689
2597,2889.253935913956
2598,2868.4144163065007
2599,2848.3836450169433
2600,2830.6058728625253
2601,2813.7973622955747
2602,2798.0602947381885
2603,2782.486580673855
2604,2768.1226347854763
2605,2754.73371172962
2606,2744.217692374723
2607,2738.4279436638694
2608,2735.6518398905087
2609,2734.536254084407
2610,2734.229719886005
2611,2734.859668797664
2612,2735.6927028129107
2613,2736.9143995302907
2614,2738.6547096059026
2615,2741.030419992777
2616,2743.1923647379485
2617,2745.135847945445
2618,2747.8211308231853
2619,2752.3862277816534
2620,2761.415820068708
2621,2775.9749936172775
2622,2788.6414746045334
2623,2807.660301536888
2624,2831.114121273967
2625,2858.587303119995
2626,2890.10805726033
2627,2926.223138245043
2628,2966.727304644386
2629,3010.5600648959744
2630,3056.8482990029097
2631,3105.2338315237016
2632,3154.714862818309
2633,3205.3558919239977
2634,3257.7247211639387
2635,3310.8925211952537
2636,3364.8852092613015
2637,3419.14369963117
2638,3472.966385494872
2639,3523.599857210528
2640,3571.5034152897947
2641,3617.572848839634
2642,3660.8857952728486
2643,3703.1311750162863
2644,3743.87346441853
2645,3782.744946080196
2646,3819.1575437386923
2647,3851.4925331594095
2648,3881.774961572203
2649,3907.4028728005646
2650,3928.3449325924066
2651,3943.7842929465037
2652,3953.958476129576
2653,3960.4192208654904
2654,3963.608809736913
2655,3962.81988767538
2656,3959.0640530385895
2657,3952.362445042956
2658,3940.3758810772274
2659,3926.5590799861648
2660,3910.705664869134
2661,3893.020501009113
2662,3874.124918614994
2663,3856.4989593466303
2664,3837.822204252163
2665,3818.85346140825
2666,3798.5675608217402
2667,3778.676305577817
2668,3759.028131417331
2669,3741.3641145540078
2670,3725.373530874897
2671,3712.257542724786
2672,3701.505511911962
2673,3694.446590730168
2674,3690.1289744925853
2675,3686.811552324259
2676,3683.2792817815966
2677,3678.2409222838432
2678,3672.5351552474144
2679,3667.571137925721
2680,3661.0146046361338
2681,3651.016643081967
2682,3636.7551217766922
2683,3618.2016564936444
2684,3594.4358408011253
2685,3565.5748891600865
2686,3530.4103656393504
2687,3490.5974723269323
2688,3446.343830734324
2689,3400.9762742960265
2690,3352.106503420193
2691,3302.7522595976016
2692,3252.236336575646
2693,3200.376872428219
2694,3148.853447795685
2695,3097.094238024232
2696,3047.426716718919
2697,3001.1080737479733
2698,2959.153122201712
2699,2921.494917649919
2700,2886.903832983545
2701,2854.9724593162637
2702,2827.2015317761566
2703,2803.4312599309383
2704,2786.5458181170293
2705,2773.574681165758
2706,2765.0835322099597
2707,2761.9472331273537
2708,2763.467230578315
2709,2767.1281248373734
2710,2774.5647859653523
2711,2785.061967855238
2712,2797.521989235206
2713,2813.732146522237
2714,2832.501016943372
2715,2854.332308573882
2716,2880.274046913163
2717,2907.4862189578776
2718,2936.916518884191
2719,2968.3925583723803
2720,3002.442333585503
2721,3037.5620223700935
2722,3072.9627960841995
2723,3110.4058880244934
2724,3147.4605046839442
2725,3183.11514063811
2726,3217.436830165867
2727,3250.9910045400693
2728,3283.504153103206
2729,3313.792470893439
2730,3341.873841273039
2731,3368.069428607781
2732,3394.709120308171
2733,3422.339271876406
2734,3450.6257789050946
2735,3483.0311221769343
2736,3511.223770823435
2737,3543.8606633827494
2738,3580.9016905790213
2739,3620.450648036011
2740,3662.2210071649542
2741,3706.0421718281664
2742,3750.9602679386853
2743,3797.1338391179434
2744,3843.759002328357
2745,3889.7100452829163
2746,3934.2300063680923
2747,3978.460191615289
2748,4024.211130033005
2749,4069.960855361012
2750,4115.929759198262
2751,4162.937337985953
2752,4210.129238617318
2753,4254.274085550165
2754,4295.7589402022095
2755,4335.858077996585
2756,4373.1839594096355
2757,4408.486785090154
2758,4442.154153686902
2759,4472.582748203035
2760,4500.524654835727
2761,4524.704300951277
2762,4544.989131919096
2763,4561.757313663841
2764,4576.1024325313465
2765,4587.28034985767
2766,4593.85199301855
2767,4597.510994004076
2768,4597.56431920298
2769,4592.189742646771
2770,4582.354008049679
2771,4569.142611633529
2772,4553.037842949713
2773,4533.206721627019
2774,4510.075734283847
2775,4485.330064243729
2776,4459.796646837289
2777,4433.024622393533
2778,4406.17578751059
2779,4376.852589953365
2780,4345.489169449343
2781,4314.660277176769
2782,4283.841718781365
2783,4253.444059093001
2784,4223.877568081329
2785,4193.924843141086
2786,4165.1634122655205
2787,4136.83868415305
2788,4109.253347958928
2789,4081.7812413176166
2790,4054.120104007874
2791,4029.7666779265846
2792,4006.3328898968243
2793,3985.9454943109326
2794,3966.5733331855963
2795,3948.4108368629745
2796,3930.222649341522
2797,3912.8686428056303
2798,3895.810082886862
2799,3879.3805782423624
2800,3863.081028766391
2801,3849.0835989872085
2802,3836.5195039604687
2803,3824.790576227866
2804,3812.9758730139047
2805,3800.7453316003307
2806,3787.9598854818723
2807,3774.6850993112516
2808,3760.2987056986426
2809,3746.469379359588
2810,3733.1449994987147
2811,3718.4386102480335
2812,3705.0509181731254
2813,3691.253082132757
2814,3678.3329157392955
2815,3667.0185236739217
2816,3658.3436173313016
2817,3652.2652647973086
2818,3648.3983418512144
2819,3645.1523353778407
2820,3643.5861042946017
2821,3643.666573605233
2822,3645.778349860822
2823,3650.246797843115
2824,3656.0724730532843
2825,3663.576677569866
2826,3671.6064874956696
2827,3681.448872461392
2828,3692.201679376937
2829,3704.860474232567
2830,3719.386013157199
2831,3734.319915815866
2832,3747.1697489801404
2833,3758.21852885445
2834,3768.247459822829
2835,3778.8294562865863
2836,3790.1729911147695
2837,3801.084457553462
2838,3813.1779159002276
2839,3823.9141956910953
2840,3833.206292271096
2841,3843.003814219534
2842,3850.0032873141695
2843,3854.122799386498
2844,3853.131919516053
2845,3848.78311395661
2846,3841.8802274272666
2847,3832.6218465006045
2848,3819.4305249815993
2849,3803.618132648271
2850,3789.8613513182745
2851,3775.3946425260897
2852,3758.8534072615025
2853,3738.6988682778388
2854,3714.9922174550597
2855,3689.9683206472323
2856,3665.003074402458
2857,3639.5130452607277
2858,3613.7053112441267
2859,3588.5220578859767
2860,3564.714909288191
2861,3543.461813764825
2862,3523.08465017256
2863,3504.3273349536344
2864,3487.1414916726744
2865,3469.8614250755795
2866,3451.0588607684135
2867,3433.750326144546
2868,3415.7284219672483
2869,3399.2068906837017
2870,3384.9753629571114
2871,3372.36811773415
2872,3360.3661946780985
2873,3348.8511627454263
2874,3338.5739464959765
2875,3329.7531856728765
2876,3323.057536867792
2877,3319.45286058246
2878,3316.4908340083825
2879,3315.2985043897156
2880,3315.2089197575337
2881,3315.894733644116
2882,3315.1262424025876
2883,3315.2198922411817
2884,3314.7879998854323
2885,3313.701530128406
2886,3312.1346674196157
2887,3308.177528474949
2888,3301.6845914472497
2889,3294.7465003167476
2890,3285.4918662350256
2891,3274.506924725787
2892,3261.863848551748
2893,3249.520565615519
2894,3238.1178152809835
2895,3229.054656868922
2896,3222.3630010830616
2897,3218.0790962873725
2898,3215.4621657519547
2899,3214.979308620376
2900,3217.3577499914136
2901,3221.4664845076923
2902,3228.211995680228
2903,3235.9843190906954
2904,3246.0554464187103
2905,3257.3306042241697
2906,3271.0751277108398
2907,3283.0328631442426
2908,3296.296573087678
2909,3311.7521699169615
2910,3327.453948765706
2911,3345.5661478876236
2912,3364.0040581323046
2913,3382.936713750079
2914,3402.9891714332443
2915,3422.8293057707324
2916,3441.5841891613068
2917,3459.6048855366894
2918,3476.790547262111
2919,3492.603376720571
2920,3506.7218899690424
2921,3520.155974765648
2922,3532.802591490296
2923,3545.1997656912727
2924,3557.334785688556
2925,3568.605825565356
2926,3578.8891316977656
2927,3586.8957784267886
2928,3593.549227711955
2929,3598.6440661680867
2930,3600.733416848186
2931,3601.005729052937
2932,3602.4969232796434
2933,3603.8340192969513
2934,3606.098798683999
2935,3608.6799979463226
2936,3611.4780913533787
2937,3617.145465285368
2938,3624.663500796256
2939,3634.542288512521
2940,3645.6637619392027
2941,3658.0004258063777
2942,3670.695992173937
2943,3681.333073598325
2944,3692.256825593472
2945,3703.4654993323907
2946,3713.827153369037
2947,3725.385950715008
2948,3737.456931431871
2949,3747.731046224085
2950,3756.423863048878
2951,3764.637417904658
2952,3769.8456738236555
2953,3772.7678639440824
2954,3772.302903969483
2955,3769.3214470298294
2956,3764.8446286838457
2957,3759.2585576817696
2958,3752.484536649499
2959,3745.9613043164654
2960,3738.8880193839796
2961,3730.3019874013044
2962,3721.1462671472855
2963,3711.1341670363004
2964,3702.4236399397428
2965,3693.6906587268572
2966,3685.4861458455453
2967,3677.108641602538
2968,3669.991543279813
2969,3662.2947012175723
2970,3655.601088930953
2971,3651.101646413864
2972,3648.7579712778356
2973,3649.14354812431
2974,3649.424920638137
2975,3651.4444637822994
2976,3654.2078309243902
2977,3658.3189345344977
2978,3663.297125016345
2979,3669.181255763246
2980,3675.75747523696
2981,3682.8837164934275
2982,3688.412704359575
2983,3693.237247926535
2984,3698.575019562828
2985,3705.790117144879
2986,3715.831046467503
2987,3727.161393951789
2988,3739.3725070306286
2989,3753.791393277117
2990,3768.913129913314
2991,3784.0369225594563
2992,3801.3575319688903
2993,3820.628787852167
2994,3842.0634820588643
2995,3865.217850411496
2996,3888.113095843027
2997,3910.2494364183294
2998,3930.118342928425
2999,3949.5455098930884
3000,3968.193223873389
3001,3985.1851336014906
3002,4001.0521289638896
3003,4016.501822481398
3004,4030.0333571144465
3005,4040.38535620298
3006,4047.1061724970755
3007,4050.206623447431
3008,4049.2826166899595
3009,4045.5539957320266
3010,4038.080892628001
3011,4026.653760835095
3012,4012.897603404435
3013,3997.899141565885
3014,3981.074415440938
3015,3963.0419419272494
3016,3943.0391190952037
3017,3921.5189443291383
3018,3897.7496341513165
3019,3871.7623288243053
3020,3843.1980475371515
3021,3818.3471228173275
3022,3789.499587106355
3023,3757.894128434324
3024,3725.058215249009
3025,3693.512040500649
3026,3663.1065883767183
3027,3634.07085051045
3028,3607.3808227134223
3029,3582.2599994273664
3030,3558.745374201294
3031,3536.792386121844
3032,3516.612112339619
3033,3497.61537595842
3034,3479.850975929615
3035,3463.646677930797
3036,3447.0394254135017
3037,3430.2792334700425
3038,3412.836822079078
3039,3396.1000099255334
3040,3377.706910066717
3041,3355.9425894193937
3042,3332.8488406231454
3043,3309.1439408146243
3044,3283.3135702476807
3045,3256.1214535387517
3046,3228.1296089914213
3047,3199.7147368411993
3048,3171.4368778054695
3049,3143.997191984713
3050,3118.418186488788
3051,3094.7283299090027
3052,3071.4382802992704
3053,3049.653362162436
3054,3029.153100791791
3055,3007.6843325806954
3056,2989.4424784452663
3057,2973.643769380298
3058,2959.9083471348954
3059,2950.758966037634
3060,2944.497885392094
3061,2940.7375856070103
3062,2940.6290940319827
3063,2945.309306063232
3064,2953.1739280969327
3065,2965.198951934254
3066,2981.09941935441
3067,3000.366140195081
3068,3023.6914670569745
3069,3052.5293579104673
3070,3085.900764940855
3071,3122.694658903243
3072,3163.5710299405373
3073,3205.834327443924
3074,3247.3963601275195
3075,3285.9955712635883
3076,3322.349623720186
3077,3355.3197422278718
3078,3384.0037453295577
3079,3408.5931677672224
3080,3430.319436682449
3081,3449.9605636481665
3082,3465.781378233031
3083,3480.543020692892
3084,3492.809937162238
3085,3502.86868327356
3086,3511.9729697708267
3087,3520.2446179844083
3088,3526.2735815444116
3089,3531.3729557671836
3090,3535.460825869572
3091,3538.270928018965
3092,3540.8776115840765
3093,3542.9194839711035
3094,3544.8905825091383
3095,3546.588030669882
3096,3548.4848773881913
3097,3549.213320090447
3098,3548.668443602577
3099,3546.0322277540968
3100,3540.161695940903
3101,3532.249360686564
3102,3521.708891638256
3103,3509.894260212712
3104,3497.5906940261166
3105,3485.0119959666486
3106,3471.2022636410543
3107,3457.524140455193
3108,3443.5773267194727
3109,3428.5049945682654
3110,3412.512946947326
3111,3395.778754253236
3112,3376.8706575518827
3113,3355.2060054495937
3114,3331.820000127938
3115,3305.775441863252
3116,3276.7211000392963
3117,3247.822596609453
3118,3217.7196414589043
3119,3185.6727619021385
3120,3153.298611170729
3121,3120.519164752445
3122,3087.8878775732724
3123,3054.671032547089
3124,3020.6718698763357
3125,2986.6441923950083
3126,2952.277906381327
3127,2916.7098461744936
3128,2881.9258659949123
3129,2847.578193143287
3130,2816.8159779112066
3131,2787.8737934859446
3132,2761.8140955352196
3133,2738.009195447305
3134,2717.180338918236
3135,2699.059233737946
3136,2684.1919291677573
3137,2671.7496396136326
3138,2660.355481812974
3139,2648.4302251193567
3140,2635.7781012770183
3141,2623.974924381622
3142,2612.9345814795615
3143,2601.7330397374644
3144,2590.9600394433405
3145,2581.6936421288756
3146,2571.377136330366
3147,2560.759406801841
3148,2551.136434070302
3149,2541.425089992079
3150,2530.965207309553
3151,2522.119418021656
3152,2511.8224670936006
3153,2502.49729592582
3154,2495.2404478947715
3155,2491.069126472031
3156,2490.0925315405125
3157,2490.411619342466
3158,2492.7943321917132
3159,2495.7529676291365
3160,2497.5408579518494
3161,2501.195933399884
3162,2505.8152802427494
3163,2509.360823394157
3164,2511.3675900685375
3165,2513.0648275377794
3166,2515.200396359853
3167,2517.3794113106323
3168,2520.087374965191
3169,2524.3875974929297
3170,2529.627063753327
3171,2534.872800994326
3172,2540.3969973239405
3173,2546.586639616647
3174,2553.8141647970833
3175,2562.7641078112038
3176,2573.1616658737776
3177,2585.9260424584486
3178,2601.021404776443
3179,2617.9315718844755
3180,2636.6874402831286
3181,2657.320280938555
3182,2677.4827555258385
3183,2697.2469945215216
3184,2716.558792165054
3185,2737.0737453761335
3186,2760.867604612585
3187,2784.331229691941
3188,2810.874413598028
3189,2839.9089781057482
3190,2870.156322097118
3191,2905.6608581215255
3192,2936.54980446276
3193,2972.5788457982835
3194,3013.2180294987365
3195,3056.534767582078
3196,3102.039514765028
3197,3147.929013954602
3198,3191.7807986482962
3199,3235.914956250833
3200,3276.3757326201744
3201,3315.491539639591
3202,3351.0143290966444
3203,3383.346054917684
3204,3412.6595342012206
3205,3436.3807130369364
3206,3455.162452602605
3207,3470.8088333282467
3208,3483.8285788654716
3209,3492.8971208508738
3210,3501.277533938686
3211,3507.794197105139
3212,3511.0189686609797
3213,3515.594867538785
3214,3520.681585344313
3215,3526.054571381118
3216,3533.026803139811
3217,3540.8527630243293
3218,3546.9336496707338
3219,3550.4602928288423
3220,3553.387654499968
3221,3552.55165309789
3222,3546.226853137598
3223,3538.7155847664744
3224,3528.139627977799
3225,3515.177627259353
3226,3499.4841503511966
3227,3482.830611541109
3228,3465.494484262516
3229,3448.952835194781
3230,3431.039870403159
3231,3413.3567231371003
3232,3395.333090862019
3233,3375.1791924791123
3234,3355.716817522768
3235,3337.4125661864273
3236,3318.778470488574
3237,3300.854230961405
3238,3286.0839783134325
3239,3273.0484536297618
3240,3259.165849881001
3241,3245.2085582360205
3242,3232.478086083588
3243,3222.788688229493
3244,3214.3796888711468
3245,3206.8762194300507
3246,3202.5802635625646
3247,3201.5304932030936
3248,3203.2819774355125
3249,3204.8057687177175
3250,3207.4634555170264
3251,3213.1738660046985
3252,3220.113665709287
3253,3224.1245569417592
3254,3223.8807821865516
3255,3223.747750995078
3256,3222.455978612413
3257,3221.615889465041
3258,3221.8381098729583
3259,3221.185588588346
3260,3219.5931652958498
3261,3216.5364399092523
3262,3212.4295999752335
3263,3208.475696966716
3264,3203.5561974435955
3265,3198.860085399265
3266,3193.8696242787487
3267,3187.4281499359013
3268,3181.3711123753
3269,3174.2353171788013
3270,3166.7594159676732
3271,3160.5262139854867
3272,3156.38533868931
3273,3154.3611194555756
3274,3154.820583740846
3275,3158.6431927450717
3276,3169.186575732591
3277,3183.2434347829326
3278,3199.7425777046096
3279,3216.1907484255817
3280,3234.0482615937676
3281,3253.938058196445
3282,3275.355700055877
3283,3298.640140224534
3284,3326.244383696421
3285,3354.779590163649
3286,3384.423415393669
3287,3414.4069462684274
3288,3444.640387084896
3289,3475.2054956271168
3290,3507.897816704646
3291,3541.2242648584147
3292,3573.0430326814744
3293,3604.582064146733
3294,3634.111858786716
3295,3661.483052513639
3296,3686.760933297154
3297,3708.6835785839357
3298,3726.6020848337384
3299,3740.179878085275
3300,3750.72592704501
3301,3758.380989711242
3302,3766.1694219259975
3303,3776.025172058086
3304,3786.1142561085044
3305,3800.8200093099567
3306,3813.6140145952204
3307,3830.542827116205
3308,3848.4665553338777
3309,3866.2913536120172
3310,3883.2301638197996
3311,3898.5757086336253
3312,3911.474860915013
3313,3920.419598066285
3314,3925.8865895596564
3315,3933.050708753632
3316,3940.399138118286
3317,3947.2123353502366
3318,3951.2014338504496
3319,3952.3672196932685
3320,3952.413932041838
3321,3951.7943257113466
3322,3950.1756500304564
3323,3947.7361203180594
3324,3945.578722055573
3325,3943.552361702545
3326,3941.2545934310797
3327,3937.7102899523707
3328,3931.9633876410876
3329,3925.0261916322543
3330,3919.009495753862
3331,3915.39759247356
3332,3912.6917745186065
3333,3912.447445046644
3334,3914.9413784785656
3335,3915.754237368452
3336,3913.419444731766
3337,3907.9018338970277
3338,3896.390983307814
3339,3881.3883239036336
3340,3867.7117431255706
3341,3855.491548901241
3342,3844.2116846034946
3343,3832.8899920877193
3344,3821.1176399804604
3345,3809.2676586551825
3346,3794.6316927493676
3347,3776.555582582577
3348,3756.5826837088207
3349,3737.098683832982
3350,3715.172230794942
3351,3692.8229227791862
3352,3669.8235758261317
3353,3646.4745095143467
3354,3620.359423354751
3355,3594.690309795913
3356,3565.9383421579014
3357,3536.2822509983666
3358,3507.544802042393
3359,3481.518715582492
3360,3459.1426528971806
3361,3438.7413340010307
3362,3420.483575214757
3363,3404.599325070699
3364,3391.4263278264502
3365,3380.246543186552
3366,3370.231619064113
3367,3356.19530113253
3368,3343.8590801144096
3369,3331.253265798564
3370,3316.2256959789793
3371,3300.7426773720103
3372,3283.7868354509424
3373,3268.2699047219703
3374,3254.3258706941983
3375,3243.5537985178817
3376,3233.4021539032233
3377,3223.1871157620412
3378,3213.274731926726
3379,3200.59750047635
3380,3186.80255169064
3381,3169.565099644594
3382,3149.552187820537
3383,3130.272916024931
3384,3108.2700590618983
3385,3085.1472676921253
3386,3061.1940281246516
3387,3037.993110369228
3388,3014.080369157413
3389,2992.317892897561
3390,2974.328671025683
3391,2958.6588947291
3392,2942.1822449560264
3393,2924.363116002621
3394,2904.9350331351257
3395,2884.926934703399
3396,2865.0632153430965
3397,2846.98906927053
3398,2829.807466088956
3399,2814.0634494850688
3400,2801.4131341604707
3401,2792.8076884620687
3402,2786.930657122473
3403,2785.528198140892
3404,2788.026036979116
3405,2791.8944137806484
3406,2800.5591628517022
3407,2811.7801559654326
3408,2824.2687364299836
3409,2837.4186701069984
3410,2850.763110637541
3411,2864.0594320085943
3412,2878.4854584276754
3413,2894.055613984611
3414,2909.748939843864
3415,2927.4288398868075
3416,2946.2417089208498
3417,2965.9239050283545
3418,2988.3696343016377
3419,3011.9229915149804
3420,3032.4144122905886
3421,3055.764151934836
3422,3080.9580621702985
3423,3105.573313641046
3424,3129.084190521172
3425,3151.6818676666358
3426,3173.1478300248846
3427,3193.1851744540118
3428,3213.8895002107247
3429,3234.523169283678
3430,3254.1132810167815
3431,3273.4202541525146
3432,3290.7119859087784
3433,3306.108374829698
3434,3319.822717026272
3435,3334.4074243132977
3436,3349.555939346887
3437,3364.7355887309795
3438,3380.980338964531
3439,3397.5522816991083
3440,3414.7344509388668
3441,3431.5325632537215
3442,3447.1538039649695
3443,3460.6826920056046
3444,3474.434909772753
3445,3488.5652221545556
3446,3503.947503793102
3447,3518.674885191683
3448,3532.836359953042
3449,3548.005382367028
3450,3562.674528852507
3451,3574.44083616087
3452,3585.880848794404
3453,3595.472751997055
3454,3603.477791455463
3455,3608.9864039632566
3456,3613.127809647322
3457,3615.5350053464913
3458,3615.4718928304997
3459,3615.7387582296324
3460,3614.064177460607
3461,3611.2448063072216
3462,3607.4345893345935
3463,3600.958288710357
3464,3591.7515804945383
3465,3581.1473292295614
3466,3568.331884775079
3467,3552.4045680341783
3468,3533.6588457224416
3469,3512.4536509048717
3470,3487.695935060523
3471,3459.671571176533
3472,3431.383893112365
3473,3405.4708366225645
3474,3383.955594084447
3475,3363.8361378668073
3476,3349.1950563719415
3477,3336.457315471408
3478,3327.4754254503932
3479,3321.7383449603212
3480,3316.1206850688404
3481,3311.547724810926
3482,3305.9320816338836
3483,3297.704573147823
3484,3287.2416887323748
3485,3274.468442780254
3486,3260.020377857911
3487,3245.3172762500853
3488,3231.4045271452
3489,3216.8311192229435
3490,3201.8176729627157
3491,3189.4119862822063
3492,3178.8315388458564
3493,3170.56907522544
3494,3166.1855128087536
3495,3163.620655705597
3496,3163.048255450839
3497,3163.251032784274
3498,3163.2880439605788
3499,3165.2992423466044
3500,3169.161151083073
3501,3174.4536572967318
3502,3180.083241459538
3503,3186.5924129581595
3504,3193.9037462429396
3505,3201.6301910996044
3506,3210.173516498359
3507,3217.5663486667972
3508,3225.251297671531
3509,3231.2926650659415
3510,3236.6191265738444
3511,3241.866743492558
3512,3246.896076607186
3513,3252.7879915038857
3514,3260.558393709899
3515,3266.183508098207
3516,3271.7364484744376
3517,3275.167010982506
3518,3278.3875988179407
3519,3280.4923760179495
3520,3281.7238005338277
3521,3281.8668871120008
3522,3281.244202891506
3523,3279.215229818309
3524,3275.268962004394
3525,3267.49010258264
3526,3256.781407562792
3527,3241.175600094506
3528,3220.276624482512
3529,3197.242558301565
3530,3174.629797226642
3531,3151.715945607551
3532,3128.3898413581805
3533,3107.6527191992977
3534,3089.61142292107
3535,3073.257072591157
3536,3060.0930568285257
3537,3052.0037866264133
3538,3050.0344401169027
3539,3053.5978774359683
3540,3063.756898515752
3541,3081.27817323894
3542,3101.471491340431
3543,3126.087618001716
3544,3150.555823046275
3545,3176.5352723499673
3546,3203.4040482638115
3547,3233.6705558812077
3548,3265.1795386823887
3549,3296.525126808138
3550,3326.882917400984
3551,3354.7337647409686
3552,3379.1616290971856
3553,3398.77647389299
3554,3415.058916905165
3555,3431.353454677903
3556,3445.6134851341753
3557,3460.568348261346
3558,3474.1002466919567
3559,3484.162368144111
3560,3491.3969329872402
3561,3494.926342021824
3562,3496.5535466778156
3563,3497.990676098096
3564,3498.918710898334
3565,3498.599927593966
3566,3497.2444977246764
3567,3493.1337116800164
3568,3485.8909172465133
3569,3478.2866791606493
3570,3470.030083347491
3571,3459.183693985955
3572,3448.6418911011738
3573,3437.211801749387
3574,3427.8491840545753
3575,3419.9123924112214
3576,3413.8279476747516
3577,3409.164693629861
3578,3405.6859184113146
3579,3403.219673489377
3580,3402.1761266424132
3581,3401.842558731414
3582,3402.76271065945
3583,3406.123695515275
3584,3411.083340438805
3585,3417.2203008352594
3586,3422.637228787932
3587,3426.3708411398025
3588,3425.3087219133304
3589,3418.780296435887
3590,3404.741119353086
3591,3392.5270352910493
3592,3371.851431833435
3593,3345.1338352072366
3594,3315.847846654667
3595,3286.8454745809972
3596,3258.6504920950038
3597,3233.7709829259275
3598,3213.1289646257173
3599,3194.5285702383962
3600,3178.055943304572
3601,3165.5411151264134
3602,3155.8348953097498
3603,3149.1998208399405
3604,3144.957924929718
3605,3143.3508104216003
3606,3143.891047397632
3607,3144.7056922578054
3608,3143.084647111604
3609,3140.475552641403
3610,3136.723469311254
3611,3132.2528292950224
3612,3125.9984553934355
3613,3118.436363508432
3614,3111.273346871081
3615,3103.579031395898
3616,3095.113246443594
3617,3087.9636683456647
3618,3082.2836021326957
3619,3076.8867688111677
3620,3073.6262382832383
3621,3072.6864963142134
3622,3071.695487834676
3623,3070.889160934283
3624,3071.869575346319
3625,3074.213049209659
3626,3078.501704530939
3627,3082.981684171155
3628,3086.7730305444684
3629,3090.073111812428
3630,3094.3059002290574
3631,3101.978073401629
3632,3112.4440301388613
3633,3126.9870560164045
3634,3146.8790844227597
3635,3170.1368531604694
3636,3196.9781241391283
3637,3224.9445279570205
3638,3255.120859283863
3639,3289.985081823246
3640,3327.979408144101
3641,3368.465195162286
3642,3412.5841307048654
3643,3460.3023223408813
3644,3508.0995779207033
3645,3554.2560860231883
3646,3597.894948110248
3647,3636.9221623210265
3648,3670.8758386844047
3649,3703.3811895673257
3650,3733.8045183297113
3651,3760.1585935419316
3652,3784.311744153687
3653,3806.1619529291775
3654,3825.4242065831913
3655,3841.2842858681506
3656,3854.891502286962
3657,3868.7876032847653
3658,3882.640297978019
3659,3898.1440778400447
3660,3914.9026490242136
3661,3931.784650661127
3662,3950.6376088679326
3663,3971.563285436725
3664,3994.8069704113113
3665,4019.707270547277
3666,4047.150481901594
3667,4076.9047703532087
3668,4106.492392792067
3669,4134.531588210829
3670,4161.476356545584
3671,4188.062966562203
3672,4215.146861270504
3673,4245.373935037218
3674,4275.94035628311
3675,4305.756263407836
3676,4336.678458460913
3677,4364.70382438133
3678,4391.120098393709
3679,4414.415037138574
3680,4436.609768225389
3681,4456.510973518239
3682,4473.135881397175
3683,4488.665026117016
3684,4500.676827961022
3685,4509.097799814614
3686,4514.387254677062
3687,4517.299660488688
3688,4518.125142928617
3689,4517.213722473248
3690,4513.919719164581
3691,4508.065343202429
3692,4499.62711699177
3693,4488.323248229864
3694,4472.699943942421
3695,4453.641529902602
3696,4432.3919553327705
3697,4407.101713163429
3698,4379.241397303592
3699,4348.390516471795
3700,4313.975811360163
3701,4278.108005373292
3702,4238.925224543371
3703,4196.998400409498
3704,4153.750101731693
3705,4116.124081882002
3706,4075.3909332193402
3707,4034.581559203536
3708,3994.2460657054035
3709,3952.552718351203
3710,3909.838239089957
3711,3867.7032147391533
3712,3825.1286182073127
3713,3784.1194872837254
3714,3742.0087446055973
3715,3700.3448092953076
3716,3658.3631915488536
3717,3616.694162096268
3718,3576.4540420259373
3719,3538.8898790736293
3720,3502.850486785734
3721,3467.9968840596825
3722,3435.96519990422
3723,3404.1075201711938
3724,3371.8347011674387
3725,3338.5188395881423
3726,3304.7052866369927
3727,3270.992154146818
3728,3238.3742815995142
3729,3203.107140210395
3730,3167.4771026670983
3731,3128.83124824933
3732,3089.6120613262715
3733,3050.0750765455136
3734,3009.7413818190203
3735,2969.303362069398
3736,2931.2720581776216
3737,2896.2306834001724
3738,2864.8766469651096
3739,2837.1561074029282
3740,2813.316149527705
3741,2795.692971342388
3742,2780.7176605154045
3743,2771.123508988263
3744,2767.514458010486
3745,2767.9822194658323
3746,2771.7746817913144
3747,2779.6823391528687
3748,2792.2606686678987
3749,2808.207596499558
3750,2826.3733619722107
3751,2846.139768756267
3752,2869.7329214726324
3753,2895.570116951302
3754,2922.69977837635
3755,2951.6436469580717
3756,2983.2019863056003
3757,3018.850452099075
3758,3054.3101403974697
3759,3089.4475249286616
3760,3122.9265938876
3761,3156.742484689017
3762,3186.1623096862504
3763,3215.190387809373
3764,3240.4570735222264
3765,3262.1153626348696
3766,3281.375473149198
3767,3298.294423181731
3768,3311.9802152854286
3769,3320.8718587752987
3770,3327.921090712042
3771,3330.114220177793
3772,3328.2864226043516
3773,3320.5904511687877
3774,3309.3053020830603
3775,3296.289274594015
3776,3280.885550940078
3777,3264.8397851945037
3778,3247.028997269751
3779,3231.250406058158
3780,3218.264492897296
3781,3207.9252144052634
3782,3198.9072798209972
3783,3188.850236188244
3784,3178.4648381871075
3785,3167.86757217801
3786,3156.946752204227
3787,3145.665597006816
3788,3136.3589290063223
3789,3126.1228098582083
3790,3115.4785073607923
3791,3102.4238541399586
3792,3086.917049311579
3793,3068.4298190387663
3794,3048.690571424986
3795,3025.6301904728098
3796,3002.5463156637634
3797,2977.7773984952532
3798,2951.237936444651
3799,2923.3475287391
3800,2894.4160252671577
3801,2866.175344310729
3802,2836.7044478817224
3803,2807.8539927096263
3804,2777.7312623451226
3805,2748.3619458520643
3806,2720.5169705867406
3807,2694.65380515201
3808,2670.374287964511
3809,2647.566704996439
3810,2625.1779484764334
3811,2603.3764422938602
3812,2581.19494964324
3813,2558.761342766071
3814,2536.497027955111
3815,2517.373828981355
3816,2499.8582284198624
3817,2481.933225227471
3818,2467.85077211268
3819,2455.5990379028117
3820,2446.339842688025
3821,2436.8346406295286
3822,2427.4731039764024
3823,2418.6629953934016
3824,2409.1810781242093
3825,2398.7590760061153
3826,2388.8470458776637
3827,2378.0543602199
3828,2370.255309023109
3829,2364.165444984191
3830,2359.8883922286773
3831,2358.197687412434
3832,2357.234187744858
3833,2356.690601552549
3834,2358.5972646546334
3835,2362.5137812089597
3836,2365.7903023136037
3837,2371.3775993249806
3838,2379.4975959007543
3839,2390.3432771648363
3840,2402.740175932165
3841,2416.323122101235
3842,2429.0644798763324
3843,2441.102160703799
3844,2454.1506277298136
3845,2466.3366321542467
3846,2478.860452353439
3847,2491.502018826785
3848,2504.0969718692113
3849,2517.6093575131445
3850,2531.976104176411
3851,2548.858439245057
3852,2565.92782595485
3853,2582.41997877906
3854,2600.9682561146574
3855,2620.413905340478
3856,2642.182990274796
3857,2663.4683106048733
3858,2686.7653640041876
3859,2712.559566656354
3860,2737.918041911249
3861,2762.3079204093497
3862,2786.404112963131
3863,2810.704851625941
3864,2834.8804476468695
3865,2857.9695259320424
3866,2882.0035100282334
3867,2905.7920341085296
3868,2928.1101274318007
3869,2948.553219354556
3870,2968.077933054509
3871,2988.162694562199
3872,3008.146003655989
3873,3028.1790795913553
3874,3050.536753404483
3875,3076.6464756593355
3876,3099.361934021057
3877,3124.7062926928857
3878,3152.8868849424457
3879,3183.173191437512
3880,3215.1483913010593
3881,3247.600530805356
3882,3280.121468901161
3883,3311.842020871826
3884,3343.528317997184
3885,3374.1516492411915
3886,3402.9431303523825
3887,3428.6900527758253
3888,3451.5026287285336
3889,3471.630445007982
3890,3490.8010633172253
3891,3508.0660673553502
3892,3524.5557445533204
3893,3540.2256545305863
3894,3554.6558430890514
3895,3569.8860643842036
3896,3584.9079409669125
3897,3600.778526135972
3898,3619.5778091141756
3899,3638.442669147823
3900,3659.626243555804
3901,3682.345373320816
3902,3705.160061896684
3903,3727.243423721899
3904,3749.0374252783045
3905,3769.9727448045305
3906,3790.9191368606535
3907,3810.9790634147485
3908,3830.3487029743305
3909,3847.9470906220895
3910,3865.067439429735
3911,3882.138847669876
3912,3898.704133151121
3913,3914.008973570752
3914,3928.0393892017432
3915,3942.043886865297
3916,3956.4157998950163
3917,3969.4274136864283
3918,3982.393148810457
3919,3993.312095538782
3920,4002.0436093337416
3921,4008.587726318301
3922,4013.0496362949852
3923,4016.423389421454
3924,4020.0508549262736
3925,4023.6934187261277
3926,4027.611232364309
3927,4031.3584519109977
3928,4033.8177607010375
3929,4036.5304335497963
3930,4038.7064603057356
3931,4040.203556265351
3932,4042.3356040892722
3933,4044.1904856960846
3934,4046.6358221626683
3935,4048.4752369836237
3936,4049.017899822626
3937,4047.047257583747
3938,4043.1272076527443
3939,4036.586473220988
3940,4027.7971387476555
3941,4014.682861740836
3942,3998.786914999977
3943,3980.795847965068
3944,3961.5763596733414
3945,3940.84152853204
3946,3916.6968011895588
3947,3892.4581683400793
3948,3868.3500968049666
3949,3845.3223641029913
3950,3822.553319229321
3951,3800.032932689706
3952,3778.2592538426197
3953,3756.651794501803
3954,3737.235965193452
3955,3717.49088187117
3956,3698.514682406509
3957,3680.36298627721
3958,3662.4637250651326
3959,3641.4702228407746
3960,3621.2941825932257
3961,3601.129159405738
3962,3580.97936397901
3963,3560.7573425015344
3964,3542.800361464352
3965,3526.6451317488086
3966,3511.777047850362
3967,3498.8980020249214
3968,3488.46125477729
3969,3481.5528831933357
3970,3475.0942529846684
3971,3470.775595269924
3972,3469.3895173514647
3973,3467.1105347484613
3974,3465.391042407604
3975,3465.139469773684
3976,3464.8186303765306
3977,3462.348902466813
3978,3456.8635240299513
3979,3450.4017119277123
3980,3442.706274900181
3981,3435.3509183362485
3982,3431.040155262039
3983,3427.3945451732757
3984,3425.8642919008653
3985,3423.3802224817014
3986,3419.6105773278105
3987,3417.8644226188244
3988,3421.352377797078
3989,3429.482444607441
3990,3436.5556027324556
3991,3448.138114638694
3992,3465.67785099401
3993,3485.974634383332
3994,3510.106095286376
3995,3535.600384343594
3996,3561.1413875855474
3997,3587.0693732462655
3998,3611.998266355499
3999,3638.920164826234
4000,3662.7875496324923
4001,3685.6845580464496
4002,3707.88813283792
4003,3728.0852608616697
4004,3748.5825615334556
4005,3767.9573951587954
4006,3784.4868279270368
4007,3800.4782728829305
4008,3816.781632000134
4009,3834.02600301639
4010,3851.7014398289693
4011,3870.113054843885
4012,3888.246352323499
4013,3906.2785599099034
4014,3922.247495241543
4015,3933.5466119496277
4016,3941.1801561563607
4017,3945.850423071685
4018,3947.5049046878003
4019,3944.568254135723
4020,3937.5021690267863
4021,3929.129205894193
4022,3917.099706276549
4023,3903.6689390819456
4024,3887.9255137300484
4025,3870.008761509433
4026,3850.76765919346
4027,3831.4592296649867
4028,3813.3150850809593
4029,3795.950582942647
4030,3780.677228978269
4031,3764.4253925002945
4032,3746.2665259948235
4033,3727.9655168285753
4034,3707.454950637526
4035,3686.5685382079687
4036,3664.0281558272814
4037,3639.768299661682
4038,3612.8130496771832
4039,3583.5417923864898
4040,3551.3010872237037
4041,3515.7693348860694
4042,3477.0714956335346
4043,3436.5083758400287
4044,3394.9823585468557
4045,3351.6203359592837
4046,3308.4269295790077
4047,3270.848666028168
4048,3232.633375209757
4049,3193.2964788131253
4050,3154.573913531618
4051,3115.9736596750304
4052,3078.2201245315846
4053,3040.0384041634998
4054,3002.834193050938
4055,2965.329484802479
4056,2926.303279153515
4057,2887.697928935153
4058,2850.0026087347196
4059,2813.311258126422
4060,2776.456441645019
4061,2740.689196335569
4062,2705.8508697074826
4063,2671.225212247653
4064,2637.2851270294973
4065,2604.4357299074723
4066,2572.5534154293423
4067,2540.4735411937427
4068,2510.1052712556734
4069,2480.0959547447032
4070,2452.0501770318
4071,2424.8907485461777
4072,2396.9387956454616
4073,2367.8223630129933
4074,2339.6708645242893
4075,2311.929359256799
4076,2283.82573447221
4077,2255.8882183327773
4078,2227.6062554364476
4079,2200.3047024891493
4080,2172.947196865669
4081,2145.1698590305605
4082,2119.968507882944
4083,2096.522901034888
4084,2075.7908553774
4085,2058.1083827937305
4086,2044.593541213712
4087,2036.503604953862
4088,2033.7485781374985
4089,2034.6994289318286
4090,2039.380650594949
4091,2047.2759405397012
4092,2057.540220564169
4093,2071.285136227629
4094,2089.343600050165
4095,2111.3502846069214
4096,2138.077161995303
4097,2169.177848539782
4098,2204.092096454074
4099,2243.687588392946
4100,2286.2216169466947
4101,2332.88561120015
4102,2382.2434638098616
4103,2434.181189355821
4104,2479.367010580806
4105,2526.692553061868
4106,2574.3007042113422
4107,2621.75868570804
4108,2667.9389066974313
4109,2711.5348328027317
4110,2751.7104594996713
4111,2787.7755689248334
4112,2820.82987127521
4113,2850.687978925641
4114,2875.6457536795347
4115,2895.0249660036493
4116,2910.9392095618405
4117,2923.374341459584
4118,2935.554000564567
4119,2946.423782904987
4120,2957.0527640268538
4121,2968.324245801266
4122,2978.474997884978
4123,2989.880002066056
4124,3002.0523127072825
4125,3015.8512306217644
4126,3030.045573131665
4127,3044.3381538931403
4128,3059.710214424162
4129,3074.6827340951745
4130,3090.0834815463118
4131,3105.981723095797
4132,3121.780838559382
4133,3137.0767425814997
4134,3150.0689675508
4135,3158.741682301143
4136,3165.290307076288
4137,3168.6689687337403
4138,3168.6916233553916
4139,3163.9762972547946
4140,3155.742524372907
4141,3143.168732146605
4142,3125.890230848324
4143,3105.9447864696253
4144,3081.2403885669373
4145,3054.2840191583887
4146,3025.38286785998
4147,2993.2681220674535
4148,2959.379027917384
4149,2924.810021020826
4150,2888.7505454471175
4151,2851.512908619471
4152,2813.937878558705
4153,2777.249678982154
4154,2740.389680615562
4155,2704.8416654321827
4156,2671.157370608543
4157,2641.8071259569056
4158,2615.685471700887
4159,2594.1821281973066
4160,2578.0492011506476
4161,2564.013554620054
4162,2556.2111637341695
4163,2553.3681583467096
4164,2554.3571489200745
4165,2560.7591719410498
4166,2571.8408696084084
4167,2585.018168139241
4168,2600.991886097649
4169,2618.144140426514
4170,2636.761047781161
4171,2656.1746697127505
4172,2677.503594126648
4173,2699.100531268889
4174,2722.403426142892
4175,2747.095851255446
4176,2773.2409239028348
4177,2799.590885366514
4178,2825.008253224852
4179,2848.54526774819
4180,2872.7891297880205
4181,2895.5269090763572
4182,2917.473360448049
4183,2937.474601751048
4184,2956.5539789042
4185,2972.001990046372
4186,2986.4663122089487
4187,3001.3846611750937
4188,3017.875435938584
4189,3036.0000757518064
4190,3053.662809787267
4191,3072.2241624441135
4192,3090.5712551022066
4193,3109.507328896243
4194,3127.647832861506
4195,3145.939462565815
4196,3167.04165616148
4197,3189.6623070832225
4198,3213.4158988954164
4199,3235.7056864682286
4200,3258.5889634277687
4201,3280.75297206353
4202,3300.8901597416543
4203,3319.6989049057406
4204,3337.4451140082533
4205,3353.034237369672
4206,3365.1666277808727
4207,3374.6533171532033
4208,3380.6211478385126
4209,3382.7878451878914
4210,3382.311149776184
4211,3377.248515750158
4212,3367.0886265719637
4213,3352.4203047782958
4214,3334.9924358391604
4215,3314.360504764889
4216,3291.05158577869
4217,3269.1961390011975
4218,3250.181900304779
4219,3232.096292423323
4220,3214.8138226068886
4221,3197.127944186643
4222,3181.5876058586127
4223,3167.1596591471643
4224,3156.9758355460954
4225,3150.294505604321
4226,3146.5713734579717
4227,3146.0804153390177
4228,3148.90953932555
4229,3154.6675985996358
4230,3164.5893435022826
4231,3178.687819453611
4232,3195.913249839544
4233,3215.881164401677
4234,3236.4729137257377
4235,3256.6124163525947
4236,3276.1488034005883
4237,3296.458972693394
4238,3316.9008370163115
4239,3339.4558793195165
4240,3363.435015236927
4241,3388.737461940398
4242,3413.5552641280974
4243,3439.059448162619
4244,3463.574084578279
4245,3486.2247984404803
4246,3507.702578084028
4247,3528.214968484799
4248,3549.1762435694254
4249,3570.5299215595583
4250,3592.948846775237
4251,3615.1715178899817
4252,3636.4853262427523
4253,3657.839013879112
4254,3678.5659061090246
4255,3697.889110951143
4256,3716.973362866097
4257,3734.168723509809
4258,3752.307635415788
4259,3770.246815926032
4260,3788.5403614704114
4261,3806.9464727226928
4262,3825.7498556521887
4263,3846.3138363905905
4264,3864.660347711519
4265,3883.869015872826
4266,3903.2570047428076
4267,3922.2105674949967
4268,3944.6969818129833
4269,3965.7570066596318
4270,3985.575530982272
4271,4001.446447181566
4272,4011.6333478252077
4273,4017.4721013751914
4274,4017.145967892671
4275,4016.8622317628774
4276,4008.9787631380223
4277,3997.704680831344
4278,3983.4602337780298
4279,3966.088895222447
4280,3948.045509350837
4281,3929.6073540264347
4282,3912.097361322102
4283,3896.070339450969
4284,3881.854185953876
4285,3868.373436558222
4286,3858.8306289840452
4287,3852.1025956464578
4288,3849.082677170403
4289,3849.6657980774426
4290,3853.724463692152
4291,3858.503680519895
4292,3864.311996057775
4293,3870.90445461835
4294,3878.3657037162775
4295,3888.32668208134
4296,3902.2752700917063
4297,3918.8296127572635
4298,3937.06368496724
4299,3955.049283791806
4300,3972.9359575541916
4301,3990.808105439931
4302,4007.153576166913
4303,4023.4436470488286
4304,4039.933842245817
4305,4057.262330598404
4306,4074.7832416872616
4307,4092.225225008157
4308,4109.196848906575
4309,4126.376613587986
4310,4142.03616223116
4311,4158.319267280854
4312,4173.907801007782
4313,4187.359260509709
4314,4199.146915458908
4315,4209.905277271108
4316,4221.098960877069
4317,4230.7588414692655
4318,4238.330008608551
4319,4245.0850851124505
4320,4249.209196006333
4321,4251.372200879376
4322,4252.995816152935
4323,4253.706430873249
4324,4251.94184356131
4325,4249.61414176561
4326,4247.904867733282
4327,4244.406178194726
4328,4238.418064077037
4329,4229.517986823117
4330,4215.046167138361
4331,4195.546748094887
4332,4178.582253527066
4333,4154.852379748069
4334,4125.022899231779
4335,4091.7590957607044
4336,4054.846414341523
4337,4014.3829420417633
4338,3968.723565897686
4339,3918.614750821457
4340,3863.6442364051336
4341,3805.9803981665914
4342,3746.1137372642984
4343,3683.463523335258
4344,3619.722019840669
4345,3555.253551429676
4346,3491.6356157808314
4347,3428.591959356291
4348,3367.383794755917
4349,3308.642879895236
4350,3252.4487711219645
4351,3198.1817980743303
4352,3145.460716458737
4353,3094.1950586564735
4354,3044.2970303956245
4355,2996.507469595687
4356,2952.0189694555406
4357,2912.137090385275
4358,2875.857059084937
4359,2842.8928207280505
4360,2814.274481587277
4361,2789.6062603907694
4362,2766.901508915606
4363,2746.4191367013686
4364,2728.5399969174996
4365,2713.297206565855
4366,2700.5813534635927
4367,2691.3750699421275
4368,2686.182520605733
4369,2685.8103520079235
4370,2688.691740047158
4371,2694.9800809524463
4372,2703.8183189019946
4373,2714.925067520052
4374,2728.649677188054
4375,2747.070239453887
4376,2770.357759567062
4377,2796.298103224799
4378,2824.783807679648
4379,2856.3612745634764
4380,2890.25268163762
4381,2927.508056209175
4382,2967.5659433446463
4383,3011.8578063064483
4384,3060.3386922022314
4385,3111.8009500974745
4386,3165.591494373759
4387,3221.093152786217
4388,3278.4929244019427
4389,3328.4307257076234
4390,3380.8651855181333
4391,3433.6835162674083
4392,3485.8245021628554
4393,3534.7113447632873
4394,3579.68638657523
4395,3620.739597986914
4396,3657.8407761786098
4397,3690.5098171949853
4398,3720.604804490931
4399,3747.4835018246945
4400,3771.07097839101
4401,3789.788690162205
4402,3805.7450295737
4403,3819.1015222412566
4404,3829.5560595123015
4405,3838.9017118714187
4406,3845.852298618916
4407,3849.5492364320335
4408,3851.100639630282
4409,3850.632924153959
4410,3848.1748941531755
4411,3841.06934271302
4412,3831.5012432307963
4413,3819.8621503880545
4414,3807.243534063262
4415,3793.03186464337
4416,3777.0708419190714
4417,3759.119183063897
4418,3740.153151669336
4419,3718.7262652796894
4420,3695.7973190011858
4421,3672.1386877534865
4422,3648.3028072040943
4423,3625.694916787365
4424,3603.928322301574
4425,3583.330060155787
4426,3564.5333213470803
4427,3546.7809906746356
4428,3529.3984301185146
4429,3514.307849958926
4430,3500.128249682413
4431,3488.469042601595
4432,3476.560109151811
4433,3464.8976317906704
4434,3452.1021573210005
4435,3438.102340895221
4436,3422.6726705234996
4437,3407.540001312528
4438,3389.968609050686
4439,3371.004152245469
4440,3350.6158001075423
4441,3329.350618412747
4442,3309.5260348573393
4443,3292.0510292587724
4444,3276.7606647933817
4445,3268.3382836703936
4446,3261.0108120933946
4447,3258.7256293685978
4448,3262.9675748307213
4449,3271.210820216725
4450,3280.3398461842326
4451,3292.430841515082
4452,3306.3815752631253
4453,3317.7958033965037
4454,3326.9249111814415
4455,3335.3129171580854
4456,3342.236407997753
4457,3345.825923938913
4458,3346.8203536484375
4459,3345.781518884071
4460,3344.3366286876876
4461,3343.4783155854366
4462,3342.2735341041143
4463,3341.149191218698
4464,3339.3743685204568
4465,3336.0909108282312
4466,3331.182918269501
4467,3327.1805481817273
4468,3320.9524493365093
4469,3313.240818731488
4470,3307.6038476131253
4471,3302.146635321925
4472,3295.166151437816
4473,3289.163946421602
4474,3282.882100047215
4475,3276.092457843875
4476,3266.935830437125
4477,3255.4138246155344
4478,3243.213612748824
4479,3230.4137908115567
4480,3218.2603932399384
4481,3206.1125071748424
4482,3193.877792614066
4483,3180.528612153518
4484,3165.591272662007
4485,3150.6535454823124
4486,3133.244005653091
4487,3116.771891598921
4488,3101.080691522273
4489,3085.1316256942437
4490,3069.620885363529
4491,3054.4913204710824
4492,3039.425767136353
4493,3026.0960774693426
4494,3013.7393581833376
4495,3001.4390130387465
4496,2989.1119153677205
4497,2976.3258251045927
4498,2964.549677679033
4499,2953.018763860955
4500,2941.074182662087
4501,2928.783313728945
4502,2915.736273821903
4503,2904.385349102776
4504,2895.205875360689
4505,2887.074546319616
4506,2878.9927437037404
4507,2871.5782215076247
4508,2864.6674818841016
4509,2856.597886763411
4510,2849.1207043457825
4511,2839.5233531001395
4512,2830.9462275332958
4513,2824.8145308646554
4514,2818.6225472237256
4515,2812.214440887965
4516,2805.0986459413193
4517,2797.223967709009
4518,2788.34104770209
4519,2782.7961745133484
4520,2779.6786844897597
4521,2777.808758417892
4522,2777.1164269976352
4523,2775.2088080074454
4524,2774.088895577783
4525,2774.0378792842553
4526,2774.3972390144027
4527,2777.3033260211178
4528,2781.9180198106014
4529,2787.2132443476266
4530,2794.8690669922075
4531,2804.9089787738235
4532,2816.3756687713862
4533,2828.4133724969442
4534,2840.1720279662354
4535,2853.6653340859402
4536,2868.424996382653
4537,2886.591916673444
4538,2905.272761949079
4539,2923.9522986761035
4540,2942.2194593897525
4541,2959.527858911894
4542,2974.3723530797006
4543,2988.057222521658
4544,3001.530842030075
4545,3015.858104840292
4546,3028.2213115930954
4547,3040.760982527165
4548,3053.1813941281607
4549,3066.6478803398413
4550,3081.084512922774
4551,3095.508539259119
4552,3110.8976995791286
4553,3126.5160693247535
4554,3143.518960725601
4555,3160.5290434909816
4556,3178.143192188733
4557,3196.35375404389
4558,3215.9005891868746
4559,3236.2559804065177
4560,3253.965170767607
4561,3272.77826845906
4562,3292.9941111284516
4563,3314.238925948094
4564,3335.824387574072
4565,3357.955799574034
4566,3379.720871535846
4567,3402.2608465848034
4568,3424.2077256896123
4569,3445.4474245917927
4570,3466.5181724637027
4571,3486.071785646762
4572,3502.963063055499
4573,3516.342658921708
4574,3528.9320266291707
4575,3539.968303593453
4576,3550.058579166505
4577,3559.2684151255617
4578,3567.7058070439507
4579,3575.616972347097
4580,3583.4264692059037
4581,3592.5421904268374
4582,3600.782645312081
4583,3609.298490513805
4584,3617.3713113889617
4585,3624.671509335095
4586,3629.737083305886
4587,3632.9907650670502
4588,3633.8086573807204
4589,3631.765360470233
4590,3626.27629712478
4591,3619.733244732917
4592,3611.521768087462
4593,3601.970767345605
4594,3591.768139359461
4595,3580.726784095793
4596,3568.9777829163972
4597,3556.542820874875
4598,3542.9797517477045
4599,3529.0973432910887
4600,3515.4406404614606
4601,3502.401884982626
4602,3489.730154062228
4603,3477.011421596535
4604,3464.52790926934
4605,3450.6745570331595
4606,3436.0987000115515
4607,3421.1251051306535
4608,3404.7311785507113
4609,3388.7549040588788
4610,3372.011892217356
4611,3355.6116123625043
4612,3339.7125333485324
4613,3322.523994462595
4614,3305.86618474538
4615,3289.427933640047
4616,3272.9081869499746
4617,3258.5360073296115
4618,3243.961516642574
4619,3230.328659510187
4620,3218.8198486155907
4621,3210.411158039094
4622,3204.8735818059845
4623,3201.705173854633
4624,3200.475901607268
4625,3200.8136364523766
4626,3201.663811119335
4627,3201.6501773979408
4628,3198.512953269845
4629,3193.3734369409276
4630,3185.1572413377844
4631,3174.3848829013787
4632,3160.418247298343
4633,3143.432777620324
4634,3125.32394877284
4635,3107.676033950644
4636,3086.687346376558
4637,3063.8025318432424
4638,3041.22331811343
4639,3018.770076226221
4640,2996.7246076959677
4641,2976.5646980181627
4642,2956.870077901666
4643,2939.2332186767917
4644,2923.9493812098835
4645,2911.3804169806485
4646,2901.7855537317046
4647,2892.492357295833
4648,2882.585196833564
4649,2873.451298715252
4650,2865.710271256673
4651,2857.358372647002
4652,2848.590623923686
4653,2842.065689260702
4654,2837.7598366919547
4655,2834.2009021223703
4656,2829.6541643899827
4657,2824.9801521687527
4658,2821.4696970058
4659,2818.0678860239927
4660,2815.152013006479
4661,2812.452365661041
4662,2811.629500795262
4663,2810.2818456792993
4664,2808.194647418903
4665,2806.2955180873378
4666,2804.865592969979
4667,2804.466849626646
4668,2805.6695381428926
4669,2807.887007067392
4670,2812.3153028374686
4671,2818.2094823911298
4672,2827.1762057016294
4673,2836.432070288701
4674,2844.4846724794534
4675,2852.4983362096427
4676,2855.9839282426647
4677,2857.239119858826
4678,2856.9172268113193
4679,2855.608539875882
4680,2854.302740509029
4681,2850.191736978946
4682,2847.443831065299
4683,2845.3388891395875
4684,2845.043990877965
4685,2846.622821381154
4686,2847.8207462013597
4687,2851.3363329751132
4688,2856.487339002958
4689,2861.460919607018
4690,2865.332251418852
4691,2867.6849163648576
4692,2871.524362337276
4693,2874.896542843678
4694,2879.448152671291
4695,2883.125310607639
4696,2886.404806671389
4697,2890.0650699931675
4698,2894.3796167861647
4699,2899.3147176663074
4700,2906.830126778218
4701,2916.640094931209
4702,2927.593702851614
4703,2938.4454040876863
4704,2948.199023799077
4705,2957.580995631407
4706,2967.4505564806045
4707,2977.2519509105578
4708,2990.762753968839
4709,3007.2361221690176
4710,3025.4258916935955
4711,3048.1045935810635
4712,3070.9615896983382
4713,3095.3675488296785
4714,3121.804505442299
4715,3150.70249977017
4716,3180.924003681218
4717,3213.2498178132246
4718,3244.9626080114012
4719,3276.3798727766875
4720,3306.2329299990706
4721,3333.97908999844
4722,3360.045974123873
4723,3383.4358558766803
4724,3404.5642825613786
4725,3423.3724135289513
4726,3442.539327341557
4727,3462.976528915506
4728,3485.4624650904684
4729,3510.5600802148956
4730,3540.160711184743
4731,3565.9132601285096
4732,3596.65536792861
4733,3632.134751545951
4734,3670.5949152177013
4735,3710.689229691832
4736,3750.658538727816
4737,3791.447888196045
4738,3830.280105625773
4739,3868.7943402574892
4740,3906.6699098194576
4741,3944.118251232347
4742,3980.3487007895965
4743,4014.378044796088
4744,4045.543890599881
4745,4074.399941890815
4746,4100.425723319169
4747,4123.735853270225
4748,4142.780669445356
4749,4158.520170103595
4750,4172.701870575921
4751,4183.926540020379
4752,4191.857813926708
4753,4198.527623388657
4754,4203.623497894015
4755,4206.822894125671
4756,4208.202239206341
4757,4208.150516632768
4758,4207.890119406836
4759,4205.584076551173
4760,4200.190783380768
4761,4192.08239012047
4762,4181.750253830554
4763,4171.319989683513
4764,4158.9446349806
4765,4145.286249731034
4766,4130.4539255073905
4767,4114.204316509272
4768,4097.8157847285975
4769,4079.898098437473
4770,4061.9665705521347
4771,4043.426948810417
4772,4025.23585709792
4773,4006.367520654279
4774,3987.3838759624455
4775,3968.7940046769504
4776,3948.4434913004584
4777,3928.4908422609105
4778,3907.0873238971426
4779,3882.255219209075
4780,3855.147880371274
4781,3825.2069513692422
4782,3792.410529402655
4783,3757.925405311025
4784,3722.221222873452
4785,3685.3316740084406
4786,3650.16694990368
4787,3616.8557127032227
4788,3587.874936338825
4789,3558.18840091731
4790,3528.4637410088717
4791,3499.8007817621606
4792,3472.260651243198
4793,3445.8057426020837
4794,3420.8745213745515
4795,3398.045379083623
4796,3377.2256500153844
4797,3359.5156586403873
4798,3346.510440771334
4799,3338.6147855177546
4800,3336.01768714138
4801,3337.307024071701
4802,3343.8492187187553
4803,3354.375646714742
4804,3368.5493506851562
4805,3384.4387891729343
4806,3403.536325556446
4807,3424.609476962508
4808,3447.7611965717024
4809,3472.2335222857278
4810,3496.93126306391
4811,3522.6202901378574
4812,3549.936583716549
4813,3576.838402336055
4814,3605.2466841718565
4815,3632.964099071682
4816,3659.3994626825724
4817,3684.4183711046753
4818,3708.2639017304273
4819,3729.617178370598
4820,3748.334945422071
4821,3765.2378799133553
4822,3780.631041799881
4823,3792.356480317347
4824,3802.6738716229415
4825,3811.455815366695
4826,3819.8573552031153
4827,3827.3887794715674
4828,3833.2662658241907
4829,3838.6762294243426
4830,3841.8685903239675
4831,3844.5075813263757
4832,3847.8476080451337
4833,3852.237778780625
4834,3856.931620856501
4835,3862.1207715955134
4836,3867.6284517122367
4837,3872.4236961052648
4838,3878.894572151392
4839,3886.6497148423723
4840,3895.719836883621
4841,3904.8176296451293
4842,3914.655884462241
4843,3924.229865395988
4844,3933.8729278412557
4845,3942.2623921686386
4846,3951.26866033427
4847,3959.153538760766
4848,3963.0573637707944
4849,3962.8292588592794
4850,3957.4086775484816
4851,3946.1975679863567
4852,3929.157920189645
4853,3906.7303162089006
4854,3877.854892267646
4855,3845.7261700231616
4856,3810.483333092137
4857,3771.2550491921647
4858,3728.6109012250613
4859,3683.7914879551363
4860,3638.0898688511534
4861,3592.6071005855665
4862,3546.7168086167485
4863,3501.346105214824
4864,3459.8398754549125
4865,3418.4047932088747
4866,3376.765760361512
4867,3337.290808381137
4868,3300.781998622269
4869,3267.61008186305
4870,3239.2937449239935
4871,3215.9201382000606
4872,3199.1103593690414
4873,3187.1894688609696
4874,3178.143919919072
4875,3169.954332259697
4876,3163.1501770329864
4877,3156.768265685553
4878,3151.9075538006036
4879,3149.9859014218086
4880,3152.1025341206496
4881,3159.710294942497
4882,3171.084766215736
4883,3185.816851509208
4884,3202.99989376111
4885,3221.971675183841
4886,3242.477120466094
4887,3264.544932300947
4888,3288.867132287193
4889,3312.696126944604
4890,3337.708873757668
4891,3363.4380849557647
4892,3387.5788738369138
4893,3409.1453652210676
4894,3429.519595514154
4895,3445.907965628977
4896,3460.682883021484
4897,3472.435742053462
4898,3482.6878613408803
4899,3493.8852943306492
4900,3506.500853543359
4901,3520.142412034322
4902,3532.0105679214603
4903,3545.60293780866
4904,3560.8725244701095
4905,3576.6171740254727
4906,3591.2216761090503
4907,3604.5510301180816
4908,3616.911629063098
4909,3626.705397445309
4910,3634.4036398111703
4911,3640.4980234500067
4912,3645.30454777728
4913,3649.8615673834147
4914,3652.2793048226704
4915,3650.0625632909127
4916,3645.9166659854277
4917,3641.400559178624
4918,3634.954371420989
4919,3628.399035634567
4920,3619.9158409841484
4921,3611.25925615878
4922,3602.7912677005343
4923,3593.376051640466
4924,3582.9738341884113
4925,3572.3023922861003
4926,3561.9542702908534
4927,3549.873100737638
4928,3536.1978887899922
4929,3520.694728166952
4930,3504.5075154251513
4931,3486.0275536077274
4932,3464.259150056471
4933,3439.586080493295
4934,3412.422592971722
4935,3383.833046415509
4936,3353.923725488122
4937,3324.845115330927
4938,3295.719416752102
4939,3265.2968234569616
4940,3235.305219725722
4941,3204.0168042904415
4942,3174.493018580904
4943,3145.520859383816
4944,3118.405101355835
4945,3091.1632804336487
4946,3065.046140514303
4947,3039.841588634777
4948,3016.9040951407796
4949,2994.1354895329264
4950,2972.7060566580394
4951,2953.376757981477
4952,2934.4626189523733
4953,2915.454470463888
4954,2894.8635547391477
4955,2878.165857011562
4956,2863.26890915113
4957,2851.4813658635667
4958,2844.360158172513
4959,2838.164707481296
4960,2837.1083949834847
4961,2838.710682102441
4962,2842.495270338707
4963,2848.0459065493133
4964,2854.0770903032976
4965,2860.1511933487996
4966,2864.1162446202984
4967,2866.6590564804083
4968,2868.634073477714
4969,2869.3863806667246
4970,2869.3897556042552
4971,2869.8417076768155
4972,2869.4997117009116
4973,2868.9476306246675
4974,2865.6208154407627
4975,2861.347530090317
4976,2855.425109195762
4977,2849.817206832721
4978,2843.639999830382
4979,2836.2451405086053
4980,2827.9883598120196
4981,2820.8777032075377
4982,2814.587026601801
4983,2807.9990835525155
4984,2803.986844203984
4985,2801.124214967488
4986,2799.232366679541
4987,2799.634929564764
4988,2800.8790890713212
4989,2803.654300882253
4990,2807.287790734673
4991,2812.6604372821107
4992,2819.8943395406823
4993,2828.3624789917662
4994,2839.1882358493717
4995,2851.8910778727513
4996,2867.153804521896
4997,2885.9143966598494
4998,2908.259141455887
4999,2934.127017467264
