,0
0,400.8368731726411
1,741.6817669911135
2,1031.4491032070775
3,1278.451079561836
4,1489.8877102388917
5,1671.8142255652606
6,1828.304043419961
7,1966.550055060411
8,2086.534177542529
9,2189.839896715397
10,2279.1818035288316
11,2356.304249807875
12,2422.174452639668
13,2479.279033121536
14,2526.4791873127833
15,2565.1229390762087
16,2596.15279994931
17,2618.649841333835
18,2633.0217377635145
19,2639.108540328117
20,2639.597376582487
21,2636.649918768952
22,2631.867345458857
23,2625.6304413533067
24,2617.125534607327
25,2606.078399684651
26,2592.9245540555175
27,2578.4019765161643
28,2564.3986917664774
29,2550.806091416578
30,2537.604530950269
31,2526.7032588409165
32,2518.0753948236
33,2512.8479878544426
34,2509.1188087721785
35,2507.0332252963753
36,2509.780416725451
37,2515.0107622003616
38,2522.5201321427676
39,2531.662875025723
40,2546.480712305555
41,2561.2427218230423
42,2576.2861860050693
43,2591.14817736007
44,2606.3537150815537
45,2623.8688821932037
46,2641.598618336033
47,2661.8922929247624
48,2685.363191876383
49,2711.8328369696437
50,2739.7688322515337
51,2768.9709397996453
52,2801.2721007213436
53,2833.162629885972
54,2863.535990692281
55,2892.6611932681326
56,2918.4736183675354
57,2940.9304282040157
58,2957.2022394591504
59,2966.0085564376427
60,2967.9104643100927
61,2962.5298724904255
62,2952.1638415099324
63,2935.665312191469
64,2911.917993600855
65,2885.949991890676
66,2858.911126394898
67,2831.5698452995284
68,2804.7189896978944
69,2778.7368768490664
70,2752.5907652237556
71,2727.9303162353417
72,2705.2975120634055
73,2685.920312689004
74,2671.4210934748003
75,2659.6069091840236
76,2651.123725608997
77,2648.3232074836833
78,2645.7179273609468
79,2646.270578579573
80,2649.7380128519285
81,2656.202482946844
82,2663.1786639845473
83,2670.3997732134494
84,2679.323248315091
85,2689.527227898527
86,2698.982188462512
87,2706.876001806952
88,2715.82563548836
89,2720.9158825577433
90,2723.7058315483664
91,2725.6916920868116
92,2726.3899191192877
93,2727.994382065573
94,2729.9118290343854
95,2732.4520308447663
96,2736.520117100324
97,2740.0719025863928
98,2744.6419802055616
99,2751.0807147328346
100,2756.826628820386
101,2761.7636628526043
102,2766.604922617007
103,2768.6739847657536
104,2769.856337207979
105,2769.6283292896183
106,2767.851762029233
107,2764.7537280176193
108,2761.4909563537867
109,2758.5336332405027
110,2759.4803163574297
111,2764.5227058139726
112,2774.5218765095856
113,2790.337028785622
114,2804.0962112657735
115,2823.3823674049854
116,2848.0572693275644
117,2878.7165233969267
118,2914.6022868725236
119,2955.3011312005083
120,3001.1432022423583
121,3050.963988267461
122,3101.557380832905
123,3152.131360542476
124,3202.3863381966776
125,3251.425311722109
126,3300.236686826502
127,3348.733585845378
128,3397.935196074748
129,3444.7427365133835
130,3488.189792864014
131,3530.4184492714116
132,3571.502827337369
133,3610.9099524446533
134,3648.9185997472223
135,3687.7015215281986
136,3724.2305110988736
137,3759.462183575594
138,3793.161646338632
139,3827.182616029763
140,3859.382123072798
141,3890.5839992264678
142,3920.4583196557805
143,3950.238822724239
144,3980.0114184580716
145,4008.220585833188
146,4034.333887571919
147,4060.601969104857
148,4084.9979411806835
149,4108.009120665009
150,4129.395570345491
151,4150.540291425008
152,4170.969244779732
153,4188.933138221488
154,4203.757525471109
155,4214.690752553738
156,4221.72482678904
157,4225.574802465317
158,4224.456280098513
159,4220.226759758733
160,4212.039608085686
161,4200.6057929259005
162,4187.159698851293
163,4171.198043049616
164,4154.0260725860035
165,4134.842018446775
166,4111.5855426627295
167,4083.487072796382
168,4050.2498647204015
169,4012.016552321551
170,3967.9838977317486
171,3929.6754882386194
172,3885.1591878880336
173,3835.8568069896323
174,3782.9584902988286
175,3727.6029223492105
176,3671.9910798910196
177,3615.3558630101456
178,3558.607995252117
179,3502.031565992921
180,3445.563019684794
181,3389.331705853671
182,3333.414618420083
183,3277.9301438574844
184,3222.7276892076993
185,3168.867673520574
186,3115.679504772953
187,3062.40189854754
188,3009.959301570037
189,2958.1058766368124
190,2907.470515458587
191,2858.0838670700005
192,2811.4416044305126
193,2768.6417237623014
194,2727.062361350164
195,2688.607273629457
196,2652.6031660052954
197,2619.9750238493302
198,2589.996645806139
199,2562.98647977472
200,2539.365246062592
201,2518.3524067478234
202,2500.5163980941566
203,2485.5848456131557
204,2473.726604718233
205,2464.2150025767332
206,2457.704290960019
207,2454.2466307586783
208,2452.9908322637307
209,2453.5881557450643
210,2456.0731234422283
211,2460.9616407733124
212,2467.356001615956
213,2476.0782845192425
214,2488.667433826797
215,2504.1993090313094
216,2524.4718098307762
217,2549.617356184845
218,2578.388248000231
219,2612.2251370213853
220,2650.80394723526
221,2694.831750623484
222,2743.538010259153
223,2796.3923516159066
224,2852.3386983026676
225,2910.954827627981
226,2971.3910866813417
227,3033.0590404406585
228,3086.710160211264
229,3143.7400738110996
230,3200.396200467378
231,3256.117759408725
232,3309.617986923723
233,3361.6448292379014
234,3410.0290082597257
235,3455.0127510344664
236,3495.989293023007
237,3533.725437907893
238,3569.342480683599
239,3601.6888694277786
240,3630.368538724454
241,3657.2612675222767
242,3682.278037413784
243,3705.2289568218043
244,3728.03065471325
245,3750.46432370402
246,3773.814562830736
247,3797.3303543842635
248,3819.921240178135
249,3840.936537614481
250,3860.5417707315078
251,3878.838252308303
252,3895.0263067023748
253,3909.402091036229
254,3922.893338181831
255,3937.457192802263
256,3953.413198598396
257,3968.7388648022984
258,3979.881832854492
259,3988.829922014367
260,3996.0389575496292
261,3999.2202704188494
262,4001.7599301103132
263,4004.715785133933
264,4007.471630033836
265,4010.796782990185
266,4013.973840830492
267,4014.736170350205
268,4013.2459298086133
269,4008.645557414538
270,4002.3000697139846
271,3991.2333793651487
272,3976.4195964437536
273,3956.0545589767717
274,3930.4418087812846
275,3899.2705453153967
276,3862.062353665188
277,3820.9040471690532
278,3777.5599119659605
279,3734.2804982404373
280,3688.3319502728455
281,3642.768131641687
282,3600.118425428639
283,3559.5686803685776
284,3522.8744151320398
285,3490.9504043762513
286,3464.120693772459
287,3440.510875170857
288,3418.8816146695412
289,3400.997830299368
290,3387.0368087338093
291,3375.930677195269
292,3368.1047615931698
293,3361.0608046367124
294,3355.3744249172523
295,3350.901303867925
296,3349.7017051870207
297,3352.3556163497915
298,3358.8608999998346
299,3367.7798154368847
300,3377.961551569583
301,3391.326328446186
302,3406.2914673867513
303,3425.45375063336
304,3446.428517058265
305,3469.1063952781565
306,3494.5362371451865
307,3518.770145334927
308,3542.817673728639
309,3565.4332022369167
310,3587.165368765929
311,3608.6658630308207
312,3630.1838918998565
313,3654.6085434638617
314,3680.3531680772608
315,3707.069678879139
316,3735.991981480375
317,3764.4290989394767
318,3792.8152032851285
319,3819.1736073864704
320,3844.366238629151
321,3871.6048030867673
322,3898.7916297348165
323,3923.7417235024245
324,3947.2976608532913
325,3970.569620638608
326,3991.412329485595
327,4011.066514904014
328,4029.6319479154386
329,4046.717964105901
330,4063.257479968627
331,4079.3556812718257
332,4094.9065693407797
333,4107.685102586669
334,4118.703826061884
335,4129.25509909074
336,4137.18508131749
337,4143.3248613159085
338,4148.246054991589
339,4148.873960615719
340,4147.271341387533
341,4142.678465040475
342,4138.682662618535
343,4130.377636709905
344,4122.225066622512
345,4114.692188031288
346,4106.921937192189
347,4102.113875987358
348,4100.5566901990005
349,4102.799439274461
350,4107.8867284634935
351,4114.714817846844
352,4122.183873850438
353,4128.97477719317
354,4134.67601940096
355,4140.145938358329
356,4145.677481666264
357,4148.385530701753
358,4146.774911722127
359,4142.849776961588
360,4137.4261966407175
361,4130.60906745633
362,4122.796462527957
363,4113.910862581128
364,4105.584596869406
365,4094.415680187645
366,4082.1619390291767
367,4069.2649483300206
368,4053.3899817586407
369,4036.8051232783087
370,4018.667298431927
371,4000.3209661006244
372,3980.2192546820343
373,3959.681710587606
374,3938.612055827075
375,3915.37451298303
376,3890.322050151308
377,3863.043308304624
378,3835.0624345450437
379,3804.9252742030153
380,3773.534811193517
381,3740.1341148177717
382,3706.3408648880136
383,3670.8737068849136
384,3635.6273997218523
385,3600.927823541448
386,3566.4730049150517
387,3531.455752514028
388,3497.9659079240278
389,3466.6656120659336
390,3438.81168391102
391,3413.542900585477
392,3390.1825895521606
393,3368.142769227629
394,3347.8810743489157
395,3327.8192537925297
396,3304.3565622016667
397,3277.873238931613
398,3246.3593201281697
399,3218.9422107691744
400,3187.0784209441817
401,3152.0074548994785
402,3114.602775462544
403,3076.4959618151534
404,3037.887962207718
405,3000.903069361453
406,2964.2850209372764
407,2929.663904766251
408,2895.2214637702446
409,2862.345138446404
410,2831.303826103883
411,2804.48794092115
412,2782.486371130779
413,2763.6456108742505
414,2749.4833491543036
415,2738.9758266479807
416,2732.07961808255
417,2728.7878402220945
418,2728.4257402174435
419,2728.2945569139893
420,2728.377396625366
421,2729.8472803340183
422,2735.0297246078585
423,2740.9121158403136
424,2750.024012315197
425,2763.5228383782883
426,2779.942003940013
427,2796.634067421917
428,2813.7735383084437
429,2831.7802809697087
430,2849.291181346712
431,2868.655007509061
432,2887.9212059825177
433,2905.7698830270297
434,2926.8014011533005
435,2946.673154341379
436,2967.7594100391743
437,2989.056312638846
438,3011.456775648884
439,3033.947656391162
440,3054.2404547723827
441,3075.289631578125
442,3093.7325426358357
443,3111.6068100418474
444,3127.8725000665613
445,3144.4054073918105
446,3159.818661159191
447,3172.2753266538175
448,3183.1394820020737
449,3196.0326515999864
450,3208.838855206176
451,3220.3109032877237
452,3231.5004990471475
453,3239.8981143876777
454,3246.3808171800483
455,3251.881570557334
456,3256.6672259955726
457,3258.336499801392
458,3257.98966093025
459,3256.443991481033
460,3253.7035646813974
461,3249.5419355780864
462,3242.919911088974
463,3234.8220034080414
464,3224.8767614672033
465,3213.7394062339904
466,3199.717255562712
467,3182.54529111551
468,3163.66938561882
469,3143.25292537859
470,3120.1306179225676
471,3096.6446697150254
472,3072.0510850495534
473,3047.60069810049
474,3022.54118202356
475,2997.9269205293303
476,2971.0279519907226
477,2944.357493094357
478,2918.418201053071
479,2894.878019953367
480,2874.603572697996
481,2855.1353445272753
482,2835.787793100779
483,2817.522811288382
484,2799.9859450786107
485,2783.194529317528
486,2768.488143651759
487,2755.337480472264
488,2745.830902089161
489,2739.9580472605576
490,2736.7107046854926
491,2735.869708702503
492,2735.628534018495
493,2734.2701500205712
494,2735.6826717197855
495,2737.5231392797077
496,2739.6954783855153
497,2742.5035472656305
498,2748.7850132651756
499,2757.8124817887783
500,2770.8811528529136
501,2785.0935903494255
502,2800.8081559659795
503,2819.284504008551
504,2842.539080688752
505,2867.682357752217
506,2894.8677499426176
507,2923.594095091965
508,2952.778453841378
509,2982.8635118228126
510,3011.562586636001
511,3039.308788550147
512,3065.7788935759677
513,3088.8078849484327
514,3112.873692679457
515,3134.308559764686
516,3155.7623224902563
517,3174.567546070701
518,3191.5908134693877
519,3206.594864264738
520,3217.988988515863
521,3227.663309642522
522,3237.732318263994
523,3249.4951712226107
524,3262.136931357104
525,3275.4109458636494
526,3290.8968630641502
527,3307.261148311093
528,3321.921068453398
529,3335.955489334047
530,3349.7852107726053
531,3362.3824655919243
532,3376.1224586770772
533,3391.8113720825086
534,3407.799062161955
535,3425.8314853761112
536,3446.0171690513084
537,3467.8402374201887
538,3491.2255652353247
539,3513.5877813924963
540,3533.989416892115
541,3552.0200525867635
542,3568.892409050684
543,3580.4160099567744
544,3590.6378031749427
545,3598.897101542545
546,3605.665374772014
547,3611.4214629942503
548,3615.908649246088
549,3618.577741352629
550,3620.3320810789633
551,3620.8351549891477
552,3620.448938113565
553,3619.611759189967
554,3618.746958564252
555,3617.8176385616466
556,3612.25209488147
557,3604.3293723909424
558,3593.474661744854
559,3578.2901238522054
560,3561.451464093448
561,3542.976912061254
562,3522.6694516251896
563,3502.029304470031
564,3477.984020647774
565,3452.0926083779955
566,3425.319264808268
567,3398.7912653429576
568,3370.003753894605
569,3341.3586845614427
570,3316.4374742415916
571,3293.339752204362
572,3273.4242999556745
573,3255.9366359421697
574,3239.191174936485
575,3225.5271407778873
576,3213.0989627138347
577,3201.5335795316414
578,3189.4638689029243
579,3176.7395982587745
580,3164.3320472033306
581,3153.749797942075
582,3142.221204152875
583,3130.30224329877
584,3117.49973688584
585,3104.988959858893
586,3089.4058696990915
587,3072.915766883996
588,3055.489888434012
589,3038.1634943754357
590,3021.529934567158
591,3005.5237899744575
592,2991.329298233777
593,2978.944574817359
594,2969.8440690478565
595,2965.230004126868
596,2964.6765398597286
597,2966.9191434507384
598,2971.07454504774
599,2978.28009081591
600,2987.62205384547
601,2998.4351719851607
602,3009.6616534459204
603,3021.138546486174
604,3031.9288729299337
605,3042.79386838858
606,3051.907469530023
607,3060.4274755582796
608,3068.665430916504
609,3078.438499291288
610,3089.7908556264233
611,3101.8020737199377
612,3113.6404006017347
613,3124.4504338956626
614,3136.5862370933455
615,3149.5593985039864
616,3162.9847680024477
617,3176.79445166163
618,3189.5290306099814
619,3204.2382576421696
620,3221.5335230041983
621,3237.5469090618626
622,3252.1044081124455
623,3263.966858118726
624,3272.566135842459
625,3280.771496317081
626,3288.5597748809632
627,3295.3355772315413
628,3301.57750905435
629,3308.205043898959
630,3313.7581472421093
631,3322.052030819248
632,3332.8626856847363
633,3346.9352417628124
634,3365.314035307507
635,3385.7793226505514
636,3409.0780797000753
637,3435.223226666626
638,3462.451106171936
639,3490.9916681500717
640,3520.294230171192
641,3551.108852721223
642,3583.1611494746126
643,3616.0302857616075
644,3646.9473414495174
645,3678.0021765850274
646,3706.3694730744937
647,3731.3811757117205
648,3753.8808726466787
649,3770.9137303589187
650,3786.9018628039657
651,3801.5208638605504
652,3812.535330771671
653,3820.5218390026002
654,3825.3748436194032
655,3829.093420545868
656,3829.213717796017
657,3828.199728949448
658,3825.8687336679022
659,3822.3558676803514
660,3819.326744348123
661,3813.61476677065
662,3805.576778951226
663,3795.6722775901003
664,3785.2320104292885
665,3774.0636026807933
666,3763.4964205172264
667,3754.3417204087596
668,3743.663159208894
669,3732.975125558214
670,3722.214088641272
671,3711.222047227796
672,3701.836458034819
673,3694.021743253337
674,3689.5663854687346
675,3690.065857773386
676,3694.6838413077485
677,3705.339747543633
678,3719.610801408481
679,3736.081924717751
680,3753.2249196035254
681,3770.4110413493154
682,3786.2950325465476
683,3799.7893311579464
684,3811.529370949863
685,3820.830809795095
686,3829.3897887280186
687,3833.8465352695694
688,3833.429148328393
689,3826.9291311972916
690,3813.6536216784534
691,3794.184097476501
692,3768.757293678104
693,3737.6055847993
694,3703.508229391208
695,3666.556309606459
696,3625.605010723279
697,3582.78433156015
698,3537.9134652535513
699,3493.4697899105668
700,3449.5239848951264
701,3407.7347823481546
702,3369.888788248768
703,3336.869095989212
704,3307.8796317261326
705,3281.3179389032966
706,3258.1851102270557
707,3238.6853064769557
708,3222.2100792439387
709,3209.5068920052795
710,3200.10211513207
711,3195.585110834152
712,3192.8574235004553
713,3193.0256147753475
714,3195.2113435348037
715,3196.25554488972
716,3200.122862365888
717,3203.744613537304
718,3207.8038257733915
719,3214.8410887364444
720,3225.8052134049976
721,3239.190845333729
722,3252.006588353282
723,3263.7471796905993
724,3272.6902256255426
725,3279.948754601271
726,3285.110046350082
727,3288.401246826017
728,3291.3158460276577
729,3292.8540556385656
730,3294.473791785373
731,3295.8980655137993
732,3293.084502560052
733,3288.3624238654356
734,3281.0948868429837
735,3270.1634229655347
736,3257.841123694209
737,3247.6403515008146
738,3237.425333977458
739,3233.7661454606264
740,3237.5780174905576
741,3240.8943461565977
742,3252.048434331523
743,3270.097257502496
744,3292.4293547281204
745,3316.5015731454305
746,3341.9332708735396
747,3366.453128369504
748,3389.5772820198245
749,3410.502855689697
750,3432.046899637287
751,3453.130527117463
752,3474.4284967336685
753,3494.714136866143
754,3513.745687521686
755,3533.331357217638
756,3552.122649719953
757,3570.491185893205
758,3587.190389500688
759,3603.1206537890253
760,3617.202970803899
761,3628.840894509341
762,3637.2551083065628
763,3641.8695506183662
764,3645.532770512577
765,3645.079047786607
766,3640.6558733602724
767,3633.932288718308
768,3624.832542232786
769,3612.1393648305934
770,3597.7609392084573
771,3579.6141673649136
772,3559.4669359539794
773,3539.7757047147625
774,3523.0922531662663
775,3507.6759741131364
776,3493.965469559501
777,3481.450497150329
778,3471.1685956905326
779,3462.48249230837
780,3453.693671940579
781,3446.050250217369
782,3440.3786284410007
783,3435.853616891337
784,3432.759194378548
785,3432.1778597207035
786,3432.5594163518176
787,3433.967491522319
788,3435.249132421546
789,3436.3315649195783
790,3434.7369858351162
791,3431.7218410421888
792,3428.7441539881825
793,3426.8815018893956
794,3425.5733497342226
795,3426.6786032728155
796,3430.5702971768897
797,3438.4028584306943
798,3445.2171867215047
799,3455.0063063404887
800,3465.23847431476
801,3475.185532732776
802,3485.164043679196
803,3491.903811581267
804,3497.512502419511
805,3500.344288581474
806,3499.2556923368647
807,3495.562264553722
808,3491.518149243385
809,3485.7707383025386
810,3479.8020777272836
811,3473.944194915881
812,3468.1480502997606
813,3464.3698990479884
814,3460.938983948451
815,3459.2861793747616
816,3460.2220822349277
817,3463.624496311409
818,3471.4104931487122
819,3481.8563295805807
820,3493.745071302685
821,3507.624744607407
822,3525.8365308045036
823,3543.5483962855815
824,3563.4923223490855
825,3583.587899317416
826,3602.184595968417
827,3618.4746842555255
828,3631.9976170444734
829,3644.0770362862786
830,3654.6724784697303
831,3663.1259060491943
832,3670.3212987377638
833,3676.7511234499343
834,3680.1875235579364
835,3681.0895239617303
836,3679.3310759519454
837,3674.1511905442426
838,3667.1680248534853
839,3657.3519579671515
840,3646.0341499989545
841,3635.2355183642076
842,3624.5638929790234
843,3614.0527951710687
844,3604.7270089703743
845,3596.772015042667
846,3587.272517043491
847,3576.934211161625
848,3564.064359333363
849,3550.1626773421485
850,3536.387329514589
851,3525.4075217182585
852,3518.503978880279
853,3514.9646478966415
854,3516.181808256176
855,3517.24073776897
856,3522.2286149231836
857,3531.1681276007203
858,3542.211406891519
859,3554.685649496527
860,3567.019203731033
861,3578.083280295658
862,3586.9385298811612
863,3594.592053735892
864,3603.025014952562
865,3611.313211288106
866,3617.4297101877737
867,3620.9477424199717
868,3621.667168481637
869,3619.8381774433865
870,3617.793091404356
871,3611.1814813292094
872,3601.041020526544
873,3589.108581357443
874,3573.1840638320323
875,3557.7672962125093
876,3541.5529792716525
877,3525.0346823985237
878,3507.4169567964136
879,3491.6001362419374
880,3476.0653396522707
881,3461.00985117144
882,3448.4556021415356
883,3437.7467986282404
884,3428.5309966469517
885,3419.9637677743217
886,3411.1142201742255
887,3403.806424158516
888,3398.2674367613886
889,3392.7178101505933
890,3388.2944740045195
891,3384.772294909602
892,3382.7531247403526
893,3382.0666705467033
894,3379.8797004882663
895,3377.114479900552
896,3375.813271931106
897,3373.588231991128
898,3370.3331247465926
899,3364.5104953271484
900,3356.1484737926507
901,3347.570454436623
902,3336.224420808242
903,3324.484405357783
904,3313.5400795126975
905,3302.2511993606267
906,3291.6436588927654
907,3280.0264413190093
908,3269.3057756798726
909,3260.479020034519
910,3255.1299348529865
911,3254.594246873988
912,3254.12819833226
913,3257.907356924127
914,3266.1014657705537
915,3276.7128937582775
916,3291.555734212829
917,3312.320966574167
918,3337.8494631513217
919,3368.018545509874
920,3401.4139112080943
921,3436.6449442440676
922,3474.255559565038
923,3514.1163085356707
924,3553.4326024914126
925,3592.7436998392773
926,3629.9371247036274
927,3665.596103753215
928,3697.782719114068
929,3727.815389132002
930,3752.9700341954435
931,3773.6857297440406
932,3788.967983238753
933,3799.81516102647
934,3809.087720828477
935,3816.23526597859
936,3819.6699472591263
937,3821.334978651922
938,3822.0467338541425
939,3822.2744051638465
940,3820.71024108261
941,3818.914025953152
942,3816.2631238471236
943,3813.61351341473
944,3807.066157604815
945,3799.7845883414257
946,3791.384590242178
947,3782.6873383438224
948,3772.0059413510285
949,3760.791655365337
950,3750.202230685627
951,3738.2461188558327
952,3726.1288207306707
953,3714.2648468649304
954,3702.4501842685822
955,3690.169938359545
956,3677.597220288759
957,3664.070533425795
958,3650.460297518513
959,3637.4972254628433
960,3625.2883915959096
961,3612.791364946045
962,3599.4395124460493
963,3587.7161457097454
964,3574.221000019697
965,3559.5229057158003
966,3542.1711510819473
967,3522.0336954763907
968,3497.6420041498777
969,3476.421232695812
970,3452.0729151875166
971,3424.0282766342048
972,3393.142952271623
973,3359.8370981384305
974,3323.345151549845
975,3282.8287695197037
976,3239.588451097624
977,3193.676647355522
978,3148.791499649587
979,3105.7337980205193
980,3064.6043858267644
981,3026.3786164589073
982,2989.937415084981
983,2957.104884867028
984,2926.1299524589476
985,2898.533196927854
986,2872.4098038215443
987,2848.213186993534
988,2826.690065423107
989,2808.066980450701
990,2792.2048872953487
991,2778.4643994471007
992,2766.693728290904
993,2757.1792018148176
994,2750.5860311326123
995,2746.907241997997
996,2747.4423299369532
997,2750.986939191059
998,2756.204004831693
999,2763.6248366935433
1000,2772.9659851297442
1001,2787.089913305406
1002,2804.1459477996705
1003,2823.476793766443
1004,2845.088604549481
1005,2869.582730484847
1006,2895.3782856509206
1007,2922.5441916889185
1008,2951.2233784003924
1009,2979.229237153496
1010,3008.353675765217
1011,3037.867078567664
1012,3067.467796663251
1013,3096.9170557647453
1014,3124.0901990865004
1015,3149.8846027945924
1016,3173.123441603383
1017,3193.6251291271506
1018,3210.814352727116
1019,3225.4495822379245
1020,3237.5866093057725
1021,3248.9618134615107
1022,3257.277661348671
1023,3262.579339652422
1024,3266.7379542356666
1025,3268.204713879971
1026,3269.4807947705162
1027,3269.679968307303
1028,3269.4752393477456
1029,3269.2449805488677
1030,3270.7284991181814
1031,3273.027773122189
1032,3276.4442250039124
1033,3280.6377061628405
1034,3284.888121604758
1035,3290.5322009758165
1036,3296.5173930667756
1037,3304.2521325227035
1038,3313.1450926319776
1039,3322.916779274149
1040,3332.1654951359474
1041,3339.868730622405
1042,3345.351557742333
1043,3350.010406814525
1044,3352.0306786173905
1045,3351.19265506507
1046,3348.380454062035
1047,3343.840647990503
1048,3335.81865638913
1049,3324.549633368746
1050,3310.150533387926
1051,3291.7353970517274
1052,3271.737633062111
1053,3249.022429889555
1054,3224.5425418912637
1055,3199.6446898726663
1056,3173.233070693487
1057,3146.953363494959
1058,3120.141556488753
1059,3094.690343527776
1060,3070.6439359942906
1061,3048.5047196282067
1062,3027.3001974109998
1063,3005.545679679231
1064,2985.376013760804
1065,2966.623534067475
1066,2949.0168108290313
1067,2931.834372997051
1068,2915.643083536316
1069,2902.6624742357903
1070,2892.0348713769663
1071,2884.7650192406563
1072,2881.7599438755456
1073,2884.043564962026
1074,2890.556765914745
1075,2902.4237662762553
1076,2920.3207870434635
1077,2943.963689456591
1078,2973.0331302903237
1079,3006.1304663967335
1080,3041.7200884945205
1081,3078.601342757752
1082,3115.3121218530246
1083,3147.2504996659113
1084,3179.5763162983603
1085,3212.6885840051073
1086,3246.6832479465415
1087,3282.299859326821
1088,3320.526899775202
1089,3360.3120051198575
1090,3401.2894095120196
1091,3443.422071042954
1092,3485.889044790938
1093,3529.917668990134
1094,3574.848452088721
1095,3621.0881888214135
1096,3668.1775077621423
1097,3716.541518509039
1098,3765.7041855606326
1099,3814.5908632083942
1100,3864.5785575159566
1101,3913.584563244644
1102,3961.682168088233
1103,4008.319135801496
1104,4052.260966796171
1105,4093.760162257397
1106,4132.677352951207
1107,4168.552185180664
1108,4203.194688233805
1109,4235.519939799882
1110,4264.474889696474
1111,4289.81747361988
1112,4311.976281054398
1113,4331.26140283354
1114,4348.336967684382
1115,4362.680312627039
1116,4373.364825752595
1117,4380.310699574854
1118,4382.383418501661
1119,4382.00102259868
1120,4376.668971066428
1121,4366.78846664232
1122,4352.316914407742
1123,4333.12256208302
1124,4309.939239012121
1125,4283.632824705796
1126,4251.953006490131
1127,4215.586267675862
1128,4175.9965091823915
1129,4132.637474354791
1130,4087.307231863199
1131,4041.089675139065
1132,3993.475291746491
1133,3943.3263521502176
1134,3892.4477134225276
1135,3839.3183869809172
1136,3785.0809357082235
1137,3729.0724332348163
1138,3671.126406962043
1139,3611.611155606823
1140,3559.8328869277816
1141,3505.3882896662953
1142,3449.3534875515243
1143,3391.555773308822
1144,3332.7777934506653
1145,3273.3392282115356
1146,3215.6098372183064
1147,3159.495893127409
1148,3104.6605950833778
1149,3051.5376506681005
1150,3001.6529783227475
1151,2954.335845860923
1152,2909.087204070907
1153,2868.1380689942357
1154,2831.287534045138
1155,2798.244781380772
1156,2770.392742033376
1157,2745.437242052943
1158,2723.4034275507875
1159,2702.9967455677324
1160,2684.7218403934407
1161,2669.10291619441
1162,2655.84516207496
1163,2645.163184278971
1164,2637.1262339337804
1165,2631.5751733140123
1166,2626.9338471619694
1167,2623.3096167969948
1168,2621.619665748765
1169,2621.9659699315866
1170,2625.9721630019444
1171,2632.9409230270617
1172,2642.4330058948344
1173,2653.9847063061075
1174,2666.9761435902137
1175,2681.703780378229
1176,2695.7029824921897
1177,2710.2912423186813
1178,2725.193241375169
1179,2739.3139516315723
1180,2754.034052885777
1181,2767.912737883892
1182,2781.6128205614054
1183,2795.395445990246
1184,2809.2164143683854
1185,2821.936259913535
1186,2833.0898698385936
1187,2843.340187357858
1188,2853.568696508519
1189,2862.652157106444
1190,2873.2351521757287
1191,2884.072883660932
1192,2894.2669938707263
1193,2903.9438703574733
1194,2911.9658745176016
1195,2918.5731548766285
1196,2923.784524869276
1197,2928.318416762879
1198,2931.4298075240467
1199,2934.437971508909
1200,2939.2393766096657
1201,2946.3781150457803
1202,2955.719386882854
1203,2967.628771885555
1204,2983.2290896604386
1205,3000.005914386317
1206,3017.71596938235
1207,3035.3397084347725
1208,3053.803656850303
1209,3073.8680895807693
1210,3094.482969932134
1211,3115.5153469078773
1212,3138.0466269437443
1213,3160.1022252552707
1214,3180.9070357333676
1215,3201.1647271452684
1216,3220.548680159339
1217,3240.3309210583566
1218,3260.9556277566962
1219,3282.2251765407154
1220,3302.4912210541706
1221,3321.552206375994
1222,3338.167557144443
1223,3353.635619428721
1224,3367.009698147352
1225,3378.179683044125
1226,3387.9260242349433
1227,3397.3230962001217
1228,3407.898521906677
1229,3419.140904366478
1230,3430.1850915104337
1231,3440.5735371411492
1232,3450.411464411014
1233,3459.5127697205953
1234,3466.8940824496626
1235,3472.8586882342374
1236,3477.541078224127
1237,3481.564542499347
1238,3484.7318428717645
1239,3487.239936299347
1240,3488.6159568422418
1241,3488.1936299547774
1242,3486.3663227165916
1243,3482.0008309179166
1244,3474.617503069814
1245,3466.31792083439
1246,3457.963561004675
1247,3450.2829972955424
1248,3444.6863804687405
1249,3440.815641384472
1250,3437.629976767213
1251,3432.731493186572
1252,3424.026258714186
1253,3410.1126273072878
1254,3398.007767983287
1255,3381.269390166952
1256,3361.276421771638
1257,3340.8002965186333
1258,3321.319179430774
1259,3305.253965548891
1260,3293.204942557892
1261,3284.416729276237
1262,3277.915306715948
1263,3273.4303206381355
1264,3270.2559803136187
1265,3269.7576720848774
1266,3272.2233190139486
1267,3278.4200953078393
1268,3287.843605432364
1269,3299.1323700486105
1270,3310.7571779579953
1271,3322.8461998226953
1272,3335.460842511892
1273,3346.1515330250263
1274,3357.672138615164
1275,3369.9709340697277
1276,3385.0173304724344
1277,3399.8124902898217
1278,3414.677141449253
1279,3430.1591164636966
1280,3444.5501903355503
1281,3457.2124274741163
1282,3469.2299339722754
1283,3482.1255276367283
1284,3495.983412804166
1285,3509.7831196753345
1286,3524.0416695855615
1287,3538.398213281526
1288,3552.484111785732
1289,3567.0162751893868
1290,3581.6051528087355
1291,3595.782226936153
1292,3610.3425318275786
1293,3625.4057866475896
1294,3638.816166178547
1295,3651.7557202538037
1296,3663.3101145603614
1297,3674.291675295833
1298,3685.4564625953644
1299,3695.9037636665817
1300,3705.52045835518
1301,3714.4395457594987
1302,3723.4533922169085
1303,3731.3038045170956
1304,3738.7461062998696
1305,3747.270252896743
1306,3753.419348279174
1307,3757.5793679914973
1308,3758.1405811602613
1309,3754.555025487846
1310,3746.835493828514
1311,3740.1195012848953
1312,3727.2923829994734
1313,3708.326899881362
1314,3685.484269303296
1315,3658.5157552960386
1316,3627.239924139728
1317,3592.244420525325
1318,3554.370541284533
1319,3513.1320669859006
1320,3471.356076116873
1321,3427.0616942271004
1322,3381.7187610809515
1323,3337.5309056197775
1324,3293.6327915596653
1325,3251.7511815773855
1326,3210.1358330551543
1327,3170.553984811732
1328,3133.8297269281343
1329,3099.6787776054334
1330,3068.474600966917
1331,3039.427630512723
1332,3013.6153153547293
1333,2990.3042372756454
1334,2970.1016495009835
1335,2952.6940535212425
1336,2937.394370529452
1337,2925.0368680403494
1338,2914.824982528165
1339,2906.4312736179086
1340,2900.8102929746506
1341,2897.272112919459
1342,2896.1378568275245
1343,2897.0917173766775
1344,2898.741056282979
1345,2901.5265462945445
1346,2904.9718656760983
1347,2910.6089866285224
1348,2919.7018280097486
1349,2930.2979221815344
1350,2944.106504740643
1351,2959.8011860195084
1352,2978.840323632743
1353,3002.880324449061
1354,3031.6302411769675
1355,3064.4783607762547
1356,3100.656990941498
1357,3140.7765846985926
1358,3184.3426561025594
1359,3231.5005529750515
1360,3279.8044660910355
1361,3330.210107197994
1362,3382.8589741937703
1363,3438.542224397742
1364,3496.3136506467054
1365,3555.217015704046
1366,3615.432850577772
1367,3677.1568950624833
1368,3730.856813764183
1369,3786.4934647123864
1370,3844.2005724080827
1371,3902.933158923497
1372,3961.544444151017
1373,4019.8257020743067
1374,4077.5893713979076
1375,4133.744386632771
1376,4187.213594659957
1377,4239.306003905064
1378,4289.631592539158
1379,4337.267711909573
1380,4381.135920727138
1381,4420.7870771144735
1382,4456.365044321065
1383,4486.290444724177
1384,4511.185916536425
1385,4531.605117976207
1386,4549.072616731908
1387,4561.815373788207
1388,4569.916375183709
1389,4575.7893634113025
1390,4578.798274885103
1391,4578.543999125951
1392,4577.613188714638
1393,4574.724398649575
1394,4570.596927070473
1395,4564.727261164344
1396,4557.895959909595
1397,4548.686843974826
1398,4536.676258426975
1399,4521.890785153156
1400,4503.246224385576
1401,4481.906785397635
1402,4457.936584456678
1403,4430.792055803682
1404,4400.939693507692
1405,4366.636745677786
1406,4326.720029708906
1407,4281.423388934276
1408,4230.243785081164
1409,4175.916725206818
1410,4121.487607101027
1411,4065.9377800525604
1412,4008.40621004467
1413,3950.099382524103
1414,3891.3161102471267
1415,3831.38206550996
1416,3772.1399229722565
1417,3712.5712185254893
1418,3653.2786713332544
1419,3593.891051846353
1420,3534.26326156456
1421,3472.336232387478
1422,3410.0139964620103
1423,3346.689066971524
1424,3283.812032372191
1425,3229.1090122707715
1426,3173.922505152272
1427,3119.634071254907
1428,3068.6875072178264
1429,3023.8203307490194
1430,2986.2259433780278
1431,2954.761232924271
1432,2931.1481981495144
1433,2912.3002843514605
1434,2898.286689523972
1435,2889.040818401093
1436,2884.3920992786034
1437,2882.493801500207
1438,2885.2549406598037
1439,2891.738343666967
1440,2902.3532893386073
1441,2915.216716204854
1442,2933.367282621414
1443,2953.952682007127
1444,2976.0946401227025
1445,2997.5855970853227
1446,3019.182753243547
1447,3041.8062578701756
1448,3064.196312495576
1449,3088.250103903701
1450,3112.3442132025675
1451,3135.4928459648527
1452,3157.2625329546927
1453,3177.7085918212356
1454,3197.521075389108
1455,3216.8270333121995
1456,3237.0973323397757
1457,3256.8484018918534
1458,3275.6880599656733
1459,3294.77758903505
1460,3312.6415834000077
1461,3328.867158958084
1462,3344.43661098146
1463,3360.1698017656204
1464,3375.522501111278
1465,3389.9169245661187
1466,3405.1393175398043
1467,3419.681062184974
1468,3435.3034936484937
1469,3452.16926966133
1470,3470.0461075011162
1471,3490.6581967079724
1472,3512.610578439808
1473,3537.3346022191017
1474,3563.9172781953425
1475,3592.7775547997267
1476,3622.8558719039033
1477,3653.36599588007
1478,3681.404927638136
1479,3706.069635251505
1480,3728.948019140028
1481,3747.426851340549
1482,3763.5034353550027
1483,3775.060598376819
1484,3781.5822699894884
1485,3783.3646131167284
1486,3779.7022389727845
1487,3770.196593568655
1488,3754.858211988076
1489,3734.129343289287
1490,3708.7942666424337
1491,3680.4884764129615
1492,3649.3538467838775
1493,3617.2031142736637
1494,3584.719397899898
1495,3551.8961053110415
1496,3519.7040160330816
1497,3488.970795250345
1498,3460.052316173431
1499,3432.39068489353
1500,3405.93671133924
1501,3381.3321900054634
1502,3360.05505089354
1503,3341.8105871544817
1504,3325.1366060074743
1505,3310.765880999404
1506,3299.6594231853996
1507,3290.567553297884
1508,3284.3114342534636
1509,3281.41521368749
1510,3281.916619800242
1511,3285.289807005229
1512,3290.952939660431
1513,3299.5624522188255
1514,3309.7767117562125
1515,3320.947721068319
1516,3332.7001891610316
1517,3345.986788881724
1518,3359.835251869805
1519,3374.8857923200376
1520,3391.091796049245
1521,3406.155200398404
1522,3420.3505871662746
1523,3432.484745148527
1524,3442.713212118172
1525,3450.903196409352
1526,3457.9232881188154
1527,3462.602899145087
1528,3465.9702711998434
1529,3467.257666301621
1530,3465.2474642578472
1531,3460.6308925543713
1532,3455.041427550577
1533,3447.9189317669216
1534,3438.56256041889
1535,3428.0136371682916
1536,3417.47123676845
1537,3405.804573713744
1538,3395.6281542047354
1539,3386.7746692318988
1540,3379.8834939723783
1541,3373.2076971570395
1542,3365.702045134523
1543,3358.942575841752
1544,3352.9907590126736
1545,3347.3820949883493
1546,3341.222895755715
1547,3333.311994822251
1548,3325.4169404388663
1549,3317.5134085499485
1550,3310.369362033572
1551,3302.6341493629766
1552,3293.983917165321
1553,3284.524282442099
1554,3273.0218435971665
1555,3262.357438624096
1556,3252.5385799538226
1557,3242.8663300111634
1558,3234.197903528609
1559,3227.92692036615
1560,3222.3396402256494
1561,3218.0671078901296
1562,3214.9229840202083
1563,3211.876373469354
1564,3208.421511980955
1565,3203.787171530312
1566,3198.3551224187954
1567,3193.6867731854973
1568,3189.1641338530026
1569,3186.616618473992
1570,3187.28472208341
1571,3190.4268170527766
1572,3196.712099758566
1573,3204.3766946012424
1574,3213.2471783065507
1575,3221.488860281731
1576,3229.163008060331
1577,3236.222529700998
1578,3243.8712950084428
1579,3251.124486265467
1580,3259.050607523514
1581,3268.9917204046897
1582,3282.4950527360634
1583,3298.1013762059274
1584,3315.038355668476
1585,3334.5987331540205
1586,3357.334531766212
1587,3382.180604454911
1588,3408.336346825674
1589,3436.9892357743024
1590,3466.950255699184
1591,3498.0824616600885
1592,3528.6018126462736
1593,3558.955903175434
1594,3587.629383642102
1595,3616.1898583759576
1596,3641.0374713944125
1597,3665.8028937182
1598,3693.8906027779294
1599,3723.3349578945467
1600,3753.865135274412
1601,3785.5307867319
1602,3820.28874623549
1603,3856.5052689286026
1604,3894.502675770192
1605,3934.8385166172707
1606,3976.3775548826757
1607,4018.0249185672274
1608,4060.7277025335625
1609,4102.6917177469295
1610,4141.465571317085
1611,4176.580674067938
1612,4207.692416969491
1613,4235.668937035304
1614,4260.068948890613
1615,4282.587113790508
1616,4301.968119245332
1617,4317.6091485868355
1618,4329.643539628499
1619,4338.555846498433
1620,4346.035688296781
1621,4350.840676208272
1622,4354.323091408951
1623,4356.859338058655
1624,4358.538980037962
1625,4359.331870354455
1626,4359.073521549779
1627,4356.814533053404
1628,4351.381252630024
1629,4344.219038033661
1630,4336.75944705396
1631,4327.855626645009
1632,4316.463963288503
1633,4303.424962490192
1634,4289.888825969256
1635,4274.897375037348
1636,4257.477410011875
1637,4237.714964070731
1638,4216.796574208814
1639,4193.153127859663
1640,4169.578958811085
1641,4147.4120111960465
1642,4126.24318943836
1643,4108.123073001267
1644,4090.863159264739
1645,4076.1609434045
1646,4062.9472154056407
1647,4049.64492802018
1648,4034.703079284191
1649,4019.38548833427
1650,4003.3635327169336
1651,3984.840979711789
1652,3964.1067084099145
1653,3946.0678923772834
1654,3924.0140925058736
1655,3897.6930200368365
1656,3869.3417013404587
1657,3840.8786011826983
1658,3814.2781496207176
1659,3788.418293849048
1660,3765.7290213156966
1661,3744.4333389477433
1662,3726.0766827673583
1663,3710.112865427507
1664,3698.8995287032885
1665,3689.7049108153997
1666,3684.5371703024607
1667,3682.7165532326667
1668,3683.8148986811216
1669,3685.581264116265
1670,3689.284600135892
1671,3693.728106101949
1672,3699.7122354535245
1673,3707.0821936929033
1674,3717.0753138569885
1675,3728.8436581278975
1676,3740.223323529124
1677,3752.417101317834
1678,3764.5188938496653
1679,3775.412680690215
1680,3784.405967896728
1681,3792.805427761842
1682,3802.2837262006406
1683,3813.116170061638
1684,3824.8654054601866
1685,3837.7870836412753
1686,3852.865982045085
1687,3868.0410796819624
1688,3882.692958323532
1689,3897.40666686095
1690,3912.4801136441038
1691,3928.1700808263217
1692,3943.640041914595
1693,3958.607673966287
1694,3973.2086462374946
1695,3986.9434443471546
1696,4000.2946068937167
1697,4012.683533654785
1698,4024.4446172658513
1699,4034.847439135481
1700,4043.5636017621355
1701,4050.9267690656065
1702,4055.773554989527
1703,4057.907569617202
1704,4056.8720769708802
1705,4052.7058883102477
1706,4045.0341898513675
1707,4032.7263494724507
1708,4018.285335765511
1709,4000.071139724306
1710,3984.2247891684574
1711,3966.4563846717374
1712,3948.4316487700576
1713,3928.913139001814
1714,3909.019869713693
1715,3890.5600918985324
1716,3873.687891083137
1717,3859.3126116053754
1718,3845.5884332845926
1719,3834.1816668826073
1720,3821.01967165669
1721,3805.72330153575
1722,3789.1249088204286
1723,3771.9319288585484
1724,3754.4354413326782
1725,3735.2517184470566
1726,3714.7093164379244
1727,3693.7778305564157
1728,3672.9263069255367
1729,3651.116762382589
1730,3628.8907501537133
1731,3609.2747037329814
1732,3591.59852544767
1733,3573.4324000307856
1734,3555.338083401558
1735,3537.877940498985
1736,3520.0872352355705
1737,3499.375341741062
1738,3477.59721643791
1739,3454.5224527341547
1740,3430.8921008282296
1741,3408.00303652871
1742,3386.6219667047812
1743,3366.471838449865
1744,3345.368743920132
1745,3324.935990596388
1746,3306.571006098684
1747,3289.427464524368
1748,3272.7162951196815
1749,3255.8671402560913
1750,3239.9269877219117
1751,3225.8463115271034
1752,3216.839767078899
1753,3212.2617816908
1754,3212.6710246912558
1755,3217.8587711254695
1756,3227.786000747656
1757,3244.457640132598
1758,3265.2785829931368
1759,3289.3158609593256
1760,3315.5623299071394
1761,3346.1079801509277
1762,3377.2675446222183
1763,3406.8311309616874
1764,3433.036551991974
1765,3457.240173347531
1766,3477.0987571788264
1767,3494.3757251120533
1768,3509.3262417542737
1769,3520.366486233715
1770,3527.3219416395364
1771,3532.433749502722
1772,3536.1535292269987
1773,3538.022070110239
1774,3539.739610969003
1775,3540.2715372568728
1776,3544.212844431005
1777,3550.9287399918176
1778,3558.8679150777543
1779,3566.8650796658567
1780,3575.276265477209
1781,3583.291908323794
1782,3590.9542244061154
1783,3596.8260329417503
1784,3601.657448750293
1785,3605.15861380962
1786,3606.4914753875405
1787,3607.3658351312433
1788,3608.4829555759766
1789,3609.361208950904
1790,3610.5677030449483
1791,3613.09200971426
1792,3614.4721757757898
1793,3615.1246647066428
1794,3615.037517425607
1795,3614.291607938748
1796,3612.8114321438597
1797,3611.386928165194
1798,3609.859316522187
1799,3606.2535292706207
1800,3601.4138976775334
1801,3594.8403183516975
1802,3585.9900511118785
1803,3573.625196856595
1804,3557.4821168641333
1805,3536.4952479409185
1806,3511.5910082945984
1807,3485.5822972935307
1808,3457.883982996456
1809,3428.258222908501
1810,3396.914363261884
1811,3364.461183590858
1812,3332.3194544933344
1813,3300.953288188094
1814,3270.441365228138
1815,3242.62369954295
1816,3217.2318075747803
1817,3193.8742936369486
1818,3172.6419279436495
1819,3153.3694178474707
1820,3134.2387997126507
1821,3114.348178428005
1822,3093.003218612941
1823,3069.7356974019935
1824,3049.4929539484683
1825,3027.407804805295
1826,3004.6044611078023
1827,2980.918218260855
1828,2958.4422049894592
1829,2937.621996976872
1830,2919.923062484844
1831,2904.7226715593583
1832,2891.8736428768275
1833,2881.240271360882
1834,2872.486832053093
1835,2865.374154402136
1836,2860.0244564311142
1837,2856.527750982898
1838,2854.5996441058655
1839,2852.075208902619
1840,2847.544497827271
1841,2842.2216451328745
1842,2834.9824945540827
1843,2827.0239943855695
1844,2819.5293974673928
1845,2813.237111718451
1846,2807.9504332339243
1847,2803.2527483048757
1848,2798.4986049779836
1849,2791.752847118669
1850,2785.099241392764
1851,2778.3171358948866
1852,2771.7631845212068
1853,2766.1219416191375
1854,2763.539469271515
1855,2764.4717019506843
1856,2766.904190889843
1857,2773.260159257865
1858,2780.57060646667
1859,2789.2017391225286
1860,2797.0632616198072
1861,2807.0689142411275
1862,2818.3130540466477
1863,2830.8660513086943
1864,2844.6449115540536
1865,2860.206260545797
1866,2876.7573163828165
1867,2893.2404635034727
1868,2911.6434447804913
1869,2930.7930235951553
1870,2951.8580022152896
1871,2974.939181505654
1872,3000.911396298344
1873,3029.934776563564
1874,3063.149785645861
1875,3099.1824904963282
1876,3136.7664587002905
1877,3175.246535641992
1878,3212.9830225045775
1879,3247.4336575305474
1880,3277.444830249708
1881,3303.5545505153787
1882,3326.4086074988145
1883,3347.6749242754267
1884,3368.0768512912423
1885,3385.4951124424488
1886,3400.997338955377
1887,3415.023571473116
1888,3428.6775822602112
1889,3441.7508889916003
1890,3455.8771036607995
1891,3470.044290589412
1892,3483.8769995189173
1893,3497.8146396086363
1894,3514.3260456050116
1895,3534.0845494623914
1896,3554.5699109182924
1897,3575.57960722887
1898,3597.024583942558
1899,3618.1956922047602
1900,3640.476283225553
1901,3662.3467705414046
1902,3684.1070036647457
1903,3704.500769863414
1904,3723.023372688553
1905,3739.819779764551
1906,3754.981585889593
1907,3768.925779058631
1908,3780.719525438521
1909,3790.199379926765
1910,3800.4510529839877
1911,3809.9206647635415
1912,3819.297450549302
1913,3826.8001621284725
1914,3834.3870604049134
1915,3842.59227641976
1916,3848.8938904334977
1917,3854.0686094752773
1918,3857.4297882804194
1919,3859.117019219679
1920,3858.206310167331
1921,3855.426272015697
1922,3851.479201732198
1923,3845.2456846122454
1924,3839.1416299422285
1925,3830.7515802886346
1926,3822.29770748788
1927,3814.443419930805
1928,3804.674789955609
1929,3795.8542212471484
1930,3786.730701078277
1931,3780.9876073358096
1932,3776.613209454763
1933,3773.4111203791813
1934,3769.6577692341716
1935,3766.608665058535
1936,3761.432718012424
1937,3752.3635980084923
1938,3744.4734636050716
1939,3734.4261812355967
1940,3724.021185431867
1941,3713.356614753898
1942,3704.348545106288
1943,3695.8736109133356
1944,3690.6478711830046
1945,3687.664329919364
1946,3684.482258617209
1947,3681.279799288451
1948,3677.8586513114265
1949,3672.708515829711
1950,3668.513695028991
1951,3662.8887571877704
1952,3657.2816198052096
1953,3651.786029607324
1954,3648.5136687145305
1955,3647.4283469136267
1956,3647.4726284606727
1957,3647.8328001723967
1958,3652.192101995158
1959,3658.8818014163908
1960,3667.7909149793554
1961,3679.814162216255
1962,3694.243055412536
1963,3710.7345504814007
1964,3729.6442161831283
1965,3748.940808869813
1966,3769.718144661305
1967,3790.2533455214343
1968,3809.8658856537836
1969,3830.4355777762016
1970,3850.4020562146648
1971,3873.206930509648
1972,3896.5429676048775
1973,3919.3961815567936
1974,3941.537866656831
1975,3960.851162538351
1976,3978.2965387027484
1977,3993.753680526565
1978,4009.429942123875
1979,4025.1037648377433
1980,4038.4980206354944
1981,4050.9621924752914
1982,4061.7472785051464
1983,4073.1994303570946
1984,4081.1981563815184
1985,4088.0261971785108
1986,4093.068610717185
1987,4097.253193400276
1988,4099.65961336976
1989,4100.554717381107
1990,4099.969999910789
1991,4100.2757376109175
1992,4097.889702011792
1993,4097.076167562694
1994,4097.297908722962
1995,4097.4908235323965
1996,4096.4404860383665
1997,4092.8627274501155
1998,4087.49356318558
1999,4081.674435398825
2000,4076.191193122122
2001,4071.4023806596747
2002,4066.5913674816447
2003,4062.749820273082
2004,4058.410220141145
2005,4051.8636112557992
2006,4043.639556666692
2007,4033.5156298434467
2008,4018.5517496050998
2009,4000.121318794037
2010,3979.355282896445
2011,3957.155748248139
2012,3933.041146138139
2013,3907.9915311948703
2014,3880.8728061604306
2015,3853.1991750990446
2016,3823.6430915109127
2017,3790.6214889435864
2018,3753.6288075973803
2019,3714.9776718277035
2020,3673.047158361657
2021,3628.4390238737865
2022,3580.946999305553
2023,3533.1369829240334
2024,3486.047608101176
2025,3437.396117802765
2026,3389.579998467726
2027,3342.743521357123
2028,3297.732400048538
2029,3253.567782363368
2030,3211.348521477063
2031,3170.6270253619145
2032,3131.2787186404053
2033,3093.53463676777
2034,3056.7289285669012
2035,3022.4836574406604
2036,2989.844825491534
2037,2959.50131954637
2038,2934.1461456326624
2039,2913.07810959676
2040,2899.0093100900585
2041,2888.7554912964297
2042,2883.229317685437
2043,2881.150658354888
2044,2881.818737067567
2045,2885.446575097946
2046,2893.1234394536054
2047,2905.216137701616
2048,2920.5815788555674
2049,2939.2228700377964
2050,2960.5274843983966
2051,2984.661567690807
2052,3005.6582201552037
2053,3031.859112531215
2054,3060.8852527054983
2055,3090.7770024722136
2056,3119.1119571718314
2057,3147.609709061981
2058,3174.1272335800627
2059,3196.291522859993
2060,3215.747925935526
2061,3233.299708313285
2062,3249.8053418947566
2063,3266.264129273591
2064,3283.133786405589
2065,3301.2536696407296
2066,3321.957116477989
2067,3347.1602169481057
2068,3374.503752898019
2069,3405.034467860679
2070,3438.5173814249138
2071,3474.7068194794074
2072,3511.7725934039904
2073,3549.9504913268856
2074,3586.835668693348
2075,3621.705624751233
2076,3655.5447076923588
2077,3687.169173312633
2078,3716.2312980582174
2079,3744.618328444092
2080,3772.3764000318392
2081,3800.719873737461
2082,3827.551758055185
2083,3853.5290836369604
2084,3880.64917596593
2085,3906.2349213803404
2086,3930.6073400113687
2087,3955.2223624962962
2088,3978.851424008534
2089,4001.674050042647
2090,4026.389595477167
2091,4052.316508097592
2092,4077.2799189657944
2093,4103.510348070278
2094,4126.805827169234
2095,4145.857466767393
2096,4160.639135524573
2097,4170.604489334191
2098,4175.731034392513
2099,4172.200555974742
2100,4163.012169879688
2101,4149.724660793588
2102,4131.1941676066035
2103,4107.640100441669
2104,4080.105155677424
2105,4050.5027935845023
2106,4021.332497180888
2107,3994.850151211227
2108,3972.7906459172573
2109,3953.598876311503
2110,3940.5660088242366
2111,3932.1937305600454
2112,3925.5135571147293
2113,3918.9273401455616
2114,3908.9609116805855
2115,3897.5749553369888
2116,3885.0958021655692
2117,3870.810009599934
2118,3856.4513866789366
2119,3842.733119128845
2120,3828.6874736886502
2121,3815.4143298810513
2122,3803.9303621940235
2123,3794.0038651475975
2124,3785.595071951999
2125,3777.700911111924
2126,3771.6556419985554
2127,3769.9670594881422
2128,3772.2124428303628
2129,3777.180810695997
2130,3786.7250690731485
2131,3799.336993436304
2132,3816.3638466254456
2133,3836.025242292768
2134,3857.5213651510244
2135,3881.2569042702207
2136,3907.093893828982
2137,3935.6438474261217
2138,3963.0803291407583
2139,3990.7603314413445
2140,4017.955904874824
2141,4042.682440617702
2142,4064.1236625470515
2143,4084.432207951926
2144,4102.094799843238
2145,4117.218787950923
2146,4131.222480560855
2147,4144.043363346537
2148,4154.840227064804
2149,4162.937193834304
2150,4167.36967434157
2151,4168.264110174109
2152,4165.3254492119195
2153,4157.656992189717
2154,4145.450962087283
2155,4131.055205193867
2156,4114.450797936422
2157,4096.018413743223
2158,4075.6921900762322
2159,4052.805441522207
2160,4028.1740651466926
2161,4002.45434619738
2162,3975.0674284113434
2163,3945.821256243732
2164,3914.286528948646
2165,3881.2782643907335
2166,3852.5610742253502
2167,3822.2738227776845
2168,3790.5335452863137
2169,3757.058905988346
2170,3722.7150252921306
2171,3687.72927463582
2172,3654.5760917536722
2173,3621.397358899656
2174,3588.0905963730224
2175,3554.556009405471
2176,3520.642045966976
2177,3486.7974894494137
2178,3454.0652144453443
2179,3421.1366704245693
2180,3389.8511087925394
2181,3359.7649853158878
2182,3331.944431730515
2183,3303.4533974261244
2184,3274.9115374839275
2185,3246.8814493806367
2186,3219.7325765555934
2187,3195.5234295797713
2188,3173.2083734218736
2189,3153.6058159072127
2190,3137.694571253886
2191,3123.966706703755
2192,3113.1727693700036
2193,3105.0248110663
2194,3098.9247803858216
2195,3094.843228046281
2196,3092.745114356124
2197,3093.3075265812
2198,3095.6334471751466
2199,3101.2026100534613
2200,3106.6199755295597
2201,3113.5675310052166
2202,3122.311236427035
2203,3131.0332832855665
2204,3139.9101314047944
2205,3148.964244791074
2206,3157.9204668107354
2207,3165.75516464127
2208,3171.506590815789
2209,3176.3951778977007
2210,3179.028960241709
2211,3180.5265107529945
2212,3179.447324245214
2213,3176.2995528339643
2214,3171.958559935577
2215,3165.8760169314733
2216,3158.1632587477693
2217,3148.910598797022
2218,3139.1003781518343
2219,3127.525422822871
2220,3114.533991889134
2221,3100.8532047543695
2222,3086.603037656387
2223,3074.2053922811424
2224,3060.1900810162815
2225,3044.85465908588
2226,3029.635649291119
2227,3014.2633838837855
2228,2999.4810140344703
2229,2985.2412746061686
2230,2970.1723050836536
2231,2956.0532667614734
2232,2942.665801725156
2233,2929.8474844897614
2234,2918.0659544898067
2235,2906.3033753468994
2236,2894.351883413552
2237,2883.0275933190696
2238,2872.5557006964195
2239,2861.9178359686202
2240,2850.6700309347557
2241,2839.468510641279
2242,2828.5577458476255
2243,2816.799806451835
2244,2804.754555657207
2245,2793.4645401674543
2246,2783.2818069195673
2247,2774.2360226020573
2248,2765.636538414696
2249,2757.528823938099
2250,2750.919715650525
2251,2745.0583456742083
2252,2742.5951839521686
2253,2742.977263551318
2254,2746.0919026470838
2255,2751.513613416067
2256,2760.1415008044573
2257,2770.0589594865983
2258,2781.9188654149684
2259,2795.97151794873
2260,2812.778996238163
2261,2832.949370706058
2262,2856.138429021921
2263,2881.6585278706184
2264,2910.1186544093384
2265,2940.559282933908
2266,2974.305194855026
2267,3012.324166770434
2268,3054.5268117812852
2269,3100.727159194199
2270,3151.7092749491244
2271,3206.1788077590027
2272,3264.103785660541
2273,3324.306179477364
2274,3386.9759588363963
2275,3452.9056855816807
2276,3520.6999692433055
2277,3589.0367154539294
2278,3654.858667264256
2279,3719.572462194725
2280,3775.873463784234
2281,3830.6829776265977
2282,3883.1263445568347
2283,3934.2278443672235
2284,3982.731960678455
2285,4027.245919435492
2286,4066.977921435146
2287,4103.049074289166
2288,4134.939557070781
2289,4163.56432592233
2290,4188.613257539844
2291,4210.528022320646
2292,4229.63327376477
2293,4245.68725685537
2294,4257.591886081311
2295,4266.500183765577
2296,4273.175180251295
2297,4276.153343973683
2298,4275.764408667938
2299,4270.91737083003
2300,4261.945163124564
2301,4246.85513916479
2302,4226.44028907537
2303,4202.215285211447
2304,4175.134640239947
2305,4145.276356853454
2306,4113.409690049226
2307,4082.0086720188624
2308,4050.949373690382
2309,4020.8686100909554
2310,3990.7517125477316
2311,3960.4139888822037
2312,3932.287809545191
2313,3905.6575166961215
2314,3882.9029545662333
2315,3864.7953131556715
2316,3850.4399272784076
2317,3839.678921046598
2318,3831.8055581122353
2319,3824.088536448195
2320,3816.229535423436
2321,3808.516122386165
2322,3800.28012916402
2323,3791.994066396512
2324,3784.496854021954
2325,3775.6452834364904
2326,3766.4052092054635
2327,3758.214317133536
2328,3750.585380906936
2329,3743.9863667670693
2330,3738.062969065571
2331,3733.4854385203453
2332,3730.4396225719165
2333,3728.3945650308765
2334,3728.0293752526427
2335,3731.7951440400834
2336,3738.273300873217
2337,3743.9092973180436
2338,3752.749796226853
2339,3763.193826126471
2340,3774.8738558782748
2341,3787.395397869699
2342,3800.0492477750845
2343,3813.5398051318193
2344,3827.32111500043
2345,3841.9400004529543
2346,3858.129736271461
2347,3875.1757694466914
2348,3893.0360563896006
2349,3911.9770723007964
2350,3929.7374150314954
2351,3947.072855655281
2352,3965.3798712440926
2353,3984.824220249859
2354,4003.848361772755
2355,4021.867167128097
2356,4039.983658594587
2357,4056.561299856864
2358,4071.512095844686
2359,4084.645668449584
2360,4096.629395908553
2361,4106.172128177082
2362,4112.503709021399
2363,4116.644674732776
2364,4118.256108651023
2365,4117.985094980939
2366,4116.104728514696
2367,4113.117472906514
2368,4108.172218878206
2369,4101.6888206961185
2370,4094.307363144934
2371,4086.43832706337
2372,4077.5200444465277
2373,4067.056656390147
2374,4055.515435252418
2375,4043.6637401322623
2376,4031.6142770304177
2377,4019.484532744984
2378,4007.5345737750504
2379,3994.729354624833
2380,3981.1344297889204
2381,3967.771098879705
2382,3954.5706566648983
2383,3942.8782032658037
2384,3930.9074371348897
2385,3919.107404637278
2386,3908.06511681353
2387,3897.708496455714
2388,3885.810758873835
2389,3873.7399713000314
2390,3864.302736481914
2391,3856.019431285624
2392,3849.4992260454346
2393,3845.849452162646
2394,3842.67414888462
2395,3842.8554013267762
2396,3842.288400720437
2397,3839.9265130443396
2398,3833.0095599824785
2399,3819.8929725349262
2400,3802.7938091243204
2401,3779.642742602282
2402,3753.248442156437
2403,3724.422970240812
2404,3693.6548742727423
2405,3662.3649302643616
2406,3630.672473728474
2407,3596.3644562878285
2408,3560.6108303884885
2409,3524.5366316913933
2410,3488.6903192432296
2411,3452.6697332011195
2412,3419.495111269333
2413,3388.3047230973034
2414,3359.7582553471007
2415,3333.1216627431822
2416,3307.38963400663
2417,3282.9068251422123
2418,3258.642759207141
2419,3235.5459191854043
2420,3214.959513138974
2421,3196.608395760718
2422,3179.5525887134136
2423,3163.0718373718464
2424,3147.0626098225525
2425,3132.174393618128
2426,3118.2037314816375
2427,3106.0347447758168
2428,3095.9734514171796
2429,3089.7904200637586
2430,3088.0431651042663
2431,3089.0363293125542
2432,3092.61743621859
2433,3100.095692951481
2434,3109.628258010072
2435,3121.3404198802687
2436,3134.9950017273973
2437,3148.3125032439752
2438,3163.0999421238685
2439,3179.793968807197
2440,3196.8679739278896
2441,3214.997090718575
2442,3232.7195442754487
2443,3251.874463170129
2444,3270.788135603784
2445,3289.3334386323727
2446,3308.3671286936888
2447,3329.796156085132
2448,3355.136121500185
2449,3384.9969283955243
2450,3420.765051295571
2451,3451.883318218612
2452,3489.327061411339
2453,3531.832569076791
2454,3575.4809117488603
2455,3618.318346039487
2456,3658.745593822185
2457,3696.4544866513957
2458,3730.3167363030816
2459,3760.821748284409
2460,3787.9176809308765
2461,3811.5645825793813
2462,3831.72305218012
2463,3847.091693565635
2464,3856.8869437466446
2465,3863.264560344064
2466,3867.12881462283
2467,3870.770895204761
2468,3872.185373417991
2469,3872.26747351755
2470,3870.8246061162695
2471,3866.8027639386673
2472,3860.63317092076
2473,3851.380019748305
2474,3839.3023352456335
2475,3824.608543489215
2476,3809.0297539532185
2477,3792.4172361119936
2478,3774.8897802672304
2479,3755.874513632053
2480,3736.081278928089
2481,3716.066895613295
2482,3693.459939091488
2483,3673.5928490259535
2484,3656.1173532768457
2485,3643.601643860284
2486,3634.944092324023
2487,3628.6710655480324
2488,3626.856472996133
2489,3626.1802252778107
2490,3624.4747240291704
2491,3622.845401380943
2492,3621.6829207630153
2493,3619.218424428603
2494,3613.690961198916
2495,3605.5141528209047
2496,3593.5788397647043
2497,3580.304406748757
2498,3563.3672850152343
2499,3540.7649653337016
2500,3512.351679152416
2501,3477.190295169114
2502,3438.0616445310816
2503,3396.874782632742
2504,3354.9256539543126
2505,3313.0401096372493
2506,3272.66840117146
2507,3237.7821885079334
2508,3207.431183490665
2509,3179.6000913060266
2510,3156.7589857674743
2511,3138.093694139834
2512,3123.9219681847526
2513,3114.6858255783463
2514,3109.6388964018033
2515,3107.902628851628
2516,3108.2328855015317
2517,3109.944085550818
2518,3112.4731715840708
2519,3115.1934099714317
2520,3118.211635232631
2521,3120.90446241766
2522,3123.677022600707
2523,3126.4569501376573
2524,3131.355297283657
2525,3138.1091008826065
2526,3147.7721629108123
2527,3159.5581975152577
2528,3172.8318857183335
2529,3186.174238837083
2530,3199.049127342861
2531,3212.276755152539
2532,3228.131525347186
2533,3245.2477038889247
2534,3261.6694927032704
2535,3278.5359853088858
2536,3292.1944688867343
2537,3304.697331706874
2538,3314.1687497642265
2539,3320.6242088671993
2540,3326.3301227622114
2541,3331.1220485452445
2542,3333.7462943407
2543,3332.4536347927683
2544,3328.4460218688887
2545,3322.797836754831
2546,3314.494616572563
2547,3304.7207560118895
2548,3293.2289874362496
2549,3280.623087052839
2550,3267.853501809479
2551,3255.624242655346
2552,3245.2577321172453
2553,3238.39714847378
2554,3232.4331251575686
2555,3229.0062618199477
2556,3229.063690300398
2557,3229.635412452866
2558,3233.4825759611404
2559,3241.1562084194097
2560,3253.223751802404
2561,3266.2309221529745
2562,3278.9781393936196
2563,3290.473710728681
2564,3302.233335218043
2565,3312.4642085237892
2566,3322.7355294104414
2567,3329.3247992772317
2568,3331.7134498948712
2569,3332.708095054641
2570,3331.765921019525
2571,3327.4288044719265
2572,3321.3327826038417
2573,3313.282523851207
2574,3302.161887972226
2575,3289.711993539121
2576,3275.3812848096327
2577,3261.164345409124
2578,3244.396106695217
2579,3226.310059768077
2580,3208.219888805834
2581,3190.572136452908
2582,3174.5039020489903
2583,3159.8495568705357
2584,3145.616637908083
2585,3131.667617400411
2586,3116.9838648839677
2587,3102.666522061655
2588,3087.316136943465
2589,3072.089441382949
2590,3056.7725139286445
2591,3040.078893919636
2592,3022.571124910431
2593,3003.55080717434
2594,2985.275971318029
2595,2966.057379562718
2596,2945.4584533028146
2597,2923.669077841061
2598,2903.3003290527945
2599,2883.2505326640626
2600,2865.190835393145
2601,2848.1078378777115
2602,2832.2174405804476
2603,2816.8341879207624
2604,2802.874403831189
2605,2789.946977716667
2606,2780.2529395699503
2607,2775.5521401033307
2608,2774.223584794154
2609,2774.4339014005855
2610,2774.8608144597974
2611,2775.641222137759
2612,2776.009416421218
2613,2776.1528115114784
2614,2776.266962561321
2615,2776.5254585993184
2616,2776.503898466588
2617,2776.3579996979042
2618,2777.261052486643
2619,2780.1541352398926
2620,2787.403980196576
2621,2800.201170204405
2622,2811.3347255112167
2623,2829.0161371439744
2624,2851.469741302063
2625,2878.2400571740795
2626,2909.1085458777848
2627,2944.603969842451
2628,2984.3816349941403
2629,3027.629048850512
2630,3073.311106187233
2631,3121.1367490094613
2632,3169.832605771552
2633,3219.511857062204
2634,3270.824720306963
2635,3323.053333621884
2636,3376.160151624626
2637,3429.666967517148
2638,3482.8711641754253
2639,3532.9423140627705
2640,3580.7073078218104
2641,3627.1660943666366
2642,3671.1033334204167
2643,3714.005425143887
2644,3755.6975170467513
2645,3795.7742632171703
2646,3833.4418439539104
2647,3867.0278479574404
2648,3898.4622339389794
2649,3925.0574379039226
2650,3946.6871302917266
2651,3962.8218214598733
2652,3973.810982621173
2653,3981.1098726749
2654,3985.3112194481496
2655,3985.7648036197156
2656,3983.505592660362
2657,3978.287497735657
2658,3967.598395309377
2659,3954.889098536093
2660,3940.0394529269256
2661,3923.2491303043844
2662,3905.1658775910323
2663,3888.123871449058
2664,3869.721585372463
2665,3850.815592128168
2666,3830.7066009800837
2667,3811.3102102113867
2668,3792.453559154741
2669,3776.064295872638
2670,3761.7925313624137
2671,3750.6801144800465
2672,3742.029740387079
2673,3736.8467926734725
2674,3734.0810241125264
2675,3731.9149490067366
2676,3729.3525212668096
2677,3725.148842514923
2678,3720.1224724601843
2679,3715.7495305125613
2680,3709.3290962959636
2681,3699.201874028528
2682,3684.6105286511374
2683,3665.813995105659
2684,3641.867070020372
2685,3612.819902064264
2686,3577.2796302020265
2687,3536.8292384330316
2688,3491.809640047305
2689,3445.470686706881
2690,3395.3786940936525
2691,3344.4452824892037
2692,3292.395078749781
2693,3238.95919084769
2694,3185.54049184905
2695,3131.665184669841
2696,3079.6123656716964
2697,3030.6250514416747
2698,2985.825640153987
2699,2945.224076584204
2700,2907.9573892190956
2701,2873.395576095244
2702,2843.205427988481
2703,2817.366739907374
2704,2798.7795717161794
2705,2784.377051746869
2706,2774.8642076538385
2707,2771.0318498730517
2708,2772.0294956841344
2709,2775.1358240800673
2710,2782.1389179535267
2711,2792.3692800673634
2712,2804.6998272076944
2713,2820.88186942766
2714,2839.680775343559
2715,2861.855491975362
2716,2888.49884702933
2717,2916.9828241560376
2718,2948.1436100120977
2719,2981.725896218002
2720,3017.9295922841334
2721,3054.8914955918876
2722,3091.78617236723
2723,3130.346485557471
2724,3168.22661956607
2725,3204.344153966681
2726,3238.833708881046
2727,3272.2302353799296
2728,3304.2211709152216
2729,3333.6402811223306
2730,3360.6959573019853
2731,3385.7225698843054
2732,3411.144929438467
2733,3437.700963977453
2734,3465.112721831852
2735,3496.8040431026798
2736,3524.3754926082997
2737,3556.490888604783
2738,3593.1224181124826
2739,3632.465509133689
2740,3674.1349921076203
2741,3717.909523849701
2742,3762.987658253359
2743,3809.6434210977623
2744,3857.074219563007
2745,3903.9195334755614
2746,3949.2746635758485
2747,3994.3531291292375
2748,4040.98299381892
2749,4087.5621268900663
2750,4134.076596828394
2751,4181.299731800864
2752,4228.464101401107
2753,4272.429937257905
2754,4313.879813309788
2755,4354.295482738018
2756,4392.47592104198
2757,4428.953905505065
2758,4463.851830723316
2759,4495.366479034766
2760,4524.106680252
2761,4548.980536674888
2762,4570.194041545355
2763,4588.184433060887
2764,4604.090689900211
2765,4617.042363223477
2766,4625.44240114964
2767,4630.969631700903
2768,4632.757461731029
2769,4629.216094921465
2770,4621.148898793533
2771,4609.663930769213
2772,4595.430130384776
2773,4577.570890377715
2774,4556.450215301132
2775,4533.641167806404
2776,4509.893171177603
2777,4484.697345641733
2778,4459.234426238722
2779,4431.02391398026
2780,4400.526140414374
2781,4370.363449603034
2782,4339.881961873476
2783,4309.499707426136
2784,4279.688385064888
2785,4249.237082841021
2786,4219.785043834514
2787,4190.475363843012
2788,4161.810010563403
2789,4133.252347528944
2790,4104.601096263988
2791,4079.2840408951574
2792,4054.8273053985886
2793,4033.549945516573
2794,4013.13808716237
2795,3993.948136430544
2796,3974.88354093617
2797,3957.086004898928
2798,3939.7553191956517
2799,3923.1820190828425
2800,3906.86941224679
2801,3892.9317200022206
2802,3880.52133268651
2803,3868.988047572949
2804,3857.2910679512484
2805,3845.0761020798077
2806,3832.421394263164
2807,3819.373351446566
2808,3805.275789006712
2809,3791.8217630508093
2810,3779.0314118207916
2811,3764.810561486604
2812,3751.6356109813605
2813,3737.8196232349505
2814,3724.632137729903
2815,3713.060831986241
2816,3704.0994383941693
2817,3697.9148658540707
2818,3694.199128800169
2819,3691.2558579047245
2820,3690.0526271649173
2821,3690.4050926426066
2822,3692.660656444253
2823,3697.2341487692433
2824,3703.5270982617253
2825,3711.7505245068737
2826,3720.6280521888903
2827,3731.034158487517
2828,3742.0198124741123
2829,3754.5730986919784
2830,3768.68832222405
2831,3783.3250725114785
2832,3796.1298904889054
2833,3807.112132246761
2834,3817.086834619284
2835,3827.9065808265673
2836,3839.8404981892318
2837,3851.326190550958
2838,3863.9049813318884
2839,3874.9620191642525
2840,3884.3580995914954
2841,3894.0067370969336
2842,3900.582422269952
2843,3904.149557988329
2844,3902.6234276559485
2845,3897.8207208113195
2846,3890.4147675059535
2847,3880.379033839434
2848,3866.3678690484003
2849,3849.8129040884783
2850,3835.410084573346
2851,3820.2548847738512
2852,3802.6372841272396
2853,3781.2384124352407
2854,3756.3815488921687
2855,3730.5438375087933
2856,3705.1186209218918
2857,3679.4072126274978
2858,3653.519347937735
2859,3628.436243070037
2860,3604.9033916265344
2861,3584.009286055829
2862,3564.00946815233
2863,3545.5856474713023
2864,3528.71319033944
2865,3511.4796219041814
2866,3492.5443581212603
2867,3474.9594510180877
2868,3456.6969666299883
2869,3439.630473888613
2870,3424.537242348591
2871,3410.687627352482
2872,3397.308611604858
2873,3384.3857562801536
2874,3372.9030837397804
2875,3362.9873459092273
2876,3355.036308737604
2877,3350.1723625731743
2878,3346.0918004875407
2879,3344.12073032924
2880,3343.5870816308084
2881,3343.9130757709872
2882,3342.640627994206
2883,3341.918589218123
2884,3340.5435864625197
2885,3338.599064696536
2886,3336.3750190067794
2887,3331.8663671027584
2888,3324.7748803728537
2889,3316.8346556136976
2890,3306.4898954172186
2891,3294.6523456872133
2892,3281.3082815834546
2893,3268.5023113913912
2894,3256.7010783596784
2895,3247.148651628954
2896,3239.9180832730094
2897,3235.0769663848264
2898,3231.8869514428434
2899,3230.8014801854047
2900,3232.629831788741
2901,3236.207980966689
2902,3242.597848525219
2903,3250.309998778409
2904,3260.407939234772
2905,3271.831870799658
2906,3285.7950257912535
2907,3297.9429706339415
2908,3311.4867657203386
2909,3327.3636647793137
2910,3343.583608824724
2911,3362.361122591604
2912,3381.664374623188
2913,3401.6905488631573
2914,3423.0339592024193
2915,3444.212671232799
2916,3464.3482422867496
2917,3483.7223685414897
2918,3502.2161614401593
2919,3519.3666083297144
2920,3534.9631098703185
2921,3550.1204249347616
2922,3564.557541670814
2923,3578.8029545619065
2924,3592.7088236259865
2925,3605.565773421478
2926,3617.0735608742457
2927,3626.1432162022525
2928,3633.694866729336
2929,3639.6971370954384
2930,3642.531382751464
2931,3643.3038285801904
2932,3644.714732718769
2933,3645.417257275372
2934,3646.603124928996
2935,3647.959932473633
2936,3649.4234604445373
2937,3653.7280753976224
2938,3659.96314490839
2939,3668.612465518004
2940,3678.581160544827
2941,3689.9593830576055
2942,3702.041852443648
2943,3712.3086679202524
2944,3723.1519646170364
2945,3734.564731501578
2946,3745.313325729357
2947,3757.330910178817
2948,3770.1324303748493
2949,3781.04859677717
2950,3790.114973126766
2951,3798.3969180642575
2952,3803.38082110582
2953,3806.055722064891
2954,3805.2800571384882
2955,3801.9353843253707
2956,3797.154095748379
2957,3791.258095473598
2958,3783.988925930358
2959,3776.876355107585
2960,3769.3057828148317
2961,3760.1912967494272
2962,3750.6407807397486
2963,3740.3120176877082
2964,3731.325993832433
2965,3722.1839455491404
2966,3713.3199573130496
2967,3704.2500751690877
2968,3696.247487976414
2969,3687.5777878818726
2970,3679.815599472891
2971,3674.3288413773716
2972,3671.3096302124536
2973,3671.4557603995777
2974,3672.1029467220756
2975,3674.8073530125994
2976,3678.549366031888
2977,3683.3861339846003
2978,3688.7974403095564
2979,3694.7203528265186
2980,3701.153995083917
2981,3708.1012936005836
2982,3713.7242165517287
2983,3718.8205658428724
2984,3724.4889300384552
2985,3732.0661982851357
2986,3742.612852485515
2987,3754.468792357972
2988,3766.949643421899
2989,3781.3983243391335
2990,3796.323577221576
2991,3811.0433921012027
2992,3827.7408650301895
2993,3846.201499173817
2994,3866.828452890957
2995,3889.1529840443272
2996,3911.3267716401047
2997,3933.0617384715565
2998,3952.8549408256877
2999,3972.4066298961197
3000,3991.357129078315
3001,4008.845520176809
3002,4025.401788201222
3003,4041.371426090732
3004,4055.100744505088
3005,4065.2167917156244
3006,4071.5476858997267
3007,4074.1408841765456
3008,4072.7049525049347
3009,4068.60935025051
3010,4060.9760632661755
3011,4049.607699151148
3012,4036.2460392541734
3013,4021.835863346243
3014,4005.7179568481856
3015,3988.4946093264984
3016,3969.3281642442676
3017,3948.712919127636
3018,3925.9117856936496
3019,3901.0662711942705
3020,3873.5653616427903
3021,3849.639570333003
3022,3821.6049431923157
3023,3790.7647694179527
3024,3758.3725808290965
3025,3727.0213687836495
3026,3696.8481645651996
3027,3668.1819957403573
3028,3642.033509449823
3029,3617.37869704814
3030,3594.098172852798
3031,3572.296337467708
3032,3552.192464895547
3033,3533.1850521014776
3034,3515.3932873560952
3035,3499.312348480562
3036,3483.2793539237055
3037,3467.511883581148
3038,3451.058824171947
3039,3434.903567532633
3040,3416.50238025277
3041,3394.4038415737164
3042,3370.9254894431415
3043,3346.6372643803984
3044,3320.0695019008613
3045,3291.895401851337
3046,3262.7384613834947
3047,3233.1743409909177
3048,3203.8842433571003
3049,3175.4165352365917
3050,3148.6970782121107
3051,3123.858509089715
3052,3099.5668705108055
3053,3077.050072466959
3054,3056.108782289917
3055,3034.220597201994
3056,3015.337711053329
3057,2998.7070947051498
3058,2984.07105857566
3059,2974.211066084131
3060,2967.4458032618563
3061,2963.2551932364977
3062,2962.6721302759584
3063,2966.733878980018
3064,2973.88108879497
3065,2985.2841579895853
3066,3000.5950265778833
3067,3019.3946473251362
3068,3042.4275741535316
3069,3071.019851058587
3070,3104.1367162665742
3071,3140.700919509304
3072,3181.4036461525484
3073,3223.5749511465065
3074,3265.2246234616146
3075,3303.766970281726
3076,3339.9034415016145
3077,3372.5790937782494
3078,3401.0069112589217
3079,3425.607230555714
3080,3447.6130705337023
3081,3467.652197100142
3082,3483.781888131085
3083,3498.862277800739
3084,3511.537811669048
3085,3521.8072027953385
3086,3530.9618269207813
3087,3539.1861802877443
3088,3545.168329912569
3089,3550.1914630804295
3090,3554.049325629339
3091,3556.597479110703
3092,3558.7820707726246
3093,3560.558177045506
3094,3562.248399261856
3095,3563.6542966756897
3096,3565.2787780603944
3097,3566.1389455363856
3098,3565.958706902644
3099,3563.778939651051
3100,3558.574545444284
3101,3551.2793263522303
3102,3541.180587197416
3103,3529.694294793033
3104,3517.829200090721
3105,3506.00379971006
3106,3493.3629874910052
3107,3481.1617188092146
3108,3468.836377275064
3109,3455.583718546169
3110,3441.602373886012
3111,3427.1933366111634
3112,3410.81578054595
3113,3391.7325041841996
3114,3370.561961729576
3115,3346.299662460577
3116,3318.4152299850666
3117,3290.27973789618
3118,3260.6130029685164
3119,3228.797744318164
3120,3196.5420714239112
3121,3163.6518181899373
3122,3130.6337319401805
3123,3096.602188375568
3124,3061.2849610750427
3125,3025.378330875359
3126,2988.631816297075
3127,2950.3262772019652
3128,2912.512176504546
3129,2875.441668651214
3130,2842.375513634088
3131,2811.52558755343
3132,2783.865457254279
3133,2758.6114703977964
3134,2736.8300744955386
3135,2717.8802600605745
3136,2702.6239923807684
3137,2690.1449653053214
3138,2678.9603078576347
3139,2667.4808192807773
3140,2655.3520586089435
3141,2643.9828362460657
3142,2633.1303047135925
3143,2621.883350026794
3144,2611.0629809405295
3145,2601.8389425591436
3146,2591.566740956084
3147,2580.944732206631
3148,2571.345162412973
3149,2561.539518137051
3150,2550.8781352184587
3151,2541.635820868733
3152,2530.712512734543
3153,2520.4670831303074
3154,2511.8559840768544
3155,2506.1613389111476
3156,2503.6425365821033
3157,2502.5226025287966
3158,2503.407132741196
3159,2504.959911558053
3160,2505.6609028348807
3161,2508.5393295842573
3162,2512.7186208062685
3163,2516.1988999735527
3164,2518.2414226306455
3165,2519.985596961098
3166,2522.2829860302213
3167,2524.724136144867
3168,2527.594582717572
3169,2531.9295429562544
3170,2537.2243926765923
3171,2542.3390561931456
3172,2547.6762829117843
3173,2553.5906474674257
3174,2560.687244606414
3175,2569.722636318633
3176,2580.208374096416
3177,2593.0368852960087
3178,2608.438403450195
3179,2625.765178915134
3180,2644.9639038594473
3181,2665.9680258236067
3182,2686.498951086705
3183,2706.5395284081587
3184,2725.9552672855825
3185,2746.4113329287234
3186,2770.0797881798285
3187,2793.3814516971015
3188,2819.931846510982
3189,2849.2229437788296
3190,2880.0951527917787
3191,2916.4923664460252
3192,2948.15794232522
3193,2985.060294676658
3194,3026.5465550860863
3195,3070.714765881876
3196,3117.141207679686
3197,3163.7908758516314
3198,3208.621810747
3199,3253.6357701561847
3200,3295.0805973157458
3201,3335.0938578927535
3202,3371.5951458751238
3203,3404.9596499674267
3204,3435.2594843627694
3205,3459.641025301199
3206,3478.8466888120734
3207,3494.8157288740845
3208,3508.2457449787903
3209,3517.765142094673
3210,3526.4801554330506
3211,3533.4461687297667
3212,3537.156913615673
3213,3542.3391711391628
3214,3548.1925339354043
3215,3554.566560432472
3216,3562.133562442057
3217,3570.4424138825984
3218,3576.9744131744524
3219,3580.6272186177716
3220,3583.418664569304
3221,3582.3430321982114
3222,3575.993064940128
3223,3568.7991478492386
3224,3558.418378263145
3225,3545.1953306639316
3226,3528.8880576627716
3227,3511.3868490574896
3228,3492.903612965077
3229,3475.422817546245
3230,3456.714796219188
3231,3438.573122241642
3232,3420.146298582862
3233,3399.886808514354
3234,3380.6086104318047
3235,3362.9469690388223
3236,3345.134527004979
3237,3328.2468404977117
3238,3314.548941527556
3239,3302.6550275687296
3240,3290.115699502447
3241,3277.634989255709
3242,3266.307878432616
3243,3257.803052212832
3244,3249.9233704620115
3245,3242.224274376447
3246,3236.7855456980574
3247,3233.990526894592
3248,3233.752320685576
3249,3233.5450812837316
3250,3234.362924495001
3251,3238.215972982092
3252,3243.4537436468663
3253,3245.659122582854
3254,3243.4583780910143
3255,3241.434811981735
3256,3238.144151571436
3257,3235.3355719740175
3258,3233.854609293522
3259,3231.6549749874953
3260,3228.7941670929304
3261,3224.964505655883
3262,3220.466559762637
3263,3216.2772693583397
3264,3211.247960242529
3265,3206.4859938298723
3266,3201.2934177812253
3267,3194.3736608348545
3268,3187.6395863188923
3269,3179.927638320028
3270,3171.991072071575
3271,3165.6029952090207
3272,3161.673922475129
3273,3160.3331196636445
3274,3161.949746942615
3275,3167.252498107286
3276,3179.4528162145507
3277,3195.3275897613203
3278,3213.929946988588
3279,3232.6994301654872
3280,3252.876684102399
3281,3275.189421920083
3282,3299.1285305030565
3283,3325.238739844539
3284,3355.663617289185
3285,3386.60935929245
3286,3418.1846440365466
3287,3449.71802857326
3288,3481.220862669415
3289,3513.0964155367133
3290,3547.3040692813993
3291,3582.4282337696227
3292,3616.194873082384
3293,3649.2755131921076
3294,3679.725054602414
3295,3707.2516289622818
3296,3732.1466264019705
3297,3752.9737061729365
3298,3769.194088726212
3299,3780.6634718261444
3300,3788.97144877209
3301,3794.2228407070347
3302,3799.6155479842405
3303,3807.196342773048
3304,3815.2811869255584
3305,3828.348222680549
3306,3839.716543787392
3307,3855.434067614039
3308,3872.1733076358487
3309,3888.8131611566587
3310,3904.958957205015
3311,3919.9854721251454
3312,3932.9511608429284
3313,3942.1494006921007
3314,3947.9881955611386
3315,3955.4787179567534
3316,3963.20926755112
3317,3970.5134729474785
3318,3975.2965312497186
3319,3977.548695764009
3320,3978.6907062182704
3321,3978.9292995506644
3322,3977.8097163483008
3323,3975.5313107268234
3324,3973.3815651237146
3325,3971.281116269726
3326,3969.169842258035
3327,3966.0199728751977
3328,3960.70323193939
3329,3954.1368640891656
3330,3948.736742293186
3331,3946.052244450564
3332,3944.262890956802
3333,3944.7713397710127
3334,3948.0371669510178
3335,3949.808638254704
3336,3948.5113406134224
3337,3944.038424382557
3338,3933.5185291996168
3339,3919.361830244807
3340,3906.4729320953634
3341,3895.007179837858
3342,3884.3468414907843
3343,3873.97729409482
3344,3863.3832298164116
3345,3852.688860388778
3346,3839.111254894454
3347,3822.102205832297
3348,3803.23428627514
3349,3784.6673842993573
3350,3763.303684028579
3351,3740.6597332512715
3352,3716.450272570822
3353,3691.0726343381584
3354,3662.520615383929
3355,3633.913343771926
3356,3602.137549990466
3357,3569.8153195589816
3358,3538.5496523520114
3359,3510.0900457767707
3360,3485.121289219508
3361,3462.189537655528
3362,3441.7774086509116
3363,3424.018856416896
3364,3409.1332557439623
3365,3396.290745442418
3366,3384.5010678260046
3367,3368.6018850593778
3368,3354.51735731936
3369,3340.2881533096806
3370,3324.156693606313
3371,3307.80159736629
3372,3290.142500502848
3373,3274.3119061402117
3374,3260.244635759348
3375,3249.9106739539525
3376,3240.8493053342168
3377,3232.223876376288
3378,3224.1081002179
3379,3213.1114066674495
3380,3200.874785405912
3381,3184.9899038925296
3382,3166.4506387042643
3383,3148.6829126786006
3384,3128.4783903504763
3385,3107.1712760822443
3386,3084.8137066415757
3387,3063.091194451939
3388,3040.406511463339
3389,3019.575939630938
3390,3001.995210787341
3391,2986.5016610728076
3392,2969.806425020449
3393,2951.066285373405
3394,2930.7247423132426
3395,2909.5658191929715
3396,2888.4804285487976
3397,2869.0088017945113
3398,2850.5500646365062
3399,2833.951412311998
3400,2820.6805500849837
3401,2812.1957439991816
3402,2807.1448881857
3403,2806.868770278327
3404,2810.2086794630095
3405,2814.6168903223906
3406,2823.36942781792
3407,2834.6113654147407
3408,2846.93735377739
3409,2859.6791847570807
3410,2872.3040705104236
3411,2884.495995798284
3412,2897.4865709498113
3413,2911.5926354474464
3414,2925.929143300956
3415,2942.656099571199
3416,2960.922426448219
3417,2980.2366525268917
3418,3002.217867261564
3419,3025.0210280607857
3420,3044.859777956108
3421,3067.281269393487
3422,3091.406236548414
3423,3115.084499523012
3424,3137.9134663836444
3425,3159.909117238489
3426,3180.6870629717764
3427,3199.989284468246
3428,3219.700334906938
3429,3239.129380284115
3430,3257.4279755294424
3431,3275.579127217593
3432,3291.832907334828
3433,3306.2477296535963
3434,3319.0099703240016
3435,3332.707071826979
3436,3347.0169885581986
3437,3361.6352581619635
3438,3377.7763019738563
3439,3394.5725042874114
3440,3412.323127770667
3441,3430.0786740165
3442,3447.1586627568267
3443,3462.5615504564576
3444,3478.2815961275437
3445,3494.2959255786227
3446,3511.407123936604
3447,3527.712628391368
3448,3543.5317147176556
3449,3560.2986267226033
3450,3576.370954613086
3451,3589.27654627306
3452,3601.582483063782
3453,3611.9577566872604
3454,3620.83959966956
3455,3627.252984840265
3456,3632.2457183568627
3457,3635.4305298540826
3458,3636.3293575494986
3459,3637.6838767153454
3460,3637.3343982663855
3461,3635.9439999830943
3462,3633.854975912413
3463,3629.241927253795
3464,3621.727020932584
3465,3612.066324933024
3466,3599.3148446270247
3467,3582.5493303644153
3468,3562.2705038028644
3469,3538.8946156275197
3470,3511.630191327373
3471,3481.0251357483967
3472,3450.346467734195
3473,3422.3720420247823
3474,3399.0243957145985
3475,3377.3470487200175
3476,3361.493313794662
3477,3347.700564409602
3478,3337.725906400872
3479,3330.984331585738
3480,3324.4146241666203
3481,3319.069993734488
3482,3312.6783372480086
3483,3303.688364275975
3484,3292.516151069763
3485,3279.5278304356884
3486,3265.594625339862
3487,3251.943420108635
3488,3239.3336815795606
3489,3226.288957517526
3490,3212.8160090438914
3491,3201.9802650936
3492,3193.098969709142
3493,3186.7163039061993
3494,3184.247891105953
3495,3183.6219923007025
3496,3185.270541361309
3497,3187.6809623439804
3498,3189.7604885811606
3499,3193.6557065415595
3500,3199.244038397826
3501,3206.0735343926303
3502,3212.9924645502165
3503,3220.2797372977107
3504,3227.741675360801
3505,3235.2290234576994
3506,3243.341473250415
3507,3249.9743550048006
3508,3256.845531502601
3509,3261.891448009124
3510,3266.0613627142925
3511,3270.174240162176
3512,3274.243595432814
3513,3279.258677212578
3514,3286.17396094036
3515,3290.8147749611894
3516,3295.3020141546835
3517,3297.771596838725
3518,3300.2643177097834
3519,3301.838223321901
3520,3302.605335540838
3521,3302.225531270685
3522,3301.1191956201606
3523,3298.7781850747187
3524,3294.6659253742064
3525,3286.7441907914076
3526,3275.7897686237725
3527,3260.036185003985
3528,3239.4006537690857
3529,3216.801255144691
3530,3194.5064151616943
3531,3171.8479975194255
3532,3149.0482753468577
3533,3129.009213273202
3534,3111.575229269122
3535,3095.8821451560602
3536,3083.0155830661943
3537,3074.9763502160627
3538,3072.9673122063737
3539,3076.5196417831944
3540,3086.6201660054967
3541,3104.1743620932702
3542,3124.309126648003
3543,3148.849969925993
3544,3173.255069130961
3545,3199.2685037384163
3546,3226.1445258153462
3547,3256.3834990315963
3548,3287.992051129614
3549,3319.7677334317286
3550,3350.6400511428383
3551,3379.004020657984
3552,3404.1442437606142
3553,3424.678444491704
3554,3441.931649754057
3555,3459.0427315233296
3556,3473.845248511427
3557,3489.3456533560866
3558,3503.030973106545
3559,3513.0018695968006
3560,3520.123260835144
3561,3523.3267836338346
3562,3524.5761464374414
3563,3525.733163148729
3564,3526.38527683181
3565,3525.6144686033927
3566,3523.5218395732063
3567,3518.1878950488776
3568,3509.4801553632087
3569,3500.1947838272868
3570,3490.1716319511006
3571,3477.5840897342177
3572,3465.2859984850993
3573,3452.1146580067557
3574,3441.105155819644
3575,3431.8397062507147
3576,3424.6547553845985
3577,3419.1889902421717
3578,3415.126119649148
3579,3412.5932727053455
3580,3412.0145359903195
3581,3412.5912709340805
3582,3414.9553557442255
3583,3420.2149602764425
3584,3427.3284534508007
3585,3435.5096300155446
3586,3442.7906184687554
3587,3448.021331910299
3588,3448.0760699950483
3589,3442.350537389458
3590,3428.9469577712134
3591,3417.2858435033404
3592,3397.211146724636
3593,3370.955710592749
3594,3341.9369404020786
3595,3313.227291121521
3596,3285.2003502323723
3597,3260.2489623372608
3598,3239.3861283040756
3599,3220.77269160068
3600,3204.5609567195143
3601,3192.4449569745284
3602,3183.235598753126
3603,3177.2725771272426
3604,3174.0820846553625
3605,3173.581271627345
3606,3175.315660205309
3607,3177.1109980625542
3608,3176.350368956378
3609,3174.4519131385337
3610,3171.3743391287426
3611,3167.387342978492
3612,3161.4049688832442
3613,3153.9200240744963
3614,3146.599728243023
3615,3138.6146214218475
3616,3129.797566068872
3617,3122.0306889648245
3618,3115.712576116166
3619,3109.76701514792
3620,3105.869528784643
3621,3104.0499070528576
3622,3102.034357907793
3623,3099.8691384923404
3624,3099.2921373928357
3625,3100.039270000459
3626,3102.5796906427195
3627,3105.2623828235055
3628,3107.3465683560557
3629,3108.728860137546
3630,3110.7225349220266
3631,3116.1284274970735
3632,3124.4757569210396
3633,3137.0246031646884
3634,3155.2160510999624
3635,3177.177885554718
3636,3203.69102054624
3637,3232.372850058054
3638,3264.1663605451395
3639,3301.428467264497
3640,3342.4977581841454
3641,3386.5063289597347
3642,3434.1059944098033
3643,3485.3077074771754
3644,3536.5770469108274
3645,3586.3227546772164
3646,3632.9425279070515
3647,3674.193269282629
3648,3710.081414279382
3649,3743.621283356371
3650,3774.3253805731933
3651,3800.2430142806725
3652,3823.6117049914783
3653,3844.4126766117324
3654,3862.4472833618297
3655,3877.1717898288694
3656,3889.7542021226554
3657,3902.686451300227
3658,3915.7245049251615
3659,3930.6684218503697
3660,3947.256460130582
3661,3964.259218639853
3662,3983.2068712416904
3663,4004.302210150905
3664,4027.550988974468
3665,4052.1614614161526
3666,4078.970888265545
3667,4108.075315554871
3668,4137.331466668219
3669,4165.36474006985
3670,4192.434749137831
3671,4219.2151301998965
3672,4246.697138293552
3673,4277.731162186101
3674,4309.524373446174
3675,4340.838811568552
3676,4373.34402842467
3677,4402.911417448863
3678,4430.7158215131785
3679,4455.291599450664
3680,4478.694399271253
3681,4499.5145455646625
3682,4516.710099831147
3683,4532.328670994426
3684,4543.76677734898
3685,4551.210670088419
3686,4555.359817506658
3687,4557.290958064225
3688,4557.220148622886
3689,4555.5523986027265
3690,4551.720308950489
3691,4545.466650726235
3692,4536.809226993771
3693,4525.358206815709
3694,4509.660078696413
3695,4490.636841411037
3696,4469.48899993757
3697,4444.413251639569
3698,4416.886646055893
3699,4386.442860287598
3700,4352.635497758305
3701,4317.641730254208
3702,4279.520210680731
3703,4238.899231366098
3704,4197.135490864482
3705,4160.801036628076
3706,4121.450189294075
3707,4081.7924562880494
3708,4042.064169940201
3709,4000.5872146907077
3710,3957.8508941618984
3711,3915.731456327935
3712,3873.0658849288525
3713,3831.7546954511604
3714,3789.2102832676665
3715,3746.9491399615604
3716,3704.323546903632
3717,3662.0291328541184
3718,3620.9492009357446
3719,3582.495369481362
3720,3545.504070405499
3721,3509.712621329532
3722,3476.9306672505636
3723,3444.6479387399636
3724,3412.0749681362117
3725,3378.54577872183
3726,3344.2137158174646
3727,3309.826298245513
3728,3276.245021841457
3729,3239.978894018044
3730,3203.3411532006985
3731,3163.6010707233777
3732,3123.124693337191
3733,3082.478632068187
3734,3041.1969125920373
3735,2999.911669300743
3736,2961.1651007513165
3737,2925.4872695170598
3738,2893.7235463359125
3739,2865.5249271258735
3740,2840.964594093448
3741,2822.486940769822
3742,2806.6438443645548
3743,2795.9582189630423
3744,2791.077095993266
3745,2790.278151005541
3746,2792.8876833402587
3747,2799.451675852382
3748,2810.6060581413526
3749,2825.1158546312286
3750,2842.0804777831054
3751,2861.0381762691236
3752,2884.160352819056
3753,2909.7451219675772
3754,2936.697112466381
3755,2965.6142386178853
3756,2997.365729570789
3757,3033.6415342851196
3758,3069.7656520300575
3759,3105.5021219825176
3760,3139.360525931216
3761,3173.3147983702556
3762,3202.855015392221
3763,3231.883457200172
3764,3257.187773516493
3765,3278.8775204054105
3766,3297.8920605134017
3767,3314.4907259569973
3768,3327.907041656338
3769,3336.7032405211567
3770,3343.8676222959493
3771,3346.2561720834155
3772,3344.742991536845
3773,3337.2283493091563
3774,3326.205917494381
3775,3313.264864024748
3776,3297.997973667322
3777,3282.3088221946355
3778,3265.077077742718
3779,3249.839006650868
3780,3237.5003238225772
3781,3228.007063158464
3782,3220.2155092950097
3783,3211.5655495559695
3784,3202.628352442112
3785,3193.4521344439713
3786,3183.9078679380445
3787,3173.60726118298
3788,3165.040662095446
3789,3155.423913817992
3790,3145.372320537672
3791,3133.300535291995
3792,3118.9961207804463
3793,3101.875705396181
3794,3083.4790066881487
3795,3062.033405540288
3796,3040.9072528523807
3797,3018.0007488479932
3798,2993.083570019151
3799,2966.264789797763
3800,2938.1200463917603
3801,2910.481561831141
3802,2881.639396587198
3803,2853.5644347083357
3804,2824.451559023225
3805,2796.386039542869
3806,2769.7422465280624
3807,2744.572130381051
3808,2720.1892558375835
3809,2696.551337849025
3810,2672.65773122705
3811,2648.8184920296926
3812,2624.347169721457
3813,2599.8853108999683
3814,2575.813406161317
3815,2555.2015822915796
3816,2536.4169548320347
3817,2517.388560387758
3818,2502.3631020189137
3819,2489.2909532380195
3820,2479.1218270362083
3821,2468.539856779554
3822,2458.0752951005807
3823,2448.384524580895
3824,2438.0790953463907
3825,2426.479180216252
3826,2415.0559024577224
3827,2402.9215780072896
3828,2394.1110933259174
3829,2387.335277882035
3830,2382.495630625945
3831,2380.256538817465
3832,2378.883142489244
3833,2377.988618492012
3834,2379.568862541704
3835,2383.355145436187
3836,2386.5484752331367
3837,2392.048622214916
3838,2400.111300564354
3839,2410.8733201136265
3840,2423.157114972294
3841,2436.6994494842384
3842,2449.409341877846
3843,2461.3333822618547
3844,2474.296875991435
3845,2486.5254888040376
3846,2498.839659579955
3847,2511.070226317543
3848,2523.1271942917147
3849,2536.4483082718757
3850,2550.9599521243817
3851,2568.1036107010727
3852,2585.6454218477816
3853,2602.5039967037524
3854,2621.267218183284
3855,2641.007311455683
3856,2663.42108281024
3857,2685.4903221548093
3858,2709.6175188900825
3859,2736.323896721552
3860,2762.593964443422
3861,2787.9720627585034
3862,2812.9741487754986
3863,2838.1717389102096
3864,2862.8647523416157
3865,2885.937035607166
3866,2909.2213905229687
3867,2931.6925728622014
3868,2952.191236336394
3869,2970.683079929607
3870,2988.490050391522
3871,3007.0344560549083
3872,3025.555812007624
3873,3044.292178688982
3874,3065.746869890382
3875,3091.289467421626
3876,3113.511527273808
3877,3138.7049284779387
3878,3167.009001819781
3879,3197.3984745495263
3880,3229.3098516310165
3881,3261.7974358591164
3882,3294.439691749073
3883,3326.5500278767495
3884,3358.865863621051
3885,3390.3575035587705
3886,3420.0681678920523
3887,3446.4939327884913
3888,3469.698469831644
3889,3490.0926276615387
3890,3509.3354366832723
3891,3526.7560367802466
3892,3543.589248958954
3893,3559.6838806485775
3894,3574.611037904848
3895,3590.6264368724565
3896,3606.711399669571
3897,3623.9283210023455
3898,3643.9618833538025
3899,3663.819553615028
3900,3685.698871087815
3901,3709.009478815014
3902,3732.0525644277095
3903,3754.064081447873
3904,3775.6443857543677
3905,3796.2100644638026
3906,3816.6501287394576
3907,3836.1135465469074
3908,3855.0505888452267
3909,3872.2243967001878
3910,3888.9366304765
3911,3905.639895957716
3912,3921.80172461052
3913,3936.677467824867
3914,3950.358823598732
3915,3964.26736380665
3916,3978.802433034765
3917,3992.048645291076
3918,4005.2799031156137
3919,4016.567778573849
3920,4025.8374638235377
3921,4032.8958133948986
3922,4037.6963024236024
3923,4041.3720981104816
3924,4045.37039997681
3925,4049.316246761354
3926,4053.4298567102983
3927,4057.2598970851955
3928,4059.5217792124377
3929,4061.8777600071808
3930,4063.775423159139
3931,4064.9596932796976
3932,4066.8251739059124
3933,4068.4481420507204
3934,4070.676112187775
3935,4072.303748196896
3936,4072.5760566191225
3937,4070.462270450195
3938,4066.4691123443818
3939,4059.774754131603
3940,4050.8705317791964
3941,4037.798862863421
3942,4022.2743616073403
3943,4004.8468528071435
3944,3986.58949807532
3945,3966.9654445288356
3946,3943.8980192685303
3947,3920.2720174549795
3948,3896.4407059327673
3949,3873.5864742110143
3950,3850.9164643590566
3951,3828.6306799032473
3952,3807.401774037785
3953,3786.6129073805523
3954,3768.125636738653
3955,3749.381036095971
3956,3731.2485476601473
3957,3713.6384897272346
3958,3696.0326093194712
3959,3675.173780516932
3960,3655.187706396118
3961,3635.1380731948507
3962,3615.094234639664
3963,3594.9280692928505
3964,3576.9821244982345
3965,3560.864738152193
3966,3546.312034815313
3967,3534.1187439302844
3968,3524.515804506042
3969,3518.385899604895
3970,3512.7052522127547
3971,3508.831572680418
3972,3507.686056288062
3973,3505.700103887204
3974,3504.4288225507976
3975,3504.729563323961
3976,3504.801904025799
3977,3502.4869595988093
3978,3496.7492550344887
3979,3489.3854110756943
3980,3480.0688615541235
3981,3470.5236029061384
3982,3463.6978828773945
3983,3457.1774477349986
3984,3452.4458791645698
3985,3446.6966988632016
3986,3440.048330677338
3987,3436.035819864087
3988,3437.838834928223
3989,3444.6735849752463
3990,3450.6198175161567
3991,3461.3077216775187
3992,3478.216995041412
3993,3498.3314039744923
3994,3522.318321526321
3995,3547.8969472156477
3996,3573.924758618095
3997,3600.9321912597816
3998,3627.1335434100574
3999,3655.2194411249816
4000,3680.2000678130335
4001,3704.044139953943
4002,3727.140247631698
4003,3748.1795058680786
4004,3769.683736042706
4005,3790.28981900591
4006,3808.247656058391
4007,3825.528129001888
4008,3843.118050380862
4009,3861.7719460093886
4010,3881.0399203229713
4011,3900.9190530052488
4012,3920.4453357382035
4013,3939.761651497243
4014,3956.750035205671
4015,3969.0197322219738
4016,3977.902687786411
4017,3983.85098096297
4018,3986.9400101694387
4019,3985.297774258874
4020,3979.13020291608
4021,3971.1027744216476
4022,3959.092548930411
4023,3945.072410270754
4024,3928.451914438527
4025,3909.701130437735
4026,3889.6920614858577
4027,3869.566437116001
4028,3850.4209449119335
4029,3832.226510734056
4030,3816.3594608596386
4031,3799.9483875696396
4032,3782.118309906995
4033,3764.435429776713
4034,3744.556336105749
4035,3724.151218776203
4036,3701.99463859912
4037,3677.7572431148783
4038,3650.590112279748
4039,3620.89170527894
4040,3587.9465065999207
4041,3551.6366686008646
4042,3511.971037233397
4043,3470.283175083473
4044,3427.4667438986157
4045,3382.9599606007473
4046,3339.2006346218163
4047,3301.130021020146
4048,3262.799161913263
4049,3223.5403350924867
4050,3184.8185344910235
4051,3146.339355392377
4052,3108.935449070959
4053,3071.183257253832
4054,3034.3869449623608
4055,2997.3417467460367
4056,2958.9437689599904
4057,2920.854663950578
4058,2883.5073847125705
4059,2846.577326340749
4060,2809.083172141749
4061,2772.5341780821004
4062,2736.931680344448
4063,2701.3304950425218
4064,2666.2182768895086
4065,2632.0631140926707
4066,2598.788644668094
4067,2565.2493332764016
4068,2533.386362824848
4069,2502.208796540971
4070,2473.3948752043625
4071,2445.897884234172
4072,2417.9472262409445
4073,2389.1263483945136
4074,2361.4139364321936
4075,2333.9290849280956
4076,2305.846573353435
4077,2277.8206681398033
4078,2249.232150580968
4079,2221.530659665835
4080,2193.841787277432
4081,2165.6476252311763
4082,2139.95238588087
4083,2116.003675887494
4084,2094.7917898256983
4085,2076.5000151825966
4086,2062.3471222109956
4087,2053.8256299712934
4088,2050.7933179617435
4089,2051.369807694189
4090,2055.6194394512504
4091,2063.0937727978953
4092,2072.9632812468676
4093,2086.244154630522
4094,2103.804218851062
4095,2125.2346912759376
4096,2151.314989704492
4097,2181.881893552603
4098,2216.4329066631444
4099,2255.8023378344606
4100,2298.1183551093454
4101,2344.652618124471
4102,2394.017036679023
4103,2445.8909737987515
4104,2491.021299092915
4105,2538.344840108304
4106,2585.9542167391405
4107,2633.4181911316705
4108,2679.476350965906
4109,2722.859604222547
4110,2762.629637223098
4111,2798.198485596155
4112,2830.708020156357
4113,2860.1814200794047
4114,2884.9059757036935
4115,2904.0933247292323
4116,2919.7652500337736
4117,2932.098836749051
4118,2944.332929606763
4119,2955.488460297708
4120,2966.495990272295
4121,2978.3171066719588
4122,2989.2543126611554
4123,3001.5610634190516
4124,3014.626407266233
4125,3029.4129422440583
4126,3044.7274120430584
4127,3060.3614764026656
4128,3077.3066224754166
4129,3093.9397803227853
4130,3111.1877713835474
4131,3128.9704857851484
4132,3146.541700943053
4133,3163.43406039707
4134,3177.8605835980165
4135,3187.9285879987647
4136,3195.7338141069804
4137,3200.2966197471324
4138,3201.503298464719
4139,3197.98304699208
4140,3190.932128819551
4141,3179.3642023535185
4142,3163.0015056819298
4143,3143.9299482995443
4144,3120.0473971041038
4145,3093.8212731027934
4146,3065.3704616934074
4147,3033.6359609458177
4148,3000.0055671428127
4149,2965.3661823331613
4150,2928.7946152837444
4151,2890.6916002373964
4152,2851.96978278495
4153,2813.8525462036355
4154,2775.3347932784195
4155,2738.059799663641
4156,2702.680875770098
4157,2672.0164634382186
4158,2644.9235027475947
4159,2622.7898707551108
4160,2606.026210225175
4161,2591.4418255641317
4162,2583.0214637791914
4163,2579.614257453763
4164,2580.3164396570533
4165,2586.478564209756
4166,2597.241023059118
4167,2609.9627465770923
4168,2625.2874267485713
4169,2641.680938529799
4170,2659.4207155034733
4171,2677.927767191893
4172,2698.377210202153
4173,2719.12613063123
4174,2741.5855623764255
4175,2765.5065525208533
4176,2791.027236584672
4177,2816.8758447417044
4178,2841.779779047235
4179,2864.9982152719886
4180,2889.1124201338935
4181,2911.8416378516176
4182,2933.6898182133273
4183,2953.3908984180907
4184,2971.992203442588
4185,2986.886207917261
4186,3000.6476079541962
4187,3014.602983605288
4188,3029.9992045291983
4189,3047.113617519322
4190,3063.8210921296777
4191,3081.4157318699476
4192,3098.5554083794254
4193,3116.1644324718404
4194,3133.2175765576153
4195,3150.8407129830393
4196,3171.72790664642
4197,3194.5304250621384
4198,3218.8951855038936
4199,3242.2211924190533
4200,3266.35231017588
4201,3289.9532387551712
4202,3311.6611754667992
4203,3332.162223851888
4204,3351.5897996077438
4205,3368.812792925338
4206,3382.385412576169
4207,3392.9459318429454
4208,3399.762526927121
4209,3402.4532492248823
4210,3402.2621156290443
4211,3397.403714279163
4212,3387.506247818772
4213,3373.219734121499
4214,3356.5272474187846
4215,3336.8153477831274
4216,3314.355650032368
4217,3293.0612489067116
4218,3274.5351199273905
4219,3256.767846808448
4220,3239.645180945623
4221,3222.069040767442
4222,3206.632109104008
4223,3192.504470135161
4224,3182.628118824183
4225,3176.2360184982895
4226,3172.724283442747
4227,3172.2310508111623
4228,3174.8294583811858
4229,3180.4143596798413
4230,3190.3070426139934
4231,3204.3423389322998
4232,3221.590690452092
4233,3241.5590428950177
4234,3262.0955135833715
4235,3282.16060787792
4236,3301.534354327193
4237,3321.82491089487
4238,3342.304673848562
4239,3364.9783160495076
4240,3389.1004369231077
4241,3414.569225240245
4242,3439.409849922722
4243,3464.6735839813327
4244,3488.645257990317
4245,3510.576922966174
4246,3531.1435776267826
4247,3550.5668030596144
4248,3570.3008898488956
4249,3590.633068617599
4250,3612.1731434992716
4251,3633.37235913058
4252,3653.400098829477
4253,3673.381460947778
4254,3692.7068652763164
4255,3710.6710147529875
4256,3728.455311866531
4257,3744.555792206141
4258,3761.763587235099
4259,3779.0687524721893
4260,3796.840302843091
4261,3814.746050671807
4262,3833.234570024938
4263,3853.9904946007177
4264,3873.307260761053
4265,3894.102189929082
4266,3915.6918647009356
4267,3937.7620155401983
4268,3963.742856170037
4269,3988.2769751732503
4270,4011.3016447353075
4271,4030.136344908601
4272,4043.073659255419
4273,4051.502288649965
4274,4053.4045100127532
4275,4055.059442598378
4276,4048.905711340433
4277,4039.0716974705615
4278,4025.9892014563225
4279,4009.7041427949334
4280,3992.886848968157
4281,3975.7655700505884
4282,3959.4420729946714
4283,3944.4032086244597
4284,3931.1304208179904
4285,3918.52457935416
4286,3909.462690749431
4287,3902.9779967263034
4288,3899.7771014004793
4289,3899.850961242468
4290,3903.186844218154
4291,3907.145607711307
4292,3912.1972022035834
4293,3918.15931296168
4294,3925.1478476135594
4295,3934.8349669909917
4296,3948.442621488421
4297,3964.6285531760777
4298,3982.5098617325857
4299,4000.0431046684894
4300,4017.255607179691
4301,4034.234138609094
4302,4049.7246372841005
4303,4065.17350011811
4304,4080.7361710571754
4305,4097.090153218397
4306,4113.626013483748
4307,4129.765264121069
4308,4145.204811670581
4309,4160.5712271088105
4310,4174.347361933596
4311,4188.921466687472
4312,4203.122381807516
4313,4215.500938077069
4314,4225.954343720748
4315,4235.010577716549
4316,4244.182231166137
4317,4251.753594565137
4318,4257.220967653052
4319,4262.230108844498
4320,4265.154486784522
4321,4266.809635368253
4322,4268.661301531818
4323,4270.310050267268
4324,4270.1794956416115
4325,4269.797024592932
4326,4269.766764674336
4327,4267.647425216192
4328,4262.889915172562
4329,4255.27783747624
4330,4242.331362827989
4331,4224.514497334509
4332,4209.013824355181
4333,4186.722525175845
4334,4158.4515601885005
4335,4126.723583347704
4336,4091.5152277097204
4337,4052.967382873718
4338,4009.2892640887985
4339,3960.882217106924
4340,3907.246902970014
4341,3850.663650587047
4342,3791.683590434085
4343,3729.9865577146857
4344,3667.033729487373
4345,3603.2038947556844
4346,3539.952128019612
4347,3477.034455494808
4348,3415.7153855742226
4349,3356.776503482809
4350,3300.340950012665
4351,3245.7757209785254
4352,3192.7568890283164
4353,3141.0210665769296
4354,3090.4070988216504
4355,3041.8621131226496
4356,2996.5561437596352
4357,2955.6958044318344
4358,2918.2356181171913
4359,2883.7813255386645
4360,2853.433181181881
4361,2826.9536179806446
4362,2802.5066684739013
4363,2780.251836516557
4364,2760.419221126663
4365,2742.993075854579
4366,2727.8558922983316
4367,2716.1940896347337
4368,2708.3298206280165
4369,2705.3873834885294
4370,2706.14168928861
4371,2710.667621898103
4372,2717.980698943571
4373,2727.6126872561445
4374,2739.87633536108
4375,2756.9294480345875
4376,2778.982466806141
4377,2803.8109313056484
4378,2831.2301460965964
4379,2861.760417216784
4380,2894.586972421421
4381,2930.7793339675645
4382,2969.8268513213507
4383,3013.251817729953
4384,3061.191489977207
4385,3112.2706691827875
4386,3165.7701133441446
4387,3220.9311128075897
4388,3277.864110990734
4389,3327.395819410069
4390,3379.5950055111825
4391,3432.313047568451
4392,3484.5388053576517
4393,3533.7250192833617
4394,3579.12214062694
4395,3620.5885755253585
4396,3658.165988131068
4397,3691.439661519085
4398,3722.397496988415
4399,3750.4138925033476
4400,3775.3570872630917
4401,3795.7103363026963
4402,3813.5528694060363
4403,3828.706666361257
4404,3840.8405264823427
4405,3851.8908454079833
4406,3860.36172370796
4407,3865.358060627062
4408,3868.1367032134003
4409,3868.7686779898518
4410,3867.322781225715
4411,3861.2795126492515
4412,3852.7838847528956
4413,3842.1515873917483
4414,3830.4755658352624
4415,3817.1418284531555
4416,3802.093379850954
4417,3785.012177219097
4418,3766.817068089797
4419,3745.885418060019
4420,3723.206819836983
4421,3699.635705015454
4422,3675.8562025411584
4423,3653.060218810349
4424,3630.95406031047
4425,3610.001870577758
4426,3590.8737090345567
4427,3572.7573822949034
4428,3555.060771465487
4429,3539.7842379039453
4430,3525.544912467904
4431,3513.998594095936
4432,3502.4409962901454
4433,3491.0675024000834
4434,3478.2202563876776
4435,3463.7869776252555
4436,3447.7021029328866
4437,3431.5970270231874
4438,3412.6954216107374
4439,3392.105574680158
4440,3370.175274565486
4441,3347.523709568302
4442,3326.426439151263
4443,3307.7812748722517
4444,3291.476516356524
4445,3282.320966380967
4446,3274.3556379022325
4447,3271.272319767821
4448,3274.0617167944674
4449,3280.5363641029176
4450,3288.08756028166
4451,3298.8134273132173
4452,3311.6870352375267
4453,3322.2907868931034
4454,3331.038136457814
4455,3339.55135954309
4456,3347.036234290473
4457,3351.264623136153
4458,3352.866816202346
4459,3352.468702398137
4460,3351.732777095532
4461,3351.8507109673424
4462,3352.094570445532
4463,3352.715706218333
4464,3352.931818070094
4465,3351.7912312402827
4466,3348.7517874691557
4467,3346.662617842455
4468,3342.5546920298757
4469,3337.0211425843627
4470,3333.538818586325
4471,3330.194368377451
4472,3325.5127759132115
4473,3321.4935964057127
4474,3316.6320140494204
4475,3311.0549330716713
4476,3302.896341068357
4477,3291.987222204417
4478,3280.046659109337
4479,3267.261673047163
4480,3254.9999965421107
4481,3242.8424703986043
4482,3230.796518137506
4483,3217.4681004371873
4484,3202.4639961661187
4485,3187.5722263123375
4486,3170.1638169651847
4487,3153.717611582712
4488,3138.2036499439
4489,3122.6668655662493
4490,3107.6902792945757
4491,3092.954264989453
4492,3077.968189918299
4493,3064.485767721322
4494,3051.649245594029
4495,3038.570240727104
4496,3025.155943444709
4497,3011.2333984612474
4498,2998.4393859162356
4499,2985.981670354808
4500,2973.107225172979
4501,2959.8407446600595
4502,2945.601743473717
4503,2933.2138124415983
4504,2922.922965178253
4505,2913.8424772797916
4506,2905.034763307984
4507,2897.1707312107987
4508,2889.9487967518976
4509,2881.6483368574204
4510,2873.9939387337804
4511,2864.231509012576
4512,2855.3860852446205
4513,2848.921054525305
4514,2842.4969660205093
4515,2835.925519541928
4516,2828.807966352845
4517,2821.0554275833238
4518,2812.4470800200115
4519,2807.223689829819
4520,2804.510663069265
4521,2803.167249353252
4522,2803.189188867791
4523,2802.024270512372
4524,2801.635257881484
4525,2801.844309560247
4526,2802.146883955253
4527,2804.628568343964
4528,2808.5200182045833
4529,2813.0252771725104
4530,2819.9417008595665
4531,2829.566334109739
4532,2841.159703545832
4533,2853.9929429603917
4534,2866.7005335059102
4535,2880.870189563313
4536,2895.8600776583944
4537,2913.940290305449
4538,2932.510056780947
4539,2951.101378635435
4540,2969.4518270011863
4541,2986.9834293411636
4542,3002.0106490258245
4543,3015.5984092919116
4544,3028.6369119071946
4545,3042.247408795282
4546,3053.947945048399
4547,3065.7466096561143
4548,3077.190498119632
4549,3089.3199216392836
4550,3102.061762770943
4551,3114.556129176979
4552,3127.86416600016
4553,3141.3632050392516
4554,3156.226420863453
4555,3171.4544684469097
4556,3187.657742138804
4557,3204.977473087068
4558,3224.1668530895663
4559,3244.4834533720573
4560,3262.158895617825
4561,3281.012604306689
4562,3301.4111982412464
4563,3323.1552749461766
4564,3345.3442824342046
4565,3368.0975597800275
4566,3390.45130853234
4567,3413.598181932365
4568,3436.0647921426735
4569,3457.7758574560626
4570,3479.242195533982
4571,3499.305969940299
4572,3517.028073563553
4573,3531.649454028286
4574,3545.5878123716316
4575,3557.8058197207747
4576,3568.5448620080997
4577,3578.064304124312
4578,3586.6419985721554
4579,3594.726611317821
4580,3603.0067051453443
4581,3612.767731256458
4582,3621.9335562943734
4583,3631.5452290103335
4584,3640.738770833033
4585,3649.1291446746227
4586,3655.042028625051
4587,3658.8015921066717
4588,3659.942202826566
4589,3658.1712084753553
4590,3652.9173083878177
4591,3646.6235007822106
4592,3638.735648213254
4593,3629.7216481453115
4594,3620.0572013271076
4595,3609.5821282075526
4596,3598.179045453565
4597,3585.953162423833
4598,3572.4655565947332
4599,3558.6955371743
4600,3545.0476536110727
4601,3531.8878782241386
4602,3519.0893447018248
4603,3506.3290176290016
4604,3493.901702260931
4605,3480.3288455762504
4606,3466.226036383459
4607,3451.964208487419
4608,3436.523739337317
4609,3421.700789771874
4610,3406.153961678951
4611,3390.729712190531
4612,3375.5254759032664
4613,3358.7943000638857
4614,3342.320830336278
4615,3326.010626095304
4616,3309.6744830887737
4617,3295.4620386730917
4618,3281.1916902314692
4619,3267.8548983032065
4620,3256.76899554279
4621,3248.9511972624286
4622,3244.139659453332
4623,3241.677797477443
4624,3240.9069477176295
4625,3241.4907581373486
4626,3242.258661654063
4627,3241.8705225629406
4628,3237.9559832774735
4629,3231.713989357706
4630,3222.1282083875444
4631,3209.795656224145
4632,3194.257547811835
4633,3175.8687791021534
4634,3156.6857637838793
4635,3138.225422335263
4636,3116.43360321885
4637,3092.699992012095
4638,3069.403776950174
4639,3046.5127322517083
4640,3024.359463085948
4641,3004.4132384540135
4642,2985.230445121426
4643,2968.358650779134
4644,2953.993496210345
4645,2942.3120133634784
4646,2933.549255571336
4647,2925.2715105106336
4648,2916.5244184311614
4649,2908.5516004847973
4650,2901.774833532471
4651,2894.0657597656004
4652,2885.619958383608
4653,2879.1964831044356
4654,2874.838789220287
4655,2871.3250180137293
4656,2866.878943934656
4657,2862.2643572685015
4658,2858.652143716008
4659,2854.876965639923
4660,2851.426594563102
4661,2848.2014568649383
4662,2846.893831726975
4663,2845.0645229228157
4664,2842.345010609715
4665,2839.620312363396
4666,2837.202347522387
4667,2835.6491698642085
4668,2835.8159570846838
4669,2836.999784134476
4670,2840.3883628119816
4671,2845.0583581608494
4672,2852.5791659027036
4673,2859.976639622374
4674,2866.4124417584862
4675,2872.399097338062
4676,2874.0568261841254
4677,2874.0508744642634
4678,2872.887168398312
4679,2871.122469518692
4680,2869.643474133806
4681,2865.769146442773
4682,2863.693496411502
4683,2862.634577977819
4684,2863.7631294868333
4685,2867.168135975229
4686,2870.2300542897165
4687,2875.3309869824925
4688,2881.871315689645
4689,2888.080466471004
4690,2892.9297434836326
4691,2895.9372560775737
4692,2899.5617142643014
4693,2902.1955240181123
4694,2905.732681726893
4695,2908.1813265613637
4696,2910.1824691571956
4697,2912.47379214482
4698,2915.6309881087323
4699,2919.6675288692227
4700,2926.3056471791006
4701,2935.321430342151
4702,2945.6477352832303
4703,2956.2216386725086
4704,2966.053526132066
4705,2975.8146459426607
4706,2986.3489039760216
4707,2996.7911145376574
4708,3010.840559090917
4709,3027.860851627139
4710,3046.8898635420633
4711,3070.702785770329
4712,3094.8685231945346
4713,3120.616257041394
4714,3147.859539070546
4715,3177.4248495043216
4716,3207.8676407911817
4717,3240.2081037702014
4718,3271.744645687981
4719,3302.78291296875
4720,3331.914562005632
4721,3358.6020208346636
4722,3383.3281904284813
4723,3405.1607703815876
4724,3424.5732800496107
4725,3442.0668983481487
4726,3460.4380748663443
4727,3480.6071311790733
4728,3503.1145002952444
4729,3528.441844772964
4730,3558.3840118556213
4731,3584.433697217532
4732,3615.4381983506833
4733,3651.0302116753796
4734,3689.5812240879545
4735,3729.7792497340606
4736,3769.774093180657
4737,3810.597634188429
4738,3849.5345853724834
4739,3888.383513103406
4740,3926.6719248181707
4741,3964.775069828185
4742,4001.794459996903
4743,4036.7948539348267
4744,4069.084530589421
4745,4099.283966071812
4746,4126.677147396442
4747,4151.444346206568
4748,4171.7966258583765
4749,4188.713903007422
4750,4204.087350540114
4751,4216.617515705067
4752,4225.8448561389205
4753,4233.561480985384
4754,4239.536532091789
4755,4243.244110880076
4756,4244.664553308405
4757,4244.2682542680195
4758,4243.703533727249
4759,4241.267683248579
4760,4235.907477736052
4761,4227.954160009248
4762,4217.819417734231
4763,4207.609214706855
4764,4195.475504338098
4765,4182.077907323284
4766,4167.516603544775
4767,4151.5033340897235
4768,4135.252165950336
4769,4117.415497346639
4770,4099.543142624483
4771,4081.1737549898576
4772,4063.3098926459393
4773,4044.9565657216262
4774,4026.636936252756
4775,4008.9186856453744
4776,3989.6698126183337
4777,3970.91619251137
4778,3950.749713796557
4779,3927.195620254195
4780,3901.444488558638
4781,3872.8530269209778
4782,3841.211160739145
4783,3807.6700676807386
4784,3772.699675795859
4785,3736.1985059234516
4786,3701.0869219305923
4787,3667.4619303328045
4788,3638.2081876427287
4789,3608.0240614160775
4790,3577.650471300064
4791,3548.0817675627172
4792,3519.459433904805
4793,3491.687278553782
4794,3465.343726269899
4795,3441.0129144663115
4796,3418.9457952273697
4797,3400.1260848548145
4798,3386.042349294548
4799,3376.9337140867874
4800,3373.0535875616524
4801,3373.1333235350007
4802,3378.73477943919
4803,3388.483431927382
4804,3401.941697563758
4805,3417.2009736393647
4806,3435.6999352638695
4807,3456.2210332597383
4808,3478.757114228475
4809,3502.4162215350098
4810,3526.36039523468
4811,3551.4689285052714
4812,3578.324704813417
4813,3604.6658292175953
4814,3632.5392577611824
4815,3659.5771623885453
4816,3685.0885568070457
4817,3708.9517868015623
4818,3731.4537396317714
4819,3751.6571771709205
4820,3769.2965632318965
4821,3785.265749115325
4822,3799.9666422934915
4823,3811.284829540886
4824,3821.5464108291067
4825,3830.44384757126
4826,3839.1295436843016
4827,3846.987643787359
4828,3853.2248212841555
4829,3859.0323767696846
4830,3862.722967515531
4831,3865.7727319134915
4832,3869.484559854744
4833,3874.2195531075818
4834,3879.1525450259774
4835,3884.5861172758077
4836,3890.4237908157183
4837,3895.6546837653846
4838,3902.63998194563
4839,3910.9044884364034
4840,3920.5744456310304
4841,3930.5200870465155
4842,3941.616280728118
4843,3952.663069706461
4844,3963.8105820583105
4845,3973.508917804419
4846,3983.71012849235
4847,3992.609708389553
4848,3997.2861850981208
4849,3998.0040650010637
4850,3993.682244395063
4851,3983.4982944274066
4852,3967.4069746661853
4853,3945.7561873183604
4854,3917.688883835938
4855,3886.487458231953
4856,3852.3352482574364
4857,3814.268941854026
4858,3772.6516512272165
4859,3728.3751013222277
4860,3682.8375761964667
4861,3637.264745669437
4862,3591.2319549267304
4863,3545.7423731467925
4864,3504.2654338768457
4865,3462.8479675827175
4866,3421.2472294065315
4867,3381.649966814941
4868,3344.9281904017275
4869,3311.1512761984086
4870,3282.0396376515732
4871,3257.4379434442894
4872,3239.113106088755
4873,3225.522330023461
4874,3214.5729732826894
4875,3204.2123244227337
4876,3195.2065015492944
4877,3186.7096277371597
4878,3179.9597000617728
4879,3176.387782189082
4880,3177.0869988658164
4881,3183.686112531969
4882,3194.1022336110777
4883,3207.7230032803936
4884,3223.654636986446
4885,3241.290203652002
4886,3260.86223649707
4887,3282.520360687989
4888,3306.7749034910717
4889,3330.494944634164
4890,3355.1984987842807
4891,3380.3556072045735
4892,3403.6095062740474
4893,3423.9477112912023
4894,3442.910797015936
4895,3457.9483382852895
4896,3471.593405386783
4897,3482.5633301238536
4898,3492.2724560466527
4899,3502.9825630116106
4900,3515.122918362384
4901,3528.2573882484858
4902,3539.6843770493942
4903,3552.9440745886686
4904,3567.95672068387
4905,3583.6749070716223
4906,3598.4778726625627
4907,3612.2428528356863
4908,3625.3389998607145
4909,3635.9433818966427
4910,3644.502606785848
4911,3651.577085734812
4912,3657.527949723873
4913,3663.3722575243305
4914,3667.2331764488486
4915,3666.6170055028624
4916,3664.112910405995
4917,3661.0112078242146
4918,3655.7075012847076
4919,3650.12131561513
4920,3642.5758834979824
4921,3634.91856761677
4922,3627.522747275862
4923,3619.323724639488
4924,3610.1640100094423
4925,3600.6394041893655
4926,3591.398648355465
4927,3580.471451624312
4928,3567.821443468414
4929,3553.0620959503362
4930,3537.208661794512
4931,3518.740465306066
4932,3496.677708575188
4933,3471.5249211717323
4934,3443.880641104376
4935,3414.8806944727444
4936,3384.6233495101064
4937,3355.0973717096326
4938,3325.540603828234
4939,3294.5593900506306
4940,3263.866555047592
4941,3231.9342896043104
4942,3201.910470423672
4943,3172.4253623796712
4944,3144.870764766936
4945,3117.193570819042
4946,3090.6294706222993
4947,3064.9860901250745
4948,3041.659952035693
4949,3018.461512062556
4950,2996.589311309278
4951,2976.7748661585197
4952,2957.425955846027
4953,2938.086740074402
4954,2917.147100794953
4955,2900.1861613528913
4956,2885.068452659616
4957,2873.103606209063
4958,2865.940523332796
4959,2859.7086412304434
4960,2858.7897822971463
4961,2860.9543338565504
4962,2865.4833460673885
4963,2871.583411845087
4964,2877.861565567365
4965,2884.189599952575
4966,2888.472351870601
4967,2891.2520712916316
4968,2893.2799291863075
4969,2893.7456202857998
4970,2893.4809729362305
4971,2893.8714891151963
4972,2893.7220826111516
4973,2893.423430954618
4974,2890.400309947336
4975,2886.561805210149
4976,2881.1945806996587
4977,2876.03381012511
4978,2870.1001840602835
4979,2862.4834881598586
4980,2853.69658992059
4981,2845.986289295376
4982,2838.8674348110144
4983,2831.3531724008903
4984,2826.3244856545803
4985,2822.709445950875
4986,2820.3113210748693
4987,2820.5448907206533
4988,2821.4373137513667
4989,2823.737992655475
4990,2826.7278270582287
4991,2831.4850783490147
4992,2838.1420705984174
4993,2846.296998835227
4994,2857.329034614674
4995,2870.645837672042
4996,2886.798125980958
4997,2906.524035956237
4998,2929.733831255142
4999,2956.0885270351882
