,0
0,12.735491448129364
1,24.019201462770276
2,33.98916749229499
3,42.6870894025074
4,50.22934551301657
5,56.75678971423003
6,62.36162579124485
7,67.13091016644366
8,71.09763368763403
9,74.19103666646308
10,76.4637679008427
11,78.05652005629688
12,79.07030647567376
13,79.59887160158135
14,79.61800224270675
15,79.12195847515063
16,78.17532201415142
17,76.88596716907178
18,75.30291982554577
19,73.42040251963975
20,71.39039424400137
21,69.4059426576441
22,67.5906507323351
23,65.86591009953555
24,64.27138611151366
25,62.700117315162494
26,61.14488756785782
27,59.710390086722136
28,58.37241784044823
29,57.16066929797758
30,55.93121095553782
31,54.428970588270815
32,52.70837309709099
33,50.81841267664613
34,49.111444938411786
35,47.44044853164992
36,45.66423243109806
37,44.0325938489575
38,42.661759108188335
39,41.560271079734044
40,40.76341746417952
41,40.257671817502995
42,39.84410847572947
43,39.75087054130739
44,39.87722385257985
45,40.09248882282916
46,40.66598375373117
47,41.579251778937845
48,42.70611512104181
49,44.09563318255505
50,45.555023042705315
51,46.98316176178378
52,48.488836061250105
53,49.84770550053755
54,50.993480576266045
55,51.39556936457988
56,51.313293438331556
57,51.24171338249552
58,50.689682269257986
59,50.01426072784672
60,48.956194953864596
61,47.821730091705945
62,46.25030921518794
63,44.624977127843444
64,42.68537691414933
65,40.54795567047357
66,38.58338953180841
67,36.983922545791295
68,35.49444517062312
69,34.275950339348306
70,33.793579006653985
71,33.70468666790332
72,34.277151895766835
73,35.378714296738
74,36.325406873115114
75,37.51478990661676
76,38.75178086330442
77,39.555086430368725
78,40.314127305379
79,41.06107893889126
80,41.745206191656514
81,42.650456215943656
82,44.09058901729357
83,45.722669101229414
84,47.49146491430929
85,48.78908243349463
86,49.63327842038821
87,50.21534280439296
88,50.19541564095991
89,49.68066532432055
90,48.62594441516094
91,47.24541192718451
92,46.07759750660364
93,45.16918696144775
94,44.41623787172849
95,44.21303720505018
96,44.3257851006647
97,44.764257326540104
98,45.53549397792128
99,46.48779270333065
100,47.238116754905946
101,47.767237020272354
102,47.917560576737394
103,47.71846782758805
104,47.03096332724037
105,45.559263330860944
106,43.48114738244679
107,40.966730661070336
108,38.3737091976084
109,35.89035825444401
110,33.74755220802491
111,32.09594083575652
112,31.02644415673094
113,30.542775524971088
114,30.121983815340016
115,30.177812709450762
116,30.711199051151922
117,31.829457421929085
118,33.249672405163736
119,35.13292692487977
120,36.87540347561784
121,38.4695915578782
122,40.02119872486735
123,41.568709941925825
124,43.29494518134723
125,44.99156047000623
126,46.15663732294696
127,46.8954491481455
128,47.38205310884723
129,47.968717400070126
130,48.33425313590676
131,48.48677923223624
132,48.50823712218306
133,48.57833395872208
134,48.86484575179716
135,49.26862194398357
136,49.38842782931923
137,49.166502623857895
138,48.89366177406234
139,48.81422690045369
140,48.82924665860757
141,48.681302082852774
142,48.573765127305435
143,48.853266398137194
144,49.8445899633856
145,51.17897995866662
146,52.795093749491635
147,54.33076793531286
148,56.194352419758914
149,58.32935182158222
150,60.64976544912781
151,62.79565528578922
152,64.93233257187454
153,66.83372694961926
154,68.53060399179843
155,69.9479796471392
156,71.12987696073877
157,72.11505880108606
158,72.92077858334414
159,73.48413753718151
160,74.04436350032624
161,74.74231971011022
162,75.67192722244478
163,76.68619484792856
164,77.59382828228316
165,78.461123081176
166,79.2962596422807
167,79.90062554347016
168,80.32993123851821
169,80.65940852994825
170,80.87508260290257
171,81.06271904637282
172,81.1795079237005
173,81.39625261778936
174,81.69101461580522
175,81.96967678913882
176,82.28933476062899
177,82.41102935050543
178,82.33886669062234
179,82.23317621233107
180,82.03763165845896
181,81.42676723574846
182,80.51696285121754
183,79.27873010472645
184,77.94022423398933
185,76.59032809135243
186,75.11916786519097
187,73.59602303388199
188,72.07219739295871
189,70.61777478109155
190,69.41829730358934
191,68.44181545655906
192,67.57242000575391
193,66.82961518790702
194,66.27391278620152
195,65.90671008306118
196,65.59874766390817
197,65.10346300155993
198,64.54826428290994
199,63.89853224258349
200,63.08020846715249
201,62.28081916374429
202,61.356645100562886
203,60.483761044536074
204,59.6801575145184
205,58.832475993096196
206,57.91649573599169
207,56.92703912118086
208,55.84824764929173
209,54.77101721422916
210,53.65015102850586
211,52.321763941975384
212,50.77917221975497
213,49.20650491730144
214,47.444209149688454
215,45.50766366418326
216,43.4863078437255
217,41.532741964235974
218,39.661829177131665
219,37.9343664811642
220,36.29561694522327
221,34.74585376766134
222,33.30420307283383
223,31.754266981215192
224,30.371254264629624
225,28.985395839392012
226,27.795610229370514
227,26.51679803150382
228,25.4042314193598
229,24.47569992400824
230,23.845364740302532
231,23.662661551636184
232,23.641630011384585
233,23.881561364615507
234,24.37367146605591
235,25.254700927263393
236,26.627141851094358
237,28.23954132182522
238,29.9329852092149
239,31.671684216229394
240,33.565013155564614
241,35.556842860982265
242,37.77256557673948
243,40.319558456326234
244,43.07474566471928
245,45.766070725383656
246,48.16440277269052
247,50.42483219676734
248,52.65026745071785
249,54.76901165531389
250,56.456573497137384
251,57.733972619446234
252,58.935955027504306
253,60.02963436323661
254,60.93609896259687
255,61.79663401291438
256,62.76730923521619
257,63.90036585843203
258,65.16751404248564
259,66.56486481225656
260,68.01494156956821
261,69.49631105494967
262,71.07719081587963
263,72.76479048678748
264,74.67689207662468
265,76.7994741708457
266,78.95083452871042
267,80.83822090254422
268,82.75015689018598
269,84.64522513769472
270,86.60736234781905
271,88.2514043953397
272,89.39432557492691
273,89.78966757292832
274,89.38631981029857
275,88.10833765602078
276,86.0394892527828
277,83.79777406037948
278,81.36867233083878
279,78.78635465841057
280,76.4023340525718
281,74.26309549478421
282,72.89103948595003
283,72.28857691290239
284,72.19365540491198
285,72.11107369296032
286,72.22292617135955
287,72.73197814658272
288,73.22925366498849
289,73.76962352590772
290,74.34099331173117
291,74.88481268170784
292,75.01778005700878
293,75.23306812776181
294,75.49422448140763
295,75.60738131673925
296,75.58582718694558
297,75.58004686944179
298,75.72490124873241
299,75.72173899501118
300,75.84607186507705
301,75.8975286681746
302,75.82068000035704
303,75.69040549379793
304,75.77809866095757
305,76.17865911626035
306,76.93191303933163
307,77.95485181520269
308,79.23981406788498
309,80.57804572971916
310,81.87310741670024
311,83.12177314982327
312,84.20081214575659
313,84.84225838210497
314,85.30819082970842
315,85.37765904536181
316,85.40782143572815
317,85.25789709018352
318,85.19542483713688
319,85.2729713075823
320,85.49697000331936
321,85.99272785277674
322,86.49273945313821
323,87.06308969564215
324,87.89615574713872
325,88.46898240233918
326,89.00212830744509
327,89.12786596318436
328,88.92993531637077
329,88.6998349105625
330,88.1098473373577
331,87.18834105123467
332,86.19067382190644
333,85.01391625061675
334,83.72015845459937
335,82.27184082969569
336,80.68213515483487
337,78.96072792668252
338,77.15122664306766
339,75.622813113903
340,74.33133723426329
341,73.18195575736584
342,72.18199387246507
343,71.40184736839025
344,70.85983534984335
345,70.46479635114385
346,70.30027872509461
347,70.10198868252232
348,69.89844561792752
349,69.94446400302152
350,70.03452072303445
351,69.88078035799327
352,69.63765811455806
353,69.23077690443617
354,68.59876432015187
355,68.10452235225479
356,67.80248481729778
357,67.4670934398142
358,67.05136674603263
359,66.30912162980883
360,65.36089844221425
361,64.56804788553215
362,63.81200184137705
363,62.60328930655552
364,61.04587865376004
365,59.46596651082057
366,57.95392191865216
367,56.88620979363306
368,56.084503559256774
369,55.696373490467586
370,55.674207234701086
371,56.325022585340385
372,57.176253702065836
373,58.26735518256387
374,59.43405109271153
375,60.70045096595754
376,61.80926524135582
377,62.79604363226535
378,63.2938020851028
379,63.409370635534415
380,63.4846803286988
381,63.560301705666376
382,63.566608080891065
383,63.532812020438456
384,63.444148585323205
385,63.33228264187131
386,63.218019144609194
387,63.17225923106833
388,63.0678277385871
389,63.02343057226012
390,62.964582214896495
391,62.947690538736964
392,62.98456268326126
393,63.14916451791689
394,63.004155071858676
395,62.63123450477984
396,61.775472108714204
397,60.46623242865119
398,58.924013718621495
399,57.582283440895665
400,56.073900729702586
401,54.19904429196113
402,52.10949863845412
403,49.69543606398622
404,47.28101813567972
405,44.96016438925743
406,43.15768086330355
407,41.47689840254099
408,39.84308810463199
409,38.308046410311206
410,37.09462217398861
411,36.11646114580965
412,35.24932508918154
413,34.50967580810832
414,33.713311416847304
415,33.05756408076866
416,32.38786102656138
417,31.406905001712094
418,30.05642201160553
419,28.408031988223463
420,26.7124138496875
421,25.051672099679756
422,23.52397028510004
423,22.04648847798765
424,20.95073396701411
425,20.094238224415793
426,19.5992281502343
427,19.40569901344863
428,19.243416133628617
429,18.896361405732243
430,18.53750231258665
431,17.997906729045976
432,17.58288535677877
433,17.296791713893214
434,16.9792595016658
435,16.542545290386265
436,16.28596327465347
437,16.23545451725041
438,16.47872925473808
439,16.99579386214
440,17.750616116036962
441,18.703658330727322
442,19.978274099293877
443,21.55838930212544
444,23.26773318532136
445,25.021124082379576
446,26.999023864108825
447,29.517468208517606
448,32.299033057140306
449,35.60072912056135
450,39.195902835147294
451,43.09187084521843
452,46.89242667039841
453,50.54825760325819
454,53.59860863966654
455,56.410632948981394
456,58.85709409808532
457,61.12893748302125
458,62.9146344694406
459,64.50063212678978
460,66.10578245625439
461,67.80614697829257
462,69.635617216821
463,71.4098303314731
464,73.0309061408822
465,74.44348314301317
466,75.74578365525669
467,76.6605942121497
468,77.33542486123176
469,77.6141131588957
470,77.63508055251197
471,77.65718663745837
472,77.57425414490586
473,77.18581416411382
474,76.26203291944316
475,75.01930585863633
476,73.73563378946838
477,72.47238427714673
478,71.131003688903
479,69.29509751116373
480,66.88977641302709
481,64.43272698851632
482,62.259638803090056
483,60.124260479641386
484,57.98440251421619
485,55.64817110667101
486,53.312578155718256
487,51.50025856487463
488,50.22201076688838
489,49.29256577466664
490,48.794754504596604
491,48.48392472242003
492,48.33433846558186
493,48.27567873602531
494,48.056023142328065
495,47.58557341939605
496,47.32601500698629
497,47.14133731939904
498,46.63037005068094
499,46.287721449759964
500,46.115217161186244
501,46.15384910038677
502,46.76844012375267
503,47.766747688892
504,49.43828277811278
505,51.56710393780634
506,54.261582383674195
507,57.211108349893166
508,60.35250090382971
509,63.346203086483065
510,66.23472707498154
511,68.93673118393046
512,71.43748753670071
513,73.61314556361083
514,75.3881313828308
515,76.85849656372699
516,77.8554026345996
517,78.18672337943322
518,77.99053936103526
519,77.25673249270417
520,75.95956942824024
521,73.89827336268112
522,71.46934835606531
523,68.87783060588603
524,66.3784232695431
525,64.00292289019916
526,61.74894533536531
527,59.55785923440323
528,57.652438476368005
529,55.9663565010821
530,54.375525936480486
531,52.84845752345254
532,51.52565941670312
533,50.321412752259704
534,49.36870442398644
535,48.47169366816743
536,47.84065438521214
537,47.32523353593745
538,46.664368008584205
539,45.91571477325695
540,45.126292763999565
541,44.54393227382735
542,44.2514147058143
543,44.218066047471844
544,44.61704419212591
545,45.57572566812241
546,47.11034868329068
547,48.95651766025683
548,51.110396212464636
549,53.77254903737868
550,56.57897546879888
551,59.34195766901914
552,62.012871354420255
553,64.54813032620439
554,66.83771434787946
555,68.91479067994545
556,70.53369806440813
557,71.67128248709479
558,72.35378223204034
559,72.70203685812527
560,72.44910286410106
561,71.59421543011902
562,70.32883030760608
563,68.7890472452033
564,67.06793020188923
565,65.33633602614708
566,63.66696114751561
567,62.38413380301096
568,61.814701529178485
569,61.793776944446044
570,61.77557255572882
571,62.295355731101324
572,63.40736579528117
573,64.66655555577246
574,66.27916428008375
575,67.92176033854167
576,69.36933217899791
577,70.58888203157402
578,71.64171686510325
579,72.45514440076755
580,73.0791135719795
581,73.57866401097874
582,73.80350416653417
583,73.45744340376427
584,72.75493365495355
585,71.60812036052472
586,70.0624457117112
587,68.3144137436982
588,66.63373497985451
589,64.95149214373296
590,63.285680333592076
591,61.89411557997727
592,60.38871406465207
593,59.074205090112
594,58.073550685214
595,57.29630848325166
596,56.58679242533372
597,55.92940873398244
598,55.60709147984359
599,55.698331218124316
600,56.07549271541476
601,56.77287586928823
602,57.417296010728464
603,58.138064436833716
604,58.436293833225356
605,57.993802644783976
606,57.372157955357025
607,56.456668716258385
608,54.93213399190098
609,53.04907585574686
610,50.875132878676716
611,48.82608238928241
612,47.17176964912591
613,45.90705545944393
614,44.72717801789972
615,43.69368156459207
616,42.60283053863115
617,41.471369082741525
618,40.352800011072105
619,39.19666511506172
620,38.235290557869355
621,37.41470801889253
622,36.745664418298354
623,36.37065080472857
624,36.3277334043639
625,36.86967179388682
626,37.72056829563317
627,38.460848252152495
628,39.49620240727047
629,40.76877786600205
630,42.04532326179452
631,43.0620582068251
632,43.74464522920174
633,44.19307248496805
634,44.7250870235534
635,45.15506453302636
636,45.16994372110375
637,44.70876899310345
638,44.05833809641662
639,43.648782850913896
640,43.38119743658994
641,43.03609634889897
642,42.457914960555584
643,41.72146264296845
644,40.89163830714189
645,39.7119790387064
646,38.04435646324384
647,36.15371913316902
648,34.205472834920165
649,32.29992225753061
650,30.466083930053752
651,28.849756690611127
652,27.251701629413674
653,25.84765829088007
654,24.401265938534102
655,23.0951316297379
656,21.940397157175983
657,20.94850595504499
658,20.192842969965504
659,19.692828459387353
660,19.2709787473426
661,18.97308725272316
662,18.867226176249286
663,18.820341561622538
664,19.02193761363713
665,19.677088010157316
666,20.564575277331684
667,21.568845502380693
668,22.34035249596789
669,23.02961014312881
670,23.869803102290433
671,24.723223952950406
672,25.615797217069122
673,26.99660131105795
674,29.0474732261706
675,32.016838303372786
676,35.41314595823708
677,39.290587603993494
678,43.275247300093646
679,47.371125260201055
680,51.333269978619796
681,54.76323588911436
682,57.811547155748
683,60.57176643817071
684,62.973157213878466
685,65.03908598759884
686,66.95942209374016
687,68.73917367316369
688,70.32157812570341
689,71.59588638667607
690,72.50187631268477
691,72.90868814590766
692,73.05305777313598
693,72.67907414970342
694,71.81419755797859
695,70.6681752878941
696,69.497019230473
697,68.04047903453852
698,66.54624717992121
699,64.95562720635519
700,63.07465871862568
701,60.876232771434964
702,58.86269930916936
703,57.00865924177762
704,55.22870636278625
705,53.31782639161242
706,51.04709102132575
707,48.53660276539219
708,46.39579877992542
709,44.84016612315427
710,43.61984992850104
711,42.70482172767049
712,42.29538557135497
713,42.48657049842418
714,43.358272022241124
715,44.548860713552195
716,45.9821882456624
717,47.74848641860322
718,49.936272402543864
719,52.27836371940621
720,54.71613630435344
721,57.09086278156059
722,59.518660839829565
723,61.952796466063084
724,64.32589808019965
725,66.5282993829538
726,68.56683843285738
727,70.10535735681754
728,71.01455608855757
729,71.33255973985476
730,70.79792202186137
731,69.51967843471388
732,67.5794808115532
733,64.80706185485774
734,61.44509469193822
735,57.71412524048774
736,53.76254669609458
737,50.016192866085916
738,46.70303753323573
739,43.64319450608044
740,40.95864867191028
741,38.62309379618224
742,36.64998042063574
743,35.139811415852954
744,33.710228336494175
745,32.43211076677744
746,31.184723679605803
747,30.34290434010184
748,29.972859561175508
749,29.91966054868612
750,30.240979310468067
751,30.860095688452493
752,31.618023924788474
753,32.72977229151958
754,33.78868347788702
755,35.0284777181983
756,36.4767818311838
757,37.9369265884082
758,39.462605260371205
759,40.84423725401143
760,42.315962333795845
761,43.905604257017046
762,45.60830338950751
763,47.13232528801009
764,48.793669425445145
765,50.52293608811606
766,52.36736113351031
767,54.26585294140252
768,55.83493013252765
769,57.39396470435254
770,58.89371743805525
771,60.02201573722388
772,61.23453350143521
773,62.404393567047684
774,63.629426945756926
775,64.82712806903773
776,65.99077966375438
777,67.25386779081997
778,68.77593575644678
779,70.61227406767836
780,72.91265193919794
781,75.1287449068081
782,77.4093901485576
783,79.86509534634695
784,82.2547130435196
785,84.49032509785602
786,86.56153180916156
787,88.18008111117237
788,89.23144316288244
789,89.72130958649542
790,89.59999299391653
791,88.95686841520957
792,87.86995434466854
793,86.50469721954505
794,84.9608280393815
795,83.14751210800536
796,80.97559909500839
797,78.75062221645375
798,76.8148923321112
799,74.9622215221234
800,73.09273384539003
801,71.04090071137244
802,68.83326196327317
803,66.60335270993922
804,64.25045578774551
805,61.864987785048946
806,59.27975305128973
807,56.46435032683657
808,53.96761654903942
809,51.537454379275445
810,49.32644355814091
811,47.464175120397094
812,45.57161936862907
813,43.62982084111642
814,41.8977557882166
815,40.352714680660675
816,38.791866836489554
817,37.40793126368389
818,36.23324506023255
819,35.474033587815654
820,35.2661604060751
821,35.5018331946398
822,35.898573077494824
823,36.534783489584406
824,37.603605529334715
825,38.713542108671525
826,40.151670636229426
827,41.70007332922568
828,43.61020558080208
829,45.75594746909902
830,47.948382536918885
831,50.115951135836895
832,52.436945993462295
833,54.715451314173784
834,56.89147108124887
835,58.91731946790637
836,60.699481901713405
837,62.482033155555186
838,64.13090452340779
839,65.7823155663974
840,67.53805003753185
841,69.06199340777101
842,70.2189659879947
843,70.880425558917
844,71.09653393757176
845,70.80685829656557
846,69.96316139260865
847,68.67524779282441
848,66.97467745280706
849,65.16483267279544
850,63.3829028948156
851,61.671124897172504
852,60.27194370676742
853,59.38550076912688
854,58.82451161080494
855,58.336451043064855
856,58.52013500227248
857,58.85680566953619
858,59.17572361410628
859,59.63983036503642
860,60.16549036234247
861,60.69116991584857
862,61.075103682811644
863,61.509839883823574
864,61.853430549421866
865,62.51771649439925
866,63.71035029712464
867,65.23351981029472
868,66.80391377558328
869,67.97696358979543
870,68.56803560446004
871,68.78878878655843
872,68.64861190857624
873,67.99549730846459
874,66.92844253635879
875,65.7176918968853
876,64.60880605272001
877,63.59782094363825
878,62.64180804000204
879,61.82108943917945
880,60.967923952181536
881,60.162566586261164
882,59.5741628450335
883,59.36635082974337
884,59.60821910011846
885,60.047525098648585
886,60.56012162495247
887,61.15209726688894
888,61.93974357495948
889,63.11434827720452
890,64.70439567696252
891,66.2595458112851
892,67.64177188234189
893,68.84250049615714
894,69.80942213956698
895,70.40083884317076
896,70.65797839204357
897,70.53230187457225
898,69.96948728662596
899,68.86429503447081
900,67.23371090896174
901,65.5389213792495
902,63.72636414807326
903,61.77636390462492
904,59.64107213877379
905,57.352170340563816
906,55.1319304472416
907,53.03113881615614
908,51.07062975439398
909,49.37953427402224
910,47.81513316409958
911,46.700701191098545
912,45.73114537458765
913,45.12512370855778
914,44.769092498644994
915,44.689751950616156
916,44.40468209170486
917,43.63510852920243
918,42.719874111157715
919,41.62866476751001
920,40.77870146347537
921,40.518990691742346
922,40.76868753672771
923,41.30617180936619
924,41.998545714857386
925,42.79806441777725
926,43.82790445783114
927,44.93640258501474
928,46.092038538254556
929,46.82706403809247
930,47.45723368289529
931,47.89665014535167
932,48.26108826475133
933,48.188204146646854
934,47.63712630628555
935,46.867456155900946
936,46.24737297641165
937,45.801034638871
938,45.75261259123518
939,46.00576880849566
940,46.70017638453684
941,47.91463740475359
942,49.314287779369906
943,50.934365270604175
944,52.57252426601069
945,53.95271575283991
946,54.72342423329209
947,55.20051046583228
948,55.52746824861102
949,55.95099914199181
950,56.23756846839938
951,56.23575039203904
952,55.939848661878905
953,55.68690654890636
954,55.53245639964489
955,55.644140478529344
956,56.090516895939686
957,56.827995978471634
958,57.84581326905439
959,59.48439202718476
960,61.66419028437281
961,64.34781922554373
962,67.46160577782354
963,70.71436115158133
964,73.92953445183012
965,76.92481699024896
966,79.1067456380871
967,80.52237638743291
968,81.19750416192637
969,81.78486532573568
970,81.60793378593415
971,80.9029825512216
972,79.60199883575693
973,78.03915682056174
974,76.26289781114197
975,74.50522889299677
976,72.9293492864544
977,71.78067019088928
978,70.8865991938506
979,70.08660749934667
980,69.26405739745628
981,68.33434016386502
982,67.46969051662647
983,66.48273117945557
984,65.96875730403946
985,65.57398458359549
986,65.28611078973555
987,64.97274221808102
988,64.96187594471961
989,65.21840272384071
990,65.9410807256731
991,66.7245463632019
992,67.49399463820914
993,67.98287560351534
994,68.42954776041128
995,68.59982906737051
996,68.35048776435838
997,67.30097667688545
998,65.831342434825
999,64.13848367316658
1000,62.15833811879052
1001,60.070143411846274
1002,58.00736199303535
1003,56.389763218312396
1004,55.29401713921281
1005,54.882986178401
1006,54.82848164779729
1007,55.23106033357401
1008,55.9750467994634
1009,56.83082162154969
1010,57.55020541288879
1011,57.84346059931525
1012,57.83037087470962
1013,57.58375854471231
1014,57.37860027733069
1015,57.25151631723279
1016,57.167874960134256
1017,57.14982541388657
1018,57.27379694961782
1019,57.446792101762014
1020,57.77702063908482
1021,58.21323563826024
1022,58.80526778176676
1023,59.54952561176753
1024,60.25148078431239
1025,61.088076561587975
1026,61.815914887817726
1027,62.65263899634639
1028,63.5846829934641
1029,64.57638238056867
1030,65.44218362897654
1031,66.23034314996403
1032,67.040738652301
1033,67.74948262246099
1034,68.38620825001385
1035,69.09351703540892
1036,69.79240074882833
1037,70.551927790468
1038,71.59831357537384
1039,72.80127229489409
1040,74.21356696702296
1041,75.60517067832401
1042,76.91794937875966
1043,78.33099492627184
1044,79.70244745694087
1045,80.9400623965737
1046,81.86847520239841
1047,82.6640536786184
1048,83.33932823981463
1049,83.86368266917844
1050,84.24919911902654
1051,84.41368731920333
1052,84.43091829503095
1053,84.27641558771741
1054,84.00763907931164
1055,83.60173447828333
1056,83.15730097889234
1057,82.75866931408943
1058,82.54759312461277
1059,82.49427362589533
1060,82.47564443249455
1061,82.4080655683585
1062,82.07770529995398
1063,81.69174439400116
1064,81.16621147222631
1065,80.67027872073731
1066,79.92170010686391
1067,78.78790730677657
1068,77.33468136058087
1069,75.78970230618843
1070,74.16679580683792
1071,72.5847127863097
1072,71.14438849644287
1073,70.08166110413228
1074,69.48411214226039
1075,69.30402022945883
1076,69.5543751141751
1077,70.14209244841128
1078,71.11601854614649
1079,72.24926211497375
1080,73.36456956703961
1081,74.39394249956686
1082,75.42016689049416
1083,76.31298211060093
1084,77.07737514888102
1085,77.61384549815874
1086,77.9664235615606
1087,78.04954269039163
1088,77.91110142752883
1089,77.83380861829599
1090,77.62471697070404
1091,77.46129274784319
1092,77.28490390022158
1093,76.8046580968045
1094,76.26525792739338
1095,75.59144913992705
1096,74.8440225417874
1097,74.10717452940955
1098,73.10459470877035
1099,72.08782978458527
1100,70.92075312660772
1101,69.73343903044534
1102,68.52338211740427
1103,67.35200192863383
1104,66.53560726561543
1105,66.11452511284422
1106,65.93250134863243
1107,66.12301380302944
1108,66.47615565745694
1109,66.93890092619452
1110,67.43284254209541
1111,68.05602169249929
1112,68.95594654347937
1113,70.09779424643432
1114,71.56141384871148
1115,73.40868643736863
1116,75.33353638611521
1117,77.26867215288732
1118,79.13769460134401
1119,80.82147161693362
1120,82.42663451534776
1121,83.82612394146749
1122,85.32066050539532
1123,86.88847738936437
1124,88.4429286905264
1125,89.81749589507682
1126,90.88421510327191
1127,91.59388427653649
1128,92.05604105376477
1129,92.35328136482133
1130,92.49789184623785
1131,92.502557046007
1132,92.3999597050632
1133,92.20090651128339
1134,91.82182429540698
1135,91.49116216083883
1136,91.10742479704567
1137,90.5556509141575
1138,89.87547314552882
1139,89.18215850477964
1140,88.57897476732785
1141,87.95671233000606
1142,87.5170025373316
1143,86.9699348104964
1144,86.14198533228281
1145,85.17903617645261
1146,84.04829479065017
1147,82.80941979988391
1148,81.46062822008294
1149,79.72574508535456
1150,77.80691102218029
1151,75.81660232607307
1152,73.78008416982634
1153,71.76154435896643
1154,69.44505125094811
1155,67.1295305903164
1156,64.84235739645788
1157,62.49162085901955
1158,60.288318253802956
1159,58.197959603125014
1160,56.23235933271651
1161,54.34453280019543
1162,52.4635706332291
1163,50.650721928926316
1164,49.11153699748531
1165,47.716788417331955
1166,46.531519876769494
1167,45.607085125227684
1168,44.75991017220491
1169,44.21021016788109
1170,43.942949872924416
1171,43.57707017457504
1172,43.052203902038684
1173,42.5350204478138
1174,42.008210394181006
1175,41.83532153669044
1176,42.012673247495016
1177,42.20672775905175
1178,42.4627161059678
1179,42.88713243309189
1180,43.430619344288765
1181,44.060695288416426
1182,44.63858369999651
1183,45.14080000436836
1184,45.642745871324294
1185,45.98209154503557
1186,46.0732891934974
1187,45.99849095022582
1188,45.84238658804411
1189,45.61819854405707
1190,45.32187994665064
1191,45.049571463479424
1192,44.80077839398297
1193,44.55323530853455
1194,44.36173330197587
1195,44.06763436003482
1196,43.550775245395904
1197,43.10110781566004
1198,42.36896444538348
1199,41.48461308872572
1200,40.39716970200724
1201,39.231469543658235
1202,37.902657267126116
1203,36.471000177478665
1204,34.92035925491022
1205,33.532873917438174
1206,32.10039212141152
1207,30.79818962749372
1208,29.503638312872248
1209,28.424464039001258
1210,27.622637240608213
1211,27.102078069728606
1212,26.646573437493664
1213,26.21697158204181
1214,25.880980264329953
1215,25.52250966328388
1216,25.304345051639753
1217,25.359111937376863
1218,25.692528398733383
1219,26.265277013468076
1220,26.9180786511208
1221,27.692944601881514
1222,28.527558230491383
1223,29.33337872938389
1224,30.223078043415697
1225,31.276452306733987
1226,32.31322385549326
1227,33.53333251380114
1228,34.58769704428307
1229,35.43792067052494
1230,36.397011542153045
1231,37.30670663689866
1232,38.0219516896235
1233,38.567887145176165
1234,38.765050783298
1235,38.79401169633227
1236,38.73083965727431
1237,38.35975578889096
1238,37.70681680554441
1239,37.167998470389556
1240,36.71061343809247
1241,36.53870966496857
1242,36.88333690450243
1243,37.73762609003419
1244,39.08701258227305
1245,41.22286933522056
1246,43.69569694618027
1247,46.57014434099948
1248,49.89873171941552
1249,53.36604520115134
1250,56.745639202382165
1251,59.95850911179551
1252,62.85816548232106
1253,65.66077567760627
1254,68.09904654750439
1255,70.5110094091
1256,72.90302556140576
1257,75.27635016138971
1258,77.61005762327913
1259,80.07260783149087
1260,82.5636201867446
1261,85.09741823457716
1262,87.39327046454302
1263,89.37752532767426
1264,91.0078468640136
1265,92.24203449012506
1266,93.02192759443025
1267,93.43802279674263
1268,93.5527168441995
1269,93.28602029645269
1270,92.83515305548477
1271,92.30508557364826
1272,91.72357777774337
1273,91.0433396802635
1274,90.24256393305018
1275,89.3569409874997
1276,88.33942269491175
1277,87.36384005093004
1278,86.1081409502363
1279,84.41657834322727
1280,82.40410711685016
1281,80.2265510754325
1282,77.99809770129244
1283,75.81659614583138
1284,73.45234065478958
1285,71.10131614697197
1286,68.76916935025272
1287,66.75287300190976
1288,65.05029172278583
1289,63.503184903653334
1290,62.08815253558466
1291,60.940728221261736
1292,59.933658883858435
1293,58.95699596120488
1294,58.03653382461267
1295,56.95718943615933
1296,55.8979939098756
1297,54.801107853203106
1298,53.51214262205127
1299,52.149694755835725
1300,50.79904671822782
1301,49.45703483226866
1302,48.26780376454957
1303,47.27892672025166
1304,46.393105407800036
1305,45.654388909810464
1306,45.086492606388845
1307,44.783744023051966
1308,44.69843120444438
1309,44.80569168093824
1310,44.92754543431708
1311,45.03355819975667
1312,45.32774071471729
1313,45.76430675630203
1314,46.34236377190732
1315,47.0764010472357
1316,48.01105640455471
1317,48.95402103182107
1318,49.87137586338637
1319,50.60498674487969
1320,51.179856936171696
1321,51.75730350917409
1322,52.096935428143844
1323,52.16207483297097
1324,52.0291196073772
1325,51.83958012227671
1326,51.573804923127206
1327,51.39593047048008
1328,51.399528288200145
1329,51.47085024509716
1330,51.67091516518124
1331,51.85860346971279
1332,51.74629788993715
1333,51.8575179142019
1334,52.12359906630952
1335,52.50366260391569
1336,53.21516485213748
1337,53.8966739342814
1338,54.783614502310904
1339,55.860634314566724
1340,56.96028424589733
1341,57.83497376071232
1342,58.363927061509095
1343,58.41686068273747
1344,58.195962977504394
1345,57.72029296653061
1346,56.886451478195646
1347,55.64393855994277
1348,54.06582442508724
1349,52.37863617284397
1350,50.77755906049041
1351,49.35014031498272
1352,47.83658414786644
1353,46.1717595329787
1354,44.63521905395435
1355,43.31484687084576
1356,42.220608054414285
1357,41.38672332648224
1358,40.87430116867872
1359,40.768093386780144
1360,40.93808064082362
1361,41.38719522463475
1362,42.00318067588762
1363,42.83482845022602
1364,43.71047691551605
1365,44.65319989249897
1366,45.556848112409
1367,46.31959822016224
1368,46.98319081390756
1369,47.84470699713301
1370,48.7712485846653
1371,49.70165999261406
1372,50.78693037750979
1373,51.86501763352363
1374,52.88994572946883
1375,53.831864083182104
1376,54.637409897737044
1377,55.04827406619358
1378,55.27599977752353
1379,55.18209251950906
1380,54.93784196789126
1381,54.776873033322815
1382,54.777254760460664
1383,54.91355036593697
1384,55.191965273292126
1385,55.67458206946423
1386,56.35003500936787
1387,57.37741927950988
1388,58.45760715863891
1389,59.65666452244756
1390,61.05013565266782
1391,62.561338840072
1392,64.25474565694113
1393,66.22081823468574
1394,68.18998617476167
1395,70.4086915015575
1396,72.80989897214975
1397,75.31707772372019
1398,77.72636533836881
1399,79.91383603815034
1400,81.86845342997134
1401,83.55894635626599
1402,85.09943931714785
1403,86.36085734374892
1404,87.3609445252345
1405,88.15712489195738
1406,88.61976424112123
1407,88.98493853060172
1408,89.5203994865611
1409,90.1566302972359
1410,90.77355414034511
1411,91.40956726483157
1412,92.03731041639176
1413,92.63154736297949
1414,93.24563941889238
1415,93.83460419922648
1416,94.37581179616727
1417,94.94165049042553
1418,95.31664716314177
1419,95.71853984670973
1420,96.05663654556437
1421,96.35266203759718
1422,96.55455851887218
1423,96.45672144365349
1424,96.13421554772953
1425,95.85363541827569
1426,95.2504488826435
1427,94.30974998631883
1428,93.48875939502554
1429,92.90432708448084
1430,92.62508484724944
1431,92.42341607406219
1432,92.13606647327946
1433,91.4545500391379
1434,90.33786907854685
1435,89.28464646288101
1436,88.05245210911463
1437,86.68213891608018
1438,85.2903415886411
1439,83.95265090058876
1440,82.62328961084356
1441,81.61014088790918
1442,80.53194688049683
1443,79.40352048443708
1444,78.44669537135466
1445,77.55280564178284
1446,76.55761608333101
1447,75.27286130083434
1448,73.96635590064496
1449,72.61829802950197
1450,71.20059323411509
1451,69.52789444958555
1452,67.92191159762339
1453,66.26052621269157
1454,64.52919952992042
1455,62.730138518071456
1456,60.900515271027224
1457,58.83893154598009
1458,56.81594155042316
1459,54.72531371606562
1460,52.497214165539255
1461,50.181257166043544
1462,47.98873230426545
1463,45.519136218603
1464,42.95715899669791
1465,40.32725812368874
1466,37.69024305466439
1467,35.434041727539096
1468,33.82207650766274
1469,32.73889892353337
1470,32.112433083164355
1471,32.181219046471696
1472,32.80796826559498
1473,34.23780605657433
1474,36.3849755430533
1475,39.07580315289598
1476,42.15047054348888
1477,45.39091322156809
1478,48.58768851199821
1479,51.514020703944425
1480,54.15073689144981
1481,56.375317612571735
1482,58.31070283994781
1483,60.01634971613572
1484,61.389666829081946
1485,62.41076147713239
1486,63.073306743317886
1487,63.45501096373503
1488,63.47299052545794
1489,62.99336900385118
1490,62.28098509188745
1491,61.22189830703358
1492,59.76847817835285
1493,58.15847990204532
1494,56.285500948545454
1495,54.440534885171765
1496,52.74447748313377
1497,51.09454280309208
1498,49.15596611341068
1499,47.06701446661734
1500,45.07108485946388
1501,43.34092419155699
1502,41.66771277264281
1503,39.79303620036096
1504,37.7413737348057
1505,35.49963352822175
1506,33.11675681026805
1507,30.681115055683772
1508,28.364350304358418
1509,26.26379996837985
1510,24.57533450249185
1511,23.247188264443224
1512,22.192636754277792
1513,21.363788712040318
1514,20.94651703807386
1515,20.94928948763531
1516,21.14202799389049
1517,21.288130524333273
1518,21.41113132134914
1519,21.344416572176996
1520,21.313136635863984
1521,21.253511761478634
1522,21.02280222777639
1523,20.653025844124706
1524,20.322847138767784
1525,20.017988659836394
1526,19.825309392667467
1527,19.679259633034498
1528,19.52695036102004
1529,19.522085789167363
1530,19.762768873418718
1531,20.139833770608753
1532,20.865525061676905
1533,21.65465347974544
1534,22.544262556666766
1535,23.668851823044662
1536,24.820831023142446
1537,26.213261921725728
1538,27.85322761739628
1539,29.27999777262966
1540,30.575664804968945
1541,31.934775754242228
1542,33.32512604649276
1543,34.49775256057473
1544,35.45834330000557
1545,36.3788313153439
1546,37.048351508063035
1547,37.73756823517199
1548,38.30370118512436
1549,38.70927647847988
1550,39.01932804643954
1551,39.14019970137514
1552,39.26603548050526
1553,39.41424108028534
1554,39.797647750797644
1555,40.16791856662689
1556,40.6579467521235
1557,41.37773231402615
1558,42.252844583478705
1559,43.29489781382751
1560,44.24889018367434
1561,45.07248267902209
1562,45.45577862335667
1563,45.642488126194
1564,45.51644966710329
1565,45.26476229015682
1566,44.83340323152482
1567,44.37577100541404
1568,43.737276048260924
1569,42.95551462211335
1570,42.11527892725076
1571,41.246088555223935
1572,40.39915199471825
1573,39.5062035720981
1574,38.70199564902963
1575,37.87850585696759
1576,36.90772613668531
1577,35.949625594487784
1578,34.840046041671926
1579,33.72325111109419
1580,32.57132075450514
1581,31.43090898946998
1582,30.563215219609024
1583,30.09929220781888
1584,29.77019636090826
1585,29.540790838875825
1586,29.537010597720844
1587,29.940615618104882
1588,30.745732937421575
1589,31.736299010876035
1590,32.9239191243958
1591,34.24922783774774
1592,35.561721766085384
1593,36.711634553589604
1594,37.616312394816575
1595,38.49398021401225
1596,39.25755121671248
1597,39.97054758249189
1598,40.38300595504673
1599,40.39685933408844
1600,40.10193592897506
1601,39.539985636351474
1602,39.02283165151395
1603,38.42060520148048
1604,37.763633629850425
1605,37.299787439099795
1606,37.07473228623087
1607,37.40364344064625
1608,38.13238933999309
1609,39.025325042501336
1610,40.20504154885694
1611,41.47260137694854
1612,42.849621978806944
1613,44.55158442063056
1614,46.374044978747186
1615,48.02709927955267
1616,49.69205367117392
1617,51.24316173144206
1618,52.87370694644481
1619,54.75718148998556
1620,56.76845863326865
1621,58.75549053429829
1622,60.87245874167765
1623,62.83062733857106
1624,64.8229517759283
1625,66.91323136960784
1626,68.94836306543603
1627,70.6911125298817
1628,71.9741575709289
1629,72.90041872878845
1630,73.4152197401235
1631,73.34791901211406
1632,73.07146391623893
1633,72.36113910068033
1634,71.28626406746913
1635,70.17512460917352
1636,68.8780824455939
1637,67.55295062389548
1638,66.40447901704232
1639,65.80983707981844
1640,65.86489038962851
1641,66.24761757281695
1642,66.9796670270214
1643,68.08534746594695
1644,69.71349287100833
1645,71.84698233182608
1646,74.13630235209295
1647,76.4573954605861
1648,78.79200037505514
1649,81.06364411593881
1650,83.02115151209352
1651,84.28296466436113
1652,84.86311408523393
1653,85.36784408139327
1654,85.47161475538884
1655,85.2241519415439
1656,84.71176410366606
1657,84.05072459347889
1658,83.17746597558246
1659,82.03109838145119
1660,80.7598015026712
1661,79.59228028587982
1662,78.62349690250076
1663,77.9768263443818
1664,77.71653237968684
1665,77.79771594001747
1666,78.1387629993928
1667,78.54156336587373
1668,78.83337174984672
1669,78.97461331317959
1670,79.1704633684997
1671,79.20199621256393
1672,79.19179765347388
1673,79.22283237468449
1674,79.29500944685122
1675,79.41637767068163
1676,79.69653285437325
1677,79.99878148928948
1678,80.47270238829394
1679,81.02028812725491
1680,81.60508261401418
1681,82.30300533270557
1682,83.09807157654693
1683,83.95441389912482
1684,84.57732338721559
1685,85.00004035208141
1686,85.36588889332705
1687,85.71594502725155
1688,86.01107092849051
1689,86.27485638030988
1690,86.37157846295949
1691,86.31157627263634
1692,86.20579447018734
1693,86.01941347743771
1694,85.86036610352559
1695,85.71170434121188
1696,85.34209088630325
1697,84.66099891347996
1698,83.74546800837163
1699,82.52014993210412
1700,80.83787281787733
1701,78.637990693439
1702,76.02276184717434
1703,73.10267715847314
1704,70.07097661520666
1705,67.42555568383456
1706,65.29405458678247
1707,63.8012353938054
1708,62.83470001188389
1709,62.18277612487929
1710,61.61560234318529
1711,61.47201504512684
1712,61.72976385876585
1713,62.31509437872123
1714,63.05745464714353
1715,63.63971925579179
1716,64.04473803829953
1717,64.49664676784514
1718,65.01636010681284
1719,65.62028063807881
1720,66.1748091467909
1721,66.70163970296171
1722,67.20799660274926
1723,67.69348629128939
1724,68.01159056077023
1725,68.44338562365884
1726,68.72965170605107
1727,68.65631813882518
1728,68.25958695919942
1729,67.77443768569239
1730,67.36574529624673
1731,66.85189188733472
1732,66.0508026441696
1733,64.95936944352574
1734,63.50428884567142
1735,61.957209267657284
1736,60.38177967099472
1737,58.9616662584962
1738,57.61414935262664
1739,56.16016194509644
1740,54.57687788935649
1741,53.09589283470913
1742,51.565554996925016
1743,49.956831497924696
1744,48.32854521834889
1745,46.32793947972184
1746,44.156397025286985
1747,41.82113565231227
1748,39.41757789933996
1749,36.81780450933507
1750,34.3230113483961
1751,31.681329296124083
1752,29.272303976558405
1753,27.193974679568708
1754,25.426827314399286
1755,24.09107760289134
1756,22.98720163093058
1757,22.04460423989464
1758,21.438581023881117
1759,20.964721110189156
1760,20.660770683158514
1761,20.82423270296421
1762,21.191009489345078
1763,21.68563171908051
1764,22.22397526095639
1765,22.777732329346087
1766,23.69791468293088
1767,24.49847333054965
1768,26.025673482446592
1769,27.749401965360807
1770,29.602888115097244
1771,31.49546451313354
1772,33.24857474371735
1773,35.06877562275629
1774,36.73750548296413
1775,38.52711535348706
1776,40.068703797145
1777,41.55498280714034
1778,42.94814292825905
1779,44.06371049788169
1780,45.07261161819452
1781,46.12830512168011
1782,47.3579562789211
1783,48.8469571044738
1784,50.81780704165012
1785,52.84199158970215
1786,55.25761838006272
1787,57.89891071108009
1788,60.5235733976113
1789,63.12223679573639
1790,65.5498591206543
1791,67.74799717518869
1792,69.81644570772437
1793,71.3338463624481
1794,72.119911336059
1795,72.26710603692575
1796,72.30944049697007
1797,72.09463525627122
1798,71.50590169154951
1799,70.66721362574395
1800,69.51440305140959
1801,68.4102911636499
1802,67.35552475070425
1803,66.30308794553645
1804,65.14986756115906
1805,64.01867220225735
1806,62.89351584972805
1807,61.702382376143575
1808,60.58658336869735
1809,59.62204904713155
1810,58.92155194794591
1811,58.61217784813745
1812,58.671440948318036
1813,58.95273042245184
1814,59.508183980460196
1815,60.35361627876806
1816,61.484443707255096
1817,62.87961178777487
1818,64.38655916233172
1819,65.84065831953525
1820,67.28476007329395
1821,68.47784386858996
1822,69.27500224766916
1823,69.85956950468186
1824,70.3681430182829
1825,70.65141444331908
1826,70.89648435659008
1827,71.17153692036763
1828,71.4826932747735
1829,71.74581645525672
1830,71.92965735534838
1831,72.02455976220644
1832,72.03769079569405
1833,71.78985296201897
1834,71.3053959835196
1835,70.6130425055805
1836,69.48021984663146
1837,68.12850470082833
1838,66.57591739444229
1839,64.93087010218571
1840,63.12346204512936
1841,61.38772782813974
1842,59.67538543795695
1843,58.20779422898028
1844,56.839721598392394
1845,55.51505387304541
1846,54.271830320701454
1847,53.196143499624476
1848,52.21088858970908
1849,51.059539368883215
1850,49.747167590020695
1851,48.558608677432126
1852,47.56943866659188
1853,46.66917556764517
1854,45.88635495448741
1855,45.152172928730614
1856,44.719302492326534
1857,44.481271316166186
1858,44.22155041966485
1859,43.9088756122518
1860,43.476351070409166
1861,43.06019751258974
1862,42.760444500522034
1863,42.309613078577314
1864,41.77028965804345
1865,41.069174873088485
1866,40.24697886957684
1867,39.49616116056474
1868,38.797662698311626
1869,38.19391764455975
1870,37.90646273169582
1871,38.02305906410701
1872,38.66534926806922
1873,39.68161618464404
1874,41.005985747624635
1875,42.678696698905796
1876,44.66754722015476
1877,46.794554773082154
1878,48.81089828366359
1879,50.79239383373722
1880,52.439169204178356
1881,53.87186377646214
1882,55.089776876477686
1883,55.92937543657828
1884,56.07247425014083
1885,55.818949712132685
1886,55.33617377603554
1887,54.57865781402922
1888,53.643798038624354
1889,52.84257251643431
1890,51.93796848254917
1891,51.39200935052017
1892,51.11333561549604
1893,50.86437702165327
1894,50.45738093067947
1895,49.99616407375643
1896,49.67723636921054
1897,49.50330654442341
1898,49.40101814492349
1899,49.47358511817942
1900,49.76380440941432
1901,50.54868705427247
1902,51.787253942377674
1903,53.25378358630141
1904,54.680558046569914
1905,56.291220388152
1906,57.98641091700552
1907,59.5053781555197
1908,61.000778179283884
1909,62.329949910373806
1910,63.40785482459066
1911,64.16417446889152
1912,64.44533655290721
1913,64.6376918796465
1914,64.756025693892
1915,64.80081403990155
1916,65.01309166073987
1917,65.08388126546822
1918,65.13280299771243
1919,65.10247686268954
1920,64.94208752439455
1921,64.6659722507383
1922,64.2445810095598
1923,63.58695771132052
1924,63.039342803355225
1925,62.61613579561592
1926,62.1661445423932
1927,61.726312001538396
1928,61.180037208046365
1929,60.37895568547939
1930,59.40669854945588
1931,58.35581823039611
1932,57.347604673713434
1933,56.39272880944257
1934,55.717734925525534
1935,55.355143143881065
1936,55.14536811087864
1937,55.20442519932271
1938,55.25580486626906
1939,55.66826197355302
1940,56.02349820726494
1941,56.3930358671368
1942,56.884366214717474
1943,57.39220305503666
1944,57.734057015373416
1945,57.91256856577335
1946,58.04519297373256
1947,57.86633738303166
1948,57.19798815190064
1949,56.133833190735054
1950,54.707206842189876
1951,53.01597112767068
1952,51.37131914361502
1953,49.628045344253
1954,47.810265547982475
1955,46.26019749194097
1956,44.888262710393796
1957,43.69237821549225
1958,42.81164606715648
1959,42.1528813616237
1960,41.64682819371467
1961,41.241034939091534
1962,41.02871129748299
1963,40.832804832648534
1964,40.50580418550531
1965,39.780661317921265
1966,38.68278475056048
1967,37.752394075635095
1968,37.30619648104222
1969,37.17491207309188
1970,37.48953094721627
1971,38.29675500711565
1972,39.50668256049334
1973,41.05026528788166
1974,43.10796320865059
1975,45.75363294656354
1976,49.10455740269447
1977,52.69403926124566
1978,56.17656567484392
1979,59.4131184753019
1980,62.4077599959518
1981,65.01210775421535
1982,67.23121751103442
1983,68.5766539784869
1984,69.30838562295045
1985,69.28913563508017
1986,68.33513126237999
1987,66.71996682653105
1988,64.77120937777804
1989,62.394176736417265
1990,59.835506877791964
1991,57.440632930813784
1992,55.28778024228983
1993,53.49202680670073
1994,51.945751053074495
1995,50.600491147419675
1996,49.24931959497772
1997,48.29996503908099
1998,47.854476633929735
1999,47.885526909320625
2000,48.170663088929444
2001,48.607614131075046
2002,49.24463800770315
2003,49.95770617874157
2004,50.87325661374834
2005,51.68484826066178
2006,52.335319898143425
2007,52.743252515306025
2008,52.87965178553763
2009,52.50997367211704
2010,51.649603277385395
2011,50.61654524919557
2012,49.43615925745581
2013,48.1140068038504
2014,46.905911560394166
2015,46.15891312056553
2016,45.86468296382672
2017,45.97731063429644
2018,46.33070517460734
2019,47.004374600622775
2020,48.0144732554885
2021,49.12205313834612
2022,50.045491783736225
2023,50.65024542167927
2024,51.20211245330879
2025,52.03645248144189
2026,53.17774794507223
2027,54.20206730650816
2028,55.20688207482587
2029,56.409075334557045
2030,57.466859948359186
2031,58.21524380871662
2032,58.802370722861475
2033,59.172785215740774
2034,59.947337170905016
2035,60.761216115090306
2036,61.41800715845799
2037,61.940097361826545
2038,62.210845103039105
2039,62.2763238159782
2040,62.246021138937614
2041,61.909316912270796
2042,61.33023267612422
2043,60.33043586782736
2044,59.00876479599917
2045,57.58827289918586
2046,56.14004033771997
2047,54.56254929420407
2048,52.98439688242838
2049,51.62886084850031
2050,50.50648038548058
2051,49.73271153537918
2052,49.05953263579096
2053,48.380719373659915
2054,47.78179215882402
2055,47.15258634170911
2056,46.46057632209516
2057,45.45430288976859
2058,44.37012839769944
2059,43.179851966745474
2060,41.85191961643665
2061,40.3209340958069
2062,38.69218530072071
2063,37.06899571493802
2064,35.34945501495803
2065,33.3460051594657
2066,31.397216022284674
2067,29.826848061198753
2068,28.700198415445442
2069,27.751605145216242
2070,26.75863007492192
2071,26.00652957622691
2072,25.915295026723292
2073,26.38113350010377
2074,27.35499633905058
2075,28.547154948358603
2076,29.91220840158362
2077,31.438473155146845
2078,32.81153032064309
2079,34.084794238486076
2080,35.410796949460874
2081,36.76829728369323
2082,38.41056149978657
2083,39.851912311965506
2084,41.22320636030915
2085,42.71446527656867
2086,44.187470512964495
2087,45.961922537569876
2088,47.89061238293574
2089,49.80030270308749
2090,52.06445972984435
2091,54.64182473029672
2092,57.08165878331818
2093,59.391164403798435
2094,61.51599654248917
2095,63.367915575530205
2096,64.86723038782131
2097,65.93876651363698
2098,66.1451693164499
2099,65.53130290584187
2100,64.08543224557151
2101,62.16459980408011
2102,59.93618212363159
2103,57.715054252615445
2104,55.57150606620033
2105,53.93018644415306
2106,52.952279527287736
2107,52.65411025934445
2108,53.071406473533784
2109,53.43445417987851
2110,54.06218718444943
2111,54.909495910638704
2112,55.666773255013155
2113,56.21192969677622
2114,56.668257366707785
2115,56.81793230892205
2116,56.67155639910694
2117,56.208552157144766
2118,55.505390789607404
2119,54.941228075616735
2120,54.15196643257245
2121,53.012346335237986
2122,51.726944592431046
2123,50.32605018138535
2124,48.60224944723221
2125,46.50581066464549
2126,44.206157212003866
2127,41.51748332359748
2128,38.862072659466484
2129,36.3722833477394
2130,34.3444811506537
2131,32.61566541067755
2132,31.220367009141306
2133,30.32587762542574
2134,29.96774973730114
2135,30.28633925116467
2136,31.468809566387176
2137,33.16849996239436
2138,34.963406409048375
2139,36.52376411739066
2140,37.64512171337832
2141,38.65699048030747
2142,39.6761603564336
2143,40.69528377462825
2144,41.83570090795649
2145,43.3178815782052
2146,44.72418837934175
2147,46.39497099484089
2148,48.05182070633077
2149,49.547216736297585
2150,50.43237738998671
2151,50.62452942057752
2152,50.597162641576695
2153,50.44415127072941
2154,50.392012959036336
2155,50.64296028633263
2156,51.20053718952096
2157,52.49706362300607
2158,54.2714719277364
2159,56.50235767675724
2160,58.97892378982544
2161,61.56745011636454
2162,63.94434775661775
2163,66.44614807432737
2164,68.78079749077482
2165,70.95885814634526
2166,72.85377091669154
2167,74.44449222829003
2168,75.64736436150588
2169,76.72595664447374
2170,77.79094788893698
2171,79.03992146722014
2172,80.2139936006707
2173,81.3762091061328
2174,82.51773325102948
2175,83.53245815553728
2176,84.53961268051992
2177,85.14847715724599
2178,85.35992988051312
2179,85.2314703058698
2180,84.8131105843482
2181,84.32670443148763
2182,83.96930610796463
2183,83.71800379436094
2184,83.6775811129812
2185,83.82663384767845
2186,83.84914133383339
2187,83.65983384480737
2188,83.29986764630576
2189,82.58625191019844
2190,81.4777363128417
2191,80.2870019372641
2192,78.80581777713981
2193,76.87617848449145
2194,74.79025939947019
2195,72.50155266110617
2196,70.05983711559777
2197,67.49498830252686
2198,64.76686752263184
2199,61.97940851549843
2200,59.30639855701494
2201,56.96617650890425
2202,55.012204124314664
2203,53.353271568852016
2204,51.94288921339889
2205,50.77720207362889
2206,49.6547407582638
2207,48.46871109772242
2208,47.49780965391717
2209,46.67540558322494
2210,45.8013470244827
2211,44.83935013530726
2212,43.57300513371453
2213,42.09479259550735
2214,40.417703504502356
2215,38.65401130583744
2216,36.890926892142794
2217,35.20558162923938
2218,33.637793096260324
2219,32.28874877252264
2220,31.3812762948796
2221,31.046721499881166
2222,30.91003670784973
2223,30.791120938782385
2224,31.12785247720574
2225,31.54070307772198
2226,31.756798354924978
2227,31.946939687009618
2228,31.927968014286733
2229,31.666757452499283
2230,31.402368714565416
2231,30.88615923930259
2232,30.386790138243732
2233,30.02429191269598
2234,29.862045663784723
2235,29.93263966278807
2236,30.223347221508867
2237,30.692857163369816
2238,31.457684348301086
2239,32.69074366877291
2240,34.25749735317607
2241,36.0970017582901
2242,37.980114776217555
2243,39.832291861707375
2244,41.7134153549256
2245,43.78030824557075
2246,45.896284567178476
2247,47.905481021144375
2248,49.78930502393768
2249,51.43764530100542
2250,52.8579839571161
2251,54.17898924245729
2252,55.11888351311226
2253,55.604177454151696
2254,55.529351471634286
2255,54.888951565595164
2256,53.82606481643148
2257,52.151536334312304
2258,49.917644439157385
2259,47.17019254475494
2260,44.44300615929944
2261,41.59133877055899
2262,38.72793365963458
2263,35.96429079427719
2264,33.14442032397676
2265,30.537288062792765
2266,28.31926162846743
2267,26.51623160365214
2268,25.140046443694068
2269,24.094577523954204
2270,23.264305452447097
2271,22.834838070310596
2272,22.71983140669304
2273,22.89879117549892
2274,23.304467035581553
2275,24.002763754114156
2276,24.802163598217046
2277,25.620318095568532
2278,26.372656609866212
2279,27.117919426513023
2280,27.76629807699575
2281,28.620934606082407
2282,29.612804971895955
2283,30.609165804893756
2284,31.710084426747905
2285,32.975335436365405
2286,34.50285727456583
2287,36.21861292095269
2288,37.895945128782586
2289,39.57718733699013
2290,41.461694703781866
2291,43.73364221187622
2292,45.917164231236654
2293,48.04768705797384
2294,50.107104936185195
2295,52.27976629833419
2296,54.584891614426994
2297,56.72779056439311
2298,58.70700738576644
2299,60.63487861989769
2300,62.49187761677331
2301,64.03694350333157
2302,65.4002139666419
2303,66.37765812435157
2304,66.78632397295644
2305,66.79342953842112
2306,66.26801000061135
2307,65.37869498746738
2308,64.4192937473789
2309,63.287568360481764
2310,62.001187491797246
2311,60.751600674924944
2312,59.36898295973472
2313,57.93203769214529
2314,56.56397149230128
2315,55.235778743988774
2316,53.94643505621238
2317,52.87778047910241
2318,51.89982457241265
2319,50.95513354612756
2320,50.01991901107788
2321,49.202039716372184
2322,48.50288621825758
2323,47.664620892021404
2324,46.62097215886793
2325,45.38398542156137
2326,43.99867694669328
2327,42.50932475652471
2328,40.7598213774429
2329,38.76489403762747
2330,36.62012654464582
2331,34.344824398836145
2332,32.02510490902121
2333,29.72692893454788
2334,27.61735002818642
2335,25.649059197314962
2336,23.83707499092134
2337,22.26064873135889
2338,20.958052577920746
2339,19.80429493356606
2340,19.027108892730233
2341,18.613533165238316
2342,18.443884668350865
2343,18.502870918203666
2344,18.64209297662183
2345,19.005665556182976
2346,19.46939329011944
2347,20.1346441641357
2348,20.92023588077216
2349,21.84883354139249
2350,22.950706044358647
2351,24.288784471821444
2352,25.951172575644705
2353,27.803281919868862
2354,29.755618806970354
2355,31.578216862568766
2356,33.366914628751914
2357,34.99741763703048
2358,36.54907036038723
2359,38.101088707726134
2360,39.78870994727581
2361,41.513786598352745
2362,43.23704017883641
2363,45.03850352783899
2364,46.91226494192607
2365,48.81439568771709
2366,50.80172602938959
2367,52.75879560306805
2368,54.502105131508124
2369,56.32298858516287
2370,58.00089436555103
2371,59.557548570999685
2372,61.03760132983582
2373,62.38530627833653
2374,63.78189905679384
2375,65.50023309635579
2376,67.3321173016409
2377,69.30797551773017
2378,71.24700048748817
2379,73.10506700075612
2380,74.85694543628213
2381,76.41476346821054
2382,77.73953043661028
2383,79.0001728312708
2384,80.01477897508252
2385,80.78836860246136
2386,81.4168924729227
2387,81.75825977931075
2388,81.95413680261001
2389,81.9222447042721
2390,81.72043637593295
2391,81.32815434629936
2392,80.83395901713497
2393,80.19375771639842
2394,79.63678258475763
2395,79.16004232232552
2396,78.44221734328582
2397,77.1848856841745
2398,75.6508827131632
2399,73.91182506908038
2400,72.04703812416997
2401,70.06358716100546
2402,67.82075337872138
2403,65.627390105025
2404,63.49262939749882
2405,61.29575524357301
2406,59.192320379174404
2407,57.06897089441999
2408,55.255177088302005
2409,53.82920748730343
2410,52.764681003382364
2411,52.029597139406704
2412,51.396116486451206
2413,50.9177440598831
2414,50.75674582877917
2415,50.897419672249384
2416,51.34037895079754
2417,51.94216398208129
2418,52.51134917662151
2419,53.28868717708984
2420,54.1262391964474
2421,55.02668403770153
2422,56.146946615436974
2423,57.05283184295129
2424,57.768293881427276
2425,58.33615568012575
2426,58.588722420005766
2427,58.586339619236696
2428,58.53594078603714
2429,58.27470541013267
2430,57.86577820806107
2431,57.40685994059323
2432,56.78434897628465
2433,56.10785211609609
2434,55.592734073206614
2435,55.19100537010907
2436,55.00570936754093
2437,55.04342854638869
2438,55.10665257345555
2439,55.20704071026518
2440,55.3137034704945
2441,55.21232411688008
2442,54.86529824302517
2443,54.34335612097589
2444,53.671213767683696
2445,52.90970489218964
2446,52.13995573666598
2447,51.35939914385065
2448,50.801756572277164
2449,50.49429248304901
2450,50.220144357565395
2451,49.98163548839465
2452,49.94478889186007
2453,49.969230254218736
2454,50.016457374218625
2455,50.176877146044234
2456,50.204549748019716
2457,50.03926636323456
2458,49.87626766342235
2459,49.67294494267281
2460,49.43556243894807
2461,49.196220873971036
2462,48.92773361878537
2463,48.58136719083211
2464,48.20346834364217
2465,47.73339799453827
2466,47.34391918213812
2467,46.917635278749984
2468,46.40824308092631
2469,45.92485182061742
2470,45.641387285661665
2471,45.51855873754062
2472,45.5139691418302
2473,45.62331534145291
2474,45.88713469786422
2475,46.36609352598549
2476,47.04279319544434
2477,47.79380979620248
2478,48.737584058151256
2479,49.96323804380913
2480,51.57521038554524
2481,53.34517757765873
2482,55.245197782972866
2483,57.195926711810216
2484,59.28525879994726
2485,61.43213949468557
2486,63.573126031832274
2487,65.73843749845354
2488,67.8030002143487
2489,69.69689838647356
2490,71.55199705052888
2491,73.32562961510111
2492,75.113446572587
2493,76.60069323065453
2494,77.9498914750864
2495,78.78897305246238
2496,79.29626264945048
2497,79.13474895799975
2498,78.48332601626106
2499,77.07749968151693
2500,75.01067824895979
2501,72.3939386873713
2502,69.32547502193627
2503,66.31099303409496
2504,63.333228295690986
2505,60.566181818839226
2506,58.26599784942402
2507,56.84261788498596
2508,55.604277315924854
2509,55.11080979665424
2510,55.020257285699046
2511,55.1754338457351
2512,55.48970759149047
2513,55.58740155893881
2514,55.46338236438267
2515,54.76955107505904
2516,53.3042799184702
2517,51.59550501952804
2518,49.672048825202054
2519,47.976427268273625
2520,46.55188499181259
2521,45.3292247836131
2522,44.10286633908543
2523,43.07393556730521
2524,42.11844671925477
2525,41.2985563161015
2526,40.88927346740486
2527,40.4489554324646
2528,40.20060487874218
2529,40.51563909976342
2530,41.32389315459726
2531,42.623218749766366
2532,44.26942082488989
2533,46.190019416687534
2534,47.968277603329874
2535,49.35466472058129
2536,50.498202477744684
2537,51.565331456826975
2538,52.68829012783553
2539,53.6931609327382
2540,54.42071940187284
2541,55.015943285086706
2542,55.71993885575435
2543,56.09255706285528
2544,55.85935013389141
2545,55.25306377297536
2546,54.58549818359513
2547,53.36140800569194
2548,51.99068217049971
2549,50.38665307311715
2550,48.55651690068212
2551,46.89450823974041
2552,45.37175454603729
2553,44.0776143678121
2554,43.630189662227366
2555,43.683642107469254
2556,44.19966665947458
2557,45.112316907076256
2558,46.20316191696056
2559,47.346080433460045
2560,48.43413093698027
2561,49.26284169600066
2562,49.597748113779076
2563,49.55652939269748
2564,48.98223378384739
2565,48.482596604147815
2566,47.89312617065872
2567,47.26934178721304
2568,46.624971909636706
2569,45.72520164335296
2570,44.71687084549097
2571,43.398388705354385
2572,42.00060066976192
2573,40.27694350198856
2574,38.55793522965714
2575,36.73990519595897
2576,34.804990065373545
2577,32.74137531530227
2578,30.946801797275228
2579,29.472948330982838
2580,28.43549191915557
2581,27.734474210144533
2582,27.46937890058969
2583,27.231134486125935
2584,27.274093096656546
2585,27.88825909041271
2586,28.983955274059646
2587,30.27759798818166
2588,31.39321179727523
2589,32.161707791084766
2590,32.85210441492549
2591,33.61079499327843
2592,34.45741915853529
2593,35.20277233448441
2594,35.57391448558813
2595,36.23276781987761
2596,37.30968224368373
2597,38.586389335534776
2598,39.78438797457307
2599,40.83809285701564
2600,41.356011964871456
2601,41.474711278976514
2602,41.09828401724206
2603,40.638853477867215
2604,40.52654240234889
2605,41.04499951235459
2606,41.67764201203541
2607,42.719462626905866
2608,43.881443753666694
2609,45.20295842778381
2610,46.410318231994566
2611,47.24828923256959
2612,47.34141757036271
2613,46.75375339055013
2614,45.629891061722205
2615,44.062915910248066
2616,42.3230620855815
2617,40.53406183561417
2618,38.92508923441333
2619,37.756765943228025
2620,36.86372928374437
2621,36.48225911428921
2622,36.15038006686322
2623,36.259444591827034
2624,36.572113843315535
2625,36.93973741106164
2626,37.1098042950476
2627,37.03187396708338
2628,36.68326797493955
2629,35.82901508798471
2630,34.47460433542086
2631,32.77993211143698
2632,30.97882718826479
2633,29.132123821637578
2634,27.086077572321827
2635,25.02047532005339
2636,23.22366221910702
2637,21.70896446351615
2638,20.561642880989133
2639,19.69525039298211
2640,19.04950496500333
2641,18.766401236665256
2642,18.90995311022558
2643,19.26267736605233
2644,19.748053467196012
2645,20.304014013204345
2646,20.973195389318395
2647,21.79645815165305
2648,22.43486280426604
2649,22.893140976524954
2650,23.19213953503582
2651,23.464061598985964
2652,23.651838603559206
2653,23.480254348861237
2654,23.151643276395074
2655,23.007714893028677
2656,23.119252771902676
2657,23.412536374108583
2658,23.779511041461365
2659,24.153224050077824
2660,24.49263853481462
2661,24.81307251480783
2662,25.190209367212084
2663,25.319766422160185
2664,25.190000265375115
2665,25.37005355150336
2666,25.874340219247316
2667,26.583187964519222
2668,27.762763982277953
2669,29.524939265759933
2670,31.93751653160588
2671,35.175929698421875
2672,38.83784053107179
2673,43.078348550837894
2674,47.69107853012909
2675,52.50480501899462
2676,57.10977608851651
2677,61.378666934928454
2678,65.1697358049054
2679,68.46796572178535
2680,71.31746939889985
2681,73.85287226992426
2682,76.11153056782358
2683,77.74713880532478
2684,79.07513172163875
2685,79.89947960983602
2686,80.5016625341673
2687,81.10566708514924
2688,81.27334696902115
2689,81.10528006741964
2690,80.44249610794179
2691,79.40244311301028
2692,78.00747321386203
2693,76.10137479935568
2694,73.92848386093634
2695,71.52054220829002
2696,69.11857007473586
2697,66.8052975094984
2698,64.61388325590437
2699,62.67954593377096
2700,60.9079015272729
2701,59.48854295910531
2702,58.230077833226105
2703,57.03748678940398
2704,55.83367409772707
2705,54.8827062656854
2706,54.23162833939795
2707,54.08645700750284
2708,54.41892095544145
2709,54.926684071328864
2710,55.48435281780662
2711,56.18888790499044
2712,56.938496052709674
2713,57.51062570667836
2714,57.864001278702446
2715,58.01352287139581
2716,57.81746684641574
2717,57.69231696019921
2718,57.713039024388166
2719,57.84633705527708
2720,57.84906542980808
2721,57.70017611772016
2722,57.068310302919656
2723,56.01388643091777
2724,54.71667085920862
2725,53.01657653679251
2726,51.05079041155981
2727,48.603209003580254
2728,45.63087738331654
2729,42.565296367204766
2730,39.47867047184475
2731,36.329659558458
2732,33.290027580680274
2733,30.467106426902944
2734,28.0689790899854
2735,26.08493045783762
2736,24.35880814786905
2737,22.78639467794345
2738,21.437627622896446
2739,20.220884720634636
2740,19.355128392510036
2741,18.792442164355958
2742,18.578363314768836
2743,18.53318779455311
2744,18.54148647476349
2745,18.65009723225658
2746,18.91372977417175
2747,19.237339648728216
2748,19.66800453095458
2749,20.39851746692088
2750,21.533968702927943
2751,23.00438111961902
2752,24.80134140229443
2753,26.711057416392478
2754,28.801381144291998
2755,30.984480813579644
2756,33.134394064133524
2757,35.33077026099398
2758,37.5290369794933
2759,39.71745095477435
2760,41.965322956663016
2761,44.36930616912764
2762,46.824843256643426
2763,49.24126962155701
2764,51.45548472802852
2765,53.35965011166135
2766,55.05275499701502
2767,56.521621525924004
2768,57.9079303135272
2769,59.147798119053164
2770,60.35622728847245
2771,61.51635034811747
2772,62.524343914019724
2773,63.62874676744777
2774,64.86040183401747
2775,66.1495953986493
2776,67.58187379967414
2777,69.04368290617408
2778,70.3213562348642
2779,71.46831232093426
2780,72.35212800515721
2781,73.08262510085663
2782,73.7263019032791
2783,74.17388415639864
2784,74.17869367291534
2785,73.66823630965408
2786,72.81197565828077
2787,71.58197006253333
2788,70.36346298073012
2789,69.1096321171982
2790,67.83965771158488
2791,66.6659930678964
2792,65.41803571560716
2793,64.33231281911553
2794,63.39943140000605
2795,62.707695305209626
2796,62.08351515019479
2797,61.32169126285702
2798,60.267373767417574
2799,58.932175002585105
2800,57.40964979859005
2801,55.7995262412613
2802,54.362239100869395
2803,53.105368571723574
2804,51.972612546880235
2805,51.04882014153219
2806,50.38982462282192
2807,49.86219179935516
2808,49.46156844418313
2809,49.405903496334616
2810,49.57794043458494
2811,49.82563427073071
2812,50.27904323747171
2813,50.68138679629109
2814,51.05556732310886
2815,51.505942503486914
2816,51.916397260643755
2817,52.055371605409405
2818,52.02432861771877
2819,52.13938588583825
2820,52.498088235729895
2821,53.38062450392312
2822,54.78385420996948
2823,56.58167561252879
2824,58.51971257713316
2825,60.72880223169598
2826,63.2165547333309
2827,65.59559352369078
2828,68.09231141803366
2829,70.4805477116867
2830,72.81401827615569
2831,74.93401006673639
2832,76.74413015791603
2833,78.01867355662915
2834,78.82977773514146
2835,79.36999557903638
2836,79.72296265551695
2837,79.79490054479554
2838,79.71160786893928
2839,79.38447293098922
2840,78.99629016811686
2841,78.66118935827376
2842,78.2512838581265
2843,77.65832496511908
2844,76.89204265579528
2845,75.70259009027913
2846,74.24202512870387
2847,72.3718685432915
2848,70.08330229609912
2849,67.51986134611874
2850,65.28966771963582
2851,62.86211384072013
2852,60.520104800382384
2853,58.42052186763979
2854,56.393245310305524
2855,54.601205281159395
2856,53.1139730798152
2857,52.327729457761635
2858,51.99917897143739
2859,52.01480597911749
2860,52.59398139184811
2861,53.592127712290086
2862,55.16230663765121
2863,56.879702972559244
2864,58.428106877856166
2865,59.85447932939579
2866,61.489136051229565
2867,63.16807272017843
2868,64.9327168676164
2869,66.6477556197021
2870,68.41021231412672
2871,70.04584995872395
2872,71.64929919949904
2873,73.25460633217023
2874,74.87707746467991
2875,76.29909520485465
2876,77.65455363554264
2877,78.674567670404
2878,79.31141679834455
2879,80.04100331030656
2880,81.02727431243986
2881,81.70237110542661
2882,82.52476239398305
2883,83.04387573586024
2884,83.40752026020327
2885,83.69190050029488
2886,83.65067301380108
2887,83.25577050271727
2888,82.6191120855074
2889,81.3570441518618
2890,79.87636656409839
2891,78.21676900814187
2892,76.53512515871242
2893,74.97070158242963
2894,73.52390443085895
2895,72.10104402510689
2896,70.95931679739246
2897,69.76960273658068
2898,68.43377465212073
2899,66.77800676375085
2900,64.96345045799089
2901,63.18821385844535
2902,61.6278057397993
2903,60.225381853948434
2904,59.039116889789526
2905,58.234585288513834
2906,57.86977822526711
2907,57.55239608024246
2908,57.58784122423023
2909,57.92327681828211
2910,58.472857804591335
2911,59.00182773823407
2912,59.45523625108696
2913,59.858406978521415
2914,60.36562169137937
2915,60.94110667833976
2916,61.66760362425956
2917,62.3540441755805
2918,63.128938061681296
2919,64.16721103819032
2920,65.19756879284861
2921,66.32734183791335
2922,67.57039564958293
2923,68.82416862221024
2924,69.92310333653145
2925,71.10423177385361
2926,72.29995364815424
2927,73.53549302164653
2928,74.49201140417922
2929,75.10573283282407
2930,75.36461040824517
2931,75.45791536074873
2932,75.49800210616743
2933,75.45996737058351
2934,75.46031659346718
2935,75.4131946242866
2936,75.2982565818101
2937,75.13275198907216
2938,75.05451912541945
2939,75.03598243610514
2940,75.05001191364182
2941,75.16674225571973
2942,75.10506312901485
2943,75.16307481311472
2944,75.33421344249153
2945,75.75691071386746
2946,76.22950845003045
2947,76.74243171691079
2948,77.14658078728286
2949,77.44617124637658
2950,77.62752439062703
2951,77.69917498786982
2952,77.51524778121556
2953,77.20531247787845
2954,76.62166618291081
2955,75.77163127108284
2956,74.80091458466218
2957,73.77021216948263
2958,72.56822640770169
2959,71.2892207489191
2960,69.99411816195393
2961,68.78433222784047
2962,67.32542121829056
2963,65.46741268362076
2964,63.850945258458054
2965,61.897265495465135
2966,59.634058580421296
2967,57.22858666196976
2968,54.615196950704146
2969,51.99316399410678
2970,49.58331333576239
2971,47.69039462205683
2972,46.150972652291
2973,44.794905637348045
2974,43.68897216093002
2975,42.65704428157294
2976,41.69416277919587
2977,40.59423847098054
2978,39.674458122084914
2979,38.8845682467176
2980,38.22853726698023
2981,37.8279120701579
2982,37.503840071705035
2983,37.44340856701073
2984,37.51040260981992
2985,37.46902857124671
2986,37.07465181012668
2987,36.84535217478981
2988,36.34860660096732
2989,35.55595283202281
2990,34.25213022179406
2991,32.62311970517092
2992,30.942869583822535
2993,29.176642901505456
2994,27.215748796481417
2995,25.31893178530908
2996,23.635937675917464
2997,22.262692905933996
2998,21.090336657886205
2999,20.12603497204009
3000,19.46635590660744
3001,19.34679695676436
3002,19.96285452214395
3003,21.023585472215046
3004,22.26744897269556
3005,23.923902286350415
3006,25.611042322583305
3007,27.489732880356833
3008,29.48030510239041
3009,31.301222172573752
3010,33.10133320346069
3011,35.12368739596274
3012,37.25961443889567
3013,39.60234568047257
3014,41.9647419055528
3015,44.380664409200314
3016,46.768004292297036
3017,49.16003856806808
3018,51.39509932734938
3019,53.32173963838405
3020,55.11010267047575
3021,56.665978508395526
3022,57.975273490822154
3023,59.09379996019054
3024,59.976539840642126
3025,60.76399802929739
3026,61.47625576365065
3027,61.97117328887038
3028,62.521481247025775
3029,63.194279270109725
3030,63.98578203871877
3031,65.03275592832615
3032,66.5500435104764
3033,68.24800508542639
3034,70.07053897909256
3035,71.964270675546
3036,73.81352661591096
3037,75.4374895470913
3038,76.69480246077433
3039,77.40999845349239
3040,77.59524825071857
3041,77.10474304711806
3042,76.14338239628954
3043,74.54096443749225
3044,72.57869212415649
3045,70.16749146128447
3046,67.51001549533161
3047,64.64569763134861
3048,61.83750653339973
3049,59.15872025533551
3050,56.516878211595476
3051,53.816916191618084
3052,51.08244566632341
3053,48.509329635490374
3054,46.25327093891161
3055,44.153582386752525
3056,42.36614839664949
3057,40.97011759069444
3058,39.86402634004238
3059,39.17993110963358
3060,38.678371375396644
3061,38.27557837874281
3062,37.95122982005267
3063,37.682830260882824
3064,37.49999263379672
3065,37.24408913885495
3066,36.87521423428888
3067,36.58754362696234
3068,36.46073315158505
3069,36.52868621929063
3070,36.78212298596712
3071,36.942243111934516
3072,37.13546762253832
3073,37.24593821063262
3074,37.24503123549651
3075,37.07918678030044
3076,36.754497108814874
3077,36.02808345912322
3078,35.39610358389149
3079,34.64259245253919
3080,33.71505342971837
3081,32.74119976312904
3082,31.64700039520307
3083,30.42346887607408
3084,28.840481097023225
3085,27.19064483381551
3086,25.778498483504023
3087,24.506463791667613
3088,23.755933011904943
3089,23.201548698615877
3090,23.05197699411231
3091,23.344468243128407
3092,24.079412155476895
3093,25.0539098023316
3094,26.265980714585172
3095,27.342875472913406
3096,28.354481780108866
3097,29.24367268948691
3098,29.872816654584465
3099,30.254121639738766
3100,30.65502143502809
3101,30.98658604662807
3102,31.47139506134236
3103,32.14746347450765
3104,33.01462654802771
3105,34.32653271651023
3106,36.130422893730135
3107,38.22689381516633
3108,40.35160836225959
3109,42.74816499964614
3110,45.12275629647873
3111,47.48743914538887
3112,49.59015687181116
3113,51.41538136863344
3114,52.80693856260891
3115,53.97884576791748
3116,55.250481051688105
3117,56.327199271264014
3118,57.27949789001099
3119,58.29644662599836
3120,59.335441783059125
3121,60.26068615600449
3122,61.02343064602368
3123,61.51086534482064
3124,61.63181156400501
3125,61.08493981834299
3126,59.67504269995216
3127,57.72043694396839
3128,55.25726481265356
3129,52.66472138086144
3130,50.02279490154292
3131,47.53978513301687
3132,45.53355870605114
3133,44.13334266232127
3134,43.18590695623425
3135,42.361637891938535
3136,41.735919782826045
3137,41.17395591876328
3138,40.66089580003883
3139,40.2097627031692
3140,39.90342517432247
3141,39.62539913778759
3142,39.0777598343921
3143,38.181241998811004
3144,36.98289864876119
3145,35.575676831314745
3146,34.09454830656011
3147,32.459004541673075
3148,30.55122763608065
3149,28.271989670941807
3150,25.93819298190231
3151,23.669699731337538
3152,21.692145545533045
3153,19.933317577232025
3154,18.580714757785056
3155,17.633718720559184
3156,17.077443216293183
3157,16.725288576303967
3158,16.613430244896026
3159,16.713763397710576
3160,16.891149263979127
3161,16.783579472565375
3162,16.60973107351894
3163,16.324497179260565
3164,16.079324913472476
3165,16.03937323960122
3166,16.148012236346236
3167,16.620601996209807
3168,17.424940176989175
3169,18.45370967480952
3170,19.617717168937077
3171,20.809102733605755
3172,22.24244113455407
3173,23.80672747133179
3174,25.48336350441028
3175,27.21974149730171
3176,29.11768335094662
3177,30.93182471342614
3178,32.542314955297456
3179,34.04218668985918
3180,35.25698001137701
3181,35.97236587392989
3182,36.17660545322151
3183,35.86622747936131
3184,35.088627202100916
3185,34.305341536350824
3186,33.305282272423185
3187,32.06815517917285
3188,30.843543614054994
3189,30.07906754839373
3190,29.840281765160597
3191,29.906506844299862
3192,29.964122663151024
3193,30.21760247212125
3194,30.536370063523705
3195,31.26780267353201
3196,32.45165732696117
3197,33.781299091100415
3198,35.1339813969262
3199,36.60884008688289
3200,38.19617515892253
3201,39.890454037122495
3202,41.6427735093625
3203,43.04255663857342
3204,44.55579157647419
3205,46.231101205834285
3206,47.96951227143511
3207,49.58216316579874
3208,51.20718354766223
3209,52.838383165464634
3210,54.52917099909894
3211,55.94535589561049
3212,57.03095389889761
3213,57.78997821068102
3214,58.623046112391464
3215,59.17272802179978
3216,59.03164939684471
3217,58.43964454365732
3218,57.61021721192862
3219,56.83905773183174
3220,56.0502020028354
3221,55.02730394848704
3222,53.67023972480778
3223,52.247878045606015
3224,50.74596944595217
3225,49.56881015988576
3226,48.83007861464097
3227,48.622295250185665
3228,48.72211247746824
3229,49.277473422933696
3230,50.13245659151578
3231,51.281657721037185
3232,52.992896788511885
3233,55.20734904944698
3234,57.633688914462624
3235,60.25998350368399
3236,62.89765485623791
3237,65.55360150098255
3238,68.14990680551901
3239,70.4902086250011
3240,72.47689057329107
3241,74.05106118415799
3242,75.27145542885522
3243,76.18615119776337
3244,76.46252897509589
3245,76.2116032250715
3246,75.63756121834143
3247,74.80420209779845
3248,73.67108029306806
3249,72.6852643229526
3250,71.32480193062719
3251,69.64951677766351
3252,68.0339147993315
3253,66.75228760829079
3254,65.63763842927712
3255,64.70220625154354
3256,64.06157172379379
3257,63.735706796604205
3258,63.49956864208032
3259,63.01319698176998
3260,62.60161137355704
3261,62.014768900450065
3262,61.379286096515
3263,60.51669147698905
3264,59.227724768033674
3265,57.449206013372404
3266,55.40719521200907
3267,53.21951027123524
3268,50.83063247204522
3269,48.386732403273264
3270,46.24761368150962
3271,44.40096767698486
3272,42.89350652613696
3273,41.85145201991457
3274,41.12496350400002
3275,40.535962960269416
3276,40.19366892114013
3277,40.27903739715413
3278,40.58437603720042
3279,41.20141902951417
3280,42.00494659931582
3281,43.26125188085557
3282,45.10337955681581
3283,47.44438139121715
3284,49.98391245187557
3285,52.80467513490875
3286,55.68669254084304
3287,58.67458446927787
3288,61.76696717366247
3289,64.64929586105862
3290,67.26792529598335
3291,69.59388564207516
3292,71.45222497336945
3293,72.9456148161042
3294,74.13622557986534
3295,74.96094219459295
3296,75.3419326310157
3297,75.13227902773178
3298,74.57619901380836
3299,73.55549350012737
3300,72.17229612126489
3301,70.70327100826319
3302,69.12000188424325
3303,67.53118530164407
3304,65.90147934859216
3305,63.97930366840913
3306,62.30701082664989
3307,60.67644381795984
3308,58.98877366355719
3309,57.00021707137767
3310,54.89639152411327
3311,52.89759037709545
3312,51.00652770724572
3313,49.48738733757818
3314,48.2247007699532
3315,46.91540557669297
3316,45.74563325473935
3317,44.78621791614445
3318,44.20875785360074
3319,43.99727639900647
3320,44.026955132256056
3321,44.24520410602701
3322,44.500579674190156
3323,44.72489558119783
3324,44.81090812195265
3325,44.93559766893122
3326,45.13208023975705
3327,45.35508644940063
3328,45.78690654881297
3329,46.57988914125555
3330,47.76196553665
3331,49.135163879544294
3332,50.56275625126503
3333,52.3581812243026
3334,54.560418890879134
3335,57.09876462532157
3336,59.719744849499335
3337,62.29300976207646
3338,64.80664022453685
3339,67.3300290345613
3340,69.70812498297784
3341,71.73916011037281
3342,73.71101320448078
3343,75.68173473567215
3344,77.60534664977763
3345,79.46926777483594
3346,81.20398388796758
3347,82.63023935462782
3348,83.80504344073145
3349,84.73150550400153
3350,85.40511611356514
3351,85.63068607691433
3352,85.34460233288137
3353,84.31439363823017
3354,82.46726301187007
3355,80.22473985526165
3356,77.64976451769867
3357,74.80662120143505
3358,71.95798633529199
3359,69.33717507253054
3360,67.21971405523122
3361,65.29319223261068
3362,63.82536806552865
3363,62.548361040167286
3364,61.14416596330456
3365,59.644036195432136
3366,58.040909396678195
3367,56.37612044550342
3368,54.55939112764838
3369,52.84909693732674
3370,51.078861355238146
3371,49.243959620643075
3372,48.16589433474781
3373,47.543161857443145
3374,47.31756111130208
3375,47.38979717708871
3376,47.64851818020158
3377,47.43532661846336
3378,47.32220356727253
3379,47.51259289049924
3380,47.78294401238065
3381,47.83789021100502
3382,47.75426236784603
3383,47.66609630014039
3384,47.89019427853455
3385,48.65519026081515
3386,49.74612137005194
3387,50.90608308980054
3388,52.548551263724875
3389,54.08190221723196
3390,54.99561142735606
3391,55.534486843306084
3392,55.94807100276873
3393,56.261098512262734
3394,56.5518818953891
3395,56.68509521597482
3396,56.66633723778125
3397,56.539145615970774
3398,56.6984387189927
3399,57.20582922912759
3400,57.843341303624804
3401,58.591574959711636
3402,59.96712898623162
3403,61.49829467562037
3404,62.99372097781054
3405,64.50677369811864
3406,65.46829694156735
3407,65.81688326884357
3408,65.60211698985816
3409,65.23815024007595
3410,64.74604439918227
3411,64.17665606924174
3412,63.49806604981154
3413,62.45663719444975
3414,61.20117240499639
3415,59.67503498379186
3416,57.71339036900082
3417,55.40281548130107
3418,52.80946412687961
3419,50.07016974901754
3420,47.68698364027753
3421,45.181343121296415
3422,42.70019924194026
3423,40.364892955635106
3424,38.24364697618422
3425,36.36110411585659
3426,34.819051386240794
3427,33.32060765336958
3428,31.74359848168499
3429,30.37674253988975
3430,29.06232276569125
3431,27.72593702918508
3432,26.783760616386193
3433,25.996991241135323
3434,25.48071521642882
3435,25.214678325950825
3436,25.036549764506148
3437,25.06298291532479
3438,25.14095927879894
3439,25.1829939702883
3440,25.32088522190043
3441,25.475106842084013
3442,25.66547619383541
3443,25.97134645631452
3444,26.38447974752626
3445,27.00209946452438
3446,27.824205742742333
3447,28.56332400915517
3448,29.41440863371581
3449,30.269636867742676
3450,31.341291148996277
3451,32.46957317474741
3452,33.82939633591374
3453,35.21924972709179
3454,36.50812512323383
3455,37.62871694833588
3456,38.718750803623536
3457,39.876080559307255
3458,41.218438132640976
3459,42.76638596022964
3460,44.56322003934765
3461,46.303283369645314
3462,48.10867417653941
3463,49.77748653303642
3464,51.06037505616815
3465,52.03113191922233
3466,52.46388778898268
3467,52.21422234450244
3468,51.40706127473816
3469,50.14715660428648
3470,48.525183538177394
3471,46.65629127121427
3472,44.532818990367396
3473,42.175068408874374
3474,40.063624591792475
3475,38.16567526583402
3476,36.21403096379523
3477,34.516100421021484
3478,32.86054986245178
3479,31.224971479774734
3480,29.697957415864224
3481,28.13680113429928
3482,26.41568892806291
3483,24.541971657860557
3484,22.776560943450807
3485,21.138389487348796
3486,19.87599943824524
3487,18.933711162922915
3488,18.377548725018315
3489,18.286377325899235
3490,18.49333664934284
3491,18.91984025368947
3492,19.516889668237866
3493,20.376568164427766
3494,21.337053422630536
3495,22.37295220166672
3496,23.73900803270312
3497,25.345976912540344
3498,26.914088125135905
3499,28.507350171028104
3500,30.14062358300817
3501,31.821457574093
3502,33.462915296551444
3503,34.9028905724309
3504,36.16925625646029
3505,37.347255736773036
3506,38.51718141626078
3507,39.64167640260805
3508,40.65337138163609
3509,41.72498498707552
3510,42.76262184659378
3511,43.96522668809738
3512,45.195040750168225
3513,46.26766681852442
3514,47.14842408320201
3515,47.71271432304056
3516,48.13968726232711
3517,48.81205472359792
3518,49.631038357646915
3519,50.45552424470607
3520,51.12268413953949
3521,51.56864982848856
3522,51.74892009239937
3523,51.90371011534724
3524,51.82421910800288
3525,51.33873499391503
3526,50.48421706768538
3527,49.210429668290836
3528,47.68584467442241
3529,46.034624549325834
3530,44.34050316983281
3531,42.642704482630755
3532,40.93689701759856
3533,39.3129103386041
3534,37.90004192787892
3535,36.757464961327784
3536,36.2271293889508
3537,36.05201099169614
3538,35.75525210533883
3539,35.74901717663752
3540,35.95407626814354
3541,36.13866017298329
3542,36.18847449158244
3543,36.19764607937124
3544,36.33884922181571
3545,36.44694581558418
3546,36.45305378037815
3547,36.34127279818486
3548,36.249921330883495
3549,36.38918537896977
3550,36.78821033468314
3551,37.36284808848779
3552,38.05152697699186
3553,38.56331951151697
3554,39.21067499101013
3555,40.18067008638005
3556,41.3618674918551
3557,42.65065788449736
3558,44.10129698195925
3559,45.222389759843985
3560,46.12300296961838
3561,46.69941301306759
3562,46.89337490874086
3563,46.79822405542695
3564,46.27418025474197
3565,45.50324364124688
3566,44.31568988145786
3567,43.02836112048712
3568,41.84496425634942
3569,40.421195448686504
3570,38.905709283215714
3571,37.537956531148204
3572,36.43332179898784
3573,35.517169782861416
3574,34.48312488890285
3575,33.23603084112333
3576,32.06393699372371
3577,31.121210423772816
3578,30.4159569945531
3579,29.72479442751093
3580,29.39948174960414
3581,29.773570611396
3582,30.925684229673536
3583,32.67516768701378
3584,34.96927352012726
3585,37.538682881723005
3586,39.94499924915189
3587,42.14190168062488
3588,43.893557823470914
3589,45.13547934965568
3590,45.74085964959722
3591,46.267540510546354
3592,46.45103661499593
3593,46.36619992400327
3594,46.10602869794093
3595,46.043542764311454
3596,46.18626808769426
3597,46.507471092991004
3598,47.13014091429149
3599,48.052044007321506
3600,49.30362277267688
3601,50.661889076877664
3602,51.9835796483651
3603,53.41651765786697
3604,54.84304565705111
3605,56.21944996980508
3606,57.45401758648792
3607,58.676094701701956
3608,59.96481800982377
3609,61.1691239838393
3610,62.152147970398296
3611,62.99367995294395
3612,63.67486697605551
3613,64.10196318152846
3614,64.20122881296238
3615,64.09315112485291
3616,63.85334964404265
3617,63.263550182193214
3618,62.49481052341251
3619,61.80453421804874
3620,61.097996711662404
3621,60.349061843459616
3622,59.53265677240241
3623,58.512733853784745
3624,57.37818762985833
3625,56.060511526514276
3626,54.47899653828599
3627,52.77710289513181
3628,51.0729426356734
3629,49.41344288480225
3630,47.69405256456849
3631,45.855458760974756
3632,44.08640137074299
3633,42.33591495531452
3634,40.51092282387015
3635,38.63389976829759
3636,36.78341759220489
3637,35.271065660516165
3638,34.15901720057998
3639,33.50790514341981
3640,33.28759155320425
3641,33.423529513616096
3642,33.79752848529647
3643,34.59125293692244
3644,35.55213302675374
3645,36.693569109728806
3646,37.878043263404635
3647,39.1821720376307
3648,40.31676407120738
3649,41.82547898464875
3650,43.37771557920251
3651,45.03987767874806
3652,46.71794787229422
3653,48.18300389693321
3654,49.406452137549444
3655,50.24404624565344
3656,50.096599508346586
3657,49.241205271958535
3658,47.77538583592381
3659,45.97602628791953
3660,43.79023081110893
3661,41.46474772010828
3662,39.47691885152553
3663,37.954649558521105
3664,37.04957755658274
3665,36.76958792413488
3666,36.88362260563512
3667,37.32661596283731
3668,38.13374677990891
3669,39.20325737022699
3670,40.655936762732594
3671,42.32210055168382
3672,44.2354106368977
3673,46.52616454427412
3674,49.118922153985984
3675,52.03075507922863
3676,54.85548528678809
3677,57.66302519673564
3678,60.291561793428286
3679,62.83660975468317
3680,65.1142759044243
3681,66.85055718799538
3682,68.00727547410477
3683,68.76807792700465
3684,69.07284446896429
3685,68.76856353905698
3686,68.07091683650523
3687,67.11948108271017
3688,66.27698191461471
3689,65.24848710020787
3690,64.15798684882357
3691,63.595840054273815
3692,63.614289067705556
3693,64.08888621528868
3694,64.73962499280657
3695,65.22562886368226
3696,65.45780774205824
3697,65.62336215870887
3698,65.69853207028245
3699,65.63541112191942
3700,65.4746803824882
3701,65.34705717960007
3702,65.25049580743448
3703,65.53811049699544
3704,65.81559139937436
3705,66.05699978444402
3706,66.24405583973166
3707,66.3819109407407
3708,66.53178912770059
3709,66.58076063780479
3710,66.50722308525052
3711,66.22290552975089
3712,66.01354616129832
3713,66.02190651667968
3714,66.057269950003
3715,66.2910329704455
3716,66.44716680614201
3717,66.66395452777233
3718,66.95813993223233
3719,67.35994630472857
3720,67.68801105688526
3721,67.80658448741224
3722,67.72258804911294
3723,67.33997252851914
3724,66.79398697560296
3725,66.04509403667828
3726,65.07040635070666
3727,63.582310167714
3728,61.829740986355496
3729,59.88820583856456
3730,58.01430901778112
3731,56.3746127982136
3732,54.72912425224331
3733,53.1020601500506
3734,51.62004770640485
3735,50.293854824771394
3736,49.19996806121113
3737,48.201620273795655
3738,47.25116464310674
3739,46.38083127274537
3740,45.610533795233
3741,45.08315927634179
3742,45.033005201271365
3743,45.45718265759275
3744,45.97129916038286
3745,46.44788111865187
3746,46.8718564885187
3747,47.17052463096653
3748,47.3246384276408
3749,47.27922201645849
3750,47.0564120295991
3751,46.59228079864999
3752,45.93997276895925
3753,45.20289148618678
3754,44.386597076278385
3755,43.608449204240586
3756,42.817906241165645
3757,41.97793689076228
3758,41.034278301049014
3759,40.02340971968412
3760,39.32142414236628
3761,38.951004134268864
3762,38.6287387272241
3763,38.48119878054321
3764,38.34813311099981
3765,38.15090011763079
3766,38.05620427349625
3767,38.491326362133556
3768,39.17404697098566
3769,39.73141864140605
3770,39.75497858649674
3771,39.29714525345472
3772,38.66453518985998
3773,37.78551680839159
3774,36.49876181266041
3775,34.91396692208804
3776,32.98746183630821
3777,31.123295478354166
3778,29.67287589654382
3779,28.22500927820967
3780,26.67857207025388
3781,25.48476226306493
3782,24.52441803011817
3783,24.087715162125974
3784,24.220545338173626
3785,24.623202143353083
3786,25.090497876293643
3787,25.906975857041264
3788,26.905066911890188
3789,28.183770272787918
3790,29.445231781557176
3791,30.51868810398282
3792,31.44019094163421
3793,32.27858650552326
3794,32.63590954556806
3795,32.59740551875317
3796,32.33652352637249
3797,32.13331297622569
3798,32.424977455467584
3799,32.69824045431206
3800,33.04381719449856
3801,33.49117362400636
3802,33.96977338486004
3803,34.77964040817618
3804,35.70200278056795
3805,36.67657906759958
3806,37.69918137715511
3807,38.897757824650434
3808,40.0765319944379
3809,41.365873199045595
3810,42.63345522230638
3811,43.61012145935602
3812,44.5252245531518
3813,45.32038346945788
3814,45.963139020763776
3815,46.39030641394475
3816,46.69366980905975
3817,47.002359828102115
3818,47.48960548106676
3819,47.913509199146006
3820,48.482184340086384
3821,48.84502113110118
3822,49.23584667674356
3823,49.85738278943156
3824,50.39754970823083
3825,50.765528169630834
3826,51.04912377979515
3827,51.345307922914174
3828,51.62253336661082
3829,51.94273547341362
3830,52.502491035765665
3831,53.108500636335236
3832,53.60006064792493
3833,54.310970285424126
3834,54.96128876588133
3835,55.3594102299582
3836,55.66386810833816
3837,55.74723813918379
3838,55.85820160119701
3839,56.079026461661165
3840,56.4949173025592
3841,57.00792387409955
3842,57.60553487377554
3843,58.05615126133299
3844,58.53110063277331
3845,59.08135813062909
3846,59.72918801831058
3847,60.46928163403442
3848,61.13857040100381
3849,61.719446115360576
3850,62.15960421625865
3851,62.47524921275924
3852,62.730286121436905
3853,63.04500639227549
3854,63.054242463227126
3855,63.188243963112896
3856,63.70096716575718
3857,64.6529355372371
3858,65.67248776137929
3859,66.53385011108308
3860,67.42502338398789
3861,68.72955862866337
3862,70.1462442026891
3863,71.34406093827647
3864,72.12034138053347
3865,72.27348946182701
3866,71.64298770264506
3867,70.35127185587469
3868,68.49170528845669
3869,66.25944933456609
3870,63.717522766028715
3871,61.23374018183085
3872,59.03612515932612
3873,57.33304734778717
3874,56.03050513855538
3875,55.11771518850893
3876,54.323587931968525
3877,53.84797394076922
3878,53.97485140577954
3879,54.29753634798774
3880,54.756016572739
3881,55.46205463013363
3882,56.35813197087757
3883,57.421695965011196
3884,58.56800242666867
3885,59.66353168323737
3886,61.14541854701244
3887,62.734100292996715
3888,64.27657791674037
3889,65.61117691433324
3890,66.56840328900128
3891,67.4225069652229
3892,67.93207320409537
3893,68.24103886884856
3894,68.59614245994986
3895,68.76518611321508
3896,68.8637036262817
3897,68.98899979864683
3898,69.19939084694848
3899,69.90093413753027
3900,70.8805974626468
3901,72.28107304785978
3902,73.85010496678768
3903,75.37353260324075
3904,76.67713272127475
3905,77.8759674688553
3906,79.05874744370361
3907,80.01099667675552
3908,80.6951780291726
3909,81.26549920709618
3910,81.93408607706664
3911,82.67729551521275
3912,83.4371432586092
3913,83.88201330756353
3914,84.22491537341196
3915,84.52939477123938
3916,84.85088441382689
3917,84.95102831734333
3918,84.85569536577268
3919,84.39423455099285
3920,83.47307519837045
3921,82.24230460904964
3922,80.74556975391825
3923,78.86234390468812
3924,76.6737352868081
3925,74.45085074134064
3926,72.31707400225211
3927,70.18040616341425
3928,68.08979444816373
3929,66.08983853174306
3930,64.3707559000136
3931,62.992649017710164
3932,61.79054990366649
3933,60.74472367444849
3934,59.65506164400137
3935,58.69153641305576
3936,57.91192655405666
3937,57.03913115012263
3938,56.119832772204944
3939,55.20184967555531
3940,54.369783979274835
3941,53.676000707271605
3942,52.8891595999126
3943,51.941105991369135
3944,50.872081514278825
3945,49.71963586650712
3946,48.55914219835046
3947,47.253864707011694
3948,45.791284118255255
3949,44.42086964775554
3950,43.312211546207266
3951,42.37668136097505
3952,41.61368005589351
3953,40.967338671612936
3954,40.67586839925098
3955,40.43120804316884
3956,40.240187449285344
3957,40.04558571716832
3958,39.57736799224674
3959,39.14003585635781
3960,38.529392949702206
3961,37.76396077036265
3962,36.952285896031505
3963,36.313473600575065
3964,35.51770372644438
3965,34.80727133567388
3966,33.87711252785898
3967,32.98347535491963
3968,32.02743883930336
3969,31.140957368866427
3970,30.32956067295487
3971,29.618254047311492
3972,28.975150152533047
3973,28.51315468997482
3974,28.034469442558663
3975,27.591063193733632
3976,27.227486232061377
3977,26.72946916506692
3978,26.191437752795064
3979,25.620106938051894
3980,25.290897843681773
3981,25.22858862642397
3982,25.47970897605424
3983,25.69083988596711
3984,25.890654087430406
3985,26.325985389759687
3986,27.01649888887539
3987,27.980697988980403
3988,28.811691419811545
3989,29.75401140578932
3990,30.573829793589987
3991,31.93145138403905
3992,33.98583369165527
3993,36.26502215830104
3994,38.58213063740569
3995,40.785104399728525
3996,42.9256585133778
3997,45.15185632119841
3998,47.22024627407834
3999,48.8614746927066
4000,50.42227737834442
4001,52.06364773556407
4002,53.64789706543927
4003,55.44756135507811
4004,57.34510865450576
4005,58.96769635972062
4006,60.41088229241924
4007,61.95765619156708
4008,63.52840431010312
4009,65.63400240701304
4010,67.80126964978157
4011,69.88290880120151
4012,71.38720785615894
4013,72.70842370181447
4014,74.06765025132316
4015,75.37665103270345
4016,76.56467744241061
4017,77.56627363348373
4018,78.22734636820752
4019,78.92293524886183
4020,79.547073128388
4021,79.99648199441593
4022,80.36209174023102
4023,80.79761356973941
4024,81.28918947594791
4025,81.88661675399624
4026,82.72133767135837
4027,84.01755857256299
4028,85.4127887766778
4029,86.86998835011156
4030,88.23461329201241
4031,89.25826467564941
4032,90.35013808362251
4033,91.3807462824735
4034,92.00328148327466
4035,92.14996051449037
4036,91.45416406857478
4037,89.93652322639578
4038,87.42780841897644
4039,84.18767480349274
4040,80.26443616922948
4041,75.59596412958933
4042,70.86886939005063
4043,66.25717987747889
4044,61.91177033680659
4045,58.28036814502245
4046,55.1419509031072
4047,52.411527902640934
4048,50.11390740296889
4049,48.30564760086895
4050,47.073832656633954
4051,46.43235925711819
4052,46.3738057339397
4053,46.580940444263184
4054,46.678480920426814
4055,46.847189293638685
4056,46.87633463884526
4057,46.526959334716764
4058,45.751078011855796
4059,44.335153421909155
4060,42.730483867009596
4061,41.021084136216544
4062,39.49042955826419
4063,38.15310458861111
4064,36.86861440221959
4065,35.720395420896494
4066,34.92623265184182
4067,34.76223005084914
4068,35.04198164304304
4069,35.3327924423115
4070,35.612666287425945
4071,36.178203625125526
4072,37.304136892350456
4073,38.68701624214421
4074,39.792050531434235
4075,40.59646759273419
4076,40.908039996854654
4077,40.99683267263544
4078,40.951419349921224
4079,40.80492522670655
4080,40.45352444632334
4081,40.039075589728256
4082,39.59563687845497
4083,39.181085983189824
4084,38.79143596630475
4085,38.30133382433557
4086,37.68454336273204
4087,36.66578708696974
4088,35.373258778489955
4089,34.01354541970937
4090,32.77739097975645
4091,31.60961367085581
4092,30.62533377911442
4093,30.014595589847627
4094,29.79148116066922
4095,29.945239035827637
4096,30.442939167761924
4097,31.245643704943582
4098,32.248980981001694
4099,33.63881370649355
4100,35.280970737146404
4101,37.014964117735225
4102,38.70055180146445
4103,40.386065096869906
4104,41.85246166387265
4105,43.34247688607177
4106,44.81505647211487
4107,46.26677954861286
4108,47.46455289683493
4109,48.46275163144953
4110,49.35418675737212
4111,49.93256295050625
4112,50.22224311261944
4113,50.31160226695248
4114,50.000917824789994
4115,49.39836603046157
4116,48.727826792772674
4117,48.187423881794004
4118,47.86035189433873
4119,47.7244530689871
4120,47.64389564960682
4121,47.70621077663307
4122,47.93913449894822
4123,48.44420508055929
4124,49.21870541772056
4125,50.21247944839655
4126,51.481129733331684
4127,52.78228526222449
4128,54.06639848991724
4129,55.18536915240585
4130,56.39771784311227
4131,57.77298996910544
4132,59.16818022839606
4133,60.60834770325708
4134,62.06974785231232
4135,63.70866099652541
4136,65.70870210019486
4137,67.75610938708652
4138,69.7927008436231
4139,71.71658440825634
4140,73.52197149350616
4141,75.09028719096048
4142,76.29833048756697
4143,77.18744938386968
4144,77.73638905870041
4145,78.07209613037716
4146,78.28124440465648
4147,78.30117599782699
4148,78.22865415580549
4149,77.92508319497482
4150,77.29240592120033
4151,76.24799722441242
4152,74.59160904928078
4153,72.41041434950323
4154,69.90458527705843
4155,67.06503291565306
4156,64.25401611543838
4157,61.5784795335258
4158,59.328205534724255
4159,57.35429770200897
4160,55.54325299089632
4161,53.96764409222831
4162,52.660958822911184
4163,51.72221181075863
4164,51.12939737228859
4165,50.927425968599394
4166,50.84878525095609
4167,50.791751792456836
4168,50.7965658921711
4169,50.69971379457688
4170,50.494868415266886
4171,50.11274845596298
4172,49.53130536116886
4173,48.92641390218731
4174,48.43196361739046
4175,48.25999152674239
4176,48.30024476696279
4177,48.38646316977892
4178,48.542420138173476
4179,48.7710497636072
4180,49.05662923388384
4181,49.16320061959594
4182,49.16672745075964
4183,49.12171326514756
4184,49.14241383821932
4185,49.38584152225697
4186,49.785557458964064
4187,50.1661587712991
4188,50.37785768286252
4189,50.38994505227244
4190,50.43247701060312
4191,50.6238675931034
4192,50.828235970983954
4193,51.206267033912475
4194,51.92007002540775
4195,52.754760878586254
4196,53.593134739506496
4197,54.67200195849673
4198,56.12163760651738
4199,57.95288832015262
4200,60.2236938919352
4201,62.45600666003819
4202,64.6131763342428
4203,66.7247969922552
4204,68.58182550867329
4205,69.54075640553373
4206,70.23342305555335
4207,70.18280024377638
4208,68.6763943570112
4209,66.41935694331566
4210,62.9126815350747
4211,58.47226116564707
4212,53.978516758194566
4213,49.353453840361276
4214,45.21181069129146
4215,42.016697467676494
4216,39.73130328662136
4217,38.41423703308418
4218,37.268389392506826
4219,36.975331688271204
4220,37.226727035959904
4221,37.889880305382036
4222,38.59705709546702
4223,39.3026850867087
4224,39.94356154089181
4225,40.80922657682333
4226,41.834041458167434
4227,42.91416770856463
4228,44.00850332909073
4229,45.37377223010074
4230,46.92077047509602
4231,48.62454350697047
4232,50.188320128588174
4233,51.668010463943126
4234,53.02838384296559
4235,54.17793361822146
4236,55.116207476113026
4237,55.90379247111758
4238,56.46219074079808
4239,56.63301768422649
4240,56.456846783488615
4241,55.94158484732933
4242,55.48846129839829
4243,55.16060093891477
4244,54.84456372700338
4245,54.50403404316745
4246,54.05677217607299
4247,53.53982801582015
4248,53.07394677046837
4249,52.58359951616245
4250,52.01735622647431
4251,51.255106535486085
4252,50.26337246360635
4253,49.06823190819476
4254,47.73701539408316
4255,46.228701309623965
4256,44.41482812603356
4257,42.44297922215072
4258,40.35861074267667
4259,38.11410009407209
4260,36.16636726342017
4261,34.62033649104252
4262,33.524414341994856
4263,32.87029366369567
4264,32.79357987053011
4265,33.51452611606945
4266,35.699065127955635
4267,38.58221447229826
4268,42.066818985896994
4269,45.98383081832591
4270,50.04490208555865
4271,54.131898905949086
4272,57.95175884402437
4273,61.20631286642713
4274,64.01415079056227
4275,66.45696978455985
4276,68.24883268646771
4277,69.72126328282988
4278,70.85648950581523
4279,71.68980955697067
4280,72.59372891571284
4281,73.59928456119886
4282,74.48434966466385
4283,75.30531939534444
4284,75.93161407571067
4285,76.5097155205963
4286,77.12227717563506
4287,77.85567647448167
4288,78.66018335345461
4289,79.33221199815196
4290,80.01138171946337
4291,80.55991665682124
4292,80.77243433913415
4293,80.65672289038937
4294,80.09816921692546
4295,79.07458316726125
4296,77.51146979023373
4297,75.33760355234038
4298,72.76435094535773
4299,69.92199599316325
4300,67.02423269589367
4301,64.31128754721038
4302,61.89756249341675
4303,59.82010733387793
4304,58.17433259680787
4305,57.029469090818075
4306,56.268953346710674
4307,55.75244150460095
4308,55.33344407643208
4309,55.1056902907853
4310,54.99741768978953
4311,54.75134480618184
4312,54.01465959017656
4313,52.91202336730458
4314,51.63758742703223
4315,50.36865197022152
4316,48.859672100502564
4317,47.20756848734991
4318,45.38005633566846
4319,43.730162267168595
4320,42.303623933332844
4321,41.05786321891149
4322,39.89995248307237
4323,38.89476488068691
4324,38.1690805032479
4325,37.68312788908463
4326,37.33826812551392
4327,37.31951706517805
4328,37.74851391931054
4329,38.85238219283719
4330,40.78116559827554
4331,43.22754905808797
4332,45.35590266812479
4333,47.869625201729086
4334,50.67005833558885
4335,53.61735635453117
4336,56.6381104019979
4337,59.81280720259447
4338,62.96174146969976
4339,65.98661425678142
4340,68.77295081484635
4341,71.2567922716129
4342,73.48725164292127
4343,75.30622492693345
4344,76.79431045251229
4345,77.88718570705954
4346,78.68206102533966
4347,79.10216453267478
4348,79.25239616041728
4349,79.22436999445618
4350,79.08958458326164
4351,78.98832265886429
4352,78.65808040306663
4353,78.13012547803545
4354,77.51055731935281
4355,77.05175166025451
4356,76.51666055971613
4357,75.66809617029028
4358,74.3543266958807
4359,72.42358730776128
4360,69.97744759378044
4361,67.25557747267523
4362,64.14446903557852
4363,60.48437651816764
4364,56.617941468849914
4365,52.67043695682899
4366,48.87061270175767
4367,45.27521118631915
4368,42.04007279218385
4369,39.08211378068344
4370,36.38133162200555
4371,33.94583388928098
4372,31.600405121716758
4373,29.29190874174099
4374,27.048845122181334
4375,24.773821496918583
4376,22.506719032685464
4377,20.395593532548688
4378,18.553117991969607
4379,17.096948910071376
4380,16.09957772446854
4381,15.409357964639238
4382,14.913351278069737
4383,14.530811972815265
4384,14.33217609176945
4385,14.155652286780235
4386,14.035499186303646
4387,14.10765088626697
4388,14.15060770187544
4389,14.187980131454808
4390,14.38324097762079
4391,14.819857729559399
4392,15.29806767459446
4393,15.872743804651712
4394,16.651198581722532
4395,17.677805562986535
4396,18.844166547878842
4397,20.30936126019608
4398,22.142978940732107
4399,24.00890683405506
4400,25.896246425821563
4401,27.954237610971013
4402,30.08217361812094
4403,32.275657610437804
4404,34.44355282835975
4405,36.54211119202252
4406,38.723795438145395
4407,40.94862061891242
4408,43.18382645575289
4409,45.25999785025199
4410,47.2293704075384
4411,48.94551537174882
4412,50.66722185482348
4413,52.354518758682715
4414,54.065482334462786
4415,55.73724368298405
4416,57.47648659942794
4417,59.119521567994965
4418,60.75757253167741
4419,62.243388634640525
4420,63.569506286618505
4421,64.48030123059583
4422,65.01999878532034
4423,65.18678707922801
4424,65.22552245648404
4425,65.11741526362098
4426,64.97349255951859
4427,64.8281808479816
4428,64.84952085660275
4429,65.08457147251434
4430,65.30760794300312
4431,65.4175675175174
4432,65.29106262952354
4433,64.76594714831943
4434,63.77906146133134
4435,62.50408280575361
4436,60.64972637765738
4437,58.07733386298517
4438,54.96505285996418
4439,51.413128587754464
4440,47.71334505811252
4441,43.904747553053305
4442,39.83154701803869
4443,36.11647150111644
4444,33.276501049128015
4445,31.1100101029005
4446,29.225162979682562
4447,27.964307906565
4448,27.07328727294327
4449,26.43118674709835
4450,26.291853628529246
4451,26.366823438037617
4452,26.537962939900133
4453,26.70896905468317
4454,26.699399459933854
4455,26.72887059388529
4456,26.776954920259936
4457,27.44607251260653
4458,28.623106110995124
4459,30.18919984939234
4460,32.272264206507685
4461,34.42961910539346
4462,36.53918689412581
4463,38.43492360253147
4464,39.9941357049162
4465,41.22391938162431
4466,42.35249722439077
4467,43.10512444103296
4468,43.42965788160504
4469,43.58538139586343
4470,43.939372622592295
4471,44.4531600428236
4472,44.87096228799696
4473,45.2304843729511
4474,45.859696636968756
4475,46.99946465635085
4476,48.559048722064524
4477,50.573228895108116
4478,53.03320604913457
4479,55.681684734237564
4480,58.48189648410077
4481,61.27687423434229
4482,64.01976653456754
4483,66.81144195626028
4484,69.38030891351374
4485,71.72838539182465
4486,73.61241652535128
4487,74.74900845612663
4488,75.46651392894589
4489,75.78592409913156
4490,75.55268543171931
4491,74.94750123499391
4492,73.89822218265901
4493,72.64194040745213
4494,71.25693992679253
4495,69.74798262247967
4496,68.15184561854998
4497,66.61914864421763
4498,65.42112137458766
4499,64.58565519971918
4500,64.14890157625815
4501,64.18121009377842
4502,64.29993594106816
4503,64.40322742821023
4504,64.727947243936
4505,65.34917876444854
4506,66.11401860330407
4507,66.85293256777308
4508,67.4447327919951
4509,67.82956528716676
4510,68.18868547192972
4511,68.74209761317981
4512,69.43514359549894
4513,69.89185683922379
4514,70.03982291516404
4515,70.2392532293966
4516,70.43390604577182
4517,70.80644315565581
4518,71.27053198205405
4519,71.65602461996569
4520,71.92659131666315
4521,72.24914872759996
4522,72.66829196190443
4523,73.56161171651637
4524,74.74437186893061
4525,75.89824081020487
4526,76.93389370560297
4527,77.45398805473148
4528,77.7636426766726
4529,77.83739358795242
4530,77.60943309590935
4531,77.05935274992514
4532,76.5002178154994
4533,75.72292122828092
4534,75.13994964943278
4535,74.55240240347872
4536,74.03982771579034
4537,73.72734762574797
4538,73.86444912697893
4539,74.05066659850301
4540,74.27854769277117
4541,74.03166599966131
4542,73.94561236687395
4543,73.74835257916797
4544,73.417978009524
4545,72.94594644052601
4546,72.23055620453137
4547,71.31476571033797
4548,70.46519241731866
4549,69.4909108765935
4550,68.46273969795878
4551,67.2772638502278
4552,66.02767944408673
4553,64.82576139299046
4554,63.576507967568226
4555,62.348279993209886
4556,61.08956972224534
4557,59.97214268692461
4558,59.33283415273845
4559,59.21663334191656
4560,59.115538636501526
4561,59.415605279469865
4562,59.9254669080994
4563,60.820477639732005
4564,62.19214919581193
4565,63.914216634650934
4566,65.90653997211696
4567,67.77810038226647
4568,69.51003145169297
4569,71.12029968748602
4570,72.75952992400514
4571,74.40565257394582
4572,76.07083887506138
4573,77.91755703545007
4574,79.65190419470149
4575,81.47337271836328
4576,83.24120732664294
4577,84.87446260515269
4578,86.28257274506619
4579,87.46238156761315
4580,88.45812262959305
4581,89.1325658232255
4582,89.63263797485698
4583,89.9842792501271
4584,90.11229423413008
4585,89.85789071726731
4586,89.3679195428403
4587,88.65741059330276
4588,87.7705743086299
4589,86.99111084033531
4590,86.00866447676253
4591,85.1041689036702
4592,84.32814275188987
4593,83.73806509432734
4594,83.33568591107917
4595,83.15294648508366
4596,83.01773099903058
4597,82.78772163739717
4598,82.61701064868473
4599,82.52726301939981
4600,82.42860691731589
4601,81.9797206125035
4602,81.36813543389844
4603,80.64030534990252
4604,80.04583800346518
4605,79.58618906678427
4606,79.10255493328273
4607,78.58821869336303
4608,78.17013698428838
4609,77.91386837301397
4610,77.77760319705243
4611,77.76365909715767
4612,77.77341957465833
4613,77.91239178444361
4614,78.25608724219217
4615,78.64503095334237
4616,79.1352058121391
4617,79.56165793929226
4618,80.01272716035933
4619,80.58045385413705
4620,81.30966447266687
4621,82.06063680120029
4622,82.88418646599364
4623,83.76049664032095
4624,84.67767054354985
4625,85.60898519685269
4626,86.35862671235948
4627,87.12096209958437
4628,87.84717985898182
4629,88.25248609792527
4630,88.61651415874945
4631,88.85475317514413
4632,88.99195337617364
4633,88.94949281328948
4634,88.57393915928462
4635,88.0577744614301
4636,87.37495633630262
4637,86.55950416918013
4638,85.73813911876819
4639,84.88238953784531
4640,83.8802522859642
4641,82.76471060794543
4642,81.56331127408129
4643,80.3461208869944
4644,79.10594176643517
4645,77.75000226645335
4646,76.28763354513949
4647,74.89562841368846
4648,73.57796498278809
4649,72.25766055085336
4650,70.93509025774878
4651,69.66582722858102
4652,68.52828866773716
4653,67.54882976071079
4654,66.56570703391672
4655,65.65416435309555
4656,64.99108271505106
4657,64.48741194780789
4658,63.98896892825469
4659,63.43387668109861
4660,62.782760969833156
4661,62.12927152282444
4662,61.59964461835628
4663,61.189925555181446
4664,60.76250075360096
4665,60.30906373141701
4666,59.679556774632545
4667,59.16040086374949
4668,58.68121082797402
4669,58.212579561018316
4670,57.41566393931282
4671,56.55841862505089
4672,55.41414599025428
4673,54.12467593917328
4674,53.00283699473281
4675,51.4995319771812
4676,49.59474681303301
4677,47.725733617486874
4678,45.841330140594515
4679,44.03231358886421
4680,42.245969580648286
4681,40.91377399105846
4682,40.00414574000367
4683,39.22673518582996
4684,38.66896394031573
4685,38.59424395140803
4686,38.5143517216189
4687,38.405361441094584
4688,38.82644641577971
4689,39.476577415112665
4690,40.5454187029213
4691,41.499621636129035
4692,42.168206232184275
4693,42.71670556842993
4694,43.26029710128313
4695,43.92726519736537
4696,44.42300228980979
4697,44.9100852251138
4698,45.43400338661799
4699,46.368511163294244
4700,47.467792760921334
4701,48.80419950294738
4702,49.887281152376744
4703,50.52600964714434
4704,50.57894581008905
4705,50.539562301785786
4706,50.51253095331812
4707,50.78984019137043
4708,50.79954657890198
4709,50.694552507867655
4710,50.62240242177264
4711,50.633044807534596
4712,50.74331470024119
4713,51.01245003986216
4714,51.326850109911284
4715,52.05332687405194
4716,53.424538838617366
4717,54.76647869951574
4718,56.16499760510522
4719,57.18119282795106
4720,57.5882502977546
4721,57.332264986532174
4722,56.25223905164644
4723,54.42296212026518
4724,52.00596233018036
4725,49.21835352299101
4726,46.310582438325326
4727,43.5479123198998
4728,40.98549506755324
4729,38.869192685010994
4730,37.32282540305397
4731,35.97748586775136
4732,35.0174853686429
4733,34.21839419764953
4734,33.70255070332541
4735,33.46640822020859
4736,33.664865069507215
4737,34.120939394953425
4738,34.721324950388656
4739,35.49165903964976
4740,36.17752671792788
4741,36.85935528387669
4742,37.692340650368244
4743,38.61173982794804
4744,39.70970756289345
4745,40.841654742866275
4746,42.01586559078643
4747,43.43308021304854
4748,45.14982074957954
4749,46.97756949677821
4750,48.82084493187565
4751,50.592402521338094
4752,52.32532553749202
4753,53.95314255435588
4754,55.502840660091664
4755,56.85970467784747
4756,58.16119510941628
4757,59.501977488844055
4758,60.839328992024846
4759,62.21369663962782
4760,63.644335113047916
4761,65.13844333242875
4762,66.72489286574773
4763,68.3103402943928
4764,69.9129046935863
4765,71.65799890969106
4766,73.62210132763138
4767,75.59381296423287
4768,77.53849565964262
4769,79.39646530674646
4770,81.1132803980753
4771,82.9983815750519
4772,84.8628809973829
4773,86.58541623439854
4774,88.05484906494884
4775,89.33143813182431
4776,90.35654779100805
4777,91.10798159949164
4778,91.43802050286982
4779,91.25699739867704
4780,90.644014777774
4781,89.86624525158888
4782,88.86428647669696
4783,87.80852612132817
4784,86.67174572825236
4785,85.76664566652512
4786,85.02410504426078
4787,84.34933802333357
4788,83.7622907151269
4789,83.2628004683288
4790,82.73250646745035
4791,82.40509333299444
4792,82.23091536261961
4793,81.93936549127227
4794,81.53233751618262
4795,81.10320078378919
4796,80.86250009123313
4797,81.02940681520214
4798,81.34231722078097
4799,81.59174738500123
4800,81.67946209874171
4801,81.7688656282248
4802,81.89040066871465
4803,81.95827561758983
4804,81.65328394337328
4805,80.85468079522835
4806,79.59643560356135
4807,78.18074908286786
4808,76.70620166704718
4809,75.01561523512503
4810,73.10791969761098
4811,71.15200819555908
4812,69.08225142142834
4813,67.22744405637138
4814,65.57156574366336
4815,64.02107810823419
4816,62.6674135904531
4817,61.4835228496457
4818,60.24807015680258
4819,59.06987353324286
4820,57.88842291542836
4821,56.443989202195844
4822,54.958530776890186
4823,53.38678077437182
4824,51.89196504338619
4825,50.49914295683903
4826,49.27381903112108
4827,48.16378358962943
4828,47.27599941819102
4829,46.464968239959056
4830,45.95547738365981
4831,45.649145889123616
4832,45.47811998408779
4833,45.33309263151353
4834,45.18330105191268
4835,45.13413497423893
4836,45.3009881766259
4837,45.63869905740202
4838,46.13611031459995
4839,47.002533973718386
4840,48.195140439265614
4841,49.49180877500676
4842,51.027133675764695
4843,52.74556911034691
4844,54.4451590121292
4845,55.9238022266798
4846,57.45328133934482
4847,58.85917871773922
4848,60.01181448660798
4849,60.901002094058505
4850,61.85324982962683
4851,62.562026338048206
4852,62.943516345216125
4853,62.94336995732366
4854,62.6920535032839
4855,62.116316435248834
4856,61.200852371568985
4857,59.644740085624136
4858,57.72326612105934
4859,55.64671489399788
4860,53.58635774947734
4861,51.461754330769274
4862,49.03643616417499
4863,46.55491839389592
4864,44.16022167199574
4865,42.07645381882286
4866,39.97918628350377
4867,38.00681615038189
4868,36.40852309128775
4869,35.23294560914016
4870,34.558716384002345
4871,34.38612304668256
4872,34.29842679675156
4873,34.51400318074149
4874,34.90100039482995
4875,35.315041403920404
4876,35.95775613101439
4877,36.829609790631885
4878,37.88519063831401
4879,38.99034040902008
4880,40.15869161383119
4881,41.19287555456857
4882,42.43124566206142
4883,43.534805180351064
4884,44.65958163100067
4885,46.16404277577364
4886,47.96296063873609
4887,49.799406473526204
4888,51.63243048675409
4889,53.404422419005094
4890,55.10089908400332
4891,56.86640974221454
4892,58.41880883837586
4893,59.52224165199473
4894,60.20432693265703
4895,60.489974557941416
4896,60.47766650899156
4897,60.33072009404806
4898,60.05453837717706
4899,59.78192990444904
4900,59.50380817621796
4901,59.21062952431315
4902,58.95556409715596
4903,58.53653870805804
4904,58.18681879667732
4905,57.848982316686744
4906,57.47097554564774
4907,57.02456840611867
4908,56.41870603693238
4909,55.621622361615124
4910,55.08013820453925
4911,54.503135897974474
4912,53.90605190680235
4913,53.20972611472142
4914,52.67922988159363
4915,52.455858752231805
4916,52.667762308679556
4917,53.179291468098015
4918,54.0911244942161
4919,55.25482124634245
4920,56.52667504760719
4921,57.94799538071239
4922,59.32494135950587
4923,60.674029272466626
4924,61.86250065941494
4925,62.924673638854166
4926,63.96193257836528
4927,65.05857007367821
4928,66.0599904305135
4929,66.96225037336046
4930,67.46713043790726
4931,67.85183366226434
4932,68.07648898620579
4933,68.11749030699869
4934,67.99698450444599
4935,67.72122561276845
4936,67.06182530500124
4937,66.31895498310818
4938,65.27673347954303
4939,64.13550543789258
4940,62.82738076284615
4941,61.346774386004654
4942,59.9969545803146
4943,58.931269369657876
4944,58.203272400949444
4945,57.80358395663696
4946,57.59871429909273
4947,57.49778299163025
4948,57.41145442945614
4949,57.082408716514365
4950,56.50891354848399
4951,55.71891788449956
4952,55.12586421963246
4953,54.47152804216273
4954,53.99697080989932
4955,53.59170290601697
4956,53.5129383883652
4957,53.769870962881775
4958,54.49709608387299
4959,55.12978193913534
4960,55.96023991588285
4961,57.04689840471161
4962,58.3174055238159
4963,60.151189838284125
4964,61.95121564409696
4965,64.07350185363929
4966,66.30215686921046
4967,68.54514014154509
4968,70.59139053375358
4969,72.54368111146195
4970,74.12467402449388
4971,75.50351045119058
4972,76.51162429613855
4973,77.2492563619843
4974,78.00070394093811
4975,78.74290523910854
4976,79.27363580239384
4977,79.39999411904911
4978,79.33111530384116
4979,79.41308549093621
4980,79.7487138941538
4981,80.36117343189082
4982,81.24257871522418
4983,82.15343759694788
4984,83.13433490907917
4985,84.23325238161813
4986,85.23498496073334
4987,85.88793186679676
4988,85.93805452995775
4989,85.32260088854305
4990,84.29727282414909
4991,82.87497567142373
4992,81.33021763344476
4993,79.67920867842777
4994,77.94244640991137
4995,76.21266585527475
4996,74.69934057194459
4997,73.2589032297111
4998,71.76024595199762
4999,70.36961828203513
