,0
0,395.38066953185086
1,731.2375098281029
2,1016.8140303428036
3,1260.360859112111
4,1468.5659565061496
5,1647.5890932966665
6,1801.4739827620906
7,1937.191612985507
8,2054.6569856852593
9,2155.608726302345
10,2242.772571148197
11,2317.69587133589
12,2381.4444962687107
13,2436.2990133593266
14,2481.385580330555
15,2518.1496290913165
16,2547.5379910019597
17,2568.6488989705604
18,2581.9864818618016
19,2587.2835595871
20,2587.228819852763
21,2583.8434621688293
22,2579.0325081895635
23,2573.2110857863813
24,2565.758319344456
25,2556.0409183728693
26,2544.551106039954
27,2531.626633144849
28,2519.304203714654
29,2507.592605139324
30,2496.332976464812
31,2487.404426310699
32,2480.7449569404243
33,2477.255670936334
34,2475.1547716249743
35,2474.1543678830626
36,2477.5712572905686
37,2483.3393633356627
38,2491.3266734298463
39,2501.1538445236974
40,2516.9577429163164
41,2533.0768484034693
42,2549.904460335415
43,2566.426106583368
44,2582.8784629413185
45,2601.044983011124
46,2618.303303689087
47,2637.2773680826713
48,2658.8389920158365
49,2682.8446538647504
50,2707.983155005959
51,2734.4958992037123
52,2764.5236363597346
53,2794.5100572822075
54,2823.1953970086515
55,2850.7162942252667
56,2875.4491613154987
57,2896.9110813258385
58,2912.791583216117
59,2921.609355214848
60,2923.7515266158725
61,2918.7115277471767
62,2908.8060132863347
63,2893.0373320809144
64,2870.362857669195
65,2845.81533776976
66,2820.196524166018
67,2794.5211708321667
68,2769.0715523678036
69,2744.2113648709114
70,2719.130040883492
71,2695.5541347555954
72,2674.036762519742
73,2656.014221079526
74,2642.69303689834
75,2631.8359754759326
76,2623.9750404220213
77,2621.941741488932
78,2619.99940526032
79,2620.933444171497
80,2624.296437156509
81,2630.296762724614
82,2636.4114731697773
83,2643.1958870364106
84,2651.8035013367544
85,2661.9482986976595
86,2671.5935394097737
87,2679.7496508619633
88,2689.2261680279166
89,2694.677395238191
90,2697.5267326602384
91,2699.4150388191742
92,2699.830157025255
93,2701.070434059194
94,2702.7079283530898
95,2705.0889824570377
96,2709.0465165760074
97,2712.774309138809
98,2717.5401742196377
99,2724.3092724201906
100,2729.902226355892
101,2734.9260769400016
102,2739.953662458203
103,2742.606613563008
104,2744.6652839940134
105,2745.6212406968452
106,2745.3043847447266
107,2743.733735346224
108,2741.77474195743
109,2739.717463945161
110,2741.190470559871
111,2746.181796806479
112,2755.67429661868
113,2770.47511936757
114,2783.3464894576855
115,2801.5317970648016
116,2825.1794748176408
117,2854.7399237379545
118,2889.5946282979553
119,2929.0037526673364
120,2973.38680803335
121,3021.7966776788026
122,3071.432323422454
123,3121.2180764352665
124,3171.252206854832
125,3220.5339653502533
126,3269.9768119936816
127,3319.344244469792
128,3369.1573292863964
129,3416.4367952978573
130,3460.184620066765
131,3502.6331890937613
132,3543.7621034389463
133,3583.060694493727
134,3620.8508820563297
135,3659.552803565125
136,3696.133260036694
137,3731.7490494452563
138,3765.786821857282
139,3800.2501003636603
140,3832.9191618937552
141,3864.3431969789644
142,3894.234463799698
143,3923.9656393988607
144,3953.620393789598
145,3981.9598407835506
146,4008.244115340732
147,4034.678240947821
148,4059.0129515422777
149,4081.4549751715786
150,4101.952718377906
151,4122.009956571675
152,4141.130821456221
153,4157.82679892873
154,4171.612478310653
155,4181.883883255125
156,4188.2872389378745
157,4192.317501159385
158,4191.286228035348
159,4186.845851504621
160,4178.183159001426
161,4165.951524027624
162,4151.470769517686
163,4134.285191039014
164,4115.678659839852
165,4094.954919654477
166,4070.2845388274222
167,4040.852688380227
168,4006.4517151910027
169,3967.1258256626197
170,3922.0444769883716
171,3882.8237036417745
172,3837.5608468373307
173,3787.9184554997405
174,3734.7513490653696
175,3679.1864764186003
176,3623.334813198128
177,3566.468153138765
178,3509.5269055301096
179,3452.8621587656403
180,3396.168045615955
181,3339.5587073858514
182,3283.1765794077633
183,3227.312484355007
184,3171.738800084055
185,3117.7261080327885
186,3064.731846181892
187,3012.1021030745196
188,2960.442194304519
189,2909.36732846365
190,2859.667786553826
191,2811.4161987012667
192,2766.099398372346
193,2724.6385242418078
194,2684.3139502379026
195,2647.0622436009717
196,2612.2595433470174
197,2580.8353251770086
198,2552.211643106509
199,2526.681401857181
200,2504.683882475393
201,2485.22709929963
202,2468.7259775879693
203,2454.9075396417597
204,2443.941957277736
205,2435.177403517641
206,2429.4734270600648
207,2426.8887462947323
208,2426.6117093617095
209,2428.2370048508483
210,2431.6929638823835
211,2437.325753294777
212,2444.282075510034
213,2453.5595121869137
214,2466.861141723949
215,2483.086039528109
216,2503.9150789875907
217,2529.3399765183913
218,2558.1823477746534
219,2591.793345615222
220,2629.8940763290702
221,2673.2323876972373
222,2721.3879949384063
223,2773.72640290937
224,2829.2050414560645
225,2887.4554612951697
226,2947.57614370871
227,3009.037221924569
228,3062.5083599723666
229,3119.38007297551
230,3175.8321765464543
231,3231.2939063531085
232,3284.404415549244
233,3335.932894936494
234,3383.830305060113
235,3428.4313655094957
236,3469.2660484966655
237,3506.747900319023
238,3542.0837010023247
239,3574.274428079385
240,3602.746267184937
241,3629.2399735874396
242,3653.651311627037
243,3675.79017238644
244,3697.66332564355
245,3719.2981851019463
246,3741.993034048152
247,3765.0336027963626
248,3787.1709972029244
249,3807.5661929464068
250,3826.4550534559526
251,3843.9350565847544
252,3859.3556432913383
253,3873.015585562298
254,3885.792136721986
255,3899.7628519695454
256,3915.0986383188933
257,3929.4495310498273
258,3939.453075277106
259,3947.1981973709458
260,3953.2631524128246
261,3955.3151770972618
262,3956.724181451519
263,3958.4287832595305
264,3959.829659598079
265,3962.0219286271185
266,3964.178027817834
267,3964.2827454712274
268,3962.290939510967
269,3957.0992136428044
270,3950.036721687895
271,3938.4118185124184
272,3923.282679849463
273,3903.36670217235
274,3879.0067969276542
275,3850.150934537857
276,3815.9556077842435
277,3778.5456467598483
278,3739.0529181811844
279,3698.9311252653897
280,3655.2028502781272
281,3611.0922257029474
282,3569.197455687435
283,3529.3347315461124
284,3493.369863888288
285,3462.0804290259807
286,3435.8755863898664
287,3413.0885044050697
288,3392.28816576811
289,3375.4010795948957
290,3362.34603306062
291,3351.887700966919
292,3344.2314244114455
293,3336.941073119242
294,3330.849916674683
295,3325.933140284321
296,3324.099377865317
297,3325.944007313558
298,3331.3490133370497
299,3339.082887555995
300,3348.225022916653
301,3360.6520576294647
302,3374.834965473171
303,3393.5656697656996
304,3414.387089178238
305,3436.921558916099
306,3462.29653646581
307,3486.750686082137
308,3510.963409440044
309,3533.4949388145837
310,3555.180817643957
311,3576.507530477263
312,3597.6718362582487
313,3621.5087296824568
314,3646.723642082858
315,3672.797142304295
316,3701.095607336171
317,3728.865954799789
318,3756.646689775108
319,3782.5903604474292
320,3807.3326530079853
321,3834.1332774944635
322,3860.743761129528
323,3885.1603434524636
324,3908.8156353271656
325,3932.658569196518
326,3954.499132129054
327,3975.3834517518294
328,3995.3293399346953
329,4013.815016812168
330,4031.6942731464073
331,4048.8672425369823
332,4065.352518518981
333,4078.9813805786393
334,4090.742045743576
335,4102.027700547042
336,4110.823673995531
337,4117.739005841974
338,4123.168554838438
339,4124.161418902732
340,4122.563751317075
341,4117.727279757914
342,4113.519549501445
343,4104.915061267573
344,4096.146377698635
345,4087.9225465960562
346,4079.200209629615
347,4073.162945720877
348,4070.209407992765
349,4070.97586483545
350,4074.6227500050836
351,4080.145701775907
352,4086.515045979803
353,4092.27686580672
354,4097.00592368095
355,4101.715368911475
356,4106.751844116519
357,4108.992097413719
358,4106.871631821555
359,4102.556727054724
360,4096.618948036901
361,4089.1527459651925
362,4080.7765591702905
363,4071.1296467501907
364,4061.9755007010085
365,4050.0711531584407
366,4037.4030537185336
367,4024.5518713709157
368,4009.1724630745907
369,3993.3337509530793
370,3975.965409494051
371,3958.2602726128575
372,3938.997168683089
373,3919.414948690203
374,3899.405086294464
375,3877.021969249028
376,3852.78668216063
377,3826.3409219885843
378,3799.2456795426224
379,3769.9963323303955
380,3740.093519630073
381,3708.593791764914
382,3676.7352494266706
383,3643.2087276403245
384,3609.9220544095797
385,3577.0605011562366
386,3543.8913518819904
387,3509.455604292352
388,3475.7632967727777
389,3443.461492143957
390,3413.928653792344
391,3386.3021922796343
392,3360.2478052433503
393,3335.795032075868
394,3313.6091735518426
395,3292.0435441719533
396,3267.4275915899884
397,3240.125089246182
398,3208.211856405599
399,3180.4473438342916
400,3148.5443357869267
401,3113.7073843242324
402,3076.511504095597
403,3038.7646690151973
404,3000.5929734216593
405,2964.189599109637
406,2928.455635709219
407,2894.857709322278
408,2861.4050734222074
409,2829.6004752006206
410,2799.723987661317
411,2774.2119715428394
412,2753.670368373692
413,2736.6171303929204
414,2724.3946048960643
415,2716.3488713261377
416,2711.979992129884
417,2710.951872381365
418,2712.6869440328123
419,2714.3186898231083
420,2715.607776077375
421,2718.0012612495684
422,2724.038792540096
423,2730.5624924652116
424,2740.068784334373
425,2753.7068048137294
426,2770.068902185524
427,2786.7457830307476
428,2804.038892196908
429,2822.183488360269
430,2839.6694400508127
431,2859.160554412906
432,2878.606921456202
433,2896.211167191084
434,2916.4223951956574
435,2935.0673708132954
436,2954.848739670555
437,2974.8567597997726
438,2995.913560344005
439,3017.026692103217
440,3036.1223356575074
441,3056.423027067705
442,3074.3390595743203
443,3091.784789998056
444,3107.723867878815
445,3123.906495875949
446,3138.944110641884
447,3150.949755322248
448,3161.2862726229614
449,3173.5266056203573
450,3185.6423605596747
451,3196.334870876353
452,3206.6602063469077
453,3213.8166196946586
454,3218.731356433075
455,3222.457027466275
456,3225.6983612651597
457,3225.803392306889
458,3224.112925709843
459,3221.2134766124786
460,3217.0231125075998
461,3211.240868833586
462,3203.149096091128
463,3193.779550329905
464,3182.653722283381
465,3170.5421642444685
466,3155.9588467408716
467,3138.7803617902373
468,3120.134424972382
469,3099.793892186009
470,3076.7445449429983
471,3053.20245588311
472,3028.5963584378815
473,3004.2126880990572
474,2979.366975586704
475,2954.935118967342
476,2928.101574408274
477,2901.6419395957982
478,2876.0370478888076
479,2853.133952356444
480,2833.4261162343387
481,2814.4581972931937
482,2795.558534708693
483,2777.869290071792
484,2761.0048750498413
485,2745.018176092241
486,2731.3509627989856
487,2719.2562420722934
488,2710.9360627930387
489,2706.1401516627034
490,2703.936687178702
491,2703.912051825807
492,2704.428571810233
493,2703.798266800996
494,2705.5833750532815
495,2707.6167206009945
496,2709.7964612004057
497,2712.3417558243054
498,2718.4500137672703
499,2727.454840696307
500,2740.7379858441004
501,2755.2185025435274
502,2771.170847665949
503,2789.904186296557
504,2813.431154437317
505,2838.80376804695
506,2866.2321858595074
507,2895.2954373450707
508,2925.1401919855666
509,2956.1338918539323
510,2985.9297536877925
511,3014.6876421381335
512,3042.0199274718125
513,3065.7990157121135
514,3090.3533434950828
515,3112.217619770902
516,3134.0252544371638
517,3153.259500685591
518,3170.868204189064
519,3186.328162588334
520,3198.0832793053783
521,3207.9190021186805
522,3218.088882139079
523,3230.0014330914078
524,3242.3079635029094
525,3255.0757347423714
526,3269.943837697667
527,3285.8483449674327
528,3300.008844479997
529,3313.4498736638443
530,3326.711343955089
531,3338.7239365468345
532,3351.69355982046
533,3366.582071987333
534,3381.8369518831482
535,3399.1158917014086
536,3418.452132059598
537,3439.218041771316
538,3461.2615018800034
539,3481.948749173425
540,3500.5321966151005
541,3516.8966932093026
542,3532.1974868360153
543,3542.1543800514046
544,3550.9192913411703
545,3558.0738123099177
546,3563.965110545914
547,3568.845270198734
548,3572.4335429889475
549,3574.097453640553
550,3575.0719152877564
551,3575.082311418544
552,3574.513626734554
553,3574.000435467036
554,3573.9192464605526
555,3574.0980820410223
556,3569.5930017030014
557,3562.694306059833
558,3552.519119927871
559,3537.613571033752
560,3520.6585808488194
561,3501.733866848007
562,3480.7599139827807
563,3459.584144094317
564,3435.137642191841
565,3408.988862908404
566,3382.1199440218847
567,3355.4267898887297
568,3326.5207680351323
569,3297.8268719608377
570,3272.863182376202
571,3249.6744050631905
572,3229.6035622053796
573,3211.880860380751
574,3195.0027492200206
575,3181.2282231237946
576,3168.8796211521258
577,3157.522868285405
578,3145.646356839054
579,3133.0211331454257
580,3120.507146572104
581,3109.7148387052894
582,3097.9243989713914
583,3085.737179546997
584,3073.0254008288684
585,3061.0559042543823
586,3046.3594040047938
587,3030.821469529886
588,3014.202587080464
589,2997.965675605747
590,2982.7528910179667
591,2968.2644425984454
592,2955.4408195558112
593,2944.2061969564306
594,2935.6862396131687
595,2931.416300402013
596,2931.2682309556926
597,2933.8804194058494
598,2938.273897346174
599,2945.622471944538
600,2955.196865950827
601,2966.094150889624
602,2977.0484853917806
603,2988.1388922805595
604,2998.768952654096
605,3009.627311412459
606,3019.0524517045333
607,3027.9981943778275
608,3036.759581662003
609,3046.9438820931723
610,3058.5283567199544
611,3070.7961035467138
612,3083.2478238100657
613,3094.884636041852
614,3107.83948272128
615,3121.4420139515055
616,3135.4226346641817
617,3149.644850632225
618,3162.702156636042
619,3177.748200577095
620,3195.3885729246444
621,3211.8885199757633
622,3227.020269063557
623,3239.546330754136
624,3248.5991352090864
625,3257.091944899022
626,3265.1143625103596
627,3272.0938658322234
628,3278.638282668359
629,3285.4404910099843
630,3291.2513349556643
631,3299.7649786124302
632,3310.7644522236806
633,3325.124725013032
634,3343.799896057822
635,3364.5178447520893
636,3387.945258313501
637,3414.0183231392693
638,3441.0319665744078
639,3469.1296401361446
640,3497.8530443282225
641,3528.0543497917233
642,3559.266842290357
643,3591.17061946335
644,3621.1608634867785
645,3651.5761899012496
646,3679.315255847727
647,3703.797881326248
648,3725.864538037313
649,3742.2776185926305
650,3757.562722675639
651,3771.5180974727577
652,3781.7530721715607
653,3788.8023181219028
654,3792.5245575911135
655,3795.02433174325
656,3794.116518663339
657,3792.129149405407
658,3789.0646326560986
659,3785.0564141538102
660,3781.7525612983295
661,3775.87984680148
662,3767.678777597843
663,3757.764977558329
664,3747.5715074732807
665,3736.7021532079566
666,3726.450576181618
667,3717.768501482801
668,3707.9703862296265
669,3698.4356551132487
670,3688.885862293675
671,3678.956497471768
672,3670.1948111807724
673,3662.3881660102743
674,3657.481933356113
675,3657.0165285479898
676,3660.1607807348014
677,3669.138780657117
678,3681.817818226764
679,3696.8533353212497
680,3712.6509551808394
681,3728.7430448531964
682,3743.6184598495756
683,3756.178546423327
684,3767.1058217424907
685,3775.5278794620795
686,3783.2623240544385
687,3786.852621711178
688,3785.7557650247427
689,3778.9034658659393
690,3765.4602694128444
691,3746.0970302018472
692,3721.1080495926503
693,3690.8504283168336
694,3657.8928343679213
695,3622.401680425113
696,3583.3198940791767
697,3542.5917365771948
698,3499.811509504681
699,3457.3265610038734
700,3415.007707950536
701,3374.627199916457
702,3337.9691148993415
703,3305.8859719088955
704,3277.560586009907
705,3251.1896200346687
706,3228.031544342938
707,3208.060677793097
708,3190.8025488596486
709,3177.205080186892
710,3167.0690121477815
711,3161.705157009065
712,3157.9783215447937
713,3156.7794392991677
714,3157.409637008949
715,3156.838876473443
716,3159.1344247772986
717,3161.085363991312
718,3163.537447181695
719,3168.9743797572373
720,3178.5180540976694
721,3190.5641040406263
722,3202.338750309373
723,3213.113160540945
724,3221.2539595211497
725,3227.768285457042
726,3232.37001563847
727,3235.3707601715837
728,3238.1567276693777
729,3240.1280817429756
730,3242.919331288621
731,3246.6507764579806
732,3246.768849786616
733,3245.6114200896063
734,3242.2359864986406
735,3235.0192268584055
736,3225.923220181382
737,3218.463596883576
738,3210.6276069539003
739,3208.8070514416995
740,3213.9945184261833
741,3218.507614702684
742,3230.4252254510643
743,3249.211732520495
744,3272.120161960587
745,3296.544207342969
746,3322.0839789943016
747,3346.568436005002
748,3369.3757843602684
749,3389.925353304919
750,3410.9085782043735
751,3431.293251200967
752,3451.6313656367365
753,3470.763674936365
754,3488.3871860964573
755,3506.196282728386
756,3523.155843471769
757,3539.882488331771
758,3555.171229539595
759,3569.9698307885706
760,3583.284302257039
761,3594.5595612521397
762,3602.767847615296
763,3606.9640456510833
764,3609.8467639196324
765,3608.4970146008936
766,3603.1018412040307
767,3595.485192774513
768,3585.6469208349413
769,3572.5692578941794
770,3558.0129387993206
771,3539.7801947434464
772,3519.644615875934
773,3499.96081156559
774,3483.0209597559356
775,3467.032744608071
776,3452.461903416578
777,3438.9985142503333
778,3427.9044084386474
779,3418.7480004262507
780,3409.6764364057713
781,3401.66215304667
782,3395.6093875228116
783,3390.7381427095947
784,3387.2993400009796
785,3386.4231667269983
786,3386.8183033747237
787,3388.5961710924366
788,3390.585721108361
789,3392.6729571669343
790,3392.340195166931
791,3390.771022712198
792,3389.277411157634
793,3388.8323884199567
794,3388.707102342758
795,3390.451829213736
796,3394.5504640483555
797,3402.32354629818
798,3409.086127855528
799,3418.7294423412995
800,3428.831957542977
801,3438.7354566614517
802,3448.971312378944
803,3456.195060564003
804,3462.406027310373
805,3465.776524527798
806,3465.284914624072
807,3462.4767274606816
808,3459.287443698499
809,3454.318539273913
810,3449.3537556874776
811,3444.6845995310664
812,3440.0586752931886
813,3437.1850308427033
814,3434.4315921783136
815,3433.317564271145
816,3434.7179356177026
817,3438.513998787233
818,3446.6523150996204
819,3457.3721768187615
820,3469.2983195686866
821,3482.923838858101
822,3500.6981352296375
823,3517.848559759965
824,3537.0231596468257
825,3556.4070786680795
826,3574.1141996647625
827,3589.4378937858605
828,3602.0410773787517
829,3613.1627600975603
830,3622.59082297792
831,3629.615894867881
832,3635.3339904632007
833,3640.561892079564
834,3642.904521086381
835,3642.605401408048
836,3639.5439749054226
837,3633.0828616883905
838,3624.939619637328
839,3614.2035635987463
840,3602.467760811973
841,3591.539141079342
842,3580.9414853877606
843,3570.9022374441424
844,3562.4956735151486
845,3555.745911621624
846,3547.820690653898
847,3539.312342899083
848,3528.5033370273095
849,3516.6967384008844
850,3504.958595891691
851,3495.7309475869833
852,3490.0907233640555
853,3487.380790820409
854,3489.2340733668416
855,3490.8464291822374
856,3496.361090488928
857,3505.592514934887
858,3516.5689922240804
859,3528.282005097236
860,3539.3792344950084
861,3549.042759047633
862,3556.1928025962316
863,3562.105851675321
864,3568.5256416371362
865,3574.6364069559136
866,3578.657554220255
867,3580.6148443583247
868,3580.252388139677
869,3577.741052830763
870,3575.5994941626786
871,3569.0874794126908
872,3559.182404864667
873,3547.477360182044
874,3532.2169292153703
875,3517.9614948956746
876,3503.188518405643
877,3487.961785227273
878,3471.749355302913
879,3457.221782281611
880,3443.2466635499554
881,3430.075748983107
882,3419.7860991637544
883,3411.289947825644
884,3404.1046252242586
885,3397.1753466829973
886,3389.450560368707
887,3382.900300494815
888,3377.8969279413022
889,3372.7328506001613
890,3368.7607573910796
891,3365.165549705572
892,3362.685136187052
893,3360.77526770056
894,3356.9350121798657
895,3352.3081013918336
896,3349.2585660729
897,3345.587619508387
898,3341.2718339080707
899,3334.5813344620487
900,3325.4791164566354
901,3316.255026187706
902,3304.3717807754338
903,3292.21578181211
904,3280.907964192696
905,3269.3139892220715
906,3258.4722349021567
907,3246.663452251129
908,3235.7671602018463
909,3226.8501884082766
910,3221.165041964536
911,3220.149759245746
912,3219.2664632803985
913,3222.5330403371904
914,3230.214527935316
915,3240.379791112381
916,3254.566152060611
917,3274.522049450872
918,3299.3983661848324
919,3328.853173153656
920,3361.457374965573
921,3395.9070176546506
922,3432.975407614151
923,3472.3947364601772
924,3511.14267450491
925,3549.697772826059
926,3586.012166929951
927,3620.929630531815
928,3652.505836800755
929,3682.3101970809043
930,3707.6913963620163
931,3729.0964008103665
932,3745.536428482756
933,3757.964980808799
934,3768.9826120890493
935,3777.978002508842
936,3783.3073169485497
937,3786.617697828287
938,3788.8712985322554
939,3790.3724087922265
940,3789.767059298775
941,3788.527334572508
942,3786.164584283376
943,3783.828478282477
944,3777.8881610090166
945,3771.382159727778
946,3763.4968925337416
947,3755.168513436936
948,3744.753989368081
949,3733.648825126612
950,3723.235991499023
951,3711.5681511897906
952,3699.9384958864475
953,3688.5485605604567
954,3676.9926033797324
955,3664.607498904723
956,3651.61739846353
957,3637.1523936665417
958,3622.1431026721752
959,3607.3530637382055
960,3592.83889952575
961,3577.626009619383
962,3561.6385684837246
963,3547.682845288743
964,3532.60038051077
965,3517.0649183019714
966,3499.4197272284973
967,3479.160536835448
968,3454.9111891310054
969,3433.8142566281404
970,3409.942128831861
971,3382.479508631133
972,3352.411495546517
973,3319.956843560723
974,3284.075857613077
975,3244.0618962566537
976,3201.3525401729084
977,3156.0452159376055
978,3111.5452822090015
979,3068.7732559650844
980,3027.944492146494
981,2990.206140640783
982,2954.8020680139
983,2923.0730281714873
984,2892.983848128549
985,2865.9636411947745
986,2840.275355923277
987,2816.513724870335
988,2795.572161005294
989,2777.6878758767516
990,2762.6945812165714
991,2749.8855963599913
992,2738.8831799307377
993,2730.0378523732716
994,2724.0713747505783
995,2720.8538127397783
996,2721.759012802323
997,2725.5124834493154
998,2730.934127994456
999,2738.5131222634154
1000,2748.0137252124
1001,2762.3116326769555
1002,2779.53501910336
1003,2798.999818896783
1004,2820.4708866670694
1005,2844.636855331433
1006,2869.690423501153
1007,2895.9429252073296
1008,2923.5128823566274
1009,2950.55401223353
1010,2978.903944658472
1011,3008.0020818117055
1012,3037.5262004251604
1013,3067.0397400261168
1014,3094.3725257035344
1015,3120.510047957128
1016,3144.230815565567
1017,3165.3315283153593
1018,3183.171626013027
1019,3198.505738702499
1020,3211.221603546083
1021,3222.941935618324
1022,3231.4189693567437
1023,3236.8229544663595
1024,3240.85356111923
1025,3241.937039362462
1026,3242.8796654340745
1027,3242.5780405049527
1028,3241.8538799023067
1029,3241.1839516717464
1030,3242.1218012960762
1031,3243.7965057286738
1032,3246.669276537753
1033,3250.3981685155845
1034,3254.1685227076214
1035,3259.37262813327
1036,3264.973926220344
1037,3272.2254712293525
1038,3280.5136435894915
1039,3289.562651390049
1040,3298.0381688857024
1041,3305.0652640358635
1042,3309.9717656366897
1043,3313.9030102740094
1044,3314.976380245466
1045,3313.08024969058
1046,3309.260971905183
1047,3303.8579332885984
1048,3295.0174008028757
1049,3283.04371158282
1050,3268.1829418161246
1051,3249.4530407156776
1052,3229.3835173933767
1053,3206.9160941934547
1054,3182.9562410952003
1055,3158.8217131182532
1056,3133.1948229046147
1057,3107.620159632315
1058,3081.3865213547197
1059,3056.4681123602795
1060,3032.9939058014074
1061,3011.3919870733066
1062,2990.8527098872282
1063,2969.977175277756
1064,2950.9127495478615
1065,2933.45275760337
1066,2917.3565640047286
1067,2901.7643965536145
1068,2887.2465351458172
1069,2875.886857294487
1070,2866.465253403405
1071,2859.906194570055
1072,2857.134096656233
1073,2859.262339465298
1074,2865.244436863604
1075,2876.1873417158117
1076,2892.9227983526107
1077,2915.2994398542014
1078,2943.147259410618
1079,2975.021582182746
1080,3009.414309041925
1081,3045.1956355659245
1082,3080.9501808519344
1083,3112.056635250762
1084,3143.788057434596
1085,3176.5656163706976
1086,3210.5853473313014
1087,3246.5273624160145
1088,3285.286919315267
1089,3326.028624539623
1090,3368.0975454688296
1091,3411.493061919246
1092,3455.307264060262
1093,3500.5811071356243
1094,3546.682526419273
1095,3594.220946267969
1096,3642.7774491524324
1097,3692.6750822647687
1098,3743.2753881678254
1099,3793.291562865526
1100,3844.1721115204573
1101,3893.9650339569353
1102,3942.5413714339634
1103,3989.204323458759
1104,4032.779513542519
1105,4073.7281458304374
1106,4111.883138543776
1107,4146.865795731138
1108,4180.285923026287
1109,4211.213527466401
1110,4238.632966558949
1111,4262.225353561341
1112,4282.521119010722
1113,4299.89105334728
1114,4315.125345820692
1115,4327.8016690019795
1116,4336.992353476287
1117,4342.602938877376
1118,4343.450665420386
1119,4341.906807935378
1120,4335.665816373778
1121,4324.938651843793
1122,4309.642642953057
1123,4289.595754697822
1124,4265.472999370896
1125,4238.171285656151
1126,4205.488353391621
1127,4168.17381255054
1128,4127.7073402365195
1129,4083.5802461376416
1130,4037.533083311248
1131,3990.615201864276
1132,3942.4406717843185
1133,3891.670970830272
1134,3840.1700389635103
1135,3786.3131905845976
1136,3731.2263353626427
1137,3674.306351572053
1138,3615.625541309572
1139,3555.7071098415395
1140,3503.578074464351
1141,3449.0843178034856
1142,3393.2522818904895
1143,3335.884614534924
1144,3277.644007616354
1145,3218.725986604752
1146,3161.5684915236425
1147,3106.20180464292
1148,3052.1417265564605
1149,2999.624715605152
1150,2950.147348612766
1151,2903.1246193353386
1152,2858.0918701202936
1153,2817.1832498911504
1154,2780.140489134241
1155,2746.7353131030027
1156,2718.6246877585545
1157,2693.927525174162
1158,2672.418202250426
1159,2652.574562387087
1160,2634.946428093711
1161,2620.1235814955085
1162,2607.7953978760443
1163,2598.2941572399045
1164,2591.582802303915
1165,2587.4192339261654
1166,2584.1770313000134
1167,2582.015022803576
1168,2581.8700873078924
1169,2583.059008913792
1170,2588.6334588528157
1171,2597.051924159884
1172,2607.9446072180463
1173,2620.778254313346
1174,2634.918678239029
1175,2650.773984728233
1176,2665.876319927233
1177,2681.6102710756136
1178,2697.531274815999
1179,2712.7138128513075
1180,2728.3942496413347
1181,2743.014658304109
1182,2757.4979808785397
1183,2771.9605998547563
1184,2786.3141159861384
1185,2799.520053602512
1186,2811.0971055889854
1187,2821.8299277447904
1188,2832.5250010563445
1189,2842.1447907339552
1190,2853.2040145626192
1191,2864.6633861415207
1192,2875.49711222647
1193,2885.7953366975457
1194,2894.365758233947
1195,2901.5455161376212
1196,2907.2442812222853
1197,2912.1924419906554
1198,2915.575744830241
1199,2918.4982821444733
1200,2922.726432439839
1201,2928.9826035514466
1202,2937.279239173771
1203,2948.0952865451154
1204,2962.5400507835775
1205,2978.1573332661296
1206,2994.8379662176258
1207,3011.611947396159
1208,3029.5395450327137
1209,3049.228084928329
1210,3069.6674761561394
1211,3090.4192087506462
1212,3112.317747896795
1213,3133.4559334002693
1214,3153.406091323585
1215,3172.781984446167
1216,3191.235711587338
1217,3209.913000201679
1218,3229.271237977044
1219,3249.4309119781497
1220,3268.8972235343417
1221,3287.6284887070306
1222,3304.3497231371475
1223,3320.4187311369865
1224,3334.577308660492
1225,3346.6209666853706
1226,3357.0997057626882
1227,3367.0691380093444
1228,3378.1297909414307
1229,3389.966490390492
1230,3401.725892157582
1231,3412.9206021823657
1232,3423.2745414266906
1233,3432.636822978091
1234,3440.055297150987
1235,3446.1234470759377
1236,3451.043160049457
1237,3455.3761801631526
1238,3458.87479621337
1239,3461.6786128462227
1240,3463.585272699967
1241,3463.6315443171125
1242,3461.8043945184454
1243,3456.783940996722
1244,3448.3896214735796
1245,3438.5815623002222
1246,3428.4559475588453
1247,3418.7722508512056
1248,3411.1855990340987
1249,3405.6095524057782
1250,3401.005989784044
1251,3394.915781586863
1252,3385.078947895612
1253,3369.992653093621
1254,3356.8968387547034
1255,3339.227253233944
1256,3318.376949452832
1257,3297.1483188941443
1258,3277.0964440504836
1259,3260.7283486259557
1260,3248.49091052438
1261,3239.6693852043595
1262,3233.2020752716007
1263,3228.584432370642
1264,3225.3945984875463
1265,3224.8397727209385
1266,3227.1800718711643
1267,3233.3626677209463
1268,3242.907533670042
1269,3254.5890046455206
1270,3266.7709430572186
1271,3279.272801838654
1272,3292.214004360481
1273,3302.9144073954953
1274,3314.2025722353505
1275,3326.2491197469544
1276,3341.022168837618
1277,3355.544195411445
1278,3370.302627375448
1279,3385.8924753122883
1280,3400.5729499571867
1281,3413.829680909102
1282,3426.497157671043
1283,3440.3095330418005
1284,3455.17159044005
1285,3470.208480076954
1286,3485.9428068236066
1287,3501.8783700177896
1288,3517.5932979642885
1289,3533.7669487282587
1290,3549.99150524996
1291,3565.6466882157474
1292,3581.6049087055003
1293,3597.8958720116125
1294,3612.561994628972
1295,3626.7833141923234
1296,3639.732736606745
1297,3652.9729412708507
1298,3665.9810934222346
1299,3677.6566350144135
1300,3687.789472366322
1301,3696.612676236526
1302,3705.006110338521
1303,3711.735072281029
1304,3717.829745224056
1305,3725.0188802581665
1306,3729.784276844765
1307,3732.564952108338
1308,3731.750407670493
1309,3726.72929169158
1310,3717.6449909703997
1311,3709.7416493429732
1312,3695.691426193659
1313,3675.3231629401384
1314,3651.1063836660933
1315,3622.9894030019723
1316,3590.775846867352
1317,3555.0891467981587
1318,3516.884454223682
1319,3475.466826240934
1320,3433.563459422131
1321,3389.32603634426
1322,3344.126539982345
1323,3300.0632116266806
1324,3256.035876259159
1325,3213.748067323138
1326,3171.7290725749776
1327,3131.924717730012
1328,3095.0814775979375
1329,3060.9948101511072
1330,3029.8778604552194
1331,3001.000615630186
1332,2975.6462846167333
1333,2952.990110758399
1334,2933.5416983993227
1335,2916.8401997642673
1336,2902.1128493971573
1337,2890.222626315317
1338,2880.4719623858723
1339,2872.5655262798314
1340,2867.5008165864165
1341,2864.6602882938955
1342,2864.094965428834
1343,2865.594973110259
1344,2867.971745896398
1345,2871.7033758048083
1346,2876.0587595698216
1347,2882.5859479493984
1348,2892.4426040730164
1349,2903.6597660734983
1350,2918.094825611197
1351,2934.4638924778515
1352,2954.191194986329
1353,2979.002371259843
1354,3008.4631163569184
1355,3042.0282958505013
1356,3078.952117769035
1357,3119.6900619651774
1358,3163.8708339232758
1359,3211.5262854048465
1360,3260.3053841899073
1361,3311.1933664139938
1362,3364.188711505456
1363,3420.040579741487
1364,3477.7897904630895
1365,3536.4837704597076
1366,3596.295662357948
1367,3657.435761886554
1368,3710.6276484764417
1369,3765.444127450937
1370,3821.8798667555493
1371,3879.08336386184
1372,3936.167599012848
1373,3993.1502658385534
1374,4049.7998768822317
1375,4104.9057666973395
1376,4157.141334951311
1377,4207.9685417199025
1378,4256.888748287634
1379,4303.033261840675
1380,4345.714918654626
1381,4384.554383598017
1382,4419.464081573948
1383,4448.87091906201
1384,4473.256287873269
1385,4493.254970687101
1386,4510.176961771001
1387,4522.163932040908
1388,4529.3030737274175
1389,4534.239929554773
1390,4536.422443085756
1391,4535.343666027901
1392,4533.626298190822
1393,4530.1119320061425
1394,4525.6041523870235
1395,4519.505020151655
1396,4512.272865248273
1397,4502.301350508229
1398,4489.156940581062
1399,4473.053168462248
1400,4453.077168221848
1401,4430.349351293868
1402,4405.150438419543
1403,4377.010369775165
1404,4346.253961451156
1405,4311.187733269469
1406,4270.713323845565
1407,4225.022842287789
1408,4173.544238535296
1409,4119.026977790085
1410,4064.582569958906
1411,4009.0890473973914
1412,3951.5936528370285
1413,3893.4800979507077
1414,3834.945386006002
1415,3775.233585465198
1416,3716.1696670739516
1417,3656.8475731043095
1418,3597.727329967122
1419,3538.512548706231
1420,3479.084453311499
1421,3417.9387111531405
1422,3356.7713266364017
1423,3294.854219941582
1424,3233.3754437871025
1425,3179.8889085327055
1426,3125.784515844716
1427,3072.268106169043
1428,3021.8371490617574
1429,2977.2553255525136
1430,2939.8944630034594
1431,2908.6858150343296
1432,2885.3093867874563
1433,2866.810960558494
1434,2853.346538439867
1435,2845.0737653913943
1436,2841.331519061114
1437,2840.094457127335
1438,2843.1687361845666
1439,2849.9276135877617
1440,2860.9218039540897
1441,2874.316631483034
1442,2892.9578451759407
1443,2914.2909603870644
1444,2937.282498403084
1445,2959.8201546007845
1446,2982.472455727144
1447,3006.1734369816754
1448,3029.8059218579256
1449,3055.3853228988905
1450,3081.2084972825864
1451,3106.239878389992
1452,3129.599014004885
1453,3151.350083030412
1454,3172.4467147188166
1455,3192.873642621334
1456,3214.219954947867
1457,3234.8231715713673
1458,3254.5372700544917
1459,3274.534107465056
1460,3293.3611203847818
1461,3310.521902253256
1462,3327.0562841145443
1463,3343.473903979296
1464,3359.2046131437614
1465,3373.4845966162275
1466,3388.5248439534935
1467,3402.7501304688576
1468,3417.990690182871
1469,3434.3331394524403
1470,3451.4984969820607
1471,3470.857113705233
1472,3491.059503025254
1473,3513.704054168447
1474,3537.85293288822
1475,3564.0728257575256
1476,3591.996095474995
1477,3620.869170513355
1478,3647.5952914488344
1479,3671.2089191589403
1480,3693.1679090137113
1481,3710.9494994062234
1482,3726.4194830477095
1483,3737.4887721402206
1484,3743.5862170660207
1485,3744.9346512131847
1486,3740.8778854040747
1487,3730.9945146841696
1488,3715.4188181793274
1489,3694.4139417574484
1490,3668.789388824112
1491,3640.43342735517
1492,3609.4355144419883
1493,3577.501735236808
1494,3545.438811581503
1495,3513.279367800203
1496,3481.841039497718
1497,3452.0565915405887
1498,3424.237771119122
1499,3397.9009793153004
1500,3372.7789310645167
1501,3349.2807421990915
1502,3328.8801355765304
1503,3311.429802820767
1504,3295.754119280865
1505,3282.3948158091375
1506,3272.236532503576
1507,3264.0850065427853
1508,3258.7403044628145
1509,3256.8296748838898
1510,3258.2308816301843
1511,3262.450393084334
1512,3268.8820902070206
1513,3278.0961754882483
1514,3288.7397714553945
1515,3300.2749292588087
1516,3312.1655689953354
1517,3325.524703085454
1518,3339.333718653154
1519,3354.314096790205
1520,3370.343261017613
1521,3385.039923960955
1522,3398.9535798514157
1523,3410.9432787098926
1524,3421.1397679467213
1525,3429.321900400658
1526,3436.4143413584134
1527,3441.2995613669787
1528,3445.107717635438
1529,3447.0025155168814
1530,3445.734026424504
1531,3441.918217270046
1532,3437.0812549729844
1533,3430.620156601162
1534,3421.6639717471844
1535,3411.450060875553
1536,3401.091767398722
1537,3389.445613848895
1538,3378.9813425447487
1539,3369.8774265101415
1540,3362.3855518518703
1541,3354.8783829133226
1542,3346.1694494455874
1543,3338.0840283128928
1544,3330.759815592851
1545,3323.717051055393
1546,3316.179565104843
1547,3307.155305560812
1548,3298.5127751844307
1549,3290.1887996806618
1550,3282.8876694852056
1551,3275.2982278656123
1552,3266.7785302371713
1553,3257.545743009934
1554,3246.238013176502
1555,3235.8944079823236
1556,3226.4756572636297
1557,3217.269884401415
1558,3209.177304223554
1559,3203.510502670059
1560,3198.4259119834414
1561,3194.2595199473967
1562,3191.31089215851
1563,3188.3112769272584
1564,3184.8343121033636
1565,3180.1264505905497
1566,3174.7586877967824
1567,3170.2148077248276
1568,3165.567084527358
1569,3162.6864996023373
1570,3162.9317868901567
1571,3165.7995804854486
1572,3172.0427547970685
1573,3179.925305580926
1574,3189.267040226544
1575,3198.0836553502327
1576,3206.580147174398
1577,3214.717543418655
1578,3223.6561738089063
1579,3232.131895766456
1580,3241.2572025805985
1581,3252.1932098777365
1582,3266.515072202227
1583,3282.782102414858
1584,3300.238414139307
1585,3320.131517394693
1586,3343.0886306175794
1587,3367.952774102725
1588,3394.0320035848436
1589,3422.709183324615
1590,3452.778704977832
1591,3483.9971000232395
1592,3514.556167578978
1593,3544.91727199519
1594,3573.0744674231796
1595,3600.557616314382
1596,3624.4679558497287
1597,3647.7712152429303
1598,3673.9919006703863
1599,3701.2547174279425
1600,3729.436101095779
1601,3758.75622149797
1602,3791.376207213735
1603,3825.6771627634334
1604,3861.834934649007
1605,3900.3137662310924
1606,3939.8785119533813
1607,3979.484648879963
1608,4020.316354636243
1609,4060.4501108606473
1610,4097.561154750146
1611,4131.1540406606455
1612,4161.005940327508
1613,4188.087465904914
1614,4211.706396729469
1615,4233.61909496227
1616,4252.676967521539
1617,4268.403637989364
1618,4280.839159423722
1619,4290.2205457643395
1620,4298.093615892
1621,4303.170965775331
1622,4306.806302983052
1623,4309.4505019548105
1624,4311.422835271511
1625,4312.760886112974
1626,4313.336406398226
1627,4312.34015200571
1628,4308.30777207028
1629,4302.733314533494
1630,4296.755912881364
1631,4289.430369992013
1632,4279.628057482557
1633,4268.418528859922
1634,4256.904193153259
1635,4243.927774539664
1636,4228.674843785068
1637,4211.365973090779
1638,4193.033570248952
1639,4171.831101795689
1640,4150.165446596446
1641,4129.022805493904
1642,4107.982653422511
1643,4089.0817047710593
1644,4070.099354753524
1645,4053.0355477330218
1646,4037.018105705591
1647,4020.9937884664228
1648,4003.7118803287194
1649,3986.539038442291
1650,3969.1547568318792
1651,3949.628034026737
1652,3928.3641176866663
1653,3909.8645104708035
1654,3887.536597980926
1655,3861.063776910928
1656,3832.432733982074
1657,3803.508088925012
1658,3776.2108748238875
1659,3749.573613596697
1660,3726.0734587241627
1661,3704.1480073312637
1662,3685.3066646426596
1663,3668.8848249803436
1664,3657.1627003011413
1665,3647.3948700127953
1666,3641.7989256213855
1667,3639.6280751487807
1668,3640.3243435786812
1669,3641.8526731344978
1670,3645.460862093417
1671,3649.975268674826
1672,3656.2556348339135
1673,3664.0950828376176
1674,3674.434205535711
1675,3686.446088733814
1676,3697.890311212826
1677,3709.824043090485
1678,3721.455209388376
1679,3731.925917084175
1680,3740.715898825258
1681,3749.170906705206
1682,3758.831280821656
1683,3770.17168928872
1684,3782.494674214306
1685,3795.9447131865736
1686,3811.427645376796
1687,3826.93490314447
1688,3841.9613912671903
1689,3857.0223480612544
1690,3872.4667542546163
1691,3888.580969030829
1692,3904.4524289825304
1693,3919.8848993660436
1694,3935.018724172717
1695,3949.3895193981593
1696,3963.333368352202
1697,3976.282116559019
1698,3988.563716916515
1699,3999.5607709453984
1700,4008.911556336833
1701,4016.839477109765
1702,4022.2516076733614
1703,4025.147426430082
1704,4025.1607983860376
1705,4022.0584289594917
1706,4015.273097915473
1707,4003.143224280599
1708,3988.3657376855426
1709,3969.6368287286487
1710,3953.342677936151
1711,3934.89664772335
1712,3915.9922023330537
1713,3895.1755030124764
1714,3873.674611773305
1715,3853.680010858341
1716,3835.5912014955265
1717,3820.090080701583
1718,3805.332527402275
1719,3793.0882103232593
1720,3779.32906353313
1721,3763.544701042101
1722,3746.4712215201275
1723,3728.848040021706
1724,3711.151366604888
1725,3692.304322099024
1726,3672.481873267902
1727,3652.707183080374
1728,3632.8851601500155
1729,3611.8556075521847
1730,3590.4408801748905
1731,3571.6365781202194
1732,3554.5740732544946
1733,3536.736747087729
1734,3518.794679270177
1735,3501.483468094194
1736,3484.1226691662796
1737,3463.881584739576
1738,3442.8654536439763
1739,3420.9100904045827
1740,3398.7490547024545
1741,3377.1280514438963
1742,3357.124597474699
1743,3338.1829095704297
1744,3318.101651060842
1745,3298.587227138237
1746,3281.4330760882503
1747,3265.576458954325
1748,3250.386956923614
1749,3235.034363911163
1750,3220.6861375139993
1751,3208.0916228869205
1752,3200.197241832989
1753,3196.6181855799073
1754,3197.8708042381973
1755,3203.602298768641
1756,3213.743792221932
1757,3230.2151862230494
1758,3250.5910980616786
1759,3273.989182790432
1760,3299.4517755895426
1761,3329.221991157417
1762,3359.8144582098325
1763,3389.085206563764
1764,3415.3434443495853
1765,3439.7074980716015
1766,3459.6045976133264
1767,3476.915074214627
1768,3491.9126137554395
1769,3502.8548883350877
1770,3509.6755154702455
1771,3514.655724651814
1772,3517.99151720873
1773,3519.3466459505566
1774,3520.4242004834837
1775,3520.305071168965
1776,3523.3615782664338
1777,3529.069231641989
1778,3535.974103666144
1779,3543.050431092814
1780,3550.565012139765
1781,3557.676712791232
1782,3564.590045417565
1783,3569.9281404804256
1784,3574.6571576226374
1785,3578.3647300454527
1786,3580.001493868917
1787,3581.1741569814317
1788,3582.393557064153
1789,3583.28690433011
1790,3584.4335136116183
1791,3586.9107166917597
1792,3588.2758143380097
1793,3588.9847765199384
1794,3588.589585901257
1795,3587.242966778047
1796,3584.6962531573995
1797,3581.9686846742334
1798,3579.130120252083
1799,3574.491108431469
1800,3569.0207390649425
1801,3561.8457889172405
1802,3552.4535846178874
1803,3539.926924283965
1804,3524.3545452912035
1805,3504.676419011503
1806,3481.69691002183
1807,3457.7238617916423
1808,3432.0544239372657
1809,3404.453889197525
1810,3375.2714927215247
1811,3344.8915221173825
1812,3314.349803671211
1813,3283.809492808451
1814,3253.4638621471595
1815,3225.3018172006177
1816,3199.1344643182133
1817,3174.744629029377
1818,3152.4542812629584
1819,3132.194068765681
1820,3112.3043568715943
1821,3091.8595857203472
1822,3070.1785160395407
1823,3046.688537024251
1824,3026.2522552809487
1825,3003.9849891642148
1826,2980.852761637308
1827,2956.770662423116
1828,2933.9167852736828
1829,2912.7406892978047
1830,2894.6149825767
1831,2879.0220316863897
1832,2865.561319837587
1833,2854.2907289245804
1834,2844.878679281705
1835,2837.252962209355
1836,2831.450233742766
1837,2827.5896315241143
1838,2825.5409418868057
1839,2823.1367641342695
1840,2818.762652855472
1841,2813.567602102322
1842,2806.28393044017
1843,2798.1686280854724
1844,2790.3445828566923
1845,2783.754502255642
1846,2778.175717233187
1847,2773.251950389691
1848,2768.305420905266
1849,2761.3952352488627
1850,2754.6622642268317
1851,2747.7483262969963
1852,2741.081637615114
1853,2735.447535490401
1854,2732.8806563593635
1855,2733.767164729203
1856,2736.0051355904397
1857,2742.2255799113404
1858,2749.5068157525816
1859,2758.0560113090655
1860,2765.8743320714866
1861,2775.9048651995117
1862,2787.2047587687916
1863,2800.025071614466
1864,2814.0844423874228
1865,2830.2150404200984
1866,2847.668950330426
1867,2865.2462424367645
1868,2884.556824335864
1869,2903.924259785839
1870,2924.3961744581816
1871,2946.1927087048084
1872,2970.3193069019135
1873,2996.9417936528234
1874,3027.5492956146445
1875,3061.0295870990694
1876,3096.1881979968666
1877,3132.558573884007
1878,3168.574940360821
1879,3201.4668431029218
1880,3229.877379266702
1881,3254.594545729192
1882,3276.046864525316
1883,3296.270220832815
1884,3316.1592641505536
1885,3333.4752867643065
1886,3349.1888643123007
1887,3363.692697655175
1888,3377.8585132771377
1889,3391.1510163796866
1890,3405.4474304910295
1891,3420.2032556404956
1892,3435.30722621048
1893,3451.073763655506
1894,3469.802751697477
1895,3491.687597136713
1896,3514.038760826957
1897,3536.5604457017484
1898,3559.282711822605
1899,3581.615640712185
1900,3604.9908647488646
1901,3627.715929072824
1902,3650.0449097160244
1903,3670.6550150220082
1904,3689.170563154389
1905,3705.7859717434644
1906,3720.6445030936293
1907,3733.932207453891
1908,3745.007280192267
1909,3753.8494506797824
1910,3763.5401128511617
1911,3772.4786145350145
1912,3781.5228344269517
1913,3788.6212588322933
1914,3795.620598578365
1915,3803.0187319017477
1916,3808.0500552653953
1917,3811.9569382075642
1918,3814.045163037453
1919,3814.635439177425
1920,3812.6320051071384
1921,3808.9367024478183
1922,3804.2330510170814
1923,3797.469469503729
1924,3791.1870827369867
1925,3782.9043609807254
1926,3774.744482240452
1927,3767.2968877931407
1928,3758.0537934736813
1929,3749.902449908509
1930,3741.5723129827315
1931,3736.7121414185967
1932,3732.866666524122
1933,3729.7503769328155
1934,3725.5951991392685
1935,3721.695794371521
1936,3715.191923814392
1937,3704.6816339219513
1938,3695.537681715528
1939,3684.665227541449
1940,3674.0680476609828
1941,3663.6879171285773
1942,3655.1339717266114
1943,3647.25718830981
1944,3642.923580985115
1945,3641.134185144432
1946,3639.4093768709613
1947,3637.858847333655
1948,3636.061462194273
1949,3632.473282232026
1950,3630.009061624228
1951,3626.311802415664
1952,3622.908763101712
1953,3619.4111206913954
1954,3617.8828123696344
1955,3618.295921167057
1956,3619.38523082764
1957,3620.6055999606
1958,3625.4605127604746
1959,3632.5546410760294
1960,3641.8664925228136
1961,3654.1759085924045
1962,3668.7036690082036
1963,3685.3026712455576
1964,3704.1816221216677
1965,3723.0492302325642
1966,3743.235233705175
1967,3763.1900927519314
1968,3782.038649950858
1969,3801.5507229724994
1970,3820.520541001777
1971,3842.500540995089
1972,3865.367934095686
1973,3887.7614262023912
1974,3909.416033068871
1975,3928.182945014194
1976,3945.0058863462173
1977,3959.590030289788
1978,3974.4367127127894
1979,3989.566357518375
1980,4002.784516779677
1981,4015.628531256649
1982,4026.8460515476127
1983,4038.383349819937
1984,4045.9610465761216
1985,4051.964517286928
1986,4055.736199231534
1987,4058.343679021871
1988,4058.9334088187925
1989,4058.182722689358
1990,4056.448553741016
1991,4056.1236039476544
1992,4053.596099694248
1993,4053.0630862426046
1994,4054.056608830915
1995,4054.920973482746
1996,4054.789161648671
1997,4052.178635978696
1998,4047.289796337249
1999,4041.7132568544844
2000,4036.397909878066
2001,4031.9364592425377
2002,4027.554988623102
2003,4024.2245495502143
2004,4020.2704110388236
2005,4013.793884185643
2006,4005.462406005784
2007,3995.1685430552857
2008,3979.697490345708
2009,3960.496675379971
2010,3939.024552039827
2011,3916.274068419584
2012,3891.526858908194
2013,3865.807718387357
2014,3838.1587272694796
2015,3810.153012308465
2016,3780.3686070657654
2017,3746.996165010586
2018,3709.72078047339
2019,3670.662603746575
2020,3628.472287354675
2021,3584.027634979858
2022,3537.1376070242472
2023,3490.4508296903664
2024,3444.9426092742624
2025,3398.354496816593
2026,3352.799781523036
2027,3308.2594264962645
2028,3265.535185202422
2029,3222.9801161775886
2030,3181.9174090752617
2031,3142.1024646708634
2032,3103.8838403824266
2033,3067.2424418705646
2034,3031.1840051381328
2035,2997.1758308197327
2036,2964.3123857175246
2037,2933.219798415116
2038,2906.973845679552
2039,2885.1373137216
2040,2870.413590868063
2041,2859.69578546896
2042,2853.868705565492
2043,2851.574026689699
2044,2852.143965333941
2045,2855.6907981649715
2046,2863.394510355897
2047,2875.549858508201
2048,2891.0391724394694
2049,2910.176967809004
2050,2931.9411790652007
2051,2956.305815796365
2052,2977.503049752478
2053,3003.6944127243746
2054,3032.3582177770563
2055,3061.741772950392
2056,3089.9298931743324
2057,3118.810475029329
2058,3146.3063251082394
2059,3169.7281780657595
2060,3190.3369557454885
2061,3208.99277472015
2062,3226.6670125061974
2063,3244.2748224692136
2064,3262.3500570651413
2065,3281.392778977263
2066,3302.9597951305864
2067,3328.6567360847007
2068,3356.1240806392907
2069,3386.528992967452
2070,3419.7527752514548
2071,3455.64027749066
2072,3492.50602180348
2073,3530.681410341544
2074,3567.7586552773614
2075,3603.193836385485
2076,3637.733607794522
2077,3670.141705975176
2078,3699.989649209341
2079,3728.767351140951
2080,3756.5117573898992
2081,3784.275348339562
2082,3810.218081153021
2083,3834.9565747872666
2084,3860.6141120658735
2085,3884.7659602214494
2086,3907.7104892965945
2087,3930.90120075078
2088,3952.8552688645927
2089,3973.6878122326466
2090,3996.0458193449367
2091,4019.445127704228
2092,4041.8560535294023
2093,4065.758490337631
2094,4086.893746636573
2095,4103.863288152303
2096,4116.864606019579
2097,4125.982059214348
2098,4131.064307944541
2099,4128.320302028148
2100,4120.725772043542
2101,4109.564451874023
2102,4093.4873143082573
2103,4072.388444937088
2104,4046.6938980661803
2105,4018.4963338596276
2106,3989.9526520024315
2107,3963.4799319953395
2108,3940.782714231489
2109,3921.036134776939
2110,3907.142007604181
2111,3897.548534623065
2112,3889.78622876249
2113,3882.2268974209087
2114,3871.3742672862286
2115,3859.3048375730973
2116,3846.2206485283696
2117,3831.5003884846024
2118,3817.0947240677942
2119,3803.251258508739
2120,3789.1024781431147
2121,3775.563628681954
2122,3763.7438381484762
2123,3753.4570141636236
2124,3744.9161921797104
2125,3737.0904114435666
2126,3731.3226306614974
2127,3729.7562892513283
2128,3731.8640293945123
2129,3736.6893157258255
2130,3745.9089759106428
2131,3758.250896139052
2132,3774.869351250965
2133,3794.288561602777
2134,3815.3995567844477
2135,3838.8035012886044
2136,3864.3755059027017
2137,3892.7642367500157
2138,3920.224954212918
2139,3948.0748491287786
2140,3975.5167336330637
2141,4000.2153977633197
2142,4021.532601807211
2143,4041.7110862535105
2144,4059.4256154555706
2145,4074.9272278669496
2146,4089.401228504736
2147,4102.912859536778
2148,4114.281196282413
2149,4123.108891077277
2150,4128.306392530373
2151,4130.098470930698
2152,4127.936822535205
2153,4120.76903439112
2154,4108.933188200381
2155,4094.8351450509012
2156,4078.389940005826
2157,4060.1442516439533
2158,4039.950491356331
2159,4017.1425188274875
2160,3992.4809441734265
2161,3966.5163520241745
2162,3938.7765132880545
2163,3909.1447874109413
2164,3877.283184575833
2165,3843.943435291088
2166,3814.937853413361
2167,3784.3506504978736
2168,3752.6235936239314
2169,3719.517039269329
2170,3685.589845254047
2171,3651.0873332825977
2172,3618.087453089626
2173,3584.8138990274624
2174,3551.373821630869
2175,3517.6935993253537
2176,3483.568511454201
2177,3449.7327681940346
2178,3417.4123393170094
2179,3385.0636359121213
2180,3353.9878013646066
2181,3323.8426843448415
2182,3295.754444486316
2183,3266.8719936514462
2184,3237.974734480069
2185,3209.667995603216
2186,3182.361801253538
2187,3157.992060071236
2188,3135.7504102142266
2189,3116.5151950366803
2190,3101.380518223896
2191,3088.7121740937678
2192,3079.315163777825
2193,3072.625226940485
2194,3068.0496676702746
2195,3065.5926566222897
2196,3065.0030671010413
2197,3066.9299965376
2198,3070.3187788502496
2199,3076.8861303917533
2200,3083.6620135621783
2201,3092.397500081538
2202,3103.019432286612
2203,3113.3815739961105
2204,3123.6641755789287
2205,3134.0515322017177
2206,3144.309902858997
2207,3153.208046747335
2208,3159.78849813596
2209,3165.460122174162
2210,3168.883906282562
2211,3171.0180254559864
2212,3170.398500648271
2213,3167.5012697353677
2214,3163.2223588376846
2215,3157.1550296961705
2216,3149.296435059082
2217,3139.801027513182
2218,3129.871109848051
2219,3118.2626713959567
2220,3105.177519740684
2221,3091.331228497192
2222,3076.858074200243
2223,3064.266429961897
2224,3049.8689295991408
2225,3033.677767774557
2226,3017.074649343246
2227,3000.0660700876774
2228,2983.7945830126096
2229,2968.1065169462204
2230,2951.8168299915005
2231,2936.2884852621646
2232,2921.373078080738
2233,2906.60097134834
2234,2892.544854954132
2235,2878.497135098676
2236,2864.1920268852928
2237,2850.498592057678
2238,2837.7873842212407
2239,2825.194308586951
2240,2812.545647512529
2241,2800.3431719968253
2242,2788.771461627608
2243,2776.656320846855
2244,2764.544287349988
2245,2753.3583970671493
2246,2743.424437672156
2247,2734.6791911638
2248,2726.31527887784
2249,2718.4477931355445
2250,2712.1644983467213
2251,2706.788986182818
2252,2704.832049983925
2253,2705.776234438589
2254,2709.6245343810265
2255,2716.0055676786533
2256,2725.7136915425513
2257,2736.891561546627
2258,2750.223549654943
2259,2765.9111245335043
2260,2784.3221503355658
2261,2805.9602257338856
2262,2830.591522923146
2263,2857.4174134423006
2264,2887.0811227530685
2265,2918.8603520471274
2266,2954.251831290937
2267,2993.88142928384
2268,3037.429267366236
2269,3084.5025716530013
2270,3135.933922240858
2271,3190.484102183003
2272,3248.216540194457
2273,3308.0183437059304
2274,3370.0763298535153
2275,3435.1294127811348
2276,3501.7706845048374
2277,3568.760023197584
2278,3633.1667611979815
2279,3696.812186422207
2280,3752.1837063672842
2281,3806.534068700061
2282,3858.627955003787
2283,3909.511794761999
2284,3958.006131541954
2285,4002.8572186846095
2286,4042.9553538470345
2287,4079.348347582724
2288,4111.237190045542
2289,4139.58789928986
2290,4163.900918840592
2291,4184.781553284585
2292,4202.782431439099
2293,4217.859823442015
2294,4228.716803799676
2295,4236.3149149852115
2296,4241.514784123838
2297,4242.917777356873
2298,4241.041882731755
2299,4234.853634875723
2300,4224.529827295641
2301,4208.068019466168
2302,4186.427741886462
2303,4161.316950192067
2304,4133.713268494243
2305,4103.825838128557
2306,4072.2559020306594
2307,4041.540858818761
2308,4011.334799088813
2309,3981.934081369092
2310,3952.3281970273015
2311,3922.295237034667
2312,3894.3800999684618
2313,3867.74082265755
2314,3844.6655224758356
2315,3826.0525888577613
2316,3811.13169624794
2317,3799.847259947114
2318,3791.4591900472606
2319,3783.157683851457
2320,3774.993814603859
2321,3767.1271474001373
2322,3758.8256224081865
2323,3750.546069399484
2324,3743.254284270405
2325,3734.955253050828
2326,3726.5358809709064
2327,3719.552664964594
2328,3713.354088045651
2329,3708.345171172575
2330,3704.0904343491534
2331,3701.0599576320046
2332,3699.2008512628654
2333,3698.059866156219
2334,3698.43100335634
2335,3703.1184543004233
2336,3710.6118869639186
2337,3717.13117338116
2338,3727.035517452574
2339,3738.446499671221
2340,3751.0234088071297
2341,3764.1325445499224
2342,3777.03934484599
2343,3790.593203559514
2344,3804.4378269566055
2345,3819.403944341088
2346,3836.315472246918
2347,3854.048778511548
2348,3872.5227988864954
2349,3891.9388784499574
2350,3909.8558038432175
2351,3926.816058682077
2352,3944.1077001369617
2353,3962.0598805525206
2354,3979.3111347881336
2355,3995.471080533571
2356,4011.5406316030508
2357,4026.0658447504375
2358,4039.1204027128565
2359,4050.7856414325065
2360,4061.5833993331844
2361,4070.1364751329056
2362,4075.758794131096
2363,4079.2870729947795
2364,4080.1309716205346
2365,4078.863648558818
2366,4075.794174878928
2367,4071.8140010336247
2368,4066.0008455628854
2369,4058.5143334201684
2370,4050.0404918510712
2371,4041.1566911133223
2372,4031.445992906087
2373,4020.239481815898
2374,4008.097525985916
2375,3995.7916381934447
2376,3983.578736752614
2377,3971.4350894894346
2378,3959.567363023965
2379,3946.727455598926
2380,3933.1220112169226
2381,3919.6884397774675
2382,3906.3494262337877
2383,3894.34206378993
2384,3881.8931612762663
2385,3869.527359453777
2386,3857.712661046912
2387,3846.4052121867157
2388,3833.5678015302133
2389,3820.7500671196635
2390,3810.8019488652135
2391,3802.283600939743
2392,3795.604980976633
2393,3791.876981788847
2394,3788.6336224954734
2395,3788.7017248784036
2396,3788.1110340760447
2397,3785.6796547386566
2398,3778.855893601498
2399,3766.0285450198153
2400,3749.5608192538616
2401,3727.1858979767608
2402,3701.2864119994224
2403,3672.8149804986137
2404,3642.4286727983535
2405,3611.577576264197
2406,3580.409230114254
2407,3546.591833807184
2408,3511.5208875431013
2409,3476.220856145823
2410,3441.2073109465514
2411,3405.9513326854512
2412,3373.666743271005
2413,3343.719372128565
2414,3316.4368491054843
2415,3291.0418556198156
2416,3266.2641516229373
2417,3242.6424380894405
2418,3219.2508659739024
2419,3197.2275877162856
2420,3177.969476055894
2421,3161.043284495603
2422,3145.2739003534875
2423,3129.9428712549247
2424,3114.741147722406
2425,3100.449459273798
2426,3086.964260375481
2427,3075.027645700972
2428,3064.9802748059515
2429,3058.7111715379683
2430,3056.737834322172
2431,3057.4774685639727
2432,3060.7372132361447
2433,3067.9266597980695
2434,3077.1130476360427
2435,3088.603985162658
2436,3102.1917323400116
2437,3115.569357545763
2438,3130.6096575740526
2439,3147.834318851298
2440,3165.7281119779195
2441,3184.950148414019
2442,3204.0036358377147
2443,3224.7133718608266
2444,3245.144299051427
2445,3264.95681644305
2446,3285.063415275258
2447,3307.29619078321
2448,3333.2703897560054
2449,3363.5889156126077
2450,3399.7309080469176
2451,3431.1744414647674
2452,3468.848843896241
2453,3511.374003695403
2454,3554.797651704178
2455,3597.248660671087
2456,3637.1402634879873
2457,3674.2715770803206
2458,3707.5245191163935
2459,3737.358178005221
2460,3763.8743031467384
2461,3787.01432739749
2462,3806.756095543243
2463,3821.7894865013327
2464,3831.3731207855694
2465,3837.6920300897027
2466,3841.364990523947
2467,3844.531318839527
2468,3845.1690947322586
2469,3844.2766726335494
2470,3841.779495750426
2471,3836.6067798414515
2472,3829.1723522367665
2473,3818.5460492039056
2474,3805.0262910861907
2475,3788.994728387708
2476,3772.201006506401
2477,3754.482642934778
2478,3735.905566660439
2479,3715.8817737319555
2480,3695.0148802536823
2481,3673.811481583428
2482,3649.8405057417754
2483,3628.488244573718
2484,3609.4731772161213
2485,3595.319889408647
2486,3584.866209191554
2487,3577.060658288689
2488,3573.988939712422
2489,3572.198120059962
2490,3569.4152780570184
2491,3566.845636839382
2492,3564.8387501112757
2493,3561.698642092322
2494,3555.680578837408
2495,3547.3377287142116
2496,3535.6770227780266
2497,3523.629879951872
2498,3508.547839018939
2499,3488.4857155888917
2500,3463.1334828069566
2501,3431.1979781757473
2502,3395.2903961253915
2503,3357.386990772063
2504,3318.555941314141
2505,3279.467538110463
2506,3241.662391598049
2507,3209.200771500523
2508,3180.959162015675
2509,3154.7607952157105
2510,3133.0030293331583
2511,3114.837817240215
2512,3101.2659792927197
2513,3092.7514226548997
2514,3089.0068972342688
2515,3088.7670843245273
2516,3090.815352519943
2517,3094.0040518849423
2518,3097.8102632962273
2519,3101.4954993937836
2520,3105.4069543295213
2521,3108.902045215032
2522,3112.681198279579
2523,3116.464178918041
2524,3121.9337337622355
2525,3128.3977174663696
2526,3137.2824817271326
2527,3147.757283048813
2528,3159.4705996617436
2529,3170.630739379706
2530,3181.024545726527
2531,3191.9232417893054
2532,3205.1648652764966
2533,3219.7041484562037
2534,3233.2912026014105
2535,3247.1308735588254
2536,3257.783851079436
2537,3267.844835811073
2538,3275.4863101974183
2539,3280.717579163375
2540,3285.769651158422
2541,3290.210903526083
2542,3292.6347360048767
2543,3291.3280059395
2544,3287.4069002768815
2545,3281.78991924708
2546,3273.663694676684
2547,3264.312895305266
2548,3254.007018352782
2549,3242.991045322139
2550,3232.2025142197394
2551,3221.6377088787112
2552,3212.692916710577
2553,3206.5637178528414
2554,3200.8000286618876
2555,3197.1157130207225
2556,3196.4283819436023
2557,3195.7783163105123
2558,3197.8575743806678
2559,3203.283563198214
2560,3213.3592863893664
2561,3225.122598826265
2562,3237.695388923583
2563,3249.9386701918756
2564,3263.007680785911
2565,3274.3777200027225
2566,3286.2234607053297
2567,3294.4485891962513
2568,3298.249640036042
2569,3300.367709762449
2570,3300.133058771743
2571,3296.1744259651323
2572,3290.360107133175
2573,3282.35599121361
2574,3271.0123252887947
2575,3258.2269085501343
2576,3243.633712731589
2577,3229.419668144393
2578,3212.6493118408307
2579,3194.5638588052043
2580,3176.233547574542
2581,3158.2583056712965
2582,3142.092512362841
2583,3127.2714148643286
2584,3112.8233262813515
2585,3098.672378724973
2586,3083.6851033896105
2587,3069.21307498652
2588,3053.717857802781
2589,3038.6331531099077
2590,3023.4465450892912
2591,3006.823369045272
2592,2989.0727831218965
2593,2969.7185281037496
2594,2950.880500096593
2595,2930.9977621991775
2596,2909.7235954530133
2597,2887.3711255754833
2598,2866.3336966163647
2599,2846.0447479309287
2600,2828.062270120819
2601,2811.076154188747
2602,2795.2046387582163
2603,2779.510126635171
2604,2764.9373927924453
2605,2751.2868498438356
2606,2740.5357604715737
2607,2734.4446243944017
2608,2731.459304677351
2609,2730.117384352749
2610,2729.5250027187217
2611,2729.8726794792724
2612,2730.45116717148
2613,2731.48167762619
2614,2733.0658313097133
2615,2735.166248048879
2616,2737.0611264909526
2617,2738.7665763279983
2618,2741.244925435113
2619,2745.746041890017
2620,2754.7022236765365
2621,2769.2304626630194
2622,2781.8700305812595
2623,2800.9700168689037
2624,2824.5036072077664
2625,2852.018378879151
2626,2883.4117701144037
2627,2919.2585413563565
2628,2959.4040349013153
2629,3002.9225473783235
2630,3049.0032716958885
2631,3097.1463450833717
2632,3146.414161164341
2633,3196.849391852067
2634,3249.0964086087606
2635,3302.1909144493593
2636,3356.198024701232
2637,3410.576235274793
2638,3464.6345667279625
2639,3515.550780681992
2640,3563.9367024209405
2641,3610.5095198966123
2642,3654.1464762096425
2643,3696.6974650281386
2644,3737.6558564158104
2645,3776.7373625345053
2646,3813.382018385818
2647,3845.975492846529
2648,3876.580667877146
2649,3902.6124289764875
2650,3923.9101842670043
2651,3939.7403223978167
2652,3950.378436855408
2653,3957.3272266613685
2654,3960.986984682145
2655,3960.654490700001
2656,3957.3903665376447
2657,3950.995737285162
2658,3939.223364803728
2659,3925.6588799099677
2660,3910.1507237246656
2661,3892.6918322071897
2662,3873.9719850882666
2663,3856.5797226193968
2664,3838.1217091779267
2665,3819.2908971752877
2666,3799.110976580961
2667,3779.169254712097
2668,3759.1906331552595
2669,3741.1322448920746
2670,3724.74011016681
2671,3711.220199669013
2672,3700.0044369524803
2673,3692.504112838146
2674,3687.7169512962837
2675,3683.784731630287
2676,3679.658441563423
2677,3674.0821170914073
2678,3667.8568802135856
2679,3662.44092412988
2680,3655.4703359024747
2681,3644.9688396166316
2682,3630.2631310404604
2683,3611.3632721022523
2684,3587.3028826087034
2685,3558.2960623262434
2686,3523.044697127876
2687,3483.2660374781226
2688,3439.1780154122557
2689,3394.296387046231
2690,3345.981051187794
2691,3297.2182801121057
2692,3247.3725291850083
2693,3196.2264325651527
2694,3145.2919470919965
2695,3094.056778792917
2696,3044.8163340629203
2697,2998.7923121370536
2698,2957.075051478241
2699,2919.59383459659
2700,2885.135014050787
2701,2853.2866646037755
2702,2825.5506553200676
2703,2801.828570034266
2704,2784.9967863459024
2705,2772.0252658447353
2706,2763.454300953306
2707,2760.1789819626642
2708,2761.4943542453307
2709,2764.8355293700756
2710,2771.931661344631
2711,2782.0492833753406
2712,2794.121152176527
2713,2809.892082918362
2714,2828.1770936659073
2715,2849.536191008975
2716,2875.0588365167864
2717,2901.830684799056
2718,2930.9335922756386
2719,2962.0588265515817
2720,2995.7447468823975
2721,3030.5246480003425
2722,3065.5581054829795
2723,3102.7153037922235
2724,3139.5965412337514
2725,3175.166251634493
2726,3209.5139970735313
2727,3243.1448622608755
2728,3275.7173484719283
2729,3305.9396533617137
2730,3333.894350949
2731,3360.011201947462
2732,3386.54457535254
2733,3414.112782843707
2734,3442.440939628641
2735,3474.9850838925313
2736,3503.298489402115
2737,3536.086277008847
2738,3573.39571972795
2739,3613.2262705681014
2740,3655.370104774245
2741,3699.553283651936
2742,3744.7542642185704
2743,3791.181818553193
2744,3838.0773777420186
2745,3884.219250078896
2746,3928.7800429636372
2747,3973.0517811083387
2748,4018.750664945497
2749,4064.4597620954064
2750,4110.377501463241
2751,4157.352953390724
2752,4204.528211987569
2753,4248.630672347934
2754,4290.093705584298
2755,4330.155147624021
2756,4367.545338104642
2757,4403.020743537281
2758,4436.8294553916585
2759,4467.396229729973
2760,4495.533856808241
2761,4519.885212291222
2762,4540.419974357721
2763,4557.429959740177
2764,4572.046281611899
2765,4583.515786235577
2766,4590.337184056211
2767,4594.195217226374
2768,4594.377413935048
2769,4589.169869494585
2770,4579.548189101419
2771,4566.662756917713
2772,4550.937399451622
2773,4531.493322306018
2774,4508.640645615873
2775,4484.2058083788725
2776,4459.04390184062
2777,4432.684503114108
2778,4406.04589511075
2779,4376.795089512694
2780,4345.449838487906
2781,4314.646669493493
2782,4283.831988197836
2783,4253.440872453194
2784,4223.896606342296
2785,4193.935209630667
2786,4165.178654994002
2787,4136.749099915762
2788,4109.081891361929
2789,4081.4592174341433
2790,4053.6755697119715
2791,4029.1804613047843
2792,4005.5328124345992
2793,3984.9593579175375
2794,3965.431174161164
2795,3947.0916222802075
2796,3928.771245602692
2797,3911.299075405361
2798,3894.0304317239165
2799,3877.4000145619552
2800,3860.9276684770775
2801,3846.6931308183266
2802,3833.9764181899795
2803,3822.1780880496854
2804,3810.3843696412587
2805,3798.163481517548
2806,3785.4148178858036
2807,3772.188173953145
2808,3757.8301291997395
2809,3744.037671667166
2810,3730.853982981239
2811,3716.315678519621
2812,3703.060218933088
2813,3689.497680353907
2814,3676.7086812081284
2815,3665.4754994062173
2816,3656.9812264398834
2817,3651.136542867165
2818,3647.483234262209
2819,3644.4272781470618
2820,3643.1426657888287
2821,3643.376626664135
2822,3645.443984336923
2823,3649.823086571254
2824,3655.5942550438062
2825,3663.0926402471005
2826,3671.120121436428
2827,3680.8962148051046
2828,3691.5253123447064
2829,3703.932649134908
2830,3718.1673332411815
2831,3732.786541374486
2832,3745.394117555195
2833,3756.29147228059
2834,3766.111999402394
2835,3776.452662128428
2836,3787.6726272457636
2837,3798.4237788950113
2838,3810.407069772564
2839,3821.0877335048413
2840,3830.3162591823575
2841,3839.912980028352
2842,3846.59540436891
2843,3850.39037990465
2844,3849.0860199074746
2845,3844.589735784595
2846,3837.5737593766917
2847,3828.088649153178
2848,3814.82722809222
2849,3799.0533085456464
2850,3785.329998540127
2851,3770.938272241137
2852,3754.56406736609
2853,3734.541998817606
2854,3710.983508787
2855,3686.1961347101496
2856,3661.5581927872718
2857,3636.3609680716536
2858,3610.7737563848727
2859,3585.7314234307855
2860,3562.063798991533
2861,3540.8883795341235
2862,3520.6184562900357
2863,3502.029050878489
2864,3485.2279569158354
2865,3468.3511499888596
2866,3449.8127580795776
2867,3432.692843856073
2868,3414.7284248838396
2869,3398.20002766275
2870,3383.736943212766
2871,3370.7793819391304
2872,3358.3410173631864
2873,3346.460650798769
2874,3335.779295502698
2875,3326.5353201389144
2876,3319.296188627159
2877,3315.215501124362
2878,3311.839621841694
2879,3310.297212018243
2880,3309.9163121787014
2881,3310.397103376716
2882,3309.4756328861117
2883,3309.426606959455
2884,3308.9201993633005
2885,3307.9000525049164
2886,3306.5959680419987
2887,3302.9379479326917
2888,3296.739687239714
2889,3290.0139459366656
2890,3280.938054022167
2891,3270.1665675772642
2892,3257.7374675382844
2893,3245.6487384341317
2894,3234.556513532124
2895,3225.6825691113645
2896,3219.101486668346
2897,3214.882315889014
2898,3212.3534830828144
2899,3211.9642289956973
2900,3214.4257911912023
2901,3218.6682214198268
2902,3225.628124845773
2903,3233.6817125369685
2904,3244.0132765715693
2905,3255.4977343524865
2906,3269.5085994527617
2907,3281.698052090001
2908,3295.2194197521703
2909,3310.880568804319
2910,3326.721778409879
2911,3344.9568471082794
2912,3363.4715905218522
2913,3382.500609679027
2914,3402.718730583423
2915,3422.6959237810242
2916,3441.4606798016152
2917,3459.395699010312
2918,3476.494564428081
2919,3492.262343554549
2920,3506.3126714390723
2921,3519.5760893160987
2922,3531.9970300300506
2923,3544.2085188082774
2924,3556.219840170583
2925,3567.3565136754455
2926,3577.4146697204988
2927,3585.2069787003174
2928,3591.6615933008575
2929,3596.6300763164068
2930,3598.608057836123
2931,3598.765192339249
2932,3600.121055367598
2933,3601.1722897351874
2934,3603.0678951920095
2935,3605.346112814385
2936,3607.799157115724
2937,3613.014704451153
2938,3619.9754429254335
2939,3629.2387104150794
2940,3639.765564107897
2941,3651.4905057234514
2942,3663.5572687776985
2943,3673.488111125363
2944,3683.799992138456
2945,3694.512830331702
2946,3704.420965419101
2947,3715.6069382242413
2948,3727.497959354201
2949,3737.699003930706
2950,3746.337661223193
2951,3754.345672335057
2952,3759.255682174834
2953,3762.0033838439836
2954,3761.4553958724646
2955,3758.3815148860017
2956,3753.997997647956
2957,3748.615825571301
2958,3741.979284219867
2959,3735.5973691604004
2960,3728.840599238293
2961,3720.731507306247
2962,3712.1552057278004
2963,3702.7997990120466
2964,3694.66059516934
2965,3686.382458992232
2966,3678.460861838785
2967,3670.3674353171446
2968,3663.5423915581246
2969,3656.02724670881
2970,3649.4965691072416
2971,3645.1936482957767
2972,3643.114851458479
2973,3643.7822712949865
2974,3644.3131950099278
2975,3646.6300279236325
2976,3649.7460919534888
2977,3654.1344344816403
2978,3659.3959545411967
2979,3665.486799194945
2980,3672.218083815561
2981,3679.332383963713
2982,3684.838766045487
2983,3689.648477820232
2984,3694.992267596685
2985,3702.184860380958
2986,3712.1921081522128
2987,3723.506020972085
2988,3735.5913109153207
2989,3749.7827863247144
2990,3764.6509374256657
2991,3779.629556724191
2992,3796.8325932073353
2993,3815.933636960993
2994,3837.1226259463733
2995,3859.9697343874386
2996,3882.483796257374
2997,3904.270539025897
2998,3923.772898025364
2999,3942.8349505659944
3000,3961.0360159169522
3001,3977.5927081702885
3002,3993.210812658425
3003,4008.484540199495
3004,4021.8460051627303
3005,4032.1517550833114
3006,4038.9631865046554
3007,4042.3113828471705
3008,4041.695468605435
3009,4038.317626334359
3010,4031.179850853465
3011,4020.0651749010876
3012,4006.8195258963883
3013,3992.3890219923856
3014,3976.159384472477
3015,3958.6489836439814
3016,3939.167443157148
3017,3918.205599413923
3018,3894.9623485618586
3019,3869.478161622149
3020,3841.3731423266668
3021,3816.921775539598
3022,3788.406209454215
3023,3757.093604197603
3024,3724.49699270109
3025,3693.2611150365115
3026,3663.159276461518
3027,3634.4065159171364
3028,3608.0176861953737
3029,3583.0268467205874
3030,3559.440423764253
3031,3537.22723355542
3032,3516.5932995447147
3033,3497.022634842747
3034,3478.5964853762225
3035,3461.6668458157105
3036,3444.5871986577845
3037,3427.6343701302562
3038,3410.127450968408
3039,3393.3187980513962
3040,3374.74179490461
3041,3352.8349417560157
3042,3329.61956361392
3043,3305.850301318165
3044,3279.911831439111
3045,3252.5418806086514
3046,3224.3087516577266
3047,3195.5848197917394
3048,3166.992353997073
3049,3139.1739179380857
3050,3113.212132123157
3051,3089.233849105869
3052,3065.7871471683916
3053,3043.982534383638
3054,3023.547240331183
3055,3002.120600083528
3056,2983.9219365820745
3057,2968.191211292667
3058,2954.4966923385855
3059,2945.43787167559
3060,2939.1938116912743
3061,2935.523007761424
3062,2935.5052626999695
3063,2940.1886858301405
3064,2947.9734351031984
3065,2959.8752187842074
3066,2975.538400656579
3067,2994.6731840808
3068,3018.0303039850005
3069,3046.8554918792515
3070,3080.109984976886
3071,3116.7875942974365
3072,3157.4981162255594
3073,3199.5493014682593
3074,3240.88775218054
3075,3279.355027637092
3076,3315.647999253435
3077,3348.4669035512497
3078,3377.0193502903485
3079,3401.408878532865
3080,3422.988753431306
3081,3442.6200010173498
3082,3458.530115510962
3083,3473.41118115338
3084,3485.7743410288585
3085,3495.9161428075963
3086,3505.0289296350206
3087,3513.3286989616663
3088,3519.406072915179
3089,3524.6129360764826
3090,3528.7535167964675
3091,3531.6506188329163
3092,3534.3290033870794
3093,3536.5171925459413
3094,3538.630283777383
3095,3540.401354660843
3096,3542.4186563572257
3097,3543.460083889098
3098,3543.2793324038516
3099,3541.066802194566
3100,3535.6415349413205
3101,3528.052897462248
3102,3517.744827887376
3103,3506.0088994986572
3104,3493.736422182907
3105,3481.085000094027
3106,3467.206817512004
3107,3453.488939605372
3108,3439.549796011302
3109,3424.553438987622
3110,3408.672608974235
3111,3392.097241908283
3112,3373.415439742113
3113,3352.033968949059
3114,3328.8804773716647
3115,3303.06514806304
3116,3274.207407047015
3117,3245.4413429067977
3118,3215.48020324241
3119,3183.632814808082
3120,3151.4518626410118
3121,3118.740025816682
3122,3086.128792424403
3123,3052.8691111161156
3124,3018.7450125753485
3125,2984.4232278382756
3126,2949.618343543246
3127,2913.598636852295
3128,2878.286895062327
3129,2843.4458459557254
3130,2812.2660253983445
3131,2782.974322415753
3132,2756.5548998904283
3133,2732.362218824371
3134,2711.1157351157253
3135,2692.6312942892037
3136,2677.491516259298
3137,2664.8450476077414
3138,2653.2715303726573
3139,2641.2853786557926
3140,2628.547579937989
3141,2616.6757627709408
3142,2605.6662745304943
3143,2594.4903182986423
3144,2583.860363895857
3145,2574.9047431368263
3146,2564.937308109637
3147,2554.777038901821
3148,2545.701453832495
3149,2536.533653230982
3150,2526.541830575302
3151,2518.0272244198914
3152,2507.861017523324
3153,2498.5908587752297
3154,2491.3278968937425
3155,2487.153440726305
3156,2486.257524094263
3157,2486.5442787717902
3158,2488.860335034654
3159,2491.81959385188
3160,2493.5932296792203
3161,2497.212500421967
3162,2501.920914881163
3163,2505.625980612885
3164,2507.8139297411676
3165,2509.726299425173
3166,2512.0888594376647
3167,2514.53485410542
3168,2517.5502272431268
3169,2522.1699893263844
3170,2527.7135560344445
3171,2533.2469206688356
3172,2539.172551433382
3173,2545.7149275603965
3174,2553.150948468193
3175,2562.2367941007024
3176,2572.6890385961783
3177,2585.31436189012
3178,2600.425096366192
3179,2617.371549761827
3180,2636.052314233604
3181,2656.5029184175282
3182,2676.4556913740926
3183,2695.9511431848396
3184,2714.766038551464
3185,2734.655179106937
3186,2757.9363995179506
3187,2780.749466566575
3188,2806.6364040232647
3189,2835.004126517359
3190,2864.6526845139256
3191,2899.587868091322
3192,2929.9814778036566
3193,2965.394752493886
3194,3005.5355972762836
3195,3048.556457653416
3196,3093.842783055864
3197,3139.6388782089666
3198,3183.3666667834655
3199,3227.48745044507
3200,3267.954768845165
3201,3307.0714957261457
3202,3342.703749672118
3203,3375.221284029329
3204,3404.893639163349
3205,3429.031468553592
3206,3448.1960984660886
3207,3464.2791865909594
3208,3477.807410268561
3209,3487.4493965493425
3210,3496.4535451497472
3211,3503.7235866981496
3212,3507.6395680346823
3213,3512.775969654145
3214,3518.5028256933197
3215,3524.4706735830896
3216,3531.866289897911
3217,3539.916299120842
3218,3546.108366580089
3219,3549.6821739336956
3220,3552.513836110869
3221,3551.4188998323
3222,3544.719267754195
3223,3536.8688601544727
3224,3526.0500750840347
3225,3512.85507759429
3226,3496.9905174337096
3227,3480.216356795203
3228,3462.816068073559
3229,3446.2002119294393
3230,3428.369641084512
3231,3410.8104718719173
3232,3392.8183937744034
3233,3372.702947003272
3234,3353.3610966441743
3235,3335.1585596096584
3236,3316.599091556013
3237,3298.7746510554443
3238,3283.94244853644
3239,3270.7727330635685
3240,3256.8906989146512
3241,3242.972572926983
3242,3230.1740099698186
3243,3220.342022528765
3244,3211.7117915561007
3245,3203.958467135295
3246,3199.3473616173264
3247,3198.047304542
3248,3199.5785654108763
3249,3200.9107623667987
3250,3203.2846252978584
3251,3208.632402673146
3252,3215.306848785672
3253,3218.9399643796687
3254,3218.2615544667997
3255,3217.7848083088093
3256,3216.187065456765
3257,3215.12710432484
3258,3215.338625574281
3259,3214.9293097543764
3260,3213.705000228071
3261,3211.1417527399167
3262,3207.596647304606
3263,3204.227811063418
3264,3199.731962555028
3265,3195.389639188232
3266,3190.7193063547106
3267,3184.4396624078595
3268,3178.486557052996
3269,3171.522489421667
3270,3164.397638036563
3271,3158.6510822548853
3272,3155.05257787753
3273,3153.352108455573
3274,3154.0870325343144
3275,3158.179113794633
3276,3169.053190654907
3277,3183.379007210903
3278,3199.975596934751
3279,3216.4191121170347
3280,3234.1218198654924
3281,3253.723196804847
3282,3274.715188958503
3283,3297.561308322195
3284,3324.591567484579
3285,3352.490335098969
3286,3381.4701521405136
3287,3410.7599987167705
3288,3440.4228236406248
3289,3470.528746025855
3290,3502.847312863773
3291,3535.932526257629
3292,3567.5402188540993
3293,3598.846774388423
3294,3628.143949709929
3295,3655.3651060997113
3296,3680.5309061354274
3297,3702.3739162204606
3298,3720.152671876079
3299,3733.6505648924467
3300,3744.187924908907
3301,3751.8160001991328
3302,3759.5503914410433
3303,3769.31665906896
3304,3779.4035513438034
3305,3794.2498825248776
3306,3807.166190652413
3307,3824.287986221751
3308,3842.403108091791
3309,3860.4108931258206
3310,3877.5758171974376
3311,3893.1799781192767
3312,3906.269214713875
3313,3915.488590900139
3314,3921.189973668999
3315,3928.682386243097
3316,3936.455867166513
3317,3943.8061365524404
3318,3948.5734640198643
3319,3950.6042351445026
3320,3951.3014871432056
3321,3951.0165132302996
3322,3949.5028860221128
3323,3947.0022472534774
3324,3944.656065252697
3325,3942.4293504040525
3326,3940.021840676262
3327,3936.473989258829
3328,3930.6103963013707
3329,3923.3036764843278
3330,3916.93534965352
3331,3913.139791083579
3332,3910.1341739146
3333,3909.532110566738
3334,3911.841851106834
3335,3912.4820026645193
3336,3909.925259692653
3337,3904.1127991012727
3338,3892.1473927059683
3339,3876.575160269292
3340,3862.173935004425
3341,3849.4926706260635
3342,3837.975609298308
3343,3826.8126897238208
3344,3815.4172454092127
3345,3803.840338013741
3346,3789.37939024195
3347,3771.306665930016
3348,3751.1774516079113
3349,3731.6182984575794
3350,3709.543272544395
3351,3686.783441977689
3352,3663.3982248016828
3353,3639.778646533635
3354,3613.5376630043565
3355,3587.77360130486
3356,3559.055260823743
3357,3529.683515165505
3358,3501.021254422922
3359,3475.0590376342834
3360,3452.6579992029856
3361,3432.511749572997
3362,3414.757160786671
3363,3399.3106685425682
3364,3386.5378895067583
3365,3375.7657256550187
3366,3365.923320164005
3367,3352.0426344015054
3368,3339.923244823618
3369,3327.536375102704
3370,3312.788881571645
3371,3297.515995427547
3372,3280.8888029708564
3373,3265.6702214597394
3374,3252.0975071618755
3375,3241.6007983978698
3376,3231.7151005930305
3377,3221.725298890174
3378,3212.016384434792
3379,3199.400149014683
3380,3185.6085110558483
3381,3168.396184378558
3382,3148.222458753291
3383,3128.791903107159
3384,3106.648012492335
3385,3083.281202754251
3386,3059.1705514341297
3387,3035.831697702238
3388,3011.7750293806225
3389,2989.8783762705743
3390,2971.68090750089
3391,2955.7889769129956
3392,2939.030059197721
3393,2920.892395177791
3394,2901.1888476353015
3395,2880.937053848949
3396,2860.819051412561
3397,2842.57995188938
3398,2825.3370891884647
3399,2809.4572494528097
3400,2796.468053483909
3401,2787.4808008974646
3402,2781.2557831924046
3403,2779.5238080502872
3404,2781.6566636301063
3405,2785.0150002639475
3406,2793.0947931650485
3407,2803.78839781998
3408,2815.860411953677
3409,2828.743957746296
3410,2841.9832289829005
3411,2855.166545640834
3412,2869.4584010102576
3413,2884.989533542191
3414,2900.7022882956703
3415,2918.524416126273
3416,2937.6231658103775
3417,2957.6568519193293
3418,2980.269625964147
3419,3003.867316163538
3420,3024.3973066370077
3421,3047.808583964739
3422,3072.997610044479
3423,3097.6585474600115
3424,3121.30443784456
3425,3144.0547597191103
3426,3165.6152230613716
3427,3185.789228852997
3428,3206.6707685112333
3429,3227.58540794496
3430,3247.551322881314
3431,3267.195019142299
3432,3284.8250133428837
3433,3300.5042069011442
3434,3314.440761780572
3435,3329.259827583388
3436,3344.4978263055177
3437,3359.7213321744357
3438,3375.93950477943
3439,3392.4320587054376
3440,3409.520268676172
3441,3426.27408431024
3442,3441.9612825495346
3443,3455.5303252884646
3444,3469.285558000264
3445,3483.51268111663
3446,3499.0353236697665
3447,3513.8709820917347
3448,3528.119340337234
3449,3543.2714395803196
3450,3557.743878206276
3451,3569.232970619117
3452,3580.3715398915833
3453,3589.6380670514613
3454,3597.281376363192
3455,3602.4766337380756
3456,3606.405253501958
3457,3608.7339765851366
3458,3608.667492666598
3459,3609.0272081504654
3460,3607.4026798751834
3461,3604.604221021001
3462,3600.949731813953
3463,3594.7441124278353
3464,3585.899129906911
3465,3575.643553207883
3466,3563.1292222371358
3467,3547.392080543449
3468,3528.832190272897
3469,3507.8429604047133
3470,3483.3044969998323
3471,3455.49523507379
3472,3427.469940814335
3473,3401.8766839382833
3474,3380.7430777484274
3475,3361.0286279796414
3476,3346.689371243237
3477,3334.2142178825648
3478,3325.361214660738
3479,3319.648798481351
3480,3313.991207885757
3481,3309.3183794218935
3482,3303.5541292735456
3483,3295.173624659186
3484,3284.568889124735
3485,3271.6949781674807
3486,3257.3004670126475
3487,3242.8250067988306
3488,3229.200542782678
3489,3215.161037675341
3490,3200.7665122559056
3491,3188.86307114969
3492,3178.760460438254
3493,3170.8684931599755
3494,3166.546024773765
3495,3163.8040577785846
3496,3163.0752158263335
3497,3163.066143774975
3498,3162.7507689083723
3499,3164.2722521900832
3500,3167.5448985355606
3501,3172.279810543552
3502,3177.5290012165033
3503,3183.6267688652842
3504,3190.491962838946
3505,3197.944514837382
3506,3206.326948808677
3507,3213.4285173926705
3508,3220.784758690729
3509,3226.44880393089
3510,3231.244990024862
3511,3235.9991455422823
3512,3240.7582096139795
3513,3246.3918910190973
3514,3253.9426213234788
3515,3259.3976416341247
3516,3264.9158146956393
3517,3268.4142494315215
3518,3271.696047475658
3519,3274.0800790726203
3520,3275.646052352424
3521,3276.11229187508
3522,3275.7828492272165
3523,3274.143786037384
3524,3270.7854122801573
3525,3263.5480518544114
3526,3253.2488611164363
3527,3238.00673373228
3528,3217.525583410096
3529,3195.036787389466
3530,3172.9303402707997
3531,3150.4377386260026
3532,3127.5924352499956
3533,3107.2832813179916
3534,3089.614317397148
3535,3073.6519140969754
3536,3060.9450815087803
3537,3053.3269893276474
3538,3051.9100305472616
3539,3055.9422938489606
3540,3066.3484447700057
3541,3084.0294803510296
3542,3104.1408520351843
3543,3128.333133749251
3544,3152.1520005287266
3545,3177.3336709607
3546,3203.078613253177
3547,3232.1198651504087
3548,3262.56097826008
3549,3293.108542484834
3550,3322.7140107881405
3551,3349.829785257514
3552,3373.564439146353
3553,3392.6355746310132
3554,3408.611027187522
3555,3424.73654013993
3556,3438.7885618109635
3557,3453.554136841923
3558,3466.86382643655
3559,3476.823614836772
3560,3484.0045945058646
3561,3487.5106671211074
3562,3489.150833459009
3563,3490.821518641071
3564,3492.1993426168874
3565,3492.3790700908257
3566,3491.696633842993
3567,3488.2365909814125
3568,3481.6588210954087
3569,3474.587387793244
3570,3466.7305022437677
3571,3456.1870478715587
3572,3445.9495733518424
3573,3434.7683581606634
3574,3425.662625487951
3575,3417.972018520076
3576,3412.0758175095843
3577,3407.570622092136
3578,3404.214539534457
3579,3401.7954285596047
3580,3400.7776088210985
3581,3400.363333232103
3582,3401.310748944403
3583,3404.7615727130865
3584,3409.6971214403725
3585,3415.7496003728616
3586,3421.164604504757
3587,3424.976336139205
3588,3424.0306785847733
3589,3417.5363309437234
3590,3403.5214043132323
3591,3391.3284181447057
3592,3370.706785847067
3593,3343.9871652635907
3594,3314.62059386722
3595,3285.614107662509
3596,3257.4161371304644
3597,3232.491847288239
3598,3211.7124396786135
3599,3192.9496236788536
3600,3176.245701911038
3601,3163.4410348934107
3602,3153.4426513248495
3603,3146.465731841251
3604,3141.879291411365
3605,3139.816100549475
3606,3139.9103656203433
3607,3140.375716019978
3608,3138.4729913466017
3609,3135.542886159619
3610,3131.5540186594285
3611,3126.869990576168
3612,3120.371024753083
3613,3112.5891124410223
3614,3105.311877481515
3615,3097.470196485959
3616,3088.8986402000824
3617,3081.5676132427993
3618,3075.6928765676503
3619,3070.163554344114
3620,3066.7555490957097
3621,3065.6116040418005
3622,3064.453269994316
3623,3063.4842938933243
3624,3064.3986246083155
3625,3066.823542082328
3626,3071.2412853304327
3627,3075.965157837891
3628,3080.0698990419664
3629,3083.730521106604
3630,3088.2603867514235
3631,3096.1980746971353
3632,3106.817695831597
3633,3121.435982960847
3634,3141.525931087342
3635,3164.819130490223
3636,3191.711122269465
3637,3219.8000505110454
3638,3250.1014203037284
3639,3285.128532325686
3640,3323.1994453515777
3641,3363.850288064187
3642,3408.039640588004
3643,3455.785560615525
3644,3503.6214717692087
3645,3549.881885990802
3646,3593.5819573965127
3647,3632.616951048965
3648,3666.5773955265986
3649,3699.0127592335434
3650,3729.3504400770553
3651,3755.5127358389072
3652,3779.4680475658083
3653,3801.187537138634
3654,3820.302218157095
3655,3835.926835476469
3656,3849.356335770936
3657,3863.152566848479
3658,3876.9801245682593
3659,3892.458955627844
3660,3909.268436731878
3661,3926.1593783343724
3662,3945.0413236579025
3663,3966.0487799095176
3664,3989.301553538665
3665,4014.289472944256
3666,4041.8345196663454
3667,4071.571805325142
3668,4100.9884527867725
3669,4128.6933135717245
3670,4155.275057220307
3671,4181.609482147127
3672,4208.285354293394
3673,4238.067533383753
3674,4268.380879907262
3675,4298.025009396949
3676,4328.838915633994
3677,4356.82175124388
3678,4383.234101255439
3679,4406.566884788859
3680,4428.811894991989
3681,4448.738569019942
3682,4465.33970603778
3683,4480.840204394355
3684,4492.865811170394
3685,4501.24292158605
3686,4506.529870361826
3687,4509.577511701544
3688,4510.572246066207
3689,4509.859914746755
3690,4506.85981522294
3691,4501.366174014202
3692,4493.271934276346
3693,4482.214136431088
3694,4466.8156754615775
3695,4447.968617204273
3696,4426.971495727692
3697,4402.0345429983345
3698,4374.543729378276
3699,4344.04313505145
3700,4310.034101741303
3701,4274.642748228457
3702,4235.9968837360175
3703,4194.737332213635
3704,4152.216443028701
3705,4115.223269437808
3706,4075.241529089551
3707,4035.098529333115
3708,3995.243650436925
3709,3953.978403210654
3710,3911.5959969105857
3711,3869.7211220726126
3712,3827.315914983856
3713,3786.390265151753
3714,3744.2635184704955
3715,3702.5291346729814
3716,3660.3574878468635
3717,3618.4070182028895
3718,3577.7900462991506
3719,3539.7900090038715
3720,3503.304224683563
3721,3468.0118977210495
3722,3435.4380425935788
3723,3402.9583141445205
3724,3369.974276714304
3725,3335.943372170945
3726,3301.256600570163
3727,3266.487728925291
3728,3232.907772813302
3729,3197.002484192219
3730,3161.0004795585537
3731,3122.1324624192107
3732,3082.660287241462
3733,3043.0406288772506
3734,3002.831118068842
3735,2962.691675064447
3736,2925.1110080727767
3737,2890.5054419133126
3738,2859.605766045272
3739,2832.3137273827556
3740,2808.864154653635
3741,2791.4964715438146
3742,2776.701321404683
3743,2767.1956220870384
3744,2763.489664502066
3745,2763.7893449468947
3746,2767.3385817897097
3747,2775.00432616186
3748,2787.369143107381
3749,2803.093107206282
3750,2821.0159945770292
3751,2840.7077107712803
3752,2864.2390806782737
3753,2889.960333493649
3754,2916.8015040498553
3755,2945.376581902318
3756,2976.6431312967734
3757,3012.0540476327456
3758,3047.304772881774
3759,3082.180940748279
3760,3115.4931439316556
3761,3149.32080220252
3762,3178.7508648981734
3763,3207.9882455087586
3764,3233.4489564779024
3765,3255.403259206616
3766,3274.9931670700144
3767,3292.3558186896416
3768,3306.503334475299
3769,3315.958115978868
3770,3323.5989874745273
3771,3326.317895472567
3772,3325.055557220522
3773,3317.863263023477
3774,3307.003071163753
3775,3294.3388917960624
3776,3279.36003490266
3777,3263.678897661081
3778,3246.1901577239255
3779,3230.7113859381066
3780,3217.980882169055
3781,3207.8884853985173
3782,3199.0236987214575
3783,3189.1313966163075
3784,3178.845312041455
3785,3168.3672346527505
3786,3157.5375050272405
3787,3146.3043233355006
3788,3137.0171085672314
3789,3126.8652058927078
3790,3116.2513117975736
3791,3103.152963991385
3792,3087.5863374190544
3793,3069.0384793825033
3794,3049.2229531170806
3795,3026.135188762642
3796,3003.0012454781877
3797,2978.1212416950616
3798,2951.5065592761707
3799,2923.5799256837863
3800,2894.6351463723718
3801,2866.401544360076
3802,2836.908843859524
3803,2807.949992324157
3804,2777.8088009563025
3805,2748.402175700275
3806,2720.6033857521643
3807,2694.912821783186
3808,2670.739251409576
3809,2647.9156515632376
3810,2625.5618201092293
3811,2603.807580025122
3812,2581.68956265815
3813,2559.3187606491
3814,2536.9958665535764
3815,2517.752643196994
3816,2499.9314631353577
3817,2481.7146121621277
3818,2467.4653642260664
3819,2455.068518521694
3820,2445.710197647724
3821,2435.9559296975267
3822,2426.3886160137913
3823,2417.487297898217
3824,2407.998342286009
3825,2397.5464275770382
3826,2387.54878131468
3827,2376.660045215904
3828,2368.7813469193775
3829,2362.641821016617
3830,2358.2549263234364
3831,2356.424677430089
3832,2355.267240383952
3833,2354.5229802542094
3834,2356.205983073714
3835,2359.920734992795
3836,2363.024673293367
3837,2368.431183504619
3838,2376.3814842661723
3839,2387.0704846452163
3840,2399.4179904494936
3841,2413.0329899818585
3842,2425.85058903945
3843,2438.0010778168785
3844,2451.1130870577335
3845,2463.439482282005
3846,2475.9727023381174
3847,2488.5601146816425
3848,2501.1073742164763
3849,2514.5479646841727
3850,2528.9138107108147
3851,2545.763413614559
3852,2562.7854319941757
3853,2579.221874321543
3854,2597.712917863276
3855,2617.061092256409
3856,2638.7124813273185
3857,2659.7610066839607
3858,2682.7955517425885
3859,2708.373989761201
3860,2733.7023189127144
3861,2758.0634212294053
3862,2782.139726745694
3863,2806.3810320514954
3864,2830.5479788215466
3865,2853.5744046939026
3866,2877.4902679865386
3867,2901.1664653973776
3868,2923.363650320003
3869,2943.7509999831013
3870,2963.310041936205
3871,2983.440888085907
3872,3003.3050318023706
3873,3023.079902379563
3874,3045.123815967385
3875,3070.9347997952227
3876,3093.390355725442
3877,3118.5472834087864
3878,3146.6205266373113
3879,3176.7517235738023
3880,3208.5978691372547
3881,3240.925417240645
3882,3273.2928605804404
3883,3304.9142585131317
3884,3336.57795184733
3885,3367.1545363680566
3886,3395.8733516913467
3887,3421.636664541806
3888,3444.4422859399624
3889,3464.5710648306326
3890,3483.648116305774
3891,3500.9876889881457
3892,3517.7487429231282
3893,3533.6776581384106
3894,3548.275765227428
3895,3563.733020970821
3896,3578.999276754143
3897,3595.1239611555307
3898,3614.0743649033166
3899,3632.9689758588934
3900,3654.1994797584925
3901,3676.9650694369957
3902,3699.7137017347495
3903,3721.576968618104
3904,3743.058837611078
3905,3763.6591212528583
3906,3784.3015124257395
3907,3804.0764091200044
3908,3823.303123388607
3909,3840.8205470339963
3910,3857.8910934179585
3911,3874.8973072316035
3912,3891.327873625742
3913,3906.3296853426073
3914,3920.0352924937183
3915,3933.8539981334206
3916,3948.193033395664
3917,3961.144186953084
3918,3974.017646316925
3919,3984.925832554633
3920,3993.8488613475997
3921,4000.6362401633774
3922,4005.267617195134
3923,4008.9125136253765
3924,4012.9353553370142
3925,4017.006680183537
3926,4021.331712002346
3927,4025.4658107056894
3928,4028.2099289078938
3929,4031.1579325347984
3930,4033.5874868512524
3931,4035.1855737962533
3932,4037.3007867626225
3933,4039.1410220433645
3934,4041.551420492822
3935,4043.4155462347217
3936,4043.900089397125
3937,4041.908146964552
3938,4037.9423268469536
3939,4031.272349983426
3940,4022.334390139172
3941,4009.1848531578385
3942,3993.2726138645426
3943,3975.426055275776
3944,3956.4452603125737
3945,3935.9421104588196
3946,3912.0159460289647
3947,3887.8309773162614
3948,3863.6603690539932
3949,3840.5543141552203
3950,3817.6280426624458
3951,3794.9695627330243
3952,3773.2089044608542
3953,3751.820523166245
3954,3732.8201578134754
3955,3713.6525520321766
3956,3695.1725203494143
3957,3677.43394241646
3958,3659.7900410724337
3959,3639.0685341745416
3960,3619.2432422444062
3961,3599.2980523453048
3962,3579.1025492550493
3963,3558.8631053614267
3964,3540.8306739457184
3965,3524.4622710629696
3966,3509.3635544623894
3967,3496.275819115119
3968,3485.784644685146
3969,3478.803944088546
3970,3472.316404022989
3971,3467.908576180309
3972,3466.3892021776883
3973,3463.9869134365185
3974,3462.296040301762
3975,3462.1037012108827
3976,3461.623518973805
3977,3458.9662608547246
3978,3453.39048400595
3979,3447.023503443086
3980,3439.4060419903335
3981,3432.0114228266602
3982,3427.7109313957417
3983,3424.1065126784088
3984,3422.5722294734505
3985,3419.9656086153705
3986,3416.0352784077545
3987,3414.08269719653
3988,3417.3116910788403
3989,3425.2516129039495
3990,3432.1593448917943
3991,3443.4627984290623
3992,3460.7473259035255
3993,3480.9464430870885
3994,3504.9780012162696
3995,3530.3963769652714
3996,3556.04737369306
3997,3582.1096078794435
3998,3607.218186204532
3999,3634.1655236980346
4000,3657.963605211383
4001,3680.6620245971703
4002,3702.53716269775
4003,3722.41587550878
4004,3742.6591581775456
4005,3761.8108424163797
4006,3778.277284728185
4007,3794.255472945462
4008,3810.542451348292
4009,3827.749450565297
4010,3845.525875997342
4011,3864.031268450215
4012,3882.3791113401153
4013,3900.6570774908687
4014,3916.7657028409717
4015,3928.1501774793833
4016,3935.788125153899
4017,3940.432292571636
4018,3942.135086587814
4019,3939.1714747623964
4020,3932.039775190201
4021,3923.666614660414
4022,3911.8210843520055
4023,3898.624785219746
4024,3883.090557742519
4025,3865.449417508238
4026,3846.4130764481642
4027,3827.149239520534
4028,3809.105941610533
4029,3791.83695404894
4030,3776.6388838656935
4031,3760.4286114513925
4032,3742.3102944778507
4033,3724.0179482632648
4034,3703.4100239296326
4035,3682.5462485660546
4036,3660.1491186882904
4037,3636.071790518096
4038,3609.282161759986
4039,3580.1122173446083
4040,3547.7998688967095
4041,3512.2058636146176
4042,3473.3973768591177
4043,3432.7189471204438
4044,3391.116564407243
4045,3347.6799882663963
4046,3304.5892161079305
4047,3267.1002443300654
4048,3228.97998874898
4049,3189.716566210934
4050,3151.1478608238854
4051,3112.8334100284155
4052,3075.499873573343
4053,3037.851142511432
4054,3001.1252704333738
4055,2963.9978705791414
4056,2925.2731651135587
4057,2886.820498064987
4058,2849.21483116531
4059,2812.4452714350173
4060,2775.490707263589
4061,2739.6944524492355
4062,2704.8421966278447
4063,2670.151412939432
4064,2636.1067613530795
4065,2603.203741926308
4066,2571.2691429063625
4067,2539.2261481813616
4068,2508.843790015087
4069,2478.8551385188825
4070,2450.839713422407
4071,2423.655439841747
4072,2395.6916740703837
4073,2366.6543021591115
4074,2338.5594999366444
4075,2310.794350802126
4076,2282.643926630358
4077,2254.6665680001875
4078,2226.37962016988
4079,2199.117013730744
4080,2171.8548674818285
4081,2144.219401251026
4082,2119.281694509442
4083,2096.058857233132
4084,2075.5606765508296
4085,2058.048826368401
4086,2044.6896021605094
4087,2036.7036398509545
4088,2034.034953838314
4089,2034.9705590474607
4090,2039.6589872684447
4091,2047.5478377997704
4092,2057.7190202108472
4093,2071.2475697221826
4094,2089.0408080825405
4095,2110.7879869313415
4096,2137.247059691957
4097,2168.072419263463
4098,2202.7425499222636
4099,2242.0511028941796
4100,2284.2041991185597
4101,2330.5178518501803
4102,2379.4664880541495
4103,2430.896410092147
4104,2475.640442265205
4105,2522.578106812209
4106,2569.828738587909
4107,2616.9545290769634
4108,2662.8076135117435
4109,2706.0712434405064
4110,2745.2500230380865
4111,2781.179270550393
4112,2814.1201527448884
4113,2844.019928747919
4114,2869.1518213532945
4115,2888.7415415274277
4116,2905.00563577901
4117,2917.814042645955
4118,2930.40638023211
4119,2941.7386829195248
4120,2952.696204546728
4121,2964.2911644516935
4122,2974.79002339677
4123,2986.388845778627
4124,2998.6189581903395
4125,3012.384544010999
4126,3026.4332116884034
4127,3040.603738132915
4128,3055.8126105302954
4129,3070.564381208911
4130,3085.6538638751044
4131,3101.2486165192845
4132,3116.8656120986925
4133,3132.0011859223428
4134,3144.8418570337653
4135,3153.4079826619954
4136,3159.774944526659
4137,3162.99210025436
4138,3162.9380055524275
4139,3158.2373147576996
4140,3149.9947403569718
4141,3137.556479024314
4142,3120.4939843709903
4143,3100.865697164123
4144,3076.521649028045
4145,3049.922572876466
4146,3021.2699682411157
4147,2989.4484525272273
4148,2955.879527914816
4149,2921.525334728075
4150,2885.632750061157
4151,2848.452286972553
4152,2810.9003812219885
4153,2774.295406946477
4154,2737.4602038761504
4155,2701.7296214923695
4156,2667.8320364795472
4157,2638.2805580033883
4158,2611.919113082455
4159,2590.227654937282
4160,2573.941516579102
4161,2559.7623439286417
4162,2551.7726719963266
4163,2548.5801704846863
4164,2549.2027792725444
4165,2555.2365734318073
4166,2566.1200618208045
4167,2579.1597257969065
4168,2594.998361938759
4169,2612.040061972131
4170,2630.507803835728
4171,2649.5730549842697
4172,2670.464984783242
4173,2691.5362683443764
4174,2714.3089991176867
4175,2738.5329519085494
4176,2764.304193185942
4177,2790.2944017302198
4178,2815.4246321708742
4179,2838.73355873636
4180,2862.8550030721067
4181,2885.525555724033
4182,2907.3845708037347
4183,2927.3163849878392
4184,2946.310336755568
4185,2961.7240142287565
4186,2976.3374585712486
4187,2991.50906798307
4188,3008.3144557919527
4189,3026.6736575317423
4190,3044.4842353687977
4191,3063.226423329115
4192,3081.662429015245
4193,3100.6005124413205
4194,3118.7835846413964
4195,3137.2424196830398
4196,3158.6657305156227
4197,3181.6476130812252
4198,3205.6378560767566
4199,3228.016879747928
4200,3251.0284035589716
4201,3273.3616789435787
4202,3293.654345578817
4203,3312.6375630393773
4204,3330.545597183865
4205,3346.272367584933
4206,3358.4676318126435
4207,3368.117970246013
4208,3374.1675584700392
4209,3376.2547724162478
4210,3375.7392328070246
4211,3370.6433687604294
4212,3360.3417570211727
4213,3345.712390827315
4214,3328.4772265702327
4215,3308.0062788864193
4216,3284.9317374019174
4217,3263.222012829351
4218,3244.3552437383028
4219,3226.382177089366
4220,3209.157750951449
4221,3191.530752134411
4222,3176.1427244858905
4223,3161.9839807049116
4224,3152.0710264005684
4225,3145.60874354313
4226,3142.0838126340086
4227,3141.5798777033724
4228,3144.362377646001
4229,3150.0767042966863
4230,3159.842444696214
4231,3173.7011569771694
4232,3190.6619481227035
4233,3210.217812905863
4234,3230.278880108415
4235,3249.937176264426
4236,3269.030367250686
4237,3289.0604425724305
4238,3309.34538351317
4239,3331.7253940777937
4240,3355.6957583534036
4241,3380.942195349379
4242,3405.927855120604
4243,3431.586547594395
4244,3456.355550087184
4245,3479.2019119375864
4246,3500.915319382292
4247,3521.634381662233
4248,3542.6668073931874
4249,3564.1673930598786
4250,3586.568293430261
4251,3608.70577191329
4252,3629.9658768207887
4253,3651.306986511167
4254,3671.9201026856767
4255,3691.055874310553
4256,3710.111338192996
4257,3727.353881337337
4258,3745.4573650225116
4259,3763.3829181385267
4260,3781.6678860278143
4261,3800.098222791259
4262,3818.8165459561314
4263,3839.2412691317577
4264,3857.353264940085
4265,3876.51678485595
4266,3895.8211879634005
4267,3914.642737411295
4268,3937.0401722452634
4269,3958.1027496054107
4270,3978.010906310924
4271,3994.0228550706647
4272,4004.3266345748034
4273,4010.314968601364
4274,4010.1421555044167
4275,4009.967914245249
4276,4002.2206023956005
4277,3990.9789876596124
4278,3976.7816334666845
4279,3959.5331492244313
4280,3941.8060289795785
4281,3923.7010331822466
4282,3906.5049026231304
4283,3890.7182791921455
4284,3876.53749117763
4285,3862.9227784869845
4286,3853.153517254893
4287,3846.154743297616
4288,3842.6636600921356
4289,3842.77913689213
4290,3846.188192777182
4291,3850.432794287791
4292,3855.751724236849
4293,3861.8386952170677
4294,3868.8665867361083
4295,3878.501077233269
4296,3892.039083641172
4297,3908.306290185116
4298,3926.3069818802396
4299,3944.137373123579
4300,3961.9115201197887
4301,3979.7275739031006
4302,3996.0354301346174
4303,4012.2651187243914
4304,4028.761262735611
4305,4046.1580582992287
4306,4063.683100603078
4307,4081.076484374349
4308,4097.953297887417
4309,4115.040310750811
4310,4130.46486491491
4311,4146.485299644613
4312,4162.059109986454
4313,4176.292604274165
4314,4188.772302869392
4315,4200.108607037859
4316,4211.863253041911
4317,4222.028059489466
4318,4230.027128319369
4319,4237.061653004087
4320,4241.299592020542
4321,4243.51921940268
4322,4245.125018567029
4323,4245.840216384751
4324,4244.219202607054
4325,4242.115089541605
4326,4240.667605960613
4327,4237.603769756801
4328,4232.061949649036
4329,4223.7080202265015
4330,4209.774890220563
4331,4190.762578843506
4332,4174.221867945467
4333,4150.870446785786
4334,4121.4547972831015
4335,4088.5836778879216
4336,4052.133785315061
4337,4012.1275054935513
4338,3966.988407427953
4339,3917.365264582487
4340,3862.841235920445
4341,3805.5607840298176
4342,3745.9538644900413
4343,3683.483423560863
4344,3619.8836049926026
4345,3555.48558506694
4346,3491.9505882245608
4347,3428.922579746235
4348,3367.7154612789245
4349,3308.8862708144225
4350,3252.466376602197
4351,3197.7808115139887
4352,3144.6433106664863
4353,3092.8831956413005
4354,3042.41935217962
4355,2994.040015243933
4356,2948.9387635081553
4357,2908.489252164796
4358,2871.640311486243
4359,2838.200361351495
4360,2809.114447946557
4361,2784.0410896120343
4362,2760.9816379378904
4363,2740.115328588378
4364,2721.8161036968613
4365,2706.179539389286
4366,2693.1045624742305
4367,2683.547475516053
4368,2677.91805886708
4369,2677.174780961528
4370,2679.864517255081
4371,2685.971647943527
4372,2694.6824094805706
4373,2705.758942760166
4374,2719.4802766001317
4375,2738.013041927599
4376,2761.457029889363
4377,2787.5432329552345
4378,2816.2034533655738
4379,2847.9342067208545
4380,2881.9575492822237
4381,2919.2972983271125
4382,2959.3659737382495
4383,3003.56540194743
4384,3051.9943660422177
4385,3103.437935631795
4386,3157.1977245304743
4387,3212.6143196390613
4388,3269.8960116581843
4389,3319.7310837148207
4390,3372.0694687241335
4391,3424.82485564158
4392,3476.951604217667
4393,3525.8659781903584
4394,3570.83679835521
4395,3611.938704064738
4396,3649.1049956980346
4397,3681.892278598182
4398,3712.2271466039783
4399,3739.428034443554
4400,3763.4013133224453
4401,3782.546450060222
4402,3798.9497527857434
4403,3812.700668265485
4404,3823.5415203698567
4405,3833.333688521977
4406,3840.631978393336
4407,3844.590890323256
4408,3846.2618580572694
4409,3845.665424026209
4410,3842.9436229736257
4411,3835.6159982811264
4412,3825.9877652208456
4413,3814.3724024904996
4414,3801.8361653731827
4415,3787.808965500853
4416,3772.2027845768275
4417,3754.726266198287
4418,3736.2128405042554
4419,3715.1216676411386
4420,3692.4645194494524
4421,3668.910796309134
4422,3645.0688817149276
4423,3622.225634164245
4424,3600.106670818695
4425,3579.289324565868
4426,3560.191070607268
4427,3542.023342994137
4428,3524.388387353547
4429,3509.032929173709
4430,3494.6346948105397
4431,3482.851746683751
4432,3470.8014583262798
4433,3458.8895141827034
4434,3445.903559090035
4435,3431.7358267645286
4436,3416.2579276634156
4437,3401.2769931970515
4438,3383.9391861847585
4439,3365.3305356446813
4440,3345.4077632406065
4441,3324.59380876094
4442,3305.246457977918
4443,3288.2028733791217
4444,3273.3203205781156
4445,3265.2366487802824
4446,3258.203854316168
4447,3256.124875849829
4448,3260.4913885968767
4449,3268.892211560017
4450,3277.9806061058403
4451,3289.8780031120077
4452,3303.536428751158
4453,3314.6311733403413
4454,3323.5302192281574
4455,3331.809543078895
4456,3338.8291736589435
4457,3342.5364481108777
4458,3343.6484990772237
4459,3342.8033618232303
4460,3341.6026973502107
4461,3341.065235494952
4462,3340.207669172384
4463,3339.4298481903857
4464,3338.0565026066947
4465,3335.2424501095097
4466,3330.7258913442665
4467,3326.9329824824463
4468,3320.8725355532747
4469,3313.28163315214
4470,3307.7219035156922
4471,3302.376245122031
4472,3295.5567205362822
4473,3289.675703703623
4474,3283.427732824429
4475,3276.691499484231
4476,3267.5862470015104
4477,3256.011857205966
4478,3243.5805665342855
4479,3230.39460393392
4480,3217.7249765595816
4481,3205.0362120272657
4482,3192.3560005932222
4483,3178.724015744784
4484,3163.605606932495
4485,3148.5572022374326
4486,3131.084212456568
4487,3114.5583766084483
4488,3098.7892774492652
4489,3082.780209732205
4490,3067.3033141509713
4491,3052.2473392477505
4492,3037.270480616008
4493,3024.0611067745604
4494,3011.682979193321
4495,2999.327699141816
4496,2986.8690057649874
4497,2973.8858271145396
4498,2961.971358158797
4499,2950.1792651020883
4500,2937.928955158517
4501,2925.4354205840527
4502,2912.152306652504
4503,2900.595997532057
4504,2891.230154044878
4505,2883.0033292702333
4506,2874.801638473693
4507,2867.286195059305
4508,2860.2648065370945
4509,2851.9916072087644
4510,2844.228454145759
4511,2834.4027566526092
4512,2825.769581636994
4513,2819.7167456007646
4514,2813.64020236442
4515,2807.3629526515338
4516,2800.417634727407
4517,2792.725537742412
4518,2783.965710799733
4519,2778.5567980208216
4520,2775.6274411395625
4521,2774.0797999602514
4522,2773.8012679652716
4523,2772.3138728911517
4524,2771.5860232740524
4525,2771.644288509185
4526,2771.9506696140816
4527,2774.780965961224
4528,2779.28700167074
4529,2784.550562607569
4530,2792.164897171333
4531,2802.1059332414893
4532,2813.362933554527
4533,2825.216704668302
4534,2836.7317951920263
4535,2849.9085221968976
4536,2864.306333339592
4537,2882.066086553582
4538,2900.45206920938
4539,2918.870041055933
4540,2936.924375738404
4541,2954.1942787984335
4542,2969.0168859381915
4543,2982.7839855078555
4544,2996.4372749669606
4545,3010.9676541164636
4546,3023.508732684808
4547,3036.263117410091
4548,3048.8268742986584
4549,3062.27273682794
4550,3076.515098205842
4551,3090.6510425474585
4552,3105.8096047842164
4553,3121.1151464863733
4554,3137.7532534040206
4555,3154.4873424625093
4556,3171.9459189461904
4557,3189.9311167693727
4558,3209.431073768421
4559,3229.81361748543
4560,3247.546430519228
4561,3266.3402690188636
4562,3286.5029465360567
4563,3307.8135399202856
4564,3329.4378834014155
4565,3351.6387388870066
4566,3373.506917069227
4567,3396.1438454453355
4568,3418.180624781287
4569,3439.6738682824753
4570,3460.9986757683578
4571,3480.9406596654508
4572,3498.304406029542
4573,3512.2856676900738
4574,3525.4436436972856
4575,3537.005437852316
4576,3547.4466867396536
4577,3556.958728036715
4578,3565.644715653711
4579,3573.754430865437
4580,3581.7151535329654
4581,3590.910681460227
4582,3599.2926139644915
4583,3607.914973280979
4584,3616.085653771179
4585,3623.4283350045935
4586,3628.5061926737158
4587,3631.624935991885
4588,3632.3117384252255
4589,3630.125660795634
4590,3624.4305479972595
4591,3617.7290165639943
4592,3609.428959907266
4593,3599.8040358115954
4594,3589.5436458173594
4595,3578.4999225256706
4596,3566.830082741492
4597,3554.4953124021276
4598,3541.020308190572
4599,3527.216048639177
4600,3513.632114777838
4601,3500.7063572191278
4602,3488.197808680121
4603,3475.673467362535
4604,3463.300781861452
4605,3449.5589885531544
4606,3435.0891626054736
4607,3420.2620258076704
4608,3404.0402146821552
4609,3388.2401971454956
4610,3371.6832571317364
4611,3355.404994988585
4612,3339.6241690113893
4613,3322.502281127086
4614,3305.864153684491
4615,3289.3582414917646
4616,3272.73865832574
4617,3258.279620971298
4618,3243.578719751379
4619,3229.8692758027296
4620,3218.2545376238704
4621,3209.714763431228
4622,3204.1173846726306
4623,3200.9230391307447
4624,3199.7248971471454
4625,3200.021364674832
4626,3200.617066634363
4627,3200.137689138506
4628,3196.3763636944527
4629,3190.425894978176
4630,3181.215986873241
4631,3169.370819326024
4632,3154.6070658756344
4633,3137.13439754241
4634,3118.84725651458
4635,3101.311487644062
4636,3080.6521588129726
4637,3058.237982320438
4638,3036.297537444631
4639,3014.424853020382
4640,2992.8055836946182
4641,2973.0080105055927
4642,2953.673998022321
4643,2936.507984120969
4644,2921.677512257511
4645,2909.408140813552
4646,2900.107191299071
4647,2891.193993699643
4648,2881.7000860460894
4649,2872.8680233204377
4650,2865.347002539022
4651,2857.141411990264
4652,2848.491818507072
4653,2842.0170877602236
4654,2837.5728871411416
4655,2833.864710635332
4656,2829.156409913146
4657,2824.3540989338676
4658,2820.609677028382
4659,2816.8999258316944
4660,2813.6996686804355
4661,2810.8017605013765
4662,2809.808049579159
4663,2808.5327235592636
4664,2806.5867231739758
4665,2804.704279842961
4666,2803.258244175239
4667,2802.6834920856136
4668,2803.8232774506896
4669,2806.179888348017
4670,2810.7293991532856
4671,2816.510826236177
4672,2825.315904165306
4673,2834.276207830813
4674,2842.071672019803
4675,2849.684441303393
4676,2852.7069525965467
4677,2853.3802597004023
4678,2852.537131179769
4679,2850.7120442398204
4680,2848.9526473450696
4681,2844.4633185091698
4682,2841.342207535311
4683,2839.008587593552
4684,2838.556536134695
4685,2840.130080707167
4686,2841.538856731837
4687,2845.3014222292136
4688,2850.7090955650983
4689,2856.0488793668374
4690,2860.204748165133
4691,2862.806013783296
4692,2866.7271141976207
4693,2870.165342829336
4694,2874.7760522786134
4695,2878.6291662524463
4696,2882.05474895881
4697,2885.895461023751
4698,2890.3901022371047
4699,2895.4855481523878
4700,2903.208652845625
4701,2913.321422960174
4702,2924.5284844119674
4703,2935.4576326087586
4704,2945.132494148975
4705,2954.3658907917343
4706,2964.0375741420285
4707,2973.6097092188093
4708,2986.8571518080876
4709,3003.118194831159
4710,3021.127309182765
4711,3043.7013320345604
4712,3066.5374063407403
4713,3090.889428496102
4714,3117.270950410395
4715,3146.113261591498
4716,3176.291572440905
4717,3208.664820962471
4718,3240.4414207817144
4719,3271.923323311606
4720,3301.8078005606853
4721,3329.5423188146583
4722,3355.625497360784
4723,3379.012471073378
4724,3400.151527775133
4725,3419.0088641552848
4726,3438.3228254933533
4727,3458.897968993
4728,3481.4893223845947
4729,3506.661219169396
4730,3536.300696010638
4731,3562.0870408625174
4732,3592.7950969230546
4733,3628.1862011987187
4734,3666.5411996563894
4735,3706.582043115687
4736,3746.469433410938
4737,3787.162051858976
4738,3825.94680097733
4739,3864.3718509229197
4740,3902.2092094320838
4741,3939.6991669343365
4742,3975.9976011885674
4743,4010.1745029897156
4744,4041.5176598478224
4745,4070.5541503152713
4746,4096.800734184971
4747,4120.247289898494
4748,4139.420292383626
4749,4155.243321786186
4750,4169.479065452936
4751,4180.7718703664295
4752,4188.8162660482285
4753,4195.717042668493
4754,4201.052357060299
4755,4204.505639282909
4756,4206.071149563005
4757,4206.135508599363
4758,4205.972373308674
4759,4203.799534657217
4760,4198.486548019393
4761,4190.396754434258
4762,4180.063626881267
4763,4169.528138591663
4764,4157.030394882393
4765,4143.314586200667
4766,4128.591243318708
4767,4112.491785957545
4768,4096.164056131515
4769,4078.178482974999
4770,4060.0715823813193
4771,4041.3563317798007
4772,4023.0150018169434
4773,4004.019029174774
4774,3984.8670119427
4775,3966.1972567495886
4776,3945.8266457207096
4777,3925.7898231454174
4778,3904.2854780321436
4779,3879.3004138657097
4780,3852.089468281356
4781,3822.0967940811925
4782,3789.2711421026966
4783,3754.8753367399104
4784,3719.3725036839533
4785,3682.786692892796
4786,3647.9659309614913
4787,3615.0898514181636
4788,3586.4876622154684
4789,3557.06957645625
4790,3527.5415955118947
4791,3499.0291040619527
4792,3471.549711042301
4793,3445.136207180781
4794,3420.167686612251
4795,3397.24583187459
4796,3376.3144618308393
4797,3358.4399250471215
4798,3345.2487403260875
4799,3337.1535729633606
4800,3334.3309528643294
4801,3335.410635333681
4802,3341.7684678853784
4803,3352.1462519962265
4804,3366.10336182798
4805,3381.64987599645
4806,3400.2722748643487
4807,3420.779189404856
4808,3443.2827344262028
4809,3467.051115857725
4810,3491.1343005903095
4811,3516.254030458195
4812,3543.112299513402
4813,3569.6920280179856
4814,3597.8830831700484
4815,3625.488697665643
4816,3651.7921340638777
4817,3676.636859537585
4818,3700.2889381914633
4819,3721.5261229277494
4820,3740.1195532924125
4821,3756.863307845097
4822,3772.0865960933475
4823,3783.7271455851596
4824,3794.10345685964
4825,3803.0403839349874
4826,3811.694270945356
4827,3819.4781077339803
4828,3825.607224696837
4829,3831.387422915103
4830,3834.94113964824
4831,3837.947333741331
4832,3841.5675740220186
4833,3846.094471382368
4834,3850.862377285169
4835,3856.192730602347
4836,3861.878230963392
4837,3866.8690413715644
4838,3873.5467840830897
4839,3881.454015664586
4840,3890.6140510368205
4841,3899.9442498218655
4842,3910.046236137093
4843,3919.8452578727724
4844,3929.6313895639423
4845,3938.1453241352597
4846,3947.285489625129
4847,3955.3937965025907
4848,3959.3535384030565
4849,3958.9934166778053
4850,3953.4545577459658
4851,3942.193686407919
4852,3925.0906136448284
4853,3902.6920772299563
4854,3873.980664189936
4855,3842.0820667961493
4856,3807.1611792798876
4857,3768.3395009614655
4858,3726.2790114005193
4859,3681.9610520720043
4860,3636.5334820240064
4861,3591.2579849927865
4862,3545.5945866970205
4863,3500.545784439114
4864,3459.318594191805
4865,3418.0860570726236
4866,3376.498446397237
4867,3337.0187296229583
4868,3300.447442278428
4869,3267.233401274359
4870,3238.9802673909044
4871,3215.7223889819647
4872,3198.9531960099503
4873,3186.950932561001
4874,3177.673879880094
4875,3169.2356918485307
4876,3162.123270411567
4877,3155.4111893029913
4878,3150.2154913998925
4879,3147.895292499497
4880,3149.565330009799
4881,3156.7145817979094
4882,3167.6296959680067
4883,3181.935224020911
4884,3198.80917863636
4885,3217.434219144109
4886,3237.5638663271047
4887,3259.3185216787265
4888,3283.415683357365
4889,3306.975952632903
4890,3331.7165510146438
4891,3357.2090817122316
4892,3381.145286185203
4893,3402.4917454750575
4894,3422.7964679383826
4895,3439.2045839699413
4896,3454.0759808444013
4897,3466.0439678850407
4898,3476.511544027864
4899,3487.9930126962554
4900,3500.8308387339184
4901,3514.696423654729
4902,3526.759482535835
4903,3540.488386495775
4904,3555.782588954207
4905,3571.4215281084726
4906,3585.8288431686606
4907,3598.9362601508237
4908,3611.170544485358
4909,3620.8989838082216
4910,3628.5911690042
4911,3634.9301792974343
4912,3640.0876779069304
4913,3645.1674504666294
4914,3648.227854259433
4915,3646.736003083831
4916,3643.2666514404877
4917,3639.2637577146766
4918,3633.1115791570405
4919,3626.8070297900263
4920,3618.637876363281
4921,3610.287362634002
4922,3602.087140167111
4923,3592.8555233570564
4924,3582.603055277328
4925,3572.06178742023
4926,3561.8420260980106
4927,3549.9361593068393
4928,3536.508418604907
4929,3521.226189683064
4930,3505.107572669535
4931,3486.509032878951
4932,3464.542821889202
4933,3439.640845670713
4934,3412.257494312251
4935,3383.498338085232
4936,3353.4072890557854
4937,3324.158769614859
4938,3294.9350468644775
4939,3264.5630712593643
4940,3234.6586511000987
4941,3203.486246976496
4942,3174.169180276497
4943,3145.2549911216242
4944,3118.1355460913405
4945,3090.9028314849647
4946,3064.8566263773237
4947,3039.638779382229
4948,3016.777980158226
4949,2994.16748320189
4950,2972.982201341713
4951,2953.8496916169615
4952,2935.0999256749105
4953,2916.1373604162945
4954,2895.3917240865812
4955,2878.588532490714
4956,2863.5223239675984
4957,2851.466446258138
4958,2844.043209177019
4959,2837.5849929164456
4960,2836.313949710051
4961,2837.7418030136537
4962,2841.3854181989445
4963,2846.82640044053
4964,2852.5725335846105
4965,2858.3734223079455
4966,2862.090127886163
4967,2864.4014485958737
4968,2866.21187510998
4969,2866.8091564143333
4970,2866.7876257721487
4971,2867.235521958999
4972,2866.873298350339
4973,2866.2020592116696
4974,2862.7934754560442
4975,2858.457585379106
4976,2852.310743622131
4977,2846.5152064043577
4978,2840.151610102193
4979,2832.5473877730487
4980,2824.2038924636904
4981,2817.1202356609924
4982,2810.823315806142
4983,2804.1835933915704
4984,2800.134243578956
4985,2797.3916824428165
4986,2795.6475285145284
4987,2796.238560559882
4988,2797.6807679252947
4989,2800.6072467965805
4990,2804.3309442221885
4991,2809.7801413385687
4992,2817.0471570982336
4993,2825.53198454629
4994,2836.3644481318406
4995,2849.0308663807555
4996,2864.3523876167515
4997,2883.124845387521
4998,2905.503306799998
4999,2931.3548796920613
