,0
0,498.2002858628946
1,921.224593991423
2,1280.5519469289302
3,1586.753975172151
4,1848.6103791781263
5,2073.4366904291473
6,2265.9875854645443
7,2435.069023909029
8,2580.9742578721475
9,2706.095634298043
10,2813.5047023964325
11,2905.080543890115
12,2982.343559459202
13,3048.4657524638637
14,3102.381031093688
15,3145.76366600448
16,3180.0763766159516
17,3204.409295232689
18,3219.208161792964
19,3223.9601704932575
20,3222.317038798113
21,3216.786412177561
22,3209.350183664108
23,3200.91124135317
24,3190.6761077011884
25,3177.807251082812
26,3162.624632805699
27,3145.898885591777
28,3130.2488908452606
29,3115.5337932642074
30,3101.9188800854586
31,3092.289317322776
32,3086.464168686931
33,3085.5000746846767
34,3086.70741686923
35,3089.664109449397
36,3098.184317065385
37,3109.1485732471338
38,3122.083352776517
39,3136.667375026068
40,3157.7269060318167
41,3177.948156204458
42,3198.1430696705756
43,3218.0150284003616
44,3237.2955143638274
45,3257.899826052447
46,3277.311142173844
47,3298.359180238278
48,3322.3520555132686
49,3349.689093969884
50,3378.3514406219338
51,3408.1476601348036
52,3441.1703224231705
53,3473.9708742681337
54,3505.502415262123
55,3536.393132932268
56,3564.2142614463987
57,3588.418643253692
58,3606.773911948098
59,3617.302179849925
60,3619.8766346136968
61,3614.0349292845954
62,3602.184431943665
63,3583.3765317806915
64,3556.715064517686
65,3527.701341630442
66,3497.387293826998
67,3467.2439491047417
68,3437.647599802264
69,3409.161598201859
70,3380.0034580898678
71,3352.07003740043
72,3326.3174708284673
73,3304.0921541980315
74,3287.0609033249475
75,3272.6024417668386
76,3261.552228524309
77,3257.7221799729923
78,3254.681137392155
79,3255.21254699776
80,3258.9907436845688
81,3266.2960579391083
82,3274.2866874733845
83,3283.5026061412964
84,3295.276201057213
85,3308.6438394105967
86,3321.201966115712
87,3331.7418306808568
88,3343.016087791303
89,3348.2021780775403
90,3349.2956204754587
91,3348.7367398515717
92,3346.0059336065856
93,3344.040071780384
94,3343.1098196958214
95,3344.223138119387
96,3348.328865788288
97,3352.87270011593
98,3359.411875978637
99,3368.909596434944
100,3377.750224353898
101,3386.431388809441
102,3395.760123126897
103,3402.058639358403
104,3407.0286912158717
105,3410.0915219646204
106,3411.0753177625347
107,3410.4552275406386
108,3409.1186837226487
109,3407.453705849212
110,3409.566101466803
111,3416.197497522464
112,3428.0638722131625
113,3446.074177225148
114,3461.7431425855752
115,3483.7030573461157
116,3512.233822113989
117,3548.0238893198716
118,3590.194691076148
119,3637.8402217793014
120,3691.51190786992
121,3750.103473300244
122,3810.098181384316
123,3870.406298242327
124,3930.576042789058
125,3989.4986604861474
126,4048.7472347374633
127,4108.517642069759
128,4169.472619552988
129,4227.719144931941
130,4282.1917693701425
131,4335.854677677895
132,4388.6248306343405
133,4440.023134121424
134,4489.971172948217
135,4540.929708041265
136,4589.263946274655
137,4635.862898587443
138,4680.143958360131
139,4724.254068213926
140,4765.561178716671
141,4805.287875241332
142,4842.843259016609
143,4879.829880700925
144,4916.7675992238255
145,4952.4990158947285
146,4986.309847770406
147,5020.790326347035
148,5052.9845841005845
149,5083.127235181802
150,5111.093637780759
151,5138.216270823014
152,5163.877462379621
153,5186.123314955385
154,5204.451438393779
155,5218.033987569546
156,5226.601517327391
157,5231.116739322862
158,5229.55391217988
159,5223.7348330238565
160,5212.70179747079
161,5197.6099337929245
162,5180.011130995164
163,5159.063265976578
164,5136.223244973992
165,5110.548573769732
166,5079.938895216577
167,5043.340984766727
168,5000.221617791376
169,4950.620526237396
170,4893.484175587212
171,4843.775550521552
172,4786.305648383316
173,4723.27762108627
174,4655.9020512276575
175,4585.599317423762
176,4515.121172442786
177,4443.475867995805
178,4371.70042902633
179,4300.504929458812
180,4229.545092995404
181,4158.720008471715
182,4088.140258370725
183,4018.172647481678
184,3948.8154935887856
185,3881.5037765061493
186,3815.6756057388125
187,3750.7247967211397
188,3686.8617301381655
189,3623.240254957876
190,3560.987852520608
191,3500.5316474801975
192,3443.8733832668163
193,3391.8716718813266
194,3341.4863629172205
195,3294.961448590318
196,3251.113374794863
197,3211.0470693716175
198,3174.198024284745
199,3140.947699686988
200,3112.0427372833938
201,3086.535952987406
202,3065.0304966119247
203,3047.2201128163542
204,3033.1967596130426
205,3022.0629108456387
206,3014.7418338457364
207,3011.4900888786606
208,3010.9847618493604
209,3012.41255338478
210,3015.6676657294806
211,3021.089196125999
212,3028.2058311311225
213,3038.678015129948
214,3054.4994592861954
215,3074.1518314650157
216,3099.5936322766042
217,3131.060825767516
218,3167.2163436566575
219,3209.634308781568
220,3257.554492545191
221,3312.0053527733317
222,3372.513861697614
223,3438.1410722491773
224,3507.9534948180285
225,3581.4825444157023
226,3657.615453110573
227,3735.6391619459146
228,3803.5197886326614
229,3875.3773416703275
230,3946.5771055278465
231,4016.4946720520174
232,4083.4849421492977
233,4148.465536212532
234,4208.772282518808
235,4265.062534001226
236,4316.914448826903
237,4364.889971287089
238,4410.086887048706
239,4451.050145324371
240,4487.444268315596
241,4521.428761886107
242,4552.455080554419
243,4580.472885286566
244,4608.221478624971
245,4635.813781706559
246,4664.72256863546
247,4694.377010845311
248,4723.044789740126
249,4749.669609853928
250,4774.3797924911405
251,4797.47046385095
252,4818.375129947175
253,4837.7022748847485
254,4856.513532024073
255,4876.412973936329
256,4897.398324640576
257,4916.36743970081
258,4928.944343615636
259,4937.353940783742
260,4942.003577584154
261,4940.824260116999
262,4937.989722421575
263,4935.01699984568
264,4931.790100304201
265,4930.226637202604
266,4929.855901684881
267,4927.960209631826
268,4923.858395706001
269,4916.109110946893
270,4906.114005176947
271,4890.760518414394
272,4871.527114537908
273,4846.916304627327
274,4817.466487128531
275,4782.816755611684
276,4741.892484706951
277,4697.2460648295255
278,4649.994824936678
279,4601.598432823907
280,4549.053931498479
281,4496.614325332687
282,4447.039227290146
283,4399.375995632348
284,4356.552754363083
285,4319.296534458823
286,4288.205003095779
287,4260.653264494187
288,4234.862373074794
289,4213.569120713335
290,4197.104176594434
291,4183.978429672316
292,4174.8205838316635
293,4167.132251667894
294,4161.152989317139
295,4156.221439836451
296,4155.352283491144
297,4158.968874423964
298,4166.517423242374
299,4176.630850223814
300,4188.358719367772
301,4204.00078131862
302,4222.027333458511
303,4245.801484048994
304,4271.960738622011
305,4300.105156229633
306,4331.6968946003135
307,4361.976929033077
308,4391.85954493527
309,4419.506080158039
310,4445.642823704535
311,4470.910567333857
312,4495.972267057006
313,4524.062093403156
314,4553.581632855634
315,4584.17600669269
316,4617.409005610935
317,4649.738030743488
318,4681.759803686978
319,4711.318335108621
320,4739.293738131479
321,4769.567848182663
322,4799.764121961197
323,4827.8780606475575
324,4855.535943254172
325,4884.15022710222
326,4910.724053730032
327,4936.467655793815
328,4961.438519884625
329,4984.192884633982
330,5005.853510871524
331,5027.203205522866
332,5047.875797387254
333,5064.6930250468695
334,5079.33966410602
335,5093.46848652912
336,5104.334492317955
337,5112.395886867497
338,5118.595011411615
339,5119.475251438447
340,5117.264582026317
341,5111.375393077504
342,5106.251798692037
343,5096.328113292591
344,5086.793412832777
345,5077.922395286623
346,5067.816959535934
347,5060.469608419572
348,5056.49960965639
349,5057.060573894758
350,5060.626831212218
351,5066.270486861042
352,5072.600802283024
353,5078.228011323856
354,5083.046819305783
355,5088.16872298571
356,5093.682655932509
357,5095.994732220517
358,5093.531511145379
359,5088.487704796683
360,5081.850769148502
361,5073.24216614874
362,5063.111446322945
363,5051.120936706554
364,5039.2108239277795
365,5023.4320250738365
366,5006.408484224043
367,4988.654229447066
368,4967.568206209205
369,4946.422727259575
370,4923.99069810064
371,4901.760990966721
372,4878.367119755399
373,4855.365650207513
374,4832.554631031901
375,4807.353710663431
376,4780.063752476695
377,4750.125290825985
378,4719.208420013086
379,4685.162152594922
380,4649.459827384478
381,4611.3224656507
382,4572.1737747758225
383,4529.899925203354
384,4487.1584786424655
385,4444.414878014463
386,4401.095497412986
387,4356.12327097022
388,4311.985510838639
389,4269.539830349651
390,4230.619042292057
391,4194.335334629268
392,4160.416464640523
393,4128.184963154917
394,4098.668747000135
395,4069.8761964073583
396,4037.220782656985
397,4001.4457059075926
398,3960.2741819431053
399,3924.4549560940013
400,3883.4423363216893
401,3838.5357943400286
402,3790.5743639515117
403,3741.8234445643448
404,3692.6149480673366
405,3645.7834976907407
406,3599.575059349028
407,3556.418282658011
408,3514.248728586674
409,3474.3396893171885
410,3437.0132201968936
411,3405.075716311659
412,3379.2564891521697
413,3357.6742165044197
414,3342.4891381602083
415,3332.7805221129897
416,3327.6148776713335
417,3326.3637974321814
418,3328.567845000339
419,3330.963182730396
420,3333.174401870681
421,3336.926100378542
422,3345.3676585674734
423,3354.846285725037
424,3368.368351675406
425,3387.2196506008036
426,3409.3055010254775
427,3431.585891108217
428,3454.34278728878
429,3477.8542168090403
430,3500.788322093368
431,3526.8198256293686
432,3553.4523963949227
433,3578.3954125673445
434,3606.898013041209
435,3633.7312113159323
436,3662.246844009023
437,3691.1932590418514
438,3721.429045319737
439,3751.5188088574723
440,3778.779065778507
441,3807.345670477134
442,3832.8509557966054
443,3857.547666836451
444,3880.283600226071
445,3903.4625216375252
446,3925.1170944169494
447,3942.692815042724
448,3958.157355601194
449,3975.400673300846
450,3992.12797210842
451,4007.026723415144
452,4020.733904394296
453,4029.862682893288
454,4035.742425526179
455,4040.125976937809
456,4043.939666665927
457,4043.9154139173133
458,4041.343325561696
459,4037.028481125795
460,4031.209790251496
461,4023.4187101017524
462,4012.1818963744736
463,3998.6343957470267
464,3982.3236334499848
465,3964.582341826526
466,3943.7333150462623
467,3919.379787586921
468,3892.5781045967956
469,3863.3423369880657
470,3831.0930971724283
471,3798.689110646807
472,3765.526472277903
473,3733.0041481506455
474,3700.5574830611445
475,3669.1022257681066
476,3635.468703015755
477,3602.790283655786
478,3571.40218585129
479,3543.783874814713
480,3520.5210259271526
481,3497.9351384880656
482,3475.317833538948
483,3453.676999511275
484,3432.916961719837
485,3413.447298678415
486,3396.7477940330505
487,3382.2429993501673
488,3372.9624017980527
489,3368.369836149015
490,3367.2168900625093
491,3368.968894620972
492,3371.5163579616506
493,3372.531884455977
494,3376.164806229919
495,3379.9675109006453
496,3384.1777156349704
497,3388.9637854358084
498,3397.7051650180247
499,3409.622153888972
500,3426.5084267371103
501,3444.768561522444
502,3464.4068494214866
503,3486.7500534682736
504,3514.107202554529
505,3543.2675420046653
506,3574.908292273036
507,3608.8823888832667
508,3643.980393845788
509,3680.178929208169
510,3714.9284485616736
511,3748.7074968707825
512,3780.7703761743505
513,3808.665081168455
514,3837.529873899943
515,3863.341326012814
516,3888.989857851632
517,3911.6518624724085
518,3932.5741337816335
519,3951.5138689880423
520,3966.884635439076
521,3980.673320041416
522,3995.028638876578
523,4010.862968965861
524,4026.675737522807
525,4042.9027433261595
526,4061.7069958987922
527,4081.9326050660843
528,4100.281122919236
529,4117.799224476527
530,4135.194489095583
531,4151.655499938521
532,4169.90888856832
533,4190.650850809288
534,4211.822348478978
535,4235.2375755303565
536,4260.841673235367
537,4288.101800596513
538,4316.765258253229
539,4343.393617272239
540,4366.712071197305
541,4387.062564948524
542,4406.177173651043
543,4418.802038072893
544,4429.762248231069
545,4438.344118993929
546,4444.850077372086
547,4449.556091885625
548,4452.113757968398
549,4451.881315040454
550,4450.429299580764
551,4448.236571268908
552,4446.098248547951
553,4444.234108791558
554,4443.375087093263
555,4443.909719269111
556,4439.726804695791
557,4432.967975510559
558,4422.275072862862
559,4406.079854398006
560,4387.179700786795
561,4365.871145625757
562,4342.601648708609
563,4319.437546848375
564,4292.32374741318
565,4262.262470177361
566,4230.239954972407
567,4197.2925373134885
568,4160.828028615462
569,4124.191938089096
570,4092.3185393311564
571,4062.156236847346
572,4034.941744577755
573,4010.157740608626
574,3986.115788201191
575,3966.4083495452687
576,3949.433663124567
577,3934.1777622781797
578,3917.9570069897436
579,3900.951167400892
580,3884.2041560104176
581,3869.7958316118866
582,3854.5573808291974
583,3839.289700598171
584,3823.6399616892318
585,3809.526677929085
586,3792.45078354886
587,3774.224577161056
588,3754.1053251375806
589,3733.9245020868248
590,3714.33316915634
591,3695.228953731703
592,3677.6632054606275
593,3661.5301383034316
594,3648.536371302276
595,3640.954223454142
596,3638.64179732244
597,3639.4579496007946
598,3642.500559405295
599,3649.3395622739945
600,3659.1474116850513
601,3671.04271109169
602,3683.477035430057
603,3696.368415517941
604,3709.074636304006
605,3722.4051349507045
606,3734.0361700111407
607,3745.2065463200747
608,3756.2958559648873
609,3769.4465747579025
610,3784.5818463702044
611,3800.793900796803
612,3817.2604310203847
613,3832.578598362552
614,3849.2756766977186
615,3866.811505724927
616,3884.661464513483
617,3902.7949174861888
618,3919.187844833596
619,3937.4291227273625
620,3958.7792046377886
621,3978.709731757137
622,3997.129405413725
623,4012.7720071317945
624,4024.389134317136
625,4035.1628042401453
626,4045.2428921231376
627,4054.0125685813414
628,4062.073924715301
629,4070.101912079567
630,4076.5444454277617
631,4085.928068532784
632,4098.073851392364
633,4114.305311866068
634,4135.911699789403
635,4160.48040897436
636,4188.590848917792
637,4220.019119185146
638,4252.697597261915
639,4286.769311398987
640,4321.611061613646
641,4357.88849345038
642,4395.626247435774
643,4434.190903183571
644,4470.619048061734
645,4507.786072453416
646,4541.809764144545
647,4571.721266293564
648,4598.72335008445
649,4619.139450421122
650,4638.1688731405275
651,4655.057023837858
652,4667.2741006992355
653,4675.457382354544
654,4679.267162105676
655,4681.584944750711
656,4679.944491619016
657,4677.342467710007
658,4674.598340939948
659,4672.126868547328
660,4671.3038365411585
661,4668.333713448754
662,4663.496209389308
663,4656.96086777467
664,4649.457280873409
665,4640.207414119789
666,4631.180990890851
667,4623.7777850168495
668,4614.87718904774
669,4605.985384844498
670,4596.499357927263
671,4586.492644776752
672,4577.431102906064
673,4569.087365118191
674,4563.845101316371
675,4563.452871502255
676,4566.815969584728
677,4576.575362874997
678,4590.1710930316485
679,4606.431109643735
680,4623.320817622181
681,4640.19482572505
682,4655.3279860927605
683,4667.662458180918
684,4678.393448897615
685,4686.317593541967
686,4693.3862801243595
687,4695.776932530377
688,4692.733147953862
689,4682.547130245976
690,4664.399894200712
691,4639.363670785642
692,4607.709952942668
693,4569.813657612178
694,4528.756928835368
695,4485.009012322339
696,4437.854969229793
697,4389.3250818833585
698,4338.618735081612
699,4288.28380251889
700,4238.647307395231
701,4191.742319164757
702,4149.659345339357
703,4113.299823425332
704,4081.513652085556
705,4052.1515019436006
706,4026.595388824761
707,4004.8527022958165
708,3986.401554484602
709,3972.7539113924686
710,3963.503192099306
711,3959.6006892473188
712,3956.6410574206075
713,3955.6060580763556
714,3955.981290579426
715,3953.6086395664443
716,3952.956719236196
717,3950.694350122635
718,3948.4217080345043
719,3948.757442861337
720,3953.5306055986653
721,3961.528644010444
722,3970.187897812714
723,3978.8884737333615
724,3985.3708508178474
725,3990.459523075584
726,3994.0977332359403
727,3996.4814308346367
728,3999.21679809495
729,4001.6027327434244
730,4005.211795213247
731,4010.053111490952
732,4010.5087499399524
733,4009.639366356933
734,4006.493247652328
735,3999.3296703382266
736,3990.082320977192
737,3982.8728087085647
738,3975.303151925991
739,3975.136661647604
740,3983.6913494810833
741,3991.1339278962105
742,4007.4144996142477
743,4031.722290533611
744,4060.8553992500774
745,4091.7673525162954
746,4124.257030721871
747,4155.464429927809
748,4184.581338352907
749,4210.886754659656
750,4237.692583493601
751,4263.756987511497
752,4290.007966539643
753,4314.835544723244
754,4337.367025760903
755,4359.973582689881
756,4381.802781062585
757,4403.597943598587
758,4423.875380161422
759,4443.407235243902
760,4460.955613254375
761,4475.980072216059
762,4487.453510138455
763,4494.421091565969
764,4499.928008042039
765,4500.362581218904
766,4496.27257249936
767,4489.7334930614425
768,4480.807236095635
769,4467.664809854411
770,4452.161312508822
771,4431.599744317112
772,4407.910176231646
773,4383.855259013825
774,4362.289094067012
775,4341.175312217401
776,4321.280112266028
777,4302.581443019952
778,4286.935601848224
779,4273.807031916712
780,4260.945064545588
781,4249.475362623752
782,4240.644446236504
783,4233.131397663195
784,4226.937446178354
785,4223.900193040592
786,4222.606230489484
787,4223.079168735776
788,4223.327051456882
789,4223.202674329834
790,4220.179032940944
791,4215.554577541287
792,4210.506067848487
793,4206.6777350335615
794,4203.410116107017
795,4202.5995460115155
796,4204.865416379531
797,4211.99579997332
798,4218.199233699917
799,4228.431957436189
800,4239.324574867548
801,4249.713861922306
802,4260.678258017736
803,4268.576241120427
804,4275.525625964569
805,4279.588384253998
806,4279.765471780458
807,4277.628789368565
808,4275.346794703926
809,4271.4026849281745
810,4267.377111609329
811,4263.789359077532
812,4260.5512179935695
813,4259.726632581472
814,4259.1260109561645
815,4260.758242638398
816,4265.580420157402
817,4273.4955608692635
818,4286.478041120788
819,4302.092617050028
820,4318.734044646907
821,4337.219145513732
822,4360.494826103292
823,4382.920925252524
824,4407.873783235758
825,4433.111945345013
826,4456.048636161443
827,4475.488197654844
828,4491.157692487449
829,4504.317117229935
830,4514.492473062983
831,4520.9262567934575
832,4525.16179922711
833,4528.192436779057
834,4527.248245414409
835,4523.259256083308
836,4516.619210635492
837,4506.214281123281
838,4494.536328229707
839,4480.501467793551
840,4465.918343846022
841,4453.169006923706
842,4441.681193454326
843,4431.699978846655
844,4423.512574179469
845,4417.001264477345
846,4408.992987311166
847,4400.373162521535
848,4389.177119014563
849,4376.9377264286
850,4364.907379631136
851,4355.6864184993165
852,4350.583159165037
853,4348.822928686473
854,4352.16859786304
855,4355.079330046653
856,4361.993875341648
857,4372.424658131901
858,4383.648625470345
859,4394.881940793238
860,4405.084068035513
861,4413.907314559646
862,4420.255090098664
863,4425.199194213146
864,4431.036656057313
865,4436.599154053957
866,4439.3817472655255
867,4439.46962765065
868,4436.521791029984
869,4430.820947215522
870,4425.967930528288
871,4416.520281585666
872,4403.563172700876
873,4389.048145038256
874,4370.809699263943
875,4354.213100157769
876,4337.781344591374
877,4321.773351315867
878,4305.132311655177
879,4290.685349650611
880,4276.5240198168385
881,4262.659974425122
882,4251.431342515542
883,4241.806563588256
884,4233.362260598618
885,4225.008959850063
886,4215.518377208862
887,4207.055840726585
888,4200.071742846638
889,4192.5516571468415
890,4186.183239728343
891,4180.182251679758
892,4175.733871203792
893,4172.496959359682
894,4167.445514306832
895,4161.87708644431
896,4158.443368571317
897,4154.782284628028
898,4150.708494252698
899,4143.573471824955
900,4132.779376253118
901,4121.318692555838
902,4106.1925479223455
903,4090.6247257274144
904,4076.291806718633
905,4061.791921625317
906,4048.6697350831755
907,4034.789049506173
908,4022.2668019901694
909,4012.3886532996908
910,4006.791649764522
911,4007.0406894880925
912,4007.257354047599
913,4012.506896326233
914,4022.751609831273
915,4035.4981109968608
916,4052.449239225893
917,4075.370865605383
918,4103.675793609179
919,4137.41652538178
920,4174.607315891471
921,4214.042748824593
922,4256.880333761646
923,4303.466979716446
924,4350.442336866856
925,4398.246367847804
926,4443.90479538564
927,4487.430402892242
928,4526.498689750241
929,4563.210042591574
930,4594.464149347396
931,4621.077354538452
932,4641.89854578098
933,4657.615550012635
934,4671.0184745363
935,4681.282628824324
936,4686.766512550284
937,4689.924018465796
938,4692.0673248872945
939,4693.486567640218
940,4692.616764841289
941,4691.3397801828505
942,4689.519227746278
943,4688.71037535008
944,4684.613064282924
945,4680.854926463409
946,4676.05711342141
947,4670.802841348391
948,4663.077891647667
949,4653.8315016867955
950,4644.590383701589
951,4632.745793428099
952,4619.801805617314
953,4606.147747892843
954,4591.2267443396795
955,4574.413910222774
956,4556.362013207745
957,4536.142254730238
958,4515.12669745591
959,4494.473119935666
960,4474.436343082733
961,4454.045913572325
962,4432.985755723196
963,4414.56554705604
964,4395.079582724536
965,4375.257699843917
966,4352.958715187707
967,4327.693527785023
968,4297.5723125524655
969,4271.366855300141
970,4241.864579052023
971,4207.798331042536
972,4170.730761472584
973,4131.067173003458
974,4087.357570758176
975,4038.5446941577793
976,3986.4761120258413
977,3931.595071223771
978,3877.9154649521715
979,3826.034650398312
980,3776.200887949975
981,3729.7001908723096
982,3685.487552132096
983,3645.4575293074217
984,3607.241404780464
985,3572.0457949708866
986,3538.2474250498385
987,3506.8838911885787
988,3479.4120457084264
989,3456.461665296338
990,3437.8587437809088
991,3422.808779575418
992,3410.9533820103698
993,3402.3635198989114
994,3396.879040840552
995,3393.7942021662584
996,3394.9956881849866
997,3399.3237623123496
998,3405.3575599867195
999,3413.8112247887516
1000,3424.7149880815823
1001,3441.57519315645
1002,3462.130632532175
1003,3485.5898151415045
1004,3511.710624915233
1005,3541.2874245282533
1006,3572.2140901358825
1007,3604.7885168553807
1008,3639.0962381785375
1009,3672.934838516121
1010,3708.9006634362995
1011,3746.3019217599613
1012,3784.167146274641
1013,3821.8383142973053
1014,3856.7908730134054
1015,3890.151755487098
1016,3920.37744354387
1017,3947.255528274833
1018,3970.0721616415904
1019,3989.817997463589
1020,4006.5127130782244
1021,4021.9482592737318
1022,4033.348950668177
1023,4041.2000603799365
1024,4047.6181896337985
1025,4050.7205285173386
1026,4053.4195633460185
1027,4054.855805133458
1028,4055.845604318877
1029,4056.7657320704243
1030,4059.463012200602
1031,4062.9230591091223
1032,4067.5723622791807
1033,4072.9762237355208
1034,4078.0433048377627
1035,4084.497270450045
1036,4091.1370015748444
1037,4099.430405264439
1038,4108.626501674629
1039,4118.521538939689
1040,4127.503921618539
1041,4134.956096122242
1042,4140.301558832004
1043,4144.983343464421
1044,4146.567805671658
1045,4144.345561310463
1046,4139.323301179211
1047,4132.1507490964395
1048,4120.694897241345
1049,4104.9497520664045
1050,4085.1823534174778
1051,4060.281852513061
1052,4033.329687380344
1053,4003.1374980856435
1054,3970.9708340893185
1055,3938.6778351725934
1056,3905.1583793131667
1057,3872.497640919863
1058,3839.97285069092
1059,3809.8144889822115
1060,3781.9610585827113
1061,3756.9669932016154
1062,3733.7357117840447
1063,3710.3100330674683
1064,3689.1565407587204
1065,3670.0579925521874
1066,3652.4803246395904
1067,3635.16595245809
1068,3618.542866403813
1069,3604.913304478572
1070,3593.1823177987803
1071,3584.6254231853923
1072,3580.3762905776894
1073,3581.806345206997
1074,3587.957551079013
1075,3600.113629322095
1076,3619.6133693441507
1077,3645.864631111958
1078,3678.349157441523
1079,3715.815306549213
1080,3756.459845953046
1081,3798.736111405405
1082,3840.8173736333006
1083,3877.428071771569
1084,3914.554480160235
1085,3953.004085486564
1086,3993.1639379728226
1087,4035.9378928645847
1088,4082.4092114579753
1089,4131.794389444179
1090,4183.639100609808
1091,4237.733737951734
1092,4292.810451966141
1093,4350.121218294485
1094,4408.447018914479
1095,4468.5241421553255
1096,4530.06948978597
1097,4593.508098987613
1098,4657.959226138108
1099,4722.019744153688
1100,4787.324731885644
1101,4851.2402382480905
1102,4913.486231776917
1103,4973.243716952398
1104,5028.819698748207
1105,5080.925452874809
1106,5129.649911071137
1107,5174.557853933808
1108,5217.6207327407055
1109,5257.316482891923
1110,5292.16649073976
1111,5322.000870740824
1112,5347.3518923305555
1113,5368.890405387613
1114,5387.698439416875
1115,5403.193673586651
1116,5414.233804584133
1117,5420.818938353681
1118,5421.58213440114
1119,5419.45899940532
1120,5411.7435064444935
1121,5398.7925124885005
1122,5380.1821609993185
1123,5355.495630518809
1124,5325.547030603283
1125,5291.579556166057
1126,5250.94135446349
1127,5204.783650233784
1128,5154.860241132741
1129,5100.45046012415
1130,5043.589477144111
1131,4985.215295830429
1132,4924.913639764588
1133,4861.417276900366
1134,4796.950795524014
1135,4729.452429607101
1136,4660.388118711474
1137,4589.208444418979
1138,4515.742945859835
1139,4440.31128302533
1140,4374.685736359311
1141,4305.895051663001
1142,4235.285328118652
1143,4162.661731248865
1144,4089.120260207107
1145,4014.720041095152
1146,3942.2829094816025
1147,3871.9805206388523
1148,3803.0761138322955
1149,3736.1909809794674
1150,3673.215935309835
1151,3613.526187771952
1152,3556.798758860697
1153,3505.7002416101013
1154,3459.47413804505
1155,3417.767459593242
1156,3382.34278058596
1157,3350.8187905182613
1158,3323.3656438380226
1159,3297.935620065958
1160,3275.394915802495
1161,3256.726803011067
1162,3241.2180225269826
1163,3229.267718866636
1164,3221.023360904745
1165,3216.156093213972
1166,3212.4507460623377
1167,3210.2452445138038
1168,3210.6424691695497
1169,3213.278238668093
1170,3219.8854954361796
1171,3229.7730155549657
1172,3242.372800624852
1173,3257.0665974167273
1174,3273.1672958878785
1175,3291.1766084540527
1176,3308.1814670413496
1177,3326.0029241374586
1178,3344.1728156909467
1179,3361.5234357884124
1180,3379.7847338753836
1181,3396.8925396004383
1182,3413.891595560439
1183,3431.012497249596
1184,3448.1253603235186
1185,3463.9980448146403
1186,3477.993418208791
1187,3490.9457826798975
1188,3503.880072297389
1189,3515.4179076507035
1190,3528.7705191356517
1191,3542.3991605225833
1192,3555.2293708987972
1193,3567.8512203601817
1194,3578.9450486551414
1195,3588.4165877976934
1196,3596.051308048372
1197,3602.6935146664623
1198,3607.5196951955095
1199,3611.8392822788546
1200,3618.110308461193
1201,3627.1288386679576
1202,3638.7797335280156
1203,3653.2769031569555
1204,3671.7155308517877
1205,3691.2232870479984
1206,3711.650401132386
1207,3732.397057504112
1208,3754.527622186346
1209,3778.9567677117284
1210,3804.251310677291
1211,3829.631310397273
1212,3856.6444724374155
1213,3882.6856760531286
1214,3907.1130496344076
1215,3931.0357984196958
1216,3953.650504393322
1217,3976.26464694504
1218,3999.6625922021994
1219,4024.039858145708
1220,4047.4322093857536
1221,4069.654514017303
1222,4089.1020286551675
1223,4107.577846143
1224,4124.001440186981
1225,4138.1577658256665
1226,4150.5045054664815
1227,4162.45690302244
1228,4176.710378194323
1229,4192.989346050665
1230,4210.449112739766
1231,4228.4165520146535
1232,4245.908925134685
1233,4262.405635145263
1234,4276.285349978468
1235,4287.754064960459
1236,4297.57436121281
1237,4306.427767148749
1238,4314.00494446893
1239,4320.290663947068
1240,4325.235342748949
1241,4328.00936399406
1242,4328.479051491821
1243,4325.08447721311
1244,4317.573500267149
1245,4308.035585446986
1246,4298.01368880175
1247,4288.486515768671
1248,4281.217458596484
1249,4275.812081553114
1250,4270.976550057434
1251,4263.714107331483
1252,4251.373092994058
1253,4232.289365498988
1254,4215.6865225782785
1255,4193.470841636408
1256,4167.608047619176
1257,4141.374442018756
1258,4116.747904406237
1259,4096.58672606355
1260,4081.5475578208725
1261,4070.4852364909284
1262,4061.736553273645
1263,4055.0429662022866
1264,4049.6995324301724
1265,4047.270297139874
1266,4047.8956640555316
1267,4052.5963966023683
1268,4060.9519537957017
1269,4071.6663733029245
1270,4082.8693606056095
1271,4094.484058480652
1272,4106.782694596406
1273,4116.625183000993
1274,4127.3118801129485
1275,4139.072535416967
1276,4154.633028808631
1277,4170.189809062802
1278,4186.087836395798
1279,4203.338291534436
1280,4219.630950101039
1281,4233.956704422087
1282,4247.638103097756
1283,4262.448090222081
1284,4278.755367506232
1285,4295.95462587044
1286,4314.622262998967
1287,4334.034990655649
1288,4353.51216469475
1289,4373.932482054653
1290,4394.490511120532
1291,4414.607137590566
1292,4435.492446574614
1293,4456.946147534694
1294,4476.229958453246
1295,4495.384682429118
1296,4513.161568311164
1297,4530.259941366672
1298,4547.106101294503
1299,4561.9744762247765
1300,4574.821947069646
1301,4586.193231157759
1302,4596.9749213090845
1303,4605.708522736839
1304,4613.598799601101
1305,4622.54999440573
1306,4628.3855670200155
1307,4631.628094366406
1308,4630.470041680265
1309,4624.201818682699
1310,4613.199893771203
1311,4603.628219098202
1312,4586.715166198129
1313,4562.151927525431
1314,4532.822113864043
1315,4498.4661113349985
1316,4458.845841769821
1317,4414.709904577171
1318,4367.366028640651
1319,4316.1802465682085
1320,4264.387449892255
1321,4210.050363303294
1322,4154.974697077932
1323,4101.374672838831
1324,4048.1408107183397
1325,3997.290937660413
1326,3946.6944206452745
1327,3898.5551132779283
1328,3853.5500004000473
1329,3811.3068987353568
1330,3772.315300763001
1331,3735.9393434594353
1332,3703.6914681601584
1333,3674.691023071484
1334,3649.40801697248
1335,3627.1561184109887
1336,3607.2132214921908
1337,3590.914800266849
1338,3577.578809215542
1339,3566.6735387936455
1340,3559.1932703554307
1341,3554.398871487989
1342,3552.6861504197436
1343,3553.8522800551677
1344,3556.39737741031
1345,3560.898111097431
1346,3566.5441928026507
1347,3575.1094383498476
1348,3587.7830833346616
1349,3602.103420319534
1350,3620.3667826507617
1351,3641.1874067922126
1352,3666.475316448709
1353,3698.158232976291
1354,3735.58608511569
1355,3777.932475546602
1356,3824.0136213012047
1357,3874.806538167148
1358,3929.917546796785
1359,3989.4446170160304
1360,4050.460316879239
1361,4113.929481414593
1362,4179.840784715675
1363,4249.020403317609
1364,4320.150109611103
1365,4392.226010830118
1366,4465.556347509417
1367,4540.389546581303
1368,4605.494429773844
1369,4672.971948591488
1370,4742.782932455253
1371,4813.925133673839
1372,4885.1463179370885
1373,4956.270982233968
1374,5027.080547653374
1375,5096.270892182408
1376,5162.090654390723
1377,5226.097013292968
1378,5287.838425865849
1379,5346.516171539904
1380,5401.2699113095405
1381,5451.924246125787
1382,5498.115784522658
1383,5537.4517313820825
1384,5570.626321293602
1385,5598.147118171843
1386,5621.412581965687
1387,5638.2053491871575
1388,5648.722333001309
1389,5656.1191430697745
1390,5659.77234013435
1391,5659.247528257552
1392,5657.854344557255
1393,5654.21003302026
1394,5649.238739064025
1395,5642.121884710476
1396,5633.520333496528
1397,5621.802722861924
1398,5606.262038877555
1399,5586.98278506473
1400,5562.8269957868
1401,5535.265627656172
1402,5504.627450571871
1403,5470.177408667682
1404,5432.324524669769
1405,5389.046421192686
1406,5338.9678578099365
1407,5282.48628967465
1408,5218.851412025792
1409,5151.323157436327
1410,5083.657917553958
1411,5014.817545821681
1412,4943.845916501039
1413,4872.290409580463
1414,4800.294792920998
1415,4727.121527647906
1416,4654.571385283525
1417,4581.0961048155805
1418,4507.60766366936
1419,4433.65426365636
1420,4359.1020878764
1421,4282.2439362316245
1422,4205.554619384187
1423,4128.334467159959
1424,4051.7698507343016
1425,3985.1586344439793
1426,3917.908374469559
1427,3851.720580432946
1428,3789.352693194395
1429,3734.160049328218
1430,3687.6270663719406
1431,3648.3866417327354
1432,3618.6288607988167
1433,3594.521019357462
1434,3576.2392678309116
1435,3564.044546830594
1436,3557.277783678824
1437,3553.880272350621
1438,3555.7383568135797
1439,3561.7064361853
1440,3572.37104370409
1441,3585.3919849094336
1442,3605.0902028163528
1443,3628.389208925079
1444,3654.1142207431667
1445,3679.4285595091287
1446,3704.7445292920584
1447,3731.2171912448616
1448,3757.3439141733243
1449,3785.8014084693737
1450,3815.07857482143
1451,3843.679199326438
1452,3870.360340587353
1453,3895.2891983876098
1454,3920.050882504757
1455,3944.5636417254545
1456,3971.1691161813314
1457,3997.9859416270833
1458,4024.6739853864137
1459,4052.3666271683014
1460,4079.114734537471
1461,4103.998035564568
1462,4128.023195093614
1463,4151.350501509748
1464,4173.233848469431
1465,4193.001620255265
1466,4213.120814186479
1467,4231.881090164988
1468,4251.648300754453
1469,4272.625723476359
1470,4294.25804293551
1471,4318.269967380539
1472,4343.105357160376
1473,4370.572311697907
1474,4399.482417104725
1475,4430.6878212533775
1476,4463.333879943052
1477,4497.023241426313
1478,4528.001458005542
1479,4554.883229850512
1480,4579.476126554157
1481,4598.708696867172
1482,4615.441033039495
1483,4626.93782511446
1484,4632.598246106507
1485,4632.704536230893
1486,4625.995080675023
1487,4611.767710467351
1488,4590.2883462485415
1489,4561.922247734508
1490,4527.810971713408
1491,4490.450642050526
1492,4450.191647551339
1493,4409.051478896095
1494,4368.032883172281
1495,4326.999556010377
1496,4286.9192060976175
1497,4248.997027214422
1498,4213.739990032542
1499,4180.766314951958
1500,4149.852022361738
1501,4121.171982740644
1502,4096.364308977732
1503,4075.401328291739
1504,4056.4124337955454
1505,4039.6297246539048
1506,4026.3281663250245
1507,4015.4079665185654
1508,4008.0166625241745
1509,4004.9749505026816
1510,4005.8042684361562
1511,4009.8604544700133
1512,4016.6355110855343
1513,4027.128250207804
1514,4039.8069071171626
1515,4054.0290385046865
1516,4069.243403424995
1517,4086.5359936396976
1518,4104.494989537005
1519,4124.126097479462
1520,4145.319552513775
1521,4165.116842054816
1522,4184.049802140987
1523,4201.169239908422
1524,4216.28843425135
1525,4228.731130173887
1526,4239.683192629848
1527,4247.563688056542
1528,4253.6810888040245
1529,4257.2008647105695
1530,4256.92514716515
1531,4253.553363414713
1532,4248.85103241552
1533,4241.6788850382345
1534,4231.192561167882
1535,4218.815417699906
1536,4206.014974983623
1537,4191.561271698673
1538,4178.4145847990785
1539,4166.976967196431
1540,4157.530515868668
1541,4148.254568364749
1542,4137.897835631398
1543,4128.676956084946
1544,4120.597088516624
1545,4112.76169316247
1546,4104.24858465596
1547,4093.804707127284
1548,4083.4429404441807
1549,4073.4384988524293
1550,4064.888017131184
1551,4055.703517469111
1552,4045.006548314884
1553,4033.1778245525215
1554,4018.870349106447
1555,4005.3959677091607
1556,3992.7128378386337
1557,3980.2267780665093
1558,3969.2006766127165
1559,3961.002017959767
1560,3953.4744819352372
1561,3946.906109115842
1562,3941.641348046335
1563,3936.389176284412
1564,3930.4725769023703
1565,3923.1401641174148
1566,3915.211103247174
1567,3908.5599035478976
1568,3901.6922208757305
1569,3896.9067257583733
1570,3896.389235447946
1571,3899.6777195438153
1572,3907.553163284394
1573,3917.808265142584
1574,3930.16949949207
1575,3942.36393726843
1576,3954.2506259377406
1577,3965.3887031789527
1578,3977.7349567753813
1579,3990.134354455671
1580,4003.662310713618
1581,4019.368800887442
1582,4038.874141340377
1583,4060.516542369979
1584,4083.326869633027
1585,4108.802171704806
1586,4137.42877715223
1587,4168.438008462332
1588,4201.019245309834
1589,4236.910935659107
1590,4274.894897858323
1591,4314.535932952812
1592,4353.609800522869
1593,4392.556786320424
1594,4428.944018949407
1595,4464.548236441037
1596,4495.523905658757
1597,4526.030497823845
1598,4560.27983128004
1599,4595.790037587681
1600,4631.9792192058385
1601,4669.324297249802
1602,4710.623181326555
1603,4753.601248024662
1604,4798.668237862741
1605,4846.640704634613
1606,4896.184616138192
1607,4945.7751696387195
1608,4996.70198893867
1609,5046.833088051117
1610,5092.978886107067
1611,5134.413164121046
1612,5170.963900024569
1613,5203.620619169585
1614,5231.569986685692
1615,5257.257608712222
1616,5279.077291521855
1617,5296.169667168425
1618,5308.8032804010445
1619,5317.141786263216
1620,5323.444037450736
1621,5326.171425475403
1622,5327.00602597005
1623,5327.348270501637
1624,5327.446413169747
1625,5327.153205390628
1626,5326.648471572208
1627,5325.58309028908
1628,5322.709857033418
1629,5319.444267691864
1630,5316.360439227441
1631,5312.379058365775
1632,5305.801103587218
1633,5297.2001462629105
1634,5287.332757067843
1635,5274.498205578313
1636,5257.906991225826
1637,5238.201425554012
1638,5216.9663754591775
1639,5192.0703755535815
1640,5166.3443493571085
1641,5141.058579782382
1642,5115.526196752335
1643,5092.029146494199
1644,5068.374894157045
1645,5047.045260520931
1646,5027.229906525997
1647,5007.897920643622
1648,4987.335425263363
1649,4967.148516595717
1650,4946.742757904149
1651,4923.63454858601
1652,4897.99127403579
1653,4875.681625177099
1654,4848.252202502843
1655,4815.540452588978
1656,4780.200926310512
1657,4744.591187294579
1658,4711.261144494718
1659,4678.885805425474
1660,4650.388754323622
1661,4623.904760512739
1662,4601.2148489524325
1663,4581.487397052136
1664,4567.515729633818
1665,4556.014602695205
1666,4549.705465505817
1667,4547.558883198833
1668,4548.732358339211
1669,4550.807850346321
1670,4555.439479034617
1671,4561.532420580632
1672,4570.022210615707
1673,4580.331027879079
1674,4593.627389674454
1675,4608.853365936751
1676,4623.113945872556
1677,4637.74081497779
1678,4651.79176252781
1679,4664.172487815091
1680,4674.174822460086
1681,4683.67766918053
1682,4694.376656266886
1683,4706.859025687582
1684,4720.130348025957
1685,4734.096148549686
1686,4749.932515503913
1687,4765.246902262546
1688,4779.572348006517
1689,4793.808036062243
1690,4809.392701726492
1691,4826.750083475159
1692,4844.481116361509
1693,4862.289083122963
1694,4880.749794019944
1695,4899.058593224069
1696,4917.394459901687
1697,4934.780489473477
1698,4951.246129461722
1699,4965.906558739468
1700,4978.549843377936
1701,4989.76356956787
1702,4997.746390861255
1703,5002.266858349103
1704,5003.160470056542
1705,5000.321293225504
1706,4992.800251063008
1707,4978.379296468527
1708,4960.377819621707
1709,4936.83878874416
1710,4916.359831880694
1711,4892.80973183343
1712,4868.217559332138
1713,4841.583084574794
1714,4814.435475126863
1715,4789.022280038917
1716,4765.956539495535
1717,4746.288452055829
1718,4727.331232472383
1719,4710.874508491854
1720,4692.255579334639
1721,4671.063873420352
1722,4648.318359761106
1723,4624.986351605735
1724,4601.550518071232
1725,4576.857970269464
1726,4551.178414044905
1727,4525.442186264187
1728,4499.770839379502
1729,4472.592658952739
1730,4444.290998750086
1731,4418.223150147357
1732,4393.891970698504
1733,4368.297562428875
1734,4342.739758393585
1735,4318.095674535918
1736,4293.435376911282
1737,4265.734601223102
1738,4237.539546798529
1739,4208.533718133456
1740,4179.554710307199
1741,4151.705316137239
1742,4126.157029327591
1743,4102.133615654868
1744,4076.8973951827193
1745,4052.5562553272957
1746,4031.2261456065635
1747,4011.34736719052
1748,3992.28363649994
1749,3973.6294813923523
1750,3956.765162931723
1751,3942.4013304779305
1752,3933.688486648432
1753,3930.3907071384738
1754,3933.3886333670525
1755,3942.2627825734116
1756,3956.938398551958
1757,3979.9511348077685
1758,4007.989361775293
1759,4039.6145040343704
1760,4073.8600679055035
1761,4113.466392617017
1762,4153.959793346334
1763,4192.499811509411
1764,4226.912784067129
1765,4258.720250238993
1766,4284.753438045208
1767,4307.4023114366155
1768,4326.614790778575
1769,4341.039745010266
1770,4351.1978367126
1771,4359.658138376826
1772,4366.761449044307
1773,4371.475910320544
1774,4375.255188438788
1775,4377.170880026798
1776,4382.595250761469
1777,4390.947030030805
1778,4400.518888194827
1779,4410.204782424691
1780,4420.21260429158
1781,4429.441498844495
1782,4437.60648825722
1783,4443.220877367495
1784,4447.884344886065
1785,4451.318912205034
1786,4452.428784932951
1787,4452.48232897598
1788,4452.228918839609
1789,4451.498465668417
1790,4450.611163733965
1791,4450.5452448936185
1792,4448.836011137309
1793,4446.191293024361
1794,4442.267859952731
1795,4437.623435993283
1796,4432.168212589857
1797,4427.1753399105455
1798,4423.012928435981
1799,4417.834620316886
1800,4412.539069373288
1801,4405.950531588428
1802,4397.215736739693
1803,4384.996852319541
1804,4368.855302590642
1805,4347.102630136979
1806,4320.6568192003315
1807,4292.700222872721
1808,4262.4177942960205
1809,4229.5691737449315
1810,4194.7660351775785
1811,4158.647394425919
1812,4122.133439638956
1813,4085.75283102592
1814,4049.9132655183034
1815,4016.754026637462
1816,3986.135963443272
1817,3957.630596590304
1818,3931.3216491711673
1819,3907.0632450099506
1820,3882.6009893882865
1821,3856.6807923356305
1822,3828.924061299675
1823,3798.6097756099266
1824,3772.236347059845
1825,3743.304784094917
1826,3713.408244969973
1827,3682.582050477157
1828,3653.410724319807
1829,3626.600616263738
1830,3603.6925948237363
1831,3583.9006997340375
1832,3566.6002057158917
1833,3551.7630732199896
1834,3538.9548424879745
1835,3528.261562000119
1836,3520.151449760003
1837,3514.5022659868464
1838,3510.922385440249
1839,3507.109835382413
1840,3501.4522428680734
1841,3495.2507269371704
1842,3486.7428307374976
1843,3476.999961509152
1844,3467.604255624054
1845,3459.7148482693788
1846,3452.93541447149
1847,3446.6789023794063
1848,3439.933120069044
1849,3430.4307605924573
1850,3420.949609545356
1851,3411.1525853274584
1852,3401.56869493668
1853,3393.4398591415993
1854,3389.4809818446342
1855,3390.787700870726
1856,3395.019465121516
1857,3405.1549096810904
1858,3417.3422557529398
1859,3431.8314288404
1860,3445.7511337497126
1861,3462.1226711796153
1862,3479.7253713059536
1863,3499.0121435412098
1864,3520.098153245302
1865,3543.611691991046
1866,3568.0582348286316
1867,3591.6910588689752
1868,3616.2473903660084
1869,3639.9922410024674
1870,3664.4040316994274
1871,3689.9364809488798
1872,3717.930587850524
1873,3749.0240053534153
1874,3784.662914230676
1875,3823.4766894670797
1876,3864.3675141271974
1877,3906.597520005228
1878,3948.4242875346877
1879,3986.6271298437314
1880,4019.387651531047
1881,4047.889305399012
1882,4072.337394588144
1883,4095.611050387307
1884,4119.031864023744
1885,4140.065797009058
1886,4159.743678641037
1887,4178.442935183932
1888,4197.243114464356
1889,4215.282840824247
1890,4234.42287745366
1891,4253.77541272452
1892,4273.289307704148
1893,4293.563606939665
1894,4317.126579429323
1895,4344.214860853861
1896,4371.7159091160875
1897,4399.853993683675
1898,4428.841715849699
1899,4457.428739606588
1900,4487.0715257385555
1901,4515.980143557955
1902,4544.266229479302
1903,4570.392133327121
1904,4594.004214992732
1905,4615.126019399244
1906,4633.705073387727
1907,4650.182456057449
1908,4663.833851388924
1909,4674.608574641451
1910,4686.515426032601
1911,4697.57019805157
1912,4708.33129867694
1913,4716.26048318671
1914,4723.669390552976
1915,4731.389490922439
1916,4736.288918473491
1917,4739.718646867829
1918,4741.5670229643265
1919,4742.409747231749
1920,4740.563166722777
1921,4736.515924836964
1922,4731.020862983349
1923,4723.000356937514
1924,4715.446766051836
1925,4705.126379437194
1926,4694.669062367361
1927,4685.077756828336
1928,4673.378012875386
1929,4662.82989910794
1930,4651.789800466034
1931,4644.490977170101
1932,4637.872038978031
1933,4631.532279817236
1934,4623.437942852936
1935,4615.119939816056
1936,4603.332410386115
1937,4586.604890958171
1938,4572.051949055861
1939,4555.312034865538
1940,4539.776323774517
1941,4525.217197782957
1942,4512.859195463487
1943,4501.85763773425
1944,4495.815436071492
1945,4493.24922638761
1946,4491.079625419751
1947,4489.2040287200125
1948,4486.947347532504
1949,4482.37034152229
1950,4479.027015231842
1951,4474.600836091072
1952,4471.021228362681
1953,4468.206147138246
1954,4468.415513165331
1955,4471.034541965827
1956,4474.540385653426
1957,4478.380500905623
1958,4487.139072483026
1959,4498.878407860074
1960,4514.109962430061
1961,4533.296440434993
1962,4555.331734448199
1963,4579.720720166266
1964,4606.609498938705
1965,4633.312547693882
1966,4660.935092197402
1967,4687.649234467669
1968,4712.9161177591795
1969,4738.257509776761
1970,4761.978806804874
1971,4788.720821405996
1972,4815.728717754466
1973,4841.430053329325
1974,4865.371706182033
1975,4885.348627002212
1976,4903.30516084343
1977,4918.809055472794
1978,4934.638442306162
1979,4950.747318427268
1980,4965.0696137790255
1981,4979.518354603551
1982,4992.3046265979765
1983,5005.575259965167
1984,5014.416063133537
1985,5021.51893338622
1986,5026.450902864782
1987,5030.481082406961
1988,5032.178010458884
1989,5032.551832065226
1990,5031.363502099105
1991,5031.575040077598
1992,5028.980709202647
1993,5028.262862977452
1994,5029.280367044883
1995,5030.165595583548
1996,5029.960640368786
1997,5026.53511300807
1998,5020.011477263081
1999,5012.442308251114
2000,5005.62435290402
2001,5000.547565493523
2002,4996.509746932563
2003,4994.016353459003
2004,4990.720725895951
2005,4983.7167203517365
2006,4973.261552871715
2007,4959.362583931974
2008,4938.721883328014
2009,4913.317191170942
2010,4884.8114165174065
2011,4854.820030129634
2012,4823.143426219944
2013,4790.739151278857
2014,4756.438863330952
2015,4721.540355933126
2016,4684.311360800629
2017,4643.324780378681
2018,4598.143553247889
2019,4550.647692727844
2020,4498.927197404727
2021,4444.441108003848
2022,4387.296268164117
2023,4330.946082491584
2024,4276.481125753743
2025,4220.757555935481
2026,4165.793595370335
2027,4111.323927799065
2028,4058.5514567059063
2029,4005.424618651735
2030,3953.5748893901714
2031,3902.7291552556558
2032,3853.431465823613
2033,3806.420680962078
2034,3761.233360165039
2035,3719.2499335296834
2036,3678.760415465676
2037,3640.5573457311275
2038,3607.9936287431597
2039,3580.303059655171
2040,3560.8055817994514
2041,3546.0285800120373
2042,3537.329810792739
2043,3532.6105021239887
2044,3530.6896811039032
2045,3532.3019945645347
2046,3539.093527375284
2047,3551.8891063252045
2048,3569.2112928175006
2049,3591.3444136806156
2050,3617.2464335832337
2051,3646.7118869483925
2052,3672.34683137608
2053,3704.1571095888817
2054,3738.8185473995854
2055,3774.5675648639094
2056,3809.2162609173265
2057,3844.905141973002
2058,3879.0201939586505
2059,3908.437296708599
2060,3934.044524711138
2061,3956.90642135683
2062,3978.5005758816546
2063,4000.2349285105006
2064,4023.1647890388394
2065,4048.3182945900426
2066,4077.2645654044777
2067,4111.10918770444
2068,4146.5284366902015
2069,4185.173450893207
2070,4227.390341082508
2071,4273.658363005139
2072,4321.895100317766
2073,4372.469182481675
2074,4422.371449410181
2075,4470.284285718354
2076,4516.669539080564
2077,4560.242580175224
2078,4600.69054206354
2079,4639.8969499652085
2080,4677.435793209461
2081,4714.322220775984
2082,4747.993273185455
2083,4778.648587109832
2084,4808.638824991875
2085,4835.159181233558
2086,4859.156907831286
2087,4882.244896814596
2088,4903.5215456391925
2089,4924.524679359683
2090,4949.059518524452
2091,4976.519288879514
2092,5004.277831186622
2093,5034.3526477507685
2094,5061.203135568404
2095,5083.2997904845615
2096,5100.749037494839
2097,5113.250369772564
2098,5120.567551791116
2099,5117.8437800587135
2100,5108.636237133034
2101,5095.347642229538
2102,5076.312889847284
2103,5051.120799325236
2104,5020.055786642651
2105,4985.540857527554
2106,4950.202964872255
2107,4916.673209570574
2108,4886.972554732791
2109,4861.132985023919
2110,4842.087576755556
2111,4828.325763466523
2112,4816.7838327278205
2113,4805.435230651943
2114,4790.205399611347
2115,4773.742755680578
2116,4756.142570301624
2117,4736.904484203273
2118,4718.25338014722
2119,4700.968069363013
2120,4684.047824716415
2121,4668.541943552486
2122,4655.178186954155
2123,4643.382359201258
2124,4633.696565663685
2125,4624.779869718426
2126,4618.237253146054
2127,4616.27700376572
2128,4618.655023737234
2129,4624.410948793585
2130,4635.8810921310505
2131,4652.086489864577
2132,4674.199771914561
2133,4700.222940113129
2134,4727.629221465178
2135,4756.995816055375
2136,4788.425205923322
2137,4822.894102512233
2138,4855.711654866435
2139,4888.9278097290535
2140,4922.319133778887
2141,4953.297941231636
2142,4980.804286352094
2143,5007.871293812543
2144,5032.21051662085
2145,5054.181552918819
2146,5075.260739281555
2147,5095.217735580176
2148,5112.52788585448
2149,5126.164837231491
2150,5134.421529281547
2151,5137.815966897937
2152,5135.696879460398
2153,5126.96020801848
2154,5112.639891799407
2155,5095.531699609038
2156,5075.516918368041
2157,5053.588463737948
2158,5029.891063649113
2159,5002.978430361151
2160,4973.347600400441
2161,4941.7864995259
2162,4908.016745860086
2163,4872.06891634755
2164,4833.286085926083
2165,4792.662687587005
2166,4757.320331032008
2167,4720.015697019119
2168,4681.0717667531135
2169,4640.1638567430255
2170,4598.346734616329
2171,4555.779881547408
2172,4514.963322765751
2173,4473.497802944851
2174,4431.4690245862985
2175,4388.525831536014
2176,4344.898235090744
2177,4301.57903767642
2178,4259.8474274765285
2179,4217.832780668157
2180,4177.494582879682
2181,4138.171730412792
2182,4100.888260804888
2183,4062.413429044809
2184,4023.8583112894016
2185,3986.307704942917
2186,3950.4058573490374
2187,3918.305437979582
2188,3888.8941321780885
2189,3863.3799704811004
2190,3842.8496571680294
2191,3825.1847557433434
2192,3811.7008601320113
2193,3801.8536587965996
2194,3794.53194237384
2195,3789.6647752911067
2196,3787.1993614809335
2197,3787.9364738119125
2198,3790.512626407128
2199,3796.983548146125
2200,3803.6558030709034
2201,3812.64086652697
2202,3823.8655069628953
2203,3834.945818865983
2204,3846.466889375786
2205,3858.70800642597
2206,3871.3431821420218
2207,3882.644976487293
2208,3891.6904127181797
2209,3900.138536417331
2210,3905.652942195566
2211,3909.6273850608545
2212,3910.216379784775
2213,3907.7682510329537
2214,3903.623454280261
2215,3897.292266443747
2216,3888.7711099027856
2217,3878.5277572547334
2218,3867.6388205842577
2219,3854.851169540985
2220,3840.6122295610717
2221,3825.489006720419
2222,3809.3699361484078
2223,3795.346344750758
2224,3778.9160550582196
2225,3760.3180549705585
2226,3741.284894898106
2227,3721.702498291746
2228,3703.1800771791254
2229,3685.732635997036
2230,3667.6274163704566
2231,3650.500659072376
2232,3633.679681906593
2233,3616.8014909842504
2234,3600.747091262779
2235,3584.899310401696
2236,3568.8636892021113
2237,3553.2696520959744
2238,3538.03870087491
2239,3522.0358660990546
2240,3505.0615241648225
2241,3488.0850419148132
2242,3471.392747523452
2243,3453.536837424694
2244,3435.6852582147358
2245,3419.043828084223
2246,3403.8673705852684
2247,3390.04953897536
2248,3376.4536774735625
2249,3363.5048376314207
2250,3352.411995410613
2251,3342.386477898858
2252,3336.723043558257
2253,3335.1018274858134
2254,3337.7783990089547
2255,3344.390641014245
2256,3355.772877017414
2257,3369.618611134207
2258,3386.7015097753615
2259,3407.2186033299145
2260,3431.5741528268027
2261,3459.8908649446294
2262,3491.5059476081337
2263,3525.7327717417115
2264,3563.4255554876795
2265,3603.7217958014426
2266,3648.3351888713282
2267,3697.931489323778
2268,3752.0651317558545
2269,3810.6784897386556
2270,3874.7826393238533
2271,3942.973803830485
2272,4015.4587586089433
2273,4091.0327022325237
2274,4169.540685758818
2275,4251.761706101583
2276,4335.831635633719
2277,4420.3057060256615
2278,4502.109340287422
2279,4583.245492188664
2280,4653.833944342744
2281,4723.245274511042
2282,4789.8077672875215
2283,4854.768706423681
2284,4916.797447714333
2285,4974.118705323002
2286,5025.086395135519
2287,5071.097907051819
2288,5110.978568628435
2289,5145.704215994766
2290,5174.783881476776
2291,5199.255417391327
2292,5219.721584103109
2293,5236.110188158242
2294,5247.389981276797
2295,5255.09327112136
2296,5260.097645622518
2297,5260.760697347047
2298,5257.650364876117
2299,5249.351421565212
2300,5236.142968617281
2301,5215.489606992368
2302,5188.367648321
2303,5156.99124119073
2304,5122.807254837257
2305,5086.0642861459055
2306,5047.306511338979
2307,5008.984856713011
2308,4970.656836046184
2309,4933.035857796946
2310,4895.14001593408
2311,4856.512898325524
2312,4819.94780268151
2313,4784.653314672472
2314,4753.676558325521
2315,4728.0594635318785
2316,4706.912255348073
2317,4690.387089993644
2318,4677.566839335683
2319,4665.024719109793
2320,4652.641105998898
2321,4640.573352993982
2322,4628.065829721476
2323,4616.038820775712
2324,4605.420540559354
2325,4593.885336016911
2326,4582.639493526245
2327,4573.471385109968
2328,4565.59272386587
2329,4559.153930637158
2330,4553.55121020363
2331,4549.649829936797
2332,4547.288439565511
2333,4546.162002345474
2334,4547.312094603581
2335,4554.350493459361
2336,4565.501791610134
2337,4575.203421001308
2338,4589.553051411091
2339,4606.185960410732
2340,4624.33656312492
2341,4643.192069480324
2342,4661.738283513027
2343,4680.983088076761
2344,4700.517588207003
2345,4721.1943308688715
2346,4743.864268524045
2347,4767.462166219168
2348,4792.32403792071
2349,4818.356550994396
2350,4842.458574554587
2351,4865.22250516583
2352,4888.567387805634
2353,4912.75435672524
2354,4936.106383009248
2355,4958.094053012717
2356,4979.794526244441
2357,4999.571271433693
2358,5017.709611227522
2359,5033.998606024832
2360,5049.141141056195
2361,5061.340860620029
2362,5070.009548845417
2363,5076.193191375543
2364,5079.101046792612
2365,5079.448982304317
2366,5077.777703966704
2367,5075.02967114577
2368,5069.948222635722
2369,5062.8285149598505
2370,5054.4170374522655
2371,5045.382481965217
2372,5035.157147036448
2373,5022.917956529264
2374,5009.410006481985
2375,4995.566850854544
2376,4981.4228881793815
2377,4967.007245796054
2378,4952.835332594418
2379,4937.201367199915
2380,4920.006970683261
2381,4902.513063367266
2382,4884.625625958359
2383,4868.154598328121
2384,4850.8302064747595
2385,4833.154944176187
2386,4816.273142974749
2387,4799.962275612355
2388,4781.901655731368
2389,4763.715703678015
2390,4748.8705806671205
2391,4736.028032348067
2392,4725.533356335397
2393,4718.813123178904
2394,4712.966520332755
2395,4711.135916951789
2396,4708.600049052722
2397,4703.974029242759
2398,4694.563007215074
2399,4678.666901823685
2400,4658.348888149448
2401,4630.5876400843445
2402,4598.415538162527
2403,4562.805998722033
2404,4525.087450577567
2405,4487.242938024924
2406,4448.979460549299
2407,4407.566622950391
2408,4364.532137025357
2409,4321.0924313082205
2410,4278.073245240713
2411,4234.48256830163
2412,4194.466793877237
2413,4157.319916606338
2414,4123.541676966161
2415,4091.714891761623
2416,4060.595280129971
2417,4030.98879751993
2418,4001.8600582470053
2419,3974.338845396737
2420,3950.074905706491
2421,3928.4830949352013
2422,3908.3857529197835
2423,3889.1156492071414
2424,3870.0631476315525
2425,3851.876659260315
2426,3834.43352766567
2427,3818.7686987358065
2428,3805.368499805255
2429,3796.448940938813
2430,3792.7449650609683
2431,3792.6081575147527
2432,3795.888717790806
2433,3804.0832982703982
2434,3814.987479418219
2435,3829.005704292732
2436,3845.817437284602
2437,3862.686210616479
2438,3881.5156265044807
2439,3902.872434575392
2440,3924.8690441219514
2441,3948.4932398454994
2442,3972.0602535675944
2443,3997.686461832187
2444,4022.8786380222646
2445,4047.3283754878476
2446,4071.961544064083
2447,4098.862602124054
2448,4130.188141458455
2449,4167.038997795121
2450,4211.047591923513
2451,4249.335068815214
2452,4295.220915881425
2453,4347.011184296413
2454,4400.352874548845
2455,4452.902680095984
2456,4502.603721699586
2457,4549.202452742874
2458,4591.258288773531
2459,4629.3256029917475
2460,4663.4250061739385
2461,4693.541581621712
2462,4719.6452430242025
2463,4740.3091543259
2464,4754.493334547368
2465,4764.761776908979
2466,4771.695557694831
2467,4778.233505714811
2468,4782.216591450974
2469,4784.402482160649
2470,4784.501776211757
2471,4781.393488047747
2472,4775.482250805543
2473,4765.391887710028
2474,4751.644089943497
2475,4734.72017116239
2476,4716.576241215605
2477,4697.067402575572
2478,4676.263872325129
2479,4653.187313756711
2480,4628.391849165011
2481,4602.523006398643
2482,4572.105649537846
2483,4543.445541437814
2484,4516.222335071493
2485,4493.6396326186
2486,4474.552521603194
2487,4458.193124238235
2488,4447.685166128367
2489,4439.3667156065585
2490,4430.307043919018
2491,4422.803174741508
2492,4417.814058326648
2493,4412.449325470658
2494,4404.560087139435
2495,4394.716883289608
2496,4380.746536088095
2497,4365.711768622509
2498,4345.663172235926
2499,4318.7310540997305
2500,4284.534467964877
2501,4242.335941685906
2502,4195.342995422285
2503,4146.09009914009
2504,4096.200114172022
2505,4046.216352326555
2506,3998.0446412282336
2507,3956.9836727348334
2508,3921.2606301455753
2509,3888.7217719653927
2510,3862.019201977753
2511,3840.1326518989727
2512,3824.4138900811854
2513,3815.3915578070187
2514,3813.158336951414
2515,3815.9192668032088
2516,3821.95864541558
2517,3830.2803215720696
2518,3839.4319570771227
2519,3848.3007026879877
2520,3856.872972833446
2521,3864.699249573693
2522,3872.324917889849
2523,3879.1066450938574
2524,3887.7028814281157
2525,3897.3583623384748
2526,3909.581016025564
2527,3923.468919595474
2528,3938.5269982228842
2529,3952.7281119998524
2530,3965.378008214643
2531,3977.6239278978114
2532,3991.748896041809
2533,4006.204485973566
2534,4018.8251709124097
2535,4031.743793172465
2536,4041.3755302024997
2537,4051.3061378836087
2538,4059.1952381085225
2539,4065.1269787356905
2540,4071.9251801249047
2541,4078.9266932722553
2542,4084.3228597956722
2543,4085.755499200595
2544,4084.0755361581755
2545,4079.8673807594882
2546,4071.3493483497923
2547,4060.152543643543
2548,4046.9576016852375
2549,4032.1847018997796
2550,4017.2656936433787
2551,4002.9819394987953
2552,3990.636559305684
2553,3982.032585840811
2554,3973.8922216613096
2555,3968.017543524186
2556,3965.8104684459363
2557,3963.6444264213023
2558,3964.6308896261517
2559,3969.622951419553
2560,3980.3119708805298
2561,3993.405875037596
2562,4008.085302929022
2563,4022.750299832613
2564,4038.640153071685
2565,4052.464325389678
2566,4066.522914869454
2567,4076.1985986707246
2568,4080.832211140932
2569,4083.712206538856
2570,4084.3775464500222
2571,4080.7883430232514
2572,4074.2390170254766
2573,4064.9848681566004
2574,4052.093798744294
2575,4037.623139584938
2576,4020.8799323527464
2577,4003.8356349348855
2578,3983.1495481828306
2579,3960.714629783455
2580,3938.6790378359337
2581,3917.8110790445894
2582,3899.061615913785
2583,3881.9882899660056
2584,3865.183146733023
2585,3848.3430665089036
2586,3830.0271897091548
2587,3812.426842320981
2588,3794.0887907853753
2589,3776.626818951309
2590,3759.5303210271177
2591,3741.4787950182645
2592,3722.697722364162
2593,3701.998115460976
2594,3681.520652314495
2595,3658.9925379589386
2596,3633.6799021213615
2597,3605.774842385196
2598,3578.414587573144
2599,3551.1879532659204
2600,3526.105534547332
2601,3501.8870485817924
2602,3478.7378406378148
2603,3455.9363693709392
2604,3435.1282141780343
2605,3416.1728135237613
2606,3401.359866798963
2607,3392.7102910952
2608,3387.9823101813117
2609,3385.463083236455
2610,3383.8252710876022
2611,3383.3637355768005
2612,3383.117935295606
2613,3383.0071248623426
2614,3382.9639919133833
2615,3383.421055002025
2616,3383.4935763924077
2617,3383.285118081193
2618,3384.0947478333187
2619,3387.2734611212218
2620,3395.8144602647444
2621,3411.150346751556
2622,3424.492567995082
2623,3446.23039140767
2624,3474.0934738740075
2625,3507.4015220546376
2626,3546.1889325956404
2627,3590.8439776442156
2628,3641.0633917056016
2629,3695.7732530767025
2630,3753.6184054010464
2631,3814.080058988059
2632,3875.937613966009
2633,3939.0971061250752
2634,4004.235203068095
2635,4070.1748303158993
2636,4136.738902849609
2637,4203.318657290348
2638,4269.324858302412
2639,4331.714672269246
2640,4391.259967752944
2641,4448.306308684663
2642,4501.586015516656
2643,4553.684259760515
2644,4604.2642144416
2645,4652.732664636173
2646,4698.364971695073
2647,4739.031970430427
2648,4777.075492345838
2649,4809.282132187108
2650,4835.774257294619
2651,4855.764758125339
2652,4869.708134249172
2653,4879.930315507472
2654,4887.511624663215
2655,4891.20828521056
2656,4892.051647704635
2657,4889.863821039488
2658,4881.423723903735
2659,4870.9290038495055
2660,4857.495856460195
2661,4841.27762538747
2662,4822.941775759519
2663,4805.528025364061
2664,4786.425932286725
2665,4766.763724975775
2666,4745.0205934597925
2667,4722.722179666024
2668,4699.636849226957
2669,4678.4267027312835
2670,4658.801062488306
2671,4641.920339770031
2672,4627.30116696809
2673,4616.539257644084
2674,4608.710461580703
2675,4601.627539044545
2676,4593.651043584918
2677,4583.104138972796
2678,4570.872226804023
2679,4560.230463217191
2680,4547.1514994319405
2681,4529.807299416257
2682,4507.722772716788
2683,4481.222409303081
2684,4449.016456780855
2685,4410.988866138177
2686,4365.396517085759
2687,4314.028513371899
2688,4257.549317837081
2689,4200.451673983679
2690,4139.719748120626
2691,4079.034283306583
2692,4017.7126035896054
2693,3955.315256118013
2694,3893.4159483869407
2695,3831.446636188693
2696,3772.0670546085325
2697,3716.403378611217
2698,3665.538662023038
2699,3619.89149122558
2700,3578.4661575620503
2701,3540.971697630357
2702,3509.211102046969
2703,3482.9152611086843
2704,3465.0219999030737
2705,3451.4293660176063
2706,3442.729771986709
2707,3439.744330945997
2708,3441.7528966445307
2709,3445.90416549913
2710,3453.901223131503
2711,3464.693313254338
2712,3477.2790479324053
2713,3493.674400123763
2714,3512.7109610447155
2715,3535.0800800519
2716,3561.8939093195318
2717,3590.322871305978
2718,3621.9631196357886
2719,3656.6216944170415
2720,3694.9802298771656
2721,3735.327608483879
2722,3776.553259405082
2723,3820.669215128718
2724,3864.6000671231104
2725,3907.1808291044076
2726,3948.674043142037
2727,3989.6563914469257
2728,4029.819770748557
2729,4067.5208049518374
2730,4102.373155868704
2731,4135.081178006805
2732,4168.679125099328
2733,4203.757349742344
2734,4239.783413304831
2735,4280.942320729238
2736,4316.750570188473
2737,4358.456158765887
2738,4406.292541038857
2739,4457.753690426262
2740,4512.027586234452
2741,4568.404981498383
2742,4625.474875073465
2743,4683.681037535109
2744,4742.497843302236
2745,4801.0070880066705
2746,4858.385656040438
2747,4915.779459394695
2748,4974.916353331326
2749,5033.961856364819
2750,5093.120248552447
2751,5153.21557705633
2752,5213.565759152463
2753,5269.9064332224
2754,5322.73459982185
2755,5373.719902923558
2756,5421.512608790485
2757,5467.36015801574
2758,5511.415037660746
2759,5551.619550631691
2760,5588.659550285641
2761,5620.627425781826
2762,5647.682110915082
2763,5670.485588993344
2764,5690.354088937503
2765,5706.216665097608
2766,5716.084422339278
2767,5721.592157706252
2768,5721.66563346303
2769,5714.358057295833
2770,5700.920319744862
2771,5682.7868295267735
2772,5660.895286064885
2773,5634.560531975614
2774,5604.34163110515
2775,5572.233524041446
2776,5539.254089816262
2777,5504.81931184456
2778,5470.3300765200165
2779,5433.318622522151
2780,5394.254459179657
2781,5355.900372497654
2782,5317.191556041057
2783,5278.894731646806
2784,5241.636692275658
2785,5203.884650731066
2786,5167.599481118742
2787,5131.9670234634405
2788,5097.640795444692
2789,5063.667192859474
2790,5029.548151905355
2791,4999.612551366942
2792,4970.9951218745155
2793,4946.097958216104
2794,4922.628837020565
2795,4900.531834043277
2796,4877.959330161347
2797,4856.497162025795
2798,4835.375211808278
2799,4814.845943179901
2800,4794.909383636452
2801,4777.80858620968
2802,4762.333854158528
2803,4748.062131654882
2804,4734.13071527875
2805,4720.291620378944
2806,4706.190053437107
2807,4691.76212762577
2808,4676.087073648441
2809,4661.428610787969
2810,4647.756003890105
2811,4632.793309125706
2812,4619.479731739642
2813,4605.742182084473
2814,4593.109089565676
2815,4582.255099381105
2816,4574.265109535101
2817,4569.142538377678
2818,4566.506387229938
2819,4564.284231772579
2820,4563.653855757261
2821,4564.343149301115
2822,4566.681750487055
2823,4571.573560716465
2824,4578.032748424082
2825,4586.446633179798
2826,4595.338880564334
2827,4606.257055534286
2828,4618.150218104908
2829,4632.137019436111
2830,4647.891708422027
2831,4663.099867986446
2832,4675.127565792444
2833,4684.748634282477
2834,4692.902045052588
2835,4701.483450118856
2836,4711.036494317029
2837,4720.603776836876
2838,4732.3939464877985
2839,4742.991093660818
2840,4752.16993841753
2841,4762.397580205722
2842,4769.930880426961
2843,4774.845835467132
2844,4774.4304070939415
2845,4770.3570625748325
2846,4763.041334363655
2847,4752.763057023906
2848,4737.842484422788
2849,4720.21010921719
2850,4704.8699427883175
2851,4688.87806935914
2852,4669.970235889348
2853,4646.38959340874
2854,4618.433330310042
2855,4589.128572681331
2856,4559.91081246028
2857,4529.784380763421
2858,4499.371746168047
2859,4469.6496261897055
2860,4441.349441329939
2861,4415.919350356026
2862,4391.598930667587
2863,4369.366413604511
2864,4349.0778665490625
2865,4328.703151997516
2866,4305.87787210764
2867,4284.4521189680545
2868,4262.533117866208
2869,4242.509060859967
2870,4224.970679935461
2871,4208.950800058311
2872,4192.945497519002
2873,4177.23110006471
2874,4162.6751148896465
2875,4149.56978653064
2876,4138.969431246859
2877,4132.00463514541
2878,4125.700202006123
2879,4121.641071737187
2880,4119.218420169138
2881,4117.753362349155
2882,4114.406956030961
2883,4111.918885392132
2884,4108.760742425232
2885,4104.947593189523
2886,4100.731944873456
2887,4093.94339723577
2888,4084.437446183374
2889,4074.965844888551
2890,4063.647163668775
2891,4050.7622147168004
2892,4036.012783782838
2893,4022.0790956537057
2894,4009.8957744997456
2895,4000.5684701570094
2896,3994.056074964142
2897,3990.4974715810977
2898,3988.9444199232826
2899,3989.819460602691
2900,3994.0164815823646
2901,4000.4833670911003
2902,4010.6636206831954
2903,4022.785235522567
2904,4038.1224845781735
2905,4055.0656475549767
2906,4075.438772179229
2907,4093.163390602329
2908,4112.686567803649
2909,4134.99182605563
2910,4157.717646153203
2911,4183.100672541922
2912,4208.321098730923
2913,4233.61062056296
2914,4259.53944491795
2915,4284.209739765453
2916,4306.402175226307
2917,4326.9332080883605
2918,4346.175305137756
2919,4363.545288608329
2920,4378.806258057991
2921,4393.496323038209
2922,4407.611513019235
2923,4421.635312548515
2924,4435.413328867854
2925,4448.216404149013
2926,4459.93453715774
2927,4469.200475800129
2928,4477.1499395914725
2929,4483.956426402278
2930,4487.498676587387
2931,4488.629665594294
2932,4490.990117319618
2933,4493.109728838658
2934,4496.194865371403
2935,4499.333639060613
2936,4502.672950424231
2937,4509.43689061161
2938,4518.1189992890895
2939,4529.367621088032
2940,4541.796639613193
2941,4555.402609204511
2942,4569.211247362537
2943,4580.1754795366105
2944,4591.614607853234
2945,4603.632616793862
2946,4614.556475334376
2947,4626.576586137131
2948,4638.899713942854
2949,4648.667402402959
2950,4655.977428651576
2951,4662.063955988597
2952,4664.087317699888
2953,4663.63681697832
2954,4659.614880801536
2955,4653.440868039979
2956,4646.518009244257
2957,4638.8692777730785
2958,4630.331825242808
2959,4622.314813369074
2960,4613.380925742789
2961,4602.4173516105575
2962,4590.489033496217
2963,4577.472141698469
2964,4566.147445834428
2965,4554.9765056140295
2966,4544.586728073366
2967,4534.325327796724
2968,4526.049800475851
2969,4517.377420361548
2970,4510.245756723264
2971,4505.675105224972
2972,4503.329724105168
2973,4503.617883441098
2974,4502.998326752577
2975,4504.2844378245045
2976,4506.545159027202
2977,4510.358697759492
2978,4514.912116063336
2979,4520.269170104868
2980,4526.17885851196
2981,4532.874468246324
2982,4537.99075399895
2983,4542.797063604333
2984,4549.221913524338
2985,4558.631631946804
2986,4571.819910396
2987,4586.715298051672
2988,4602.503512854144
2989,4620.813630805661
2990,4639.934342070758
2991,4659.339634475504
2992,4681.371300786634
2993,4705.721237028932
2994,4732.796164046567
2995,4762.13773318899
2996,4791.4859851397305
2997,4820.16051421303
2998,4846.326248565878
2999,4872.0598010726235
3000,4896.953744545365
3001,4920.166884354445
3002,4942.0700081791865
3003,4963.499812408303
3004,4982.4740510547335
3005,4997.107747880584
3006,5006.99587101594
3007,5012.2117275924165
3008,5012.098762965347
3009,5008.20542329602
3010,4999.575091131451
3011,4985.979343381044
3012,4969.905671707834
3013,4952.666792479329
3014,4933.322308438602
3015,4913.144114679063
3016,4891.240005931102
3017,4867.793992113515
3018,4841.848756824057
3019,4813.219814702274
3020,4781.280290789317
3021,4753.492904985046
3022,4720.602959422737
3023,4684.219338045697
3024,4646.006142514239
3025,4608.635670237025
3026,4571.629922646745
3027,4535.332304928558
3028,4501.193615482189
3029,4468.170358011326
3030,4436.515059791442
3031,4406.625631808743
3032,4378.782716311919
3033,4352.045827062208
3034,4326.446294764239
3035,4302.694805906279
3036,4278.608783985817
3037,4254.9264144878625
3038,4231.124964142706
3039,4208.158343333938
3040,4182.95731457598
3041,4153.855505485096
3042,4123.617959330072
3043,4093.1548356581256
3044,4060.480569801103
3045,4026.3357938128947
3046,3991.292491656768
3047,3956.046798843991
3048,3921.3741100546554
3049,3887.4739243140757
3050,3855.514477464535
3051,3825.8152795172496
3052,3796.825152263873
3053,3769.940157976765
3054,3744.811404620878
3055,3718.633255170391
3056,3696.5180584177815
3057,3677.4782419566936
3058,3660.968876389022
3059,3649.915100289858
3060,3642.284004860753
3061,3637.8468898592073
3062,3637.6891208658426
3063,3642.765759032196
3064,3651.517265974026
3065,3665.1880844260263
3066,3683.442551121255
3067,3705.8655028616345
3068,3733.271049331939
3069,3767.3061617222847
3070,3806.850872906976
3071,3850.4946527134784
3072,3898.971837577351
3073,3949.20945806651
3074,3998.8668334055164
3075,4045.907674675461
3076,4090.672482738934
3077,4131.44622601836
3078,4166.91938267146
3079,4197.3711238654205
3080,4224.29035604905
3081,4248.655247354205
3082,4268.425487463063
3083,4286.672108162258
3084,4301.3993062025465
3085,4313.2534360000955
3086,4324.042420017738
3087,4334.002446973695
3088,4341.7677636083645
3089,4348.970745744134
3090,4355.442054066443
3091,4361.078460993131
3092,4367.4756005203635
3093,4374.227916914421
3094,4381.6622269979225
3095,4388.745148245554
3096,4395.115491587937
3097,4399.509561990655
3098,4401.914356466948
3099,4401.343497932363
3100,4396.560755959652
3101,4389.081816491732
3102,4378.281023298254
3103,4365.432529544203
3104,4351.687967299379
3105,4337.415673601857
3106,4321.691861621974
3107,4306.143108173192
3108,4289.834275571855
3109,4271.107981255606
3110,4249.918901365764
3111,4226.52044767888
3112,4199.558955287767
3113,4168.750649889107
3114,4135.561235387698
3115,4099.613302431907
3116,4061.058841984099
3117,4023.502841860642
3118,3985.2866833614376
3119,3945.3112579500807
3120,3905.187949925516
3121,3864.7127404421076
3122,3824.82101333676
3123,3784.411022595563
3124,3742.768031150245
3125,3700.6034635503165
3126,3657.5792342945674
3127,3612.7808823509818
3128,3568.616978469756
3129,3524.9345451660206
3130,3485.6098483497353
3131,3448.30702677297
3132,3414.1309549259418
3133,3382.2531789571835
3134,3353.811390903087
3135,3329.0670352960233
3136,3307.908672777116
3137,3289.291380758707
3138,3272.014180687364
3139,3254.218128476748
3140,3235.8792538074827
3141,3219.0352714075593
3142,3203.944746053754
3143,3189.6069703516373
3144,3176.363633009444
3145,3165.391076659864
3146,3153.0551222565987
3147,3140.041390839208
3148,3128.1410601022712
3149,3116.0271460516137
3150,3103.1443921946047
3151,3092.512008791747
3152,3080.5028571630305
3153,3070.0490582510142
3154,3061.983377030061
3155,3057.4951704100386
3156,3056.9214931075735
3157,3057.9760591118807
3158,3061.7309510262885
3159,3066.572562484249
3160,3070.340303869279
3161,3076.2936280498684
3162,3083.3810253797255
3163,3089.492989024688
3164,3093.8400021287594
3165,3097.7828459680045
3166,3101.948343332877
3167,3105.80578784998
3168,3109.9605325409675
3169,3115.776837627303
3170,3122.500252995102
3171,3129.16376982056
3172,3136.364614498785
3173,3144.9157684061674
3174,3155.2299080999137
3175,3167.6723885843066
3176,3181.476442701984
3177,3198.365805275068
3178,3218.5313394434515
3179,3241.3941678229316
3180,3266.4437084945193
3181,3293.4427127414806
3182,3319.808945578882
3183,3345.4206895004063
3184,3370.646916785463
3185,3397.407738317138
3186,3427.853903159331
3187,3457.4921774189547
3188,3490.957187451567
3189,3527.510460550429
3190,3565.391022561983
3191,3609.3489576893244
3192,3647.5923612501115
3193,3691.998761718054
3194,3742.1147688199444
3195,3795.518161215385
3196,3851.7263657986446
3197,3908.6853132645256
3198,3962.938544065829
3199,4016.8581806179855
3200,4066.0464162375597
3201,4113.418775006061
3202,4156.774996848704
3203,4196.678841437901
3204,4232.701998984802
3205,4261.569771399722
3206,4284.290485697591
3207,4302.697269370531
3208,4317.558671881247
3209,4327.373461633789
3210,4336.23132619606
3211,4343.404905544186
3212,4347.051317131011
3213,4352.697646771869
3214,4359.255658825489
3215,4366.632509556267
3216,4376.3823671920945
3217,4387.463824647843
3218,4397.25969413921
3219,4404.7459360762405
3220,4411.84527356767
3221,4414.384817987818
3222,4410.01868691001
3223,4403.845596329798
3224,4393.634094169434
3225,4380.12014032613
3226,4362.9151261362085
3227,4344.059942685497
3228,4323.725752328813
3229,4303.364350727528
3230,4280.581110280815
3231,4257.623318266108
3232,4233.8117495214465
3233,4206.758184851448
3234,4180.12556039
3235,4154.817974713328
3236,4129.123058821573
3237,4104.492267598841
3238,4083.929979776959
3239,4065.5013401622646
3240,4045.983840699805
3241,4026.6703585794653
3242,4008.9994422920427
3243,3995.116427464538
3244,3983.0566284068914
3245,3972.3604344957653
3246,3965.4138201243854
3247,3961.9770960834817
3248,3961.7355470535267
3249,3961.525399397466
3250,3962.486108381138
3251,3966.7765837657944
3252,3972.2790371107017
3253,3973.9060882952617
3254,3970.563723213329
3255,3967.8225509707017
3256,3964.510867373543
3257,3962.640707543292
3258,3963.334009924546
3259,3964.1489561404683
3260,3964.6306642942695
3261,3963.9687654412514
3262,3962.522419019769
3263,3961.3884480374118
3264,3958.6366216787037
3265,3956.192436281391
3266,3953.8546927159205
3267,3950.3807697358548
3268,3947.653753522105
3269,3943.7489318914545
3270,3939.563161412574
3271,3936.934206938194
3272,3936.798148956143
3273,3939.154826191601
3274,3944.5988323239853
3275,3953.8219209541867
3276,3970.3615261054438
3277,3990.2842999662757
3278,4012.601529946672
3279,4034.219904878139
3280,4056.4557741239482
3281,4079.9837740277803
3282,4104.375180150942
3283,4130.3219718005985
3284,4160.862760257404
3285,4192.073639797805
3286,4224.501184066946
3287,4257.6507289115725
3288,4291.148601244498
3289,4325.065595232438
3290,4361.667283398043
3291,4398.995455668937
3292,4434.468846191646
3293,4469.59805387853
3294,4502.57195855378
3295,4533.46320871289
3296,4562.194246277696
3297,4586.967996558711
3298,4606.896037217824
3299,4621.489672601795
3300,4632.678721678479
3301,4640.722387506837
3302,4649.381719332108
3303,4661.101420559524
3304,4673.416706650206
3305,4691.554763123512
3306,4707.334872255289
3307,4728.301880795305
3308,4750.686883954874
3309,4773.186636111808
3310,4794.560099695829
3311,4814.088270042423
3312,4830.838752836193
3313,4843.121610980898
3314,4851.535998126924
3315,4862.4264672795725
3316,4874.1281575796565
3317,4885.506943430495
3318,4893.856743826663
3319,4899.151448514216
3320,4902.808292886679
3321,4905.242228528295
3322,4906.413918673071
3323,4906.23223339474
3324,4905.889892749883
3325,4905.531064324275
3326,4904.826943328156
3327,4902.774036364489
3328,4898.153095004153
3329,4891.791051909887
3330,4886.489942206575
3331,4884.021703357845
3332,4882.5671167445935
3333,4883.991147094247
3334,4888.169309364068
3335,4889.763925046609
3336,4886.892350999163
3337,4879.188277294929
3338,4862.921006601399
3339,4841.396241479181
3340,4820.590935372453
3341,4800.9414098104
3342,4782.076055745919
3343,4763.750547290813
3344,4746.152224306601
3345,4728.603265231762
3346,4707.640124754709
3347,4682.387930494658
3348,4654.50536146116
3349,4626.763808132969
3350,4595.349599707348
3351,4563.1169493196385
3352,4530.117337121229
3353,4497.475458000089
3354,4462.609130346929
3355,4428.956925388942
3356,4392.8018222917835
3357,4356.743004678151
3358,4321.82127848021
3359,4290.460042950763
3360,4264.327215570122
3361,4241.0411445050195
3362,4220.763702898419
3363,4203.122328700678
3364,4188.785894108049
3365,4176.185547388738
3366,4164.579548914031
3367,4148.630072969315
3368,4135.074234908909
3369,4120.796605799541
3370,4103.9662775725865
3371,4087.4924004277564
3372,4069.8121331366347
3373,4053.574820186533
3374,4038.2586710809837
3375,4025.6855679557752
3376,4013.5381138282864
3377,4000.891813890904
3378,3987.6681353907047
3379,3970.464555698805
3380,3951.610263111358
3381,3929.1818627144494
3382,3903.92276371845
3383,3880.425369433847
3384,3854.5521839489797
3385,3827.7625042220952
3386,3800.799125180989
3387,3775.6349427264654
3388,3750.0662837822947
3389,3726.84996220876
3390,3707.3494190006413
3391,3689.442651287297
3392,3669.550084396812
3393,3647.244433235877
3394,3622.5847869962427
3395,3596.8396209876987
3396,3570.9820460722135
3397,3547.2049031798174
3398,3524.6395156347817
3399,3503.810785875197
3400,3486.237114220819
3401,3472.7203068454555
3402,3461.8477434311353
3403,3456.2198688926132
3404,3455.1957424944167
3405,3455.7010257135153
3406,3462.308337681601
3407,3472.4956012653693
3408,3484.5214917501585
3409,3497.6025651206105
3410,3511.125596469863
3411,3524.6046238789345
3412,3539.4200085990847
3413,3555.6418172166386
3414,3572.211700415935
3415,3591.320519651933
3416,3612.093118794067
3417,3634.3197139287718
3418,3660.1548626854633
3419,3687.898779761097
3420,3712.0359876168986
3421,3740.2598220167247
3422,3770.9254234013533
3423,3801.0801039969147
3424,3830.002412775128
3425,3858.149898186254
3426,3885.734863737169
3427,3912.009193481179
3428,3939.093828228009
3429,3966.1077790122217
3430,3991.6602606426773
3431,4016.706363928588
3432,4039.4435966131014
3433,4060.174856442649
3434,4079.1702989170294
3435,4099.323019841633
3436,4120.229941691564
3437,4141.113981365942
3438,4163.146099852599
3439,4185.149144651003
3440,4207.710544210316
3441,4230.1641512108545
3442,4251.464082895973
3443,4270.619165076904
3444,4290.578166867675
3445,4311.3150805179785
3446,4333.519203835514
3447,4354.87444580849
3448,4375.3049970253305
3449,4396.2006656146505
3450,4415.158866107773
3451,4429.224966218025
3452,4441.4934427908265
3453,4450.357707880675
3454,4456.452107846918
3455,4459.0559062645325
3456,4459.645770056327
3457,4458.347390643956
3458,4454.677845424934
3459,4451.776713677516
3460,4446.4917354342115
3461,4439.958958769713
3462,4432.849393080224
3463,4423.160431575282
3464,4409.987081891682
3465,4394.597702310514
3466,4376.298720709762
3467,4354.490575983024
3468,4330.016107004634
3469,4303.075401521373
3470,4272.34191050819
3471,4238.448921494126
3472,4204.60002605287
3473,4173.868779770807
3474,4148.917716401477
3475,4126.4322167197315
3476,4110.957072147058
3477,4097.493696368832
3478,4088.842994974389
3479,4084.6633883001805
3480,4080.936119166349
3481,4078.6655474387712
3482,4075.4069655384837
3483,4069.001448087424
3484,4059.7469354689947
3485,4047.6826980585497
3486,4033.6809705435608
3487,4018.8255041020284
3488,4004.24776992107
3489,3988.620376470951
3490,3972.421566539771
3491,3958.869430360613
3492,3946.843935233031
3493,3937.151422762644
3494,3931.5648874877297
3495,3927.813280991764
3496,3926.546895794005
3497,3926.005611409771
3498,3924.840785815927
3499,3925.984177417444
3500,3929.5161194228403
3501,3934.63254671402
3502,3940.115354199411
3503,3946.8612814118283
3504,3955.016480725232
3505,3964.5010633651914
3506,3975.475004494762
3507,3985.065668116108
3508,3994.769650103511
3509,4002.0348570631927
3510,4007.9867391910507
3511,4013.6989426174705
3512,4018.9831755427194
3513,4025.0859750831432
3514,4033.4315607554126
3515,4039.102270772277
3516,4044.728736844884
3517,4047.7979092391497
3518,4050.5561922909214
3519,4052.016037022859
3520,4052.182586006845
3521,4050.967321018833
3522,4048.974014873602
3523,4045.586450439569
3524,4040.590849334159
3525,4031.315546396594
3526,4018.4573626107317
3527,4000.0348857878303
3528,3975.496853403713
3529,3948.2045336217857
3530,3921.2670449976454
3531,3894.357617979429
3532,3867.4959878621353
3533,3844.118273834857
3534,3823.7796626311256
3535,3805.757275759142
3536,3791.5503119623427
3537,3783.1823386204724
3538,3782.063571841572
3539,3787.9598795193447
3540,3802.376676895033
3541,3825.7150288225544
3542,3852.0997555719437
3543,3883.4704382786217
3544,3914.5915155473017
3545,3946.8701392371163
3546,3979.353052562645
3547,4015.034991076187
3548,4051.5296156208724
3549,4087.200809486771
3550,4121.113582710126
3551,4151.9685039160095
3552,4178.410107492822
3553,4198.968400303846
3554,4215.407358471286
3555,4231.996901413375
3556,4246.261386371437
3557,4261.4707704532975
3558,4275.509319282135
3559,4285.754447304288
3560,4292.901963046355
3561,4295.3229311667155
3562,4295.276787165517
3563,4295.3305563892745
3564,4295.548176693331
3565,4295.361405921002
3566,4295.498163302612
3567,4293.567512648748
3568,4288.629368310182
3569,4283.992192951099
3570,4278.968455474961
3571,4270.234546231876
3572,4260.774032304182
3573,4249.301408269385
3574,4239.457712830782
3575,4230.478885869568
3576,4223.333502243276
3577,4217.895460529131
3578,4213.606193128321
3579,4210.458162286511
3580,4209.148893027211
3581,4208.897628956708
3582,4210.696968627797
3583,4216.1288531749715
3584,4224.039722174811
3585,4233.888168535329
3586,4243.2603501374215
3587,4250.891207240418
3588,4252.636729506284
3589,4247.36925364593
3590,4232.889680444367
3591,4220.292451759007
3592,4197.445081980706
3593,4167.153294172781
3594,4133.354003565524
3595,4099.607018443796
3596,4066.7026902114317
3597,4037.3017558273245
3598,4012.308314289013
3599,3989.132256012471
3600,3967.824695806364
3601,3950.872096654482
3602,3937.196734622584
3603,3927.2409068254283
3604,3920.2579003499945
3605,3916.533593953587
3606,3915.5283974498034
3607,3915.0834528530672
3608,3911.4668769858836
3609,3906.0526877159004
3610,3898.8609507214023
3611,3890.0891112152567
3612,3878.311375605169
3613,3864.874844560676
3614,3852.1695925633744
3615,3839.0510915147674
3616,3825.2748326894066
3617,3813.1648941887015
3618,3803.103766077923
3619,3793.841299852934
3620,3787.4992058819726
3621,3784.726966732011
3622,3783.0617224655243
3623,3782.9152744480734
3624,3786.002478954259
3625,3791.5868718293727
3626,3800.3202520726195
3627,3809.8878917503266
3628,3819.3048304037625
3629,3828.1180598533565
3630,3837.2739202483444
3631,3849.9539677274934
3632,3865.7409030283775
3633,3885.9595953988996
3634,3912.0686381331902
3635,3941.4644967283584
3636,3974.8945137255214
3637,4009.6160418634545
3638,4046.773216831461
3639,4089.2971470256366
3640,4135.452923859618
3641,4184.248797071312
3642,4236.765536049385
3643,4292.965331764113
3644,4348.761154567772
3645,4402.861608521596
3646,4454.2743842396385
3647,4500.382096434511
3648,4540.495806044051
3649,4578.798408228793
3650,4614.893907325789
3651,4646.471283951638
3652,4675.567464399276
3653,4702.190323369696
3654,4726.5478252229905
3655,4747.807483808838
3656,4766.7086704394715
3657,4786.030070226038
3658,4805.882262017861
3659,4828.088373978127
3660,4852.120233821205
3661,4876.668445496321
3662,4903.908304745915
3663,4933.640311089879
3664,4965.934380648348
3665,4999.840158513417
3666,5035.693445368608
3667,5073.292968449687
3668,5109.92090239895
3669,5143.694162815197
3670,5175.592242918847
3671,5206.592277876064
3672,5237.476177920983
3673,5271.864084737882
3674,5307.279489959491
3675,5342.173269234276
3676,5378.5598612081785
3677,5411.908982104563
3678,5443.6095126117525
3679,5471.640514672772
3680,5498.421700893356
3681,5522.463166054774
3682,5542.574680823271
3683,5561.49146628951
3684,5576.091097358153
3685,5586.529416375609
3686,5593.640090942473
3687,5598.3184797866625
3688,5600.67603358484
3689,5600.728960999173
3690,5597.721910608733
3691,5591.2046829890205
3692,5581.259445350856
3693,5567.456301569567
3694,5548.247977047283
3695,5524.612265251053
3696,5498.080900764295
3697,5466.749098708098
3698,5432.367058708002
3699,5394.570616111254
3700,5352.784042205069
3701,5309.2570685365945
3702,5261.586866833268
3703,5210.542270964007
3704,5158.077553129983
3705,5112.433248614382
3706,5063.227144546986
3707,5014.0721507349435
3708,4965.267089347828
3709,4914.578778465796
3710,4862.435647807362
3711,4810.414929892095
3712,4757.402755533102
3713,4705.675730609642
3714,4652.240742001718
3715,4599.121309637644
3716,4545.333323163688
3717,4491.824628177687
3718,4440.061825488692
3719,4391.677536051324
3720,4345.266428586413
3721,4300.419708468672
3722,4258.733046149952
3723,4217.089875665635
3724,4175.068712785788
3725,4132.02356972592
3726,4088.780999133468
3727,4046.1728200898538
3728,4005.333053067943
3729,3961.7161838361794
3730,3917.748532639925
3731,3870.176488271038
3732,3821.751628887041
3733,3772.9105670335894
3734,3722.859724466046
3735,3672.682364276714
3736,3625.876437503532
3737,3582.8639666130725
3738,3544.613602441692
3739,3510.849864955188
3740,3481.731263857339
3741,3460.124638175981
3742,3441.664450041887
3743,3429.537421667387
3744,3424.554893151346
3745,3424.4403525800635
3746,3427.9947254874037
3747,3436.3653635727023
3748,3450.726970169088
3749,3469.7045200518355
3750,3491.6347536101052
3751,3515.9023355921286
3752,3544.73108400094
3753,3575.9602142627264
3754,3608.368747486952
3755,3642.632042428903
3756,3680.061016208608
3757,3722.370202806201
3758,3764.3473991217625
3759,3806.0345774501866
3760,3845.4983621015435
3761,3885.1928568161893
3762,3919.727067217931
3763,3953.9903184768345
3764,3983.7498963872276
3765,4009.6047885482276
3766,4033.6043294388032
3767,4055.1878278299355
3768,4072.722139610175
3769,4084.568806618905
3770,4094.622199442449
3771,4099.290012866171
3772,4099.755908252214
3773,4093.6829998075686
3774,4083.1966746795856
3775,4070.5203753957203
3776,4055.032630911962
3777,4038.489798220022
3778,4019.176704901974
3779,4001.5767474861414
3780,3986.9128149967964
3781,3975.3886900342945
3782,3965.3474080226824
3783,3953.711584481849
3784,3941.5320577775287
3785,3929.2913617947106
3786,3917.3473027715927
3787,3905.7650213792667
3788,3896.89892194821
3789,3887.0388653282657
3790,3876.4280796276507
3791,3862.58251316241
3792,3845.1335244246375
3793,3823.2647626203
3794,3799.13649729687
3795,3770.5174591999403
3796,3741.737019568112
3797,3710.7178179459165
3798,3677.7188459604336
3799,3643.058821954144
3800,3607.127116436849
3801,3572.22689698631
3802,3535.9673498861534
3803,3500.6326708727465
3804,3463.7063799304315
3805,3427.843536580858
3806,3393.888590539565
3807,3362.247705941644
3808,3332.1133080636796
3809,3303.408713486926
3810,3275.1615656504514
3811,3247.5905251077243
3812,3219.5440422021834
3813,3191.2466445703394
3814,3163.789631162789
3815,3140.635831227019
3816,3119.393299503771
3817,3097.8672364404665
3818,3081.0379037637986
3819,3066.396384335098
3820,3054.899290402781
3821,3042.826457210381
3822,3031.0649065960156
3823,3020.0590790106676
3824,3008.2118362492524
3825,2995.1739050752203
3826,2982.960815346227
3827,2969.763834528678
3828,2960.190812345827
3829,2952.6537713377684
3830,2947.3260077164937
3831,2944.9041907291676
3832,2943.539373002217
3833,2942.8851666296587
3834,2945.4097501878355
3835,2950.3320114725398
3836,2954.1764384563003
3837,2960.9333568455013
3838,2971.18169233086
3839,2985.409318549775
3840,3002.2131090928287
3841,3020.9327135726367
3842,3038.9265740412447
3843,3055.8288002570616
3844,3073.863533874261
3845,3091.040939493695
3846,3108.8892951667335
3847,3126.7276061014736
3848,3144.230734020354
3849,3162.395319380425
3850,3180.4307639137523
3851,3199.915773652439
3852,3218.359697370804
3853,3235.4157173729154
3854,3254.135117474295
3855,3273.1850091744905
3856,3295.4692813875417
3857,3318.0406321869805
3858,3343.912767473468
3859,3373.6697402170157
3860,3403.5449808657413
3861,3432.618338823952
3862,3461.5846629096714
3863,3491.201287164498
3864,3521.015719686411
3865,3549.8507765155964
3866,3580.137142059374
3867,3610.2712116519133
3868,3638.828744957572
3869,3665.5096105245243
3870,3691.4923168203527
3871,3717.867328915289
3872,3743.471671154419
3873,3768.795555347105
3874,3796.6499330640895
3875,3828.9009972475774
3876,3856.959423087212
3877,3888.24247041082
3878,3922.8779716172667
3879,3960.020363092877
3880,3999.0941091827635
3881,4038.9044968031826
3882,4079.1326588461106
3883,4118.45405757904
3884,4157.761131257797
3885,4195.906389130546
3886,4232.108236580865
3887,4264.802294068253
3888,4293.850278098047
3889,4319.510551117821
3890,4343.8621559253315
3891,4365.661249079779
3892,4386.274182900369
3893,4405.864654853789
3894,4424.158760525455
3895,4443.413131364496
3896,4462.379179722922
3897,4482.42716874733
3898,4505.843435405259
3899,4529.37084205768
3900,4556.129456178388
3901,4584.7356119301185
3902,4613.055419141942
3903,4640.041041335157
3904,4666.300110687835
3905,4691.117288821115
3906,4715.780208896975
3907,4739.122682926493
3908,4761.34539227718
3909,4781.0994071731375
3910,4799.921432023088
3911,4818.369754696213
3912,4835.785067526621
3913,4851.605600660281
3914,4866.368376109845
3915,4881.400958634924
3916,4896.691664569375
3917,4910.399313161096
3918,4924.305001521513
3919,4935.91241172617
3920,4945.238596214602
3921,4952.157777407093
3922,4956.813297353665
3923,4960.72615994549
3924,4965.079455235365
3925,4969.326712919088
3926,4974.207641318383
3927,4978.969900522965
3928,4982.069489934052
3929,4985.295597653534
3930,4987.56112844947
3931,4988.68174189692
3932,4990.348610326753
3933,4991.7987858607075
3934,4994.090220649661
3935,4995.757315860088
3936,4995.979568578204
3937,4993.439740391531
3938,4989.015148505547
3939,4981.538801310833
3940,4970.863493305645
3941,4954.70490820524
3942,4935.169619498327
3943,4912.804241740888
3944,4888.684158109623
3945,4862.794956594597
3946,4832.821210618956
3947,4802.7529716065355
3948,4772.877082679371
3949,4744.302885345243
3950,4716.1068327525045
3951,4688.542748566744
3952,4662.271468818601
3953,4636.232241119053
3954,4612.861450204749
3955,4589.247849696222
3956,4566.674304508081
3957,4545.3163607072165
3958,4524.567874201829
3959,4500.136888363969
3960,4476.395658259436
3961,4451.85615423685
3962,4426.625209824609
3963,4400.85761062677
3964,4377.544444657542
3965,4356.08729384794
3966,4335.882024333634
3967,4317.850549382663
3968,4302.759341884591
3969,4292.0997691516495
3970,4282.18454500396
3971,4274.542928460662
3972,4270.230010184557
3973,4265.762713383301
3974,4263.2323002130215
3975,4263.685625287705
3976,4264.952955199001
3977,4263.843320120278
3978,4259.520442368897
3979,4254.446780566957
3980,4248.036564690057
3981,4241.711787998956
3982,4239.061200021859
3983,4237.005807755413
3984,4237.099134291895
3985,4235.86685358156
3986,4233.3773723561535
3987,4233.752739164374
3988,4240.532260359418
3989,4253.070356298223
3990,4263.978499764982
3991,4280.837771701425
3992,4305.025987517088
3993,4333.084483886132
3994,4365.974606319285
3995,4400.115657594961
3996,4434.161091544837
3997,4468.755239693508
3998,4502.2235018072115
3999,4537.680401481788
4000,4568.578218718831
4001,4597.868019121962
4002,4626.201740639962
4003,4651.873963356964
4004,4677.666809943057
4005,4702.014194667489
4006,4722.637485031844
4007,4742.123450960079
4008,4761.6430055546
4009,4782.472103117322
4010,4804.077708726366
4011,4827.0074633432105
4012,4850.140391412106
4013,4873.01270652478
4014,4893.175775513656
4015,4907.651570584831
4016,4917.999585879085
4017,4924.763533653239
4018,4928.00573817358
4019,4925.696527607591
4020,4917.833768707089
4021,4907.401248504349
4022,4891.071771306093
4023,4871.797105316728
4024,4848.582354338278
4025,4821.7897000237235
4026,4792.779443935595
4027,4763.4141427815775
4028,4735.896410228166
4029,4709.799941190273
4030,4686.996687388426
4031,4663.886554135226
4032,4639.040248317405
4033,4614.195759729181
4034,4587.1213836649895
4035,4560.298070259433
4036,4532.484093868032
4037,4503.21984100774
4038,4471.240195108068
4039,4436.68453570055
4040,4398.074335501696
4041,4354.422970826394
4042,4306.368260242847
4043,4255.410920299508
4044,4202.67668557838
4045,4147.381734987467
4046,4092.313120051774
4047,4044.403425057721
4048,3995.3989622519684
4049,3944.987586074997
4050,3895.7788644361153
4051,3847.5055808710354
4052,3800.950646412754
4053,3754.0277852386694
4054,3708.3464563979555
4055,3662.8366583648535
4056,3616.445609716346
4057,3571.137718113317
4058,3526.852288727763
4059,3483.6975800032815
4060,3440.205727943657
4061,3397.695860308807
4062,3355.780971766598
4063,3313.737107589217
4064,3271.838881282556
4065,3230.69355565929
4066,3190.5040036468354
4067,3150.1273111378014
4068,3112.0435987352857
4069,3075.019910537856
4070,3040.628352962452
4071,3007.0490546606948
4072,2972.01822616118
4073,2935.152372267746
4074,2899.1489474525492
4075,2863.8821552572467
4076,2828.14249122235
4077,2792.5286106956773
4078,2756.791200023141
4079,2722.6650430148916
4080,2688.9095147459075
4081,2655.09633658816
4082,2624.755204162922
4083,2596.8724158438
4084,2572.677486212895
4085,2552.4632634795253
4086,2537.3342543491144
4087,2529.046461513023
4088,2527.520138787904
4089,2530.488020416934
4090,2537.837211657308
4091,2549.06342675227
4092,2563.0867729432666
4093,2581.0285044955162
4094,2603.7919742505073
4095,2630.966223221246
4096,2663.31212358586
4097,2700.38436753078
4098,2741.6474885251755
4099,2788.4760598733483
4100,2839.200373379495
4101,2895.3224710277423
4102,2954.9132137319484
4103,3017.6824298511715
4104,3072.291647874896
4105,3129.628590190949
4106,3187.5875225738755
4107,3245.877542017677
4108,3303.0848583652655
4109,3357.5739521744617
4110,3408.451125016054
4111,3454.7270779719474
4112,3497.6926982604537
4113,3537.075324535819
4114,3570.70826539924
4115,3597.691089869977
4116,3620.412188081737
4117,3638.451302109819
4118,3656.1467342930823
4119,3672.4893573005756
4120,3688.72137787211
4121,3706.0852225461067
4122,3722.3817843498355
4123,3739.919054987795
4124,3757.844337943112
4125,3776.9469378143167
4126,3795.7796396397252
4127,3814.3144635475633
4128,3833.76975120958
4129,3852.254453181384
4130,3870.8503538607865
4131,3889.7718968662007
4132,3908.7635581727836
4133,3927.207196656502
4134,3942.7044391755803
4135,3952.2489557490667
4136,3957.9988195313217
4137,3959.256631589617
4138,3955.969818423451
4139,3946.542502054538
4140,3932.863282190246
4141,3914.26420312015
4142,3890.4499673799432
4143,3863.6422582447435
4144,3831.2819104434575
4145,3796.2290065414545
4146,3759.3751584469405
4147,3719.4421746301546
4148,3677.7042884523385
4149,3635.3822079154666
4150,3591.230565898518
4151,3545.575088787834
4152,3499.4764863351584
4153,3454.2355731881084
4154,3408.4759748222505
4155,3364.0402307100585
4156,3321.6790528293013
4157,3284.6190401782947
4158,3251.7082170892977
4159,3224.5504967525326
4160,3204.2786212964697
4161,3186.6420896496948
4162,3177.2236276580225
4163,3174.0210819081385
4164,3175.3451931957957
4165,3182.968682507595
4166,3195.851234931948
4167,3211.171070532155
4168,3229.9120468184888
4169,3250.2379316228494
4170,3272.2998162905324
4171,3295.014284983485
4172,3319.793830514285
4173,3344.73085261937
4174,3371.550015021843
4175,3400.0918832547536
4176,3430.4177044108933
4177,3461.2356885069885
4178,3491.1767570684756
4179,3519.251420241712
4180,3548.7974133272783
4181,3577.0446621287856
4182,3605.1599831714207
4183,3631.747256310241
4184,3657.661654730839
4185,3679.3183581546555
4186,3700.1373418449793
4187,3721.853442648663
4188,3745.7442765324013
4189,3771.275069335324
4190,3795.7338719542367
4191,3820.9651795873924
4192,3844.9943903484113
4193,3867.5593086997214
4194,3887.5345148681963
4195,3907.067816241348
4196,3928.555350891832
4197,3951.2230022711346
4198,3975.9133795011244
4199,3999.847302061453
4200,4025.3366348733966
4201,4051.048422937434
4202,4075.1302241880167
4203,4098.005967093969
4204,4119.890372684119
4205,4139.633242555554
4206,4155.398708638074
4207,4167.988597028248
4208,4176.473200749953
4209,4180.198742485688
4210,4180.724172484989
4211,4175.963753402197
4212,4165.190647811696
4213,4149.145214892899
4214,4130.120224296366
4215,4107.247456091944
4216,4080.916823102956
4217,4056.2887738648074
4218,4034.862371027619
4219,4014.6940921438563
4220,3995.455090867287
4221,3975.2279887933323
4222,3957.2825492924526
4223,3940.242027388602
4224,3927.7752073507613
4225,3919.3756305145384
4226,3914.6586704258834
4227,3913.6057924725246
4228,3916.1959385275322
4229,3922.0391200379254
4230,3932.703904713533
4231,3948.161970799995
4232,3967.243763234785
4233,3989.644326622253
4234,4012.6050633835985
4235,4034.6738813814295
4236,4055.813752061616
4237,4077.814605136274
4238,4100.2023709466785
4239,4125.159596440513
4240,4151.795710297162
4241,4180.109569231781
4242,4207.973821901139
4243,4236.745941666244
4244,4264.544002940859
4245,4290.599692179698
4246,4315.354766092238
4247,4338.994546950148
4248,4363.793696137365
4249,4390.548090717375
4250,4420.503779400068
4251,4451.602788475161
4252,4483.101422322074
4253,4515.66261673292
4254,4547.944507379667
4255,4578.466807680741
4256,4607.80797116374
4257,4634.03136475603
4258,4660.530212591842
4259,4686.2242296213535
4260,4711.760352139798
4261,4736.700268661114
4262,4761.949280151773
4263,4789.227184463755
4264,4813.850815272892
4265,4839.370329703615
4266,4864.7326578114735
4267,4889.505843994529
4268,4918.741979375006
4269,4946.119287387146
4270,4971.820571360199
4271,4992.601868027308
4272,5006.401499859871
4273,5015.002526331238
4274,5015.866692902189
4275,5016.618517818917
4276,5007.932269067737
4277,4994.729443048614
4278,4977.64765704611
4279,4956.4664577967
4280,4933.865594152426
4281,4910.095655860386
4282,4886.67175359275
4283,4864.207873521671
4284,4843.465860407756
4285,4823.257115148097
4286,4807.71388630262
4287,4796.039772090909
4288,4789.2231941259115
4289,4787.171553228286
4290,4789.493157107927
4291,4792.968196118107
4292,4798.019559291326
4293,4804.291113904124
4294,4811.7395845413475
4295,4822.096022883735
4296,4836.9204638341025
4297,4854.450526571377
4298,4873.873799680795
4299,4892.987156565081
4300,4911.608882678983
4301,4929.900770033478
4302,4946.381448865543
4303,4962.831347456991
4304,4979.978077446394
4305,4998.969922316971
4306,5018.971785998333
4307,5039.540612466046
4308,5059.97648677097
4309,5080.80114224035
4310,5099.898503464275
4311,5119.89709628729
4312,5139.821137640116
4313,5158.019233970684
4314,5174.668582709228
4315,5190.436591351609
4316,5207.389647788207
4317,5223.097013679989
4318,5237.087333340545
4319,5250.2556382137145
4320,5259.770522387353
4321,5266.598969207977
4322,5272.61658152459
4323,5277.228249818369
4324,5278.775538272513
4325,5279.31443734165
4326,5279.887424552589
4327,5277.877923638835
4328,5272.46560412892
4329,5263.128606391635
4330,5246.434196458526
4331,5223.267781601607
4332,5203.113000676086
4333,5174.738056285795
4334,5138.755680766275
4335,5098.132056841012
4336,5052.716475617355
4337,5002.947980461475
4338,4947.297163939743
4339,4886.714241820219
4340,4820.0485550459425
4341,4749.671786667493
4342,4676.085362925158
4343,4598.580774646253
4344,4518.885012735621
4345,4437.235948371221
4346,4355.947069069817
4347,4274.447597838403
4348,4194.2665417285025
4349,4116.999782255771
4350,4042.4575222199096
4351,3969.7849400639993
4352,3899.333706218067
4353,3831.556981159709
4354,3766.189847900918
4355,3703.8650903026487
4356,3645.933184637193
4357,3593.6323990643887
4358,3545.78135812943
4359,3502.427125285786
4360,3464.272763692696
4361,3430.449857895845
4362,3399.122645048371
4363,3370.989354185729
4364,3346.578571926616
4365,3326.0050284835484
4366,3309.0901416717907
4367,3296.913531016522
4368,3289.9752135624667
4369,3288.9727850662043
4370,3291.923779405935
4371,3299.185035076901
4372,3309.6415602915604
4373,3323.099630618859
4374,3340.119868548682
4375,3363.1007091454876
4376,3392.059981848438
4377,3424.194354228577
4378,3459.6564285481895
4379,3499.1103528805265
4380,3541.5084116803723
4381,3588.3957449620075
4382,3639.176704787679
4383,3695.4822693695546
4384,3757.449149257738
4385,3823.568918887081
4386,3892.819965933095
4387,3964.0100695856127
4388,4037.3535000599522
4389,4101.162284572628
4390,4167.890114227136
4391,4234.974182022687
4392,4301.251252779863
4393,4363.559621076174
4394,4420.995793988167
4395,4473.47177869792
4396,4521.053654016469
4397,4563.193771030957
4398,4602.163840114989
4399,4636.926545209068
4400,4667.4052443140445
4401,4692.00473076818
4402,4713.332415074166
4403,4731.534110115993
4404,4746.277053184721
4405,4759.415203343099
4406,4768.910110267739
4407,4773.81519541255
4408,4775.49592215842
4409,4774.1974045147845
4410,4770.141412408343
4411,4760.570183102325
4412,4748.646354848853
4413,4734.71473683889
4414,4719.728989249841
4415,4703.0575576399815
4416,4684.128994392468
4417,4662.790750458783
4418,4639.992893904655
4419,4613.516511294724
4420,4584.2953416152795
4421,4553.093597218752
4422,4520.304754565892
4423,4488.023085070553
4424,4456.290329509566
4425,4425.687150791589
4426,4396.980007748417
4427,4369.8809278972885
4428,4344.313422567281
4429,4322.483739839999
4430,4301.822096224675
4431,4284.427935680248
4432,4267.537619846818
4433,4251.684775290217
4434,4234.976770850367
4435,4217.022150122693
4436,4197.391250690263
4437,4178.123069058095
4438,4156.212702114838
4439,4133.056436220183
4440,4108.521335563601
4441,4083.3544988262665
4442,4061.308388739878
4443,4043.348082011378
4444,4028.659183120965
4445,4022.476325296553
4446,4017.097238989315
4447,4017.6616442049144
4448,4026.0171591724993
4449,4038.8228744778708
4450,4052.424465429328
4451,4068.8812242402123
4452,4087.1828050794043
4453,4102.572139717637
4454,4115.588719527841
4455,4127.879054598114
4456,4138.073182967984
4457,4143.781947020179
4458,4146.32982091765
4459,4146.658060645265
4460,4146.35294489438
4461,4146.857448402764
4462,4147.589726485181
4463,4149.270770746155
4464,4150.611976410278
4465,4150.195777731583
4466,4147.660204447244
4467,4145.7016550841745
4468,4140.452020794152
4469,4133.191732268865
4470,4128.363640694994
4471,4123.599183817657
4472,4116.807151133003
4473,4110.8101670233145
4474,4103.921763022791
4475,4095.9002234141585
4476,4084.5418100106735
4477,4069.866274300065
4478,4053.6533164739703
4479,4036.117094753778
4480,4018.8965694348703
4481,4001.478780852661
4482,3984.113767798367
4483,3965.8752859657425
4484,3946.2874233140524
4485,3927.3757199331044
4486,3905.9939773728033
4487,3885.9352450345777
4488,3866.8146771245674
4489,3847.861125785303
4490,3829.763561650853
4491,3811.9647658416975
4492,3794.0570252975076
4493,3778.320241019771
4494,3763.7150365189777
4495,3748.963509322979
4496,3734.1023909006544
4497,3718.2492015648872
4498,3703.3557298321816
4499,3688.7951556260014
4500,3673.5964779818983
4501,3657.9413065645786
4502,3641.804411616188
4503,3627.7653130110884
4504,3616.641958132139
4505,3606.94531702556
4506,3597.212810758932
4507,3588.4293461042803
4508,3580.4383475596633
4509,3570.98335886319
4510,3562.0295980048522
4511,3550.617310713949
4512,3540.595363210182
4513,3533.2799400432514
4514,3525.4022201588887
4515,3517.1211097669984
4516,3508.1306657404434
4517,3498.3622068156246
4518,3487.3223588026003
4519,3480.0189474786016
4520,3475.68654344274
4521,3473.1217819252297
4522,3472.5904213298404
4523,3470.987415313933
4524,3470.28414667433
4525,3470.426076484299
4526,3470.3422512516754
4527,3473.106402414982
4528,3477.673409766718
4529,3482.7686319820846
4530,3490.3277089810576
4531,3500.981835019965
4532,3513.652729361185
4533,3526.9983484596974
4534,3539.7786513946744
4535,3554.3215141012815
4536,3570.1568509557037
4537,3589.9474075957464
4538,3610.4063807515217
4539,3631.073924574719
4540,3651.543335930328
4541,3671.026418467094
4542,3687.6456286230327
4543,3703.3179843014477
4544,3719.2807340451254
4545,3736.6779453905865
4546,3752.194724349408
4547,3768.4116056863527
4548,3784.9755083344976
4549,3802.782166430465
4550,3821.660642466468
4551,3840.3470522573753
4552,3859.9797105615307
4553,3879.929324407613
4554,3901.667609021804
4555,3923.6888595496366
4556,3946.62525873049
4557,3970.2802016897726
4558,3995.6594036934425
4559,4022.2222742452286
4560,4045.3319716252827
4561,4069.848617240715
4562,4096.019392450342
4563,4123.579142431071
4564,4151.709866519299
4565,4180.46608292447
4566,4208.6207923026295
4567,4237.792128009043
4568,4266.121233782273
4569,4293.278981702262
4570,4319.722093740248
4571,4343.850975533289
4572,4364.652217883812
4573,4381.582703487621
4574,4397.590572147938
4575,4411.720579254325
4576,4424.553130553487
4577,4436.138827066787
4578,4446.812825061097
4579,4456.68692459165
4580,4466.278763693543
4581,4477.528102485757
4582,4487.95937972122
4583,4498.764619898849
4584,4508.953997362429
4585,4517.9804916300445
4586,4523.840196236763
4587,4527.276447752414
4588,4527.623650951964
4589,4524.52694741547
4590,4517.2763655788785
4591,4509.075180514555
4592,4499.238539164282
4593,4487.970254534041
4594,4475.968415237661
4595,4463.01480677887
4596,4449.150020591512
4597,4434.396188784389
4598,4418.195708700096
4599,4401.698509218987
4600,4385.5043102072605
4601,4370.107212636398
4602,4355.622512643328
4603,4341.319049845749
4604,4327.544747927853
4605,4312.282598080629
4606,4295.954899452073
4607,4279.131153863086
4608,4260.422115981181
4609,4241.915113234742
4610,4222.1465830862335
4611,4202.4616264565275
4612,4183.297182808102
4613,4162.488694647932
4614,4141.918575249136
4615,4121.254898634893
4616,4100.087796581961
4617,4081.6724177959104
4618,4062.7830918314153
4619,4044.9001483011207
4620,4029.4941378140493
4621,4017.7629976982125
4622,4009.713246987136
4623,4004.9023310656225
4624,4002.9039670652055
4625,4002.738272811661
4626,4002.9067960213697
4627,4001.883601666705
4628,3996.809000049916
4629,3988.865002052651
4630,3976.8556026660035
4631,3961.8276150721003
4632,3943.3051152632306
4633,3921.580132896199
4634,3898.9186613788183
4635,3877.1054545133247
4636,3851.3368013102513
4637,3823.461742145011
4638,3796.080988894668
4639,3768.621339059995
4640,3741.54208465376
4641,3716.8083457913644
4642,3692.616082557124
4643,3671.0374414288012
4644,3652.326858989912
4645,3636.7632018396985
4646,3624.631576464159
4647,3612.806610568586
4648,3600.0554410995346
4649,3587.8231307920487
4650,3576.9198934632177
4651,3564.9077094108475
4652,3552.243182553494
4653,3542.314547559278
4654,3534.9282018957547
4655,3528.4810168393788
4656,3520.9054664992823
4657,3512.908799908858
4658,3505.8538591440824
4659,3498.820879989787
4660,3492.965445201067
4661,3487.552116351992
4662,3484.269480527441
4663,3481.0492336381567
4664,3478.000731055548
4665,3475.941106823875
4666,3474.9021566442493
4667,3475.3854111073647
4668,3478.0712848885255
4669,3482.1568392337313
4670,3488.604344427678
4671,3496.942000483978
4672,3509.4192539933238
4673,3521.9955102876893
4674,3532.936853263787
4675,3542.9151712835733
4676,3546.5229906850036
4677,3546.506589843332
4678,3544.132457006358
4679,3540.033264002576
4680,3535.807884719789
4681,3528.682771701842
4682,3523.942332629228
4683,3520.946843331469
4684,3520.9206121093243
4685,3523.301075946642
4686,3525.638085757294
4687,3531.2270000867356
4688,3538.767133568526
4689,3546.1516505754994
4690,3552.5376213898912
4691,3556.913893072453
4692,3562.818206763869
4693,3568.0728887136934
4694,3574.543331267592
4695,3579.7831872679794
4696,3584.183154688272
4697,3588.8690912754646
4698,3594.545312299441
4699,3601.4115539001386
4700,3611.942360819205
4701,3625.233041239545
4702,3639.7990998876453
4703,3653.8908379980567
4704,3666.3246859683704
4705,3677.423842519487
4706,3687.9914272436295
4707,3697.647319761939
4708,3711.21909993614
4709,3727.8610477535594
4710,3746.5225915088045
4711,3771.0732399612198
4712,3796.621930348483
4713,3824.5947834625167
4714,3855.4922998565094
4715,3889.646342644185
4716,3925.729396430002
4717,3964.5349400877817
4718,4002.933024010465
4719,4041.4507651435547
4720,4078.581642683997
4721,4113.432819104528
4722,4146.349414569585
4723,4176.059360377002
4724,4203.20536768653
4725,4227.661575440317
4726,4252.635115055532
4727,4279.297383128379
4728,4308.59555364368
4729,4341.049238359835
4730,4378.95181860719
4731,4411.927063422389
4732,4451.401694816841
4733,4496.8815520662765
4734,4546.109991145023
4735,4597.226365718694
4736,4648.130438018021
4737,4699.729095839672
4738,4748.623844033584
4739,4797.08048026505
4740,4844.658023032986
4741,4891.503718916321
4742,4936.603170014396
4743,4978.956115752161
4744,5018.0055892659175
4745,5054.680015800655
4746,5087.946116219924
4747,5117.608746315691
4748,5142.058819721105
4749,5162.65587045953
4750,5181.5795978756705
4751,5197.326859712056
4752,5209.312536760458
4753,5219.609396648336
4754,5227.935643189947
4755,5234.020022420611
4756,5238.058414918741
4757,5240.505637000648
4758,5242.662071475672
4759,5242.355376423495
4760,5238.300039507734
4761,5230.754019950098
4762,5220.10889296323
4763,5208.708364434754
4764,5194.315048312617
4765,5177.873256477851
4766,5159.614174520049
4767,5139.142594236199
4768,5118.12671541102
4769,5095.085418944386
4770,5071.980444565454
4771,5048.083510785696
4772,5024.475768066097
4773,5000.054393965953
4774,4975.67041949927
4775,4951.586881326526
4776,4925.374134202621
4777,4899.555893265575
4778,4871.908647278154
4779,4840.405023753293
4780,4806.428087426258
4781,4768.99285403042
4782,4728.124667082326
4783,4685.447821488215
4784,4641.675872744448
4785,4596.825642454591
4786,4553.976123735901
4787,4513.056682936085
4788,4477.456769440246
4789,4440.528863844746
4790,4403.357303226268
4791,4367.508651508323
4792,4332.818299331598
4793,4299.189958542431
4794,4267.020629488896
4795,4236.8735287272575
4796,4209.113458133617
4797,4185.14559202311
4798,4166.606217739012
4799,4154.258441217897
4800,4148.5181641148765
4801,4147.930383044632
4802,4154.121389816313
4803,4165.018725648126
4804,4180.254323416092
4805,4197.343948017762
4806,4218.108056205362
4807,4241.494354043743
4808,4267.590650425698
4809,4295.3620627836335
4810,4323.7718903729165
4811,4353.803384931681
4812,4386.120044904745
4813,4418.352397896837
4814,4453.049758958453
4815,4487.290756268016
4816,4519.934353507417
4817,4550.365799152474
4818,4579.09988526413
4819,4605.034554235056
4820,4628.023603921819
4821,4649.055001546769
4822,4668.478138710618
4823,4683.822495282087
4824,4698.109117091278
4825,4710.778778240669
4826,4723.274308239813
4827,4735.082373856175
4828,4745.076218973892
4829,4754.290862023255
4830,4760.629639427938
4831,4766.314012087276
4832,4772.514223333248
4833,4779.88108930775
4834,4787.319908225278
4835,4794.981457972739
4836,4802.867811817506
4837,4810.045475597455
4838,4819.333282417348
4839,4829.458352034092
4840,4840.230262107522
4841,4850.337403210234
4842,4860.897514910013
4843,4870.706903376791
4844,4880.348020555052
4845,4888.735792500139
4846,4898.043334756421
4847,4906.263509684984
4848,4909.843900122314
4849,4908.201575464099
4850,4899.6920125462475
4851,4883.989942293541
4852,4861.18055934209
4853,4832.0682854299
4854,4795.272519484742
4855,4754.857738490676
4856,4711.070232672622
4857,4662.5671712376325
4858,4609.778393463931
4859,4554.162320379606
4860,4497.261939877874
4861,4440.844450136404
4862,4384.631978633423
4863,4329.523654446852
4864,4279.431516825102
4865,4229.377917026866
4866,4178.839665905828
4867,4130.707605247189
4868,4086.1245228897797
4869,4045.5914043372018
4870,4011.227209539381
4871,3983.262947280977
4872,3963.3761768893055
4873,3949.6926017222627
4874,3939.8167951063833
4875,3931.0576908168414
4876,3923.346728312469
4877,3915.4432675677804
4878,3909.006726171495
4879,3905.83702399259
4880,3907.2538043468358
4881,3915.2057335521795
4882,3927.545864633218
4883,3944.0677682552096
4884,3963.742374338491
4885,3985.7222210888503
4886,4009.766480927513
4887,4036.0676504295166
4888,4065.42658817716
4889,4094.3835260730557
4890,4124.703823476208
4891,4155.720720515262
4892,4185.001320631479
4893,4211.3557485953215
4894,4236.3971175234265
4895,4256.7258652073315
4896,4274.860692046288
4897,4289.61843193952
4898,4302.748096516698
4899,4317.009295382945
4900,4333.0869191464635
4901,4350.628293263046
4902,4365.889288744472
4903,4383.564084230216
4904,4403.541640723395
4905,4424.250635510669
4906,4443.441802860362
4907,4461.175814250782
4908,4477.77262644828
4909,4491.333080990433
4910,4502.690088240225
4911,4512.462613006648
4912,4520.62970598988
4913,4528.136550305826
4914,4532.719285698691
4915,4531.27127521886
4916,4526.921305732374
4917,4521.580748828774
4918,4513.5771889876505
4919,4505.299936528164
4920,4494.759632680228
4921,4483.831188560854
4922,4472.912385116643
4923,4460.766975551247
4924,4446.994487488564
4925,4432.407030720817
4926,4418.1918533991
4927,4402.148963116577
4928,4384.471426908025
4929,4364.851969783536
4930,4344.421803753383
4931,4321.215783528749
4932,4294.032432516419
4933,4263.122298658621
4934,4228.898642977258
4935,4192.821487176383
4936,4155.011394806489
4937,4118.04197445991
4938,4080.926904824752
4939,4042.2607339942574
4940,4004.693251647706
4941,3966.2637980164677
4942,3930.423010526228
4943,3895.4600405824544
4944,3863.176623406604
4945,3831.5046874607597
4946,3801.825040355046
4947,3773.9035444982055
4948,3749.0852604280744
4949,3724.4767701514666
4950,3701.2617227935434
4951,3680.5333364884145
4952,3660.359144253593
4953,3639.782280425019
4954,3617.0794358023654
4955,3598.8996041506475
4956,3582.793395459905
4957,3570.3463044414557
4958,3563.2275592949736
4959,3557.034251017534
4960,3556.423069808958
4961,3558.2584756358247
4962,3562.2057070762585
4963,3568.1607709404025
4964,3574.9359648778754
4965,3581.9269342796943
4966,3586.270200878828
4967,3588.9803696424055
4968,3591.2121572732076
4969,3592.34058415149
4970,3592.673029050317
4971,3593.112206317717
4972,3592.2058101624916
4973,3590.6445924982795
4974,3585.1517669824098
4975,3578.2403035672696
4976,3569.2087053744876
4977,3560.62848638039
4978,3551.5585275034755
4979,3541.2198214947366
4980,3530.231166843431
4981,3521.2190911276452
4982,3513.3099864324677
4983,3504.9432190932007
4984,3499.836689660766
4985,3496.1414128949987
4986,3493.0975219450957
4987,3492.2924879673174
4988,3492.4751526160817
4989,3494.5221698961454
4990,3497.4796513634265
4991,3502.3487149631887
4992,3509.286374647315
4993,3517.626334172495
4994,3528.8357209895808
4995,3542.36518636611
4996,3559.2176911583597
4997,3580.68352296879
4998,3606.8921674294274
4999,3637.509604355707
