,0
0,407.204322306391
1,753.8425347262049
2,1049.1228866011631
3,1301.3754431379823
4,1517.5437931698482
5,1703.4494314928838
6,1863.2488847462907
7,2004.2443161622102
8,2126.2687282913334
9,2230.8871935375446
10,2321.014414635124
11,2398.251085346864
12,2463.607052742016
13,2519.322095936181
14,2564.5598760897747
15,2600.5714623044955
16,2628.680334273651
17,2648.0173782725865
18,2659.0471260043073
19,2661.780437291071
20,2658.803410109771
21,2652.575655036825
22,2645.139321134193
23,2636.9824620839527
24,2627.2709769204466
25,2615.800189758073
26,2602.7310435293307
27,2588.4537499029184
28,2574.960363160404
29,2562.166380072288
30,2549.839279974154
31,2539.7286618725057
32,2531.5344979316715
33,2526.7781625595803
34,2523.5854957579068
35,2521.9863342441877
36,2525.4049384384853
37,2531.9635342425045
38,2541.606628510956
39,2554.0716903622774
40,2573.1066501550476
41,2592.8729662904643
42,2613.4160877054233
43,2633.590088734931
44,2652.9807538603686
45,2673.2892934477245
46,2692.241771327807
47,2712.3145910416165
48,2734.496220623214
49,2758.5950550600596
50,2783.2901610360504
51,2809.424028772025
52,2838.7312772511345
53,2867.8400295415304
54,2895.5632331340494
55,2921.720359478586
56,2944.582436057009
57,2964.4724426802377
58,2978.3541003535624
59,2984.709754538591
60,2983.9096634730186
61,2975.712513005983
62,2962.52049436091
63,2943.665351560929
64,2918.442764369251
65,2891.8635152573474
66,2864.8167773824366
67,2838.226203256633
68,2812.2723339757035
69,2787.2531644571136
70,2762.3495432524182
71,2739.1746741196807
72,2718.1246492945397
73,2700.344482534843
74,2687.409546589881
75,2676.5042088702576
76,2668.9331351154424
77,2666.786182058652
78,2664.1482933639877
79,2664.128281219437
80,2666.633483064787
81,2671.787448447546
82,2677.530119495697
83,2683.9004227259265
84,2692.652565260625
85,2703.499777086409
86,2714.00212143327
87,2723.259989765962
88,2733.9590055172853
89,2740.6593453954347
90,2744.859749776299
91,2747.882036978829
92,2749.2501843603513
93,2751.02972980456
94,2752.4519135436603
95,2754.127738420908
96,2756.836609729788
97,2758.753310604978
98,2761.757110787065
99,2766.706175572463
100,2770.7758517099255
101,2774.4434830499536
102,2778.7877819466607
103,2781.4203975906494
104,2784.0839602257797
105,2786.209647014345
106,2787.492859554724
107,2787.9548193636156
108,2787.9850026066533
109,2787.696756909556
110,2790.6615865270533
111,2796.8375438958446
112,2807.031109328384
113,2822.266117439003
114,2835.520574495242
115,2853.950494556839
116,2877.4235438430665
117,2906.849160980809
118,2941.4095220520007
119,2980.504985220537
120,3024.681344521285
121,3072.9646055680005
122,3122.3273507426975
123,3172.0362756651894
124,3221.8039090146312
125,3270.807875494486
126,3319.7677573667006
127,3368.4618844461374
128,3417.5059471547816
129,3463.7450167538154
130,3506.3051304443416
131,3547.650696855399
132,3587.659992014865
133,3626.2160955319396
134,3663.709710626802
135,3702.595501719155
136,3740.073734487109
137,3777.0360078352137
138,3813.0093630767014
139,3849.6287146877876
140,3884.426723056979
141,3918.0773211989977
142,3949.8314340650304
143,3981.0877198986564
144,4012.092495674324
145,4041.4453424340254
146,4068.675677775058
147,4096.002575600021
148,4121.250449697029
149,4144.804030296556
150,4166.700558727289
151,4188.54737998462
152,4209.857615858969
153,4228.939747233122
154,4245.491665327506
155,4258.669203273685
156,4268.009480462625
157,4274.25254286868
158,4275.246551474224
159,4272.5341284510105
160,4265.3985452754205
161,4254.344515015459
162,4240.78216903076
163,4224.2479811291905
164,4205.994353895141
165,4185.57509774172
166,4161.2005919229305
167,4132.074373613472
168,4097.997177598125
169,4058.9545982687882
170,4014.02687249787
171,3974.939751077171
172,3929.545034768296
173,3879.391063093012
174,3825.3731843719065
175,3768.7441826870368
176,3711.648155600746
177,3653.2874743711254
178,3594.503412800379
179,3535.818795328468
180,3476.94068350363
181,3417.9575562382547
182,3359.164125237703
183,3300.85423927998
184,3242.875290429063
185,3186.2410964071228
186,3130.733521254275
187,3075.7318883495745
188,3022.076102880292
189,2969.1915985670603
190,2917.9426151346834
191,2868.4007897914944
192,2821.9138544139482
193,2779.230030877714
194,2737.7727229207294
195,2699.3200807081907
196,2663.4083355061025
197,2630.9884063135632
198,2601.4345359662766
199,2574.987451852763
200,2551.924493679933
201,2531.2277079507408
202,2513.5227191742633
203,2498.4987264694328
204,2486.3774652491657
205,2476.643243938691
206,2470.1348271614816
207,2467.008381832192
208,2466.4072098754054
209,2467.7958932361644
210,2471.375899239069
211,2477.3994437821675
212,2484.9013663685473
213,2494.702163610632
214,2508.3096706801834
215,2524.756330986045
216,2545.5834258736113
217,2570.910700502098
218,2599.6496913490523
219,2633.2075498991753
220,2671.3826363165904
221,2715.1022830232378
222,2763.682236554583
223,2816.7976120661992
224,2873.3167368262457
225,2932.5933625030048
226,2993.755069209196
227,3056.440471866678
228,3110.976772178687
229,3169.0025550712717
230,3226.9104770697795
231,3283.8323235711537
232,3338.5108815704034
233,3391.8227377290427
234,3441.584993322098
235,3488.022827701196
236,3530.705681659076
237,3569.983492778366
238,3607.057930023523
239,3640.9333625313902
240,3671.056746595006
241,3699.2278540670204
242,3725.3276312889793
243,3749.2365193346423
244,3773.0016219957415
245,3796.318420461986
246,3820.425477124808
247,3844.5840107539548
248,3867.5509044139544
249,3888.609824266505
250,3908.218506238902
251,3926.409842560433
252,3942.478099719922
253,3956.895488068724
254,3970.5437863026627
255,3985.481717684281
256,4002.063128616676
257,4018.0593584546027
258,4029.9082215725484
259,4039.756124795997
260,4047.599273172376
261,4051.4087315637557
262,4053.985255054114
263,4056.042650126255
264,4056.9005274981105
265,4057.527774773538
266,4057.3151900304993
267,4054.366708524222
268,4048.7070867583334
269,4039.926687172339
270,4029.3619139075536
271,4014.2276690277095
272,3996.037192877572
273,3973.5124563390036
274,3947.197023999881
275,3916.5118601677973
276,3880.8551338579587
277,3842.171921052447
278,3801.620501726702
279,3760.532379486868
280,3716.099453985473
281,3671.3035410794228
282,3629.1503126839916
283,3589.3676047376557
284,3554.2275852841713
285,3523.6557683596398
286,3498.5116605939033
287,3477.113673673359
288,3457.857752369067
289,3442.473940103936
290,3430.539209140404
291,3421.0193756610715
292,3414.005721276845
293,3407.0945700237808
294,3400.9114089664945
295,3395.7712492493315
296,3393.8606216566336
297,3395.3052906590515
298,3400.2518905154466
299,3407.6834199517916
300,3416.490842771719
301,3428.6015951803224
302,3442.5258961884647
303,3460.9056568008154
304,3481.7218311330903
305,3504.3696277448
306,3530.067334393579
307,3554.9411716018662
308,3579.865312656322
309,3603.4993213628727
310,3626.5016989539813
311,3648.805711555472
312,3670.8347105586276
313,3695.657489425399
314,3721.5680847103754
315,3748.0572034316565
316,3776.4192462313554
317,3804.010579011979
318,3831.4891313636012
319,3856.813380257889
320,3880.7880038664252
321,3906.682271489101
322,3932.136336215197
323,3955.1594361952507
324,3977.3652817812504
325,3999.7109438622306
326,4019.9685931711597
327,4039.567362591408
328,4058.4995308117386
329,4076.255488618371
330,4093.795445705658
331,4110.96293845853
332,4127.832658893472
333,4141.8216595179565
334,4153.872230312505
335,4165.434935080212
336,4174.577087612604
337,4181.699211792568
338,4187.496493249048
339,4188.898784285573
340,4187.725230673044
341,4183.3300142595845
342,4179.506175979875
343,4171.3647853736875
344,4163.357238596082
345,4156.071799859749
346,4148.37759047852
347,4143.74565231274
348,4142.286005409436
349,4144.601507431458
350,4149.809680344237
351,4156.689227763491
352,4163.940249195738
353,4169.9433886728575
354,4174.532351862386
355,4178.887835510388
356,4183.308998298169
357,4184.609261721335
358,4181.63810075787
359,4176.2959092159845
360,4169.465459568137
361,4160.981010261014
362,4151.645776001786
363,4141.220939775976
364,4131.406536920534
365,4118.781739286713
366,4105.561044906867
367,4092.0335267546807
368,4075.9768767472387
369,4059.162268922027
370,4040.550373602322
371,4021.2528752264657
372,4000.0055584051947
373,3977.957739251305
374,3955.4054357172854
375,3930.4410441812147
376,3904.200742051608
377,3876.54963382976
378,3849.3961115852203
379,3821.1957359527382
380,3793.026702490294
381,3763.9756716483407
382,3735.206882540529
383,3704.9569592453036
384,3674.7444795998817
385,3644.5119618028234
386,3613.3713930969207
387,3579.892798466462
388,3546.1649723990345
389,3513.0458053863485
390,3482.013938796169
391,3452.2046514692197
392,3423.776878347208
393,3396.85194547503
394,3372.4627521686034
395,3348.87371989636
396,3322.446000361685
397,3293.625703742705
398,3260.2159368741472
399,3231.149439698502
400,3197.8120176078705
401,3161.450580766642
402,3122.377470370748
403,3082.3815928962927
404,3041.6221925415325
405,3002.3224923546263
406,2963.4575767175634
407,2926.878363589891
408,2890.3517633444076
409,2855.608665238693
410,2823.2762919032634
411,2795.7504390518548
412,2773.569771787184
413,2754.872391412343
414,2741.1263630889503
415,2731.667982077488
416,2725.8665356267306
417,2723.705956176835
418,2724.447569571407
419,2725.2640427795764
420,2726.0895611541537
421,2728.336238948575
422,2734.442192874211
423,2741.4779840911565
424,2752.0489274987744
425,2767.217750393471
426,2785.498186656331
427,2804.355296778735
428,2824.101362732117
429,2844.9582210822246
430,2865.2206994098487
431,2887.296179361797
432,2909.233170017643
433,2929.1778693148362
434,2951.5667740381314
435,2972.258638298624
436,2993.883310677448
437,3015.5539867393168
438,3038.2466759813733
439,3061.05434050672
440,3081.975980882209
441,3104.1601240518435
442,3124.1499913055386
443,3143.867944355089
444,3162.1993681542585
445,3181.2091936172574
446,3199.2519072025907
447,3214.6026213483515
448,3228.3848437744873
449,3243.9287601652427
450,3259.3940134569857
451,3273.1462662124554
452,3285.8091600060416
453,3295.145586177062
454,3301.921979849617
455,3307.332691157646
456,3312.0400099956314
457,3313.2078303949493
458,3311.9627214279685
459,3309.298978013689
460,3305.055388155681
461,3298.9372260959003
462,3290.6965041479734
463,3281.2561723258495
464,3270.0446946115885
465,3257.699783551603
466,3242.580375734672
467,3224.658513429355
468,3204.819885974707
469,3182.8989980985148
470,3157.776565100011
471,3131.8833788415877
472,3104.5640145223542
473,3077.1758037697155
474,3049.104128103281
475,3021.332018486285
476,2991.3265993742184
477,2961.72521231636
478,2933.3226128421825
479,2908.1519596273283
480,2886.6523479064776
481,2866.352672198043
482,2846.6060993981346
483,2828.2457270006676
484,2811.2791037924003
485,2795.4941689431935
486,2782.210460397723
487,2770.565193512962
488,2762.6753716524227
489,2758.2727842332115
490,2756.524902107712
491,2756.8674088145053
492,2757.7270681196355
493,2757.2961062967147
494,2759.547644861933
495,2762.1118927068587
496,2764.812552265476
497,2767.702411537741
498,2773.9609173723643
499,2782.767106230713
500,2795.574772698606
501,2809.3860187763657
502,2824.4933894743476
503,2842.0407809886715
504,2864.378643766659
505,2888.722684046228
506,2915.186632065607
507,2943.2036159778345
508,2972.2882659372817
509,3002.7212044622893
510,3032.379407324162
511,3061.1832017264937
512,3088.7055168779243
513,3112.649931059669
514,3137.4640845704857
515,3159.6188952835246
516,3181.663381452969
517,3201.3256891874726
518,3219.2735025951633
519,3235.2101747762504
520,3247.313963018983
521,3257.519037764851
522,3268.0849749435683
523,3280.518942479533
524,3293.7614470221424
525,3307.767125507103
526,3323.965195620807
527,3341.3339533198596
528,3357.1524376852717
529,3372.351692559145
530,3387.3324446731253
531,3401.157050344569
532,3415.8420038578497
533,3432.4894317468106
534,3449.56232167196
535,3468.61898307361
536,3489.672620124978
537,3512.0227335832415
538,3535.499504629593
539,3557.598707077482
540,3577.371359781485
541,3594.63144434195
542,3610.566785481794
543,3620.9591249928253
544,3629.7813498655732
545,3636.7185961804867
546,3642.184472311476
547,3646.4261221816428
548,3649.0218138327255
549,3649.5573042623446
550,3649.4774549658864
551,3648.6665520193296
552,3647.4400579656663
553,3646.1179414701264
554,3645.250127196108
555,3644.6430115704816
556,3639.30260767501
557,3631.6078332026036
558,3620.582280590067
559,3604.8772507699437
560,3587.3810644979444
561,3568.343690907058
562,3547.804246644006
563,3527.402380783594
564,3504.1239781320364
565,3479.59810657591
566,3454.624572654327
567,3429.810473883585
568,3402.469373970781
569,3375.461350688095
570,3351.964370432159
571,3329.959894325597
572,3310.691279303191
573,3293.353140180551
574,3276.1872994684218
575,3261.4087454001683
576,3247.5547541410056
577,3234.208693510632
578,3220.224361973328
579,3205.443704705432
580,3190.7904180099727
581,3178.0903072664582
582,3164.6266903868186
583,3150.8608658759545
584,3136.7321902784597
585,3123.5123966797
586,3107.6282636245533
587,3091.05518890022
588,3073.5852920518973
589,3056.846002576789
590,3041.3833203192803
591,3026.4349062020015
592,3013.148191261382
593,3001.1934387591104
594,2991.7181051962903
595,2986.2137770896015
596,2984.656123882989
597,2985.91572278184
598,2989.0282553423976
599,2995.19686228956
600,3003.7232164670986
601,3013.6819901070585
602,3023.8005912542303
603,3034.1061042632055
604,3043.9782076739584
605,3054.14166608807
606,3062.844583152351
607,3071.283362614402
608,3079.932559192129
609,3090.468905227082
610,3102.571914528856
611,3115.4562211286548
612,3128.4900788361942
613,3140.9866890517037
614,3154.7792869877117
615,3169.41467656208
616,3184.193715299926
617,3199.2303794476807
618,3213.0921851959506
619,3228.514168867843
620,3246.3651634206944
621,3262.784937616154
622,3277.6636923881315
623,3289.9728774163427
624,3298.7648772238445
625,3307.310828333
626,3315.509400984178
627,3322.6421591907033
628,3329.4363187492563
629,3336.756960170001
630,3343.198106321899
631,3352.5032208208386
632,3364.484372651896
633,3379.951941904991
634,3399.3854072073373
635,3420.636603740905
636,3444.373102125495
637,3470.5545016020565
638,3497.5632320932136
639,3525.559648985185
640,3554.4203458032384
641,3584.8287199118363
642,3616.346703559964
643,3648.6761680040595
644,3679.271272378184
645,3710.378092779182
646,3738.709539008909
647,3763.8409665185627
648,3786.4944347891146
649,3803.753391635116
650,3819.9504400738374
651,3834.4346864672443
652,3845.098064163409
653,3852.2060119354423
654,3855.8389207606247
655,3857.8372062120225
656,3855.9574510808284
657,3852.91684303648
658,3848.6447469706886
659,3843.2455222216704
660,3838.7862604485235
661,3832.0465480002795
662,3823.490541373372
663,3813.6979370553095
664,3804.328371418854
665,3794.844431201667
666,3786.552747905943
667,3780.2204665812437
668,3772.926691861908
669,3766.1653506748744
670,3759.2580990401893
671,3751.963585119617
672,3745.430190159212
673,3739.6729541785467
674,3736.577772218052
675,3737.6666183208586
676,3742.3778836207416
677,3752.5770299707438
678,3766.038444623525
679,3781.5391171743418
680,3797.5398112003
681,3813.548430417289
682,3827.8297392972036
683,3839.2118287779476
684,3849.1142466261945
685,3856.116117158085
686,3861.9785950820515
687,3863.403501541374
688,3859.7247408051376
689,3849.957225126492
690,3833.625967732882
691,3811.3378655697497
692,3783.715179424235
693,3750.9312401572097
694,3716.046810230726
695,3678.9338228043284
696,3638.755238142567
697,3597.2710516759053
698,3554.3720291015266
699,3512.2701890819253
700,3470.999679870543
701,3432.0988776631298
702,3397.433504098967
703,3367.704850887087
704,3341.883459059199
705,3317.99688894112
706,3297.2164359745375
707,3279.4159882906147
708,3264.1503276967396
709,3252.2397089844812
710,3243.5855926411928
711,3239.516347547562
712,3237.215218712227
713,3237.527107922971
714,3239.726946915968
715,3240.7835568127102
716,3244.5358106482727
717,3247.6908759805096
718,3250.659116237006
719,3255.8168008985776
720,3263.9784078878706
721,3273.3063729091336
722,3281.2248338463946
723,3287.1243057345205
724,3289.740145873213
725,3290.656454568653
726,3289.803877795695
727,3287.7696046205783
728,3286.3714883573853
729,3285.0216943361997
730,3285.5341350572635
731,3287.863904054046
732,3287.434958987367
733,3286.4350643983803
734,3283.807050998467
735,3277.4977044528055
736,3269.535937685
737,3263.324965363298
738,3256.8780498938318
739,3256.556570577005
740,3263.2472540754297
741,3269.068148719059
742,3282.3689086713184
743,3302.6107169925317
744,3326.9040029818507
745,3352.5877352483144
746,3379.2389604705418
747,3404.8481301034917
748,3428.7425371983118
749,3450.498890565006
750,3472.6389628402426
751,3494.058875890212
752,3515.300562613326
753,3535.050161377075
754,3553.1004561920668
755,3571.1414976617075
756,3588.212519743268
757,3605.0184085721776
758,3620.3229598241387
759,3635.2565251363194
760,3648.7854953798824
761,3660.5239078057057
762,3669.3026574852524
763,3674.187142961687
764,3677.779628668662
765,3677.305569190386
766,3672.9690638972334
767,3666.6338563747045
768,3658.363706625696
769,3647.2165847949063
770,3634.777070905413
771,3618.8606215390396
772,3600.9245958799283
773,3583.3205344716844
774,3568.181687422526
775,3553.603979363329
776,3539.9607802226733
777,3526.675938258094
778,3515.1088254876217
779,3504.803398287196
780,3494.035155374192
781,3483.8821906176668
782,3475.6623937733902
783,3468.6643879828907
784,3463.4216972764043
785,3460.944827331756
786,3459.974382778977
787,3460.605820526437
788,3461.5240203647086
789,3462.5486841328016
790,3461.314603955653
791,3459.033702445769
792,3456.690088448292
793,3455.1789972629804
794,3453.8936479766344
795,3454.1827763982456
796,3456.598426371039
797,3462.567796611903
798,3467.7611487214544
799,3475.8067970061775
800,3484.356287405708
801,3492.6709155242993
802,3501.375571541352
803,3507.1365731473716
804,3511.9149490509267
805,3513.8858797104413
806,3512.1331670358436
807,3508.174091812273
808,3503.8979129750523
809,3498.2026271290115
810,3492.8565668272017
811,3488.066158916607
812,3483.6969206858703
813,3481.511136777957
814,3479.907145869548
815,3480.263537727998
816,3483.4879927199718
817,3489.3847579538583
818,3499.948495866637
819,3513.1377294975596
820,3527.5391714817206
821,3543.715118545693
822,3563.9599665930436
823,3583.376312597595
824,3604.8436007821615
825,3626.38852081131
826,3646.1485508215815
827,3663.230533462617
828,3677.3970125762216
829,3690.0340864808104
830,3700.8565644207306
831,3708.924245775958
832,3715.379776875297
833,3720.8419833899584
834,3722.981626884812
835,3721.6851609790574
836,3717.062070066694
837,3708.48340958688
838,3697.770259085462
839,3684.1103600870824
840,3669.3098469325128
841,3655.3159930215047
842,3641.73318637275
843,3628.8927123801486
844,3618.2332429417625
845,3609.916902703216
846,3601.1767510531377
847,3592.319577259278
848,3581.7673121755506
849,3570.736221542678
850,3560.534279073543
851,3553.3580447951504
852,3550.1273874822723
853,3550.072516716338
854,3554.6290729793827
855,3558.593276928231
856,3566.422209219684
857,3577.452974559782
858,3589.7508622110186
859,3602.2498478575035
860,3613.5341619340156
861,3622.5014334924276
862,3628.17844846158
863,3632.1175744458956
864,3636.527457579841
865,3640.3877814664356
866,3642.0702498184437
867,3641.8689933792834
868,3639.6547845650684
869,3635.290847672695
870,3631.0856300611567
871,3622.33084445198
872,3610.1497134446495
873,3595.898071230841
874,3577.725738270907
875,3560.5795277202415
876,3542.9838844176056
877,3525.1018937624785
878,3506.9913778751647
879,3491.139683966717
880,3476.674285170964
881,3463.8709771236854
882,3454.564314782723
883,3447.5217438640852
884,3442.090399436351
885,3437.2035938821246
886,3431.5778658543495
887,3426.810171872461
888,3423.4531511359905
889,3419.6603316413816
890,3416.746565722294
891,3414.0472561784495
892,3412.1920960086645
893,3410.9159053943076
894,3407.690791574655
895,3403.7442858600925
896,3401.4801611135217
897,3399.0437177184867
898,3396.2217657761184
899,3391.1396705236893
900,3383.62945640203
901,3376.217402125171
902,3366.107378195699
903,3355.6715799323188
904,3345.7087964831735
905,3335.2489670194336
906,3325.4744997225343
907,3314.379161717141
908,3303.6752150820193
909,3294.8412643654638
910,3289.3526932719724
911,3288.8005107632484
912,3288.320111980659
913,3292.17945046901
914,3300.896789026454
915,3312.4447073745623
916,3328.0662479541006
917,3349.169378604106
918,3375.033035097027
919,3405.0801473115844
920,3437.8233632767565
921,3471.893822226694
922,3507.9514812835096
923,3545.9834099996356
924,3582.655932263663
925,3618.838081268858
926,3652.9331818136807
927,3685.7442216682757
928,3715.572962894329
929,3743.9379565078093
930,3767.8008873742892
931,3787.955278148994
932,3803.4322237331207
933,3815.1134654293573
934,3825.3514621879585
935,3833.6294828554906
936,3838.246487227548
937,3840.772941403079
938,3842.0951440106733
939,3842.547828485609
940,3840.842806773173
941,3838.653947955768
942,3835.6429314233465
943,3832.898972141862
944,3826.870452504193
945,3820.440954041459
946,3812.988931204935
947,3805.7400629821777
948,3797.043051103804
949,3788.3397931531904
950,3780.70307764762
951,3772.2641423701416
952,3764.0955578085395
953,3756.0847330259326
954,3747.586265485269
955,3737.971133310416
956,3727.1007533577877
957,3714.029636486874
958,3699.57458146384
959,3684.741074093958
960,3669.5332986915732
961,3653.1421615651634
962,3635.5446426435874
963,3619.6015796112833
964,3602.5833663081844
965,3585.3606664104154
966,3566.0391215793757
967,3544.602067202299
968,3519.293825709863
969,3497.275655611443
970,3472.588522126647
971,3444.570486138163
972,3414.186389246457
973,3381.4454853519733
974,3345.304167386954
975,3305.0746362157574
976,3262.052889992544
977,3216.427719841744
978,3171.6896690866965
979,3128.8118975817315
980,3087.9100930715013
981,3049.935033158022
982,3014.165042038661
983,2981.9531310594393
984,2951.3319374876455
985,2923.8163124617395
986,2897.659448163936
987,2873.317899690853
988,2851.565953260067
989,2832.837201482382
990,2816.891943434637
991,2803.2259941850966
992,2791.40891597767
993,2781.8913451764056
994,2775.447925816896
995,2772.173665760225
996,2773.4545455997295
997,2777.8875131433206
998,2784.0887495212787
999,2792.4590221853437
1000,2802.677758299872
1001,2817.4663106753487
1002,2834.8861310583143
1003,2854.3377644963302
1004,2875.5620667376925
1005,2899.3146343233734
1006,2923.911701621172
1007,2949.7550147436414
1008,2976.9515473696874
1009,3003.6723416397667
1010,3031.6811950917017
1011,3060.610342938987
1012,3090.1626071630108
1013,3119.88327077312
1014,3147.609664825126
1015,3174.3531717351993
1016,3198.9847316744654
1017,3221.054560685519
1018,3239.9693423445733
1019,3256.558147253626
1020,3270.616024378522
1021,3283.532147823582
1022,3293.0340827190057
1023,3299.4727797487635
1024,3304.524311069207
1025,3306.5278004584684
1026,3308.270836227126
1027,3308.589209148767
1028,3308.524517130411
1029,3308.5121441343717
1030,3310.2389279364806
1031,3312.840537024696
1032,3316.8072546951807
1033,3321.6854171059617
1034,3326.708681874452
1035,3333.21945035022
1036,3339.874192363436
1037,3347.950234454807
1038,3356.952152351112
1039,3366.6032935400717
1040,3375.599033218219
1041,3382.914219901594
1042,3387.8596811370976
1043,3391.790483469806
1044,3392.7369436843073
1045,3390.4581555417008
1046,3386.1352763648697
1047,3380.219630180398
1048,3371.043945603603
1049,3358.8442249934214
1050,3343.669492745158
1051,3324.5821061614733
1052,3303.9782420648407
1053,3280.578131881487
1054,3255.3811561100024
1055,3229.5553045439938
1056,3201.892785140128
1057,3174.0234474141494
1058,3145.4277900520956
1059,3118.22621735003
1060,3092.63517727177
1061,3069.2972966934144
1062,3047.472759468969
1063,3025.8646678122736
1064,3006.5662595686094
1065,2989.4250719788824
1066,2974.1194641598427
1067,2959.852321264399
1068,2947.0682008788963
1069,2937.5655502728277
1070,2930.0870959823183
1071,2925.3216397414785
1072,2924.113942205693
1073,2927.4606416902366
1074,2934.1969237604253
1075,2945.2769264595495
1076,2961.776578036773
1077,2983.513135516931
1078,3010.32191848701
1079,3040.918010918798
1080,3073.9031442312125
1081,3108.109686780168
1082,3142.2517006022304
1083,3171.9552526274233
1084,3202.207160303339
1085,3233.5669919610627
1086,3266.146979509913
1087,3300.7076906813436
1088,3338.0270139063396
1089,3377.284088046136
1090,3418.0718990249325
1091,3460.375941631677
1092,3503.2333344189938
1093,3548.0535215859836
1094,3594.0654026833786
1095,3642.026307160962
1096,3691.477150113175
1097,3742.6850507556546
1098,3795.105890039229
1099,3847.46814533387
1100,3900.990837293325
1101,3953.7268290834704
1102,4005.3968130931967
1103,4055.215803067115
1104,4101.919828482392
1105,4145.777496140854
1106,4186.686160061968
1107,4224.193766176912
1108,4260.088695430842
1109,4293.224060137705
1110,4322.725747856183
1111,4348.223293571912
1112,4370.1258659379355
1113,4388.866087069661
1114,4405.174497233196
1115,4418.654830337836
1116,4428.451019606583
1117,4434.554278489801
1118,4435.806746765976
1119,4434.686441439715
1120,4428.666478949082
1121,4418.086637133435
1122,4402.958913864599
1123,4383.094205870988
1124,4359.291393609698
1125,4332.382824229488
1126,4300.050527809335
1127,4263.078211638602
1128,4222.876420451479
1129,4178.963724939018
1130,4133.178469143686
1131,4086.670181567127
1132,4038.5836046986574
1133,3987.805295960079
1134,3936.151504636499
1135,3882.042432586857
1136,3826.528642136929
1137,3768.91228547962
1138,3709.2994834008678
1139,3648.470528942328
1140,3595.5493385633986
1141,3540.2449115260465
1142,3483.325768243678
1143,3424.776310467773
1144,3365.2926586493604
1145,3305.106224855081
1146,3246.4391844609886
1147,3189.326917023209
1148,3133.4066247081687
1149,3078.9093981521432
1150,3027.302643646746
1151,2978.040988500775
1152,2930.7368510016404
1153,2887.687504827673
1154,2848.6093877275457
1155,2813.445448257046
1156,2783.864500214829
1157,2757.7465558143695
1158,2735.0592981934865
1159,2714.1923825446293
1160,2695.528943893024
1161,2679.748268524638
1162,2666.2346459247638
1163,2655.3655682919193
1164,2647.186218883262
1165,2641.73901860225
1166,2637.2944892684222
1167,2634.1194374563343
1168,2633.281671016794
1169,2634.65650493312
1170,2639.7471619809508
1171,2647.826027449939
1172,2658.4283630780124
1173,2670.905741386644
1174,2684.534810540606
1175,2699.8064107904975
1176,2714.296320952495
1177,2729.2094045386375
1178,2744.2764136369874
1179,2758.468487917148
1180,2772.9553628560557
1181,2786.2197698688647
1182,2799.123568214325
1183,2811.922153282699
1184,2824.685903811969
1185,2836.465803708847
1186,2846.8788822652195
1187,2856.8237171600294
1188,2867.124919464774
1189,2876.710281320021
1190,2888.294306447147
1191,2900.5112763062043
1192,2912.269843762
1193,2923.72584864789
1194,2933.4393351686667
1195,2941.6740768809395
1196,2948.4160642439606
1197,2954.2815932497883
1198,2958.7045483725
1199,2962.8619522294603
1200,2968.649313801392
1201,2976.339701885827
1202,2986.083250004714
1203,2998.483992872111
1204,3014.6752214005305
1205,3032.1446956798686
1206,3050.508398349977
1207,3068.956557087172
1208,3088.4337671243
1209,3109.2990625157527
1210,3130.487057864433
1211,3151.6021517161525
1212,3173.6309238898593
1213,3194.578404636348
1214,3213.900135928696
1215,3232.4450851456786
1216,3249.9006724271967
1217,3267.61042052634
1218,3285.9135194811242
1219,3304.955720180268
1220,3323.308660653102
1221,3341.0559959952393
1222,3356.7507674462627
1223,3371.7388665603244
1224,3385.0124250391723
1225,3396.2760203980183
1226,3406.054734094678
1227,3415.3941286600266
1228,3425.994552854872
1229,3437.4757777356103
1230,3449.1670732508983
1231,3460.443029357696
1232,3471.393642671694
1233,3481.6766877813902
1234,3490.488717978547
1235,3498.3061910919264
1236,3505.4289244208203
1237,3512.2188006789893
1238,3518.25231296101
1239,3523.6389606573985
1240,3528.2199945430198
1241,3530.7125121647355
1242,3531.1028778657596
1243,3528.1376054210864
1244,3521.662004602729
1245,3513.7143607843022
1246,3505.351244102004
1247,3497.4346878418514
1248,3491.555791879924
1249,3487.610058261655
1250,3484.4900500034873
1251,3479.700338975224
1252,3471.01776665955
1253,3456.8515447926616
1254,3444.526931768469
1255,3427.321545575771
1256,3406.6498393089046
1257,3385.3349830339394
1258,3365.016937188397
1259,3348.1724743991526
1260,3335.663935353686
1261,3326.7426453152466
1262,3320.208722236243
1263,3315.62915930103
1264,3312.408877912852
1265,3311.952794063105
1266,3314.3588462094685
1267,3320.4072226406906
1268,3329.6838174901486
1269,3340.809016995213
1270,3352.010560388783
1271,3363.2646694162704
1272,3374.52745346291
1273,3383.122512939196
1274,3391.9966862464576
1275,3401.4322062888887
1276,3413.421710772737
1277,3425.2600674905043
1278,3437.396720142188
1279,3450.5766910774255
1280,3463.0665144834966
1281,3474.218553416223
1282,3484.9246732858483
1283,3496.730327501645
1284,3509.7014094208635
1285,3522.778766448208
1286,3536.6367405161773
1287,3550.9017664085704
1288,3565.141177865709
1289,3580.3023788245496
1290,3595.7867205815783
1291,3611.0654382873754
1292,3627.1276053407596
1293,3644.0731996553186
1294,3659.7198388999127
1295,3675.2417846532257
1296,3689.7504360868024
1297,3704.0714210381134
1298,3718.475497896795
1299,3731.68618189952
1300,3743.4222822131155
1301,3753.8442415340573
1302,3763.91461086252
1303,3772.355658098168
1304,3779.809679222625
1305,3788.3065287419286
1306,3794.3803470982025
1307,3798.1243052541386
1308,3797.949126586603
1309,3793.3501541369565
1310,3784.46408296041
1311,3776.7332010368154
1312,3762.871533947775
1313,3742.6140795400656
1314,3718.5366399237114
1315,3690.7842180537655
1316,3659.075523159716
1317,3623.984172628964
1318,3586.410769992463
1319,3545.5509809059427
1320,3504.03863390858
1321,3459.6299590394638
1322,3413.857386184302
1323,3369.0805053395443
1324,3324.277634442659
1325,3281.26904802227
1326,3238.6647810916393
1327,3198.2533872233844
1328,3160.9168561895344
1329,3126.706628900859
1330,3095.6612701043227
1331,3066.8122501874745
1332,3041.194924353843
1333,3018.1259637038997
1334,2998.27618545297
1335,2981.1324449551344
1336,2965.7537512739195
1337,2953.126082351159
1338,2942.4166625527637
1339,2933.4856510120094
1340,2927.2463271426427
1341,2923.1075575085015
1342,2921.224098839241
1343,2921.3784140645316
1344,2922.4964231443905
1345,2925.0886348711233
1346,2928.400472583972
1347,2934.063340934288
1348,2943.1341004900455
1349,2953.7431808117785
1350,2967.640302511528
1351,2983.560852160141
1352,3002.828652597712
1353,3027.0717462896982
1354,3056.034186389388
1355,3089.2773675927065
1356,3126.0075411795924
1357,3166.78360563302
1358,3211.139051964832
1359,3259.275388225446
1360,3308.7143046830765
1361,3360.3438553312158
1362,3414.3043861102738
1363,3471.133925738405
1364,3530.0475478795415
1365,3590.0903116663576
1366,3651.3283056108585
1367,3713.773169278488
1368,3768.100200669326
1369,3824.0743829260014
1370,3881.6327171962816
1371,3940.0448840093177
1372,3998.214469036377
1373,4056.2060809950035
1374,4113.846999069042
1375,4169.990534027495
1376,4223.311208156809
1377,4275.270432752771
1378,4325.515734809984
1379,4373.308130052054
1380,4417.630770681013
1381,4458.104641279434
1382,4494.778358866972
1383,4526.090029723956
1384,4552.5159460150535
1385,4574.549363634022
1386,4593.576395380264
1387,4607.7607924046615
1388,4617.078741861755
1389,4623.951750521508
1390,4628.001510602964
1391,4628.661268196235
1392,4628.637060860332
1393,4626.583870576793
1394,4623.386163329553
1395,4618.442376546298
1396,4612.144599044835
1397,4603.070140581097
1398,4590.812212891969
1399,4575.496751174091
1400,4556.235108273749
1401,4534.094538744563
1402,4509.298601260467
1403,4481.399305041611
1404,4450.816531275019
1405,4415.722851889435
1406,4374.959143555476
1407,4328.856429014554
1408,4276.630458098197
1409,4221.2776626027135
1410,4165.969547775699
1411,4109.713977547194
1412,4051.6507307466527
1413,3992.995277310661
1414,3934.04691082895
1415,3874.130241068095
1416,3814.8430552177747
1417,3755.1691352443154
1418,3695.6345767086827
1419,3635.827779350814
1420,3575.6895834994434
1421,3513.5501394660373
1422,3451.0796286954305
1423,3387.7541228271352
1424,3324.8249419971385
1425,3270.0765546750417
1426,3214.6770600870464
1427,3159.583272527323
1428,3107.42567465919
1429,3061.319719777268
1430,3022.555872370663
1431,2990.1657794603548
1432,2965.5781885135293
1433,2946.0610220920007
1434,2931.707913679836
1435,2922.716421106256
1436,2918.0488289969135
1437,2915.851294871822
1438,2917.77165741534
1439,2923.3722525039016
1440,2933.2544957806135
1441,2945.2921721263883
1442,2962.5331748531707
1443,2982.192029023373
1444,3003.4456917554126
1445,3024.1511920121993
1446,3044.748676436188
1447,3066.453687377636
1448,3088.0734652870615
1449,3111.379615426699
1450,3135.131330935327
1451,3158.2213037602746
1452,3179.9519726068065
1453,3199.9232533667864
1454,3219.4476499032644
1455,3238.299684206894
1456,3258.1781452821638
1457,3277.614734860778
1458,3296.452859170636
1459,3316.1258820315643
1460,3335.4409327842654
1461,3353.7442068119476
1462,3372.100246674158
1463,3390.7654217205613
1464,3409.071660831048
1465,3426.302857065909
1466,3444.275020703578
1467,3461.2669947832796
1468,3479.069805127455
1469,3497.6396076640485
1470,3516.5433951857444
1471,3537.2457150987275
1472,3558.4248906902076
1473,3581.729919822852
1474,3606.2454515403274
1475,3632.7317727473155
1476,3660.61721646608
1477,3689.315742052137
1478,3715.7115214167297
1479,3738.774038812874
1480,3759.9536704104457
1481,3776.908488075363
1482,3791.659179443841
1483,3801.71280476926
1484,3806.60340219497
1485,3806.667577955501
1486,3801.2870852077995
1487,3790.05386679166
1488,3773.1425199564615
1489,3750.7325622146523
1490,3723.698587822844
1491,3693.8227422549344
1492,3661.2566093962464
1493,3627.6793450747878
1494,3593.9547713898114
1495,3560.157331996715
1496,3527.3436049521715
1497,3496.339811649498
1498,3467.394057294775
1499,3440.041906473296
1500,3414.0345373256177
1501,3389.7859510715966
1502,3368.6416871465417
1503,3350.515171715801
1504,3334.0898244574696
1505,3320.0943507180573
1506,3309.3858722557857
1507,3300.836998998611
1508,3295.2119017832115
1509,3292.77835126072
1510,3293.425175333154
1511,3296.7776150279115
1512,3302.388273313648
1513,3310.6744223840255
1514,3320.279910423834
1515,3330.8322282181502
1516,3341.9864630086336
1517,3354.6746394922297
1518,3367.9094645338537
1519,3382.4878815511347
1520,3398.2324542793976
1521,3413.0376978145696
1522,3427.1526564831724
1523,3439.4218025256177
1524,3450.129637659866
1525,3459.0244775487968
1526,3467.119013766818
1527,3473.1167965574377
1528,3478.1103232256814
1529,3481.18407301687
1530,3481.1147144293764
1531,3478.3543158480943
1532,3474.5413308731627
1533,3468.988119642766
1534,3460.913152768213
1535,3451.544340115117
1536,3442.2021689122494
1537,3431.64475742892
1538,3422.387804150739
1539,3414.334254798722
1540,3407.747750278391
1541,3401.0652682695277
1542,3393.02250554562
1543,3385.2922759548933
1544,3378.15531130903
1545,3371.2564026028895
1546,3363.8927239897116
1547,3355.0265333505668
1548,3346.5879120109207
1549,3338.4378979406993
1550,3331.3384173988165
1551,3323.8247535442742
1552,3315.333522774495
1553,3305.9991227755877
1554,3294.54678843914
1555,3284.0901591636207
1556,3274.6197865828944
1557,3265.4212532913516
1558,3257.168530131263
1559,3251.0872421074937
1560,3245.5162485345104
1561,3240.7685674201553
1562,3237.034600972321
1563,3233.184711174163
1564,3228.729603992019
1565,3223.127489591244
1566,3216.803085219475
1567,3211.2654440419365
1568,3205.633155947141
1569,3201.7706698919296
1570,3200.9649903635795
1571,3202.680836101628
1572,3207.7249694558564
1573,3214.4931941796244
1574,3222.8305287400494
1575,3230.806476423171
1576,3238.61022297502
1577,3246.3723886923945
1578,3255.4491226555424
1579,3264.324771003146
1580,3273.8485496169164
1581,3285.3879389858375
1582,3300.418986267685
1583,3317.356238794041
1584,3335.4359596809295
1585,3356.168672440832
1586,3380.279770340427
1587,3406.6391619260835
1588,3434.2620741476344
1589,3464.7508485144363
1590,3496.928549195045
1591,3530.3307001291023
1592,3563.1055330013473
1593,3595.643311738997
1594,3625.828436658334
1595,3655.2975879711794
1596,3680.935749613356
1597,3705.812392341863
1598,3733.557844447831
1599,3762.3963016448442
1600,3792.1286067617
1601,3823.1465267429894
1602,3857.723674801262
1603,3893.8994222471647
1604,3931.9866761693147
1605,3972.0130620676237
1606,4013.1754861014797
1607,4054.1324778608787
1608,4096.108202574403
1609,4137.16546912933
1610,4174.997627025697
1611,4208.901274158916
1612,4238.7914502033755
1613,4265.567049624102
1614,4288.573522983929
1615,4309.714863766772
1616,4327.632834984051
1617,4341.976470478853
1618,4352.640257122769
1619,4359.993659834012
1620,4365.689011254689
1621,4368.485182368741
1622,4369.756886107467
1623,4370.062474153601
1624,4369.600001331291
1625,4368.434232311385
1626,4366.574810881878
1627,4363.139370178204
1628,4356.87020685263
1629,4349.326967296841
1630,4341.883303842429
1631,4333.783226783426
1632,4323.897298177677
1633,4313.490118533585
1634,4303.894589890045
1635,4293.66092526463
1636,4281.767710957776
1637,4268.18436835328
1638,4253.634974378123
1639,4236.06782138456
1640,4217.561718908408
1641,4198.974160055949
1642,4179.941087620834
1643,4162.563997394005
1644,4144.7616376272235
1645,4128.633601051318
1646,4113.469977949156
1647,4098.10147508634
1648,4081.382772542721
1649,4064.8149198489864
1650,4048.078278350673
1651,4029.3129899877986
1652,4008.695612057004
1653,3990.7584932572113
1654,3968.9291766312294
1655,3942.9094080433824
1656,3914.5079142724144
1657,3885.7541602500505
1658,3858.4188666043647
1659,3831.4951491336888
1660,3807.6555643851957
1661,3785.446629405836
1662,3766.48449575805
1663,3750.0144163516798
1664,3738.3305825290704
1665,3728.6065598741957
1666,3722.9877063796685
1667,3720.78505852144
1668,3721.348535633031
1669,3722.827083442655
1670,3726.337173407943
1671,3730.8440778313343
1672,3737.1861117793896
1673,3745.0713813152097
1674,3755.530840822663
1675,3767.7311528508035
1676,3779.39819050156
1677,3791.6252162454894
1678,3803.6973308363017
1679,3814.7126198183196
1680,3824.0062142525803
1681,3832.8183077103163
1682,3842.424691652992
1683,3853.2058143912786
1684,3864.6048790356485
1685,3876.920684499465
1686,3891.119125689059
1687,3905.222424400861
1688,3918.736254951499
1689,3932.4016318608765
1690,3946.4243974288897
1691,3960.836509964389
1692,3974.95403114271
1693,3988.55384541725
1694,4002.134473951424
1695,4015.159514800589
1696,4027.9510159517513
1697,4040.0175305655725
1698,4051.8360749794833
1699,4062.8647410423105
1700,4072.821670735086
1701,4081.820128781356
1702,4088.6228388003055
1703,4092.9755544028835
1704,4094.7643466458594
1705,4093.4709798919885
1706,4088.3181867399016
1707,4077.55082267493
1708,4063.9591237743807
1709,4046.0671596511556
1710,4030.50115086395
1711,4012.329098571791
1712,3993.2564036884505
1713,3972.035769957539
1714,3949.961897102597
1715,3929.248152355301
1716,3910.412458797855
1717,3894.0744020384745
1718,3878.3563707013695
1719,3865.000580918146
1720,3850.192299821382
1721,3833.5190508967803
1722,3815.6404757532873
1723,3797.21342150557
1724,3778.8017044669796
1725,3759.3422459395
1726,3738.8644791740567
1727,3718.125266494306
1728,3697.413857142989
1729,3675.4298918067707
1730,3652.968360239747
1731,3632.8611126052556
1732,3614.376462090098
1733,3595.0109633202887
1734,3575.47049938034
1735,3556.121520890099
1736,3536.554511474762
1737,3513.8930613718067
1738,3490.32653672801
1739,3465.690644737084
1740,3440.568487243355
1741,3416.0382394464036
1742,3393.2777581129203
1743,3371.5784118498277
1744,3348.946180542087
1745,3327.221649147843
1746,3308.351851339886
1747,3291.3690037141423
1748,3275.34856466398
1749,3259.674319933556
1750,3245.239215844449
1751,3232.6817212303017
1752,3224.977866612981
1753,3221.736425425273
1754,3223.317896491477
1755,3229.179645605889
1756,3239.356940325072
1757,3255.8655872434447
1758,3276.2719795478984
1759,3299.8580820900015
1760,3325.7579811622163
1761,3356.5494423024024
1762,3388.5598920947546
1763,3419.5741412229077
1764,3447.954091920669
1765,3474.8470829910716
1766,3497.288993886805
1767,3516.8134563660938
1768,3533.974972423799
1769,3546.7922057244004
1770,3555.396802508813
1771,3561.8520683329225
1772,3566.6996112133643
1773,3569.33257470151
1774,3571.724062552496
1775,3573.116646891809
1776,3577.691653142012
1777,3584.8728313908605
1778,3593.1581749570805
1779,3601.5349342067125
1780,3610.1567110797746
1781,3618.178007973686
1782,3625.7477311288285
1783,3631.7832710642397
1784,3636.887036632524
1785,3640.770364484228
1786,3642.343457817188
1787,3643.150136672822
1788,3644.0211462736415
1789,3644.77120770929
1790,3645.6433358503273
1791,3647.8273807228366
1792,3648.650038916703
1793,3648.364085326028
1794,3646.4431596618306
1795,3643.140182827336
1796,3638.189468277395
1797,3632.4020972187504
1798,3626.219688582936
1799,3618.289841845461
1800,3609.8862396246395
1801,3600.1920589865213
1802,3588.743990132196
1803,3574.9908692152503
1804,3558.978685564425
1805,3539.5763549643493
1806,3517.5520122593653
1807,3494.99249261007
1808,3471.0904307973783
1809,3445.2887414586708
1810,3417.9894512316914
1811,3389.2256703558223
1812,3360.0719146453566
1813,3330.7261300329433
1814,3301.5186132446606
1815,3274.3751206748675
1816,3249.2034538553635
1817,3225.825547942605
1818,3204.539184793725
1819,3185.3599544903705
1820,3166.587176995805
1821,3147.3483271750306
1822,3126.860694429797
1823,3104.435110737582
1824,3084.9248529253537
1825,3063.354337328211
1826,3040.782159075331
1827,3017.0188705637684
1828,2994.0873417969797
1829,2972.448983735629
1830,2953.5806900008592
1831,2937.160668820077
1832,2922.8209718186495
1833,2910.554789323662
1834,2900.1760920096003
1835,2891.7209488500794
1836,2885.1787858670027
1837,2880.627647134504
1838,2877.950096877986
1839,2875.0054023656357
1840,2870.0778041279914
1841,2864.3196097403297
1842,2856.5327578652846
1843,2848.2148670710594
1844,2840.2214299260677
1845,2833.65390130418
1846,2828.4071314942935
1847,2824.042835899278
1848,2819.7088475574396
1849,2813.5188322303425
1850,2807.3777390310056
1851,2800.950003003001
1852,2794.2324185793004
1853,2788.1903235599525
1854,2784.8119988980316
1855,2784.499613456922
1856,2785.4091568070844
1857,2790.3632941886917
1858,2796.657840712018
1859,2804.7940575731895
1860,2812.8688605667758
1861,2824.00078887381
1862,2837.3187039071463
1863,2852.7377030041503
1864,2869.917747773466
1865,2889.480193045657
1866,2910.5399699338145
1867,2931.8245654857433
1868,2954.73189374749
1869,2977.482915462081
1870,3001.15491549526
1871,3025.796669716139
1872,3052.1999021325305
1873,3080.532154020129
1874,3112.356524150142
1875,3146.554867995987
1876,3181.886286098197
1877,3217.612952133384
1878,3252.6039297321327
1879,3283.9820081496932
1880,3310.423603195052
1881,3333.4277908845147
1882,3353.141547051478
1883,3371.6325851617803
1884,3389.8823594207397
1885,3405.539192913087
1886,3419.723168806703
1887,3432.652781047793
1888,3445.602030668954
1889,3457.970746409328
1890,3471.5910509913588
1891,3485.786574174891
1892,3500.3382597151544
1893,3515.7172005661096
1894,3534.2688067735103
1895,3556.1094773579416
1896,3578.409165274916
1897,3600.814939906794
1898,3623.548531837008
1899,3645.8858161278454
1900,3669.6023791110406
1901,3693.0382787764415
1902,3716.430500087808
1903,3738.387832291759
1904,3758.3767113311774
1905,3776.6902951953552
1906,3793.2815348776035
1907,3808.2508190879166
1908,3821.029474393796
1909,3831.636866484364
1910,3842.7437364487264
1911,3852.6800098266576
1912,3862.499654356101
1913,3870.2061425700363
1914,3877.5388611542
1915,3885.0229076980254
1916,3889.926978969403
1917,3893.541736973562
1918,3895.0425209042282
1919,3894.877200658941
1920,3891.9889848635144
1921,3887.573474998911
1922,3882.261506424555
1923,3875.2239966862767
1924,3868.7579485139217
1925,3860.257634516204
1926,3851.873722737902
1927,3844.5053692303773
1928,3835.506804565692
1929,3827.6630785918483
1930,3819.3508637848013
1931,3814.215389901088
1932,3809.964440752351
1933,3806.1816122220253
1934,3801.139831309396
1935,3796.1152164127407
1936,3788.29233389831
1937,3776.2624219272248
1938,3765.796398512381
1939,3753.037548258323
1940,3740.3682455016965
1941,3727.723360010381
1942,3716.4145676098237
1943,3705.7462881515025
1944,3698.33638326492
1945,3693.6834402907616
1946,3689.5617931355096
1947,3685.7291021339433
1948,3681.94707870183
1949,3676.7997657665815
1950,3673.053391341951
1951,3668.4627502627
1952,3664.444662460154
1953,3660.8329942739356
1954,3659.45476458669
1955,3660.0998733250967
1956,3662.2168629892726
1957,3664.839668810934
1958,3671.601431051705
1959,3680.9947685505304
1960,3692.975555018402
1961,3708.263549505848
1962,3725.9930448169957
1963,3745.6584239697804
1964,3767.6299076485675
1965,3789.4351581535375
1966,3812.1167190823517
1967,3834.2115250939237
1968,3854.983454969883
1969,3876.1239364779826
1970,3896.529488729498
1971,3919.765586254826
1972,3943.645321406374
1973,3966.9205319576204
1974,3989.106044555732
1975,4008.274292084825
1976,4025.240507491818
1977,4039.657866960979
1978,4054.2240247648674
1979,4068.7375031233346
1980,4081.085364929452
1981,4092.8304010963134
1982,4103.105589855994
1983,4113.691456207678
1984,4120.480325518504
1985,4125.740826531454
1986,4129.069349806638
1987,4131.420509569705
1988,4131.911770925909
1989,4131.107994395803
1990,4129.49607779081
1991,4129.29355671608
1992,4126.894035271156
1993,4126.36124765251
1994,4127.283828990534
1995,4128.086474754615
1996,4127.965263752969
1997,4125.667725230401
1998,4121.243692724209
1999,4116.062336323559
2000,4111.413247739791
2001,4107.7752014157295
2002,4104.386901905642
2003,4102.068647761582
2004,4099.398520796368
2005,4094.2803219680377
2006,4087.3518154447656
2007,4078.2638974901956
2008,4063.8130631465024
2009,4045.392965675514
2010,4024.2264087146364
2011,4001.2037466172856
2012,3975.4800758019273
2013,3947.9369170849363
2014,3917.9281433533984
2015,3886.778571356092
2016,3853.6363266238864
2017,3816.67156066872
2018,3775.750899115183
2019,3733.2403322710547
2020,3687.754148825077
2021,3640.553551541848
2022,3591.574130743026
2023,3543.210176595389
2024,3496.787574814363
2025,3449.689667698099
2026,3403.907376412223
2027,3359.1882707109276
2028,3316.5547972743175
2029,3274.3216613877444
2030,3233.814911400526
2031,3194.700905600661
2032,3157.099529378793
2033,3120.8438056830573
2034,3084.703966903027
2035,3050.2899755710987
2036,3016.7074040062157
2037,2984.7539622697695
2038,2957.5243540699194
2039,2934.7278276494776
2040,2919.2004743649727
2041,2907.686612637688
2042,2900.986273962659
2043,2897.967929340158
2044,2897.6314222886463
2045,2900.083849968997
2046,2906.5081286924888
2047,2917.1664490915177
2048,2930.953611611825
2049,2948.2255423841098
2050,2968.3751301873576
2051,2991.3181548671696
2052,3011.2785863386057
2053,3036.287883985387
2054,3063.993437755873
2055,3092.8414096515144
2056,3120.8486006936864
2057,3150.053786489429
2058,3178.131818816345
2059,3202.363334821178
2060,3223.8101910270893
2061,3243.3456189727735
2062,3261.735516884098
2063,3279.791651797483
2064,3297.8869999143935
2065,3316.6868280409044
2066,3337.8085983324368
2067,3363.139358147208
2068,3390.2344251041422
2069,3420.7568630612027
2070,3454.583681969489
2071,3491.2596755268473
2072,3529.058581747955
2073,3568.286596177659
2074,3606.800526865416
2075,3643.869125489372
2076,3680.4824518469563
2077,3715.4917614718765
2078,3748.4998120210835
2079,3780.6727046216674
2080,3812.0582116170617
2081,3843.843311834825
2082,3874.145402459328
2083,3903.246573935592
2084,3932.9922544706387
2085,3960.9619735977726
2086,3986.98103869373
2087,4012.1038223789205
2088,4034.690745655616
2089,4054.9641562381134
2090,4075.4378583656426
2091,4096.003315860195
2092,4114.800207746726
2093,4134.893256673131
2094,4152.363502656433
2095,4166.161785225238
2096,4176.831129443333
2097,4184.514227705149
2098,4188.669598863216
2099,4185.862039084002
2100,4178.76606304852
2101,4168.392602027384
2102,4153.317233010849
2103,4133.086654988645
2104,4108.5155241728
2105,4081.719390565393
2106,4054.4133320068577
2107,4029.075570712525
2108,4007.629820826845
2109,3988.972018426303
2110,3976.2388070517195
2111,3967.613695476467
2112,3960.5112318128886
2113,3953.4198493211406
2114,3942.9661443967143
2115,3931.005598032764
2116,3917.402604903374
2117,3902.0298382128685
2118,3886.789046466689
2119,3872.020662757124
2120,3856.9096456372076
2121,3842.6347459615877
2122,3830.247779680694
2123,3819.52980024869
2124,3810.507763388341
2125,3802.2728933322937
2126,3796.115386369363
2127,3794.048755304747
2128,3795.647143566517
2129,3799.889560061002
2130,3808.5991993190064
2131,3820.536554225092
2132,3836.673958497628
2133,3855.7767872144964
2134,3876.8219748441866
2135,3900.233819598827
2136,3925.792427224549
2137,3954.140494718047
2138,3981.622721371888
2139,4009.550992309548
2140,4036.79941888352
2141,4061.260016426941
2142,4082.374143113514
2143,4102.572161360661
2144,4120.402400660072
2145,4136.146466027294
2146,4151.233999271299
2147,4165.673959463943
2148,4178.392742326052
2149,4188.769092118214
2150,4195.718824717134
2151,4199.483513568689
2152,4199.337077374576
2153,4194.239310128771
2154,4184.261399354314
2155,4171.5994332202645
2156,4156.410325187459
2157,4138.719707405346
2158,4118.519972137275
2159,4095.356766450063
2160,4070.1735371625336
2161,4043.5246578964407
2162,4015.3449551839853
2163,3985.250809729063
2164,3953.1774597168796
2165,3919.7759467844453
2166,3890.716630533228
2167,3860.3834088323006
2168,3829.053821701428
2169,3796.3346529237756
2170,3762.615313578481
2171,3728.009629843909
2172,3694.681630288941
2173,3660.89273064772
2174,3626.8144939303115
2175,3592.4614704287737
2176,3557.6054190127456
2177,3522.973281543217
2178,3489.878301778112
2179,3456.539469541652
2180,3424.5048749583652
2181,3393.310635849984
2182,3363.826548086768
2183,3333.471564853265
2184,3303.051773805197
2185,3273.0644978539717
2186,3244.0366710948033
2187,3217.78249706668
2188,3193.483380442471
2189,3172.113629234347
2190,3154.6908861771644
2191,3139.8215692029175
2192,3128.179223179244
2193,3119.2961831281063
2194,3112.5943951400823
2195,3108.0210407245145
2196,3105.3180457081653
2197,3104.9758603340647
2198,3106.194196462106
2199,3110.750766708109
2200,3115.6367902292923
2201,3122.5852424646764
2202,3131.7395508623877
2203,3140.960388809575
2204,3150.1900955133515
2205,3159.563664799947
2206,3169.0970909944526
2207,3177.458709032256
2208,3183.6024283972815
2209,3188.8844350486825
2210,3192.126245421338
2211,3194.363969851065
2212,3194.0787462642043
2213,3191.7493841983705
2214,3188.2553689862943
2215,3183.270414433327
2216,3176.7212738297167
2217,3168.774925267033
2218,3160.5426999700617
2219,3150.7836657253247
2220,3139.7907329020454
2221,3127.803568283345
2222,3115.0259330261138
2223,3103.9093903523226
2224,3091.324543110593
2225,3077.0282720718046
2226,3062.4215312495826
2227,3047.2721764928174
2228,3032.786456841527
2229,3018.7171810687178
2230,3003.87966475993
2231,2989.6717273195436
2232,2976.0411512089454
2233,2962.503936465145
2234,2949.411395352261
2235,2936.099553957082
2236,2922.413105461665
2237,2909.1615121258405
2238,2896.633428654179
2239,2884.0208745376344
2240,2871.223939718239
2241,2858.8008433193736
2242,2846.8018173294417
2243,2834.142452926268
2244,2821.434405238236
2245,2809.4971220692614
2246,2798.6066578543628
2247,2788.7892718456337
2248,2779.1914654660727
2249,2770.033072969521
2250,2762.488502570967
2251,2755.742084741278
2252,2752.1108395073443
2253,2750.8826889673464
2254,2752.2225473799253
2255,2755.861806699473
2256,2762.7199556463074
2257,2771.1227261028494
2258,2781.889356364073
2259,2795.445416688497
2260,2812.297416966828
2261,2832.9294282814108
2262,2857.224495530733
2263,2884.387683931
2264,2914.9092460793945
2265,2948.096315802525
2266,2985.098381920808
2267,3026.2946268993865
2268,3071.5017090847914
2269,3120.1906317379603
2270,3172.933235327305
2271,3228.4304843302316
2272,3286.9641786903267
2273,3347.4303492922113
2274,3410.1261450690095
2275,3475.9198391880554
2276,3543.5668703193955
2277,3611.9165483561806
2278,3677.9259893053213
2279,3743.4300718586437
2280,3800.418623680035
2281,3856.658600342331
2282,3910.86265499384
2283,3963.909275061272
2284,4014.5856440516473
2285,4061.702738001206
2286,4104.070632205214
2287,4142.600516608911
2288,4176.526684548952
2289,4206.825896390546
2290,4233.158831165496
2291,4256.044707195158
2292,4275.796039511623
2293,4292.405522626734
2294,4304.4391534802135
2295,4312.735082875393
2296,4318.119418434032
2297,4319.336681135903
2298,4316.909540822522
2299,4309.905306462556
2300,4298.759817616566
2301,4281.6504323040845
2302,4259.5824000973
2303,4234.283058658052
2304,4206.6711326523855
2305,4176.7672927162685
2306,4145.245357640482
2307,4114.4938737731645
2308,4084.2055748125754
2309,4054.864722135703
2310,4025.321047382855
2311,3995.492611144634
2312,3967.726491813415
2313,3941.156625160308
2314,3917.920583735924
2315,3898.8216120407737
2316,3882.95130540997
2317,3870.2274013821097
2318,3860.0191152723687
2319,3849.5960565429905
2320,3838.9759623337823
2321,3828.57538872811
2322,3817.523555653734
2323,3806.6214022457757
2324,3796.7105217827966
2325,3785.982960592574
2326,3775.3968622382367
2327,3766.4433944423736
2328,3758.4423339778077
2329,3751.9156141094336
2330,3746.225581957992
2331,3742.019141968083
2332,3738.9151445717093
2333,3736.7560378378435
2334,3736.268310566217
2335,3740.147023648546
2336,3746.970715436202
2337,3752.907327291464
2338,3762.1242165020367
2339,3772.9704565631887
2340,3785.204405822396
2341,3798.353879390455
2342,3811.875615943784
2343,3826.673489619363
2344,3842.235097663068
2345,3859.3906120363013
2346,3878.749656440109
2347,3899.1958103488914
2348,3920.521449478279
2349,3942.609331800211
2350,3963.0666432469197
2351,3982.421364758177
2352,4001.6682300542484
2353,4021.259102120412
2354,4039.8162365258536
2355,4057.112268920021
2356,4074.343188588002
2357,4089.979311274896
2358,4104.124817031227
2359,4116.923849199953
2360,4129.136966825699
2361,4139.338623995395
2362,4146.652862865811
2363,4151.8977224518785
2364,4154.570334287448
2365,4155.240862909962
2366,4154.033632435958
2367,4151.724903570034
2368,4147.412918432909
2369,4141.192465016111
2370,4133.821932553272
2371,4125.974909460974
2372,4117.274920160806
2373,4107.210379779214
2374,4096.386660573491
2375,4085.5645153298206
2376,4075.002392604511
2377,4064.6528270775616
2378,4054.767237768321
2379,4043.9355365070137
2380,4032.0072410136117
2381,4020.142241325365
2382,4008.021898886781
2383,3996.9080180742694
2384,3984.81707887892
2385,3972.2815170263875
2386,3959.91434868677
2387,3947.7012239078313
2388,3933.637680912518
2389,3919.4743077810776
2390,3907.9197497054392
2391,3897.7136718626166
2392,3889.350902801223
2393,3884.1408285290613
2394,3879.6080639122806
2395,3878.2145675961096
2396,3876.1770613586928
2397,3872.3563831692163
2398,3864.3006151486843
2399,3850.2173798526123
2400,3832.3302644896025
2401,3808.572474064893
2402,3781.531471588816
2403,3752.029729684026
2404,3720.6934951749317
2405,3688.768749479277
2406,3656.5464171334206
2407,3621.7050396940176
2408,3585.3651850393494
2409,3548.6297815643347
2410,3512.0580506888377
2411,3475.2883376765585
2412,3441.7067335961383
2413,3410.5076604500987
2414,3382.2132792521547
2415,3355.820136979738
2416,3330.0077052529005
2417,3305.5979393568664
2418,3281.506935401038
2419,3258.76183840108
2420,3238.748840661897
2421,3221.132481777236
2422,3204.565721909538
2423,3188.6204112395058
2424,3172.9460204272505
2425,3158.2695593495177
2426,3144.378871684225
2427,3132.042018445313
2428,3121.5563802776933
2429,3114.6491034675623
2430,3111.7434862581936
2431,3111.357007499148
2432,3113.3886723625646
2433,3119.2331363417966
2434,3127.094630966065
2435,3137.3856604485495
2436,3149.791771914079
2437,3162.1866874641623
2438,3176.3488016076512
2439,3193.0035646860674
2440,3210.546040350884
2441,3229.5672626876167
2442,3248.6096994145814
2443,3269.408436972054
2444,3290.112214207053
2445,3310.2472290164933
2446,3330.725728283342
2447,3353.42912610767
2448,3379.9322953910464
2449,3410.746798719784
2450,3447.3084093346765
2451,3479.1170105696337
2452,3517.0647178388563
2453,3559.9545620537347
2454,3603.6828585305616
2455,3646.3096362119186
2456,3686.3673230075897
2457,3723.779031917679
2458,3757.3350837805565
2459,3787.7578739030464
2460,3815.147853723914
2461,3839.6625458681797
2462,3861.15849527734
2463,3878.274813442893
2464,3890.249397151366
2465,3899.134072833746
2466,3905.4670364342974
2467,3911.2298449584987
2468,3914.4264984562396
2469,3915.943589376944
2470,3915.7394189670035
2471,3912.8276284108297
2472,3907.7291768577516
2473,3899.501599354971
2474,3888.365425283977
2475,3874.766415132536
2476,3860.452063950727
2477,3845.2825879860397
2478,3829.10218125964
2479,3811.342604309489
2480,3792.6681883877823
2481,3773.5203118791574
2482,3751.3753418276056
2483,3731.463964762582
2484,3713.4541097215906
2485,3699.650393855785
2486,3688.922802845026
2487,3679.770911078632
2488,3674.27975636079
2489,3669.2015769540235
2490,3662.1234235268157
2491,3654.6125553859993
2492,3647.244152714598
2493,3638.523121721755
2494,3626.857997098432
2495,3613.5094924506584
2496,3597.3873870503944
2497,3581.7724310162757
2498,3563.805250334858
2499,3541.535117827802
2500,3514.3589546081284
2501,3480.8934915681784
2502,3443.439033655558
2503,3404.0313414226416
2504,3363.5610115326995
2505,3322.640604406553
2506,3282.46439982049
2507,3247.220561648339
2508,3216.5584224385666
2509,3187.666394512024
2510,3163.167665568348
2511,3142.088778275876
2512,3125.985792892597
2513,3115.2411878287626
2514,3109.865469966225
2515,3108.6078831387
2516,3110.5292489565372
2517,3114.527090104674
2518,3119.8670628831683
2519,3125.965161155749
2520,3133.084301496055
2521,3140.555280236552
2522,3148.6242622888526
2523,3156.8278074853624
2524,3166.7159236832595
2525,3177.1556528574406
2526,3189.764953216977
2527,3203.902106078102
2528,3218.8514946666446
2529,3233.228151203639
2530,3246.56819061209
2531,3259.883005635807
2532,3275.0334604882632
2533,3290.9354283125317
2534,3305.10517795278
2535,3318.870475903658
2536,3328.849281414605
2537,3337.2459261800363
2538,3342.531981355974
2539,3344.9794423387752
2540,3347.1604084737037
2541,3348.9431000025124
2542,3348.9901245787137
2543,3345.908981252694
2544,3341.1834496278407
2545,3335.671614216796
2546,3328.648742144744
2547,3320.934924842859
2548,3312.727238441228
2549,3303.9009331319207
2550,3295.052204106104
2551,3286.18824704184
2552,3278.4385271458286
2553,3272.8079746847466
2554,3266.88046288749
2555,3262.1754623516867
2556,3259.8764922574283
2557,3257.177727746882
2558,3257.2074688758094
2559,3260.7952786788132
2560,3269.1215975288937
2561,3279.389148179109
2562,3290.7130765657025
2563,3302.0952500892868
2564,3314.818991122847
2565,3325.8886458220454
2566,3337.4076172387104
2567,3345.5057312050053
2568,3349.4469339547527
2569,3351.830133659458
2570,3352.059137515309
2571,3348.7411297368612
2572,3343.681933314136
2573,3336.555810896294
2574,3325.894288482015
2575,3313.937834379841
2576,3299.9928900725085
2577,3286.058208352026
2578,3269.643566290494
2579,3251.84179206475
2580,3233.8112251660327
2581,3216.2851811211253
2582,3200.3702642426574
2583,3185.9291950991287
2584,3171.7934099401155
2585,3157.963494769432
2586,3142.7678380805887
2587,3128.070196379225
2588,3112.440332777987
2589,3097.356520283541
2590,3082.2121817296647
2591,3065.565404015531
2592,3047.910621154601
2593,3029.1746458180946
2594,3011.302823978863
2595,2992.9403747776364
2596,2973.8377245290976
2597,2953.8627437739965
2598,2935.293702748269
2599,2917.301774629166
2600,2901.172802250255
2601,2885.6116155798854
2602,2870.280036939794
2603,2854.2799484670827
2604,2838.4833996238517
2605,2822.962298835338
2606,2809.7642072257468
2607,2800.8458128738694
2608,2794.882131639808
2609,2790.5042460534646
2610,2787.0616952890155
2611,2784.8320509603986
2612,2782.9403898027394
2613,2781.7265610588406
2614,2781.1187685653135
2615,2781.28419030628
2616,2781.4183275737278
2617,2781.6264699039034
2618,2782.724970746978
2619,2785.955215718156
2620,2793.5934017881996
2621,2806.6758464797185
2622,2818.0575733613396
2623,2835.704011606141
2624,2857.57899488088
2625,2883.361282677018
2626,2913.2743569259796
2627,2947.840944230631
2628,2987.09309804615
2629,3030.0158848090227
2630,3075.7070636156377
2631,3124.033266758907
2632,3173.9503389590577
2633,3225.1517554734837
2634,3278.493482845415
2635,3332.9002740156666
2636,3388.2139835164885
2637,3443.852875717685
2638,3499.225155984494
2639,3551.361350602711
2640,3600.7906948332143
2641,3648.2891082280485
2642,3693.006214066454
2643,3736.60149676684
2644,3778.4232318062395
2645,3818.101403067602
2646,3855.2117122559703
2647,3888.210789591736
2648,3919.1371041104453
2649,3945.6454045041496
2650,3967.6468374916503
2651,3984.351530570755
2652,3995.9305013388253
2653,4003.8589513281877
2654,4008.5885920085484
2655,4009.3263716563797
2656,4007.2920984113493
2657,4002.6443117012027
2658,3993.144115260849
2659,3982.4130703454252
2660,3970.0800994374786
2661,3956.457573717493
2662,3941.815321085651
2663,3928.348126858565
2664,3913.5868887097395
2665,3898.1792710487734
2666,3880.9509336258284
2667,3863.6511444728576
2668,3845.89983650832
2669,3829.7705430616165
2670,3815.081678248383
2671,3803.1272407888014
2672,3793.309445563303
2673,3786.8764496409094
2674,3782.655385532316
2675,3778.9298812193238
2676,3774.304330683291
2677,3767.5241269281164
2678,3759.582685850496
2679,3752.6736321129665
2680,3743.6004962634893
2681,3730.3618640784657
2682,3712.4334948715673
2683,3689.8909203365306
2684,3661.81376102401
2685,3628.7213680507302
2686,3589.3506879190595
2687,3545.685225219981
2688,3498.064553886111
2689,3449.688450808309
2690,3398.1649252417246
2691,3346.475082815998
2692,3293.8266077743815
2693,3239.866276654851
2694,3186.408132943167
2695,3132.9913319855636
2696,3081.6885233678768
2697,3033.810195737337
2698,2990.58236233308
2699,2951.9583888077846
2700,2916.688377131648
2701,2884.142991524567
2702,2856.129478472729
2703,2832.4124465144355
2704,2815.9820010349727
2705,2803.9152384948557
2706,2796.7145692940185
2707,2795.4519359985134
2708,2799.1828226689017
2709,2805.260689969577
2710,2815.230245248945
2711,2828.0663209067147
2712,2842.524548294773
2713,2860.085222256679
2714,2879.6483473411454
2715,2901.6245681369614
2716,2927.0839096807654
2717,2953.3994262801502
2718,2981.473172364415
2719,3011.1775174235304
2720,3043.190815401376
2721,3076.096799524751
2722,3109.099641975588
2723,3144.1364415142307
2724,3179.0329116042544
2725,3212.898676537321
2726,3245.5998831686384
2727,3277.6562560287325
2728,3308.907868605732
2729,3338.1192357116665
2730,3365.2823035878164
2731,3390.9331318676273
2732,3417.2749986905496
2733,3445.114092973392
2734,3474.031224301211
2735,3507.469395178774
2736,3536.560603842254
2737,3570.4272445120005
2738,3609.038618618746
2739,3650.37460040811
2740,3694.0892146414953
2741,3739.9926103809853
2742,3787.0136767941754
2743,3835.263365980975
2744,3883.7218232728883
2745,3931.3571062807587
2746,3977.2903394512764
2747,4022.7037841977867
2748,4069.5334370637615
2749,4116.347429097361
2750,4163.564791059091
2751,4212.108709592787
2752,4261.077939226248
2753,4307.263927938603
2754,4351.089067468265
2755,4393.605607545428
2756,4433.502138468699
2757,4471.44858569509
2758,4507.660538371438
2759,4540.735927029935
2760,4571.124431110685
2761,4597.584059760469
2762,4620.287468236978
2763,4639.628390852219
2764,4656.737929559461
2765,4670.643383826455
2766,4679.992303163112
2767,4686.360591425998
2768,4688.841438604608
2769,4685.560375374323
2770,4677.436524195438
2771,4665.533499281867
2772,4650.253132000945
2773,4630.785800355109
2774,4607.461271849161
2775,4582.061631693089
2776,4555.5757451557865
2777,4527.529365297474
2778,4499.168519855367
2779,4468.0444349083555
2780,4434.680207872709
2781,4401.992301179891
2782,4369.393502714096
2783,4337.310769472341
2784,4306.280155474429
2785,4275.093177006529
2786,4245.320514593073
2787,4215.892507713855
2788,4187.253450743932
2789,4158.75962126345
2790,4130.172613718399
2791,4104.864008524931
2792,4080.7599032096505
2793,4059.789331585356
2794,4040.2301831460386
2795,4022.1385851462505
2796,4004.2200192467367
2797,3987.4851895881243
2798,3970.8727668682395
2799,3954.612550837504
2800,3938.377498149651
2801,3924.3456926469503
2802,3911.6382910213765
2803,3899.6597737222824
2804,3887.63796364459
2805,3875.3220111110672
2806,3862.3417805861372
2807,3848.9205416564223
2808,3834.6242421515162
2809,3821.0161915352105
2810,3808.162087002082
2811,3794.259909920137
2812,3781.9072617087522
2813,3769.4130563310587
2814,3757.70263324724
2815,3747.572786464941
2816,3740.4772127427073
2817,3735.995870360539
2818,3733.937206445437
2819,3732.6286997767866
2820,3732.8894912300148
2821,3734.5255055871744
2822,3737.816920399351
2823,3743.2885208211715
2824,3749.984118738128
2825,3758.2549930569908
2826,3766.924513234477
2827,3777.161361533492
2828,3788.00951535108
2829,3800.477886905937
2830,3814.5820560715947
2831,3828.844272434499
2832,3840.8646486487005
2833,3850.8920693428136
2834,3859.471629396868
2835,3868.434954066939
2836,3877.9544305496643
2837,3886.7738793992776
2838,3896.4406828416786
2839,3904.6525946768247
2840,3911.3891943751546
2841,3918.705717435187
2842,3923.3626034277213
2843,3925.365423705616
2844,3922.628492720407
2845,3916.923242525763
2846,3909.025800538341
2847,3898.9984948884066
2848,3885.3340491834692
2849,3869.2288352836126
2850,3855.2172991907373
2851,3840.7377159215052
2852,3824.282789672013
2853,3804.4167158548544
2854,3781.236333294238
2855,3756.9979708498086
2856,3732.776924585078
2857,3708.094785533779
2858,3682.890783661015
2859,3658.12775371596
2860,3634.57137837825
2861,3613.3799396809586
2862,3592.8288179065157
2863,3573.641672173672
2864,3555.872479464181
2865,3538.2161445201004
2866,3519.135720258718
2867,3501.602389889595
2868,3483.283739673069
2869,3466.4040046582363
2870,3451.543008743172
2871,3438.01876391426
2872,3424.864511735676
2873,3412.240798729723
2874,3400.9012549203735
2875,3391.099459455313
2876,3383.1438032403717
2877,3378.205281339445
2878,3373.9857005815948
2879,3371.5546895871903
2880,3370.1380661091785
2881,3369.5165147961598
2882,3367.418121424893
2883,3366.244201285996
2884,3364.4902322396297
2885,3362.18257190888
2886,3359.3744110125863
2887,3354.045973508293
2888,3345.8567730607
2889,3336.9477553134097
2890,3325.7990735952203
2891,3313.068498038654
2892,3298.9389346594166
2893,3285.456116623058
2894,3273.2547194060544
2895,3263.861255714359
2896,3257.1096659716036
2897,3253.1206755692738
2898,3251.2416038732804
2899,3251.791520994279
2900,3255.519878527768
2901,3261.1247803943315
2902,3269.3927527985607
2903,3278.8696247558505
2904,3290.5915055954397
2905,3303.4489698422453
2906,3319.0285042723453
2907,3332.5826992265324
2908,3347.856173803924
2909,3365.506012319982
2910,3383.577317999079
2911,3404.316322567823
2912,3425.6977037687225
2913,3447.9033485307955
2914,3471.330963454963
2915,3494.596733442002
2916,3516.5733550749596
2917,3537.4160670701835
2918,3556.8952428925472
2919,3574.3380412032566
2920,3589.3952420200667
2921,3603.208498335339
2922,3615.5890777188174
2923,3627.173467616062
2924,3638.1122003910004
2925,3647.739389873034
2926,3656.214585247663
2927,3662.340332771587
2928,3667.221751175692
2929,3670.877829794816
2930,3671.695603671524
2931,3670.9465481731568
2932,3671.7549652346593
2933,3672.4966913921958
2934,3674.096318207811
2935,3676.5010694679527
2936,3679.3495043922726
2937,3685.119741201355
2938,3692.7049979519843
2939,3702.7463241606138
2940,3713.9647975480493
2941,3726.330052371938
2942,3739.0149596843867
2943,3749.677705556429
2944,3760.695527337568
2945,3771.915103356113
2946,3782.2151271861294
2947,3793.683741070012
2948,3805.577113794349
2949,3815.646635918951
2950,3823.9265726603626
2951,3831.353283488906
2952,3835.4398384969945
2953,3837.0122172406295
2954,3834.7522572693965
2955,3829.7232432719716
2956,3823.0959798679937
2957,3815.371858085045
2958,3806.577983096178
2959,3798.151014098406
2960,3789.556424751872
2961,3779.6622072808755
2962,3769.5990849242708
2963,3758.848202554141
2964,3749.494934892128
2965,3740.1236635715936
2966,3731.1650298936074
2967,3722.1308441039596
2968,3714.2953693876743
2969,3705.879598514749
2970,3698.5389003387345
2971,3693.5502617096645
2972,3690.766924267541
2973,3690.844786683363
2974,3690.9902591379573
2975,3693.274341045437
2976,3696.5068989219412
2977,3701.099567520705
2978,3706.580137359298
2979,3713.105240636292
2980,3720.2765503668525
2981,3727.7726061844855
2982,3733.2914195434323
2983,3737.7726296063843
2984,3742.710125079761
2985,3749.1478931390047
2986,3758.330519764024
2987,3769.0238148183794
2988,3780.8396288861495
2989,3795.104109063326
2990,3810.2119191077945
2991,3825.695103440938
2992,3843.8407846577156
2993,3864.0675254490375
2994,3886.357207165833
2995,3910.1623435096812
2996,3933.571320934464
2997,3956.193594292552
2998,3976.462642211209
2999,3996.1768423331373
3000,4015.0683536183765
3001,4032.345790447717
3002,4048.750252441626
3003,4065.0846250074837
3004,4079.7173128676827
3005,4091.265572788316
3006,4099.5131280480555
3007,4104.283574172556
3008,4105.008659710032
3009,4102.897658422673
3010,4096.8332115720195
3011,4086.569472954092
3012,4073.937366043168
3013,4059.8135302766896
3014,4043.6407851829626
3015,4025.96882508454
3016,4006.0431445875997
3017,3984.478623818977
3018,3960.724257382376
3019,3935.0018426169336
3020,3906.872722338397
3021,3882.400387696071
3022,3854.2147577437077
3023,3823.7024565314023
3024,3792.3380340418926
3025,3762.4535319055917
3026,3733.8321376928247
3027,3706.6632787830963
3028,3681.77774703247
3029,3658.095541387816
3030,3635.418548762549
3031,3613.74235612749
3032,3593.160494239965
3033,3573.069195671989
3034,3553.7624919982213
3035,3535.611385794483
3036,3517.032603655527
3037,3498.4761408787253
3038,3479.150658923159
3039,3460.3810688518492
3040,3439.8858467816995
3041,3416.25477794143
3042,3391.502391994522
3043,3366.1736204508225
3044,3338.784387167742
3045,3309.973614018986
3046,3280.375355025689
3047,3250.352861235698
3048,3220.599664385161
3049,3191.6960145581506
3050,3164.8421279323215
3051,3140.149377858971
3052,3116.193530126276
3053,3094.048214752901
3054,3073.458959223931
3055,3051.912520656198
3056,3033.5735152632537
3057,3017.6001965928212
3058,3003.7630768356607
3059,2994.5978089078403
3060,2988.417441054306
3061,2984.8348572541336
3062,2984.7415506337707
3063,2989.321078177356
3064,2997.0167397273067
3065,3008.9651900301806
3066,3024.668270537702
3067,3043.6943927497437
3068,3066.938528366029
3069,3095.7711754548186
3070,3129.135749136961
3071,3165.92072291281
3072,3206.6855126549485
3073,3248.852398356276
3074,3290.3680480689295
3075,3329.1009265632847
3076,3365.3827213323134
3077,3398.150626935921
3078,3426.658704811059
3079,3450.810335801133
3080,3472.0202825170513
3081,3491.213301488623
3082,3506.7038271640663
3083,3521.09785937915
3084,3532.9807210670624
3085,3542.4285825137936
3086,3550.908054401239
3087,3558.5459478981516
3088,3563.949730391643
3089,3568.3425800580744
3090,3571.774048433067
3091,3574.063175433846
3092,3576.470535623885
3093,3578.64058317174
3094,3581.0707697459147
3095,3583.5426663410294
3096,3586.7950774844617
3097,3589.63283397631
3098,3591.8350818042377
3099,3592.2246969355124
3100,3589.66497876931
3101,3585.028173251095
3102,3577.6408343412713
3103,3568.4870923291887
3104,3558.7840591089603
3105,3548.8785241085625
3106,3537.638893465672
3107,3526.4328962079417
3108,3514.6555058051854
3109,3501.607450079657
3110,3487.3518418811545
3111,3471.904164777248
3112,3453.797469490262
3113,3432.2824303896277
3114,3408.3487177500333
3115,3381.002253924966
3116,3349.8999717891807
3117,3318.1017586785515
3118,3284.7791757023333
3119,3249.570645067037
3120,3214.1357165987956
3121,3178.5855666832126
3122,3143.6260016870624
3123,3108.7844506727924
3124,3073.787197616655
3125,3039.0480000547022
3126,3004.129747949922
3127,2968.0357142950506
3128,2932.692091744497
3129,2897.7347917223606
3130,2866.3163628769057
3131,2836.806671052288
3132,2809.9907275522614
3133,2785.297266622476
3134,2763.5284277716264
3135,2744.5895379713875
3136,2728.940289781296
3137,2715.536069108806
3138,2703.0223204284866
3139,2689.7977326308396
3140,2675.5545258736056
3141,2661.663176546374
3142,2648.3068802621924
3143,2634.737454972631
3144,2621.623474190452
3145,2610.1227920234865
3146,2597.832456454106
3147,2585.4498399127006
3148,2574.286326295626
3149,2563.182784648885
3150,2551.5650788771964
3151,2541.595227932455
3152,2530.1206454004578
3153,2519.6892183872255
3154,2511.699910005013
3155,2507.1298489655924
3156,2506.1020951989462
3157,2506.480929849342
3158,2508.971362303722
3159,2512.0574241317504
3160,2513.8047467531355
3161,2517.4227338796754
3162,2522.1125911627096
3163,2525.833690593556
3164,2527.91562646733
3165,2529.8501003814526
3166,2532.2549454383584
3167,2534.851877731171
3168,2538.0539065403327
3169,2542.974098778358
3170,2548.968165189227
3171,2555.1037280023684
3172,2561.718941691368
3173,2569.175052388379
3174,2577.813299360185
3175,2588.2797081038193
3176,2600.4000552583607
3177,2614.913607982583
3178,2631.666495266206
3179,2650.370280646034
3180,2670.851506039369
3181,2692.9105533055395
3182,2714.562524620873
3183,2735.5122088982816
3184,2755.944821149
3185,2777.515020676791
3186,2802.392864474307
3187,2827.052665253545
3188,2854.9293587065936
3189,2885.254509540371
3190,2916.7783926905395
3191,2953.2433670859104
3192,2984.967894809883
3193,3021.64359027492
3194,3063.0508426882593
3195,3106.994400158323
3196,3153.0096580903096
3197,3199.253369841961
3198,3243.3352546731567
3199,3287.3837073485493
3200,3327.731086022213
3201,3366.8586920406633
3202,3402.4796922906507
3203,3434.6896332502774
3204,3463.920336322611
3205,3487.7551166776307
3206,3506.63951948324
3207,3522.3961274419903
3208,3535.728521272976
3209,3545.4483415455074
3210,3555.0996565792843
3211,3562.8836607301764
3212,3567.2569836126395
3213,3572.691875199671
3214,3578.2092131050026
3215,3583.5110182209282
3216,3590.161582994981
3217,3597.267973756927
3218,3602.6419629250163
3219,3605.341569468688
3220,3607.4533650090325
3221,3605.9621507882675
3222,3599.6769849099583
3223,3592.5874357281796
3224,3583.0283358820084
3225,3571.341031425266
3226,3557.2449899024355
3227,3542.2830421630524
3228,3526.6517019461717
3229,3511.881869118856
3230,3495.8670187101766
3231,3479.8068919361585
3232,3462.9957350164686
3233,3443.7203697918303
3234,3424.7503625324707
3235,3406.5019108596744
3236,3387.546772235401
3237,3368.8667920679404
3238,3352.8819702383225
3239,3338.018525715336
3240,3322.0553693536676
3241,3305.826782178035
3242,3290.4712411282376
3243,3277.8925061665977
3244,3266.481749710048
3245,3255.829454734868
3246,3248.3906647961044
3247,3244.1328290151214
3248,3242.841504172836
3249,3241.7180515600467
3250,3241.872148901007
3251,3245.0943718779727
3252,3249.739006596232
3253,3251.6763752525985
3254,3249.5822341474636
3255,3247.799648485049
3256,3245.0149929501094
3257,3242.6648814720797
3258,3241.7638561383037
3259,3240.3231741341115
3260,3238.228187274003
3261,3235.1250369409354
3262,3231.5471731183757
3263,3228.7410257846695
3264,3225.5472728406717
3265,3223.202108721046
3266,3220.9787545588856
3267,3217.579257221379
3268,3215.0671031801257
3269,3211.923642984112
3270,3208.801542744826
3271,3207.181427223009
3272,3207.5104667657865
3273,3209.7960810907807
3274,3214.4376287459945
3275,3222.299064543167
3276,3236.8933254323606
3277,3254.8445384636707
3278,3275.0560941970184
3279,3295.037998747413
3280,3316.1353040762624
3281,3338.873867738243
3282,3362.6338590628006
3283,3387.821846972641
3284,3416.620512985726
3285,3445.60703275685
3286,3474.9499369318164
3287,3503.9167576001187
3288,3532.34313877886
3289,3560.5652315446687
3290,3590.52482476425
3291,3620.9440928419444
3292,3649.661947200778
3293,3677.944776117307
3294,3704.1280167805476
3295,3728.1478644724457
3296,3750.201343835992
3297,3769.2097373190545
3298,3784.4796750677233
3299,3795.6404859821273
3300,3804.2041955157297
3301,3810.0655281331933
3302,3816.2603534226405
3303,3824.690109379872
3304,3833.598082101233
3305,3847.419889652574
3306,3859.4448622222408
3307,3875.9169749362172
3308,3893.3991400109585
3309,3911.0246669211742
3310,3927.9553681533516
3311,3943.3965879867437
3312,3956.47173690284
3313,3965.823501959398
3314,3971.884763636548
3315,3980.0583056416717
3316,3988.7954621279223
3317,3997.1384565735743
3318,4003.0064667691377
3319,4006.380064570625
3320,4008.6283279874065
3321,4010.0127888924253
3322,4010.237505481195
3323,4009.475139340958
3324,4009.090305631031
3325,4008.7565278400207
3326,4008.071248113403
3327,4006.26088971737
3328,4001.9732269197225
3329,3996.271545618542
3330,3991.6627445268227
3331,3989.5895371297906
3332,3988.522174024394
3333,3989.904282662983
3334,3994.1499936243035
3335,3996.9401760367
3336,3996.5516762889447
3337,3992.8890607557855
3338,3982.757271553739
3339,3968.6331558542693
3340,3955.329646705854
3341,3943.0834109241378
3342,3931.122604809747
3343,3918.5082087347705
3344,3904.8619543069003
3345,3890.350549123644
3346,3872.681302061221
3347,3850.9833041050074
3348,3827.0965902565813
3349,3803.9197713461062
3350,3778.4459600067703
3351,3752.6646280569853
3352,3725.988551816255
3353,3698.582068960111
3354,3668.557334801168
3355,3638.8582234020687
3356,3606.144770423305
3357,3572.994354183053
3358,3541.1911975103244
3359,3512.5875406233777
3360,3488.030841070941
3361,3466.5534724946474
3362,3448.130207328543
3363,3432.1019666340326
3364,3418.9053308442762
3365,3407.969105847395
3366,3398.1744695309103
3367,3384.322794602187
3368,3372.3328892557433
3369,3360.131810550112
3370,3345.6536363625237
3371,3331.0572801223425
3372,3315.0944683549546
3373,3300.5863007893063
3374,3288.175878437146
3375,3279.0101300630517
3376,3271.004691887024
3377,3263.0739920946758
3378,3255.5846742164545
3379,3245.2543533845696
3380,3233.0751660147494
3381,3216.761625414669
3382,3196.744522841407
3383,3176.5195025981902
3384,3153.3203144394165
3385,3128.5305600689007
3386,3103.103964327199
3387,3078.881235365702
3388,3054.587471529096
3389,3033.174627038826
3390,3016.1103957718847
3391,3001.770341176052
3392,2986.96590602177
3393,2970.772057685457
3394,2953.0254019707804
3395,2934.440069649244
3396,2915.4892984898665
3397,2897.8231533910757
3398,2880.5931523980285
3399,2864.3297697721173
3400,2850.93227450381
3401,2841.44166373331
3402,2834.652953126391
3403,2832.2990541280806
3404,2833.732346786623
3405,2836.1834599809017
3406,2843.0743314739902
3407,2852.340037401077
3408,2862.688093558319
3409,2873.700952584501
3410,2885.0477270434417
3411,2896.3805396123794
3412,2908.729372090587
3413,2922.364430758807
3414,2936.139579717576
3415,2952.0189630205105
3416,2968.973123563616
3417,2986.7476218967977
3418,3007.2411208155413
3419,3028.656836247426
3420,3047.2885086731653
3421,3068.767973611939
3422,3092.205490330787
3423,3114.970199484817
3424,3136.7658290706963
3425,3158.019276040798
3426,3178.573566898533
3427,3197.948494488771
3428,3218.3543321007496
3429,3239.2675592105297
3430,3259.747555957112
3431,3280.2934774806863
3432,3299.015656115508
3433,3315.9874172719146
3434,3331.339235357733
3435,3347.6089806405644
3436,3364.362218365623
3437,3381.160932375598
3438,3399.036851055764
3439,3417.194572586147
3440,3436.1286755420047
3441,3454.9198231285873
3442,3472.451851773124
3443,3487.8195786380634
3444,3503.324677509143
3445,3519.319535951609
3446,3536.55635568518
3447,3553.292209447467
3448,3569.692303914258
3449,3587.418186016884
3450,3604.756530555107
3451,3619.204297812126
3452,3633.1663581470652
3453,3644.9596576524714
3454,3654.5815761202466
3455,3661.0850824872605
3456,3665.453181735251
3457,3667.319772879048
3458,3665.961962789677
3459,3664.2827962967026
3460,3659.941178528212
3461,3654.0947230891065
3462,3647.1358778968656
3463,3637.7334217797697
3464,3625.777222983042
3465,3612.650852363951
3466,3597.46980074999
3467,3579.3816438745607
3468,3558.4689399012473
3469,3535.146972798159
3470,3508.340268248439
3471,3478.679732377307
3472,3448.9819810408194
3473,3422.0507997785458
3474,3400.071427813298
3475,3380.1154426133235
3476,3365.9858667298927
3477,3353.693135711307
3478,3345.418536902767
3479,3340.689461331282
3480,3336.46814253965
3481,3333.5698511081914
3482,3329.8728838193188
3483,3324.0143976203717
3484,3316.1677630736253
3485,3306.1698704883383
3486,3294.798500473045
3487,3283.4841869896986
3488,3273.0548956267385
3489,3262.1349792850115
3490,3250.786256866728
3491,3241.911348431712
3492,3234.5606834183372
3493,3229.28076583141
3494,3227.05206447229
3495,3226.022380871762
3496,3226.49619750378
3497,3227.2164096989677
3498,3227.189694304225
3499,3228.4218581752325
3500,3230.7150296034924
3501,3234.187597269435
3502,3237.8534364582324
3503,3242.259431593803
3504,3247.317973297057
3505,3253.114140000786
3506,3260.077646142675
3507,3266.0452999683134
3508,3272.5414223402568
3509,3277.5875655797395
3510,3282.208699613419
3511,3287.1681586106083
3512,3292.325540364902
3513,3298.5724556393707
3514,3306.5532579765004
3515,3312.218054167901
3516,3317.756736697149
3517,3321.142731799167
3518,3324.3894099258246
3519,3326.7544480018096
3520,3328.3467094670095
3521,3328.7663503607573
3522,3328.2010498749405
3523,3326.1721905182894
3524,3321.8725555137244
3525,3313.267693094295
3526,3300.96659735529
3527,3283.54777123886
3528,3260.8022802467517
3529,3236.3461204902856
3530,3212.5953743452555
3531,3189.3109886309685
3532,3166.3935046302536
3533,3146.5973104049112
3534,3129.3746214288635
3535,3114.2223401895903
3536,3102.5640878618115
3537,3096.1846562294545
3538,3096.4618983711875
3539,3102.474287196283
3540,3114.888765727347
3541,3134.4613225933263
3542,3156.3363816364863
3543,3182.2525741669324
3544,3207.947724115643
3545,3234.8613047463086
3546,3262.4436975733356
3547,3293.3182132641605
3548,3325.2545691599425
3549,3357.103280664617
3550,3387.581856426317
3551,3414.8804686496824
3552,3438.374377103136
3553,3456.567858285842
3554,3471.1027432090195
3555,3485.390164462163
3556,3497.0147176660194
3557,3509.040566592839
3558,3519.6167087305716
3559,3526.534304917096
3560,3530.818452693465
3561,3531.6225648999334
3562,3530.6375367431647
3563,3529.7564546122344
3564,3528.535246770524
3565,3526.0470584317727
3566,3523.0553782525676
3567,3517.451577620913
3568,3509.1183214558887
3569,3500.948421328732
3570,3492.9315595859853
3571,3483.121998557818
3572,3474.239090472676
3573,3465.0362664543827
3574,3458.401582306964
3575,3453.3119330794148
3576,3449.8479237659158
3577,3447.606874988171
3578,3446.2093596578857
3579,3445.233635965425
3580,3445.0265831599945
3581,3445.2810041865523
3582,3446.79893052573
3583,3450.6937063457103
3584,3455.8847664073396
3585,3462.356373323943
3586,3468.489912275783
3587,3473.255052089114
3588,3473.3763549682594
3589,3468.2861558864056
3590,3455.958550631656
3591,3445.233534060025
3592,3426.359580344874
3593,3401.596517669084
3594,3374.2020391499805
3595,3347.391093160683
3596,3321.5512620759073
3597,3299.02497038526
3598,3280.518759180581
3599,3263.9573584399573
3600,3249.143299964433
3601,3237.739576850727
3602,3228.5813809143633
3603,3221.9937248596825
3604,3217.2538895177427
3605,3214.715128323364
3606,3214.05483135539
3607,3213.7516408614792
3608,3211.182424974495
3609,3207.668964705618
3610,3203.0431430054255
3611,3197.684749191752
3612,3190.2421827131802
3613,3181.15831692377
3614,3172.2139958835887
3615,3162.3324129147672
3616,3151.095273263197
3617,3140.789789224427
3618,3131.6873302046115
3619,3122.8778162015105
3620,3116.0600959368985
3621,3111.479636513726
3622,3107.0488490562334
3623,3103.172737421121
3624,3101.5628760626078
3625,3102.029787195877
3626,3105.401784700723
3627,3110.0298292142547
3628,3115.0944299683183
3629,3120.5490498826643
3630,3127.7599411169426
3631,3139.322807662037
3632,3154.2355543685476
3633,3173.331075308956
3634,3197.7968779285347
3635,3225.3272178201555
3636,3256.092033301846
3637,3287.329966165788
3638,3320.0930295880694
3639,3356.8003754203746
3640,3395.917822347473
3641,3436.8745963722026
3642,3480.9363771431463
3643,3528.117871066477
3644,3575.3535180949057
3645,3621.031097493325
3646,3664.2056383169243
3647,3702.8866206598923
3648,3736.5390752982753
3649,3768.500102294281
3650,3798.1235293004293
3651,3823.3515113287376
3652,3846.2913451435343
3653,3866.975386597081
3654,3885.0525885467673
3655,3900.0362404190873
3656,3912.958571608229
3657,3926.501731201842
3658,3940.457240756141
3659,3956.431890137007
3660,3973.9144215241727
3661,3991.876900790287
3662,4012.0313347869196
3663,4034.5284532295786
3664,4059.475350897291
3665,4086.2877994230375
3666,4115.972102653429
3667,4148.326039992619
3668,4180.629702345424
3669,4211.254653268205
3670,4240.677069553486
3671,4269.480708437072
3672,4298.314716957332
3673,4329.6051048956115
3674,4360.726531376055
3675,4390.542098489097
3676,4420.978512604918
3677,4448.150205525292
3678,4473.464342856046
3679,4495.458505687878
3680,4516.087048628393
3681,4534.261890948636
3682,4549.180310779578
3683,4563.108771016333
3684,4573.627302395966
3685,4580.726596902376
3686,4584.990059113087
3687,4587.4199754624715
3688,4588.127486737939
3689,4587.3752701193625
3690,4584.583944537348
3691,4579.578189961249
3692,4572.217802976283
3693,4562.124198658524
3694,4547.670867829156
3695,4529.68097935261
3696,4509.220862532381
3697,4484.538024051358
3698,4456.975180093011
3699,4425.958109510131
3700,4391.040489739783
3701,4354.587893388241
3702,4314.874035266147
3703,4272.650389689374
3704,4229.3148087032205
3705,4191.612853245268
3706,4150.931217118859
3707,4110.003462783699
3708,4069.253834047914
3709,4027.255332119756
3710,3984.2062077890673
3711,3941.4061548405825
3712,3898.237616771924
3713,3856.5046751134587
3714,3813.8598864987034
3715,3771.5967201224535
3716,3728.884513409086
3717,3686.411212227801
3718,3645.4296777102168
3719,3606.900542875201
3720,3569.833668013025
3721,3533.600341625784
3722,3499.795892359665
3723,3465.8034060015625
3724,3431.1455023513713
3725,3395.4001793272637
3726,3358.872397270787
3727,3322.317964560597
3728,3287.2234937434137
3729,3249.8378270913036
3730,3212.5803848185233
3731,3172.8191602613097
3732,3132.778755386229
3733,3092.7416793356824
3734,3052.029911837001
3735,3011.2436086526636
3736,2972.8714799269706
3737,2937.280995389848
3738,2905.029052417127
3739,2876.249233617304
3740,2851.209470580479
3741,2832.385336309999
3742,2816.573830169034
3743,2806.574983347423
3744,2802.883791593836
3745,2803.316641184963
3746,2807.0691047274886
3747,2814.874445986966
3748,2827.3518387960976
3749,2843.0497395858774
3750,2861.054089109647
3751,2880.716769830091
3752,2904.343962921275
3753,2929.9547028266998
3754,2956.7423472813734
3755,2985.407224878226
3756,3016.5739763289976
3757,3051.523547266888
3758,3085.976213424427
3759,3120.0394024957554
3760,3152.6116922939223
3761,3185.7159753211736
3762,3214.5167015548823
3763,3243.137619132123
3764,3268.2200690587624
3765,3290.0611278224724
3766,3309.6226606016635
3767,3326.739138334954
3768,3340.592757081622
3769,3349.87281692527
3770,3357.1364650807027
3771,3359.785343021512
3772,3358.881052361551
3773,3352.5770478368363
3774,3342.9048420179734
3775,3331.883819479844
3776,3318.9239511281685
3777,3305.4300903835656
3778,3290.351264940175
3779,3277.0184208760616
3780,3266.5682985946387
3781,3258.6118805501646
3782,3251.5886168028924
3783,3243.248658272649
3784,3234.4513132969914
3785,3225.2423737123713
3786,3215.607144073887
3787,3205.503793997156
3788,3197.4217613515957
3789,3188.370825736063
3790,3179.002380079744
3791,3167.4387784274036
3792,3153.8139231892665
3793,3137.3348116965362
3794,3119.485035057594
3795,3098.2568697173338
3796,3076.8769488712246
3797,3053.131431207316
3798,3027.269036011147
3799,2999.372980186556
3800,2969.961293966895
3801,2940.8080587449604
3802,2910.159318676631
3803,2879.8267550975766
3804,2848.1379133697637
3805,2817.2823900234102
3806,2788.1083865666437
3807,2761.058843744384
3808,2735.7897276014523
3809,2711.990689450953
3810,2688.6374107860943
3811,2665.8129683472735
3812,2642.479916200761
3813,2618.850101933314
3814,2595.3616468123496
3815,2575.007840906969
3816,2556.1828819561874
3817,2537.0463952412083
3818,2521.8630481822734
3819,2508.653536241001
3820,2498.6338609304926
3821,2488.5461192391044
3822,2478.9467260172464
3823,2470.145790581598
3824,2460.641172152484
3825,2450.224213407007
3826,2440.255897004887
3827,2429.343931131624
3828,2421.248247600413
3829,2414.8409218321826
3830,2410.1532210200603
3831,2408.026750641174
3832,2406.4487040082645
3833,2405.140537250573
3834,2406.3134827457693
3835,2409.3689485879513
3836,2411.888665022158
3837,2416.9336268200973
3838,2424.541877822794
3839,2434.97284304702
3840,2446.991926918971
3841,2460.3836014985395
3842,2473.4209641549623
3843,2486.235694572951
3844,2500.55384265288
3845,2514.4338080136445
3846,2528.923295986675
3847,2543.6404285920844
3848,2558.4535853499406
3849,2574.3846641638497
3850,2591.3389765625107
3851,2610.5437436259726
3852,2629.681766160739
3853,2647.643613378901
3854,2666.9913622695003
3855,2686.4335756258943
3856,2707.4852110112433
3857,2727.4165826548533
3858,2748.694456426173
3859,2771.8238117807846
3860,2794.3268453201913
3861,2815.9029451296
3862,2837.2661003394815
3863,2858.949200855864
3864,2880.958698424259
3865,2902.3320619412384
3866,2925.0594122575903
3867,2948.1332455508796
3868,2970.155464638148
3869,2990.8447074280125
3870,3011.0587839978143
3871,3032.0178550538394
3872,3052.9592854205757
3873,3073.8143797313523
3874,3096.9941635735154
3875,3124.2177863781035
3876,3147.9023382180953
3877,3174.15561738738
3878,3203.3074519297934
3879,3234.3942751308064
3880,3267.1638561486966
3881,3300.1919997160057
3882,3333.038671138248
3883,3364.9040399603045
3884,3396.858059809545
3885,3427.726736390283
3886,3456.882735758867
3887,3482.943707473687
3888,3506.169827772638
3889,3526.808351575688
3890,3546.447329745146
3891,3564.2973580835524
3892,3581.401185886204
3893,3597.562440589247
3894,3612.2993127730947
3895,3627.716518999666
3896,3642.8741233785827
3897,3658.7786640155296
3898,3677.616500907142
3899,3696.509942619687
3900,3717.7067989576435
3901,3740.6355155139445
3902,3763.745387063765
3903,3786.1712240662164
3904,3808.290526503557
3905,3829.531001830581
3906,3850.82004739664
3907,3871.083251874641
3908,3890.6387993499748
3909,3908.35750401692
3910,3925.5634729910225
3911,3942.5526895264898
3912,3958.782062284659
3913,3973.4816264273013
3914,3986.829878927114
3915,4000.0271565116755
3916,4013.5716183287327
3917,4025.578543234687
3918,4037.4019718719255
3919,4047.211471998666
3920,4054.7671147123024
3921,4060.0896363421766
3922,4063.2858527977096
3923,4065.376387788405
3924,4067.9762431105787
3925,4070.822462093669
3926,4074.2508287558962
3927,4077.6700954284497
3928,4080.0808419693453
3929,4082.8876082118813
3930,4085.581830721688
3931,4087.663683186817
3932,4090.379542133552
3933,4092.742339417213
3934,4095.5159110924697
3935,4097.677102247386
3936,4098.446322235829
3937,4096.618581037945
3938,4092.5480299276883
3939,4085.8488773090603
3940,4076.977323171894
3941,4063.9153403343807
3942,4048.2014977827985
3943,4030.6353700642226
3944,4012.0917137429724
3945,3992.0495524002517
3946,3968.3188650999527
3947,3944.1150755966846
3948,3919.7028233500982
3949,3896.2486588710995
3950,3872.8193410426406
3951,3849.551810715625
3952,3827.1815086515235
3953,3805.281201351055
3954,3785.8748970529555
3955,3766.6788209090414
3956,3748.531105219231
3957,3731.4516484324963
3958,3714.568322049537
3959,3694.737033358999
3960,3675.8865298732458
3961,3657.090567568418
3962,3638.258119052314
3963,3619.2463642027337
3964,3602.4410059028846
3965,3587.176020536722
3966,3572.916726806087
3967,3560.3416491210073
3968,3549.764635596822
3969,3542.1896271206074
3970,3534.532577681771
3971,3528.2988210939566
3972,3524.5109561064473
3973,3519.4241604254053
3974,3514.692827956353
3975,3511.4063468219597
3976,3507.7528551961664
3977,3501.945151590258
3978,3493.565543982915
3979,3484.847346605176
3980,3475.237658934244
3981,3466.519693000626
3982,3461.6186930645604
3983,3458.429107483644
3984,3457.575048370095
3985,3455.8417050612065
3986,3453.1666092952187
3987,3452.4332688160157
3988,3456.7513804171053
3989,3465.7603294312553
3990,3473.5981150735656
3991,3486.14227624293
3992,3504.942692358742
3993,3526.948288050536
3994,3553.0140070131906
3995,3580.997297010399
3996,3609.432923876321
3997,3638.5983692737873
3998,3666.8414566700544
3999,3696.948043385207
4000,3723.7306998629124
4001,3749.284729549916
4002,3773.6686024060277
4003,3796.1024110309386
4004,3818.7522807163946
4005,3840.118817016535
4006,3858.6831697608372
4007,3876.6189650930532
4008,3894.561825698577
4009,3913.2674261833968
4010,3932.303546975114
4011,3951.9354010101288
4012,3971.145532351564
4013,3990.112497331662
4014,4006.8785867670977
4015,4018.5294214241267
4016,4026.292741403362
4017,4031.0483822487363
4018,4032.749036473048
4019,4029.9776878132757
4020,4023.047471939986
4021,4014.7068504978542
4022,4002.6630613679217
4023,3988.9100514067027
4024,3972.744505172577
4025,3954.3418685415654
4026,3934.2490328801346
4027,3913.6217389443855
4028,3893.88118452015
4029,3874.470990794797
4030,3856.7373984115097
4031,3837.6957469455274
4032,3816.6018386581427
4033,3795.4335959688306
4034,3772.2216880219476
4035,3748.9248089641187
4036,3724.3173449817928
4037,3698.1260827342517
4038,3669.423506200314
4039,3638.508181818147
4040,3605.0111525457187
4041,3568.6608545592317
4042,3529.6112433415706
4043,3488.9328738196837
4044,3447.441881667932
4045,3404.1012529152636
4046,3361.0005885578266
4047,3323.503010566857
4048,3285.2347347609066
4049,3245.6830817316995
4050,3206.372697892385
4051,3167.001017115011
4052,3128.2328245058948
4053,3088.869863367441
4054,3050.049211224486
4055,3010.7284841386304
4056,2970.0596977280165
4057,2930.0672472212054
4058,2891.308550715477
4059,2854.0297905659504
4060,2816.9552712377063
4061,2781.367354871879
4062,2746.998405719388
4063,2712.8314901813796
4064,2679.44709520258
4065,2647.156824403348
4066,2615.774707949757
4067,2584.0922685053542
4068,2553.7711741109792
4069,2523.5793675438185
4070,2495.030042105018
4071,2467.2349938693083
4072,2438.6611496475007
4073,2408.974851053783
4074,2380.2393577559073
4075,2351.843049800553
4076,2323.093001560824
4077,2294.670583589863
4078,2265.97706810442
4079,2238.3549431240117
4080,2210.6804474314254
4081,2182.6156034248124
4082,2157.093158945377
4083,2133.284516435795
4084,2112.0369730890966
4085,2093.771812157983
4086,2079.547190079298
4087,2070.634187395837
4088,2067.0727021384882
4089,2067.3539464409796
4090,2071.521182193173
4091,2079.1157753961957
4092,2089.2659334549867
4093,2103.196391538227
4094,2121.6694121099263
4095,2144.1501252254748
4096,2171.214119187074
4097,2202.7115815517072
4098,2237.8891772849915
4099,2277.5010790081433
4100,2319.787595941644
4101,2365.843442088845
4102,2414.286904280243
4103,2465.289870419565
4104,2509.6624509607745
4105,2556.194579124697
4106,2603.192500634342
4107,2650.2986971173423
4108,2696.270501195832
4109,2739.8220744261544
4110,2780.153359394446
4111,2816.497051093404
4112,2849.9913516738893
4113,2880.6344189400506
4114,2906.7245073593704
4115,2927.6997115033305
4116,2945.5902465708173
4117,2960.380589387543
4118,2975.2702085576425
4119,2989.1075712044853
4120,3002.797480218608
4121,3017.0974759238925
4122,3030.205629119862
4123,3044.4953899183943
4124,3059.4344187321985
4125,3075.9592177859413
4126,3092.696075904027
4127,3109.432390965822
4128,3127.149059155657
4129,3144.1218531493014
4130,3161.132595227129
4131,3178.326832172423
4132,3195.1363863500696
4133,3211.0581502703535
4134,3224.3491938688767
4135,3233.1892916781435
4136,3239.635371818416
4137,3242.7156861385574
4138,3242.3342670221737
4139,3236.9333751960035
4140,3227.751807787938
4141,3213.9062928132616
4142,3195.195570626262
4143,3173.695625343114
4144,3147.4013063893076
4145,3118.8346772857753
4146,3088.3124026099895
4147,3054.473562620852
4148,3018.8964879309165
4149,2982.906828845012
4150,2945.546720611114
4151,2907.1578597068747
4152,2868.8419517498505
4153,2831.5364849082703
4154,2794.340912704587
4155,2758.508560248763
4156,2724.536985932875
4157,2695.033028527107
4158,2668.7061516323038
4159,2646.8665727894063
4160,2630.2920853616097
4161,2615.8722812994274
4162,2607.446746696439
4163,2603.772162250883
4164,2604.0572276953094
4165,2609.7423413912775
4166,2620.185779604959
4167,2632.951926553266
4168,2648.713290869765
4169,2665.571818350088
4170,2683.6324997440356
4171,2702.063098812453
4172,2722.3471945301967
4173,2742.555807767376
4174,2764.2823572081666
4175,2787.40688067511
4176,2812.1448971044747
4177,2837.0479171586644
4178,2860.9752768919484
4179,2882.92420724893
4180,2905.604194964205
4181,2926.883976312769
4182,2947.36404888117
4183,2966.0227869036653
4184,2984.088721574245
4185,2999.0080830376437
4186,3013.5162136173326
4187,3028.8704016887186
4188,3046.193887728061
4189,3065.5388725304406
4190,3084.803066283119
4191,3105.368581837053
4192,3125.863630958799
4193,3147.0122657210454
4194,3167.4258468737994
4195,3187.99516578478
4196,3211.0096054747014
4197,3235.185814952929
4198,3259.9011651911637
4199,3282.3440454441675
4200,3304.6042837224286
4201,3325.962680433905
4202,3345.065668962053
4203,3362.7986338274745
4204,3379.270493477398
4205,3393.9534568509603
4206,3405.611153332359
4207,3414.9318143132796
4208,3420.998487436254
4209,3423.5325124306078
4210,3423.462936396426
4211,3418.9566737479818
4212,3409.3398497798453
4213,3395.4070818893933
4214,3378.8814905244376
4215,3359.3270809721325
4216,3337.1755662914907
4217,3316.5321678185646
4218,3298.572411147119
4219,3281.68094217435
4220,3265.7803419920983
4221,3249.4956504042666
4222,3235.3844476663135
4223,3222.44148185675
4224,3213.812264732161
4225,3208.62933829125
4226,3206.182127715914
4227,3206.6917454150166
4228,3210.2813270280562
4229,3216.454474444326
4230,3226.5440875756535
4231,3240.555110088742
4232,3257.4609770864345
4233,3276.90212307375
4234,3296.6996731062713
4235,3315.7265460031863
4236,3333.868166174973
4237,3352.4941090802217
4238,3370.835291927411
4239,3390.738288825847
4240,3411.715451642487
4241,3434.006267990948
4242,3455.859957298415
4243,3478.427189120215
4244,3500.335033171437
4245,3520.5883915653403
4246,3540.033197322749
4247,3558.5402675165305
4248,3577.5285533112697
4249,3597.068599115059
4250,3617.9460299021657
4251,3638.754977715366
4252,3659.19542948407
4253,3680.365308718326
4254,3701.9077528690104
4255,3723.003226663582
4256,3744.808447075381
4257,3765.790163155622
4258,3788.661787036484
4259,3811.781247825344
4260,3835.1248994166335
4261,3858.4190172690687
4262,3881.8435005959714
4263,3906.321137437959
4264,3928.0268572536565
4265,3950.2384202976946
4266,3972.3188298790246
4267,3993.765098292388
4268,4018.545296949616
4269,4041.9584386027323
4270,4064.147381530134
4271,4082.270706609158
4272,4094.56360338461
4273,4102.511426088332
4274,4104.0215843116675
4275,4105.3354219659695
4276,4098.8931073129
4277,4088.7979717104286
4278,4075.622083039555
4279,4059.413887484634
4280,4042.450155578709
4281,4024.7948644061325
4282,4007.924986163309
4283,3992.0438616594934
4284,3977.5089753001084
4285,3963.2715693469227
4286,3952.5698519978423
4287,3944.390909917429
4288,3939.579505288948
4289,3938.17414925339
4290,3940.074799466239
4291,3942.496286624216
4292,3946.083022133991
4293,3950.4958121550653
4294,3955.8208767620495
4295,3963.855926597079
4296,3975.844312989108
4297,3990.5651894413695
4298,4007.237796482759
4299,4023.61404475544
4300,4039.867324236136
4301,4055.9207064765924
4302,4070.117040964816
4303,4084.169502714335
4304,4098.207495658988
4305,4112.939975727331
4306,4127.798674524754
4307,4142.455750965886
4308,4156.681117369764
4309,4171.324136577203
4310,4184.720906265494
4311,4199.307683172452
4312,4214.013917187368
4313,4227.1935534180275
4314,4239.266930947704
4315,4250.885327369741
4316,4263.519778148051
4317,4275.097951060874
4318,4284.7341130633295
4319,4293.729662195262
4320,4300.192594632846
4321,4304.797017386393
4322,4309.128222784191
4323,4312.869670903007
4324,4314.501851621514
4325,4315.750733871507
4326,4317.505166268137
4327,4317.256690668147
4328,4314.205833488338
4329,4307.80740645334
4330,4295.350869162674
4331,4277.400971744637
4332,4261.784560990945
4333,4238.999542647819
4334,4209.922906692499
4335,4177.220117821355
4336,4140.8245510099805
4337,4100.76605438277
4338,4055.6174334552124
4339,4006.077505101816
4340,3951.487026285658
4341,3894.0299207691496
4342,3834.2387167488223
4343,3771.533527072368
4344,3707.7903060515227
4345,3643.219436202725
4346,3579.347895152695
4347,3515.784979349364
4348,3453.5779942993813
4349,3393.2064113750375
4350,3334.608636506248
4351,3277.1175595614936
4352,3220.4780708528933
4353,3164.7191795843787
4354,3110.1706056333046
4355,3057.5954997085014
4356,3008.454370426717
4357,2964.3280088019083
4358,2924.2107899708894
4359,2887.8139632419097
4360,2855.9746819319985
4361,2828.264650435811
4362,2802.930943352293
4363,2779.9447013129616
4364,2759.509206256229
4365,2741.8048489293406
4366,2726.8314911713965
4367,2715.5444642063994
4368,2708.3471042883402
4369,2706.117741669503
4370,2707.5203728489696
4371,2712.6929066375847
4372,2720.7388055041156
4373,2731.315984890336
4374,2744.729380185767
4375,2762.8784736635703
4376,2785.9702091759705
4377,2811.738640978126
4378,2840.102980056471
4379,2871.466487313699
4380,2905.056518803105
4381,2942.023395426725
4382,2981.7953172335865
4383,3025.7830702947813
4384,3074.0824400350853
4385,3125.5765316245297
4386,3179.9270422487766
4387,3236.394760728379
4388,3295.3149981627594
4389,3346.5756047306695
4390,3400.945782299834
4391,3456.118410996793
4392,3510.854327381805
4393,3562.5374741602004
4394,3610.265212954544
4395,3654.1149471383037
4396,3693.924384276656
4397,3729.113734006079
4398,3761.560140602786
4399,3790.548547116415
4400,3816.216381800911
4401,3837.020087263984
4402,3855.0391614888435
4403,3870.2980003000134
4404,3882.39920015015
4405,3893.417748071618
4406,3901.7893347583226
4407,3906.542338133083
4408,3908.8375050066797
4409,3908.723939011589
4410,3906.3944186286253
4411,3899.300887820433
4412,3889.5751980322634
4413,3877.719785326326
4414,3864.8514276973387
4415,3850.4558451805588
4416,3834.335695780928
4417,3816.353820332734
4418,3797.423248367657
4419,3776.265033343561
4420,3753.6658182068686
4421,3730.278442909156
4422,3706.654808589619
4423,3683.884415644967
4424,3661.3440939100874
4425,3639.526017289756
4426,3618.863860872716
4427,3598.7183535940267
4428,3578.44839290245
4429,3560.0650496801
4430,3542.4737154626137
4431,3527.5700243559368
4432,3512.596591464334
4433,3498.1088951504325
4434,3482.5457969851127
4435,3466.1229230446293
4436,3448.6874393937414
4437,3431.7447668660416
4438,3412.4493310557564
4439,3391.7008506007996
4440,3369.5801688654187
4441,3346.7921835148527
4442,3325.6812378010477
4443,3307.128499063962
4444,3291.059980567722
4445,3282.427212416057
4446,3274.9167041241085
4447,3273.007473630749
4448,3278.1183625367316
4449,3287.7141369896117
4450,3298.605308548841
4451,3312.7606479570554
4452,3329.1097649808507
4453,3343.0502731223587
4454,3354.969152340469
4455,3366.2817345526323
4456,3376.1797449938776
4457,3382.725734454314
4458,3386.600240253687
4459,3388.369537130967
4460,3389.7649703979946
4461,3391.5174943147354
4462,3392.8630322777835
4463,3394.226367562983
4464,3394.8946433185374
4465,3393.908387434032
4466,3390.898703171925
4467,3388.6976355484976
4468,3384.2243290492056
4469,3377.883743976287
4470,3373.4765819523473
4471,3369.0494117872004
4472,3363.1308247466472
4473,3358.006649463718
4474,3352.379383466104
4475,3346.085969504054
4476,3337.5350900449193
4477,3326.5468260459747
4478,3314.615996646201
4479,3301.984221063664
4480,3289.9102783554526
4481,3277.6024247321
4482,3265.154551498468
4483,3251.4026484613696
4484,3235.972148134096
4485,3220.3694022108316
4486,3202.294319560571
4487,3185.2020217633476
4488,3168.997633661717
4489,3152.8048782252827
4490,3137.4068991509234
4491,3122.6747086681085
4492,3108.0864050794926
4493,3095.093229643215
4494,3082.7177044089303
4495,3070.3287038381095
4496,3057.5379205944614
4497,3044.2867495452733
4498,3032.24896223794
4499,3020.3927827519547
4500,3008.079569766042
4501,2995.2020375539
4502,2981.185320404041
4503,2968.9907764836635
4504,2958.9267051658853
4505,2949.809923686423
4506,2940.6009766045618
4507,2932.2393956541423
4508,2924.68065175029
4509,2916.2027982330037
4510,2908.4899525720252
4511,2899.071978553935
4512,2890.8326056469177
4513,2885.1384621640454
4514,2879.123215514949
4515,2872.7675902219576
4516,2865.7802299032414
4517,2857.834845996704
4518,2848.6741482872485
4519,2843.0001382242594
4520,2839.87162048775
4521,2838.1232443739596
4522,2837.4759087142124
4523,2835.5218788194
4524,2834.301554258545
4525,2834.0702010355353
4526,2834.265801743011
4527,2837.1471676148385
4528,2841.763559928962
4529,2846.8301902558087
4530,2854.0490095919563
4531,2863.491105487602
4532,2874.1567579546813
4533,2885.2837413053016
4534,2895.9711086240522
4535,2908.2524746867307
4536,2921.67736377385
4537,2938.4886209400315
4538,2955.8050625311475
4539,2973.1210895398513
4540,2989.998855909437
4541,3005.9499006817678
4542,3019.5713613534626
4543,3032.113517113218
4544,3044.5388897290018
4545,3057.7915420931577
4546,3068.9076520056306
4547,3080.345937426258
4548,3091.733135040903
4549,3104.200988757782
4550,3117.856591405994
4551,3131.9120630829693
4552,3147.1946714584165
4553,3162.8042609848126
4554,3179.799144235502
4555,3196.931004050412
4556,3214.6529090054146
4557,3233.011489974834
4558,3252.85396017086
4559,3273.8331822342975
4560,3292.0851054294885
4561,3311.2765993152975
4562,3332.0874857055387
4563,3354.089964871487
4564,3376.513318005081
4565,3399.56118483865
4566,3422.4217276810473
4567,3446.3751359428056
4568,3469.795235664395
4569,3492.6441003230375
4570,3515.4682968481493
4571,3536.6770000415318
4572,3555.284670528832
4573,3570.345508652173
4574,3584.5561290626565
4575,3596.996311933025
4576,3608.152644764838
4577,3618.2803158083148
4578,3627.740824589952
4579,3636.596938182848
4580,3645.2504387687172
4581,3655.1721275573623
4582,3664.2325666221586
4583,3673.5300614594134
4584,3682.337986686195
4585,3690.4076242363767
4586,3696.2743800903177
4587,3700.1343927124817
4588,3701.257860496395
4589,3699.282853491506
4590,3693.8181062795625
4591,3687.0838191765465
4592,3678.6053195916375
4593,3668.698232822757
4594,3658.1472752383306
4595,3646.8373036915864
4596,3634.9285968011345
4597,3622.5397270171197
4598,3609.1617815227146
4599,3595.531908664363
4600,3582.2093383525084
4601,3569.4523669696823
4602,3557.1683279938457
4603,3544.884970297328
4604,3532.819055272021
4605,3519.353927976745
4606,3505.2805736538244
4607,3491.0698308226474
4608,3475.5794349498037
4609,3460.6508721021337
4610,3445.118084679951
4611,3429.8618054841245
4612,3414.9623718390585
4613,3398.6324042331225
4614,3382.570155337034
4615,3366.50027417917
4616,3350.0582187504874
4617,3335.7536305275335
4618,3320.9408851190447
4619,3306.834617736811
4620,3294.7566246788265
4621,3285.719997918124
4622,3279.5463045028846
4623,3275.6166561782366
4624,3273.4070838364023
4625,3272.579548678436
4626,3272.008803755094
4627,3270.5399406894435
4628,3265.947024666127
4629,3259.269311799827
4630,3249.4587651306574
4631,3237.2977477199065
4632,3222.431802333944
4633,3204.9942485767915
4634,3186.9452228377477
4635,3169.726391132301
4636,3149.4391285660454
4637,3127.4955330747057
4638,3105.9037593504227
4639,3084.431027906302
4640,3063.2237476389732
4641,3043.743852566275
4642,3024.700816018588
4643,3007.816026374108
4644,2993.2301091787144
4645,2980.915069847097
4646,2971.2816862829113
4647,2961.866362568639
4648,2951.8349235933147
4649,2942.3330591430467
4650,2933.9614367811746
4651,2924.774698687561
4652,2915.0930088167006
4653,2907.5146820960595
4654,2901.8806131776078
4655,2896.975006912876
4656,2890.708684972747
4657,2884.1706789846394
4658,2878.895360004629
4659,2873.4784668651337
4660,2868.268384873792
4661,2863.204188142473
4662,2860.2624961881997
4663,2857.272062970348
4664,2853.520212132382
4665,2849.922459030568
4666,2846.946667156175
4667,2845.283663712758
4668,2845.5215197918483
4669,2847.5933513915093
4670,2852.5312779961955
4671,2859.412845798444
4672,2869.657067259133
4673,2880.4380109129247
4674,2889.8174318917227
4675,2899.485085509062
4676,2904.6350840614164
4677,2907.326776981511
4678,2908.041021149466
4679,2907.313751744588
4680,2906.292326348814
4681,2901.755786460713
4682,2897.875453137796
4683,2894.6068151827926
4684,2893.0051153580853
4685,2893.304711066662
4686,2893.5313515798543
4687,2896.0299890326305
4688,2900.3068434311613
4689,2904.5909062794294
4690,2908.047494211378
4691,2910.1424336448713
4692,2913.603278172036
4693,2916.9693879309166
4694,2921.9151062035335
4695,2926.052152648417
4696,2929.8542557397254
4697,2934.1841139452345
4698,2939.3148338265096
4699,2944.890764605548
4700,2952.950569982542
4701,2963.1830813422107
4702,2974.6468550335658
4703,2985.8133373276673
4704,2996.085849559996
4705,3006.198119447255
4706,3016.9455868664268
4707,3027.565675409817
4708,3041.7496787027712
4709,3058.523055297644
4710,3076.772810564125
4711,3099.046578439439
4712,3121.0623590296136
4713,3144.1397372833294
4714,3168.976369470002
4715,3196.0558608236743
4716,3224.4932690543537
4717,3255.2529337815845
4718,3285.8469694011155
4719,3316.539572605168
4720,3346.0557282394384
4721,3373.7807257617446
4722,3399.9617331641853
4723,3423.630417998496
4724,3445.003052220881
4725,3464.155879074202
4726,3483.7469754379176
4727,3504.7954281531247
4728,3527.90461946784
4729,3553.688519784186
4730,3584.0917739484767
4731,3610.542605071409
4732,3642.0962581089007
4733,3678.4773000045534
4734,3718.0360378554064
4735,3759.3779019734557
4736,3800.7882269177276
4737,3843.044972454998
4738,3883.4382013068316
4739,3923.598728799739
4740,3963.163271888849
4741,4002.37640975785
4742,4040.407296056848
4743,4076.050024305008
4744,4108.708637464695
4745,4138.932560374024
4746,4166.173314756763
4747,4190.525422852847
4748,4210.42225853177
4749,4226.815371970382
4750,4241.592265661523
4751,4253.483441182664
4752,4262.176742703584
4753,4269.788760764512
4754,4276.002940168186
4755,4280.4830666652715
4756,4283.083079966526
4757,4284.108159198801
4758,4284.876790572319
4759,4283.719118517118
4760,4279.443157475243
4761,4272.561876785119
4762,4263.501335872961
4763,4254.2681431972305
4764,4243.119857460391
4765,4230.807566563368
4766,4217.369701075161
4767,4202.457607765422
4768,4187.272113081946
4769,4170.365701126849
4770,4153.237317703628
4771,4135.392785618205
4772,4117.669997018535
4773,4099.184459506134
4774,4080.3656760962567
4775,4061.934262684949
4776,4041.6763079844604
4777,4021.6534905222316
4778,3999.863493749499
4779,3974.261518633187
4780,3946.186249059127
4781,3915.0398597296444
4782,3880.8917750072014
4783,3844.9598232385324
4784,3807.8623320466945
4785,3769.552441969848
4786,3732.9669730880278
4787,3698.2623942278365
4788,3668.06941061947
4789,3637.3027236064395
4790,3606.4847453667244
4791,3576.525848964614
4792,3547.5019314810506
4793,3519.5692369112767
4794,3493.184705588289
4795,3468.8703842179625
4796,3446.6553669038476
4797,3427.614581954308
4798,3413.35450907853
4799,3404.3634447054465
4800,3400.638923518232
4801,3400.7079815658203
4802,3405.9453887306613
4803,3415.026265753735
4804,3427.6594885251684
4805,3441.753861458811
4806,3458.9088686163614
4807,3478.006129827437
4808,3499.0028247193927
4809,3521.3215666010983
4810,3543.8844335914782
4811,3567.4778518851695
4812,3592.9236562306655
4813,3618.3783980571143
4814,3645.8975847295646
4815,3673.356515614444
4816,3699.7623437938696
4817,3724.9761024836275
4818,3749.3156942550577
4819,3771.4332059987723
4820,3790.8903502031235
4821,3808.483239228906
4822,3824.503552266852
4823,3837.0192558729564
4824,3848.247048471877
4825,3858.093623270178
4826,3867.8444854745453
4827,3876.847902712231
4828,3884.15522338341
4829,3891.28469055841
4830,3896.4425258618157
4831,3901.0014630269084
4832,3906.184630028574
4833,3912.471776350971
4834,3918.9063072997865
4835,3925.8854679286474
4836,3933.067590986853
4837,3939.380393819133
4838,3947.2603910064913
4839,3956.1283661410503
4840,3966.139247787433
4841,3976.29080721239
4842,3987.1519972613846
4843,3997.5812452000964
4844,4007.8569760146415
4845,4016.7968618232953
4846,4026.0593945734863
4847,4034.19115124254
4848,4037.907656080636
4849,4037.3059305354163
4850,4031.378316241387
4851,4019.833778011651
4852,4002.2632073070786
4853,3979.2898203864097
4854,3949.757460999124
4855,3917.000581991056
4856,3881.0690851927457
4857,3841.155999914211
4858,3797.7406089598726
4859,3752.2246839159966
4860,3705.598553364036
4861,3659.0603812487157
4862,3611.9968600302414
4863,3565.5460327776277
4864,3522.646188181932
4865,3479.7320020329257
4866,3436.4135135736165
4867,3395.20152723529
4868,3357.1722648443388
4869,3322.473596492191
4870,3292.6011750319312
4871,3267.67934672345
4872,3249.2727664389035
4873,3235.7529364513202
4874,3225.075445092195
4875,3215.4996248468574
4876,3207.630409764874
4877,3200.297104848018
4878,3194.652527021042
4879,3192.159328962298
4880,3193.7348672244266
4881,3200.789886216398
4882,3211.335440605729
4883,3225.0322807787443
4884,3241.095661810798
4885,3258.9235859853825
4886,3278.1163568180805
4887,3298.758121225925
4888,3321.7028038569993
4889,3344.2800362223334
4890,3368.090554955244
4891,3392.8677089651737
4892,3416.2449902402445
4893,3437.3314093745844
4894,3457.4233905544843
4895,3473.8907106460797
4896,3488.8996243147867
4897,3501.0117867749946
4898,3511.9541688387667
4899,3524.0620239605432
4900,3537.799737357575
4901,3552.454992244295
4902,3565.2050639957415
4903,3579.842138441942
4904,3596.2551942188584
4905,3612.9889727642676
4906,3628.350937867416
4907,3642.3289748148327
4908,3655.5001829221915
4909,3665.980687529016
4910,3674.5521896994924
4911,3681.7855490788634
4912,3687.964510704226
4913,3694.21324429443
4914,3698.5066115717623
4915,3698.4049208469305
4916,3696.3238256851655
4917,3693.6230036506486
4918,3688.9033811577247
4919,3683.7338573696748
4920,3676.1776844410733
4921,3668.1281158237784
4922,3659.837939271247
4923,3650.2617931587015
4924,3639.403103524855
4925,3628.2323081882187
4926,3617.5008612445845
4927,3605.0905919048487
4928,3591.2159681938965
4929,3575.6839333682806
4930,3559.1171088385486
4931,3540.1199408493803
4932,3517.6239746471906
4933,3492.0777731441667
4934,3463.890022355252
4935,3434.1155181179524
4936,3403.0100338589627
4937,3372.779949549003
4938,3342.486502420148
4939,3310.970905298568
4940,3279.9120156216572
4941,3247.4673300159598
4942,3216.8260678441607
4943,3186.85952621309
4944,3158.7419890582823
4945,3130.61564910097
4946,3103.7810522574855
4947,3078.3383434115067
4948,3055.589484893482
4949,3033.3719920409035
4950,3013.0510956016847
4951,2995.1982715212694
4952,2978.042651599853
4953,2961.0087009755825
4954,2942.412459989916
4955,2927.5780112204925
4956,2914.540258458612
4957,2904.5632114360174
4958,2898.992112227421
4959,2894.145255915941
4960,2894.5679373676508
4961,2897.749090281156
4962,2903.0550171391774
4963,2909.885910857334
4964,2916.7198405391937
4965,2923.1668099494227
4966,2927.2453250772087
4967,2929.5604908307223
4968,2931.2345718350534
4969,2931.4543678025316
4970,2930.8040046581796
4971,2930.4128702668595
4972,2929.2195811265324
4973,2927.441590431383
4974,2922.838876133798
4975,2917.1451517177024
4976,2909.924154887442
4977,2903.1553509588016
4978,2895.9443863743277
4979,2887.5743220831355
4980,2878.6704879132817
4981,2871.2361429094226
4982,2864.8036169350685
4983,2858.0100110675417
4984,2853.9339947923486
4985,2851.2956065360063
4986,2849.628486660197
4987,2850.352472503707
4988,2851.9138780114604
4989,2855.1260416305176
4990,2859.301149016767
4991,2865.0656558627275
4992,2872.3865602636597
4993,2880.836981886828
4994,2891.478182058694
4995,2903.7494980386286
4996,2918.3133549339277
4997,2936.0585528468723
4998,2957.090582985203
4999,2981.4773778173367
