,0
0,2.636029946788442
1,4.802832251018566
2,6.434375145573245
3,7.743083623829587
4,8.840165616411733
5,9.717086103644956
6,10.302278854301326
7,10.617327733633523
8,10.741099739909338
9,10.752588854899752
10,10.592755787081126
11,10.199666560996777
12,9.784791262132599
13,9.284288993085445
14,8.902692465563224
15,8.55274585171059
16,8.093709258133602
17,7.858649122755372
18,9.087994725600982
19,11.068604317459172
20,13.678286699683312
21,16.74572794217832
22,20.04493007248749
23,23.732226589506297
24,27.617182872771718
25,31.213942004860634
26,34.267307358856044
27,37.03452465238929
28,39.142468730506664
29,40.58281952437113
30,41.399713504420376
31,41.594101171012596
32,40.87940764746455
33,39.544315917868715
34,38.10167766351688
35,36.61177556371059
36,35.11085207085529
37,33.55371365297251
38,32.28521461311658
39,31.50527082257645
40,31.00546123468819
41,30.806209027156676
42,30.81674636017477
43,30.662939924012566
44,30.111954919326326
45,29.19274359969391
46,28.350637398934154
47,27.768802989677937
48,27.01421430868168
49,26.214955789377814
50,25.52614749628962
51,24.96096458094921
52,24.785810360579852
53,25.118996351400682
54,25.984127184652603
55,27.254324014937147
56,28.47140435213393
57,29.53026424549514
58,30.73709576343606
59,32.25057629354318
60,33.791538755802044
61,35.379458699265925
62,36.689193307166654
63,38.02389013648259
64,39.28096951506865
65,40.11137421592381
66,40.61109593220485
67,40.59006060769735
68,40.32949594394758
69,40.31725704181941
70,40.67003689379708
71,41.13124945034871
72,41.31239762239225
73,41.155763687271566
74,40.57424878763392
75,39.4700142670981
76,37.88911168783352
77,35.806193420100385
78,33.553833345887476
79,31.148229363274744
80,28.737522043631515
81,26.565312032850056
82,24.93926955435856
83,24.044347408043777
84,23.795786830230725
85,24.24813059625228
86,25.221648091028797
87,26.70702777646752
88,28.432601041669667
89,30.321355414661653
90,32.27136827603232
91,34.145862285534854
92,35.755475359196666
93,36.852623681446396
94,37.68813785133415
95,38.38593723919462
96,39.05445353556621
97,39.759280944638675
98,40.66362392443672
99,41.70843419604839
100,42.756850000147125
101,43.69268081878286
102,44.295600737098766
103,44.643638931886926
104,44.771547398125676
105,44.552084985803006
106,44.273859918714486
107,43.90353869256815
108,43.43779213757953
109,43.005760994467046
110,42.36494681633873
111,41.47367390791122
112,40.292016548685325
113,38.95108786410209
114,37.78447990851467
115,36.61306740088222
116,35.5371983153865
117,34.407774707811825
118,33.31135839912846
119,32.14072596648073
120,31.19216841905081
121,30.847276740926688
122,31.113211448284837
123,32.26924176740707
124,33.80631679948733
125,35.60380436312028
126,37.371950747029615
127,38.872318948445084
128,40.27453938858538
129,41.597405183726075
130,42.995580284746296
131,44.475285748307726
132,46.11140487239673
133,47.978865378477835
134,50.13695952783933
135,52.31370744922748
136,54.5961683442782
137,56.93716040152159
138,59.164286605009764
139,61.25607442692027
140,63.09635126502485
141,64.6420987151995
142,65.9584839822911
143,66.89493238293856
144,67.5867914884607
145,68.2434157132805
146,68.80998072179258
147,69.25085457862951
148,69.58272581040296
149,69.78849447205567
150,69.93299475522085
151,69.93481870705224
152,69.72245145124063
153,69.29105126199312
154,68.69403232242993
155,67.96032462082272
156,67.29543414375851
157,66.7132891542875
158,66.13706333296822
159,65.76796272370395
160,65.5389007479341
161,65.26991125634689
162,64.87756066510866
163,64.42466782983179
164,63.85360394775854
165,63.02818034996996
166,61.90382743046506
167,60.57592015181682
168,58.94247244198745
169,57.13188103364118
170,55.12848945374966
171,53.38553877924403
172,51.41562619653125
173,49.280184765818674
174,47.001041709733514
175,44.59377217806508
176,42.026757468654004
177,39.44998931373367
178,37.20083850088205
179,35.36698506662909
180,33.77460377536349
181,32.14341135212672
182,30.362622898968294
183,28.318336411005276
184,26.2691810379347
185,24.298985587140773
186,22.431412842192884
187,20.758930272269463
188,19.26799845640672
189,18.137187421059732
190,17.42632564519246
191,17.166456006569582
192,17.21446142350705
193,17.59403101791704
194,18.283532046072224
195,19.235935717414687
196,20.279923176705665
197,21.305034719887484
198,22.339815392088287
199,23.57075591064787
200,25.014484719861095
201,26.6578881497272
202,28.390033809928326
203,30.128021103504206
204,31.74580461401726
205,33.163325306281095
206,34.325876295911456
207,35.33762153395925
208,36.41584276943527
209,37.37084065717993
210,38.211755007336166
211,38.97544947477541
212,39.52032989882378
213,39.9471493147405
214,40.103888704450895
215,40.0938782769484
216,40.226183961021576
217,40.45144337944346
218,40.70390089170874
219,40.9882942322181
220,41.31105977393661
221,41.5960971019968
222,41.88380126646928
223,42.27649096856631
224,42.715337651642876
225,43.101364565414926
226,43.49655140129907
227,43.704383205827696
228,43.88519687576759
229,43.91127408741659
230,43.8973081280866
231,44.10733260793314
232,44.57662816375252
233,45.3538740588523
234,46.4351710927892
235,47.69154404209069
236,48.97513460852177
237,50.32819492369562
238,51.59739539510008
239,52.75585160993265
240,53.651788088188994
241,54.29930193568349
242,54.67438875932477
243,54.780891293106905
244,54.75609696564834
245,54.40640931158786
246,53.73141083869877
247,52.44766478594331
248,50.526151121015936
249,47.944218477559126
250,44.87818479522354
251,41.54288548358369
252,38.57025693620751
253,36.0410776155372
254,33.85470151192738
255,31.957002115789265
256,30.402646936581213
257,29.26366135294372
258,28.612518819512047
259,28.472524906087962
260,28.797405115051916
261,29.65078517031626
262,30.64481894349292
263,31.54585490549622
264,32.43736701060857
265,33.3813149239725
266,34.7008851171133
267,36.08180109771076
268,37.55509762585773
269,38.95209620449943
270,40.030297417037495
271,40.82608511687229
272,41.57874214025381
273,42.136047720427655
274,42.76064495070632
275,43.454797544180366
276,44.07221240461705
277,44.36002212936492
278,44.144215488796455
279,43.6556083401384
280,42.97249822334135
281,42.40910689225649
282,41.90263569230113
283,41.13072636779975
284,40.110209579685815
285,39.222359974026695
286,37.96347501942531
287,36.59063997158229
288,35.34188979428958
289,34.417938589601135
290,33.88282885481527
291,33.311176573979594
292,32.574807389720405
293,31.753673149158022
294,30.833132876791336
295,29.853611501179603
296,28.99738100973897
297,28.131035332320288
298,27.167366158836884
299,26.300693774069586
300,25.565145328975184
301,24.77881825406
302,24.11524068851957
303,23.69019822900463
304,23.69170405909218
305,24.244569634810563
306,25.26172625816332
307,26.669749409129608
308,28.192208146646802
309,29.609718568631713
310,30.845123885751597
311,31.668335930812532
312,32.419068585176746
313,33.13582713916512
314,33.97150124372782
315,35.095167000787804
316,36.5336595048748
317,38.071271345875545
318,39.719683778906
319,41.416085490096414
320,43.16939537910545
321,45.15792489131087
322,47.320125339778585
323,49.84590026527117
324,52.409675640488715
325,54.83133983472504
326,56.923169768993276
327,58.77763827127058
328,60.17616799577348
329,61.28305580063187
330,62.14917598441196
331,62.69877039942438
332,63.071372714041544
333,63.241961798769005
334,63.10759008191063
335,62.62363646354537
336,62.1265803154953
337,61.69088473969364
338,61.26959219117551
339,60.766797870461765
340,60.161567965489155
341,59.46663310577481
342,58.86203977782333
343,58.042139614076156
344,57.14270035806278
345,56.609642999099286
346,56.22097546206225
347,55.848696890562316
348,55.41679209333397
349,54.62347888290906
350,53.62026366066628
351,52.573046060733674
352,51.376796574928676
353,50.08803038582185
354,48.722403655531515
355,47.16030135016289
356,45.49849658476281
357,43.82640953308692
358,42.13563971667507
359,40.803503625209245
360,40.08660647666412
361,40.28923582149656
362,41.494862835911384
363,43.37245233562596
364,45.75637444896778
365,48.53705642318512
366,51.37777911841652
367,53.82057051092232
368,55.69772060953945
369,57.32067056879397
370,58.57665005444426
371,59.43035361294292
372,60.29750939462158
373,61.12654882769743
374,61.6992709539188
375,61.96784503303174
376,61.9823050578022
377,61.63831442464716
378,60.8646162787932
379,59.93203015121315
380,58.91436697795265
381,57.804271075462346
382,56.703718049184346
383,55.667061478801685
384,54.68699588995345
385,53.676685324277756
386,52.519483855777736
387,51.35599811688974
388,50.23218769298879
389,49.04559928290454
390,47.92223150244207
391,46.84925298810011
392,45.747653470689826
393,44.83506171648419
394,44.21600039760799
395,43.84916537014504
396,43.79403171138738
397,43.90811998099954
398,43.9703882500352
399,44.02456164409624
400,43.97382599746521
401,44.13385363433433
402,44.364258526606605
403,44.4624660357746
404,44.47802968755481
405,44.213329919930175
406,43.91648252831912
407,43.60931881642411
408,43.11082035644649
409,42.373758376974514
410,41.301956944156785
411,40.07718457452563
412,38.78166300248452
413,37.53690325461345
414,36.19913363346164
415,34.860170436844314
416,33.59845762255807
417,32.437260095325854
418,31.275190425326027
419,30.055776229670762
420,28.828575673065444
421,27.73620846073636
422,26.625212289953016
423,25.799233650778124
424,25.3336905380757
425,25.324250570550657
426,25.881112832237697
427,26.820002217400024
428,27.870519168546352
429,29.050631295610014
430,30.346848144975315
431,31.65045216886764
432,32.602534070986295
433,33.19014849125331
434,33.38503408053021
435,33.6846432556625
436,33.972911072802454
437,34.42687912281298
438,35.04212074170388
439,35.88027514605608
440,36.79302360355586
441,37.83036693567473
442,38.90474083797249
443,39.97049417225216
444,40.560645320368714
445,40.51922047881022
446,39.96127083141662
447,39.02736691817222
448,38.02190910503993
449,37.34757824584429
450,36.93384858386966
451,37.04273270265203
452,37.61890915231137
453,38.397301316269
454,39.19854954916053
455,39.6959040404452
456,40.128602447862846
457,40.21495140944271
458,40.08453048190325
459,40.25851055661115
460,40.499329589050475
461,40.785680036163015
462,41.082007449812906
463,41.12286591073436
464,40.82719304039553
465,40.18798474547367
466,39.182782025123394
467,38.05769000312431
468,37.04984039108141
469,36.3798712487231
470,35.77680934477746
471,35.1664894415943
472,34.57751877358083
473,34.04224294874042
474,33.48495921287534
475,32.960614620070274
476,32.394471883379715
477,31.70183923316977
478,30.982689989281482
479,30.121858648907885
480,28.957380813173806
481,27.429069788524778
482,25.5245996566676
483,23.501147308973387
484,21.44804464063306
485,19.497456745506828
486,17.675323882895817
487,16.100474349019024
488,14.961164323951833
489,14.306337446641407
490,13.913157776210777
491,13.790175382553077
492,13.730366165507737
493,13.640104552244237
494,13.366360107389216
495,13.098941331686607
496,12.873683499940414
497,12.677114865821753
498,12.476726803357554
499,12.652481374040786
500,13.223715102627484
501,14.029729568897363
502,15.084603440830051
503,16.298796276750714
504,17.83738136665731
505,19.498313570698368
506,21.030615420982237
507,22.313127922422176
508,23.35523410374168
509,24.337624206272338
510,25.37583277141414
511,26.659263159746295
512,28.104399962779123
513,29.361668981417687
514,30.86956326657988
515,32.586946192505565
516,34.39760593951388
517,36.21040935405374
518,38.08495806405909
519,40.03871239948212
520,42.06707899012561
521,44.3029891872917
522,46.58065817066532
523,48.75307647819752
524,50.752659137992985
525,52.62105099493077
526,54.18211475091322
527,55.458208218085005
528,56.39530657137422
529,57.08103911628365
530,57.57644648756474
531,57.905194887449596
532,58.035614314462414
533,58.06359630964011
534,58.00170769892877
535,57.822543970358964
536,57.42536573385985
537,56.852074539236796
538,56.68822976497515
539,57.1261949119638
540,57.70759283098349
541,58.145660092871495
542,58.29120090975994
543,58.10491325587057
544,57.69872736200452
545,57.46145684407514
546,57.30108140514818
547,57.01547743760077
548,56.76124525370743
549,56.4653319604
550,56.2153554486623
551,56.09792942199837
552,56.05377844203603
553,56.08387427724376
554,56.12037804597605
555,55.89126251500966
556,55.415493998596745
557,54.84692267985899
558,54.181805778035965
559,53.73593470752118
560,53.426820062743104
561,53.4714492970434
562,53.77415031456262
563,54.26412167661948
564,54.72986740846393
565,55.095144452994404
566,55.472434202936995
567,55.703385326199125
568,55.79679332978631
569,55.6791093183775
570,55.576724228451816
571,55.09417139534924
572,54.66528674247497
573,54.23756185651503
574,53.79525411229926
575,52.76701894519188
576,51.60207648077981
577,50.29406118218152
578,49.187608001592494
579,48.43807528450027
580,48.01943947845728
581,47.77880391607637
582,47.40606060768272
583,46.85217597845086
584,46.29116089836332
585,45.51695602485687
586,44.65389047226749
587,43.64611792226509
588,42.59560472592241
589,41.481486236781684
590,40.23189396198685
591,38.947159029117955
592,37.757346678478136
593,36.536185361792626
594,35.24875212320854
595,33.8896350946743
596,32.400273719073354
597,30.747848719334133
598,28.95045397926222
599,27.1594918214148
600,25.478251677627277
601,23.98906377544295
602,22.58444002879606
603,21.308679409709324
604,20.464968904153274
605,20.16008985590589
606,20.3696824417487
607,21.00277440770718
608,22.110123922825647
609,23.666155087478238
610,25.332689405309306
611,26.981318102985355
612,28.578140306271898
613,29.723822075977765
614,30.63250571004463
615,31.284681705313233
616,31.80287549887936
617,32.25141353109052
618,32.917883823233424
619,33.8257531922155
620,35.145659495138545
621,36.67486799375197
622,38.591342372218605
623,40.56235202043962
624,42.59463808149814
625,44.78431274176396
626,46.98425123626225
627,48.89819772647576
628,50.926275084645646
629,52.78835243440768
630,54.35900199035862
631,55.647062165168805
632,56.750309249129444
633,57.705250687382694
634,58.43231499881398
635,58.894843250081884
636,59.14339952957041
637,59.29171808624472
638,59.092845085587896
639,58.56185699997265
640,57.503672825515544
641,56.192202110140315
642,54.824018223819465
643,53.34110445680708
644,52.01420356295858
645,50.906314160320235
646,50.22771025168848
647,49.95795003703261
648,50.13790956915271
649,50.7558006119953
650,51.74301536269077
651,52.86492586959861
652,53.810247968490266
653,54.644692617811614
654,55.11050789704261
655,55.24247947987865
656,55.39344428730878
657,55.830122682559775
658,56.53438738330797
659,57.24903949956476
660,57.66440612196196
661,57.782239308005344
662,57.58773709623124
663,57.40669285375582
664,57.19120668965295
665,56.896819541902246
666,56.498374766190686
667,55.952252964401595
668,55.34655459372976
669,54.59375581095546
670,53.595814884814345
671,52.464679262386476
672,51.21681277793756
673,50.32840507648688
674,49.543265342830814
675,48.70056243446763
676,48.00695174222662
677,47.5465123011289
678,47.49035673694223
679,47.862362195092146
680,48.55493192167832
681,49.48478335266914
682,50.6724085636361
683,51.807163123506356
684,52.7943995905935
685,53.539732410165755
686,54.08245840186437
687,54.252684459572876
688,54.27452499487332
689,54.23296585311033
690,54.40321086251841
691,54.93529222749107
692,55.803069548479336
693,56.88700087280594
694,58.102274868992204
695,59.261937171620154
696,60.242239888653145
697,60.948117109286514
698,61.53210806942238
699,61.80707558354988
700,61.63620418074517
701,60.99601259628767
702,59.670667715043514
703,57.722549376184354
704,55.0232753855769
705,52.03048820033581
706,48.73275301931466
707,45.30538774906277
708,42.00866807908979
709,38.99430312239175
710,36.445615746632434
711,34.35789714647906
712,32.642509405189145
713,31.099832026028682
714,29.770736315148127
715,28.708158019887172
716,28.113695387212175
717,28.022729102403908
718,28.3364510255589
719,29.106421447991146
720,29.91596858186452
721,30.72607271294158
722,31.637115945372308
723,32.57964294282539
724,33.207352253600035
725,33.75234222619583
726,34.42486470428895
727,35.278643837256
728,36.31842878291208
729,37.45485068132504
730,38.72035063464449
731,40.03649156061512
732,41.71438879588446
733,43.6847510216387
734,45.822097960178134
735,47.6842240529095
736,49.26167919968528
737,50.41798098416771
738,51.330396494002635
739,52.26460454514373
740,53.10327218723654
741,53.83291303585729
742,54.82554254875036
743,55.80481259078795
744,56.71282254633779
745,57.45544118396989
746,58.27459672199812
747,59.27287293232813
748,60.00179262665232
749,60.21192090083113
750,59.799280460328596
751,59.15096526740045
752,58.388604470343786
753,57.702060521527535
754,57.13304934851694
755,56.62646379163137
756,56.11307265860483
757,55.619323764489835
758,55.12054089985987
759,54.56762877842497
760,53.884632266572396
761,53.066561518872675
762,52.17212647101093
763,51.278717009046126
764,50.40709038663809
765,49.42744830745717
766,48.32980919326859
767,47.152252445274804
768,45.86344705770229
769,44.52702499602365
770,43.13440326499946
771,41.86663285449109
772,40.858116278151705
773,40.24897727968683
774,39.84942845499153
775,39.71116923760529
776,39.65098567945118
777,39.903421804606
778,40.353474676470896
779,40.82678277394723
780,41.20807880338374
781,41.33784682100593
782,41.33420028123885
783,41.136939132283175
784,40.94194037980098
785,40.74520379311418
786,40.70657519128679
787,40.82235427169399
788,41.01340874705439
789,41.523744669346854
790,42.369743815174246
791,43.449343048771304
792,44.51376663015209
793,45.4178401474924
794,46.236389278999674
795,46.892016367336254
796,47.62375830034101
797,48.31185494615934
798,48.910499028021306
799,49.74897391565577
800,50.762341245074325
801,51.83292943558263
802,52.70712606926013
803,53.35291047101603
804,53.818295466802724
805,54.250778958790754
806,54.69886442503021
807,55.080013311239185
808,55.490547779269974
809,55.98133373787434
810,56.49047370712279
811,56.99698856273052
812,57.44994617142733
813,57.845998142933105
814,58.26063891825454
815,58.6563316811956
816,58.688537098976234
817,58.229915261057194
818,57.27368229806551
819,56.10130792158619
820,54.60753784402319
821,52.8611538045633
822,50.87391948457949
823,49.080212218705555
824,47.49550792034973
825,46.216074387316034
826,45.10637765290286
827,43.901160189113554
828,42.65424595879024
829,41.54396627366805
830,40.87478334098231
831,40.880033801360455
832,41.60823888369661
833,42.86119657265003
834,44.32964040000444
835,46.078130317672205
836,47.85746007605049
837,49.37736203735923
838,50.474496921705324
839,51.01252506477469
840,50.99996150711663
841,50.56168644470995
842,50.10381024862779
843,49.71449871823532
844,49.587960945777766
845,49.641598903577986
846,49.7531147443877
847,49.667459400911525
848,49.26392968623365
849,48.39679066562668
850,47.28703957020199
851,46.07478709705467
852,44.83747658911126
853,43.79326200434373
854,43.00783217370739
855,42.324508221053776
856,41.86827190514023
857,41.414030988123216
858,41.03911456005491
859,40.72222835672242
860,40.29515922974137
861,39.80895185544596
862,39.5371127513713
863,39.60027811897078
864,39.87527162757141
865,40.33496031944127
866,40.96872076416655
867,41.77552762270194
868,42.39020257273735
869,42.45195603536652
870,42.13197417111379
871,41.61527136490687
872,41.098093078727445
873,40.56530079632749
874,40.12289481061562
875,39.797036142852875
876,39.55483962219415
877,39.27695990791837
878,39.04157790452101
879,38.8108301220543
880,38.478086959365875
881,38.17326407067449
882,37.739141849447584
883,37.31397570302271
884,36.92331565090199
885,36.65504213666428
886,36.44380378515427
887,36.21625542282305
888,36.246034039382764
889,36.559508591925265
890,37.230764900642924
891,38.225429687166326
892,39.583353340650724
893,41.27604976516055
894,43.31063022919253
895,45.119265642191124
896,46.595044519137204
897,47.78475661956118
898,48.590729073465035
899,49.16607280846714
900,49.63000137097738
901,49.91157221108594
902,50.0949122309677
903,50.04367409772131
904,49.73203279545611
905,49.06685761266562
906,48.139006322080746
907,47.08644892751364
908,45.97293032471109
909,44.837918158892606
910,43.647815845361386
911,42.533176199788805
912,41.563439708140656
913,40.758132901030116
914,39.92566849523409
915,39.1048683442408
916,38.16427897011918
917,37.112625072016726
918,36.27730525231109
919,35.690623340513845
920,35.30472436847808
921,35.24542777637296
922,35.43326644045579
923,36.03555862938034
924,37.30576064939881
925,39.10275483393941
926,41.20566806272255
927,43.510069895005714
928,45.9826083025275
929,48.43795110257031
930,50.6789073940189
931,52.51676272790439
932,54.032428745238754
933,55.34993035089751
934,56.451527424800666
935,57.32325820472349
936,57.88011029189849
937,57.98594139483488
938,57.774502280320064
939,57.3355003028757
940,56.64738068373781
941,55.35673062294113
942,53.60555519066877
943,51.68085745672927
944,49.98906511096046
945,48.47485175352699
946,47.174597051611016
947,45.822619049757435
948,44.664184247998065
949,43.75178517991649
950,42.978639784419215
951,42.54980405638246
952,42.265257747707466
953,42.05414251051556
954,41.88911849644793
955,41.40732278336583
956,40.574659651905414
957,39.45292064618393
958,38.072104904962416
959,36.432434481019925
960,35.100571447790216
961,33.867740278965634
962,32.86603304835853
963,32.00502797323831
964,31.198605196363392
965,30.584858094988874
966,30.283565601033107
967,30.41438880130415
968,30.69224874549088
969,30.93398689693333
970,31.062284029507328
971,31.125583300919335
972,31.090921436630186
973,31.036754581592984
974,31.154600312870144
975,31.418586188766497
976,31.80628655696409
977,32.21326564999002
978,32.658066548657
979,33.15874685455597
980,33.73162059168028
981,34.098824392190735
982,34.36753342853281
983,34.67125655226115
984,34.9602665931187
985,35.022970781238165
986,34.9121492223919
987,34.50873640111784
988,33.9232370389032
989,33.15550467087684
990,32.29966624504148
991,31.323930297479706
992,30.259067184342992
993,29.31611154943991
994,28.614120815716507
995,28.146824273734936
996,27.626996291233112
997,27.084620240669842
998,26.59962930396813
999,26.22974680330354
1000,26.15473216188218
1001,26.29007812496015
1002,26.537312717271707
1003,26.70826433868323
1004,26.780582191126562
1005,26.765848612320642
1006,26.72705736095802
1007,26.819133126687618
1008,27.036548787489657
1009,27.527225931150998
1010,28.1175942465903
1011,28.90351175688234
1012,29.78622854293933
1013,30.77260097268261
1014,31.84870833629303
1015,32.97187577748131
1016,34.18224722544575
1017,35.50674063014618
1018,36.78844522790155
1019,37.95880402161845
1020,38.97112130327369
1021,40.12862444531285
1022,41.37579174634505
1023,42.40290382001613
1024,43.05147586403301
1025,43.39281418531869
1026,43.689778524837244
1027,43.88429424620115
1028,44.07727728271069
1029,44.00616629373537
1030,43.51742313938723
1031,42.78380292586152
1032,41.905047704384856
1033,40.84847627698653
1034,39.463681898821655
1035,37.735423949924524
1036,35.793139447918996
1037,33.78397996422497
1038,31.850587587556156
1039,29.96346125320212
1040,28.224062800426957
1041,26.66839098117356
1042,25.312151933180974
1043,24.097022758746515
1044,23.10917449233945
1045,22.47544522438183
1046,22.162980012749298
1047,22.056670505270727
1048,22.282919643688036
1049,22.815650634094258
1050,23.69189239610466
1051,24.702112377410693
1052,25.812928686367172
1053,26.84933737373796
1054,27.905030319774763
1055,28.614172682433335
1056,28.846177774866312
1057,28.652522554339313
1058,28.23811427843457
1059,27.646874363099002
1060,27.00093418211853
1061,26.2545479203704
1062,25.293631539651688
1063,24.339039056662408
1064,23.364439692566453
1065,22.394946581071963
1066,21.551784253251675
1067,20.986343469715194
1068,20.57352070906201
1069,20.205111559998343
1070,19.81488033930928
1071,19.4818536612882
1072,19.144702994638124
1073,19.000001562447018
1074,19.091869661974044
1075,19.607653671823496
1076,20.51826944728841
1077,21.788135263940205
1078,23.20460995076116
1079,24.66367876910475
1080,26.19175044075451
1081,27.75017386316312
1082,29.416862230619195
1083,30.866881110305975
1084,32.352309192410864
1085,33.79911255746951
1086,35.26192808163009
1087,36.78436137251849
1088,38.19198585247434
1089,39.510349367891884
1090,40.66628427832113
1091,41.741632245133026
1092,42.82861537864258
1093,43.9946842574358
1094,45.385064871344646
1095,47.07985653066818
1096,49.013380537415664
1097,51.11355767498348
1098,53.43715427251963
1099,55.915815183287656
1100,58.45421037478838
1101,60.89913304182014
1102,63.107959367580804
1103,65.05800512945362
1104,66.62291877251677
1105,67.84317004316497
1106,68.83948080776975
1107,69.59935349248627
1108,70.01230399331233
1109,70.00313034781739
1110,69.46944157520346
1111,68.59311290720927
1112,67.4198277301844
1113,66.23711416263635
1114,65.17343208877018
1115,64.27825756836967
1116,63.31128404991264
1117,62.39036613166277
1118,61.5039673032377
1119,60.508708488998806
1120,59.37032691704303
1121,58.04970060771575
1122,56.535199344484816
1123,55.12678700279507
1124,53.76091144689272
1125,52.54217764150996
1126,51.61279043519663
1127,51.095536428791206
1128,50.87887609754285
1129,50.76123968823322
1130,50.60735984411466
1131,50.285032595125216
1132,49.63832822266136
1133,48.74772504188695
1134,47.57191240589874
1135,46.15189917137116
1136,44.588407210836586
1137,42.941536067937264
1138,40.98251242517144
1139,38.82407609407048
1140,36.94623648601263
1141,34.79666180337685
1142,32.64874481313567
1143,30.62734607590048
1144,28.573499491775213
1145,26.474296860604817
1146,24.415802819862748
1147,22.503873902231632
1148,20.87656167924851
1149,19.428041958566553
1150,18.020375451111555
1151,16.67232875531433
1152,15.332091139126991
1153,14.119644899576173
1154,13.002472329797063
1155,12.126176507082945
1156,11.449929437392921
1157,11.028564424406728
1158,10.86321698847205
1159,10.908553117996313
1160,11.121340985766007
1161,11.41417993945241
1162,11.710019410827025
1163,12.057242529425451
1164,12.429341279764326
1165,12.901040185211667
1166,13.284697247506962
1167,13.636511655829104
1168,14.197128487666816
1169,15.095741503648814
1170,16.159308691632233
1171,17.32123809476789
1172,18.564400238329632
1173,19.843190532532063
1174,21.138165172719493
1175,22.33939825362358
1176,23.467274450904444
1177,24.682623614164488
1178,25.89187420356354
1179,27.094989799117442
1180,28.15036980482121
1181,29.20536592910932
1182,30.00783037167593
1183,30.59243311900619
1184,30.955957840652403
1185,31.07337834046592
1186,31.32165253080668
1187,31.79053485720356
1188,32.522879786111375
1189,33.574048103455965
1190,34.49671539250917
1191,35.23507381287307
1192,35.55506407211727
1193,35.507654966798555
1194,35.03629626904673
1195,34.46415146833266
1196,33.791372941898246
1197,33.20605562390031
1198,32.604870992318766
1199,31.949434130218577
1200,31.41151236937686
1201,30.85196521950606
1202,30.5266577885837
1203,30.35101532568416
1204,30.381066721179398
1205,30.641076895636132
1206,30.84314307993308
1207,30.76126915292489
1208,30.364973732113555
1209,29.899085615546127
1210,29.463184609323925
1211,29.24817800618018
1212,29.184972373717404
1213,29.23845711137272
1214,29.53275688110842
1215,30.17914272876699
1216,31.12561971752941
1217,32.482223367518316
1218,34.16164038994875
1219,36.022103995586846
1220,37.91364461014149
1221,39.62358641824447
1222,40.992747609831106
1223,42.05647516065365
1224,43.01250149364099
1225,43.96185392946984
1226,44.923211916679634
1227,45.95315464497445
1228,47.01611288587963
1229,48.036549828284315
1230,48.97895900958475
1231,49.81997177297651
1232,50.41844655201717
1233,50.67870922115093
1234,50.897835784998016
1235,51.25372906076649
1236,51.7889580103027
1237,52.46849572881963
1238,53.03979924396987
1239,53.3806252700693
1240,53.37725876229495
1241,52.78341912693864
1242,51.677160979762085
1243,50.394716413907936
1244,49.02781065464418
1245,47.60377972380845
1246,46.1902286274924
1247,44.85142220922481
1248,43.58652985700209
1249,42.529839901996006
1250,41.45506752496275
1251,40.21904088714108
1252,38.977137696939565
1253,37.5523892688865
1254,36.312858136480344
1255,34.87913382335124
1256,33.45229532735942
1257,32.09764774414867
1258,30.96515696817619
1259,29.795982426415502
1260,28.56372807879862
1261,27.438768690651482
1262,26.3266117375441
1263,25.24271100740413
1264,24.319050819414585
1265,23.514484378825507
1266,22.97104442955613
1267,22.63614258183336
1268,22.475293617204734
1269,22.605207434729913
1270,22.845338958232027
1271,23.392000787295245
1272,24.280460594102095
1273,25.78160440252287
1274,27.891941580761554
1275,30.526849376723572
1276,33.58941818695675
1277,36.97169817582476
1278,40.32416716724792
1279,43.4132268114774
1280,46.48513563967971
1281,49.44930515193474
1282,52.232827746671624
1283,54.58054171402193
1284,56.52003129138696
1285,58.16466536132188
1286,59.58798168274634
1287,60.75218369530435
1288,61.60388748695118
1289,62.17524965170723
1290,62.62659797738984
1291,62.93013996647297
1292,62.962882254984315
1293,62.6462103330187
1294,61.95331702921486
1295,61.032096990463046
1296,60.14263284388732
1297,59.37690494251231
1298,58.70466382560981
1299,58.12074392875631
1300,57.539308927589246
1301,57.115844044545604
1302,56.94851000424961
1303,56.6929488707355
1304,56.24968336960602
1305,55.43075540162424
1306,54.525698625114835
1307,53.32666064749636
1308,51.836844755403995
1309,49.90796524877301
1310,47.8438628646804
1311,46.04809379051984
1312,44.31922752437592
1313,42.604911289913936
1314,40.762656910248644
1315,38.73206037442493
1316,36.53638911832318
1317,34.584912136270574
1318,32.88041692657395
1319,31.489199095302393
1320,30.14152974346695
1321,28.812463166664717
1322,27.442081772952033
1323,25.90998850751513
1324,24.419507195404876
1325,23.10218089764445
1326,22.188503486148612
1327,21.574456471633518
1328,21.217068052490536
1329,20.89341543008031
1330,20.505345859286006
1331,19.951340873698015
1332,19.307047731304273
1333,18.65069061838175
1334,18.063861922335448
1335,17.598132698514625
1336,17.435935743321274
1337,17.653707969712276
1338,18.179323760438344
1339,18.98158221914279
1340,19.877660159221286
1341,20.867747715681514
1342,21.908719073669296
1343,23.0824495645599
1344,24.497502631271413
1345,26.078756145067665
1346,27.931056781935172
1347,29.841318664902676
1348,31.70610379616287
1349,33.73645663094693
1350,36.0668935656617
1351,38.515189159750626
1352,40.97623743343978
1353,43.27325986240038
1354,45.100456657977595
1355,46.42689466897512
1356,47.4901210866275
1357,48.38139312071059
1358,49.20152578683782
1359,49.77449132310244
1360,50.19250961238614
1361,50.50791245566777
1362,50.88021681392076
1363,51.50535381654038
1364,52.344884436888634
1365,53.50765715720951
1366,54.83409982510529
1367,56.20380571952347
1368,57.39544984766729
1369,58.59390243781258
1370,59.71761345398009
1371,60.91908545601807
1372,62.20749514849124
1373,63.307703844907024
1374,64.17545263973851
1375,64.85370841192932
1376,65.53064774511145
1377,66.14574509137358
1378,66.54752048107395
1379,66.75326580835112
1380,66.72016207529116
1381,66.52548289920979
1382,66.2055823051086
1383,65.68157879360058
1384,65.05146025443199
1385,64.3367577429224
1386,63.512557600495
1387,62.51371084714998
1388,61.431321020498416
1389,60.29034123608833
1390,59.13952699690974
1391,58.02932084198371
1392,56.92488949983799
1393,55.809566793262015
1394,54.46151114593574
1395,52.73660861442124
1396,50.74669102246867
1397,48.879161001086615
1398,47.11301602929342
1399,45.571410421717225
1400,44.17966460382739
1401,43.009341925631794
1402,42.105324041421575
1403,41.50513505236585
1404,40.84819748502068
1405,40.161489094775426
1406,39.34378150239384
1407,38.425228852583146
1408,37.333680523025606
1409,36.15935073275992
1410,34.92758502640726
1411,33.73513395049513
1412,32.41131719654947
1413,31.130657016947588
1414,29.743378651610644
1415,28.299137117435613
1416,27.053767083890936
1417,25.8611373115981
1418,24.995875573370103
1419,24.03519990207004
1420,23.053459441334383
1421,22.149676119957853
1422,21.404684921784586
1423,20.8180115561627
1424,20.27784816570539
1425,19.807906016007532
1426,19.283385468802564
1427,18.754940102937226
1428,18.148779150630602
1429,17.7485161975235
1430,17.48787519655467
1431,17.572786198800312
1432,17.95866808085386
1433,18.543111146494752
1434,19.14401977050164
1435,19.4862919190689
1436,19.457516376298603
1437,19.0939989994629
1438,18.72728335913732
1439,18.600468510674613
1440,18.661637009991924
1441,19.084513477705055
1442,19.70433742128749
1443,21.07828807582618
1444,23.063819985369456
1445,25.81700838843495
1446,29.224911640865805
1447,33.08156306945878
1448,37.280129438647776
1449,41.54752990453204
1450,45.67141174337364
1451,49.534998456808836
1452,53.16767324438406
1453,56.54759284692838
1454,59.543311618522765
1455,62.14928879215521
1456,64.28969771148077
1457,65.72446180832969
1458,66.606660639638
1459,67.02806467838859
1460,67.24381079830286
1461,67.18774660615884
1462,67.07969646301379
1463,66.8938382549505
1464,66.6144334786314
1465,66.28370164812624
1466,65.70085878079378
1467,65.02633521753341
1468,64.37446586457082
1469,63.615119070638784
1470,62.69725165660219
1471,61.76172434922499
1472,60.87663926927184
1473,60.19528905682708
1474,59.59801076930118
1475,59.05067489557551
1476,58.619676981465716
1477,58.30555381950094
1478,58.138026396093736
1479,58.09660884644785
1480,58.12270879650268
1481,58.27593841350714
1482,58.40924818030103
1483,58.73541458957668
1484,59.19738383347868
1485,59.699758239969015
1486,60.21821065323877
1487,60.67251740741035
1488,61.20873597275266
1489,61.78647775415351
1490,62.39729143768942
1491,63.08718601089189
1492,63.792599812917516
1493,64.3991930962304
1494,64.7028216502356
1495,64.75957348154117
1496,64.72576715304062
1497,64.53636272993437
1498,64.16686386866783
1499,63.484796695087596
1500,62.4766503141001
1501,60.89418609822768
1502,58.82105737368185
1503,56.55458346461726
1504,54.06036274530924
1505,51.294357137065276
1506,48.42811512619958
1507,45.70797533637995
1508,43.283357834032216
1509,41.280365289337894
1510,39.793729602196024
1511,38.785911379047874
1512,38.23350141111119
1513,38.1389384506277
1514,38.43444291517482
1515,38.96427526260465
1516,39.57281131878952
1517,40.53702950194153
1518,41.776895046934385
1519,43.18749255977457
1520,44.47438498200536
1521,45.545038219130475
1522,46.48135298548454
1523,47.242535694436896
1524,47.72437516158203
1525,47.85151159530224
1526,47.76361216991924
1527,47.51852127289588
1528,47.41945614154969
1529,47.429989472216754
1530,47.487822604921426
1531,47.70758123425526
1532,48.00622395069808
1533,47.988664053142045
1534,47.573898381523506
1535,46.91571357848488
1536,46.16775829093377
1537,45.3742055181728
1538,44.53566176591924
1539,43.806128701458626
1540,43.05288687287336
1541,42.38870676511866
1542,41.65376201526092
1543,40.75844386721879
1544,39.51911863760724
1545,38.243422756188366
1546,36.99683160098801
1547,35.880527734967615
1548,34.84232275075521
1549,33.71718914608243
1550,32.42644242004442
1551,30.96366848456401
1552,29.372784192735892
1553,27.641830012853227
1554,25.812469967155916
1555,24.035605869227798
1556,22.486405299674633
1557,21.353562867332958
1558,20.707556202708215
1559,20.614613938591244
1560,20.904119312203505
1561,21.64070740929828
1562,22.841022431439587
1563,24.14325918081009
1564,25.374588543194026
1565,26.32606395488007
1566,27.046687217094846
1567,27.750565473065244
1568,28.628185638784498
1569,29.801570916764874
1570,31.038041835024497
1571,32.2730563508604
1572,33.518058578417026
1573,34.738416523130056
1574,35.94308005478311
1575,37.079426044323014
1576,38.217310217210034
1577,39.69625279958288
1578,41.49011930089024
1579,43.516857283420705
1580,45.557694344723586
1581,47.49227409869661
1582,49.18839196846513
1583,50.66272155592186
1584,52.1072664515638
1585,53.74088238716843
1586,55.43354156155793
1587,57.09630029132941
1588,58.356577701962365
1589,59.30232121843609
1590,59.81632827154508
1591,59.96959879538354
1592,59.64555681644818
1593,58.73914867340423
1594,57.482010267178275
1595,56.307421647153795
1596,55.2855295477325
1597,54.76215539534078
1598,54.72550290070123
1599,54.89850157738643
1600,54.96927014767919
1601,54.94440743855601
1602,55.05929595949965
1603,55.21655681579618
1604,55.62031691353512
1605,56.19752415281629
1606,56.78546177693868
1607,57.31219795900897
1608,57.443657454456066
1609,57.095920662200484
1610,56.615402195708434
1611,56.07122780993128
1612,55.49541945521534
1613,54.911392972392015
1614,54.378250774616376
1615,53.993831528237976
1616,53.84772581130483
1617,53.95827113275324
1618,54.198046248220685
1619,54.589335424783805
1620,55.03228067071322
1621,55.388272031878614
1622,55.567443264992505
1623,55.609686269483745
1624,55.5148809349822
1625,55.187730141156095
1626,54.65451910306472
1627,54.079830406971915
1628,53.45271116142591
1629,52.78984895262525
1630,52.15179189041885
1631,51.57565244611166
1632,51.10024498136053
1633,50.84529084478963
1634,50.6607081537197
1635,50.473460844223325
1636,50.17317018803035
1637,49.82506412629253
1638,49.569142908638504
1639,49.263178996058755
1640,48.82105344980867
1641,48.15967361660056
1642,47.316853571804955
1643,46.50772101663504
1644,45.90767095401159
1645,45.51631868843795
1646,45.26529652441339
1647,44.97491630458306
1648,44.56319112467805
1649,44.07152800961354
1650,43.56675583774209
1651,43.03944005335852
1652,42.40394023395368
1653,41.85105539107148
1654,41.05202322745038
1655,39.988252147482186
1656,38.842448496830244
1657,37.6364196488852
1658,36.58705682009405
1659,35.61525459788711
1660,34.63940623079665
1661,33.72473578652571
1662,33.026346059399515
1663,32.40790887865895
1664,31.730325792677302
1665,31.007186688635358
1666,30.153888710283283
1667,29.344941839348323
1668,28.81571531424268
1669,28.640231364831514
1670,28.6796118342761
1671,29.175819152319733
1672,30.198462412945617
1673,31.99499664108027
1674,34.104695645626734
1675,36.255459599621034
1676,38.54956168494772
1677,40.787155921872284
1678,42.63477714922093
1679,43.88608264306933
1680,44.699068168021945
1681,45.474363704847285
1682,46.305810264833916
1683,47.16425682039306
1684,48.04031716734935
1685,48.910487599422666
1686,49.571826997597
1687,49.987124019741216
1688,50.591355555147615
1689,51.215799668168295
1690,51.77888732872488
1691,52.12771560798481
1692,52.23206048335537
1693,52.2206143120875
1694,52.14140741080618
1695,52.03654085912893
1696,52.025894676405116
1697,52.1069730301497
1698,52.43296307984765
1699,53.058119831195555
1700,53.72541300774709
1701,54.292477586330925
1702,54.7119565862254
1703,55.100064233719884
1704,55.596969696136455
1705,56.09037764819716
1706,56.33516639095002
1707,56.449411991837295
1708,56.31773871511831
1709,55.758283058596085
1710,55.27155663742176
1711,54.29667543294869
1712,53.05138742005617
1713,51.91313947452386
1714,50.61180228519829
1715,49.385194499956775
1716,48.297583782586734
1717,47.21577511883457
1718,45.999871259211744
1719,44.58033524655103
1720,43.09597758039978
1721,41.86318671395779
1722,40.60301365130871
1723,39.346578298456606
1724,38.167148923543024
1725,37.413086907950245
1726,37.01651824712509
1727,37.07053101016666
1728,37.69403720303387
1729,38.89028219353916
1730,40.6746780798294
1731,42.77637620511875
1732,45.11822838292721
1733,47.736193467534264
1734,50.35068975777187
1735,52.52265737594832
1736,54.1614212883932
1737,55.06634525204362
1738,55.1874358938137
1739,54.749343320902916
1740,53.96837494476889
1741,52.73089400034566
1742,51.33829340102501
1743,49.95350922635432
1744,48.796636524219714
1745,47.85235956840471
1746,46.95840387977482
1747,46.220877592173366
1748,45.55451571466226
1749,44.969558872417466
1750,44.17161637453253
1751,43.09181772298267
1752,42.04152240241029
1753,40.98999946156134
1754,39.920013485019524
1755,39.061493304692405
1756,38.46227274470449
1757,38.27596744634995
1758,38.434045936168815
1759,38.86865535384341
1760,39.23395292983662
1761,39.14387557785712
1762,38.79518240351861
1763,38.32765936346772
1764,38.03405101494181
1765,38.18192216213191
1766,38.548824626118176
1767,38.86802976978623
1768,39.32494503805416
1769,39.89849140188144
1770,40.63821044271804
1771,41.46875057914409
1772,42.34709003537938
1773,43.23612269501727
1774,44.10066943786617
1775,44.599113258099344
1776,44.704619926197395
1777,44.38259050937063
1778,43.46406010114124
1779,42.130671622328535
1780,40.36093877456341
1781,38.27711548729879
1782,35.849729829476914
1783,33.13361565163026
1784,30.416334977163956
1785,27.934033011791094
1786,25.945570213413163
1787,24.4804841666865
1788,23.567975240438393
1789,23.126364865392432
1790,23.160156649438083
1791,23.484560898112
1792,23.926897194508964
1793,24.506033570896335
1794,25.271328480341282
1795,26.093800971793932
1796,27.026315471696723
1797,28.15931536571349
1798,29.27851063446529
1799,30.3569716542687
1800,31.32051794647919
1801,31.99253389082066
1802,32.39045763868128
1803,32.642821841079
1804,32.84541029445779
1805,33.09055364468455
1806,33.45420784011738
1807,33.81846293673145
1808,34.19372430386984
1809,34.57730900220581
1810,34.99149512795785
1811,35.309587349328666
1812,35.672455371514836
1813,36.07715972635477
1814,36.4318535697638
1815,36.60854577615765
1816,36.510921525096364
1817,36.16731115012366
1818,35.87646629351912
1819,35.53796266016591
1820,35.12983840499631
1821,34.78095348928005
1822,34.43589449198127
1823,34.11692163591793
1824,33.83941525114283
1825,33.572673793775614
1826,33.39926275349633
1827,33.24948265439788
1828,33.15104233889146
1829,33.05717898974727
1830,32.94348575456939
1831,32.618965619289106
1832,32.19846819137718
1833,31.578596580725232
1834,31.014305522348586
1835,30.519466498081442
1836,30.145417285759716
1837,29.780064622783517
1838,29.430395780590292
1839,29.028156713788793
1840,28.650093086500746
1841,28.324412365493963
1842,28.32480428646356
1843,28.934268536561035
1844,30.149505991756733
1845,31.66074282677797
1846,33.658550941736564
1847,35.980225970450064
1848,38.563817242455784
1849,41.31144887564303
1850,43.75405642267092
1851,45.84424624835324
1852,47.58398110071268
1853,49.02727061337178
1854,50.25308850527008
1855,50.99246217476692
1856,51.42068115594478
1857,51.564704355036326
1858,51.63440216176461
1859,51.52418710403448
1860,51.46211411750356
1861,51.42326756036368
1862,51.59127765016842
1863,51.94318259098222
1864,52.451758653662026
1865,52.88423960637353
1866,53.21619990541358
1867,53.6980656434351
1868,54.45156292391808
1869,55.32724712540045
1870,56.00742682281741
1871,56.430469178708236
1872,56.47757788678584
1873,56.26933839492529
1874,55.76471214060297
1875,55.32172701985039
1876,55.15832106020786
1877,55.184492914333575
1878,55.203271264558104
1879,55.165366397968256
1880,55.18580312244247
1881,55.20358307273504
1882,55.43515368463268
1883,55.90267473038313
1884,56.560994455604146
1885,57.508282406021706
1886,58.50043407540405
1887,59.27356185885752
1888,59.5778026166116
1889,59.571795068928495
1890,59.524028020798326
1891,59.56426778615301
1892,59.596496478113224
1893,59.66418503309951
1894,59.69981381519548
1895,59.570655852139595
1896,59.29505413563609
1897,58.82769477502979
1898,58.26897602252104
1899,57.70992482565873
1900,57.3992855000671
1901,57.26402441581296
1902,57.205098598664726
1903,57.34324264939497
1904,57.78748304496259
1905,58.32796719385978
1906,58.89754678164104
1907,59.377599353525255
1908,59.72463210511073
1909,59.986317115873256
1910,60.350238972339966
1911,60.80656116943522
1912,61.27859866218854
1913,61.553210110208965
1914,61.50754185860797
1915,61.00316619938368
1916,60.06244173553017
1917,58.85418589292145
1918,57.592069734442056
1919,56.384124934613205
1920,55.189465979936486
1921,54.08480301091308
1922,53.231377407759624
1923,52.53940003768824
1924,51.92955128454294
1925,51.163920522083174
1926,50.26420578554358
1927,49.29596347261764
1928,48.55052815140241
1929,47.94074090364601
1930,47.36450159060219
1931,46.97624296757385
1932,47.11441930727826
1933,47.516979566096296
1934,48.036314293143086
1935,48.477790773466225
1936,48.97420855333916
1937,49.556762392440206
1938,50.063584232458126
1939,50.63149848366581
1940,51.25625823761287
1941,51.924110586690915
1942,52.732947995638284
1943,53.624998989584796
1944,54.287973714386425
1945,54.671869471760495
1946,54.63479224910543
1947,54.169177172706426
1948,53.04226697147086
1949,51.55036115866734
1950,49.73599174600936
1951,47.672647060964906
1952,45.77912435663051
1953,44.44627682513111
1954,43.4473230616126
1955,43.11148749733049
1956,43.50070551330766
1957,44.702441300372335
1958,46.33411921552103
1959,48.199854022981185
1960,50.36435364338463
1961,52.82531527935043
1962,55.12448537024015
1963,56.89568767115889
1964,57.98771816458166
1965,58.52692775049975
1966,58.5164995304047
1967,58.203235134689635
1968,57.836540394362956
1969,57.66386356177168
1970,57.625105839935024
1971,57.634807317401645
1972,57.6296124513692
1973,57.572250737099814
1974,57.484552800240564
1975,57.370476075060196
1976,57.50444082060472
1977,57.69209402567927
1978,57.868742713473566
1979,58.115019749396176
1980,58.68562150892315
1981,59.289045042945006
1982,59.564780841290144
1983,59.6818044946314
1984,59.65399515351625
1985,59.601929423462785
1986,59.39382524452808
1987,59.20553739303402
1988,58.93625063953287
1989,58.933399790783476
1990,58.83917469397453
1991,58.617738337977606
1992,58.41584791368159
1993,58.04510129374175
1994,57.722041837530455
1995,57.44098011062663
1996,57.021922485425165
1997,56.452412636552566
1998,55.69852509288905
1999,54.93994908986791
2000,54.38634981404181
2001,54.189900779525736
2002,54.026866636020685
2003,54.03308469781325
2004,54.08862184422462
2005,54.2614551037662
2006,54.478407275643285
2007,54.61525582916471
2008,54.56577684837143
2009,54.411747847142294
2010,54.168721743956965
2011,54.02841851818365
2012,54.123495612134576
2013,54.30726071347189
2014,54.27982486041758
2015,54.01374607298225
2016,53.46418914468933
2017,52.869689516826995
2018,52.245880183393886
2019,51.535495204861164
2020,50.71769012718948
2021,49.89788252685517
2022,48.98039938398023
2023,47.98246786913814
2024,46.991312742575076
2025,45.94033587744096
2026,44.88408442426943
2027,44.01784828865851
2028,43.15754679641296
2029,42.15359279550887
2030,41.09974133923061
2031,40.01452249299844
2032,38.85082398524754
2033,37.37896294064291
2034,35.69480533747368
2035,33.92380215189917
2036,31.92929429689144
2037,30.199306384701558
2038,28.77679692764041
2039,27.634694233962907
2040,26.641629772046926
2041,25.628743939205442
2042,24.568496484100425
2043,23.429275581627447
2044,22.415194710134443
2045,21.65007394413362
2046,21.131859489795236
2047,20.824938789006907
2048,20.512962342916154
2049,20.16763006453088
2050,19.898284781759557
2051,20.041231872482033
2052,20.16559584141059
2053,20.667075791683708
2054,21.575723662528297
2055,22.95379066545921
2056,24.886514903702707
2057,27.323511071534185
2058,30.37948684263813
2059,33.71834445539098
2060,37.26723202578256
2061,40.93127552749092
2062,44.45794467535292
2063,47.721237886182
2064,50.62973059337568
2065,53.4395578382681
2066,56.04727263587182
2067,58.439235959724904
2068,60.606038289059775
2069,62.337869290164996
2070,63.36339058276599
2071,63.62705948986171
2072,62.96185364108878
2073,61.70290887066325
2074,59.98262805165299
2075,58.09787296317438
2076,56.21971690301574
2077,54.52449498998968
2078,53.14052802154798
2079,51.98621058143007
2080,51.08073764604395
2081,50.648580013603784
2082,50.82905860455223
2083,51.665739142573415
2084,52.629090656241296
2085,53.453388196445445
2086,54.3475887864473
2087,55.53141695966663
2088,57.15992552866461
2089,58.765485944864835
2090,59.970282519523515
2091,61.11879582967369
2092,61.92474090537675
2093,62.54886144590935
2094,63.0167610046937
2095,63.373834000160336
2096,63.52735127531825
2097,63.42465913123383
2098,63.39245127810338
2099,63.800835646662705
2100,64.66118246041044
2101,65.80704912287621
2102,67.16295166664928
2103,68.56527347915096
2104,69.76271122409702
2105,70.52523190471717
2106,70.97069663696813
2107,71.41939366560626
2108,71.70056889495713
2109,71.94519134449239
2110,71.7960133065155
2111,71.30046249975226
2112,70.42421118902713
2113,69.28821975606192
2114,68.14268777996601
2115,66.78746705536874
2116,65.30940258704044
2117,63.81903072081376
2118,62.46937007157263
2119,61.31361486767276
2120,60.42935429919207
2121,59.76355008921888
2122,59.29113134992765
2123,59.02541928019722
2124,58.79414404838008
2125,58.55835058000775
2126,58.2568775595351
2127,57.62715276844682
2128,56.62338216721018
2129,54.99861164806123
2130,53.24651353008104
2131,51.27627657565364
2132,49.1863967826866
2133,47.23081742484926
2134,45.69342268651697
2135,44.7783890781551
2136,44.3399615958104
2137,44.52372111162671
2138,45.069563014729056
2139,45.951773606132235
2140,46.91141849404407
2141,47.97264730125999
2142,49.12480300063977
2143,50.4566075526197
2144,51.95039301836617
2145,53.50883652851499
2146,54.91362766729942
2147,56.20890663347702
2148,57.289959220868326
2149,58.26410237671728
2150,59.27680968374746
2151,59.912351257281856
2152,60.05903679131319
2153,59.800257434155185
2154,59.19188171080398
2155,58.33266979472249
2156,57.22602471177972
2157,55.81948785136116
2158,54.61363942196248
2159,53.58119471440123
2160,52.721427687942445
2161,51.77559886395534
2162,50.82407820564421
2163,49.90461392394729
2164,48.65331742831822
2165,46.94378311237294
2166,45.45648825750056
2167,43.766386224672914
2168,42.143013380154024
2169,40.67983555774573
2170,39.23892970375585
2171,37.60192387895363
2172,35.70159954194443
2173,33.559559990156444
2174,31.229941575283437
2175,28.87014787038504
2176,26.759702443532387
2177,24.932262453875396
2178,23.156924828426774
2179,21.37778110639556
2180,19.703416971109334
2181,18.130906138496833
2182,16.898034667487757
2183,15.998318477854209
2184,15.540642996543117
2185,15.586687142926927
2186,16.291880406388955
2187,17.59581221102948
2188,19.302787894716886
2189,21.257540696835342
2190,23.515303503608493
2191,26.045647597493975
2192,28.728056097631608
2193,31.405747611295876
2194,33.812814182612684
2195,36.02569671472623
2196,38.01122887812042
2197,39.80416157671516
2198,41.58203419330634
2199,43.21079749997958
2200,44.95550012844087
2201,46.85649405906686
2202,48.85015261758722
2203,51.000865499804334
2204,53.263493124189374
2205,55.329803423526165
2206,57.247877378949056
2207,59.20426287550636
2208,60.886338724258835
2209,62.1398531727637
2210,63.183974930214774
2211,64.11876157589779
2212,65.16273150599346
2213,65.93494425408548
2214,66.36225827022862
2215,66.46646482313008
2216,66.20343815388429
2217,65.30854441970072
2218,63.84524890491755
2219,62.135040494541656
2220,60.02199560938841
2221,57.850244163974104
2222,55.495107685017175
2223,53.446138948324645
2224,51.1370038129203
2225,48.53697490611184
2226,45.60117819198098
2227,42.53774216273199
2228,39.600138849681954
2229,36.705024165501904
2230,33.703273853341926
2231,30.846400342018605
2232,28.14280953161213
2233,25.907924527512755
2234,24.142229084625768
2235,22.6102121827275
2236,21.27021719147914
2237,20.1132854826431
2238,19.26651432358523
2239,18.615038777314847
2240,18.07691385943137
2241,17.758626985321502
2242,17.873488049124507
2243,18.5052999078018
2244,19.577832532554744
2245,20.899533710398973
2246,22.291834725440157
2247,23.684193160929308
2248,25.405188041285754
2249,27.373949425465895
2250,29.44256503561725
2251,31.52236901314551
2252,33.53256824386292
2253,35.44527390754527
2254,37.13070072452098
2255,38.38862380350257
2256,39.41934045695579
2257,40.37749702711234
2258,41.434929833271184
2259,42.62948674717825
2260,43.918462786301795
2261,45.17279689742314
2262,46.243260626198236
2263,46.98055271855003
2264,47.4203871145841
2265,47.73281111907274
2266,47.857268723581214
2267,47.953120015195694
2268,48.19828244248787
2269,48.56324915918767
2270,49.29715066559659
2271,50.28514414679677
2272,51.41090053713596
2273,52.63737886167128
2274,53.800287950414265
2275,54.87727820767882
2276,55.677377736767106
2277,55.953485346026085
2278,55.79023248063479
2279,55.33237623493735
2280,54.934041301180564
2281,54.61278200214318
2282,54.79461332661047
2283,55.333038248187165
2284,56.358923172297146
2285,57.55659901780953
2286,58.8053306205936
2287,59.951475700611354
2288,60.97471992634302
2289,61.824007258185105
2290,62.44701761962587
2291,62.95899366550001
2292,63.591492986050795
2293,64.3815346276346
2294,65.13630638268691
2295,65.52328599535255
2296,65.69036760368297
2297,65.71570334220387
2298,65.60780651983599
2299,65.21875560826786
2300,64.61175689957732
2301,63.89843838395632
2302,63.05778884279457
2303,62.122816261502905
2304,61.125147725531164
2305,60.21651707874642
2306,59.40804735704514
2307,58.579424404789776
2308,57.88540092495637
2309,57.2895214891265
2310,56.692695180639184
2311,56.01948284282775
2312,55.3741964664188
2313,54.665762241568466
2314,53.83958854297603
2315,52.85682133082006
2316,51.87508535893795
2317,51.12393252442705
2318,50.541652486169056
2319,50.08019889562414
2320,49.597135022974406
2321,49.120435617181315
2322,48.68599005461477
2323,48.337295102226506
2324,48.205405134081126
2325,48.1684374378018
2326,48.23716600861826
2327,48.294559751479966
2328,48.45653059528281
2329,48.814080639213344
2330,49.5115629364227
2331,50.2122871489443
2332,50.810173572934765
2333,51.43264613078698
2334,52.02024931738045
2335,52.45031616257683
2336,52.83870403182543
2337,53.17660147807169
2338,53.586925598448246
2339,54.008115139411395
2340,54.25549017727968
2341,54.28149609929615
2342,53.94298104458243
2343,53.52652725373627
2344,53.07490611698218
2345,52.7698442657522
2346,52.430503281227324
2347,52.2094712713973
2348,52.091846554328896
2349,52.122243717150226
2350,52.38633842868334
2351,52.860284503565445
2352,53.407676128643715
2353,53.91487845621248
2354,54.3173819335343
2355,54.69238653550873
2356,54.9457928810917
2357,55.11638267593054
2358,55.28286417564622
2359,55.34094798307024
2360,55.38954591581951
2361,55.50159781971454
2362,55.788185945148
2363,56.15421975223108
2364,56.47897964452884
2365,56.72471344529666
2366,56.83362030327156
2367,57.00924415251754
2368,57.2334069147832
2369,57.33585703421284
2370,57.19286850275926
2371,56.7789969740345
2372,55.8490375199056
2373,54.76620882915198
2374,53.71673254800466
2375,52.75001030192108
2376,51.82111005962244
2377,50.90643682659432
2378,50.04031804434446
2379,49.4099279798606
2380,49.16729624101232
2381,49.245002625381716
2382,49.468152831949595
2383,49.79725332729225
2384,50.25274976121057
2385,50.918604652877264
2386,51.627311098447095
2387,52.121631367401775
2388,52.370637079292464
2389,52.48179549421064
2390,52.406020572849094
2391,52.14089281903988
2392,51.734385023885515
2393,51.149262157865415
2394,50.64020526442792
2395,49.982208928115966
2396,49.24934085888602
2397,48.64555888968994
2398,48.19053055715948
2399,48.05750231075849
2400,48.3289089756367
2401,49.10705752467885
2402,50.12970475669884
2403,51.02796139411955
2404,51.8565469081129
2405,52.5216488684392
2406,53.05939115299603
2407,53.2942448128939
2408,53.35969885443322
2409,53.182541764695635
2410,52.70050420500449
2411,52.034667386031344
2412,50.86685131040855
2413,48.96933749672033
2414,46.415127278822624
2415,43.46397644918892
2416,40.30060650801949
2417,37.0683440313531
2418,34.06331205129761
2419,31.45874785839376
2420,29.355705920924223
2421,27.75987039815052
2422,26.69899584211611
2423,26.021690467401573
2424,25.76110767221004
2425,25.777546759873122
2426,26.129969575643734
2427,26.754418855799273
2428,27.460215716043606
2429,28.252316299228774
2430,29.138648701486144
2431,30.116295786888085
2432,31.226111074795675
2433,32.42481115633942
2434,33.67703469110175
2435,34.91610092367
2436,36.19073866955761
2437,37.335575862835896
2438,38.3719756025474
2439,39.39583915203016
2440,40.441796089724676
2441,41.44315622698332
2442,42.49155067388769
2443,43.529321196325796
2444,44.52226334784292
2445,45.517068717984074
2446,46.54423141252992
2447,47.50853059419356
2448,48.2910339891526
2449,49.0552833665246
2450,49.91618145362245
2451,50.66516278939758
2452,51.64925882112506
2453,52.73358125262587
2454,53.87391280322413
2455,55.21537281170567
2456,56.63626040744646
2457,57.99577167703865
2458,59.23810715934751
2459,60.348177975946456
2460,61.358644752919204
2461,62.32443709737288
2462,63.28068466235228
2463,64.24024987341726
2464,65.2235517086949
2465,66.13700276357795
2466,66.71432800408131
2467,67.12852721077444
2468,67.2875396851058
2469,66.96291190756446
2470,66.04204787753902
2471,64.25289166678394
2472,61.98014429203425
2473,59.47067446434448
2474,56.61795278582826
2475,53.63924218268848
2476,50.341573068358656
2477,47.13318596991435
2478,44.3208758243979
2479,41.99091902983316
2480,39.93010669975723
2481,37.93318237288107
2482,36.04057531590168
2483,34.40129595856398
2484,32.783628751594534
2485,31.261774534866905
2486,29.902856721876546
2487,28.860540588578427
2488,27.889598806840525
2489,26.83305715118663
2490,25.680021343284643
2491,24.742956833007206
2492,24.43377692269882
2493,24.79542235385233
2494,25.99186193510377
2495,27.605701719786158
2496,29.415660313135305
2497,31.632240174526327
2498,34.08853793853007
2499,37.10572218901747
2500,40.327327297034564
2501,43.48409064638429
2502,46.63858408266725
2503,49.95184092431128
2504,53.15739107576678
2505,55.704182107896116
2506,57.4649098715885
2507,58.70735232590198
2508,59.78827726115469
2509,60.33448777709354
2510,60.476567990634834
2511,60.509952334886066
2512,60.63092456264796
2513,60.78686135402949
2514,61.13494161370736
2515,61.55335937334226
2516,62.2800771325536
2517,62.96017116869365
2518,62.77386215486392
2519,61.895432481686065
2520,60.29766601396243
2521,58.03251725941178
2522,55.6486879737096
2523,53.46709550289315
2524,51.3593584473762
2525,49.40253462629157
2526,47.93253386430417
2527,47.08663314077869
2528,46.826598016920535
2529,46.97550453063605
2530,47.51311991348776
2531,48.32641240110453
2532,49.413685681261754
2533,50.27644248740487
2534,50.53981038856142
2535,50.25200287507048
2536,49.566385816216155
2537,48.954697907454225
2538,48.419849468523196
2539,48.28043583596487
2540,48.479002071325084
2541,48.63664770067308
2542,48.7613820005014
2543,48.625511857864055
2544,48.4265457890748
2545,48.27119153813553
2546,48.07427667308321
2547,47.7260650206675
2548,47.23069507860834
2549,46.718249631914915
2550,46.33379491315304
2551,46.14990388114428
2552,46.023726896560234
2553,45.97092777912577
2554,45.99942891904216
2555,46.02674993064073
2556,45.885665098897306
2557,45.61648530754602
2558,45.00749880405855
2559,44.42647440034924
2560,44.30203871098874
2561,44.83545516366921
2562,45.649349866322865
2563,46.70662649900716
2564,47.82678267416276
2565,48.80131854654813
2566,49.69076515972081
2567,50.33682508114619
2568,50.78675672985051
2569,50.868152224647666
2570,50.6449072180415
2571,50.33544195276089
2572,50.26965252785278
2573,50.14184477462871
2574,50.12584935630444
2575,49.789364852684585
2576,49.13044081494468
2577,48.033499441797375
2578,46.655310000813145
2579,45.350701681443944
2580,44.208999371131895
2581,43.252858648242004
2582,42.41051363388367
2583,41.62844800691433
2584,40.79629894881557
2585,39.88799754723379
2586,38.87841930135195
2587,37.823226086590566
2588,36.806048898747804
2589,35.86262113132071
2590,35.110866424054585
2591,34.76510602627801
2592,34.65964801088631
2593,34.883851852991484
2594,35.16913504897297
2595,35.49657148381911
2596,35.73927754108323
2597,35.98002622049319
2598,36.20567236659485
2599,36.370212399172416
2600,36.59479168442423
2601,36.77792212548539
2602,37.05047255972638
2603,37.156446893533854
2604,36.94745978645169
2605,36.718204895874194
2606,36.524581575219095
2607,36.54550798804628
2608,36.69957573226043
2609,36.74654211962661
2610,36.77437640856026
2611,36.98550790006193
2612,37.31259780954317
2613,37.78760654033847
2614,38.3365396267163
2615,38.92045073727013
2616,39.35484049146143
2617,39.61517471752576
2618,39.996774933220706
2619,40.56570222665564
2620,41.194586152893955
2621,41.99895463114751
2622,42.69875520722812
2623,43.51069540232379
2624,44.57926072654503
2625,45.89126971698894
2626,47.13357056834822
2627,48.13079345378162
2628,49.06897237720663
2629,50.153062473466356
2630,51.330846629129795
2631,52.475403083191004
2632,53.48716928224408
2633,54.26343578216557
2634,55.03458028279975
2635,55.85570373256106
2636,56.763124237758234
2637,57.649232364023064
2638,58.45836599189249
2639,59.21601304942783
2640,60.00418293172067
2641,60.86921433997159
2642,61.744304127405734
2643,62.56811041962611
2644,63.44141569369623
2645,64.42356891827939
2646,65.32031268818079
2647,65.93674593005149
2648,66.3679682195318
2649,66.54146820846202
2650,66.52255681514859
2651,66.24929580396312
2652,65.64559807698436
2653,64.42362741238284
2654,62.78773450668365
2655,60.83974593300083
2656,58.54425556368561
2657,55.955355186038155
2658,53.1071727184967
2659,50.30886007170129
2660,47.64964287476029
2661,44.993297334153795
2662,42.3411072684716
2663,39.766618439033174
2664,37.24213858403086
2665,34.780608949876196
2666,32.42490045730981
2667,30.199410186756285
2668,28.140081769134916
2669,26.081450407553938
2670,24.12434023005138
2671,22.19899326944315
2672,20.523847994709097
2673,19.21878886878938
2674,18.195886494706084
2675,17.509715108066025
2676,16.94558208020355
2677,16.5692078343557
2678,16.398493351323275
2679,16.249971751085063
2680,16.305375867473796
2681,16.502944640468616
2682,16.738553167473604
2683,17.087599420842153
2684,17.640283239758134
2685,18.386121474587732
2686,19.457509214053903
2687,20.570071080649676
2688,21.771144402991983
2689,23.194687301077067
2690,24.786901497686213
2691,26.31705585410597
2692,27.725249387492195
2693,29.040598171803794
2694,30.436600892837983
2695,31.79137479087354
2696,33.0259278108293
2697,33.96886788561758
2698,34.59229998023609
2699,34.835528015204446
2700,34.940059635167394
2701,35.056994477830386
2702,35.24147143370099
2703,35.4628306906215
2704,35.783811418299585
2705,36.21209550936235
2706,36.59118230288844
2707,37.10233052068168
2708,37.55649010905879
2709,38.082180857724666
2710,38.621592063450045
2711,39.10606753149139
2712,39.587228467425405
2713,39.868861837732055
2714,39.88605881543778
2715,39.65389544744455
2716,39.23839659586832
2717,38.68826789665236
2718,38.006620993633256
2719,37.35161677324202
2720,36.911372134444086
2721,36.76866864220787
2722,36.951018416309324
2723,37.42869421577337
2724,38.04094801031073
2725,38.6998777613158
2726,39.37780539273788
2727,40.16194511917337
2728,41.233009721461706
2729,42.75704040955568
2730,44.60644233370658
2731,46.7077096975561
2732,48.87433408694723
2733,50.91426963964202
2734,52.80587478530625
2735,54.54775994166872
2736,56.06320002770408
2737,57.37752812677705
2738,58.55322699579179
2739,59.72165164175699
2740,60.893677753602574
2741,61.91010578195086
2742,62.89059962844192
2743,63.6128762269564
2744,64.06705210490051
2745,64.20201309579794
2746,64.13362652808527
2747,64.03115649472196
2748,63.98158994278432
2749,63.98092936830709
2750,63.97193601863708
2751,63.98494881665694
2752,64.16162890450614
2753,64.58678834472849
2754,65.26064359520961
2755,65.98645134810468
2756,66.84025622503464
2757,67.96208425005904
2758,69.0887547296124
2759,70.00692324896286
2760,70.65842802507579
2761,71.30504291965536
2762,71.7689596244158
2763,72.13609751428092
2764,72.22326870681218
2765,72.19319643694165
2766,72.08217959761785
2767,71.73374476666768
2768,71.17608082432376
2769,70.60884937933555
2770,70.05253280820821
2771,69.5342112927296
2772,69.08546267754602
2773,68.58279354457247
2774,67.98340075028163
2775,67.21798944698408
2776,66.35372335702714
2777,65.45031476873717
2778,64.45992342234122
2779,63.54054764380749
2780,62.83998373877377
2781,62.212312054925775
2782,61.31438631795339
2783,60.2260430531623
2784,59.25059289371973
2785,58.2362859311406
2786,57.143936205251705
2787,56.17730044069816
2788,55.18501145968166
2789,54.06436653656139
2790,52.88825369542755
2791,51.57095044809926
2792,50.23291622827679
2793,49.06882645703125
2794,47.86218050159643
2795,46.72636347219586
2796,45.66830535578609
2797,44.59251760427411
2798,43.80914392514467
2799,43.48664033864258
2800,43.42344737963761
2801,43.49945694467932
2802,43.940173361628354
2803,44.6622669016633
2804,45.58426412847427
2805,46.63087018083817
2806,47.71996550630598
2807,48.78641853181921
2808,49.992566957939864
2809,51.51454991986455
2810,53.23307882257473
2811,54.94222323899327
2812,56.36303286055582
2813,57.52268318497732
2814,58.33480922689466
2815,58.80450384340425
2816,59.268013049002874
2817,59.7674007604994
2818,60.5267366354095
2819,61.3844012515191
2820,62.03839004351489
2821,62.35283589517508
2822,62.42488450007787
2823,62.166432759626275
2824,61.71961438987479
2825,61.196078455132465
2826,60.65638001432579
2827,60.294504976906296
2828,60.220807166368466
2829,60.152632594373515
2830,60.05504299486969
2831,59.75000526461967
2832,59.24257469779786
2833,58.73917320189481
2834,58.38182654068945
2835,57.97592656703062
2836,57.418383620536545
2837,56.757931896915565
2838,55.86765961118435
2839,54.81234003667639
2840,53.919952338442414
2841,52.973048302959526
2842,51.80591486867599
2843,50.25741161732555
2844,48.474730117029466
2845,46.6979084206889
2846,45.01504236517708
2847,43.7959888436074
2848,43.05483664152683
2849,42.6222264196458
2850,42.2458555266093
2851,41.85997457584629
2852,41.612161505050466
2853,41.43060434179557
2854,41.28822525656962
2855,40.981101990713796
2856,40.26062599912494
2857,39.33388545774018
2858,37.972567486017816
2859,36.09318303094657
2860,33.91625968905128
2861,31.49867878346852
2862,28.97800876434691
2863,26.51508102588883
2864,24.181239609945216
2865,22.06104983312351
2866,20.19142138530048
2867,18.526579270562777
2868,17.177166596252533
2869,16.20091755154636
2870,15.597283809866742
2871,15.415572866849832
2872,15.599679227442714
2873,16.034308544941922
2874,16.59759133845875
2875,17.10831447271326
2876,17.528332504361092
2877,17.941460416478705
2878,18.223654351434842
2879,18.67093795016139
2880,19.223001285460025
2881,19.80162946832106
2882,20.327045338672715
2883,20.941220720332147
2884,21.70586770990668
2885,22.681755246419222
2886,23.787452786502524
2887,25.001942746350494
2888,26.29021041793586
2889,27.750703310715792
2890,29.486300484680513
2891,31.490112600834266
2892,33.67090970544272
2893,35.876205316065864
2894,37.98795902186494
2895,40.034067141043046
2896,41.98218080065254
2897,43.84235591024451
2898,45.508943933781794
2899,47.13474596274786
2900,48.284018352601855
2901,49.003658779161114
2902,49.43815143813931
2903,49.79860531108757
2904,50.08257691924243
2905,50.270325751120836
2906,50.532339759587174
2907,50.76029194695289
2908,50.945089548837856
2909,51.25130935559571
2910,51.508974632411956
2911,51.68776638633484
2912,51.81002577839308
2913,51.99084273668976
2914,52.35366436194507
2915,52.957131515181814
2916,53.510601826775854
2917,54.093221794734625
2918,54.49233221333844
2919,54.74397205865503
2920,55.10598498707343
2921,55.32615486606934
2922,55.26523351887244
2923,54.98663598956958
2924,54.48423634556214
2925,53.854784763693885
2926,53.023784927138415
2927,51.883331022927514
2928,50.43392455217426
2929,48.855428634684365
2930,47.39323144744248
2931,45.74602751831411
2932,43.92396783708196
2933,42.03793495686048
2934,40.34850891843575
2935,38.78964817467516
2936,37.55242681773455
2937,36.49418533688584
2938,35.83835309147048
2939,35.82091638633768
2940,36.23907020946356
2941,36.974896223043515
2942,37.98011398165338
2943,39.1663144145933
2944,40.23226556313411
2945,41.495657411152266
2946,42.70825678366138
2947,43.84813789332888
2948,44.81832836225151
2949,45.86959419136173
2950,46.99392139258002
2951,48.1993486594301
2952,49.43939406728325
2953,50.47045355494804
2954,51.16930469099293
2955,51.81886620132624
2956,52.27999122463005
2957,52.75539528809922
2958,53.171168152865384
2959,53.81449922824403
2960,54.63223832032806
2961,55.409236224253775
2962,55.82335754675804
2963,56.04258028475702
2964,56.23330406681613
2965,56.497354876642085
2966,56.708718432168396
2967,56.86116195929141
2968,57.07956040360315
2969,57.3047836542925
2970,57.41380969233999
2971,57.403735043365145
2972,57.16574179669429
2973,56.923802381516126
2974,56.69755494706555
2975,56.715544570837665
2976,57.07214667652234
2977,57.53074739540415
2978,57.78701785791705
2979,57.66997678898229
2980,57.06915301034761
2981,56.16388210664122
2982,55.0294304688818
2983,53.82033514535252
2984,52.558021194824455
2985,51.28205063924497
2986,49.94627008042071
2987,48.656583015081935
2988,47.61733208394724
2989,46.75377920174775
2990,46.2359115331472
2991,45.84731792564499
2992,45.51006659988181
2993,45.168266016045344
2994,44.80658342282058
2995,44.52079844947177
2996,44.36002090031652
2997,44.59077493960528
2998,45.31594183637823
2999,46.439314668850685
3000,47.80864469421294
3001,49.42565335018244
3002,51.47399448706787
3003,53.84125240419031
3004,56.25940056138745
3005,58.46435603791239
3006,60.53913662736247
3007,62.34546075784543
3008,63.70707854481528
3009,64.82277416235611
3010,65.80637791828745
3011,66.37262919466045
3012,66.24922688249298
3013,65.36220403668253
3014,63.90779368044552
3015,62.148678170187864
3016,60.08185674143685
3017,57.95183684700076
3018,55.87951824903036
3019,53.93060151835353
3020,52.226242675070594
3021,50.74345048141444
3022,49.6145122147279
3023,48.609195520058286
3024,47.65532848623966
3025,46.43009672166391
3026,44.9353515919019
3027,43.284516184828
3028,41.58981514151745
3029,40.023778351946035
3030,38.56634717743424
3031,37.206166506309174
3032,35.987283698348676
3033,34.752757704172026
3034,33.59255277474751
3035,32.51348132218081
3036,31.533287579257816
3037,30.57997390119291
3038,29.743976491678467
3039,29.153527894779877
3040,29.058904302951646
3041,29.494907563219744
3042,30.324182021741002
3043,31.43732955315438
3044,32.8718817365691
3045,34.28556224947707
3046,35.49966463028599
3047,36.63430464176081
3048,37.60618733615885
3049,38.49739448713203
3050,39.07368697934969
3051,39.110994589329685
3052,38.7679582425201
3053,38.55275572491051
3054,38.26692094622408
3055,38.03139039017948
3056,37.79106283886911
3057,37.73350269903576
3058,37.590779764293615
3059,37.34235017072217
3060,37.08067248289707
3061,36.897602314366026
3062,36.59182063886957
3063,36.165596445451754
3064,35.730475471642436
3065,35.19037275909826
3066,34.676388897940434
3067,34.123096427388475
3068,33.59247605949288
3069,33.37617137098686
3070,33.21327158610789
3071,32.903255776111536
3072,32.64999464895562
3073,32.71380730999214
3074,33.067616139198236
3075,33.88100332948145
3076,35.12606893070962
3077,36.403637316381776
3078,37.51512181191656
3079,38.59959300401516
3080,39.60454963729174
3081,40.53057131279669
3082,41.579516339438875
3083,42.77506788581647
3084,44.12729439793296
3085,45.74335952392593
3086,47.567505608947755
3087,49.35305943804671
3088,50.96078398539798
3089,52.21656416036489
3090,53.00848823011569
3091,53.341770599795026
3092,53.2091643924625
3093,52.60827642562401
3094,51.737459740294554
3095,50.82763494803557
3096,50.017673085630136
3097,49.27971628812098
3098,48.605321212363144
3099,47.93034871829785
3100,47.154033130168074
3101,46.29112866108241
3102,45.28813754480595
3103,44.16345536708904
3104,42.907165742512284
3105,41.60693389233144
3106,40.300757237369695
3107,39.1762042300101
3108,38.38765239906634
3109,37.543316373072365
3110,36.71699061195842
3111,35.79582130203892
3112,34.8001155108795
3113,33.70346676639567
3114,32.542882348330934
3115,31.347676606733412
3116,30.41739847692892
3117,29.61376106087646
3118,28.91742076246069
3119,28.5113771831558
3120,28.225657064451024
3121,28.045147137864646
3122,27.871593027854075
3123,27.5205448342886
3124,27.126209021842463
3125,26.81371609720747
3126,26.538139376880522
3127,26.424821393148104
3128,26.4467209540627
3129,26.72175824217272
3130,27.17364592120481
3131,27.808467077515225
3132,28.603700885890596
3133,29.515268288190956
3134,30.543352180068098
3135,31.437785166001213
3136,32.383967713456364
3137,33.08151227793333
3138,33.335761547351375
3139,33.29850747795355
3140,33.02361113898448
3141,32.64793442188242
3142,32.19737776494518
3143,31.490244079072376
3144,30.786845246162624
3145,30.039041833314737
3146,29.118091090632134
3147,28.206606163444306
3148,27.41109217491224
3149,26.69944287445763
3150,26.197449074739094
3151,25.921703830574057
3152,25.81997815481121
3153,25.922638936866303
3154,26.188807319290362
3155,26.615851386384488
3156,27.08684737205295
3157,27.8325405954277
3158,28.853080107151243
3159,29.892892398761695
3160,30.542515040424977
3161,30.792414276495307
3162,30.56751820254199
3163,30.34730516215636
3164,30.19723914146983
3165,29.91846072340827
3166,29.525721573697833
3167,29.166526805057906
3168,29.06816942413246
3169,29.313519747789087
3170,29.684574059115278
3171,30.00041487764559
3172,30.1342452951404
3173,30.005761351606893
3174,29.717661548025113
3175,29.370406497908903
3176,29.018987701247696
3177,28.799423578430748
3178,28.905035852174116
3179,29.379357239846797
3180,30.123441425762667
3181,31.00100571292126
3182,31.85320024009505
3183,32.69499387125294
3184,33.52054657047067
3185,34.218932718557184
3186,34.80027111132361
3187,35.466074700688395
3188,36.28421235961077
3189,37.39120156974393
3190,38.47221245784813
3191,39.64405135008378
3192,40.663551186328796
3193,41.87721567531195
3194,43.39149493810178
3195,45.072752064761005
3196,46.94138313075007
3197,48.707587852615845
3198,50.030986480679736
3199,51.2235134281965
3200,52.477166838539404
3201,53.72557307100708
3202,54.90291351382368
3203,55.71383207039813
3204,55.90080138093954
3205,55.69150297872588
3206,55.23976145706658
3207,54.70351680960894
3208,54.25216087558895
3209,53.82354018535911
3210,53.443095084139884
3211,52.97894163302649
3212,52.42725116489832
3213,51.90144776610528
3214,51.36285849404007
3215,50.780222238530044
3216,50.279048377840176
3217,49.62621727351293
3218,48.81295829638055
3219,47.756432608636615
3220,46.3537115746335
3221,44.81912435302437
3222,43.33816009299596
3223,41.97326155185745
3224,40.51627614168882
3225,38.97565992191041
3226,37.6252278845768
3227,36.41932803019425
3228,35.41172064315194
3229,34.8136783447326
3230,34.41211945331489
3231,34.27140731058223
3232,34.19348374777016
3233,34.11288704034611
3234,33.79568891856103
3235,33.22100311820619
3236,32.4344366296593
3237,31.45206413651661
3238,30.23359723936609
3239,29.092421491642607
3240,28.204768169903545
3241,27.60605430741318
3242,27.128757521052098
3243,26.84041690489516
3244,26.956748608053097
3245,27.5195559222648
3246,28.16292073490121
3247,28.79917310491487
3248,29.704412947071635
3249,30.49197160974802
3250,31.48276492632541
3251,32.5696170257779
3252,33.77420651179573
3253,35.0003612900217
3254,36.179983207999584
3255,37.43309438109601
3256,38.64525034744712
3257,39.80704031988117
3258,40.796000781668965
3259,41.50673777811711
3260,42.29482288628202
3261,43.25718253083586
3262,44.524984525876675
3263,45.80817559175624
3264,47.12722812672392
3265,48.38537059436061
3266,49.51546429857268
3267,50.149017085563536
3268,50.16691773505056
3269,49.552711925999745
3270,48.33425841038746
3271,46.67369868658696
3272,44.72164811613105
3273,42.76384921477252
3274,41.046475815927536
3275,39.52726980978715
3276,38.20534313094948
3277,37.28332065109087
3278,36.745927404206434
3279,36.44448482363882
3280,36.43797525249741
3281,36.71905650776448
3282,37.164648384778445
3283,37.46689137082921
3284,37.61504383689206
3285,37.65608900955431
3286,37.83191491773049
3287,38.36640612974776
3288,39.186422036246746
3289,40.209795244783685
3290,41.679852609886055
3291,43.564168990273245
3292,45.628272331284705
3293,47.6340258559773
3294,49.47088626588129
3295,51.14906390090609
3296,52.705650390612576
3297,54.20185455072448
3298,55.751868118717184
3299,57.362211611166984
3300,58.92351262544253
3301,60.25659228462945
3302,61.36719768623291
3303,62.22964197860047
3304,63.00607293076861
3305,63.767940918771004
3306,64.43076606833309
3307,65.31583111984911
3308,66.15312672246816
3309,66.90246167411256
3310,67.47953220958112
3311,67.96707104361515
3312,68.485883035
3313,69.14119693954544
3314,69.83065178439723
3315,70.43472168374414
3316,71.002003948876
3317,71.63453768720098
3318,72.15603209605834
3319,72.49394196900784
3320,72.40550371539483
3321,71.74009986105574
3322,70.61250143019349
3323,69.1169912056397
3324,67.24617443671903
3325,64.79577640145662
3326,61.507706244632395
3327,57.96923134477185
3328,54.39171444698984
3329,50.58498607840689
3330,46.64181946430508
3331,43.11161914264068
3332,40.35007421850854
3333,38.177636672871266
3334,36.47066439892019
3335,34.797160926837655
3336,33.07732760093416
3337,31.31297564668542
3338,29.87807042110844
3339,29.08225142477029
3340,28.854437083225346
3341,29.156079509057292
3342,29.85205366573959
3343,30.480190306536567
3344,30.79020160752989
3345,30.97277423143363
3346,30.842131034293338
3347,30.636910398250162
3348,30.36124681210184
3349,30.20394277281519
3350,29.92941048573829
3351,29.36791002083239
3352,29.07062625739441
3353,28.93213770413786
3354,29.010794768938393
3355,28.967802553971627
3356,29.24072710847537
3357,30.073462507650998
3358,31.659977460403113
3359,33.647688135321154
3360,35.813465043995784
3361,38.06167059399518
3362,40.509103099857846
3363,42.63836937995836
3364,44.67248257998335
3365,46.45448379752243
3366,47.52889790352806
3367,47.59610165986396
3368,46.91051469087
3369,45.53896012056999
3370,43.54554534369627
3371,41.14235303932597
3372,38.561752731306164
3373,35.88285388744619
3374,33.38857241337648
3375,31.18753922616373
3376,29.34725929204052
3377,28.147420493249758
3378,27.461114067943374
3379,27.237604542142236
3380,27.138644719968237
3381,27.14762980461862
3382,27.09123136132989
3383,26.995369580647733
3384,26.92070411747337
3385,26.61597381764632
3386,26.118980214147157
3387,25.571869079052107
3388,25.11130184405608
3389,24.63663825668121
3390,23.962532315913037
3391,23.120250572541877
3392,22.194612042474095
3393,21.507829822980923
3394,21.061734737020902
3395,20.719901899276564
3396,20.341673367242063
3397,20.198326696976615
3398,20.287628983493196
3399,20.49879717434454
3400,20.706234056421415
3401,20.784372851916405
3402,20.872690742306034
3403,20.93511996160041
3404,21.027067944378864
3405,21.48301173469347
3406,22.22865122630691
3407,23.15540925869199
3408,24.36362342384111
3409,25.53938696496879
3410,26.752912943931
3411,28.19559639159212
3412,30.084993806706343
3413,32.29778847508172
3414,34.69114856258345
3415,37.13048002310763
3416,39.57633746976945
3417,42.172483087242824
3418,44.85266310692161
3419,47.71568871961951
3420,50.206521002666676
3421,52.88482391134272
3422,55.38682908874489
3423,57.68461324614278
3424,59.696259875459845
3425,61.373444499750015
3426,62.80652992529821
3427,63.96278972101358
3428,64.94199133628076
3429,65.75664147846707
3430,66.41804441671987
3431,67.0228913350652
3432,67.50985669607448
3433,67.6028953955124
3434,67.42347217349533
3435,66.83499821714855
3436,65.9446309339135
3437,64.76582698584872
3438,63.22474759983231
3439,61.38100467625149
3440,59.03812814664596
3441,56.52633001300164
3442,53.70374912200636
3443,50.74701002055003
3444,47.82176556617513
3445,45.026497740004196
3446,42.421974535659004
3447,40.281358524252894
3448,38.61167046968103
3449,37.365302662761096
3450,36.496712772125605
3451,36.05196696502748
3452,35.73657926274234
3453,35.62768418908237
3454,35.68614889734807
3455,35.90053672097952
3456,36.094690070787145
3457,36.356713733863096
3458,36.763763891703206
3459,37.325644439453
3460,38.05034818219579
3461,38.97034214650164
3462,40.113105045501854
3463,41.25913009514655
3464,42.41588007413255
3465,43.5460734926003
3466,44.77334568206306
3467,45.98770063844203
3468,47.03960574840136
3469,47.93674261127471
3470,48.58566523709287
3471,49.0178458369095
3472,49.40821616779019
3473,49.82398405837222
3474,50.13406259657253
3475,50.284057342388806
3476,50.319749588802324
3477,50.3508018431821
3478,50.29636918064849
3479,50.02320662203027
3480,49.595338215445146
3481,49.02856856296752
3482,48.43875210799084
3483,47.65828447656021
3484,46.706947308842
3485,45.593384594644576
3486,44.38125693946588
3487,43.2442924863311
3488,42.19047019503068
3489,41.35787911894545
3490,40.858650634522355
3491,40.43802338245787
3492,40.012747123444505
3493,39.60913957209792
3494,39.219482463487516
3495,38.591966672741385
3496,37.538664322300086
3497,36.05651240848199
3498,34.311935961928114
3499,32.23897098291383
3500,30.298163171126983
3501,28.72559159151119
3502,27.79484169736051
3503,27.629248220792732
3504,28.057586318953973
3505,29.004762841308228
3506,30.309072144102075
3507,31.942256853454
3508,33.701201892059444
3509,35.841166932774684
3510,38.09289318846116
3511,40.59612833754503
3512,43.43627020281684
3513,46.36501032626931
3514,49.28864727098495
3515,51.88687224274617
3516,54.0454495883377
3517,55.849687671386896
3518,57.36482705306949
3519,58.799657316203074
3520,60.38532993352265
3521,62.01057152765183
3522,63.681450674418286
3523,65.24068948838787
3524,66.28364971232882
3525,66.90978813791409
3526,67.04930143323115
3527,66.80237260393704
3528,66.27400361666903
3529,65.70687254883185
3530,65.0643152478248
3531,64.2179882068653
3532,63.27793197042828
3533,62.411980186679074
3534,61.65860213481727
3535,60.87395611592609
3536,60.09217042341072
3537,59.06905076823172
3538,57.72763856236085
3539,56.37795507216984
3540,54.96974101233949
3541,53.467071217355134
3542,51.586188184953095
3543,49.35115608734263
3544,47.01522815426077
3545,44.63112129121279
3546,42.27398923570127
3547,40.10612676483782
3548,38.29730216883555
3549,37.2952401463932
3550,36.644570496833985
3551,36.532926371855254
3552,36.88988529730017
3553,38.02621624683246
3554,39.993657921208595
3555,42.247067973381434
3556,44.77451913005148
3557,47.45129859907385
3558,50.02561967290934
3559,52.35547633194317
3560,54.19763948960478
3561,55.61642266891497
3562,56.670405288019026
3563,57.39302690582444
3564,57.83001484118175
3565,58.10560847687688
3566,58.112468315027954
3567,57.869120115756715
3568,57.51982455072985
3569,56.75290307989643
3570,55.524564012121274
3571,54.13577495720892
3572,52.67928245762212
3573,51.137505697879305
3574,49.57487184999571
3575,48.05241680541391
3576,46.82431408853983
3577,45.864796473363306
3578,45.049584696837115
3579,44.262167248205294
3580,43.401323146950304
3581,42.44249708331584
3582,41.55273353740249
3583,40.70134130262342
3584,39.81936184133004
3585,38.80599974794584
3586,37.745084417910036
3587,36.678056051949426
3588,35.82403308328179
3589,35.14168891129317
3590,34.53343420103869
3591,34.00425260311728
3592,33.4354774955759
3593,32.809399545795266
3594,31.96555571784998
3595,31.00609194200339
3596,29.954871193893638
3597,28.825700313720887
3598,27.68647926158982
3599,26.37552290522568
3600,24.87315302448975
3601,23.23955708936853
3602,21.41280954981729
3603,19.457109917865647
3604,17.638648807787828
3605,16.207090339939665
3606,15.257288954091454
3607,14.613350347930915
3608,14.24903045865819
3609,14.497053284935113
3610,15.576117894107345
3611,17.58898089225712
3612,20.24001729659738
3613,23.43182244788381
3614,26.788370412292082
3615,30.09293191029622
3616,33.294914909868005
3617,35.878544141808526
3618,37.957396681044074
3619,39.618111518046874
3620,41.07667666577239
3621,42.5230590506262
3622,43.97161844529552
3623,45.20208831474146
3624,46.0525916482588
3625,46.39470154588436
3626,46.54486536556587
3627,46.44955958734363
3628,46.10656170854672
3629,45.452412228196195
3630,44.779458881406924
3631,44.03940592310788
3632,43.54111666357719
3633,43.06065475401509
3634,42.79888865276669
3635,42.81829354953987
3636,42.83584482483607
3637,43.0381290696827
3638,43.314409848612975
3639,43.41223587921824
3640,43.45415261679152
3641,43.609989977033585
3642,44.09001721866859
3643,44.657568879576885
3644,45.28732014854747
3645,45.85643974472784
3646,46.2132374086447
3647,46.45521417635328
3648,46.66573396425974
3649,46.62713005551347
3650,46.53496886187845
3651,46.56725934424428
3652,46.5686734598503
3653,46.212470612166626
3654,45.65951715968618
3655,45.046655540138886
3656,44.68051348365735
3657,44.44698513112409
3658,44.32665792574773
3659,44.28751272696145
3660,44.34969319052302
3661,44.226623708314484
3662,44.155193122382336
3663,44.27706944171152
3664,44.62488708822762
3665,45.1526590748716
3666,45.85407419207013
3667,46.620045882109
3668,47.525033979566786
3669,48.63336678808507
3670,49.90351079030194
3671,51.33205543591569
3672,52.8380316256785
3673,54.47374826599571
3674,56.39592339400041
3675,58.47698894111521
3676,60.49525849090588
3677,62.458368087199226
3678,64.01587959995575
3679,65.34361185343714
3680,66.49112011266458
3681,67.43166486184276
3682,68.24052415093482
3683,68.83010884887085
3684,69.22995952028077
3685,69.71366611724284
3686,70.21319249870996
3687,70.69000236562923
3688,71.09953618714333
3689,71.49641789199653
3690,71.81925073081693
3691,72.2182531709314
3692,72.5310847287702
3693,72.80887229478142
3694,73.0533697485844
3695,73.17669713747271
3696,73.01291040260946
3697,72.5523639031017
3698,71.87168023599304
3699,71.21349932300558
3700,70.48029532413855
3701,69.69119687234723
3702,68.65874538093226
3703,67.37192102448239
3704,66.01325046140167
3705,64.83120707152143
3706,63.64228245182227
3707,62.37710632756378
3708,60.93527959389709
3709,59.32350087043484
3710,57.46181078093161
3711,55.33931623337853
3712,52.69113953018632
3713,49.654789980076416
3714,46.58274556470673
3715,43.500088597726524
3716,40.41499564237728
3717,37.27820591265609
3718,34.228471988989604
3719,31.396328152971627
3720,29.048365866848595
3721,27.115800942979654
3722,25.65784508697493
3723,24.811806096430523
3724,24.603983322560655
3725,25.19627088511049
3726,26.531789828912157
3727,28.1609634857611
3728,29.935630344977753
3729,31.588430577690353
3730,33.04587341100908
3731,34.349919912338095
3732,35.49503767436859
3733,36.32065967643672
3734,36.619611582797596
3735,36.36900116794352
3736,35.83425633198244
3737,35.032385924217394
3738,33.98632947903977
3739,32.6884314994372
3740,31.42232155103783
3741,30.30280693517503
3742,29.41051649328449
3743,28.5727035504867
3744,27.733333576313935
3745,26.87944261705593
3746,26.28208673956236
3747,26.089463851121288
3748,25.96501399246145
3749,26.105711084573702
3750,26.5858511570037
3751,27.335150580414954
3752,28.252539838365756
3753,29.70121718309295
3754,31.83935366599829
3755,34.42855760927024
3756,37.29740604961364
3757,40.28930490274607
3758,43.0849884000309
3759,45.699798823272914
3760,48.249030013754556
3761,50.61219964168946
3762,52.66815721799282
3763,54.35748717025999
3764,56.005047418590216
3765,57.70075764528785
3766,59.14875187731958
3767,60.116767893920866
3768,60.70945500917531
3769,61.18980627202865
3770,61.25964007077532
3771,60.98403273142647
3772,60.41783133548563
3773,59.67161221698421
3774,58.91842518568322
3775,58.14848304873031
3776,57.57402192779308
3777,57.27117823870469
3778,57.49387459323262
3779,57.94179945026989
3780,58.26985338279266
3781,58.17155555614181
3782,57.590469783606736
3783,56.53647077641719
3784,55.11513728897083
3785,53.46682779059618
3786,51.584250633823245
3787,49.45319748309731
3788,46.86778917356337
3789,43.866239278449136
3790,40.76451678649177
3791,37.83952727680082
3792,35.2011715389671
3793,32.75039857110065
3794,30.37614461356613
3795,28.23835803138561
3796,26.510574393303806
3797,25.301716984862388
3798,24.46808656065999
3799,23.80892906736327
3800,23.099905272678797
3801,22.294638258191505
3802,21.57109491481652
3803,21.106725413396017
3804,20.820412586598867
3805,20.527525861770545
3806,20.23640600496085
3807,20.078980851953453
3808,20.016357240760634
3809,20.098892370557863
3810,20.242358407149673
3811,20.394177115941467
3812,20.727401301332023
3813,21.133777983579407
3814,21.342850496114565
3815,21.332954861301257
3816,21.34365926036242
3817,21.59332951200771
3818,21.97714196460764
3819,22.31105879836958
3820,22.509409064448004
3821,22.60919314490135
3822,22.42177598002933
3823,22.02426480423484
3824,21.285900450223156
3825,20.52060582914689
3826,19.858991204489836
3827,19.471767153666658
3828,19.329276536738202
3829,19.39836455218944
3830,19.63356859494072
3831,20.028461349780088
3832,20.434594669422403
3833,20.953210268396326
3834,21.373165937891795
3835,21.536516217274333
3836,21.49109293886346
3837,21.24413493521648
3838,20.79722744898914
3839,20.24160311526999
3840,19.66509531478423
3841,19.0932225586792
3842,18.28766423667661
3843,17.224460750724642
3844,16.18408516867393
3845,15.198632836028864
3846,14.506624314937108
3847,14.205127277012009
3848,14.24572060691785
3849,14.813450241485631
3850,15.853572068674964
3851,17.081136587348126
3852,18.288691510450544
3853,19.476980508819754
3854,20.601383818167143
3855,21.70749392044489
3856,22.754036530908323
3857,23.602749345194784
3858,24.229151215511127
3859,24.558012465871542
3860,24.719714585297506
3861,24.768322452838365
3862,24.789124768382813
3863,24.790029517880363
3864,24.593482898723657
3865,24.29814505587463
3866,23.838707931734184
3867,23.35685086878287
3868,22.958012490314808
3869,22.79734092656383
3870,22.753024095836487
3871,22.966227260376392
3872,23.36682935107876
3873,23.834993776014706
3874,24.32307237759276
3875,25.003169917449622
3876,25.594854777125093
3877,26.445854550604764
3878,27.390367372470635
3879,28.227510574115502
3880,29.12728797604118
3881,30.169560125983836
3882,31.40526267268679
3883,32.715134734599516
3884,33.935639086963526
3885,35.070303857447634
3886,35.986393453720865
3887,36.46416949614117
3888,36.43427097601166
3889,36.13500523197904
3890,35.809160898198456
3891,35.6403565167711
3892,35.63998574285414
3893,35.78836758882986
3894,36.09711637393042
3895,36.51581960545383
3896,37.05548824387995
3897,37.722472533666085
3898,38.455250098108394
3899,39.169310288078066
3900,40.03088070258211
3901,40.902409881536585
3902,41.83299592665389
3903,42.61441117785175
3904,43.388401527315224
3905,44.335352378619376
3906,45.44572371012356
3907,46.60844553165671
3908,47.9494892789913
3909,49.450240887320035
3910,51.240472108843065
3911,53.24118943275779
3912,55.34599075404942
3913,57.57572073481683
3914,59.777586095480544
3915,61.87741902567389
3916,63.78125653215653
3917,65.34476204942845
3918,66.77377170924535
3919,68.07529479842101
3920,69.2135811738768
3921,70.01612311478786
3922,70.54807980066053
3923,70.9610456598531
3924,71.27205903676044
3925,71.7291296230334
3926,72.1501953131339
3927,72.5402389493128
3928,72.84600753721205
3929,73.00748676870943
3930,72.96460114723997
3931,72.87575711620724
3932,72.78334916530011
3933,72.70295424801088
3934,72.67387496029849
3935,72.82516928907725
3936,73.03813282159459
3937,73.21589695600844
3938,73.3490822912719
3939,73.44358688707146
3940,73.48818560495155
3941,73.48122839065073
3942,73.4062872519391
3943,73.2221995207531
3944,72.79966226551977
3945,72.22158940144026
3946,71.62905643803194
3947,70.89103795555619
3948,70.19496341847262
3949,69.54362902806452
3950,68.59540297621142
3951,67.18585889266815
3952,65.00419816198982
3953,61.93016575816012
3954,58.43992476240396
3955,54.61036899769236
3956,50.735256236890486
3957,46.878279147369035
3958,43.04274825495771
3959,39.777407998423115
3960,37.045006357358744
3961,34.65867500374043
3962,32.43100675370917
3963,30.724573693543284
3964,29.247416340444445
3965,28.35580313639974
3966,27.75968351314767
3967,27.233999034331617
3968,26.643848145670717
3969,26.182087028134802
3970,25.778771100005976
3971,25.282179340340342
3972,24.526798614828998
3973,23.763409441931802
3974,23.267597818936007
3975,22.911256024791946
3976,22.60172183623304
3977,22.52417549336562
3978,22.68773461192756
3979,22.899123686336484
3980,23.237171490928453
3981,23.714282064440525
3982,24.263242420800502
3983,25.195544454031225
3984,26.307933832346475
3985,27.44653599362009
3986,28.246346461633493
3987,28.697776668422293
3988,28.82410120192222
3989,28.701119211195696
3990,28.594124879263628
3991,28.38310856514849
3992,27.993049711652528
3993,27.776131612361144
3994,27.898208484981122
3995,28.263033519383523
3996,28.895574130458456
3997,29.63116693361316
3998,30.454564726700205
3999,31.382132565234905
4000,32.2655000203837
4001,33.15216475116921
4002,33.995845033272786
4003,34.78257651433382
4004,35.42889892507133
4005,35.92409241820749
4006,36.30056821389019
4007,36.70942064536495
4008,37.25864558586761
4009,38.07206776554325
4010,39.05858174117412
4011,40.2178229688364
4012,41.313123486009
4013,42.452875913391814
4014,43.700426351747296
4015,44.88390142748453
4016,46.06287178648272
4017,47.067744653561924
4018,48.073181352837246
4019,48.753073164092086
4020,49.17942326817006
4021,49.33369520110597
4022,49.48704899172201
4023,49.570012443562845
4024,49.468652414732844
4025,49.00654978540566
4026,48.16560938091325
4027,47.30206676332206
4028,46.35566739991558
4029,45.59275114859514
4030,45.05002850845432
4031,44.74659088810641
4032,44.909213687909855
4033,45.180016145267565
4034,45.56270690462477
4035,45.83336486269948
4036,46.02569968977697
4037,46.22403904342059
4038,46.30369439249368
4039,46.07391958736264
4040,45.46722732033345
4041,44.513570487274926
4042,43.28180833401736
4043,41.92197476126232
4044,40.40585619425811
4045,39.136982374147124
4046,38.12567770103733
4047,37.24584263543182
4048,36.28454653704447
4049,35.28385282946284
4050,34.27156961102993
4051,33.277034373655205
4052,32.38622424811738
4053,31.491837169020165
4054,30.451250468864437
4055,29.219532220628068
4056,27.86285730278546
4057,26.341493541938924
4058,24.975656784841277
4059,23.661297648576312
4060,22.609866566351393
4061,21.602407800146334
4062,20.649426913472688
4063,19.673635964706754
4064,18.657173414710737
4065,17.72184530564014
4066,16.99130307372497
4067,16.52035688908873
4068,16.24661435957933
4069,16.133290785745857
4070,16.0990014987394
4071,16.25255894295997
4072,16.537736362892332
4073,16.932138064064798
4074,17.502380722630626
4075,18.26088233268651
4076,19.20835156448294
4077,20.233642484446996
4078,21.037398193965892
4079,21.55886255365973
4080,21.895319856640796
4081,22.121150720296647
4082,22.061127908969375
4083,21.84393788045292
4084,21.458638654295875
4085,20.813826621543274
4086,20.08933903456305
4087,19.32042854189243
4088,18.41104995344197
4089,17.463987264660226
4090,16.444987853596615
4091,15.422961942120537
4092,14.379841168550088
4093,13.36929458846043
4094,12.50493727712246
4095,11.862578791063367
4096,11.372380427047759
4097,11.339582729070095
4098,11.840561980754881
4099,12.782067896093984
4100,14.221352978935045
4101,15.997271852074594
4102,17.937341215047134
4103,19.986022867529687
4104,21.76837590518951
4105,23.599073859699693
4106,25.483878842283342
4107,27.424732276659228
4108,29.377695586751265
4109,31.352201250971113
4110,33.35224339340419
4111,35.28326038033325
4112,37.1231537269409
4113,38.91316013666419
4114,40.55672419174975
4115,42.111119106653234
4116,43.4250352309205
4117,44.475463501870976
4118,45.4075116148971
4119,46.196193787289445
4120,46.870978500184165
4121,47.37533937022723
4122,47.625293512378875
4123,47.583447909437794
4124,47.32353467341832
4125,46.8057911395904
4126,45.95516038526412
4127,44.99736448096918
4128,44.09846363818358
4129,43.203776768541054
4130,42.31640587048432
4131,41.41062996357113
4132,40.58343485045565
4133,39.7538326315925
4134,38.80963996085975
4135,37.77784199702879
4136,36.62290008334615
4137,35.36103873582663
4138,34.15083265800838
4139,33.11383086841072
4140,32.258575421075165
4141,31.56279392717545
4142,31.1221783344482
4143,30.765573990140517
4144,30.437774480160222
4145,30.122698721907206
4146,29.678766354515478
4147,29.104744954866618
4148,28.41502757539561
4149,27.612002216889255
4150,26.664314596638675
4151,25.564610490532477
4152,24.15124132184055
4153,22.562239733621826
4154,21.001050766906996
4155,19.585457830379802
4156,18.1167706480554
4157,16.572565574741937
4158,15.014008760398855
4159,13.692926076437075
4160,12.841129605225614
4161,12.100066675271643
4162,11.696122741299863
4163,11.66398626624861
4164,11.882333321093832
4165,12.221909568926048
4166,12.538456197273053
4167,12.66559564800928
4168,12.707506319328203
4169,12.772637243284603
4170,12.905026005446889
4171,13.142062415873276
4172,13.616327553606702
4173,14.331413059988257
4174,15.319227273713912
4175,16.321439723667197
4176,17.483462009835236
4177,18.650407302216394
4178,19.953694718253132
4179,21.30902140351695
4180,22.956869255191563
4181,24.951158574541278
4182,27.340371964364437
4183,29.977785645215974
4184,32.68672720961709
4185,35.41478318898075
4186,38.03810961325506
4187,40.21068716358187
4188,41.92830479168259
4189,43.232987869105884
4190,44.3246307803272
4191,45.13080564929842
4192,45.63503143765298
4193,45.926253316091234
4194,45.708420774169845
4195,45.158566756103056
4196,44.41994180483663
4197,43.69822362721443
4198,43.03638139333317
4199,42.40998733765204
4200,41.80180173965757
4201,41.019872761016664
4202,40.09615680262215
4203,38.97910772351847
4204,37.71911608890637
4205,36.41602343363054
4206,35.142856447607215
4207,34.0790291366733
4208,33.20638828756415
4209,32.51422084034682
4210,31.965164459351623
4211,31.6566519112692
4212,31.678283210613976
4213,31.967122214870606
4214,32.46180735278095
4215,33.01527105765081
4216,33.53444338283592
4217,34.028859102796446
4218,34.4590007791621
4219,34.73546094325475
4220,34.956668645773185
4221,35.28754523886202
4222,35.63246866833704
4223,35.993468776585615
4224,35.984296660758915
4225,35.547463368414
4226,34.621649710935344
4227,33.26167307275945
4228,31.721535993017802
4229,30.190766378090963
4230,28.872299721563266
4231,27.729468440136475
4232,26.752559790712855
4233,25.946741331903766
4234,25.33071769855232
4235,25.00828972046583
4236,25.007346415713357
4237,25.57314265266608
4238,26.912554261238604
4239,28.679130228787688
4240,30.734680001894255
4241,33.07398603220798
4242,35.543579834470464
4243,37.90802542786074
4244,40.136440768247674
4245,42.23743308864421
4246,44.287645468062415
4247,46.31862120610096
4248,48.262347928018855
4249,50.165533375352474
4250,51.90875783492842
4251,53.72972341683063
4252,55.5246657677952
4253,56.9138495540338
4254,57.88217032586929
4255,58.543077534153156
4256,58.93126654998793
4257,58.94883894881944
4258,58.674147727435745
4259,58.24767751420086
4260,57.80796960419277
4261,57.484198712957046
4262,57.133076743107694
4263,56.79134767170149
4264,56.78222193626716
4265,57.14512447289707
4266,57.766955520206224
4267,58.302796507437776
4268,58.65483456334098
4269,59.00648296400115
4270,59.505455536130185
4271,60.16229407773474
4272,60.87300476268664
4273,61.521055457769506
4274,61.95519834962379
4275,62.33290266553702
4276,62.39853164450238
4277,62.057511477578984
4278,61.063333357247714
4279,59.47110185621724
4280,57.54780323567821
4281,55.39844451783937
4282,53.043773345423084
4283,50.54730503371816
4284,48.07181719703927
4285,45.786200681989186
4286,43.433750686430464
4287,41.04226216138662
4288,38.540422471838625
4289,35.948946679821915
4290,33.41865229523435
4291,30.914902858096774
4292,28.813053888838063
4293,27.56466411355263
4294,27.56261915952521
4295,28.910661735759312
4296,31.100933251908216
4297,34.11626463654446
4298,37.6830582792727
4299,41.445120678302416
4300,45.123763549380534
4301,48.55311628001242
4302,51.76104086477575
4303,54.4479063768311
4304,56.51989022132274
4305,57.65810189491417
4306,58.23819740899769
4307,58.46888877976899
4308,58.42082269601347
4309,58.19912006715592
4310,57.98140888632413
4311,57.823324267387896
4312,58.01325760208255
4313,58.317619887382904
4314,58.62599609480517
4315,58.961859565854255
4316,59.139844302997794
4317,59.17083079308854
4318,59.331827864784785
4319,59.635387624059994
4320,60.200980556111844
4321,60.76568734848182
4322,61.240341718494946
4323,61.629371086715935
4324,61.86832462212291
4325,61.98431367713527
4326,61.73426482512229
4327,61.083720635461006
4328,59.821634232493246
4329,58.188483312262065
4330,56.35447371759788
4331,54.440492692667455
4332,52.77532920097799
4333,51.09759987333517
4334,49.46373083775134
4335,47.96543583011513
4336,46.53219421869001
4337,45.32531687312388
4338,44.31465013900424
4339,43.17446857039868
4340,41.77247263356077
4341,40.122522692341015
4342,38.311976952045335
4343,36.258206926647055
4344,34.16426110457724
4345,32.17927007334478
4346,30.20421022766541
4347,28.438889248768874
4348,26.719436919345476
4349,25.082770565448545
4350,23.55125728275747
4351,22.098105997646268
4352,20.7052738505704
4353,19.322479073239055
4354,17.968134030560456
4355,16.72238069239741
4356,15.652983955507098
4357,14.741063227976749
4358,14.115118200658927
4359,13.69087919788973
4360,13.435698343977116
4361,13.51632466047433
4362,13.887177119681457
4363,14.557277388963907
4364,15.57998606051197
4365,16.96572905856707
4366,18.748782731925868
4367,20.627362148764202
4368,22.517563120061883
4369,24.371139191338212
4370,26.3411095523485
4371,28.144598320978844
4372,29.666384110505604
4373,30.974129889212378
4374,32.16607683546694
4375,33.44686463878685
4376,35.013611152622445
4377,36.69800035145861
4378,38.40577569471563
4379,39.93235518557914
4380,41.31470058088835
4381,42.41137943395857
4382,43.42973969308301
4383,44.268238898415014
4384,45.00281433466594
4385,45.651239261859025
4386,46.2102895760311
4387,46.78630133767837
4388,47.35702981341336
4389,47.853563587302816
4390,48.42334602584713
4391,48.915416252030255
4392,49.28830946198338
4393,49.63550057285681
4394,49.71602308694801
4395,49.64554850971099
4396,49.61978027424571
4397,49.6567783145629
4398,49.84484347569993
4399,49.93227562498125
4400,50.10256506341665
4401,50.262263849003176
4402,50.486921476416654
4403,50.80068487567558
4404,50.99486584550458
4405,51.108351889829684
4406,51.2706476573415
4407,51.31089318256786
4408,51.10531818041744
4409,50.515958610346864
4410,49.75400822574434
4411,48.86460346318938
4412,47.870642893772555
4413,47.2967980475789
4414,46.92101285959462
4415,46.60926273330393
4416,46.199599579435414
4417,45.65086835913638
4418,44.985790160967824
4419,44.441737867720335
4420,44.03371742206117
4421,43.80676011908825
4422,43.74139046869252
4423,43.48124854076527
4424,42.9464772262765
4425,42.201141587671934
4426,41.42723271364098
4427,40.561633895462364
4428,39.62927207679349
4429,38.86214754623441
4430,38.59488316903104
4431,38.698985800015436
4432,38.9488599710328
4433,39.194779255247006
4434,39.444599775609774
4435,39.73303193947936
4436,39.935221790646004
4437,39.94067101972346
4438,39.86437170809181
4439,39.790383950392616
4440,39.748212018734094
4441,39.69267631559209
4442,39.5347969054908
4443,39.3118530441658
4444,39.157670529996636
4445,39.12775660146634
4446,39.10173148364497
4447,39.31937585037602
4448,39.88896031625344
4449,40.6596873732649
4450,41.240723883402616
4451,41.56999928597764
4452,41.397524009856966
4453,40.80632282050592
4454,40.22276746109104
4455,39.76705415472219
4456,39.569234850842186
4457,39.675652879720566
4458,39.885214597530364
4459,39.895754737062475
4460,39.755740053752845
4461,39.427139618987425
4462,38.996533946954926
4463,38.46819461350134
4464,37.72731981308586
4465,36.751547751388294
4466,35.55379203643145
4467,34.160319087542035
4468,32.73310619245754
4469,31.394308174847993
4470,29.936601033748502
4471,28.37728141831269
4472,26.984612344799643
4473,25.677232834306267
4474,24.19501935052565
4475,22.650968584148323
4476,21.062481843079492
4477,19.907340516038794
4478,19.193092142320868
4479,18.67932965401524
4480,18.120774367886746
4481,17.600673571501698
4482,17.007216667666277
4483,16.600845486890872
4484,16.501081067378237
4485,16.698286897147423
4486,17.147882362358924
4487,17.703932222753334
4488,18.081712039161946
4489,18.026080788915294
4490,17.956374873230967
4491,17.791982226443622
4492,17.645037053488903
4493,17.57090717976005
4494,17.444554773021295
4495,17.225646040738212
4496,17.144043809261454
4497,17.29329676047376
4498,17.44402818890635
4499,17.49464195877639
4500,17.372161334584654
4501,17.28292949672205
4502,17.1894106132626
4503,17.108049184652877
4504,17.107924610171835
4505,17.271467831695325
4506,17.62069183981579
4507,18.044200167826936
4508,18.50701327660873
4509,19.124005759198802
4510,19.82744662615558
4511,20.40650470685363
4512,20.65040278962829
4513,20.618690674185444
4514,20.45225086061822
4515,20.368690575211687
4516,20.329251900695574
4517,20.08580747696746
4518,19.723315237897697
4519,19.319814523710704
4520,18.939805601362266
4521,18.537724745835646
4522,18.058762084679984
4523,17.551677826038706
4524,17.10690356032947
4525,16.701014821074015
4526,16.284507016096654
4527,15.85325245780654
4528,15.448458143613417
4529,15.221809738361552
4530,15.280632060209125
4531,15.608452888408944
4532,16.101434496772253
4533,16.724625328666885
4534,17.390553647270067
4535,18.056956662221424
4536,18.596763557538175
4537,19.16862260172264
4538,19.833658580623144
4539,20.29187440338715
4540,20.586993609280256
4541,20.887877552201378
4542,21.235379073560562
4543,21.661332323443254
4544,22.377531726628025
4545,23.2164203737199
4546,24.153682545764774
4547,25.31490425277807
4548,26.592184266790497
4549,27.883633549510947
4550,29.160551384428466
4551,30.27560885281565
4552,31.172135485385237
4553,31.91324191242077
4554,32.33075252944449
4555,32.46041900852468
4556,32.465496159352135
4557,32.331374112803694
4558,32.01094548113044
4559,31.574660948379837
4560,31.195093404886805
4561,30.78578259107528
4562,30.32791740169012
4563,29.718243164772623
4564,29.00362235929704
4565,28.425198508327576
4566,28.177078930776467
4567,28.11378115939483
4568,28.072599233120766
4569,27.796106619106492
4570,27.494552325278583
4571,27.456764963227542
4572,27.554671102455856
4573,27.86617103737801
4574,28.24212275111921
4575,28.585530571334505
4576,28.77871198700063
4577,28.842495859319847
4578,28.95611099651849
4579,29.171360987335
4580,29.504631057773658
4581,29.951150991817613
4582,30.541520138505188
4583,31.2129990645087
4584,31.781572478355262
4585,32.08877216108264
4586,32.23789398589683
4587,32.47489505574273
4588,32.91421202788756
4589,33.46785415949647
4590,34.19749420504428
4591,35.19041173441011
4592,36.38494742356861
4593,37.61704885031458
4594,38.797671872215474
4595,39.882886886333125
4596,40.85540653873653
4597,41.833392276194296
4598,42.556192905931354
4599,42.9735050463845
4600,43.159306228787926
4601,43.07109360636715
4602,42.673807592333645
4603,42.02803374204791
4604,41.31978375734306
4605,40.44906336006035
4606,39.485754974986506
4607,38.44330357224611
4608,37.42326051030018
4609,36.65928242783773
4610,36.064312692052496
4611,35.64469100227929
4612,35.46206062771823
4613,35.43811516576344
4614,35.4244616497044
4615,35.29621609193708
4616,35.033061060459666
4617,34.8041161830743
4618,34.653945988001965
4619,34.489719789559146
4620,34.37016150945668
4621,34.38209476514935
4622,34.4769558580417
4623,34.7869228867166
4624,35.233272856839605
4625,35.68452298707333
4626,35.987173850043156
4627,36.01277258906339
4628,35.779402049135314
4629,35.43130322030578
4630,35.032631462437436
4631,34.76008780507125
4632,34.70914946548982
4633,34.74146175610184
4634,34.83844686464926
4635,34.977777561010875
4636,35.27475284168945
4637,35.67224386870184
4638,35.98277153353694
4639,36.11223659314713
4640,35.9671365321999
4641,35.663152301776435
4642,35.23763198645414
4643,34.491174438164435
4644,33.50809170978879
4645,32.401567562653476
4646,30.962718458750437
4647,29.404184437829485
4648,27.87907901717409
4649,26.570757077992134
4650,25.24847894530363
4651,23.864848463399905
4652,22.517745393209385
4653,21.548694477305702
4654,21.020922558515238
4655,20.989117832753976
4656,21.4287950698709
4657,22.466284897286457
4658,23.81513343640745
4659,25.352816845920927
4660,26.90083159794935
4661,28.32032848248648
4662,29.32986093130787
4663,30.012145037552678
4664,30.288216269882675
4665,30.587586013302683
4666,30.986282391891805
4667,31.26507961456897
4668,31.839903001158355
4669,32.61715644286171
4670,33.740049932798016
4671,34.9456754675757
4672,35.74734526738578
4673,36.33408389781529
4674,36.84454650628895
4675,36.81344036027852
4676,36.41120370594591
4677,35.659324037367234
4678,34.70669754505184
4679,33.624114721502224
4680,32.678915669864274
4681,31.85281928815528
4682,31.102304841809502
4683,30.61901310582836
4684,30.460949393317357
4685,30.656094798669436
4686,31.382190919169883
4687,32.54341260794205
4688,33.893795811226155
4689,35.423666136227816
4690,36.83162563242187
4691,38.065925563745324
4692,38.87127550805207
4693,39.14596221788324
4694,38.90570279427608
4695,38.25390830919307
4696,37.26438174602602
4697,36.14693929587431
4698,35.053867329707856
4699,34.239561835043006
4700,33.9567407934658
4701,34.056989848673574
4702,34.468942983772365
4703,34.90191124058408
4704,35.30148790526014
4705,35.697588611689234
4706,36.11439897013256
4707,36.67906990416893
4708,37.380751579733534
4709,38.22570924614845
4710,39.13155477704578
4711,39.97119934730018
4712,40.65509281077912
4713,41.34713925941594
4714,42.11190900013493
4715,42.901597972923696
4716,43.63218502080434
4717,44.481754013594795
4718,45.26028677860913
4719,45.93816570098081
4720,46.36628572909122
4721,46.7427486894458
4722,47.133872852747274
4723,47.37136080256575
4724,47.64648311579618
4725,48.05449840561824
4726,48.541264306057315
4727,49.02485411136743
4728,49.523454993900124
4729,49.86330697550714
4730,50.20794848036479
4731,50.50778658959092
4732,50.767041971427346
4733,50.90432760693466
4734,50.89734065550366
4735,50.61866010169785
4736,49.96006633474375
4737,49.11768934557611
4738,48.2698126070613
4739,47.52986381162908
4740,46.87397092384145
4741,46.200985331857915
4742,45.569946673530396
4743,44.98802503373918
4744,44.52424544415248
4745,44.34187241441486
4746,44.4609837775888
4747,44.83568188907259
4748,45.367044554481154
4749,45.967083548737875
4750,46.59280896947481
4751,47.32454969744546
4752,48.22101526645423
4753,49.19033871102348
4754,50.00920085920575
4755,50.68381826821737
4756,51.14259977129399
4757,51.533203172145605
4758,51.8455066479521
4759,52.199486233074836
4760,52.540885013981345
4761,52.75737485136218
4762,52.813212264509815
4763,52.67584656644173
4764,52.46201827346234
4765,52.259330770075536
4766,52.143385950670506
4767,52.132429123976166
4768,52.22503786733523
4769,52.41132844030417
4770,52.50726693586681
4771,52.441967024354014
4772,52.34626231252271
4773,52.24462473259284
4774,52.090260444757135
4775,52.062869936754645
4776,52.04906454732788
4777,51.87656387046087
4778,51.529608764402724
4779,51.25312897936446
4780,50.988338594243025
4781,50.7856914585129
4782,50.636590654242184
4783,50.43697051388022
4784,50.148236757301504
4785,49.90292621953626
4786,49.66199276569719
4787,49.455807432496286
4788,49.27642619261151
4789,49.047058824733725
4790,48.66721820459102
4791,48.109697536462505
4792,47.46751662475775
4793,46.9170709914487
4794,46.393574205433026
4795,45.773711455066994
4796,45.02735852242153
4797,43.996473316024876
4798,42.85120602731584
4799,41.62131264932808
4800,40.14523641629513
4801,38.674034781792706
4802,37.2921883883448
4803,36.1840496641322
4804,35.42033881975942
4805,35.01292586444374
4806,34.95117106174854
4807,35.34178342879263
4808,36.24035465562423
4809,37.462340682773345
4810,38.97366682051221
4811,40.629028299413925
4812,42.387571689625794
4813,44.197084133028156
4814,46.14250911968925
4815,48.05508024902379
4816,49.89009165488858
4817,51.67535564467405
4818,53.341772681019656
4819,54.867879100872344
4820,56.42932907103801
4821,57.87773246635237
4822,59.08244289643232
4823,60.01968098428989
4824,60.90876643520775
4825,61.72339098774093
4826,62.4299712761538
4827,63.119291540167815
4828,63.81339627950955
4829,64.4523674241723
4830,65.03168040420803
4831,65.18375436543384
4832,64.93586229604365
4833,63.92622686399069
4834,62.58138888016188
4835,61.30829357009856
4836,60.04323582881636
4837,58.9034606783581
4838,57.75666079236103
4839,56.636659760147296
4840,55.623657309864235
4841,54.704276422062
4842,54.13528057326624
4843,53.80385567764675
4844,53.63148729141204
4845,53.48152679538786
4846,53.30683973919126
4847,52.890107163446565
4848,52.11886407981708
4849,51.09520783718559
4850,49.98173796896265
4851,48.79725269189498
4852,47.62867992351404
4853,46.44280093764923
4854,45.273882368431
4855,44.19367305704248
4856,43.18194742477274
4857,42.35875040108167
4858,41.90932376312547
4859,41.56829562090866
4860,41.36763630023901
4861,41.383332454216784
4862,41.534859455630254
4863,41.36316450185742
4864,40.410961117604536
4865,38.57728157427822
4866,36.05981099181493
4867,33.1005288133275
4868,29.980311036511562
4869,27.025563895011867
4870,24.435799526184184
4871,22.259088937377314
4872,20.464552767263058
4873,19.23003982838914
4874,18.479178019652284
4875,18.194435562134696
4876,18.20014665673019
4877,18.53142291849197
4878,19.3047341947129
4879,20.459448189392226
4880,21.913725819527883
4881,23.501615466253625
4882,25.328856439596755
4883,27.473068365599403
4884,29.908461232566154
4885,32.470030937524314
4886,34.97995444336598
4887,37.340297006217355
4888,39.43115038737095
4889,41.255208304460524
4890,42.857616235045256
4891,44.21249134608726
4892,45.42970340767478
4893,46.626166866207456
4894,47.76118790699773
4895,48.90312128589333
4896,50.19336549916818
4897,51.577259405941334
4898,52.95651063326183
4899,54.24624296646913
4900,55.37939185491092
4901,56.24180813583352
4902,56.9921103002362
4903,57.43865859754828
4904,57.565160967697985
4905,57.76456596494512
4906,58.07880483222688
4907,58.29729444168823
4908,58.22098849491347
4909,57.78011724519396
4910,57.17942069890976
4911,56.46191898014683
4912,55.86629019258679
4913,55.52392566940338
4914,55.133373245506604
4915,54.63291575536374
4916,53.92693223910837
4917,52.901224781589775
4918,51.65191757290507
4919,50.28292783059669
4920,48.80211094577781
4921,47.139035690771365
4922,45.25956195189176
4923,43.27817301705407
4924,41.29942298221689
4925,39.3899470389348
4926,37.4574017261179
4927,35.72597787251038
4928,34.246107367326424
4929,33.07314670665362
4930,32.295026087306354
4931,31.761057477643135
4932,31.344534111653036
4933,30.91134997338969
4934,30.657166364566212
4935,30.48797267026785
4936,30.32188249807225
4937,30.191139039513963
4938,29.955734559466535
4939,29.499190003272503
4940,28.897909174686255
4941,28.399146520883157
4942,27.695638533238245
4943,26.61174297392572
4944,25.369248443557243
4945,24.031608187089002
4946,22.697981310847346
4947,21.41404962474909
4948,20.387414139518746
4949,19.45120058264166
4950,18.69376308212594
4951,17.89566026316167
4952,17.171359725045455
4953,16.495052373643897
4954,15.937017929856692
4955,15.740114006145408
4956,15.677225714224006
4957,15.658168910338617
4958,15.94510985022923
4959,16.194748467934062
4960,16.834293546022778
4961,17.844314925674418
4962,18.958680626009095
4963,19.85325676535365
4964,20.335830658108993
4965,20.59488243778906
4966,20.70442660195092
4967,20.566011558696673
4968,20.1597755093836
4969,19.82638983815681
4970,19.744101803621078
4971,19.94393487576616
4972,20.163793130824143
4973,20.48471595824423
4974,20.9232685855909
4975,21.47136530957665
4976,22.00457599050741
4977,22.506744828311984
4978,22.97728274794583
4979,23.45486202317238
4980,23.938877461335572
4981,24.559247391563016
4982,25.29500699410393
4983,25.999697638655665
4984,26.718540515711105
4985,27.374210089573953
4986,28.038568657579987
4987,28.587769713834916
4988,28.97908247747681
4989,29.308487653136435
4990,29.802047302904832
4991,30.47527610693644
4992,31.212164398119
4993,31.876901481974016
4994,32.427375642604474
4995,33.113312220474995
4996,33.99438183887932
4997,34.78601279646955
4998,35.33560314631066
4999,35.73261296566974
