,0
0,15.130979445970995
1,28.973370611695348
2,40.32366187708479
3,49.31435288612134
4,56.562968782978146
5,62.491185639826355
6,67.31898700094288
7,70.66224697363955
8,72.78437150149404
9,73.8670938735225
10,74.26694581483548
11,74.11732995340928
12,73.87739375359064
13,73.4247719873093
14,72.64170273659762
15,71.5821786880942
16,70.04696668702401
17,68.24328834557429
18,66.74100644445448
19,65.32837464657848
20,64.92744503591612
21,65.19124198553781
22,65.77520534993467
23,66.1163745141132
24,66.05019165822154
25,65.81540108754709
26,65.21464806311307
27,64.91010369278118
28,65.37021368659002
29,67.2971447084087
30,70.38399392700398
31,74.34293812973186
32,78.97886762522444
33,83.53659998014636
34,87.82026024700272
35,91.46278774157082
36,94.15767003116724
37,95.47391827942525
38,95.58014520392366
39,94.89428275623803
40,94.55741747129343
41,94.73588645480814
42,94.39745746024931
43,94.1206650429358
44,93.71257245753998
45,92.78076444741104
46,90.9876135128674
47,88.43008231192849
48,84.81476293434721
49,80.10053270453233
50,75.39809065862468
51,70.92079926839457
52,66.70571544331688
53,63.09733228646924
54,60.10416227590906
55,58.36617379206786
56,57.376102141152145
57,56.51473980485548
58,56.20075555860693
59,55.875238217861444
60,55.984409335610664
61,56.63658355302326
62,57.59185866720244
63,58.07112101342666
64,59.04161843072785
65,60.7729972379329
66,63.038430648382075
67,64.43580000371703
68,65.67234161581631
69,66.13379942073063
70,65.93960352422893
71,64.66933948144774
72,62.70493664242301
73,60.61407151191368
74,58.80062863899617
75,57.907999055818465
76,57.93587594043876
77,58.308546415515295
78,59.33682073366512
79,60.403887704525474
80,61.810825271162656
81,62.92651121668792
82,64.05486187942495
83,65.02037027366336
84,65.89758689116522
85,65.94933115637741
86,64.6016503018991
87,62.16842800816645
88,58.87179548441547
89,54.901374951300404
90,50.69202029987426
91,47.08706092146025
92,45.011768659432164
93,44.04808181184568
94,43.9344866492696
95,44.691291623210454
96,45.95943988792826
97,48.02080862331665
98,51.10766474577477
99,54.56758144217747
100,58.35551015213626
101,61.441155304736675
102,63.6505296329077
103,65.68288701246165
104,67.81439771139968
105,69.9213680982574
106,71.7212020644078
107,72.77383985739979
108,73.27819001934316
109,73.44370383129791
110,73.28527449846203
111,72.7223172982965
112,71.63597283733424
113,70.10542953502294
114,68.77385686201211
115,67.23920787858047
116,66.11106097191804
117,65.32378598191141
118,64.63272618236465
119,64.06090970505477
120,63.44458249953928
121,62.47209980399948
122,61.00920646104029
123,59.46685970411147
124,58.43779875457288
125,58.42512979865107
126,59.407469097938375
127,61.98079160007943
128,65.55824984137382
129,69.78469648907408
130,74.46889209027579
131,79.47051637879116
132,84.07862434022095
133,88.43187206915647
134,92.4703258198422
135,95.58195590921066
136,97.73549815353734
137,99.12666407919045
138,99.84931017445217
139,100.01088855439737
140,99.82952163212617
141,99.6827118838778
142,100.0746841096103
143,101.33812541195937
144,103.42265442973935
145,106.1609539013105
146,109.45357206503047
147,113.04832898999757
148,116.75313620354561
149,120.05977997112521
150,122.97917267784625
151,125.4543867657145
152,126.8969052790431
153,127.73718707955197
154,128.24446204727735
155,128.2361402544217
156,128.27027156554195
157,128.35678336666967
158,128.70362154614043
159,129.06056977559768
160,129.54647416706385
161,129.67492892129178
162,129.6103366864944
163,129.11955367053736
164,128.55771511533484
165,127.63435690267974
166,126.03482363778565
167,123.76447410974467
168,120.8540801134274
169,117.63263551175285
170,114.55715676459417
171,111.8814902545661
172,109.76423274083814
173,107.69302872336236
174,105.54261232337414
175,102.95349810123821
176,100.59702772610366
177,98.69800109173761
178,97.01012931199807
179,95.42773561221071
180,93.94312876201866
181,92.43003051857175
182,91.01553549828293
183,89.76903890234136
184,88.57011318878017
185,87.09761558521055
186,85.16729307682982
187,82.97752474095117
188,81.05694602642413
189,79.1317659691405
190,77.38464672435093
191,75.80119537343998
192,74.19505797920971
193,71.80746591328561
194,68.84836433380346
195,65.61597071211771
196,62.44791210604379
197,59.23033063427829
198,56.538531675681085
199,54.492081698879794
200,53.16248173935715
201,52.581565628205524
202,52.580939443629916
203,53.03601259644586
204,53.72216294153607
205,54.53516135368409
206,54.587365689238666
207,54.0702929063479
208,52.68184080215633
209,51.06652454295872
210,49.79820873981363
211,49.176628254024045
212,49.02073064298884
213,49.45691435565014
214,50.47350584963818
215,52.063960280407734
216,54.00205028924826
217,56.35467848655544
218,59.14006851020343
219,61.85205476166907
220,64.72202065725418
221,67.49920256409382
222,70.59745868429766
223,73.60500250732713
224,76.56280090506925
225,79.3781573456327
226,81.77012677204283
227,83.9137260009488
228,85.77865733009698
229,87.35071719677069
230,88.96058553546007
231,90.92416834225969
232,92.82451934351461
233,95.20137156877045
234,98.00806274464092
235,100.7968603071908
236,103.29526964098193
237,105.07316798473886
238,106.55884601629785
239,107.39499561676664
240,108.18105543489409
241,108.76157222841725
242,109.1409109835016
243,109.76631101211703
244,110.47732118131808
245,111.58631850863759
246,112.99960759644938
247,114.95636219918833
248,117.31214126187837
249,120.09004030462128
250,123.4826066912153
251,127.37045574479205
252,131.41820901949836
253,135.20002916310983
254,138.8867934491419
255,141.27023697035546
256,142.36916345415318
257,141.16499627106091
258,138.66538481416393
259,134.6730512037035
260,129.2383468649047
261,123.02357397740735
262,116.87518134214545
263,112.14406260832823
264,108.96708769745476
265,106.57243948483753
266,104.72058217595173
267,103.48802799945571
268,102.93083190213267
269,103.20312068847362
270,103.74641401076993
271,104.63172688534692
272,105.7457620245814
273,106.83703273270717
274,107.81709164091816
275,108.84013976013398
276,109.67939907023032
277,110.75867614486121
278,112.38146696404593
279,113.87136655587625
280,115.73662886073829
281,117.22966696791983
282,118.7514105106755
283,119.41564400378532
284,118.93829416861914
285,118.52299981202455
286,117.36462624070259
287,116.30996764663388
288,116.26322589347242
289,117.12256862576402
290,119.19532400742531
291,121.16963842684109
292,122.70781453347965
293,124.01066514055745
294,125.41140489810155
295,126.44808247024272
296,126.71716031496996
297,126.99432069986239
298,127.52515312440119
299,127.81450729332461
300,128.28789683218875
301,128.24078213581106
302,127.6908888489946
303,126.98614194756769
304,126.13227991960531
305,125.33659499427102
306,124.66814269716502
307,124.20751374326491
308,123.25714886798312
309,122.1364464491883
310,121.0777274150586
311,119.90639250233153
312,118.55634346248785
313,117.07587937456744
314,115.20476710829232
315,113.03983477352318
316,110.60381310064096
317,107.928486803521
318,105.38502483985147
319,103.24265274050097
320,101.94995707842014
321,101.50308989468206
322,101.73997167088837
323,102.32359774539617
324,102.61622362938814
325,102.49423590175941
326,101.91465004199414
327,100.98443713985343
328,100.38435221844085
329,100.00359573492403
330,99.4792280165963
331,99.10141260651167
332,98.73072814308198
333,98.60530254569943
334,97.88887579636216
335,97.13921310369048
336,96.63608422295266
337,96.78207059890434
338,97.66137653603835
339,99.47570232449056
340,101.49592950084481
341,102.96361299292991
342,104.24049763104394
343,104.74893556585329
344,104.79750780972351
345,104.44420908998745
346,103.9554680370939
347,103.05692797182036
348,101.76296209721119
349,100.31731902444832
350,98.94128099796418
351,98.11508568485146
352,97.68932648509852
353,97.08376530258471
354,96.45511452298928
355,96.14842278238555
356,96.29588835313518
357,96.81939087848464
358,97.96169901893339
359,98.86151354530526
360,99.38686405911955
361,99.17701187920613
362,98.25225420395132
363,96.73859766976429
364,94.63736003806903
365,91.80218626519427
366,89.36447330451045
367,87.5041268775899
368,86.15322955759265
369,85.51814802986237
370,85.55350971493813
371,86.44952909300744
372,88.19872550231531
373,90.58146380463191
374,93.58200479176301
375,96.62672224550694
376,99.25886343373767
377,100.78685629054621
378,101.24396352206398
379,100.40386741495341
380,98.3920180655561
381,95.56435726792918
382,92.23268936736179
383,88.68746426769131
384,84.91183985058566
385,80.81675276821662
386,77.0600242773404
387,74.19084643786196
388,72.0128552158202
389,70.13959519048584
390,68.08507514500275
391,65.81192721604148
392,63.49622419144521
393,61.34041829067557
394,59.22873391029145
395,57.25586790798162
396,54.92036984614754
397,52.03584307488503
398,48.750006713336866
399,45.891329078789965
400,42.479503757556316
401,39.266786857034354
402,36.007605194346056
403,33.09017009432421
404,30.528035669658827
405,28.794056448290608
406,27.350565604029697
407,26.067143220497996
408,25.32409190951303
409,25.108655201162016
410,25.492471450985697
411,25.97295598048722
412,26.21798491931726
413,25.798358567376063
414,25.20041522505475
415,24.584068459247657
416,24.112131911947735
417,23.63574671011264
418,23.30972691662687
419,23.60707850514924
420,24.75711147543764
421,26.409169533409987
422,28.241937267986593
423,30.102766685056245
424,32.062725986284
425,34.073977175148535
426,35.89250702360884
427,37.75224131614209
428,40.511040113385036
429,43.82397451651145
430,47.591356220417765
431,51.41026120328128
432,55.55665053073231
433,59.868059173484404
434,64.79399313259636
435,69.7012212192199
436,74.36705533829351
437,78.93424681799326
438,83.07734064618793
439,87.01261129215091
440,90.91939459856474
441,95.19565170899493
442,99.47365676550682
443,103.9933121475424
444,108.3479680002346
445,112.4749273107886
446,116.73910299519875
447,120.2319060489123
448,123.44862395832047
449,125.18648321139506
450,125.3718153893368
451,124.92997071075382
452,124.38877227234016
453,123.93251235985039
454,123.45109253215142
455,122.68092188551023
456,122.01087342293238
457,121.19319283105465
458,120.29533308335931
459,118.66151079445225
460,115.73700983248972
461,111.556409048354
462,107.2609273935739
463,102.8660756831599
464,98.40474994994645
465,93.53485001524284
466,88.2896061713193
467,83.06251762617009
468,78.13844969607922
469,73.96707609699854
470,71.12977902492462
471,69.45783249310225
472,68.75275527157314
473,68.14799923949309
474,67.70488861393477
475,67.58121044125502
476,67.68459857937754
477,68.21093975297687
478,68.78327419015629
479,69.31636699294586
480,69.89695035563885
481,70.48072791441987
482,71.53876247827972
483,72.51242492834392
484,73.40622263786852
485,74.76028718004471
486,76.3799899039071
487,78.17869848828315
488,80.12687349261526
489,82.4754539356415
490,84.73874385227946
491,86.62016841921786
492,88.23639505507427
493,90.17520868698004
494,92.16912522252613
495,93.50784897026963
496,94.58187826204525
497,95.60789599150328
498,96.58487624362478
499,97.15353488006582
500,97.05332686518106
501,95.89106088170129
502,94.17756957129725
503,91.92875802304724
504,89.82060195183301
505,87.42396386894586
506,84.62602548100244
507,81.5712119307745
508,78.51706887558232
509,75.7760772019728
510,73.37576171412867
511,71.6272328911585
512,70.1411400996715
513,68.84823937107781
514,67.16672302845588
515,66.26775174742596
516,66.24072177687576
517,67.44635376753126
518,69.38639842626208
519,71.05791323975471
520,71.9957703898127
521,71.93150082548044
522,71.734203751388
523,71.91622175204895
524,72.88662872397059
525,74.31529486184621
526,76.10038816446794
527,78.17739356657282
528,80.80590237564525
529,83.9194496067226
530,87.27902325707336
531,90.58393200934887
532,93.8865516387811
533,97.10695881139148
534,100.673537165792
535,103.93444358399356
536,106.67057060711716
537,108.2857383957449
538,109.19084313879964
539,109.75810860264649
540,109.7637487330573
541,109.41675592041966
542,108.28176122248951
543,106.59532155153022
544,104.33032771129993
545,101.45812666095601
546,98.21182781317638
547,94.81705694473867
548,91.6150482958443
549,89.03318379178347
550,86.90101094531262
551,85.52592330907825
552,85.54428506664661
553,86.72573901113992
554,88.68783288489266
555,90.98185258816076
556,93.86632662217473
557,97.08053682398435
558,100.50512325399991
559,104.6182773188872
560,109.26161837318747
561,113.49608682518962
562,116.7785171425599
563,118.20169222483659
564,118.26284589505251
565,117.01012624070643
566,114.99886903696544
567,112.18069737652348
568,108.4325788866773
569,104.41620446803202
570,100.9219587238106
571,97.66381131405014
572,95.3317025190612
573,93.88406060490198
574,92.82113022337191
575,91.45586011859024
576,90.36684551558719
577,89.64659833443358
578,89.05068695243662
579,88.21030616328142
580,87.41953053138647
581,87.02715699274151
582,87.09959061071584
583,87.08336873929014
584,87.29116970042514
585,87.10840496275671
586,85.99481095177401
587,83.68961467052003
588,81.51474690158071
589,78.84467983693534
590,75.65424849217723
591,72.15044517487226
592,68.93159610487757
593,65.56097019285995
594,62.370565931333076
595,58.90067438918824
596,55.76527644921902
597,52.99423244927523
598,50.977281129847285
599,49.728741934744335
600,49.19165611632316
601,49.32751965872496
602,50.07700375197197
603,51.42079168910932
604,53.127703754528056
605,54.987894149838176
606,56.66045106650647
607,58.277586103152466
608,60.00955023608783
609,61.43743782959764
610,62.86852447255617
611,64.32916095623777
612,65.92659873308861
613,67.3001383852581
614,68.18024205638113
615,68.7857528110591
616,68.93156379767728
617,68.8130575842048
618,68.50681884007784
619,68.73104151503932
620,69.12565823994208
621,69.60274332364312
622,69.64308406600368
623,69.24349851572578
624,68.88261577613673
625,68.4586264651149
626,67.76636599545219
627,67.16409938684563
628,66.04864900068067
629,64.7034041126577
630,63.30911485925073
631,62.06771604111691
632,61.17442639857157
633,60.50271896956693
634,60.09887984924058
635,59.9042238635927
636,59.81849690678277
637,59.235654197542246
638,58.17674599549703
639,56.90092676531482
640,56.37386479253029
641,56.13259229107114
642,56.414340671206496
643,57.0247320997055
644,57.566360142234025
645,57.549142900318984
646,57.77440958084491
647,58.120011291165454
648,58.66401396482715
649,58.95142974901047
650,59.070562833830316
651,58.214619168070456
652,57.098165560191134
653,56.030982614559775
654,55.569252234513655
655,56.11420018723203
656,58.38125804401997
657,61.93315166093652
658,66.71045274463691
659,72.67025863733573
660,79.1357452154704
661,85.46488080790886
662,90.716613383956
663,95.43742337153479
664,99.36543390580431
665,102.96841764009642
666,105.66392144252754
667,107.52215820094956
668,109.02091640012188
669,110.58562157644677
670,112.00869104218131
671,113.01927176998518
672,113.49700921980289
673,113.31010256723113
674,112.11752428714956
675,110.26785574782505
676,108.0792173519497
677,105.82466344945465
678,103.35938004066152
679,100.92016174394081
680,98.52067902463534
681,95.83222657748702
682,93.08335910654543
683,90.4030505285533
684,88.07118206570016
685,85.96239968219899
686,83.57720746216974
687,80.95013364381829
688,78.39768145914039
689,76.12203229460417
690,74.18634774472271
691,72.8502536793996
692,72.4290378122987
693,72.75360487591254
694,73.5223251962419
695,74.3844399493124
696,75.66091609418655
697,77.51161365299544
698,79.92048837198519
699,82.78440401041496
700,85.80848700604233
701,88.85443588475289
702,91.69431544951973
703,94.34927179190366
704,97.03044655656979
705,100.0890843893461
706,103.57064147378941
707,107.61686396662135
708,111.22041405431548
709,113.67518828553023
710,115.24824908322148
711,115.72087717527799
712,114.9492112499382
713,112.10156350926108
714,107.08632957453969
715,100.91284250183074
716,93.25973378140333
717,84.55064275598221
718,76.20605745174096
719,69.05120348292424
720,63.84197311950345
721,59.92403043479754
722,56.88346908223118
723,54.88755391495411
724,54.42642451407558
725,55.28253418506587
726,56.47401837311212
727,57.703167981783295
728,59.0052791799269
729,60.52877867340689
730,62.32077275438482
731,64.31577783908863
732,66.40145730088318
733,68.05352264066997
734,69.17441792349742
735,70.38889428984038
736,71.91402939294608
737,73.61117293414537
738,75.46728562371534
739,77.08619633263999
740,78.45142521480561
741,79.63917434228969
742,80.80361665597624
743,82.07899912974673
744,82.76497015278647
745,82.95776854044274
746,82.64891146902107
747,82.90673057987355
748,83.87103931340047
749,85.56127233899788
750,87.67903735615351
751,89.7122977455457
752,91.38609798197835
753,93.36588586169509
754,95.60622511707712
755,97.8273993624264
756,99.91792649910126
757,101.55625356453871
758,103.24257687088202
759,105.10449713082983
760,107.18301786946647
761,109.51348021722025
762,112.09257380106057
763,115.0084064212547
764,118.57230022342699
765,122.24516755581291
766,125.80701459197894
767,128.8333386790619
768,131.14670986803682
769,132.61901670494188
770,132.6632197849054
771,131.56449714904898
772,129.4042626031652
773,126.37856174414134
774,122.9496181979895
775,119.63097850519023
776,116.81730921380775
777,114.1986261815295
778,111.25680778965568
779,108.5921157929599
780,106.10247132152134
781,103.74829413632418
782,101.87654037539244
783,100.47531684845325
784,99.06037159817622
785,97.28551914128707
786,94.69052609094263
787,91.72590504618967
788,88.49547617763889
789,84.65495981684663
790,80.86103815784267
791,77.40789283414301
792,74.10207660408824
793,70.96037567552395
794,68.48081339311152
795,66.73987839021864
796,65.19231319235978
797,63.62283941147161
798,62.257397222098895
799,60.69543670429704
800,59.60664756205298
801,59.17767617939464
802,59.3119056079583
803,60.545802766066885
804,62.37720472268414
805,64.74743344490201
806,67.23741374865949
807,69.84671266815006
808,72.22584795987913
809,74.73104691211323
810,77.68495961233586
811,81.10367741004775
812,84.65569219951351
813,88.24501383200243
814,91.71404829225811
815,94.85732017129916
816,97.36186080447997
817,99.11650681668618
818,100.5994737104171
819,101.77892734574203
820,103.20247127960522
821,105.26818773309593
822,107.56780588579906
823,109.95723417265454
824,111.59650178037043
825,112.46956583564457
826,112.57197413347897
827,111.3738663979619
828,109.1472105230298
829,106.05605679768044
830,102.12932379796052
831,97.84819639483797
832,93.37853202635692
833,89.05766553059954
834,85.4114933876092
835,82.83962098065481
836,81.5458375326448
837,81.56646737693157
838,82.38568950107918
839,83.84226775477396
840,85.89666517466821
841,88.18968669587076
842,89.89334568596107
843,91.55151896448723
844,93.4940678702634
845,95.5139153771197
846,97.772810144794
847,100.30812396167627
848,103.08605321427582
849,105.70428150687894
850,107.56452753856074
851,108.47084263175586
852,108.34108133428819
853,106.96624404440561
854,104.23480010902105
855,101.85844388523648
856,98.62794664943193
857,95.06923214460872
858,91.93206157350494
859,89.22642620209857
860,87.08415040455515
861,85.59461396941664
862,84.4624428225637
863,82.8348938151526
864,80.6612676757843
865,77.78977911044788
866,74.55579410694179
867,71.88014586147808
868,69.66019011554445
869,67.77419337955399
870,66.2927581957387
871,65.87451741900516
872,66.8334119764325
873,68.91998098266384
874,71.655823277172
875,75.2678039498056
876,79.09612610857474
877,82.92875054691322
878,86.08471971177474
879,88.4812627573707
880,90.1297037350843
881,91.39770404152779
882,91.88442847701575
883,92.02047339334226
884,91.45747046857957
885,90.12123891914084
886,88.36625978182056
887,86.23598230732833
888,84.07273266865712
889,82.21713524238655
890,80.91227944411281
891,80.1924095428875
892,79.79078377931678
893,79.63693511879205
894,80.16472156542696
895,81.16627960193668
896,81.96452181727625
897,82.06573048447083
898,81.38375111681191
899,79.91846450786227
900,78.44507701245072
901,77.2539608812448
902,76.69213084547343
903,76.620041843161
904,77.33633910344133
905,78.42796003813498
906,79.95317619692236
907,82.32031082583237
908,85.34885872551257
909,88.55651225020081
910,91.44394625308634
911,93.21096353909488
912,94.74826857792229
913,94.8645756911277
914,93.98665812373046
915,91.98247311967172
916,89.43382512237932
917,86.54880018592297
918,83.39910210366696
919,80.65389925870919
920,78.38329238657812
921,77.47062636573077
922,77.70096564392938
923,78.62166263998466
924,79.69618100368518
925,80.50003974695753
926,81.34346746544105
927,82.35339101595312
928,83.36345410998337
929,84.2692174243295
930,85.27963221599603
931,85.9184099560595
932,86.16701707645608
933,85.97276812338427
934,85.81226731115305
935,85.73546335509137
936,85.96539851711987
937,86.42461827864557
938,87.07437299377045
939,88.221932294206
940,89.9486280637325
941,92.84675183490333
942,96.48863450123643
943,101.07724694691947
944,106.27882673076095
945,111.73249334278697
946,116.97611412630695
947,121.11602086260268
948,123.93426416476112
949,125.26349333645501
950,125.22441779829882
951,124.20881566026367
952,121.8770868356936
953,118.2892688579914
954,113.9322548004751
955,109.24277891951738
956,104.8888496238642
957,101.13012224105427
958,98.1330861532924
959,95.83357995800881
960,94.41714602758282
961,94.12730106804993
962,94.55213710976298
963,94.88532848529846
964,95.28998113529137
965,95.1852872229409
966,95.14144352393978
967,94.86469427186526
968,94.93091998832551
969,94.98853636164591
970,95.22853394932895
971,95.55843478703076
972,95.73268137901445
973,96.14294767064251
974,96.60222426224517
975,97.10902761730364
976,97.33397136294857
977,97.1464979584621
978,96.25314388873063
979,95.00794324124632
980,93.47978071556852
981,91.741512688858
982,89.20688022028858
983,85.88531500376175
984,82.63497322430678
985,79.82793416761454
986,77.96315982565272
987,76.84217105177993
988,77.00085484639024
989,78.49091308341394
990,81.22097341307031
991,83.82197511987111
992,85.43769340348936
993,86.34598149583599
994,86.37476610711337
995,85.95186875462036
996,85.11166929130232
997,84.37914675967562
998,83.7590069554743
999,83.24361102963357
1000,82.81606789749097
1001,82.47183295376206
1002,82.22045236702209
1003,81.9109388028477
1004,81.76672820384837
1005,81.76870569397636
1006,82.3793370461932
1007,83.79172405315
1008,85.87433146902382
1009,88.15874173422328
1010,90.29415859172938
1011,92.14857711688487
1012,93.8473494656527
1013,95.48877722923726
1014,96.8228641616048
1015,97.99398684918307
1016,99.03819833433259
1017,99.98396283311726
1018,100.92551380243742
1019,101.79167962357266
1020,103.26870819328603
1021,105.22788405525355
1022,107.37955691852179
1023,109.56472065901906
1024,111.80580573004339
1025,113.82419841751272
1026,115.58020005561103
1027,117.34217576065201
1028,119.01763863076027
1029,120.52040487032856
1030,121.55955742409087
1031,121.98326412287943
1032,122.16128890239193
1033,121.99476056431814
1034,121.58393570014546
1035,120.79717600430403
1036,119.7063561990918
1037,118.28974245778988
1038,117.23983909459417
1039,117.1450629486641
1040,117.84369230688135
1041,118.73042083853798
1042,119.7627325915414
1043,120.29264458564884
1044,120.47450848022557
1045,120.05616165401115
1046,119.00944533815587
1047,117.20052969697315
1048,114.83068332203864
1049,111.84643962199307
1050,108.23928664090894
1051,104.36120044853936
1052,100.56472060209836
1053,97.38908505155078
1054,95.06682091770156
1055,93.74204793015427
1056,93.41211314372782
1057,93.98307621532359
1058,95.27497103488801
1059,96.95424599449638
1060,98.86540849653137
1061,100.87991552775632
1062,103.1392186206729
1063,105.42820460384895
1064,107.33559186819275
1065,108.26887266298301
1066,108.38436630954754
1067,107.73161519809139
1068,106.70605448905715
1069,105.35504243479191
1070,104.08348547783599
1071,103.11525537559218
1072,102.600225299913
1073,102.13971638152259
1074,101.56660241580828
1075,100.54437646505873
1076,99.59336416546168
1077,99.05439702350557
1078,98.31963253966092
1079,97.07342025221539
1080,95.2841623766261
1081,93.34058137207006
1082,91.525098559812
1083,89.94562851314748
1084,88.38165794201684
1085,86.87373788658469
1086,85.82743374804474
1087,85.97715093927708
1088,86.9794818852734
1089,88.62269544902678
1090,90.79949375228705
1091,92.84277165540536
1092,94.94958273644832
1093,97.11888056596428
1094,99.45475417815513
1095,102.00872962540382
1096,105.12616469183132
1097,108.8160299528468
1098,112.9260840146739
1099,117.16489131676249
1100,121.0599721230553
1101,124.80845402541408
1102,128.050032561989
1103,131.13969949025028
1104,134.13285939894286
1105,136.9211154143763
1106,139.14748554506303
1107,140.63442701488435
1108,141.45138132982993
1109,141.6212249806278
1110,141.3807256666161
1111,141.0541702919356
1112,140.56702090948798
1113,139.92498608666995
1114,139.1659604350674
1115,138.28562974420987
1116,137.55568073449234
1117,137.09822421495102
1118,137.16842277215508
1119,137.10153071912225
1120,136.60146263395052
1121,135.61101723156713
1122,134.44270884164158
1123,133.25352671859287
1124,132.58387384732768
1125,132.37100332303115
1126,132.3799728737127
1127,132.05104504965624
1128,131.23820148852167
1129,129.6755178482655
1130,127.59089331642441
1131,125.02334223002963
1132,121.80430945046561
1133,118.80400863086919
1134,115.7353917069851
1135,112.84601794884213
1136,109.55617230563493
1137,106.17698147667193
1138,102.70481886911242
1139,99.40392888687745
1140,96.53215460233301
1141,93.71760303464072
1142,91.13757025547758
1143,88.247839794545
1144,85.00293601423226
1145,81.51791014572146
1146,78.05913581869825
1147,74.89884746769033
1148,72.40040554899464
1149,70.84989170091643
1150,69.69093687189404
1151,68.77075244759347
1152,68.044446288507
1153,67.14711462978063
1154,65.94098378166214
1155,64.78404900158915
1156,63.77615336741323
1157,63.217317468777935
1158,63.131554112645496
1159,63.02981895810778
1160,62.915185018678095
1161,63.0288940095484
1162,63.66863405816001
1163,64.74942320847695
1164,66.03719587474934
1165,67.38355494280894
1166,68.75230325357279
1167,69.30014199244451
1168,69.45560069589187
1169,68.98132927923052
1170,67.94224614333767
1171,66.41397572853265
1172,64.45251551209319
1173,62.41683447988957
1174,60.30456129716937
1175,58.605035190057535
1176,57.12755067496991
1177,55.66880348709829
1178,54.15579150080727
1179,52.463728842444496
1180,51.05756496601212
1181,49.79731167156686
1182,48.943983173877676
1183,48.35251440792214
1184,47.843461220369335
1185,47.541763236662376
1186,47.46217962762109
1187,47.43677582295645
1188,47.319755783076275
1189,47.39477029347691
1190,47.960398061605424
1191,49.117843362365406
1192,50.328789758021294
1193,51.3775476625293
1194,52.41421418833211
1195,53.73666648526843
1196,55.23198592063265
1197,56.53291382939952
1198,57.88066988415494
1199,59.367176060362056
1200,60.70292468064986
1201,61.828329351622486
1202,62.6093101030759
1203,63.291593381306086
1204,64.22062102286364
1205,65.42064496890131
1206,66.26430582575267
1207,66.98462328004122
1208,67.57656894477671
1209,68.13792675112944
1210,68.79722914030124
1211,69.09845693046941
1212,69.07371168263715
1213,68.76405764097363
1214,68.27901060123813
1215,67.78815215779261
1216,67.18918316547338
1217,66.35285989754898
1218,64.99851809693179
1219,63.34943994158486
1220,61.67474422527485
1221,60.4505496544192
1222,59.491949805898884
1223,58.60403999616477
1224,58.08748673093724
1225,58.32061862244299
1226,60.43014763220725
1227,63.47687529156761
1228,68.0799791308734
1229,73.59879143444697
1230,79.2158637474023
1231,84.86738300854776
1232,89.74842632775224
1233,94.15199369517053
1234,98.47962737724123
1235,102.46440801525848
1236,106.17869267124169
1237,109.61402002342996
1238,113.17192019412406
1239,116.6718892625253
1240,120.20015728564269
1241,123.63329971822398
1242,127.07326139477215
1243,130.32836662978391
1244,133.48160134040157
1245,136.15996180040048
1246,138.06477661413751
1247,138.93110269556502
1248,139.00431048559864
1249,138.42214577169256
1250,137.61695669996996
1251,136.7208779047875
1252,136.0802225777396
1253,135.4615267350631
1254,134.92326135193454
1255,134.41386119919974
1256,133.93716398617534
1257,133.24852002124612
1258,132.3499268828855
1259,131.52428927543326
1260,130.7261867883018
1261,129.68158757279213
1262,127.96086442300303
1263,125.54683485140231
1264,122.54253247672042
1265,118.98279650472747
1266,114.82969103714157
1267,110.35406516445872
1268,106.04081800607693
1269,102.0400137170216
1270,98.37961892864175
1271,95.00321103811362
1272,91.83909698843468
1273,89.14612112204622
1274,86.76348146860738
1275,84.81668114252201
1276,83.03182106368982
1277,81.28367174461474
1278,79.43281942260558
1279,77.20506533457339
1280,74.64172030921756
1281,71.9782894453601
1282,69.9576356956584
1283,68.73575441584035
1284,68.15367249801403
1285,68.15793545568857
1286,68.65452020634774
1287,69.57953103629607
1288,70.83868696019236
1289,72.28789184255106
1290,73.96525297580298
1291,75.74060564019243
1292,77.75809235546151
1293,79.7667924165612
1294,81.53840358050755
1295,82.68913527141288
1296,83.4747174142241
1297,84.49200251063868
1298,85.67663793750313
1299,87.05889862219212
1300,88.30993816745973
1301,89.3855560465204
1302,90.31999286160199
1303,90.75196057864976
1304,90.53213100373479
1305,90.12429410979438
1306,89.6503044895895
1307,89.809750166989
1308,90.37999052087252
1309,91.39517880995332
1310,92.40438777313365
1311,93.28239957110056
1312,93.93218893891
1313,93.99929133859155
1314,93.70862657006057
1315,93.21924665559477
1316,92.50323465459086
1317,91.68115251844651
1318,90.89519527213847
1319,90.46053375481273
1320,90.40934275361552
1321,90.7567893044525
1322,91.49796486722244
1323,92.18639927765108
1324,92.48308251729773
1325,91.96931963156464
1326,91.0809528457722
1327,89.56564074534757
1328,87.9982290305316
1329,86.21549188235062
1330,84.31682455382904
1331,82.21578975226424
1332,79.94805477522985
1333,77.95726554854915
1334,76.45962360265612
1335,75.07204360182
1336,73.68937618379286
1337,72.12148824183717
1338,70.54562053206355
1339,69.31477344273293
1340,68.60374669357626
1341,68.36409234321819
1342,68.5307533022387
1343,69.05149724305394
1344,69.7810915938129
1345,70.61361762174195
1346,71.25367746907907
1347,71.78265378731564
1348,72.11963959444236
1349,72.45461923333406
1350,72.97887129946207
1351,73.61982072690176
1352,73.93237937363733
1353,74.1077233189919
1354,74.22970893623395
1355,74.92570055395726
1356,76.18795986679535
1357,77.61835150792157
1358,79.1459282019645
1359,80.2575567349316
1360,81.11873756242821
1361,81.80055613992823
1362,82.34808639140806
1363,82.89912108752192
1364,83.15756180058841
1365,83.44859453663672
1366,83.8871035941936
1367,84.92035593080735
1368,85.81928546366129
1369,86.97143412484303
1370,88.52541658731855
1371,90.35834094997881
1372,92.78837010661951
1373,95.48484107058843
1374,98.27602683203548
1375,101.21126555673237
1376,104.71490093413047
1377,109.02069860877393
1378,114.04377904305653
1379,119.4885841434212
1380,124.54505183706682
1381,129.20007530385328
1382,133.36786581295024
1383,137.02161033519184
1384,140.11636380912876
1385,142.5109811998679
1386,144.40328741734706
1387,145.6685642967588
1388,146.5759648597988
1389,147.22561093741552
1390,147.85779660177616
1391,148.2956579429142
1392,148.46040876364117
1393,148.77383522497672
1394,149.22248053368065
1395,149.7662909438527
1396,150.06358317161377
1397,150.08215166300062
1398,149.84816947868723
1399,149.37979582540834
1400,148.7098166977979
1401,148.1179969458192
1402,147.7071207735276
1403,147.27537950754487
1404,146.6428890423819
1405,145.62692324917106
1406,144.27157308874814
1407,142.49282537288155
1408,140.57072767756796
1409,139.09443356807992
1410,138.29095762874022
1411,137.80613670692247
1412,137.95239376553926
1413,137.94796121044175
1414,137.19101737279314
1415,135.81116841570093
1416,133.58190747095716
1417,130.68063260425726
1418,127.74032326861612
1419,125.33214556982006
1420,123.55165245906846
1421,122.01369967042893
1422,120.92783709130185
1423,119.84853964220461
1424,118.46941737973907
1425,117.26958101139405
1426,116.43298321613759
1427,116.24672555231739
1428,116.04060451332067
1429,115.93113346749618
1430,115.76635177956791
1431,115.25497488087875
1432,114.10632454472142
1433,112.3199576136471
1434,110.44445867219898
1435,108.40189062680166
1436,105.54952747225633
1437,101.79258833822134
1438,97.75067099412452
1439,93.97459407126846
1440,90.71953206022303
1441,88.24021000299248
1442,85.79726151191224
1443,83.5486070790073
1444,80.73481810188994
1445,77.95359301719594
1446,75.04254674754483
1447,71.7813009065085
1448,68.20481673034041
1449,64.52019850279987
1450,60.76634610677364
1451,57.788771622977535
1452,55.75746277623455
1453,54.63380944502639
1454,55.01697816813464
1455,56.903984491662555
1456,60.25622782840638
1457,64.5787609833313
1458,69.36424324390157
1459,74.53146774236747
1460,78.74176457888137
1461,82.27049403941189
1462,84.58347643501685
1463,86.30091402605296
1464,87.41451312967888
1465,88.39744658367238
1466,89.19464082391312
1467,90.03223603592818
1468,90.80766934372778
1469,91.12595462409638
1470,91.13579877430068
1471,90.5242197664763
1472,89.66311191140396
1473,88.58686724484522
1474,87.21658194940622
1475,85.90737013379947
1476,84.03967350323683
1477,82.32927631710224
1478,80.69781130978775
1479,79.03316854943338
1480,77.14056200153139
1481,75.1123688275366
1482,73.34784076616114
1483,71.1150443095177
1484,68.21893175376668
1485,64.99027301155746
1486,61.509326926341274
1487,58.255096354779496
1488,55.3628452841364
1489,52.888964493090796
1490,51.07857514417307
1491,49.761996537318964
1492,48.89119926222044
1493,47.94519431367833
1494,46.84063635960759
1495,45.85566207673888
1496,45.30779311979328
1497,45.267743126789085
1498,45.52328720711501
1499,45.90838187061755
1500,46.07370521074248
1501,45.7987107063727
1502,44.878638518059
1503,43.45278407442213
1504,42.226322238181126
1505,40.87829954957698
1506,39.49199723327071
1507,37.79003631233955
1508,35.925960404223105
1509,34.071566329835846
1510,32.82154247791836
1511,32.40439045091506
1512,32.7131651365856
1513,33.7144339938567
1514,35.24234665000325
1515,37.25820820282131
1516,39.5249323542715
1517,41.76261880866956
1518,44.17941348663615
1519,46.83664132182248
1520,49.663332827976916
1521,52.56859623009368
1522,54.706073805684724
1523,56.41482114759516
1524,57.466408025582695
1525,57.86291927867042
1526,58.248001490536964
1527,59.275600982405756
1528,60.83828062504807
1529,62.842979664947094
1530,64.50119070107979
1531,65.45817454835544
1532,65.83401428839456
1533,65.73744994558895
1534,65.62271943422445
1535,65.515184497411
1536,65.21032578414452
1537,65.40931954858752
1538,65.9364486324034
1539,66.39505093532321
1540,67.42006926484471
1541,68.59418197842908
1542,69.92341215326576
1543,70.91321041917318
1544,71.52079315374024
1545,72.04335894155014
1546,72.4777435089156
1547,72.88556076219477
1548,73.02942351299066
1549,72.76136109131497
1550,72.02728361583004
1551,71.16666515670946
1552,69.97731084426755
1553,68.04905819944241
1554,65.91143413797283
1555,64.06227317838966
1556,62.635905855674814
1557,61.18367189120676
1558,60.004935505104534
1559,58.58683463592155
1560,57.15932463355385
1561,55.25512382866441
1562,53.145694924544465
1563,51.198685572438535
1564,49.6872064605468
1565,48.28328602777497
1566,46.87285891251548
1567,45.9642695447095
1568,45.831833192070405
1569,46.404438322080466
1570,47.48919073073014
1571,49.053345679146304
1572,50.43646884731339
1573,51.44945112355364
1574,52.17864484836308
1575,53.36395578172449
1576,55.09825264087239
1577,56.883362012294626
1578,58.60570544621591
1579,59.886366100183736
1580,60.91007939465427
1581,61.416534330605316
1582,61.31354070427801
1583,60.83211346889396
1584,60.19617665272192
1585,59.807515048310734
1586,59.22201149022365
1587,59.18940760729994
1588,59.650320829621464
1589,60.81008314797525
1590,62.80599866653143
1591,65.50075401304818
1592,68.80703527532805
1593,72.37399534340861
1594,76.40645388227293
1595,80.62144146344154
1596,84.28848065905824
1597,87.7762836493108
1598,90.72238290171707
1599,92.66719027550391
1600,93.89872981466092
1601,94.70451044099237
1602,95.55546262079602
1603,96.54158602719363
1604,97.92435109256692
1605,99.2667613441038
1606,100.7101591873311
1607,102.36493544654144
1608,103.61952243587771
1609,104.50192023241982
1610,105.12142325997391
1611,105.3713006883188
1612,104.93674629117199
1613,103.84988347640552
1614,102.17812481840933
1615,99.88219166947019
1616,97.3802280408637
1617,94.63522329104143
1618,91.78986544962913
1619,88.27870805717109
1620,84.76529481507578
1621,81.2010141381146
1622,77.53537478560602
1623,74.65713752561285
1624,73.22518390790972
1625,74.14092138230305
1626,76.946863816942
1627,81.24406085922105
1628,86.88072904447847
1629,93.35864099172926
1630,100.00843431919263
1631,105.76487497563232
1632,110.16903461592682
1633,113.06458994672406
1634,115.24104599072
1635,117.18859667123857
1636,118.82650606040423
1637,119.97734366045208
1638,120.34233240784039
1639,120.40896573745223
1640,119.7200093145969
1641,118.47019449833465
1642,117.54155687338869
1643,117.16245137629305
1644,117.43490235531414
1645,118.2838037015233
1646,119.38666757718102
1647,120.60413010057063
1648,121.57676838484198
1649,121.8786940678229
1650,121.70361032805982
1651,121.55896913665732
1652,121.45676639676222
1653,121.36785001305347
1654,121.54836028614959
1655,121.60847759481102
1656,121.60136786094597
1657,121.24987538825927
1658,120.99044677609291
1659,120.644032969226
1660,120.56336708998526
1661,120.55188267958343
1662,120.76814800844657
1663,121.15039780316837
1664,121.54549587771365
1665,121.78408589784206
1666,121.76295390884431
1667,121.99200420601818
1668,122.71332797630863
1669,123.91416645661403
1670,125.32586753347078
1671,126.83158513592673
1672,128.1263762074353
1673,129.21448709280602
1674,129.76749478011376
1675,130.09607646751425
1676,129.7546456784258
1677,129.0484541815805
1678,127.7092539843823
1679,126.11356921310237
1680,124.0966252033823
1681,122.02692136219352
1682,119.28211156086164
1683,115.94738991118481
1684,112.15220258199233
1685,107.84855243626822
1686,103.66164031582215
1687,99.91236141559004
1688,97.11313917649348
1689,94.68353798089518
1690,92.86175568218952
1691,91.64899177370877
1692,91.50082130206651
1693,91.93247907611807
1694,92.81685858046109
1695,93.76693308888895
1696,94.54482846258972
1697,95.39153121392988
1698,96.59860150519064
1699,97.8795367219719
1700,99.24113441909766
1701,100.35181027723434
1702,101.25913603375501
1703,102.51214277915284
1704,103.78021103463823
1705,104.79820333565883
1706,105.38473622224578
1707,104.91504635806183
1708,103.90141429565371
1709,102.65355946999765
1710,101.56792577167687
1711,100.57894768126431
1712,99.59530923643067
1713,98.59223758118739
1714,97.88568397336479
1715,96.72239735385509
1716,94.93049864935381
1717,92.33770586563142
1718,90.03758541911401
1719,88.23218693023941
1720,86.7584934152417
1721,85.34812586972208
1722,84.06304104308447
1723,82.96760250487166
1724,82.07261378458321
1725,81.26907021757312
1726,79.95310116026297
1727,77.8256095799992
1728,74.26568277962673
1729,69.96729884003055
1730,65.36414320277487
1731,60.97246357196202
1732,57.01846535329821
1733,53.33189926984983
1734,49.90776761605981
1735,47.0134082201311
1736,44.540391867355076
1737,42.388749718612495
1738,40.41532080113323
1739,38.55560268941487
1740,36.77693906712742
1741,35.070622474610246
1742,33.450410299950214
1743,31.78671236063775
1744,30.442746267423622
1745,29.68672724176035
1746,29.727404091116497
1747,30.203716813936754
1748,30.785829988639826
1749,31.632595496170275
1750,32.96806112803402
1751,34.72761633545662
1752,37.00473281319959
1753,39.63628169779135
1754,42.9798299562908
1755,47.0477026592979
1756,51.257527773208295
1757,56.21806666466405
1758,60.980153424427584
1759,65.782368294044
1760,69.66398772503605
1761,72.62786490195649
1762,74.95449276052508
1763,76.55648404998001
1764,78.4067685033818
1765,80.36649408907037
1766,83.41373608761923
1767,86.06483662635674
1768,89.40443934404328
1769,93.14118834581161
1770,96.61326959819648
1771,99.70334552504916
1772,102.01952350807302
1773,103.99770474208111
1774,105.89234753053753
1775,107.31094290344109
1776,107.90219165399404
1777,107.51768865294576
1778,106.3504186029759
1779,104.76160457572595
1780,102.8231122390304
1781,100.7205334158879
1782,99.02707836000751
1783,97.4543945228946
1784,96.3812830686032
1785,95.2151237733076
1786,93.63969095278381
1787,91.05069959081182
1788,87.36346622169893
1789,83.07644438823584
1790,78.66709790999298
1791,74.09046882770932
1792,69.79381274646843
1793,66.15262208584359
1794,63.27718108711911
1795,61.45270061324191
1796,61.00543726117107
1797,61.81898262784663
1798,63.84122726629591
1799,66.95123235874445
1800,70.66813156793438
1801,74.32445423829235
1802,77.33098865967534
1803,79.85944137408823
1804,82.05264684326607
1805,83.81925667902291
1806,85.23062955071674
1807,86.54233456796425
1808,88.13787933540127
1809,89.81732718988096
1810,91.24330153938348
1811,92.72559926521956
1812,94.26170213837338
1813,95.84303068210097
1814,97.42271400805993
1815,98.90802913135768
1816,99.85885012709701
1817,100.03139591913069
1818,99.33594365905387
1819,97.9440214435403
1820,95.96827771928704
1821,93.57329895111482
1822,90.85531111324484
1823,88.17702523777967
1824,85.84691652612499
1825,83.77129927387395
1826,82.03727984223887
1827,80.30370400715896
1828,78.69972935284868
1829,77.1534756024423
1830,75.18015741750615
1831,73.28873717363108
1832,71.06639296809942
1833,69.11997018255349
1834,67.39083649285091
1835,65.72980154363827
1836,64.23911854913037
1837,63.607808197021015
1838,63.555062692480504
1839,63.95847725952897
1840,64.37174036811803
1841,64.54681005174518
1842,64.72422394441975
1843,64.63472143718833
1844,64.21492643723775
1845,63.493881716542646
1846,62.52947662934065
1847,61.228515648385226
1848,59.92732958602336
1849,57.86557871385
1850,55.54208280405016
1851,53.567340385741176
1852,52.72990178845695
1853,53.562899465424316
1854,55.81755146153911
1855,59.38764956166969
1856,64.0955046666802
1857,69.35854579697602
1858,74.69914430870926
1859,79.67270678461486
1860,84.86839480064131
1861,89.98907363298885
1862,95.27826742596991
1863,99.72694676315118
1864,102.88528030992998
1865,104.84144740831853
1866,105.5344226360843
1867,105.10690997340313
1868,103.68207717419602
1869,101.96811174483832
1870,100.32010067496763
1871,99.09429957725844
1872,98.09946898391948
1873,97.16358083042034
1874,95.95788601763124
1875,94.64800032986017
1876,93.19375162225833
1877,91.53662718579544
1878,89.92239786546087
1879,88.75919201418307
1880,88.09421934846159
1881,87.51569312928387
1882,87.50273106213953
1883,88.12568722572087
1884,89.49735741406306
1885,91.40378958867092
1886,92.8723572160508
1887,93.88843048010543
1888,94.21300032783954
1889,94.67331345478243
1890,94.90642560450831
1891,95.05859653875666
1892,94.78752171767823
1893,94.67061591765676
1894,94.80947826027568
1895,95.34754447840592
1896,95.63152219279011
1897,96.01063345815317
1898,96.39242576925388
1899,96.77261205646565
1900,97.03498547272687
1901,97.25140562874302
1902,97.19650089879188
1903,97.29289244451338
1904,97.5852511408124
1905,98.0300203007692
1906,98.71057992310072
1907,99.64120885478161
1908,100.73661231229875
1909,101.3837703295043
1910,101.36585029845585
1911,100.72073003677514
1912,99.4225140345111
1913,97.63849663906652
1914,95.60966228819856
1915,93.83001948015743
1916,92.92724541249433
1917,92.52689115058757
1918,92.12850180104793
1919,92.54709272482538
1920,93.75377107889588
1921,94.62656492736043
1922,94.85536514608052
1923,94.89172746587715
1924,95.56463277543308
1925,96.19534456400206
1926,95.82399728911176
1927,94.72583170520369
1928,93.0474028571216
1929,91.46046798143811
1930,89.59665074054946
1931,87.16491864010158
1932,83.72611034311765
1933,79.61868138351835
1934,75.16997751153392
1935,70.76935580675502
1936,66.96137825820924
1937,63.900271034149334
1938,61.237107749217216
1939,58.701947007986476
1940,56.82297111031197
1941,55.85274796087424
1942,55.59980738641263
1943,55.289490864646616
1944,55.1178637333869
1945,55.083642231806905
1946,54.82439184644619
1947,54.282294893157164
1948,54.35493275955916
1949,55.3705012175423
1950,57.66973063630414
1951,60.74766586067038
1952,63.92609951979236
1953,67.3588646724062
1954,70.98592888202731
1955,74.70957978099887
1956,78.56142165018875
1957,83.13975357912815
1958,88.6627732171837
1959,94.53937577880434
1960,100.25276342296246
1961,105.92910049576956
1962,110.70189995639447
1963,114.91828221154994
1964,117.81523598281734
1965,120.19408266937117
1966,121.6835045870874
1967,121.61007655390483
1968,120.37201530348842
1969,118.25189303248987
1970,114.81147666788985
1971,111.13224102405152
1972,107.3600415654473
1973,104.19217099300795
1974,101.43826264615313
1975,98.90773627438963
1976,96.42251267769315
1977,93.9986415825177
1978,92.40803467226475
1979,91.68802362191994
1980,91.33015507180684
1981,91.57239052862846
1982,92.09556058769047
1983,92.61880807814498
1984,93.82972818564765
1985,95.07367048232818
1986,96.26373470233715
1987,97.53594570171128
1988,98.18657397767169
1989,98.47951635307436
1990,98.132172761965
1991,97.51522423611507
1992,97.38991536802189
1993,97.17367710967434
1994,96.1239970543278
1995,95.21077540617631
1996,94.17724563145038
1997,93.99583626322985
1998,95.15605995551294
1999,97.2141204566413
2000,99.48063305725229
2001,101.18297791486984
2002,102.21060372593175
2003,102.24739673122929
2004,101.46181734085303
2005,99.97890364413456
2006,98.0090798654301
2007,96.40851931213138
2008,95.13557468017191
2009,94.13576384830644
2010,93.30218256736127
2011,92.31537184777932
2012,91.28010676748991
2013,90.29908513590277
2014,89.72844240826724
2015,89.70251251298785
2016,89.43894668641501
2017,88.39098202048217
2018,87.00684571815393
2019,85.88195368052001
2020,85.92671318325674
2021,86.83538100300694
2022,87.81306597790419
2023,88.16312108244654
2024,87.60080080787986
2025,86.1341972229875
2026,84.07623625258404
2027,81.24568648051451
2028,77.82543256382365
2029,74.4141568762409
2030,71.39173433594154
2031,69.40131061386631
2032,68.4261333423566
2033,67.38919528501242
2034,66.22206787974827
2035,65.24451220278046
2036,64.25349241692237
2037,62.91693973680377
2038,61.657732600012295
2039,59.98571032967032
2040,57.58453849523225
2041,54.47797747187277
2042,51.26106805468221
2043,48.42540530817746
2044,46.26547324554347
2045,44.64970764678388
2046,43.52530624512863
2047,42.808306755518466
2048,42.81150130219498
2049,43.21036974845056
2050,43.767342722030655
2051,43.98684288045318
2052,44.177808018280786
2053,44.138395008616534
2054,44.31206170652379
2055,44.511117471734906
2056,44.801716678146406
2057,44.996181534100984
2058,44.73916156333689
2059,44.58753739259427
2060,44.656112659078914
2061,45.543216506089365
2062,47.493861950086654
2063,50.44458236272472
2064,53.61570768131505
2065,56.16747005818814
2066,58.47670588002081
2067,61.097932347894954
2068,64.7162678550439
2069,69.68668486259094
2070,75.30339559051663
2071,81.20903941739209
2072,86.92082260472499
2073,92.24296614294454
2074,97.27738535040493
2075,102.21403602400335
2076,106.79738884218332
2077,111.33676860510926
2078,115.48504095226261
2079,118.67902605512666
2080,120.56457860274372
2081,119.70631858040073
2082,116.9375174512505
2083,112.10265740812038
2084,105.64934586521589
2085,98.96319616931493
2086,93.10110754302328
2087,89.92156492944393
2088,88.5213760751273
2089,88.19758914168773
2090,87.9474068161263
2091,87.55148290051928
2092,87.79695381601144
2093,88.86323032787908
2094,89.97049057876744
2095,90.79943715849329
2096,91.29744008311991
2097,91.21072799810074
2098,91.23554131609524
2099,92.15859886998638
2100,93.30058286398268
2101,93.76396031239108
2102,93.5181442306476
2103,92.63195427370955
2104,91.05522062516133
2105,88.58209564107179
2106,85.93385729816832
2107,82.83702215688126
2108,79.42575239493458
2109,76.45794770204097
2110,73.40403380580645
2111,70.8104885608021
2112,68.99887812142602
2113,67.82411106559107
2114,66.65330794921826
2115,65.77690271568959
2116,65.54031457802574
2117,66.12628414639114
2118,67.13658014010764
2119,68.39022313034465
2120,68.95840197936165
2121,69.01418253970284
2122,68.88250018693175
2123,68.54926752645316
2124,68.2238462822895
2125,68.00546979594033
2126,68.5534836108335
2127,69.88331644455222
2128,72.38762123304791
2129,75.98872412118368
2130,79.74708345409027
2131,82.68997711282951
2132,83.91282986013643
2133,84.36686573348157
2134,83.97026709410102
2135,82.92937310115016
2136,81.93343863967145
2137,81.42757461586656
2138,82.42673403564791
2139,83.76790346065889
2140,86.0879099243789
2141,89.08744982111843
2142,92.60624612523932
2143,96.75883783358846
2144,101.13652438293292
2145,105.34446886808959
2146,108.99693083530704
2147,111.45790615798106
2148,112.87084645438776
2149,113.74057024981647
2150,113.97513553000802
2151,114.29705923871018
2152,114.54067691490553
2153,114.63426514960324
2154,115.45942925350414
2155,117.08908314028724
2156,119.04848367158844
2157,120.4765978306848
2158,121.72488963274861
2159,122.9519557674795
2160,123.77040960284671
2161,124.19635913958314
2162,124.29992698964813
2163,124.10537452702124
2164,123.40799393302899
2165,122.62163255448837
2166,121.93749815515802
2167,121.0518266326992
2168,120.31399579755939
2169,119.67859149372332
2170,118.54773019817972
2171,116.65854823626033
2172,114.69702516062152
2173,112.61406306299246
2174,111.18558364151346
2175,109.6610705601467
2176,107.89924122548155
2177,105.75893826171132
2178,103.05851798859646
2179,100.23683017725816
2180,97.1041823741095
2181,93.87216150479202
2182,90.67971475233966
2183,87.87472262988226
2184,85.21628714884719
2185,82.61597977358142
2186,79.99556734243369
2187,77.38823460803822
2188,74.29180181121484
2189,70.98617648430982
2190,67.63529260623841
2191,64.38975716628813
2192,61.07345538720229
2193,57.92347503015513
2194,55.207259453660384
2195,52.735929808562084
2196,50.549689654399266
2197,48.480560223348746
2198,46.59909030389066
2199,45.00427674561749
2200,43.859746240404405
2201,43.41525684721991
2202,43.81823130588589
2203,44.33555161851545
2204,45.14072037529003
2205,45.78532624755733
2206,46.693099061597636
2207,47.70306375562663
2208,48.74294007187527
2209,50.27540457978074
2210,51.96660452006192
2211,53.68853468163004
2212,55.206597669877816
2213,56.4584988242289
2214,57.350214120764626
2215,58.02930214623311
2216,58.69965263677618
2217,59.648056045954974
2218,60.51236747274909
2219,61.278652732148814
2220,62.09998387311067
2221,63.319300173658675
2222,65.14968613299405
2223,66.74212191761583
2224,68.97155470876683
2225,71.09311356694117
2226,73.28065177302548
2227,75.48938687986549
2228,77.50939571197657
2229,79.23882597505335
2230,80.2420908261808
2231,81.24916802761165
2232,82.46708514565677
2233,83.51733684431812
2234,83.9693051985053
2235,83.33634167397807
2236,81.47309795386359
2237,79.01943707197304
2238,75.96465786757254
2239,72.33150952054734
2240,68.46862453917146
2241,64.21388785095623
2242,60.650093354696864
2243,57.238381809887485
2244,53.95450922917844
2245,50.53404082773352
2246,46.94215820553224
2247,42.83812561452245
2248,38.44044824249023
2249,34.166563702338166
2250,30.72450180601076
2251,28.12628846750038
2252,26.602498915110047
2253,26.046579510455253
2254,26.348290316174367
2255,27.401524583328552
2256,28.98894956808217
2257,30.89517757673998
2258,32.907361586563155
2259,34.887794165914755
2260,37.148419210351356
2261,40.008816142500976
2262,43.0533981258683
2263,46.11679926875763
2264,49.03504458557731
2265,51.53167584513323
2266,53.61462430170546
2267,55.5639989971972
2268,57.361236100954756
2269,59.42647899220999
2270,62.000252115053435
2271,65.33708897531938
2272,69.04490391098201
2273,72.75818857975759
2274,76.385138774247
2275,80.04070764058002
2276,84.11402899268502
2277,87.8854959949952
2278,91.26692355303942
2279,94.17793518849756
2280,96.71051531134614
2281,99.19061042139376
2282,101.71057363012147
2283,103.93540066170064
2284,105.91401339484912
2285,107.50245090592055
2286,108.35407664964418
2287,108.25544209569316
2288,107.26614362725937
2289,105.08241383127088
2290,102.30307970311199
2291,99.32016267245021
2292,96.71429450527657
2293,94.47647508048522
2294,92.7500277005034
2295,91.42742279424752
2296,90.60916300531633
2297,90.21752166329372
2298,89.98168458077299
2299,89.87360618582572
2300,89.60739626789893
2301,89.55369764925281
2302,89.36727412319343
2303,88.93709993604085
2304,87.88023530984829
2305,86.25485573522202
2306,84.31946938573972
2307,82.42260369982613
2308,80.54433587289238
2309,78.3313858994359
2310,75.83478696462983
2311,73.14479856838886
2312,70.2721139428572
2313,67.24656318208187
2314,64.37705649894298
2315,61.951273590134846
2316,59.682034105301256
2317,57.42196329407166
2318,54.93496830186761
2319,52.11422494179823
2320,49.39932049936976
2321,46.50199429765768
2322,44.126502559022214
2323,42.59610325268847
2324,41.72388763400649
2325,41.60024382176705
2326,41.448995318337516
2327,41.270484234548974
2328,41.07722760922192
2329,40.85490965157518
2330,40.352082807581674
2331,39.785865537074756
2332,39.82419245933012
2333,40.59373097550376
2334,41.99604965161044
2335,43.77973489818696
2336,46.18579297204681
2337,48.27906349630487
2338,50.69129935102073
2339,53.785125223408336
2340,57.088432955330404
2341,60.59652569046298
2342,63.949565763180345
2343,66.64236385940407
2344,68.73606760816592
2345,70.57482146666617
2346,72.58350279020624
2347,74.43754949950647
2348,76.27794055870375
2349,78.13043864589417
2350,80.36402163578671
2351,82.81040386799498
2352,85.46748318669879
2353,88.0101401718901
2354,90.57145310526991
2355,92.91840330012718
2356,95.31494895695775
2357,97.60546775232788
2358,99.96230014347002
2359,102.4137912025398
2360,104.97379805423806
2361,107.74946467659197
2362,110.63587154050563
2363,113.48731866798354
2364,116.35840172023033
2365,119.06146451893383
2366,121.69450587196427
2367,124.30355318298271
2368,126.90163533251751
2369,129.45841100284156
2370,132.14470347049814
2371,134.7264236533278
2372,136.80898159152585
2373,138.17847711363473
2374,139.1450873975357
2375,139.70564857813343
2376,140.03979563485154
2377,139.27539002748836
2378,137.385531467229
2379,134.99863267817744
2380,132.38929762497565
2381,129.5266074721733
2382,126.31773007918304
2383,123.20145122838207
2384,120.28203185991023
2385,117.2860911864359
2386,114.17309170986032
2387,110.6800090247635
2388,107.68150876268174
2389,105.11665541843186
2390,102.73765041732551
2391,100.701626192132
2392,99.11348059870159
2393,98.0898517598273
2394,97.19929467000667
2395,96.84295083260783
2396,97.45154514283783
2397,98.54879263387188
2398,99.02210024176773
2399,99.10767599038695
2400,98.96086260169596
2401,98.6926461954692
2402,98.81131849248499
2403,98.97004602256673
2404,98.81782705389902
2405,98.67513654610896
2406,98.20889217314497
2407,97.61775790983609
2408,96.5943201397836
2409,95.51075885469189
2410,94.69389621421864
2411,94.15287078796732
2412,93.36023550969081
2413,92.40040987994696
2414,91.60704158047645
2415,90.98947290559022
2416,90.40902879859087
2417,89.15289647173726
2418,87.69476473016499
2419,86.22033088954649
2420,85.11842280098716
2421,84.07135306497136
2422,82.99338037599699
2423,81.72986425792234
2424,80.29269776660512
2425,78.71090005125183
2426,77.0225411669457
2427,75.43294549949138
2428,74.0252828228628
2429,73.22973064447432
2430,72.6947249313172
2431,72.29656975680524
2432,71.70688243235955
2433,71.0985127689216
2434,70.69085876523309
2435,70.3012448099426
2436,69.91965334920332
2437,69.68710334809316
2438,69.86129636577141
2439,70.16960769589167
2440,70.48475193178842
2441,70.78886261299199
2442,70.89633991364363
2443,70.63312505528538
2444,70.09765232216661
2445,69.25007108527255
2446,68.72812735515723
2447,68.28132883993457
2448,67.74775647992878
2449,67.17869739053093
2450,66.93006862441176
2451,66.7137615978881
2452,67.16772952949253
2453,68.26419532645117
2454,69.69292988729995
2455,71.39416152627598
2456,73.29572201266512
2457,75.40348359237251
2458,77.93417674558943
2459,80.6669909296134
2460,83.71397877241331
2461,87.00011284357812
2462,90.1829157936929
2463,93.4534274283173
2464,96.77288554631751
2465,100.17256495981061
2466,103.79606792703603
2467,107.44704701335837
2468,111.11459578450601
2469,114.8568245119834
2470,118.54259416789941
2471,122.07964436678492
2472,125.55429445907887
2473,128.89484888107424
2474,131.9929016450402
2475,134.7743080331588
2476,137.04835206481005
2477,138.70228424096052
2478,139.3715697959899
2479,138.687957366502
2480,136.35730656953257
2481,131.93648463471112
2482,126.08056657514477
2483,118.84250033932221
2484,111.12272553969281
2485,103.55220474167251
2486,96.80358967563014
2487,90.51512682358896
2488,85.50088363287402
2489,82.43376410456943
2490,81.15318081554709
2491,80.46843804834172
2492,81.11068548890576
2493,81.74764516071144
2494,81.81012343246437
2495,80.28108494204659
2496,76.98074788329197
2497,72.63506867727345
2498,67.5216412785739
2499,63.04342158171264
2500,59.11432815501874
2501,55.74029944740437
2502,52.62519093918333
2503,49.82279871737862
2504,47.45041972861661
2505,45.930650184874295
2506,44.87431701307155
2507,44.08122058579678
2508,43.391226694067726
2509,43.89090286446378
2510,44.9992183027398
2511,47.03515674408542
2512,50.19834173928203
2513,54.22704007047808
2514,59.064692776348
2515,64.32777099143632
2516,69.33122361572461
2517,73.81917432069517
2518,77.67666317788913
2519,81.43949711760182
2520,85.25388519208066
2521,88.36784731781904
2522,91.54179913310517
2523,93.97774129063816
2524,96.07822888719585
2525,97.09053865919911
2526,97.55205289288857
2527,97.41276641262567
2528,96.13648705707158
2529,93.05897205298757
2530,88.72460778514119
2531,83.20057531579045
2532,77.88270914549776
2533,72.90602919748406
2534,68.59101120009025
2535,65.75549422853769
2536,64.0905957474605
2537,64.09847739752675
2538,65.44235874607662
2539,68.09260055137173
2540,71.98684402600517
2541,76.34269118435431
2542,80.68574417158507
2543,84.55780328282147
2544,87.29043906248424
2545,89.05056144208538
2546,89.47780269485148
2547,89.11950257802029
2548,88.547248016125
2549,87.99080105020836
2550,87.13279732389299
2551,86.2117343560314
2552,84.5798578594169
2553,82.20861370057439
2554,79.5214672614994
2555,76.86687586616267
2556,74.43950127584085
2557,72.41225521428059
2558,70.87384668463322
2559,69.53783903577937
2560,68.87707485211945
2561,68.44275176227235
2562,67.89786104472157
2563,67.13778507811128
2564,67.01058503403452
2565,66.89992099568772
2566,67.296513093356
2567,68.51331044882451
2568,69.92111569979386
2569,70.76464043063851
2570,70.88000547217459
2571,70.68326046823942
2572,71.2980137251268
2573,72.05530350405374
2574,72.61610520388359
2575,72.09428836584617
2576,71.06643345379635
2577,70.31319721227584
2578,70.52797198939865
2579,71.13551912323571
2580,71.78550752930772
2581,72.57897096696786
2582,73.68906954487133
2583,74.45552517997521
2584,74.78494565340368
2585,75.44319211531479
2586,76.36491296547824
2587,77.79474294502796
2588,79.53493497891498
2589,81.63479374100079
2590,84.03179217108026
2591,86.44954324187361
2592,88.574116888122
2593,89.86788546259989
2594,89.7412475084571
2595,88.51024866535603
2596,86.20541831024028
2597,83.1350165880598
2598,79.32524802650266
2599,75.32838667334988
2600,71.74377840850676
2601,68.94081658206838
2602,66.98232274561695
2603,65.61482839108898
2604,64.51322212682679
2605,63.114407025413215
2606,61.33377553458588
2607,59.38004145558824
2608,57.755014510061116
2609,56.115200861376614
2610,54.396574942844836
2611,52.265460717898236
2612,49.786010470308995
2613,47.78965207668441
2614,45.85199411286827
2615,43.77115678961953
2616,41.53359146183972
2617,39.3154770301645
2618,37.41806053481483
2619,35.87637061497246
2620,34.80620782747094
2621,34.01366938705619
2622,33.32416094389535
2623,33.0856802215806
2624,33.47510876503715
2625,34.30748548685615
2626,35.78534939984631
2627,37.45107508059752
2628,39.54095106261387
2629,42.09558333869158
2630,44.53356019374091
2631,46.31918943065274
2632,47.42082011749825
2633,47.91597574583471
2634,47.867220752277106
2635,47.56453304075998
2636,47.17032532148353
2637,46.70592530281593
2638,46.34006826634041
2639,46.00650600007303
2640,46.29766074144069
2641,47.2132344553461
2642,48.55573965687971
2643,50.02246152928649
2644,51.697792844268875
2645,52.96371151864565
2646,53.74395240893238
2647,54.319770737775805
2648,54.851923676390925
2649,55.67639264211037
2650,57.30440665624994
2651,60.56579671867847
2652,65.12557626392638
2653,70.60015467492576
2654,76.91977213962387
2655,83.81199564751212
2656,90.86706659593548
2657,97.44422903798221
2658,102.97494104366609
2659,107.88856830832776
2660,112.19420090275656
2661,116.34545228991132
2662,120.4373268132679
2663,123.98443327735721
2664,126.66066108044026
2665,128.34803881741487
2666,129.40174240511217
2667,130.15779480815476
2668,130.21380327227416
2669,129.2895256128173
2670,127.66433726423523
2671,125.76227048643489
2672,123.47806114573365
2673,120.35949655877575
2674,116.31665161299458
2675,111.27489121380586
2676,105.88419755098752
2677,100.55273392650071
2678,96.17883601414603
2679,92.37354483039748
2680,89.66565924990046
2681,87.66517985862657
2682,85.60379738073748
2683,83.23840649667113
2684,80.37303691242329
2685,77.21622365401647
2686,74.38758689873096
2687,72.03314734504944
2688,70.55962947130489
2689,70.06296491017436
2690,70.31223265402244
2691,70.62839422289292
2692,70.89666419119885
2693,71.28084969514642
2694,71.28221013686147
2695,70.63763074158335
2696,69.87738497215445
2697,69.42070878026834
2698,69.64021935309381
2699,70.89086805382951
2700,73.06020499559634
2701,75.85680728919108
2702,78.19762368025843
2703,80.24484868598486
2704,81.47441816408887
2705,82.39722257609455
2706,82.53373897018102
2707,82.20000257711325
2708,80.67232365947265
2709,78.54122109938204
2710,75.77571572495118
2711,72.4861440811355
2712,68.58885721746202
2713,63.922054688171514
2714,58.704571672590596
2715,54.00141699667853
2716,49.96145858042101
2717,46.74199024819943
2718,44.33188908087694
2719,42.58289761545903
2720,41.04368007823092
2721,39.36627957761574
2722,37.46402967075833
2723,36.20148914723578
2724,35.64583658833309
2725,35.66098279986874
2726,35.790784802149766
2727,36.06031392804772
2728,36.501360469199085
2729,37.87691729190443
2730,39.80021441126243
2731,42.301675825318924
2732,45.012719627800266
2733,48.44771267281722
2734,52.52320752126502
2735,56.968901295691644
2736,60.836654879442804
2737,64.7239096837436
2738,67.88665127130467
2739,70.19778665806237
2740,72.0630014119883
2741,74.26290261616754
2742,77.080758386526
2743,80.67226299809602
2744,84.4130413729278
2745,88.27318004153602
2746,91.62931000058006
2747,94.63904023398024
2748,97.41433994488767
2749,100.14456647604828
2750,102.4736550793693
2751,104.22128200715878
2752,105.41486626890216
2753,106.53823438202787
2754,108.29240550881329
2755,110.66704864910363
2756,113.23040146153407
2757,116.10392682159497
2758,118.96236169986932
2759,121.92159017018822
2760,125.02586963824365
2761,128.0506947510267
2762,130.68946142305327
2763,132.7314684255162
2764,134.03790648785977
2765,134.10916206951714
2766,132.9107527538482
2767,130.73867985715634
2768,127.75061641145138
2769,124.61810362260829
2770,121.58274313653968
2771,119.00911027869492
2772,116.30463230043955
2773,113.09638221490353
2774,109.86011110502615
2775,107.009439563531
2776,104.78640922596774
2777,103.50281728600896
2778,102.10531773378364
2779,100.66277428019312
2780,98.93111398905238
2781,97.29907306251248
2782,95.56204541774832
2783,94.11465626423231
2784,93.18337672632293
2785,92.47470400652202
2786,92.24820513796155
2787,91.78633405433152
2788,91.3182696983576
2789,91.22340714117385
2790,91.09641842964857
2791,90.66473277718376
2792,90.38340160600171
2793,90.13864348707332
2794,89.66652558944006
2795,89.4760410153252
2796,89.18322422550537
2797,89.25762068759437
2798,89.1483967673064
2799,88.53772053382744
2800,88.17120029075718
2801,88.29782787119093
2802,88.87165887316227
2803,89.85495088999308
2804,91.34102770103135
2805,93.09273948639401
2806,95.20144304419672
2807,98.18700900076956
2808,101.9838802654915
2809,106.69901834247872
2810,111.75520670344824
2811,116.95254553932728
2812,122.08577263813655
2813,126.54396934059783
2814,130.35420383071613
2815,133.0296231871439
2816,134.90812600378686
2817,135.8504279319531
2818,136.13189514031973
2819,135.96117636378958
2820,135.45927394767665
2821,134.7726781423964
2822,133.7593505048822
2823,132.45270565563325
2824,130.8766208655174
2825,129.09926275062006
2826,126.9702806453913
2827,124.12181248933413
2828,120.2835633425731
2829,115.32690076572217
2830,110.21343042403838
2831,104.90279201909227
2832,99.50307961173937
2833,94.3179260015211
2834,90.03422522975033
2835,86.63295004798212
2836,83.52917923627514
2837,80.64035367963845
2838,78.74794442586759
2839,78.00045748445972
2840,78.55188412270313
2841,79.42414101503543
2842,80.86685199987943
2843,82.4346479307612
2844,84.87396305502486
2845,87.55272470849417
2846,90.59453893942515
2847,93.75927469167615
2848,96.38814522901464
2849,98.52652037855353
2850,100.38690675865237
2851,102.33824157258125
2852,104.36164010060787
2853,106.5456329216891
2854,108.83979492986427
2855,111.19283562027496
2856,113.26874423737803
2857,114.80703746653549
2858,115.80261894096863
2859,116.35434202289147
2860,117.01860097240936
2861,117.9071944435151
2862,119.02750424099358
2863,119.73179088848957
2864,120.02187348522571
2865,120.24063850925853
2866,120.01941571821446
2867,119.56381144223991
2868,119.07687267887576
2869,118.54377508158568
2870,117.62111745166581
2871,116.33103934834503
2872,114.21913709023144
2873,111.50643585845843
2874,107.91835757719187
2875,103.83784047192219
2876,99.37104205067428
2877,95.49359200430186
2878,91.91355213307843
2879,88.42967579858697
2880,85.0006246066819
2881,81.60202588546548
2882,78.254069408931
2883,75.24645920549327
2884,72.83045598933785
2885,71.22002984792553
2886,70.27515731386558
2887,70.00481705445875
2888,70.30774235595119
2889,70.75002465623042
2890,71.76924439006171
2891,73.48955150125168
2892,75.72584093216285
2893,77.42099475517207
2894,78.87852120564008
2895,79.71240795814259
2896,80.21122893719101
2897,80.48785064576904
2898,80.94704116001054
2899,82.23204781195862
2900,84.451047370366
2901,87.44254744852493
2902,91.26964499312936
2903,95.89995030993634
2904,101.2241553416307
2905,106.8551982949867
2906,112.30569792419766
2907,117.04763260161118
2908,121.06337580569188
2909,124.28235014373023
2910,126.62162377573661
2911,127.73499837584134
2912,127.33754170405376
2913,125.58646827824691
2914,123.02303614860429
2915,120.09660320414449
2916,117.32607139348052
2917,114.50201379719456
2918,112.19372905781275
2919,110.6949945484462
2920,109.75634126708403
2921,109.22004448645285
2922,108.70444342148909
2923,107.93509731110203
2924,107.48215872604466
2925,107.38397889564209
2926,107.61017390182349
2927,108.5143004725419
2928,109.53048786908506
2929,110.61420021986837
2930,111.83197596369581
2931,112.80260072927095
2932,113.60866417183378
2933,113.99079057223463
2934,114.43686304579214
2935,114.71491404379543
2936,114.67986879966014
2937,114.38571623849512
2938,113.80288678053674
2939,113.04237487361145
2940,112.2096350069943
2941,111.33822204313208
2942,110.61979599731927
2943,109.61795153029519
2944,107.96519472719125
2945,105.22695368858805
2946,101.57854417897678
2947,97.60047064285493
2948,93.16354487718046
2949,88.56970086134096
2950,84.00971360341109
2951,80.16949333938814
2952,77.21177551465611
2953,75.23184245566212
2954,74.1176936098256
2955,73.34390051166088
2956,72.99245368545463
2957,72.244775467631
2958,70.9954241220819
2959,69.70822275906494
2960,68.49019939838617
2961,67.88382538260045
2962,67.46704935803879
2963,67.27507883264816
2964,67.10806447555831
2965,67.21438505668864
2966,67.7077525954678
2967,68.46618547587546
2968,68.95402678314076
2969,68.70735569417867
2970,67.62542976528906
2971,66.0044808229192
2972,64.52067798355613
2973,63.163403834532566
2974,61.40256578860021
2975,59.195431463215584
2976,56.267457726582975
2977,52.98020894330904
2978,49.81805548785309
2979,47.439903868119806
2980,46.006718599508005
2981,45.634625873660745
2982,46.21696862268708
2983,47.52754388715216
2984,49.37842284569583
2985,51.12464845595672
2986,52.95132169555043
2987,54.580901939145
2988,56.204504229938536
2989,58.051418143883936
2990,59.75046250589673
2991,61.35518084615468
2992,62.97236284278145
2993,64.88318452966399
2994,67.10705535073554
2995,69.56804583754104
2996,72.3162892123566
2997,75.11069755553909
2998,78.14118194947503
2999,81.26082798336924
3000,84.3150180696199
3001,86.96686316616953
3002,89.17779749487185
3003,90.77455368770407
3004,91.77615933334113
3005,92.34626442249586
3006,92.4649145143785
3007,92.41128238825004
3008,92.35189015883836
3009,92.35434679676789
3010,92.95272428910778
3011,93.81546840398644
3012,95.34090416838507
3013,97.572683341323
3014,99.97092278972319
3015,102.41922539794706
3016,104.76463163492541
3017,107.25794292771246
3018,110.23485968110825
3019,113.3259850152628
3020,115.98078024237364
3021,118.2904520899601
3022,120.07605172163865
3023,120.61327703898482
3024,119.93698357873481
3025,118.10031952122762
3026,115.53724398409376
3027,112.4487047020292
3028,109.31838830822878
3029,106.04071552818777
3030,102.52057700330298
3031,98.62991444550363
3032,94.53317317529957
3033,90.35344360067428
3034,86.4085205369829
3035,83.18063726963089
3036,80.24627531249396
3037,77.23652623432599
3038,74.49552194834119
3039,72.14437771629377
3040,70.12447660407571
3041,68.6928834678799
3042,67.77433583108736
3043,67.42924051455832
3044,67.46354291898504
3045,68.05856628412324
3046,68.45468341331082
3047,68.49016000851195
3048,68.23732652266699
3049,68.04506560663691
3050,67.99544444514885
3051,68.06467530475383
3052,68.24552913462773
3053,68.522503805304
3054,69.06776191900923
3055,70.0605557306576
3056,71.13625452527864
3057,72.18447553433177
3058,72.53678534707068
3059,72.17185931616694
3060,70.94440628097999
3061,69.14758154426903
3062,67.46701496517193
3063,65.82045080354322
3064,64.43663952083386
3065,63.384988355323365
3066,62.26562428075941
3067,61.405125220540256
3068,60.6064587415506
3069,59.71386805852252
3070,58.912398441339846
3071,58.39619726119791
3072,58.62701879749715
3073,59.171149951780805
3074,59.98152695472969
3075,60.71145345476491
3076,60.911542927723296
3077,61.04309466007
3078,61.15754466721163
3079,61.19137001818905
3080,60.24427326030876
3081,58.47364899887768
3082,55.953146725382396
3083,53.688825176115614
3084,51.885408832221664
3085,51.04178821578409
3086,50.92024599568682
3087,51.99881642215483
3088,54.556776899483445
3089,58.57701373919643
3090,63.86934835692384
3091,69.15896704007464
3092,73.9575164548286
3093,77.60567981930728
3094,80.41085354262373
3095,82.95066521950893
3096,85.38714226634363
3097,88.15497068600847
3098,91.61853275445208
3099,95.15874743262347
3100,98.00861756312823
3101,100.60365417353133
3102,103.16129050584664
3103,105.84966625700052
3104,108.45197367328458
3105,110.41656793341883
3106,111.27596917941065
3107,110.30819976006077
3108,107.6989302999624
3109,103.48975614687717
3110,98.20721062124767
3111,92.6373676337304
3112,87.1709113682108
3113,82.64466611565693
3114,78.96120009948146
3115,76.3054535343896
3116,74.21745166368481
3117,72.46189401669558
3118,70.94105223806825
3119,69.98523776001011
3120,69.64589935553576
3121,69.27808822483928
3122,68.71505323489592
3123,67.76326871940503
3124,66.28738874071502
3125,64.64778780127443
3126,63.03258983169563
3127,61.5602147606005
3128,59.79304740910442
3129,57.36719310753122
3130,54.10208218668721
3131,50.56027134287707
3132,47.068818510183476
3133,43.275023916826
3134,39.51271287173914
3135,36.23950226251358
3136,33.00414552680613
3137,30.26149477733813
3138,28.31801614027382
3139,27.245110966418615
3140,27.063616539388235
3141,27.674713154194592
3142,28.064982717758937
3143,28.21742639701781
3144,27.71006876418387
3145,26.910966699861067
3146,26.009883666128186
3147,25.32464186278765
3148,25.103104790364227
3149,25.565561897363793
3150,26.683599682828163
3151,27.950600790543177
3152,28.96057252486071
3153,29.919276249610874
3154,30.85342517387197
3155,31.85367484059173
3156,32.948234896959804
3157,34.13043766732464
3158,35.18390918902614
3159,36.12578958005188
3160,37.538118515032025
3161,39.371107182347245
3162,41.11927494927566
3163,42.714518964837026
3164,43.923962578373676
3165,44.86863410742296
3166,45.69706055579013
3167,46.23940135245363
3168,46.60804115205883
3169,46.92498106341663
3170,47.832865113443646
3171,49.215532307506066
3172,50.90524465527406
3173,52.4295366876571
3174,53.92047467694916
3175,55.93615727273931
3176,58.34836106644218
3177,60.62211422432448
3178,62.56947315212683
3179,64.45469993539824
3180,66.56416107491326
3181,68.8804379502877
3182,71.318878567537
3183,73.80321121065369
3184,76.02148420803428
3185,78.19869524016173
3186,80.56281195046026
3187,82.61524216540198
3188,83.90787498535715
3189,84.73726699810064
3190,85.7285342999291
3191,86.81714898503415
3192,87.76424376107552
3193,88.59574366517143
3194,89.23545842392376
3195,89.66062733061288
3196,89.38847066761934
3197,89.17376680824555
3198,88.99732015218365
3199,88.89952020154885
3200,89.21861746407215
3201,89.84488209093054
3202,89.45613855502378
3203,88.30430569427733
3204,86.5876354824913
3205,84.30643324200207
3206,82.0298897125917
3207,80.46302013611896
3208,79.93821714339254
3209,80.20879596934824
3210,80.98283263310418
3211,81.98321558852372
3212,83.40559121272219
3213,85.24653389065344
3214,87.4987594092785
3215,90.71351309097068
3216,94.62247087682951
3217,98.72159940478625
3218,102.65801672130794
3219,106.4181793052284
3220,109.51850741829611
3221,111.92049990645006
3222,113.68155661560115
3223,114.90170285015247
3224,115.66148744508448
3225,115.62150876158213
3226,114.88921428766744
3227,113.16872550352431
3228,111.52104326592922
3229,109.52017462865653
3230,107.1054002158613
3231,103.83364374423533
3232,100.46520359906627
3233,97.34492344987336
3234,94.92071806280913
3235,92.72346556958557
3236,90.61356850497154
3237,88.77706312285412
3238,87.16163059208878
3239,85.72863121628538
3240,84.13794311074662
3241,82.46803164752781
3242,80.7930700009007
3243,78.57739860696658
3244,76.1447467426907
3245,72.9903408512973
3246,69.82976322188823
3247,66.7301092527522
3248,63.52842414192346
3249,60.742958095502466
3250,57.88960355459339
3251,55.05320732430478
3252,52.652084920181395
3253,50.66370727017372
3254,49.78911401907197
3255,50.10529953497894
3256,51.74088225870961
3257,53.96041836944027
3258,56.77905796379548
3259,59.80403004028332
3260,62.869542160824466
3261,65.49693857908298
3262,67.60933075455087
3263,70.09040954554077
3264,73.14580551096682
3265,77.20608156294895
3266,81.7374675883488
3267,86.74626202271324
3268,92.07219309200748
3269,97.84256039211849
3270,103.3063697488706
3271,108.71342094758484
3272,113.05112069709816
3273,116.4478978505766
3274,118.78402127209768
3275,120.81057914315573
3276,122.4767066269393
3277,123.56035966865022
3278,123.7129274541509
3279,123.06167715456704
3280,121.6990745662778
3281,119.74471257533426
3282,117.32424157577003
3283,114.6789636087164
3284,112.1766756286911
3285,109.92016808738637
3286,107.20225570983962
3287,104.27275562773778
3288,101.0695276811611
3289,97.48770345405887
3290,93.49405862144039
3291,89.63636863466617
3292,86.27874501393117
3293,83.73687445999356
3294,81.28482596998265
3295,79.10385519318892
3296,76.39374161814797
3297,73.63931076050164
3298,71.58401763651429
3299,70.57745512860515
3300,70.32975238651457
3301,70.68577848856194
3302,71.410385612959
3303,72.29113460123432
3304,73.07954559988185
3305,73.65604929977343
3306,74.15760751867911
3307,74.5734589853094
3308,74.7143879159591
3309,75.28412656757149
3310,75.9317793827643
3311,77.34563588469928
3312,79.67354031194738
3313,82.5709226325558
3314,85.56313498717907
3315,88.49778437154035
3316,91.84503884531166
3317,95.04353872078975
3318,97.54952827126306
3319,99.76395387619542
3320,101.95027289618707
3321,104.12201455071497
3322,106.25793073785857
3323,108.7152400112562
3324,111.52681119127178
3325,114.6730583084373
3326,117.90412388988156
3327,120.80460381308482
3328,123.69860186339983
3329,126.26717659124016
3330,128.67910974944854
3331,130.82819164048033
3332,132.65704124279424
3333,133.96166957015038
3334,134.87707556688065
3335,134.3292485170868
3336,133.18373086523343
3337,131.18838594666119
3338,128.51261722574998
3339,125.25798834406453
3340,121.78529882991683
3341,118.77692421813956
3342,115.5389297442726
3343,111.31212341824519
3344,106.66759339920708
3345,101.7161912160702
3346,96.4797554180742
3347,90.85812821826761
3348,85.0599660803532
3349,79.76900590723042
3350,75.45103605108963
3351,72.5391293700621
3352,70.78063970671238
3353,70.09638914831882
3354,69.78720404112978
3355,68.96563847417346
3356,68.02395817550756
3357,67.68881183408283
3358,68.38817314607569
3359,69.32019168469375
3360,70.3852171194716
3361,70.85766498052615
3362,71.16607164377169
3363,71.43438544079528
3364,71.08161364012817
3365,70.82420071515392
3366,70.04223459828827
3367,69.90750953574593
3368,71.17279198921904
3369,73.4060658764293
3370,75.62523912639048
3371,77.05596621387782
3372,77.28418608044298
3373,77.12383420337392
3374,76.51339632807844
3375,75.08667099402399
3376,73.21670590434843
3377,71.5325275370063
3378,70.4978240974344
3379,70.77872211146612
3380,72.04632251522966
3381,74.16686045255105
3382,76.24265202770034
3383,78.69159935866307
3384,82.32424723574002
3385,86.67507543986264
3386,90.44390341481844
3387,93.35438750487978
3388,94.89759049584671
3389,95.52101230299397
3390,95.51540476603179
3391,95.33212337904479
3392,94.85534778976486
3393,94.12069559601673
3394,93.2171794171014
3395,92.12582004934546
3396,90.63833242547383
3397,88.3945829479527
3398,85.03013304350245
3399,80.93920326927767
3400,76.8370014093777
3401,72.75809243862433
3402,68.8566116413612
3403,65.14932810325998
3404,61.834928978026575
3405,58.59631505307385
3406,55.72186082025456
3407,52.883763299966375
3408,49.89302625750502
3409,46.488162769909835
3410,43.28204696435772
3411,40.27185739268225
3412,37.828133687825755
3413,35.43382945286054
3414,33.64280676260607
3415,32.42694014588932
3416,31.72988718077133
3417,31.627819620834963
3418,31.317603378516452
3419,30.974830147072066
3420,30.67661743571545
3421,30.34292773950707
3422,30.079165175347512
3423,30.297487101394026
3424,31.199642633940876
3425,31.97008019651816
3426,32.45894429532838
3427,33.122212676557794
3428,33.727805104276925
3429,34.53963955712045
3430,35.889857603805794
3431,37.806295602499524
3432,40.43654506256589
3433,43.52626830728066
3434,46.62718699800209
3435,49.44702788445972
3436,52.21873436594568
3437,54.78466159588953
3438,57.486005056580154
3439,60.38441994451946
3440,63.580662965135986
3441,67.05795928691415
3442,70.56947839162476
3443,74.31042167766739
3444,78.37741324085012
3445,82.70788469383905
3446,86.89683044199509
3447,89.85618854779355
3448,91.56042541641072
3449,91.38619140238887
3450,89.69715441827219
3451,86.81805652729568
3452,82.7461001094179
3453,78.29682542263087
3454,73.4871127414952
3455,68.85895407116898
3456,64.58946776582047
3457,60.26263091293639
3458,56.3540322017645
3459,52.78745382642915
3460,49.52499507181929
3461,45.80310281861682
3462,41.54818023675274
3463,37.32071019687669
3464,33.50863187252427
3465,30.402818166508823
3466,28.307781818641573
3467,26.813743846441174
3468,26.261602260121172
3469,26.156275745363615
3470,26.188083966414595
3471,27.075564770087844
3472,28.584292617407954
3473,30.80269833686927
3474,33.461352140247406
3475,36.378167423879454
3476,39.642544798671906
3477,42.482553114741336
3478,45.71315965688156
3479,49.1127651980167
3480,52.95882701515059
3481,56.73270514585733
3482,60.945729410414344
3483,65.15502426851305
3484,68.91513245649361
3485,71.9587786492761
3486,74.72126616449748
3487,76.99321328083943
3488,78.56396445736969
3489,79.1052759549732
3490,78.91935261183559
3491,78.41339929689245
3492,77.8086956408236
3493,76.94509137849761
3494,75.88951340340547
3495,74.56398543422736
3496,73.70349153180882
3497,72.68762159740484
3498,71.41601083341206
3499,70.012395225488
3500,69.30405007834123
3501,69.58597383722355
3502,71.19716179642167
3503,73.00739684722474
3504,74.67040747952153
3505,75.91556323206828
3506,76.62327233856836
3507,76.83480623432314
3508,76.69370146544972
3509,76.18305714291347
3510,75.512721072606
3511,74.6996175519181
3512,74.17404710336734
3513,73.6412926471476
3514,72.81379174806665
3515,71.76954630235292
3516,70.46231485965994
3517,68.80574109602398
3518,66.70902817058038
3519,64.73116412981003
3520,63.290161606949
3521,62.404215324393725
3522,61.82418358153357
3523,61.305886102833355
3524,60.684961849800565
3525,60.22221473290688
3526,59.341591168521646
3527,58.302191311636236
3528,57.60907969534874
3529,57.85875028807095
3530,58.77440797070486
3531,59.83566061321352
3532,60.944884473179485
3533,61.751608572278435
3534,62.45345853849451
3535,63.362669287075704
3536,64.48533535115027
3537,66.3887333239306
3538,68.82082405810898
3539,71.64497340679657
3540,74.93702668579573
3541,78.09422880657661
3542,80.851611509547
3543,82.22870502100778
3544,82.82164180563595
3545,82.23512770335088
3546,81.12389335004704
3547,79.50873204294604
3548,77.68736545353804
3549,75.58282479538511
3550,73.00822766474752
3551,70.08456166043072
3552,67.21346610290368
3553,64.72314751856516
3554,62.23673085687254
3555,59.98892277104305
3556,57.7743020885203
3557,55.15971634056103
3558,52.398746097429125
3559,49.47305003884682
3560,46.72957387326312
3561,44.70047867555804
3562,43.73053610142477
3563,44.31245995224762
3564,46.392366723829596
3565,49.87958465592712
3566,54.880346119927346
3567,60.5614858907318
3568,65.96522754692853
3569,69.96750920814333
3570,72.47401351510467
3571,73.79613004009613
3572,74.27938440068131
3573,74.21841129670582
3574,73.91233578819126
3575,73.40553113531993
3576,72.78236571848191
3577,72.37427084678808
3578,72.08201582842932
3579,72.07673618907636
3580,72.83825073915213
3581,74.63636549793455
3582,76.88634527026373
3583,79.42109797119744
3584,82.03911335653379
3585,84.82311515387002
3586,87.55974710273443
3587,90.36588970432246
3588,93.73492443614559
3589,97.30029455049069
3590,100.4073635542148
3591,103.11051358745478
3592,105.25756562595411
3593,107.14547131775524
3594,108.49639862146526
3595,108.6137799334256
3596,107.6685260098361
3597,106.0657874405146
3598,103.95668370769056
3599,101.88473138895426
3600,99.72465681576676
3601,97.85408127406984
3602,96.4399687491718
3603,95.73924871218594
3604,95.67245969292749
3605,95.64584914877385
3606,94.872622484501
3607,92.82352060558718
3608,89.39099466673599
3609,85.13580595408268
3610,80.54549097603336
3611,76.40292246853977
3612,72.04333610110922
3613,67.8390221727284
3614,63.84857353960996
3615,60.137817312945174
3616,56.55179467749028
3617,52.85237477684546
3618,49.8101068052868
3619,47.8651889856998
3620,47.487837949099955
3621,48.364235946015015
3622,50.42730166450162
3623,53.40876648209053
3624,57.51095603008238
3625,62.287085430880744
3626,67.53749600067292
3627,72.34018923663626
3628,76.94369831323291
3629,81.43772323932124
3630,85.33505096848589
3631,88.32208132992045
3632,90.19690685927333
3633,91.1309671729583
3634,91.45099573905932
3635,91.88683192548882
3636,92.50389694133291
3637,92.63184623675232
3638,92.30953690380447
3639,90.61840880868415
3640,88.21535219296429
3641,85.42084908299394
3642,82.74807508410211
3643,80.58773792425191
3644,78.64735748232846
3645,77.12186029357846
3646,75.94987536408132
3647,74.62729534522123
3648,73.47665072881293
3649,72.40726269425517
3650,71.97904156313136
3651,72.90322688113108
3652,74.90147819327692
3653,77.39829278527779
3654,79.87730030209687
3655,82.68299013973581
3656,86.18637681553139
3657,89.84321542881152
3658,93.6178495780768
3659,97.40479059966286
3660,101.43708477417233
3661,105.67231882278162
3662,109.69149817290607
3663,112.83868401606884
3664,114.57960560567858
3665,115.6763188304343
3666,116.42247306653636
3667,116.62572195336276
3668,116.01009551788678
3669,115.02413014809045
3670,113.97838890030005
3671,112.44037632241458
3672,110.48493685358241
3673,107.95101904894996
3674,105.68495976803769
3675,104.17542633854369
3676,103.1340470840833
3677,102.58533937419134
3678,102.45693857381848
3679,102.68282142636588
3680,103.17588167928693
3681,103.9353598013113
3682,104.81335610096443
3683,106.10434700347234
3684,107.76010453088878
3685,109.80831862491104
3686,112.02084149972188
3687,113.68074286648189
3688,114.81194048042873
3689,115.120307889605
3690,115.23484220294071
3691,114.8386764648287
3692,114.39179894378358
3693,113.54498487895279
3694,112.71257623937662
3695,112.02320683706364
3696,111.08107732854765
3697,110.51434022003818
3698,109.79206002486814
3699,108.80393244123795
3700,108.10733399272233
3701,107.41940462891725
3702,107.10980485069629
3703,106.81856479093841
3704,106.50080475199805
3705,106.22435351811994
3706,105.75034844600333
3707,105.08787070201538
3708,103.99109891901091
3709,102.35709324565065
3710,100.58261657611973
3711,98.65316105577467
3712,97.06278550976378
3713,95.01702267268712
3714,92.86915460670275
3715,90.52332899833584
3716,88.5334778165881
3717,86.58058895043365
3718,84.41023494452227
3719,82.05546350105409
3720,79.30293279312741
3721,76.39468845416755
3722,73.94011947431142
3723,71.82060832780884
3724,71.0626750746705
3725,71.08121248085298
3726,71.2703444916036
3727,71.6597270575838
3728,72.24039193753364
3729,72.742338960898
3730,72.2879425328847
3731,71.30162400429357
3732,69.61901500029377
3733,68.08786691997518
3734,66.62057989036803
3735,65.20048734186139
3736,63.83176631907
3737,62.49503674171442
3738,61.393169138715876
3739,60.44455386339847
3740,59.59564676507118
3741,58.75086435405662
3742,58.369648093233266
3743,58.06020741458617
3744,57.6784892531948
3745,57.59200968332223
3746,57.861666607133984
3747,58.15203302338155
3748,58.499371852878326
3749,59.05318532163657
3750,59.24869387121985
3751,58.492950876124915
3752,57.24793881769278
3753,55.58783183274516
3754,53.834354821421044
3755,51.61023996627412
3756,49.387262500092135
3757,46.497253415071135
3758,43.412176042255155
3759,40.13695541099091
3760,37.478724264060986
3761,35.36640075951283
3762,33.52867931055593
3763,32.68004543824018
3764,32.6806425034985
3765,33.40119541200437
3766,34.45071302032339
3767,36.83548994040017
3768,40.33875230366459
3769,44.72723662833151
3770,49.46716737721711
3771,54.001604769291184
3772,58.27463234234977
3773,61.96540399468866
3774,64.83037040807406
3775,66.60279832885864
3776,66.95056469838951
3777,66.69011666940636
3778,66.18782903415345
3779,66.15883526335408
3780,66.04337027541165
3781,65.92245803120429
3782,66.69555536220139
3783,68.42289781497017
3784,71.69860569250476
3785,75.47977585118227
3786,79.47486981103921
3787,83.57898760610576
3788,87.70367479102588
3789,91.28941694208169
3790,94.04063322208631
3791,95.87073039151826
3792,96.86437346650341
3793,97.11849090634412
3794,96.73904264361134
3795,95.8770668001476
3796,94.76968240791112
3797,93.44748117466287
3798,92.54272860354581
3799,92.14182397369242
3800,91.92539341617382
3801,91.98751701822323
3802,91.9916960190602
3803,92.02341856357563
3804,91.8692797892379
3805,91.59827646078638
3806,90.87503802750295
3807,89.77318172201063
3808,87.9866957992494
3809,86.01814598586134
3810,84.7191718874715
3811,84.33239119930275
3812,84.90028793403758
3813,85.55576566025981
3814,85.78698792908023
3815,85.61251400058003
3816,84.94808286904143
3817,84.01541516681903
3818,83.3566357372178
3819,82.78349763346472
3820,82.27833332317643
3821,81.73848522789046
3822,81.29830898822614
3823,80.90784627516706
3824,80.64714111624755
3825,80.31209100729646
3826,79.83843169809582
3827,79.37335121934294
3828,78.9531373013846
3829,78.58297684911005
3830,78.59771749463695
3831,78.81737451718503
3832,78.84264299927297
3833,78.751877636773
3834,79.05539055162717
3835,79.94029194282183
3836,81.52356460839367
3837,83.47934474661054
3838,85.9447058206172
3839,88.70386116841303
3840,91.25438889061567
3841,93.46682875070799
3842,95.8228586578326
3843,98.82778476023421
3844,102.42915690911289
3845,106.12825865692312
3846,109.50896711803398
3847,111.46099108528526
3848,111.40283250030537
3849,109.69979678452275
3850,106.64181038596526
3851,102.49233489624694
3852,97.48904276217091
3853,92.47882432284132
3854,88.72710673658622
3855,86.17723760097235
3856,84.32585374258042
3857,82.84573907171487
3858,81.94624225484009
3859,81.59577747618377
3860,81.74567738877965
3861,82.38178966155118
3862,83.30030224218277
3863,84.47464941190407
3864,85.70435596000455
3865,87.02267732443039
3866,88.89277231123408
3867,91.03488221355161
3868,93.192597192211
3869,94.96753013163817
3870,96.18252294197777
3871,97.3199361427909
3872,97.86769094785015
3873,98.3914336143036
3874,98.37791164662065
3875,98.04528992431477
3876,97.75590902590864
3877,97.16705091257236
3878,96.2422439140493
3879,95.44238677663247
3880,94.87132897972106
3881,94.58962485634245
3882,94.91548239810578
3883,96.07613042822092
3884,97.88195897638917
3885,99.9787728367522
3886,101.97963631868426
3887,103.88892538802178
3888,105.39557951683362
3889,106.44595256694596
3890,107.06174449091014
3891,107.98154205153347
3892,109.23148293121868
3893,110.2056437972418
3894,110.80161182589313
3895,111.2711914658739
3896,111.71285408266448
3897,112.39955809483186
3898,113.0454096240694
3899,113.33971267773012
3900,113.45269021169064
3901,113.40231805259471
3902,113.1271068428891
3903,112.60677782656893
3904,111.96060980024947
3905,110.74518689358356
3906,109.07228387478418
3907,106.99827276776443
3908,104.57700000031213
3909,101.9758313750088
3910,99.39215559763947
3911,96.9882733243843
3912,94.50939014942008
3913,91.48700318081758
3914,88.07148011182451
3915,84.8865878726465
3916,82.28916975420049
3917,80.37902687662022
3918,79.00459219169876
3919,78.16309759125517
3920,77.48894107180561
3921,76.70324010213665
3922,75.74103396559059
3923,74.76665141645535
3924,73.86437885824881
3925,72.9723555667972
3926,72.32607373167593
3927,71.78612101186694
3928,71.35244234850215
3929,70.91529572654996
3930,70.220792656707
3931,69.33767756869803
3932,68.89898121494797
3933,68.51731538718539
3934,68.80474312478434
3935,69.62146515444114
3936,70.7660884899402
3937,71.6400006161272
3938,71.98297335019765
3939,71.9846894146262
3940,71.60900902446971
3941,70.66001048756428
3942,69.58531390886913
3943,68.79246423771896
3944,68.15972821439105
3945,67.43783544650077
3946,66.78035757038509
3947,66.22562181893579
3948,65.76023043485137
3949,65.51950330441566
3950,64.90473220718916
3951,64.27251938801037
3952,63.79716189999636
3953,63.99101049520384
3954,64.73291913391488
3955,65.82920585236855
3956,67.09069910332404
3957,68.14217043340192
3958,68.96804988750195
3959,69.55931237723036
3960,69.70814992501612
3961,69.46692464717047
3962,68.71767078827037
3963,67.55556482477853
3964,65.87502303193209
3965,63.72781875594045
3966,61.41137463253257
3967,58.700274272969054
3968,55.6814807567461
3969,52.28785574823985
3970,49.63054541702354
3971,48.498100683692485
3972,48.954082664450254
3973,50.52124675830551
3974,52.915112536195
3975,55.32099355755066
3976,58.345341775435415
3977,61.55635268502033
3978,65.1733177344186
3979,67.8539454476969
3980,69.38317390523841
3981,70.46101904051133
3982,71.26917724894057
3983,72.69496121084293
3984,74.96095589357711
3985,78.26130553833582
3986,81.99055568315768
3987,86.15221468656952
3988,90.09080712809066
3989,94.3610979261106
3990,98.07625092038798
3991,102.57318102616404
3992,106.91032119087703
3993,111.01112515754309
3994,114.85075121730138
3995,118.27319436703085
3996,120.92406457555296
3997,122.37968744104629
3998,123.32990327043495
3999,123.73070866257103
4000,124.34046024692971
4001,124.8000691475344
4002,125.50831761760348
4003,126.18647307754881
4004,126.71410174427879
4005,127.32769300095282
4006,128.31015078329915
4007,129.47963974678453
4008,130.656994779513
4009,132.26665727414317
4010,133.2113364199704
4011,133.77743810424832
4012,133.90573695962814
4013,134.49438605562432
4014,135.408060169122
4015,137.01272237651455
4016,139.07975039657669
4017,140.74877432865338
4018,141.10990648329474
4019,139.34223547658019
4020,135.7712330611442
4021,130.85930477346636
4022,124.47534159261244
4023,117.46241897737312
4024,110.10475314640865
4025,103.2132872979256
4026,96.70835309145137
4027,91.23185324301264
4028,86.46917559909024
4029,82.1323823491609
4030,78.0130222272895
4031,74.68672491015222
4032,72.56887010633011
4033,71.89818221257796
4034,72.22649246961952
4035,73.39295372606304
4036,74.83577439353249
4037,76.27919651677502
4038,77.0133986799053
4039,76.90316876876565
4040,76.09312849064736
4041,74.39686046864976
4042,72.30998958824787
4043,70.19116641396788
4044,67.70480019555515
4045,65.26410627544848
4046,63.028040321444394
4047,61.082662941460825
4048,59.63214210655798
4049,58.816376005191714
4050,58.09078589525768
4051,57.32715390763883
4052,56.94385258019689
4053,57.88735015945707
4054,59.699176174921334
4055,61.87230670944302
4056,64.38563288065343
4057,66.8824557125106
4058,69.26588416930039
4059,70.77153643829362
4060,71.17738165449387
4061,70.47765416460336
4062,68.86020665229674
4063,66.78301959592432
4064,65.03573124568295
4065,63.66113222567195
4066,62.86266460532394
4067,62.464033512511605
4068,61.47933250267573
4069,59.47766294492648
4070,56.95270923183372
4071,54.375832282173505
4072,52.23175310273926
4073,50.26331160134671
4074,48.1991740070238
4075,46.4857843036593
4076,45.364193604323084
4077,44.66001765046654
4078,44.376473634827846
4079,44.460770017702416
4080,45.008051030466746
4081,45.85674700612705
4082,47.19647853490571
4083,48.86488022950969
4084,50.666495557926766
4085,52.736162875985265
4086,55.097012380664516
4087,57.720674912660925
4088,60.374157867557756
4089,63.026696521976405
4090,65.34684320272353
4091,67.36656700065213
4092,68.75603985909626
4093,69.57898730323014
4094,69.19157520514871
4095,68.20322410008579
4096,66.97926252388899
4097,65.9352732298772
4098,65.13214856533585
4099,64.57832673797402
4100,64.09319966058158
4101,63.67753610135806
4102,63.35764855860068
4103,63.48348900806987
4104,63.59297019910807
4105,64.42762575584823
4106,65.65051640338542
4107,67.39974747374035
4108,69.77350783270576
4109,72.40636575668412
4110,75.24593898625994
4111,78.20591029442909
4112,81.20373111061872
4113,84.01695616506234
4114,86.52854044183073
4115,89.04927517343204
4116,91.92046723770403
4117,95.37034697715217
4118,99.21950532442602
4119,103.3492395380812
4120,107.01407346961443
4121,109.89315559197854
4122,111.98005453646714
4123,113.52741529603384
4124,114.77704158838628
4125,115.41909060231959
4126,115.59575963982084
4127,115.37062234756728
4128,115.28613153841087
4129,115.7570328016541
4130,116.67281971855849
4131,117.2263258115727
4132,117.06209126030818
4133,115.40085192109512
4134,112.5167413794633
4135,109.1403132593143
4136,104.85449619140165
4137,100.28211376363545
4138,95.97375517817375
4139,92.17067800157236
4140,88.70047958214398
4141,85.21012242192253
4142,81.87608448522724
4143,79.01960473685777
4144,77.22553930495928
4145,75.93951108714722
4146,74.9948362186692
4147,74.42890468872439
4148,74.10238105103247
4149,73.75382580566841
4150,73.2182188290459
4151,72.35644542571404
4152,71.42677301012125
4153,70.34441277186266
4154,69.09337834618998
4155,67.45998549571807
4156,66.52300036383748
4157,66.14311393852734
4158,66.75916288832711
4159,67.64207711693028
4160,68.5924554643208
4161,69.41928462655055
4162,69.6669501363632
4163,69.29537112212554
4164,68.77815536649625
4165,68.4811731149846
4166,68.30288317601278
4167,68.51954798134888
4168,68.92963781896644
4169,69.12516501657431
4170,68.87575014519726
4171,68.33571326395959
4172,67.64425558478202
4173,67.19036297072762
4174,66.89246857832268
4175,66.93927781619544
4176,67.10051782687938
4177,67.68211736027345
4178,68.47128882573077
4179,69.69656660574752
4180,71.59820036774349
4181,74.12108757839806
4182,77.16310549302972
4183,80.58111312640216
4184,84.18918203751022
4185,87.77210739998652
4186,91.12560592463154
4187,93.82929340583495
4188,96.14566543933287
4189,97.16519202836581
4190,96.36076616736537
4191,92.76830090656695
4192,88.7717759254634
4193,83.19479761283824
4194,76.43161606375992
4195,70.32596122852536
4196,65.48745850377378
4197,61.935368027802944
4198,59.19506897838137
4199,57.64890787404276
4200,56.819913910695604
4201,56.96449913457818
4202,57.71054787197898
4203,59.254181706821136
4204,61.00278686032611
4205,63.002961306185995
4206,65.38114160909859
4207,67.86963242929453
4208,70.35988786686428
4209,72.77876956328996
4210,75.05760771449147
4211,77.43488899156239
4212,79.79224573456074
4213,82.09333456301425
4214,84.44390957368188
4215,86.8917829151355
4216,88.87064082410194
4217,90.2565427213521
4218,91.46227737195977
4219,91.62595984749588
4220,91.29429200078397
4221,90.88811883361485
4222,90.47019496001195
4223,90.65671260328358
4224,90.85091479204343
4225,91.03235202817729
4226,90.5394473405718
4227,89.6998319142821
4228,88.40694517854624
4229,87.20231259680402
4230,85.79673197818897
4231,84.49273652041398
4232,82.90355835529404
4233,80.83894015947945
4234,78.37526188093545
4235,75.64010911487404
4236,72.94182752732432
4237,70.11825370854449
4238,67.2527308226357
4239,64.14847788017957
4240,60.98706678656865
4241,57.87967190614292
4242,54.89762498554921
4243,52.3096793692638
4244,49.88872346345579
4245,47.91532824155759
4246,47.03533581298822
4247,48.41944513624791
4248,51.89595561292118
4249,57.5486119976289
4250,64.71810446495488
4251,72.28564419005752
4252,79.7550245957925
4253,86.09116692254226
4254,91.33921669049293
4255,96.06323627601145
4256,99.90715434118871
4257,103.09310665941192
4258,105.78864573597863
4259,108.50245605513828
4260,111.25487068410534
4261,114.01592910165783
4262,116.60465486257809
4263,119.15998703848648
4264,121.6179374110747
4265,124.12784219589659
4266,126.3541394098884
4267,128.38994299870708
4268,130.7153600221684
4269,133.08579887536996
4270,135.5253731154004
4271,137.5882007142269
4272,139.07545750508984
4273,140.14638958576103
4274,140.55941575574553
4275,140.91874852363208
4276,140.70463881101313
4277,139.33403325884547
4278,137.0017623938221
4279,133.98787974703217
4280,130.25406382504028
4281,125.83828091844325
4282,121.56574337946128
4283,117.40334050944539
4284,113.86160232452747
4285,111.07554150794618
4286,108.64909206299419
4287,106.82632751977975
4288,105.75371401979827
4289,105.17849352976828
4290,104.40554422384598
4291,103.44441740330024
4292,102.0023129397947
4293,99.74774226871153
4294,97.09700548742174
4295,94.26534110878521
4296,91.48226873016927
4297,88.29084577301361
4298,84.39965591326278
4299,80.00133745547026
4300,75.51230682485024
4301,71.28100697140147
4302,67.78812753595636
4303,65.0655229325846
4304,63.18306885729923
4305,62.01875469799921
4306,61.48252018540633
4307,61.479820654430455
4308,62.14734990357264
4309,63.27889224044797
4310,65.10248295855337
4311,67.07649848441109
4312,69.65558009700476
4313,73.36795155000522
4314,78.40733405716374
4315,84.07743035598133
4316,89.8989006298329
4317,95.03331350445853
4318,99.99245444605637
4319,105.0891999854741
4320,109.93560589085456
4321,114.12574895383665
4322,117.80554840574678
4323,120.63221377042557
4324,123.09458321072509
4325,124.84921704519704
4326,126.35301378409707
4327,127.04231740782052
4328,127.38545265440322
4329,127.60197049187488
4330,127.44886145739915
4331,126.63022596459132
4332,125.91801308584849
4333,124.8619529177281
4334,124.13788343798338
4335,124.00620489600405
4336,124.37591877367458
4337,124.98206367914602
4338,125.11242571496649
4339,124.8502818215502
4340,123.8543705372611
4341,121.7522616970408
4342,118.13662412348064
4343,113.30372387646462
4344,107.73581211185285
4345,101.42962862160529
4346,95.01514592295453
4347,88.31690622849311
4348,81.2192968347704
4349,74.3900710480936
4350,68.6188992864571
4351,63.923876025414515
4352,59.89363488153883
4353,56.10325676843112
4354,52.798434692215196
4355,49.91076629892975
4356,47.228236298291385
4357,44.16025935515101
4358,40.230909308518065
4359,36.217690127959955
4360,32.90693737622156
4361,30.44068070056896
4362,28.7092192053103
4363,27.61703923638627
4364,27.06119591993653
4365,26.80411663368917
4366,26.820183899928452
4367,26.68221717401253
4368,26.903793344899032
4369,27.141176779096977
4370,27.425722077116653
4371,27.880876296257597
4372,28.30562352924749
4373,28.414119514063714
4374,28.520171356474698
4375,28.79999399116845
4376,29.349419074583942
4377,30.05763643723094
4378,31.43658197351087
4379,33.9154524750297
4380,37.155201657857695
4381,40.754005975700764
4382,45.00643717549232
4383,49.51894099985931
4384,54.11239160053975
4385,58.497399052496675
4386,62.93355553053568
4387,67.24276656943077
4388,71.49373592221387
4389,75.19207925913516
4390,78.58512174911888
4391,81.69966091329508
4392,84.22417831060186
4393,86.6150063200327
4394,88.84651800411072
4395,90.96753945161558
4396,92.60807841742388
4397,93.6238051856481
4398,94.50541658781451
4399,95.58838936960626
4400,97.02260388283653
4401,98.62511885132471
4402,100.06376180818478
4403,100.79485479293757
4404,100.8364767868776
4405,100.33935353586952
4406,99.58748458836212
4407,98.7437720276605
4408,98.03830253129202
4409,97.69283167394664
4410,97.63023474877667
4411,97.44094207087306
4412,97.05639898698124
4413,96.4038376823208
4414,95.71173625217386
4415,95.01120065420005
4416,93.75947102230248
4417,91.85140676094119
4418,88.7787590180146
4419,85.08073129006857
4420,80.27135060101298
4421,74.95860736274628
4422,69.34911664596791
4423,63.60588620769266
4424,58.37569163182882
4425,54.24773508982216
4426,50.96372410173396
4427,48.48270309247775
4428,46.41339290151282
4429,45.05220031748313
4430,44.31275611775215
4431,43.67243332727503
4432,42.679664326929625
4433,41.266148182105326
4434,39.5626093279854
4435,38.074738609125475
4436,36.706849057368586
4437,36.049084543821486
4438,36.48998212329073
4439,38.80979888977052
4440,42.79435238976308
4441,47.12531879934375
4442,51.42597141111649
4443,55.2716733992857
4444,58.93403565177392
4445,62.51333799231735
4446,65.62733102859013
4447,67.77874234411412
4448,69.2959795708946
4449,70.50636806491063
4450,71.85921488074675
4451,72.9821636583622
4452,73.88212606270783
4453,73.83346306056484
4454,73.83042696666195
4455,73.40079920553202
4456,73.73895722963107
4457,74.46146491490975
4458,75.99717312882734
4459,79.17512579336574
4460,83.23852239269277
4461,87.6215238082924
4462,91.34374818895175
4463,94.61062628654074
4464,97.1451631484163
4465,98.99392952862217
4466,100.75538530516104
4467,103.06254640433579
4468,105.3424516927473
4469,107.39879328483778
4470,109.06538596052894
4471,110.49866404159401
4472,111.59964226330658
4473,112.00145653369366
4474,111.88464892505962
4475,110.9288136502309
4476,109.1713542023607
4477,106.79242579523653
4478,103.86661819483307
4479,100.86019794083406
4480,98.20836837328437
4481,96.89402274597875
4482,96.97991937564345
4483,97.7806117386286
4484,98.59574715187449
4485,99.09519689086531
4486,99.70121586872921
4487,100.85017582107432
4488,101.86802559475035
4489,103.0173651710856
4490,104.09138063151319
4491,105.2596595529194
4492,106.65786688661385
4493,107.53568002291254
4494,107.8230900014448
4495,107.28586037998022
4496,106.6621861349729
4497,106.11835230724583
4498,105.60852656036204
4499,105.7997708176523
4500,105.80550351794017
4501,105.79339425523222
4502,105.3342929151269
4503,104.93487474923523
4504,104.54718547482155
4505,104.54889243660185
4506,104.88913301258064
4507,105.5359671971107
4508,106.41525415153365
4509,107.22152320816116
4510,107.39239865170532
4511,106.69572283257673
4512,105.00518544794357
4513,103.36622930990572
4514,101.69530376897168
4515,100.07610333702539
4516,98.36062382079189
4517,96.61642941058477
4518,94.97518248319372
4519,93.79785426234591
4520,93.52774808020814
4521,93.39448683067602
4522,92.61320843662237
4523,91.93619757512172
4524,91.18068765572409
4525,90.34719099453415
4526,89.35791869606314
4527,88.35293583828602
4528,87.68406008827225
4529,87.70302503531525
4530,87.77321237897792
4531,87.74490814047189
4532,87.50698063078835
4533,87.09463703974176
4534,86.5569445414242
4535,85.92200499939156
4536,85.06211819960996
4537,83.68697097210261
4538,81.68767828137683
4539,79.52380487453033
4540,77.50218112336239
4541,76.0117613119969
4542,74.60770948990705
4543,73.66344895515539
4544,73.2525875888643
4545,73.48546950848755
4546,74.35229051914754
4547,75.58913356206341
4548,77.19040254809445
4549,78.62624349826498
4550,80.45055296782814
4551,82.0114864363284
4552,83.58161350700902
4553,85.24731941670873
4554,87.13081981409442
4555,89.59224175279473
4556,92.5494908247903
4557,95.81035783726436
4558,99.26637183608801
4559,102.20556875530085
4560,104.76267007501602
4561,107.31222113350509
4562,109.16606011316688
4563,110.98790942927869
4564,112.41738282065677
4565,113.73936495804526
4566,114.38871332149628
4567,114.13221620609615
4568,113.33439253819347
4569,112.17482260231348
4570,111.44065508484792
4571,110.68632699281835
4572,109.93581575317339
4573,109.35748538109895
4574,109.28669773476267
4575,109.41368201359018
4576,109.6665835044513
4577,110.1175600957014
4578,110.44338214973027
4579,111.00037673014744
4580,111.49746414543594
4581,112.03505948670303
4582,112.3950667795902
4583,112.15712643605625
4584,111.32677900643515
4585,110.13510391072862
4586,109.15126564851073
4587,108.41748608910436
4588,107.96544309593344
4589,107.90389690289969
4590,108.17014027546423
4591,108.7089954329679
4592,109.48249930986213
4593,110.27334613310205
4594,110.82010767514416
4595,111.29726580172246
4596,111.66822348802482
4597,112.19928431077777
4598,112.57588902905022
4599,113.30410727852026
4600,114.46210327906473
4601,115.85038357285444
4602,117.41095515714507
4603,119.03124663108935
4604,120.62038055976262
4605,122.02442862913625
4606,122.76830482027077
4607,123.00017255927989
4608,123.2067806632184
4609,123.50277855983302
4610,123.46406732677261
4611,123.03446595642373
4612,122.35485228545063
4613,121.4064085854796
4614,120.29316913755919
4615,119.22173119862653
4616,118.20614327611207
4617,117.32258178352453
4618,116.22326286877887
4619,115.06268249387367
4620,114.13345364693429
4621,113.3278149452814
4622,112.59750803937987
4623,111.76622435441517
4624,111.03983065907295
4625,110.24013814226373
4626,109.00884066558396
4627,107.35001026920659
4628,105.80524286296858
4629,104.61297832444426
4630,103.85405497729667
4631,103.37313033658086
4632,102.91127628304442
4633,102.39712939749728
4634,101.86546005089134
4635,101.16111963163888
4636,100.2746893531114
4637,99.22688603224495
4638,98.52636480583996
4639,98.06373906779065
4640,97.85550244428637
4641,97.68854641142002
4642,97.22952720487437
4643,96.49100093114168
4644,95.62684996013562
4645,94.6658887061904
4646,93.39204026336961
4647,91.88915400943253
4648,90.15245775210516
4649,88.23116712612489
4650,86.02982806061664
4651,83.49097853306343
4652,80.88380468049553
4653,78.09539366235796
4654,75.6047455246299
4655,72.83147681222539
4656,69.84542274182789
4657,66.19785548547145
4658,62.51262901770223
4659,58.721838312441946
4660,55.667157436174854
4661,53.98237795797397
4662,53.37793202226553
4663,53.75302451200555
4664,54.67484375978704
4665,56.12380775959625
4666,57.642916851309806
4667,58.97879102934615
4668,60.5884353695568
4669,62.738915231000924
4670,65.08658232473947
4671,67.2638654487051
4672,68.566848825265
4673,68.77149664241527
4674,68.94954024333602
4675,68.14738836522505
4676,66.71932334673053
4677,64.62852173559521
4678,62.75408154520596
4679,61.51523342057439
4680,61.02069789059731
4681,61.345494104557034
4682,62.01832902431071
4683,62.99122428117174
4684,64.22557723308927
4685,65.41445272773728
4686,66.40876052723918
4687,67.65673193215706
4688,69.40754618654546
4689,70.87457662787159
4690,71.98505622937051
4691,72.48156445951975
4692,72.39058823156637
4693,72.30040658636494
4694,72.35768161498112
4695,73.19828387341352
4696,74.31112107914126
4697,75.82571737231456
4698,77.12029053763534
4699,78.55865046883552
4700,79.97062785374266
4701,81.11043800014127
4702,81.69938433091724
4703,81.04063965053054
4704,79.35608157594488
4705,76.7086655059429
4706,73.1129725671369
4707,69.07696429682802
4708,65.02269632651223
4709,61.933462647729186
4710,59.60014027821562
4711,57.87595231529927
4712,56.79033784229584
4713,56.06679198511874
4714,55.63223165884423
4715,55.527834664827154
4716,56.345556050185735
4717,57.93785003795725
4718,59.91920214012146
4719,62.090315944729454
4720,64.33874270085616
4721,66.47245425999853
4722,68.48141651631592
4723,70.0302803085448
4724,71.58038605137658
4725,73.0009041005512
4726,74.31903074329331
4727,75.74383051798281
4728,77.60137607490657
4729,79.83821547922689
4730,82.28353892893175
4731,84.41097033017499
4732,86.720673488663
4733,88.98611637943388
4734,91.32158642366652
4735,93.56586526298113
4736,96.04090815962684
4737,98.20922131549528
4738,99.7973560278325
4739,100.74600430443367
4740,101.34263826206052
4741,102.0535334375962
4742,103.03230107289471
4743,103.8528826554816
4744,104.38760785992501
4745,104.89186625183765
4746,105.78494556521494
4747,107.55174175187344
4748,109.8708689952399
4749,112.53881774620582
4750,114.74955008707133
4751,116.74797356099282
4752,119.08882468762282
4753,121.95216587472154
4754,124.76056535692678
4755,127.25836157376585
4756,129.48583656127886
4757,131.82393643396648
4758,133.94517757190386
4759,135.5518319807002
4760,136.41807290591797
4761,136.6379038366368
4762,136.19502018740548
4763,135.30180397401907
4764,134.03311833479108
4765,132.59790093622985
4766,131.310939430596
4767,130.25043710503215
4768,129.1972016572232
4769,128.017351361588
4770,126.72606149643369
4771,125.81547478620305
4772,124.9603844431123
4773,124.50746910038237
4774,123.97192208553639
4775,123.43421155225036
4776,122.8193648517726
4777,122.2550927762976
4778,121.32183750205812
4779,120.63152238204299
4780,120.10558038752319
4781,120.07619221766676
4782,120.16824306734284
4783,120.30685224375276
4784,119.8164109600675
4785,118.85175692700187
4786,117.48080263801324
4787,115.87562586487334
4788,114.47912207224164
4789,112.85840660072438
4790,110.68223208604027
4791,108.19193845628297
4792,105.57467150317589
4793,102.85417960044067
4794,100.24672141630137
4795,97.39234952541139
4796,94.7049066044455
4797,92.54716359349919
4798,90.98495877002728
4799,89.72653994370239
4800,88.00915242346142
4801,85.81024305477652
4802,83.06494599171216
4803,80.16859454978618
4804,77.33490458461091
4805,74.96283333361687
4806,73.10811043909992
4807,71.63007700201996
4808,70.66919630013373
4809,69.99062806381384
4810,69.74944382145429
4811,70.26208799952829
4812,71.20257932442102
4813,71.93019116368447
4814,72.25430540577364
4815,72.34243842473066
4816,72.68824460211472
4817,73.49390025564743
4818,74.70555202761392
4819,76.25225129472551
4820,78.0762383375363
4821,80.16265639048665
4822,82.44582920435013
4823,84.71497261007397
4824,87.10577185679706
4825,89.83091467578168
4826,91.90396880173982
4827,93.31088131641414
4828,94.33451111482844
4829,95.5172502836372
4830,97.15552537342273
4831,99.42102952795341
4832,101.4290347627059
4833,103.22274721894254
4834,104.66492505915193
4835,105.8966688789184
4836,106.3154590300497
4837,105.88933383974572
4838,104.57643620840958
4839,102.23175213398743
4840,99.40075291681114
4841,96.53714853833665
4842,94.30975796092812
4843,93.06992178596533
4844,92.08688847854293
4845,91.23164950108541
4846,90.44582570389143
4847,89.21969063155763
4848,87.15946025093133
4849,85.01120003304723
4850,82.85317484151038
4851,81.03053824507687
4852,79.77432538745082
4853,78.96300686864697
4854,78.60776157608763
4855,77.84330873662708
4856,76.82324681375493
4857,75.67621787757469
4858,74.66075075673834
4859,74.36430649103525
4860,74.81682360177913
4861,75.53701774694864
4862,76.28945392272692
4863,77.07446248331459
4864,77.69005132194727
4865,77.79358242350419
4866,77.36465813337571
4867,76.89820741573291
4868,76.7687276539553
4869,77.12366600193812
4870,78.1449411279476
4871,79.43903534980736
4872,81.03616157323299
4873,82.08695355858399
4874,82.34585128190068
4875,81.90434849298468
4876,80.84941073387427
4877,79.31717124058491
4878,77.5222936878776
4879,75.94712040052701
4880,74.86650958110951
4881,74.24996803963182
4882,73.73662489839876
4883,73.101677995292
4884,72.49891763669046
4885,71.8752077675613
4886,71.15759330821655
4887,70.42924820169239
4888,69.61059882838457
4889,69.24324324202578
4890,69.39271326074049
4891,69.8162784278434
4892,70.30696006323646
4893,70.38850608766955
4894,70.07463049842367
4895,69.73437380640273
4896,69.28161569483228
4897,69.01368496884625
4898,69.15433988851855
4899,70.27287116604833
4900,71.79368513022757
4901,73.6729045946785
4902,75.30782552875078
4903,76.8922268414118
4904,78.48442401069917
4905,80.10819140911698
4906,81.66939899235675
4907,83.38546027380104
4908,85.30527172111886
4909,87.4160079885801
4910,89.3207347100586
4911,90.76323411904247
4912,91.6468661573324
4913,91.89128421920543
4914,91.4789275451785
4915,90.69014914769755
4916,90.16956418505004
4917,89.38088050852127
4918,89.07900092677218
4919,88.70115000847102
4920,88.6602477414471
4921,88.28622140850993
4922,87.50548939329435
4923,86.14822483356664
4924,84.8787632752848
4925,83.58400536653859
4926,82.59096466304695
4927,81.84194959919168
4928,81.23190156181212
4929,80.75661447674952
4930,80.02084336993815
4931,78.65036074863869
4932,76.7851337818996
4933,74.48498113515166
4934,71.8053118144101
4935,68.8139696989803
4936,65.7529976816808
4937,63.346581631972626
4938,61.73710177542266
4939,60.94828663208676
4940,61.036106812450676
4941,62.15515862059395
4942,64.18164737331678
4943,67.47636286795905
4944,71.34903584293171
4945,75.27281265800725
4946,78.84362043476241
4947,82.92947801167855
4948,87.12362054577426
4949,91.81891407484852
4950,96.46600572043076
4951,100.47150844605262
4952,103.98881428397011
4953,106.85716434973216
4954,108.86849414787366
4955,109.99494352934691
4956,110.35262578361643
4957,110.19767892616875
4958,109.75922631084714
4959,109.37777253551732
4960,109.79538563633744
4961,110.72727875405626
4962,112.14398124533798
4963,112.99092667064062
4964,113.28529242512099
4965,113.54603110342546
4966,113.65515445124672
4967,113.62609893343668
4968,113.24604494427523
4969,112.29461444495553
4970,111.00057221695404
4971,109.52491383116687
4972,107.7886235189477
4973,106.13276899960943
4974,104.25636549621507
4975,102.33815987408798
4976,100.5407489220576
4977,99.03461553075496
4978,98.23375153078024
4979,98.13084765840834
4980,98.09479947016344
4981,98.43222435683755
4982,98.36252088064859
4983,97.59510694048191
4984,95.59913273490307
4985,93.34166422993937
4986,91.17189130659523
4987,89.07371029640287
4988,86.80335636166498
4989,84.3998823199991
4990,81.85179424581423
4991,79.234528918705
4992,76.47958854139722
4993,73.96125479399689
4994,72.09847182174951
4995,71.17003243844583
4996,70.2337103194323
4997,69.25179211779604
4998,68.1703396682246
4999,67.42175822479882
