,0
0,4.164744805438534
1,7.754940169663005
2,10.6825401785908
3,12.898505196333417
4,14.503853210720514
5,15.700678164267453
6,16.589315040021056
7,17.156189007294202
8,17.41166998375763
9,17.351759230617727
10,17.197312176203198
11,16.92633449112012
12,16.699048971139703
13,16.52264945093144
14,16.264612906483254
15,15.969688086258483
16,15.63434381951616
17,15.297907253270667
18,15.088286848447796
19,14.871882560910903
20,14.505140992448034
21,13.959224944461432
22,13.35049319594353
23,12.644686254881535
24,11.792991532101576
25,10.882821308419906
26,10.036707024111042
27,9.561006951960104
28,9.869300614746606
29,10.799195686432517
30,12.317040306772748
31,14.385356880125428
32,16.728180391870556
33,19.277628044143306
34,21.486453292715787
35,23.233377927234766
36,24.463302749995865
37,25.460878615378007
38,26.31788018631055
39,26.89638184551063
40,26.970573068111086
41,26.8258745438758
42,26.62737086808722
43,26.296385464365898
44,25.81693303966641
45,25.229830970687452
46,24.68723543833876
47,23.808578914196925
48,22.60649559363068
49,21.400088890538186
50,20.427463999978173
51,19.732785067127562
52,19.240741899995182
53,18.676097902544964
54,18.282895648564885
55,18.081646306461916
56,17.899263811447913
57,17.74059104078573
58,17.419309611877694
59,17.14648465683225
60,16.707965052801775
61,16.151721220669515
62,15.598852835241146
63,15.234751946269244
64,15.168149400129533
65,15.395218788706929
66,15.700117056851182
67,15.733623582101014
68,15.448820286866397
69,15.050382976749733
70,14.960293974829087
71,14.97464859645287
72,14.923195016438486
73,14.8427551038827
74,14.750459624644183
75,14.77176535786468
76,15.04216385042196
77,15.252475656733866
78,15.464881626303148
79,15.709199943316126
80,15.707710494269985
81,15.674857150397226
82,15.801746422027414
83,15.826560346153917
84,15.77641362184739
85,15.536795959974393
86,15.16333631300775
87,14.661370899614457
88,14.070002156609107
89,13.381093443191356
90,12.755380981219936
91,12.32558687365239
92,12.047679032890908
93,11.964300031059405
94,12.111463915524045
95,12.43798668615404
96,12.737367306482614
97,13.12060018112357
98,13.6036251949534
99,14.099250821686574
100,14.736617672485213
101,15.401407493438787
102,16.157300340228996
103,16.815062365359708
104,17.406304311263014
105,17.90283293215486
106,18.075149235033916
107,17.96832226927816
108,17.641445161249273
109,17.29910784434435
110,17.03322333802881
111,16.828111035684287
112,16.372874642558983
113,15.897046426009595
114,15.483075877611627
115,15.206032881716837
116,15.053475700634328
117,15.08289649727736
118,15.040242280758267
119,14.906344413977884
120,14.806100949859635
121,14.81468735272245
122,14.750558484502168
123,14.69065580900159
124,14.698928266282426
125,14.804062718737752
126,14.9705702647255
127,14.969306188422426
128,14.908377997104612
129,14.927454049583744
130,14.946476448922247
131,15.199320218079407
132,15.73156471971651
133,16.435381859029018
134,17.26499337619252
135,18.11202600171235
136,18.916076982828862
137,19.480725406501005
138,19.85493767768012
139,20.262353260316917
140,20.713162703241878
141,21.178846992160878
142,21.746573949018277
143,22.385154125492214
144,23.08269475847766
145,23.82533708688772
146,24.649833203513978
147,25.49298123404638
148,26.259440142637633
149,27.045295223946813
150,27.79697550963176
151,28.368311735032606
152,28.7567839475348
153,29.04586072799566
154,29.26221621313718
155,29.34607419306969
156,29.432552480177748
157,29.69260748139731
158,30.017618874936787
159,30.260677214605316
160,30.311611617318125
161,30.347162544068528
162,30.375330902960492
163,30.44817340425373
164,30.61358900521333
165,30.73323102685161
166,30.779175133374796
167,30.74226758045195
168,30.56950490873543
169,30.275353140623707
170,29.7878461371061
171,29.363715044045783
172,28.888140626349998
173,28.384456055061015
174,27.840272972587783
175,27.3287952400633
176,26.781579220428707
177,26.215074260977474
178,25.507157094568242
179,24.67432323761823
180,23.790185280255205
181,22.945844120371788
182,22.104307847096916
183,21.143740299293984
184,20.230548892848773
185,19.492152948436818
186,18.89106449908961
187,18.418865918167082
188,18.02498116466219
189,17.552362754002107
190,16.918676611177887
191,16.313442094658715
192,15.633929299469225
193,14.847853494716905
194,14.024802913915204
195,13.236589874375653
196,12.475120415839411
197,11.765458168706319
198,11.232561055944728
199,10.937466934153466
200,10.86663854731938
201,11.009059887212722
202,11.303311893789909
203,11.732771509932004
204,12.276870698940401
205,12.840239096713816
206,13.31499270738354
207,13.697129278235394
208,14.047514565996613
209,14.452406242351163
210,15.00065269785085
211,15.50544331697139
212,15.838477445090271
213,15.994302409058108
214,16.113816703577136
215,16.307426870816318
216,16.50730703292284
217,16.708809200580987
218,16.931958923262442
219,17.246531005751443
220,17.478317301543907
221,17.57900809039585
222,17.704050763569484
223,17.950140667679086
224,18.249844526538745
225,18.585718096099168
226,18.955330291447346
227,19.25452262439574
228,19.51481995406084
229,19.73068796633317
230,19.97355377142447
231,20.265404452318535
232,20.577873628844664
233,20.919101720287287
234,21.269916643374945
235,21.581557486641742
236,21.906684186433818
237,22.2778938672023
238,22.55904135178301
239,22.883767326965877
240,23.470507755449397
241,24.227685150322174
242,24.980234124943948
243,25.72794649428306
244,26.333710627403192
245,26.834125619054987
246,27.340785129274977
247,27.937602747341426
248,28.373008220273547
249,28.60700941738046
250,28.787121021964474
251,29.06941588516997
252,29.447332536724904
253,29.795543902171023
254,29.990928292854715
255,29.828746264811368
256,29.24919679967723
257,28.19485202039217
258,26.69082662146442
259,24.79129005875029
260,22.548610256450633
261,20.419253291942624
262,18.864494346357862
263,17.578867225854104
264,16.52332855118747
265,15.593545633758264
266,14.77712138242523
267,14.266333328070186
268,14.06092360565119
269,14.036388043551952
270,13.814005679433816
271,13.644969217582432
272,13.813028297192062
273,14.037497889268163
274,14.305375601370356
275,14.526037247470285
276,14.774077788195678
277,15.025743792243656
278,15.550555661375522
279,16.15416758457178
280,16.79643383848196
281,17.14699463505988
282,17.201649275874445
283,17.21257621942611
284,17.425698035811447
285,17.61111401606669
286,17.93713438198362
287,18.217456183312432
288,18.67167886086754
289,19.142345268972228
290,19.562720991924394
291,20.05291911857089
292,20.39708036977724
293,20.58851756882297
294,20.716385650947988
295,20.730813471881135
296,20.876824316975547
297,21.339224411951818
298,21.823646147304743
299,21.84248605523514
300,21.56407878398555
301,21.255408182333806
302,20.90121089975371
303,20.427205691983097
304,20.057672319755536
305,19.954372297034446
306,19.867795334608743
307,19.506348182754785
308,19.04497998912558
309,18.51805612755676
310,17.92125910078148
311,17.302068504875386
312,16.772546900283782
313,16.36518339605214
314,16.051216076883374
315,15.833048681576468
316,15.681764364343344
317,15.59019262332801
318,15.484300012550563
319,15.277347596153582
320,15.035054040498363
321,14.888733021504668
322,14.880111393550257
323,15.290804714799897
324,15.810993694910396
325,16.35429403301591
326,17.134066539171318
327,18.09930682106614
328,19.049542874532257
329,19.902064455064405
330,20.62986100774185
331,21.26826473428923
332,21.834489622783927
333,22.22980359286994
334,22.48462221290074
335,22.625994413867996
336,22.765775180071753
337,23.126855731946193
338,23.581945447284504
339,24.135419139667995
340,24.651463456333012
341,25.022028468076893
342,25.34442002829407
343,25.567524488489163
344,25.982575596862386
345,26.55534537971943
346,27.179737475903284
347,27.5886430606225
348,27.87668662429678
349,28.164336208608404
350,28.441128755270643
351,28.649401738436836
352,28.68420669526428
353,28.52602758746624
354,28.073072830122594
355,27.515977740182148
356,27.131367065395136
357,26.67761334129699
358,26.19981994494358
359,25.641144005013963
360,24.780175623975385
361,23.731389168550976
362,22.82635534790488
363,22.074822846466784
364,21.132297629895003
365,19.857072474575897
366,18.2807835778533
367,16.500057060814665
368,14.738001190598212
369,13.387981002731856
370,13.001391298994713
371,13.444459693190225
372,14.601792489183387
373,16.308431109269712
374,18.416925198652653
375,20.58447489554632
376,22.134034017316644
377,23.251522273992578
378,24.15287749912539
379,24.95626223138451
380,25.644565630883598
381,26.205284942896572
382,26.526746438798956
383,26.621900975492796
384,26.65146251692687
385,26.6808330141615
386,26.507523307316323
387,26.0858714956696
388,25.550991832742334
389,24.91108099412344
390,24.232926664845202
391,23.61671717099518
392,22.877790619437114
393,21.95598224025266
394,20.845424679448335
395,19.68995255067289
396,18.525635194987345
397,17.285994613409596
398,16.06411019520773
399,15.001070751372104
400,13.908083652995204
401,12.90315129638027
402,12.107765065589007
403,11.641557427293336
404,11.463768109636877
405,11.579182643088355
406,11.67528411699896
407,11.751617655151376
408,11.978732220503726
409,12.272213345422847
410,12.451191446177441
411,12.437479042606958
412,12.182933100777177
413,11.971415694922179
414,11.847538492565617
415,11.926249684049576
416,12.181622787021857
417,12.642608469744196
418,13.116187948023114
419,13.45395898682533
420,14.005051361750255
421,14.504472207854107
422,14.885294386115067
423,15.256444094896242
424,15.295749472442353
425,15.110324851126226
426,14.931324833586567
427,14.73014475467818
428,14.519979971886723
429,14.30118287188725
430,14.085210508774201
431,13.870881025750908
432,13.664330551018969
433,13.502179996183967
434,13.33817180674707
435,13.397841426576488
436,13.94622382308118
437,14.826029695793121
438,15.70618819822715
439,16.582360659264378
440,17.591265805672776
441,18.565921678553583
442,19.366679461885393
443,19.979974287216365
444,20.70786573729705
445,21.397727091263476
446,21.691689851906904
447,21.98042835370293
448,22.4878240803058
449,22.993525972290033
450,23.658721802342534
451,24.127431003454134
452,24.24000453922141
453,24.138466470238168
454,23.943108931418
455,23.76878963686791
456,23.617131850609336
457,23.284301710896152
458,22.956230201152298
459,22.72877010546007
460,22.451610726368806
461,22.183882826910402
462,21.76182634588119
463,21.452047724914305
464,21.483012610242604
465,21.763317813293163
466,22.017802859995818
467,22.293481431913285
468,22.61246217783011
469,22.73470754885931
470,22.78857053737891
471,22.72875496916839
472,22.524544312391136
473,22.15285857265595
474,21.76703015181868
475,21.25663281367694
476,20.409475092003497
477,19.51002219469155
478,18.675166904699516
479,18.19293078337951
480,17.872999107936444
481,17.596259280185148
482,17.352628426641814
483,17.159066261520675
484,17.000465217724006
485,16.8763234585711
486,16.783605624235893
487,16.71402064268752
488,16.67364369002084
489,16.560603841746822
490,16.274178978664203
491,15.725758030091107
492,14.88733612692284
493,13.967826415319413
494,13.114944809315904
495,12.309784301694279
496,11.57645254454795
497,10.847344992876506
498,10.293913908769724
499,9.814235900795605
500,9.421078171327895
501,9.265295695507193
502,9.187147199376664
503,9.115229906741215
504,8.886561952531881
505,8.64235785188124
506,8.530162199611773
507,8.583312176846544
508,8.7582609904004
509,9.247845795004933
510,10.037823538621591
511,10.917351055248814
512,11.92349438590952
513,12.798839083584333
514,13.636511691726762
515,14.457549951166587
516,15.267411534584136
517,15.985488265469803
518,16.712591373405772
519,17.419186265857398
520,18.064950105176916
521,18.748117765197026
522,19.560423605733092
523,20.491763568364973
524,21.268681230867614
525,21.87071384428392
526,22.395526509756085
527,23.014253253004743
528,23.636580936313678
529,24.26759350299698
530,24.9695197498812
531,25.751172751381176
532,26.46105401305961
533,27.146379558772555
534,27.649804393510742
535,27.887520991656174
536,27.893679288644417
537,27.549938896996245
538,27.067637927643954
539,26.580423158287154
540,26.22392148719504
541,26.012184040735395
542,25.932861949524977
543,25.98502790271067
544,26.125494670420476
545,26.350667342771576
546,26.626460610437565
547,26.868346148116295
548,27.108671700109788
549,27.460226865043424
550,27.89699585041614
551,28.262649990037428
552,28.308013114771857
553,28.322546130135866
554,28.481002328397462
555,28.56005641002402
556,28.65322916101151
557,28.671989621956115
558,28.576932218543455
559,28.47245556883039
560,28.1434168975407
561,27.853087853853765
562,27.711611346094745
563,27.506014875515138
564,27.40746001291717
565,27.08793275224029
566,26.62927458488786
567,26.177739224659643
568,25.736009983810973
569,25.35564585147652
570,25.02472905634555
571,24.832266632319755
572,24.609709983498885
573,24.31498324222075
574,24.13490997829743
575,23.736273879425553
576,23.264433216535885
577,22.953208627798993
578,22.90653867320738
579,23.11517732564738
580,23.364590335083786
581,23.570658937100564
582,23.67104417183102
583,23.470722277967553
584,22.941929569164135
585,22.305020557080624
586,21.758958405661513
587,21.300738088505568
588,20.954532465872497
589,20.642701194330456
590,20.293055665081706
591,19.890240953654732
592,19.565802720913698
593,19.472244285053126
594,19.407922192429705
595,18.994180520844164
596,18.417379725360263
597,17.90842372414937
598,17.44802217587937
599,17.030082548924888
600,16.650084837417385
601,16.302114596616477
602,15.982364330581648
603,15.782677554539525
604,15.524430020731492
605,14.907008546712216
606,14.03149693192418
607,13.199472586299365
608,12.522678259018907
609,12.022128685401395
610,11.540597028200493
611,10.933467900494055
612,10.308598878716833
613,9.883612998944084
614,9.7421223313508
615,9.730885210676247
616,9.837923329515577
617,10.027898154655407
618,10.36129230682462
619,10.70999829924859
620,10.992317882165404
621,11.29933345022797
622,11.711059650801523
623,12.135001303330029
624,12.631017886628108
625,13.195853205529113
626,13.617739642355216
627,13.984780842393926
628,14.224302552880934
629,14.529125394913002
630,14.993047201534047
631,15.570354975507382
632,16.268829974151704
633,16.980693171859382
634,17.741880593145034
635,18.640902870995184
636,19.623481017241772
637,20.557070268846967
638,21.41648727418432
639,22.162682260426493
640,22.727994915664535
641,23.17689014253924
642,23.498206111551305
643,23.62562618804874
644,23.536383614215175
645,23.306334991532818
646,22.977417500372276
647,22.528374471906215
648,22.02908930330988
649,21.691982051806967
650,21.40770885627517
651,21.03541816288788
652,20.611598261711833
653,20.16615868453638
654,19.901743007050637
655,19.88386385673316
656,20.19758215992494
657,20.660604286927217
658,21.29126090989889
659,22.15477957539099
660,23.095941056888666
661,24.05299244347861
662,24.94029092448018
663,25.73797848593886
664,26.334568512537388
665,26.77087686364932
666,27.042461296271423
667,27.308600624536115
668,27.75810122013939
669,28.374496549761453
670,28.821812874043673
671,29.001592207084446
672,28.760255150889513
673,28.293322828184
674,27.78022942520647
675,27.2544568247159
676,26.78558151882783
677,26.053828646272795
678,25.083158537426016
679,24.103145588556444
680,23.276049943159776
681,22.571165884289822
682,21.949081335891712
683,21.444044002493346
684,21.004661522436766
685,20.621565001351303
686,20.295419422742683
687,20.18892890780022
688,20.338592384683288
689,20.6604343400446
690,21.053661256457705
691,21.516153394684192
692,21.903184503221212
693,22.268073768022308
694,22.585970955768715
695,22.971475935507236
696,23.415662653630168
697,23.924575795914873
698,24.561377268731995
699,25.25422890690953
700,26.062944154742702
701,26.899619824920073
702,27.799729953653255
703,28.75684108428301
704,29.745282141784052
705,30.58179250665045
706,31.197151480785084
707,31.71637718386069
708,32.04538246361574
709,32.190339526088565
710,32.40133603242352
711,32.351346927942814
712,31.77049492471567
713,30.77328117944457
714,29.433174232551394
715,27.77023801413766
716,25.8135957386193
717,23.694163577556118
718,21.892665602196175
719,20.34832227203244
720,18.859626175085317
721,17.55028907149314
722,16.32792550748147
723,15.120098025323943
724,14.085328231764159
725,13.200449068706101
726,12.494612654257686
727,11.913727839397612
728,11.410213363318391
729,11.009921330135443
730,10.720021270320508
731,10.739654056618285
732,11.000593739082712
733,11.449296623055861
734,12.021821813073212
735,12.758633641097049
736,13.521168566083869
737,14.433282333780125
738,15.532400147428284
739,16.524298283378812
740,17.49955394385398
741,18.348026368467373
742,19.186772146624623
743,19.950977579934488
744,20.667885628894016
745,21.415354073256182
746,22.38379916274967
747,23.459116896232466
748,24.43968437557468
749,25.12532478177699
750,25.54343923074743
751,25.941545311782797
752,26.476038117656564
753,26.95111714225243
754,27.297745791654652
755,27.523860597707543
756,27.82164752541688
757,28.147325797232934
758,28.43987670592147
759,28.67390660988179
760,28.836005720638948
761,28.949320769001424
762,28.792934543627055
763,28.374148860109344
764,27.863878901267952
765,27.342630194753852
766,27.03428302932982
767,26.96980730889574
768,26.858743944472142
769,26.602358196143435
770,26.211089086647316
771,25.690017509721265
772,25.099035148100164
773,24.399269624698967
774,23.614222355453858
775,22.842245735834325
776,22.260670842838238
777,21.867380768139572
778,21.559614311607152
779,21.300798425629097
780,20.958792841077226
781,20.5842233822217
782,20.482229326972114
783,20.606495609826787
784,20.76356504635545
785,20.821102015291743
786,20.669642419651204
787,20.443543655609968
788,20.098293444188844
789,19.60230371077285
790,19.169969053062626
791,18.872994133154783
792,18.623418707075558
793,18.420498824818925
794,18.405153181314823
795,18.395239126646672
796,18.285850182892247
797,18.164166314243015
798,18.058301348518185
799,17.8371592718945
800,17.51297804110144
801,17.2811756926997
802,17.118579824609572
803,17.135139727724525
804,17.35441275535627
805,17.657289221516816
806,18.027023539774984
807,18.452965289295108
808,18.941113088194484
809,19.377322477102783
810,19.771654621760387
811,20.023762082552366
812,20.217790320054977
813,20.535003739125052
814,21.032115161761602
815,21.614736294913936
816,22.2352046908296
817,22.737537602237616
818,23.157541511049075
819,23.64869403803991
820,24.206713494321242
821,24.67633544398769
822,25.025962174890527
823,25.25200627502696
824,25.331161908766088
825,25.311223357209826
826,25.033357158691572
827,24.514696671458747
828,23.80791455466061
829,22.946171186918285
830,21.94445431540146
831,20.885727396336986
832,20.007027377812225
833,18.975718161674646
834,18.025395837077195
835,17.328484409110583
836,16.682223709269465
837,16.317671232700658
838,16.250698938415717
839,16.431698097714055
840,16.999510452666716
841,17.931927354723
842,18.954632050271766
843,19.89379493580558
844,20.896260312871103
845,21.951774763423533
846,22.970014167020132
847,23.898886126549638
848,24.611832884113486
849,25.021355505823003
850,25.46099256537012
851,26.076273641829175
852,26.681262937834486
853,27.17228030395762
854,27.433473045900477
855,27.660710731390758
856,27.610624587626408
857,27.448514057829524
858,27.175462877235724
859,26.976085268438116
860,26.42174077637791
861,25.615690562156864
862,24.75020567038645
863,23.89495196862368
864,22.90399106905346
865,21.98013386050946
866,20.870279391122278
867,19.614918634947692
868,18.469117799466673
869,17.45538113974627
870,16.736618238099688
871,16.244247506545303
872,15.811156854701688
873,15.38026328158669
874,15.113285607968963
875,15.253134738893063
876,15.815056026352604
877,16.62767094028784
878,17.282867584327047
879,17.850571284096485
880,18.51481748481562
881,19.13383280183472
882,19.627336785273403
883,19.90612914352645
884,20.00350058040819
885,19.924757879033955
886,19.679797707392265
887,19.352664479793603
888,19.050383445763153
889,19.01452542704161
890,18.973368286168657
891,18.754191742274806
892,18.444529830174403
893,18.3290864998961
894,18.544312772698675
895,18.964315220189285
896,19.460308879654118
897,20.115031751220517
898,20.89570623171774
899,21.674501463152456
900,22.426671673841938
901,23.109632753854576
902,23.65948366881055
903,24.171014158052728
904,24.787802845743474
905,25.33030868557953
906,25.951147760159504
907,26.56100657082552
908,26.773876080912434
909,26.555147934979725
910,26.238627310191443
911,25.981269226001046
912,25.757367692755402
913,25.341030409100767
914,24.6897514658406
915,23.794508170477584
916,22.79484945620378
917,21.87235894432703
918,21.182511281193754
919,20.59144200141351
920,20.072323304701612
921,19.717003921149146
922,19.47423030016676
923,19.12648053422594
924,18.770170855599638
925,18.790964559892046
926,19.00614530356284
927,19.22460425743798
928,19.279282976534923
929,19.194406864093366
930,19.050752217296257
931,18.78497028994828
932,18.312481630382738
933,17.86290449806221
934,17.39603221672299
935,16.884410563848913
936,16.495157431830044
937,16.501962967509122
938,16.81257642487157
939,17.25041273680554
940,17.97384176350228
941,18.839549914762884
942,20.048665165571567
943,21.461536449390355
944,22.952859252162852
945,24.29079984781185
946,25.083377645004017
947,25.487227754613734
948,25.70672361145993
949,25.844965184487595
950,25.783769332269177
951,25.541950920745162
952,25.240843769441202
953,24.965464595977714
954,24.638478095756838
955,24.462078725069453
956,24.34993540180873
957,24.272060485770073
958,24.05851160844786
959,23.726908076679766
960,23.444045743458336
961,23.175427300607904
962,22.779486503402538
963,22.047312792511548
964,21.11254923989582
965,20.207023116438602
966,19.450052001938108
967,18.85078268867604
968,18.437230295743397
969,18.077439713891998
970,17.82277170385318
971,17.47376890930067
972,17.156163819742208
973,16.683172287728652
974,16.229162538885046
975,15.959282053238617
976,15.886025213220927
977,15.757156542203816
978,15.636559928776201
979,15.49066359166735
980,15.41437366197357
981,15.442166008379683
982,15.308110492097297
983,15.092442924713176
984,14.930059073768689
985,14.698545455820668
986,14.585308673214136
987,14.569006631457135
988,14.670008235064424
989,15.020622419161876
990,15.598874857653048
991,16.226890132276782
992,16.719123003397016
993,17.016561326613708
994,17.297259604834494
995,17.48859674329844
996,17.603256868922976
997,17.5869186791911
998,17.456980665440234
999,17.234428674239304
1000,16.93592156855288
1001,16.555483242220724
1002,16.154350370050597
1003,15.876607171425805
1004,15.677968261270875
1005,15.613752734005034
1006,15.651891723575732
1007,15.614520107359052
1008,15.62965738827565
1009,15.868333200545582
1010,16.156742369355733
1011,16.425053801342475
1012,16.638774870502225
1013,16.843776510409338
1014,17.156431118099437
1015,17.521979503810535
1016,17.808783690092795
1017,18.053337009995282
1018,18.215159471722867
1019,18.364543962227895
1020,18.55863903158275
1021,18.82715346314879
1022,19.091771042422714
1023,19.29464023258886
1024,19.51093829644712
1025,19.816172966960586
1026,20.081727130307303
1027,20.460858502192195
1028,21.041533071265498
1029,21.745274234946706
1030,22.503716122133206
1031,23.20869421898772
1032,23.83038782661623
1033,24.20795615538587
1034,24.37446831040736
1035,24.345333726527635
1036,24.08084447204146
1037,23.690532242154912
1038,23.239102228230777
1039,22.835894577711343
1040,22.38879036551841
1041,21.84799797209318
1042,21.41929115700976
1043,21.11951200106479
1044,20.72800902161824
1045,20.087403494209497
1046,19.27329482013262
1047,18.4934556234088
1048,17.783762731777763
1049,17.08096927940622
1050,16.26185503342289
1051,15.303199488438953
1052,14.300964480633061
1053,13.518393546502347
1054,13.094462593738943
1055,12.924001661227361
1056,13.009256315497046
1057,13.2953005307418
1058,13.76301890801207
1059,14.345311817979649
1060,15.074494451186919
1061,15.977121376943623
1062,16.821767691072218
1063,17.629837632422273
1064,18.281872962554885
1065,18.812250798445127
1066,19.201125125662116
1067,19.436489133585127
1068,19.53564837504813
1069,19.553188424030136
1070,19.332393419207467
1071,18.852516280841687
1072,18.318975922559037
1073,17.76462724903773
1074,17.121622355902286
1075,16.253508647880736
1076,15.301375302748978
1077,14.336773179500698
1078,13.429227882657752
1079,12.562887726194726
1080,11.855981579065272
1081,11.274210677925062
1082,10.763242378139278
1083,10.318699957325645
1084,9.961632462628037
1085,9.879121571862305
1086,10.109370813422805
1087,10.555191820851702
1088,10.949079931408086
1089,11.34610273265026
1090,11.912128274704074
1091,12.622872067700104
1092,13.554344539544402
1093,14.575727202424208
1094,15.512597765378917
1095,16.388842564761635
1096,17.346127999124125
1097,18.308939407877148
1098,19.239998661241582
1099,20.192763725708435
1100,20.980161675637692
1101,21.586510583809616
1102,22.217416721682113
1103,22.969627122996666
1104,23.955506872317354
1105,24.924351153088296
1106,25.748618753897148
1107,26.49804969266495
1108,27.16601085633704
1109,27.77623980230056
1110,28.335734532093152
1111,28.9163501194881
1112,29.523406950703002
1113,30.14173225040157
1114,30.762774674033782
1115,31.39306389608327
1116,32.0944968799836
1117,32.681045929822226
1118,33.142128764744456
1119,33.57813768943331
1120,33.88077991739934
1121,33.87963205601496
1122,33.62415170040591
1123,33.46746488950351
1124,33.36595246520933
1125,33.023281485549994
1126,32.48401077445964
1127,31.80843984060227
1128,31.070719417489002
1129,30.414664757595446
1130,29.801314078144404
1131,29.174518432890206
1132,28.689299452203905
1133,28.288246899664657
1134,28.053742718616395
1135,27.983416472333573
1136,27.976696063082585
1137,27.914439282188177
1138,27.911011336560083
1139,28.039890719792854
1140,28.152015783205368
1141,28.142555951012667
1142,27.95796280052062
1143,27.60671746082579
1144,27.065751467305276
1145,26.34868145541648
1146,25.718098269987497
1147,25.08418487208726
1148,24.24308984083508
1149,23.106121402644497
1150,21.836192285934516
1151,20.652230648801048
1152,19.568143201325636
1153,18.47621436094666
1154,17.47738346427914
1155,16.51575438995362
1156,15.719452075469954
1157,14.941023936404905
1158,14.060683191615503
1159,13.156291767031002
1160,12.158372849650961
1161,11.034882171810347
1162,10.048095225040598
1163,9.218167866312168
1164,8.615124099749224
1165,8.123882863495801
1166,7.672178054287397
1167,7.316507657476269
1168,7.097735927191299
1169,6.998267616264718
1170,7.003317952658751
1171,7.1040945732531915
1172,7.285483272970998
1173,7.468128592817568
1174,7.47055292047513
1175,7.42650764618627
1176,7.55679331770976
1177,7.541270582920478
1178,7.450304028228244
1179,7.488150770100234
1180,7.634752311919302
1181,7.80481650824168
1182,8.123576497164665
1183,8.627155855689645
1184,9.375356213367493
1185,10.170927173556091
1186,10.815160370737924
1187,11.31997190422048
1188,11.793262950654286
1189,12.157491725221329
1190,12.30735448377289
1191,12.335878647429624
1192,12.430252194926192
1193,12.62463120663784
1194,13.000312105032043
1195,13.468982238436048
1196,13.985489651044626
1197,14.434851100014088
1198,14.905116852778917
1199,15.540162457362825
1200,16.339381640170107
1201,16.967508209593355
1202,17.389354783209036
1203,17.629901778512096
1204,17.74111536439154
1205,17.644109230414852
1206,17.3957563484905
1207,17.01170235248976
1208,16.631422405414416
1209,16.295615014874535
1210,15.998114348271866
1211,15.64049418980865
1212,15.262893291518603
1213,14.960006924206882
1214,14.699816634764286
1215,14.589802114296681
1216,14.504541421742449
1217,14.239600501313184
1218,13.97342886401634
1219,13.81500762674981
1220,13.77463962569069
1221,13.808278803766775
1222,13.796715473767389
1223,13.602375112639653
1224,13.593447579574702
1225,13.887587320888455
1226,14.351219721680067
1227,14.968131424074626
1228,15.77223055850934
1229,16.821067281436918
1230,17.9101340147068
1231,18.869849816095616
1232,19.717271270019957
1233,20.52633493040639
1234,21.244593408766054
1235,21.900266656590517
1236,22.47587663544483
1237,23.029956256465372
1238,23.565559828286705
1239,24.091698595983523
1240,24.481496349973796
1241,24.69879819553513
1242,24.74689121924298
1243,24.657211165199442
1244,24.556257234558462
1245,24.518062942698165
1246,24.39245555619321
1247,24.194856683448492
1248,24.000969830810234
1249,23.831054983509105
1250,23.59974715268297
1251,23.257394796007638
1252,22.902453829217055
1253,22.51007028368346
1254,22.168696599069236
1255,21.86283352196634
1256,21.698903334506106
1257,21.587126408361925
1258,21.443925496579627
1259,21.327962220561492
1260,21.312188450004864
1261,21.32848348062873
1262,21.131387643442565
1263,20.73607544352508
1264,20.280673483948622
1265,19.81804021686083
1266,19.42815560529901
1267,18.95989002891115
1268,18.370128534611766
1269,17.684157960239673
1270,16.973430731585125
1271,16.279849205653512
1272,15.555544993886931
1273,14.894950658059521
1274,14.225606333175596
1275,13.60872871144132
1276,13.022500029755083
1277,12.405435070223092
1278,11.678773526804887
1279,10.865117537387665
1280,10.113064567997776
1281,9.640068318896285
1282,9.600061909941136
1283,9.86029389302661
1284,10.514298860363832
1285,11.417774434716105
1286,12.493506167531777
1287,13.682885147489925
1288,14.810589748178536
1289,15.937646833132419
1290,16.992668439286174
1291,17.96110238894522
1292,18.971715260380066
1293,19.83226341096441
1294,20.62684821129828
1295,21.389559388762315
1296,22.004299379632833
1297,22.59041385357346
1298,23.021741995548687
1299,23.462784087504353
1300,23.78794059016107
1301,23.903829284473616
1302,23.841258464518788
1303,23.587751702787944
1304,23.243442668635634
1305,23.016339731544683
1306,23.020602671756965
1307,23.03168044538674
1308,23.06858118700758
1309,23.284245411412748
1310,23.59509314500539
1311,23.865530673230985
1312,24.020389780065507
1313,24.0197875325376
1314,23.87456028860447
1315,23.523952427615622
1316,22.94885373515102
1317,22.35226989809938
1318,21.771412267917672
1319,21.094914800416593
1320,20.204015812232512
1321,19.248204644916754
1322,18.259605156851926
1323,17.338608571667358
1324,16.554607999975925
1325,15.950721082129942
1326,15.544295758021086
1327,15.174505650056759
1328,14.686474104362972
1329,14.201147821322778
1330,13.819176971227376
1331,13.538275243292507
1332,13.140523178580207
1333,12.581179052519833
1334,12.05812349618175
1335,11.625535383627973
1336,11.295193157557517
1337,10.995268254407797
1338,10.744211214240307
1339,10.544602184658146
1340,10.397486413462213
1341,10.29605784511148
1342,10.231860620001157
1343,10.201189155699442
1344,10.237408613716227
1345,10.29591012387575
1346,10.445606621534788
1347,10.812010569766557
1348,11.209581176644056
1349,11.635981348447608
1350,12.085653287380547
1351,12.628445905903224
1352,13.396995766299167
1353,14.277263608635359
1354,15.335044833518452
1355,16.403956168858983
1356,17.31528366396455
1357,18.06827521526058
1358,19.027687151803796
1359,20.11147133427841
1360,21.26220103571635
1361,22.349169032362532
1362,23.293767465352552
1363,24.121317582009752
1364,24.781547825583157
1365,25.355048646553385
1366,25.75886730954613
1367,26.077660701884742
1368,26.355010953219335
1369,26.587276135334594
1370,26.83025818343432
1371,27.078307731230495
1372,27.28957155523326
1373,27.345550225767663
1374,27.405079710383216
1375,27.38006193430273
1376,27.271362627613236
1377,27.226284897948418
1378,27.330362411660168
1379,27.677574068206244
1380,28.075915147240163
1381,28.58211799838599
1382,29.19889869315667
1383,29.826228858191698
1384,30.43019057239665
1385,31.013413277255943
1386,31.582667130188963
1387,32.1285730703587
1388,32.61640645450497
1389,32.99526938433456
1390,33.26170972096379
1391,33.26961235970586
1392,33.129625840578015
1393,32.9157337927998
1394,32.652930453118174
1395,32.449551646110386
1396,32.347261003917765
1397,32.33278948209151
1398,32.39217377643755
1399,32.51209198136967
1400,32.693079110963346
1401,32.76838415072151
1402,32.47838019800192
1403,31.886285957880588
1404,30.966850116721044
1405,29.705454989327535
1406,28.4048039122981
1407,27.25509183031599
1408,26.152360456173795
1409,25.071090563073973
1410,24.296000992562636
1411,23.958989750163198
1412,23.801727583954694
1413,23.51712678978702
1414,23.041770938944175
1415,22.59689324908057
1416,22.137113998887717
1417,21.81766804216179
1418,21.593361712366168
1419,21.55341943565995
1420,21.575635369350103
1421,21.649440004147017
1422,21.595359949454288
1423,21.4896450494886
1424,21.12844351205561
1425,20.814198174488915
1426,20.46372178376605
1427,20.011606774059523
1428,19.469328741867713
1429,18.79177565916321
1430,17.93393991900544
1431,16.737280110524743
1432,15.369670393165677
1433,14.011660394993537
1434,12.904753948640145
1435,12.188835702353607
1436,11.760234329782813
1437,11.347193997657012
1438,10.908229520806549
1439,10.42755341499282
1440,9.929418647083239
1441,9.588827899381787
1442,9.304812817374987
1443,9.14651498785014
1444,9.021445058177232
1445,8.95800590970386
1446,9.027839043818426
1447,9.419885536449783
1448,10.14510691105296
1449,10.965526091377466
1450,11.796394387621985
1451,12.64729722697297
1452,13.490028032620128
1453,14.433047553515776
1454,15.445788107199197
1455,16.532831929054407
1456,17.714244367754045
1457,18.96553435115191
1458,20.133157373073644
1459,21.205089025338673
1460,22.186301643426066
1461,23.131225150372348
1462,23.964139462148
1463,24.618397209078775
1464,25.133905194281958
1465,25.59675117774099
1466,25.985782439409157
1467,26.29428997920245
1468,26.461101651274426
1469,26.669246350168052
1470,26.889054529372974
1471,27.05398509704936
1472,27.259361270296274
1473,27.34511089085527
1474,27.30247985691208
1475,27.13019248325909
1476,26.870031386920573
1477,26.692091297854525
1478,26.481362513998583
1479,26.182109489787493
1480,25.64553423720467
1481,24.892041559605836
1482,24.23650293009485
1483,23.407958103291037
1484,22.74895722048852
1485,22.30519498262273
1486,21.84016208342952
1487,21.310340517862382
1488,20.776581902917627
1489,20.37559524544754
1490,20.13110522692245
1491,20.07398830043789
1492,19.97791210431715
1493,19.853239228309818
1494,19.786302540448965
1495,19.761565208633975
1496,19.642913473759098
1497,19.493748256913392
1498,19.438787663098193
1499,19.366377208638028
1500,19.390015698175787
1501,19.674047252586963
1502,20.073532302670642
1503,20.41315639430107
1504,20.68018286613603
1505,20.87098008386226
1506,20.95550854501672
1507,21.113459167930344
1508,21.325929621503576
1509,21.402866971054056
1510,21.111130849829408
1511,20.602061678297908
1512,19.90239380566093
1513,19.00150050912869
1514,17.893009856050334
1515,16.67613754348391
1516,15.63980277982438
1517,15.014987355066976
1518,14.75323317920726
1519,14.745442253610603
1520,14.923783819279354
1521,15.273074556102856
1522,15.69780096368766
1523,16.037605559605126
1524,16.311598145605032
1525,16.640937307501016
1526,17.04275088891465
1527,17.46225571416319
1528,17.712391281711188
1529,17.78678793921698
1530,17.734097157175853
1531,17.706725018159574
1532,17.656988431755543
1533,17.454677305104507
1534,17.228379080118806
1535,16.913189402963436
1536,16.733002814381045
1537,16.792797925871014
1538,16.832117502105376
1539,16.866325533429272
1540,16.868925023246774
1541,16.75451752276299
1542,16.701881786028245
1543,16.81685901900834
1544,16.957905517630927
1545,16.976181309132155
1546,16.940665922620408
1547,16.965006973352374
1548,16.83294243950417
1549,16.560710030351903
1550,16.39287208361196
1551,16.364452486658468
1552,16.40039637942461
1553,16.332773704720175
1554,16.181846791945897
1555,16.08253798941407
1556,15.79222946522949
1557,15.2861598085798
1558,14.731254098808401
1559,14.139602851385646
1560,13.514785340879003
1561,12.813600334946857
1562,12.160215260029762
1563,11.34136580118098
1564,10.395444931454916
1565,9.511383406053518
1566,8.809402755409508
1567,8.372472825985941
1568,8.111555440724121
1569,8.056803933799864
1570,8.170635404253492
1571,8.427594669197042
1572,8.618745389271826
1573,8.671445604512247
1574,8.66042103377378
1575,8.784412495053031
1576,9.22763585873801
1577,9.849637265502489
1578,10.937998732502662
1579,12.345909725019554
1580,13.869637791202857
1581,15.363564838291317
1582,16.650913038862708
1583,17.843689587292864
1584,18.858020525477585
1585,19.89200634878764
1586,21.224522721077474
1587,22.60749504286058
1588,23.923018624010812
1589,25.17286502092088
1590,26.268786678778902
1591,27.135623865187448
1592,27.92434698041766
1593,28.644271125427494
1594,29.13348677256066
1595,29.51504226657171
1596,29.846995546361327
1597,30.0362807982654
1598,30.036799904447733
1599,29.640144334165637
1600,29.05781218419324
1601,28.520064446049915
1602,27.943033746569597
1603,27.601230654339076
1604,27.455165933269107
1605,27.564110647508276
1606,27.58745310061019
1607,27.47719115381428
1608,27.556399339883644
1609,27.720147453956915
1610,27.719844556145723
1611,27.477102853695996
1612,27.244316549611536
1613,27.056919529988967
1614,26.808026004691683
1615,26.124985576925432
1616,25.167733317034624
1617,24.227533654245338
1618,23.05906904143675
1619,21.65800231041403
1620,20.168683632346077
1621,18.767532359832252
1622,17.467238004142793
1623,16.474044837770276
1624,16.045882352008658
1625,16.029368976529177
1626,16.375465666282455
1627,17.150576234423045
1628,18.186287684143224
1629,19.3032274669339
1630,20.352823135567228
1631,21.24160028946406
1632,22.01751421148877
1633,22.616463950714657
1634,22.881483118675234
1635,22.899841426900164
1636,22.764203396589505
1637,22.56290700972903
1638,22.444645357762464
1639,22.532105885087503
1640,22.828897698422693
1641,23.181497646664447
1642,23.479476958876738
1643,23.661317111019535
1644,23.87364359291752
1645,24.14813813135719
1646,24.39988772364507
1647,24.491340774343172
1648,24.647409060305222
1649,24.83476416552064
1650,24.89782419405588
1651,24.740190455671133
1652,24.38883866855788
1653,24.08316261376935
1654,23.68581622817063
1655,23.352022173129704
1656,23.158244744013636
1657,23.081724023908674
1658,23.267904883916948
1659,23.521383306441642
1660,23.807779147902664
1661,24.12840467550044
1662,24.429171161636233
1663,24.60333086202318
1664,24.53901703083171
1665,24.316712437921257
1666,24.082585286857107
1667,23.89473938623434
1668,23.639858580461752
1669,23.41000584195001
1670,23.307621909256433
1671,23.243074201249453
1672,23.08996151444537
1673,22.7385171696607
1674,22.239725437841535
1675,21.637211831616625
1676,21.02237963206526
1677,20.455077462239565
1678,20.009167425606265
1679,19.61365720678125
1680,19.268911821635427
1681,19.07319635550489
1682,19.05007127731867
1683,19.09449085280879
1684,19.22126833851485
1685,19.46157495384395
1686,19.614490201235775
1687,19.575384641826016
1688,19.45172565130097
1689,19.432555566497545
1690,19.72997063854097
1691,20.06241704127092
1692,20.516013957672687
1693,21.08247845179015
1694,21.560343500127637
1695,21.947668723372374
1696,22.463823496606953
1697,23.002590218194644
1698,23.5285799518049
1699,24.152466618617385
1700,24.656061565118137
1701,24.923852583849342
1702,25.124913254037203
1703,25.284270431194855
1704,25.395468332438735
1705,25.47731626379361
1706,25.43261074385484
1707,25.27454857472528
1708,25.148137360462584
1709,25.167533647702108
1710,25.184408417600494
1711,25.310293298051434
1712,25.31519219628922
1713,25.242769928183964
1714,25.04051167721225
1715,24.90661432998282
1716,24.83151912190635
1717,24.681880448314068
1718,24.332711947207173
1719,23.789827623735196
1720,23.19554550940898
1721,22.435379146546023
1722,21.70950568715955
1723,20.880375632810594
1724,20.125395098210237
1725,19.504059009121725
1726,19.037375898426347
1727,18.60569297266263
1728,18.166669463033188
1729,17.492871596846033
1730,16.570778823131302
1731,15.663966296970434
1732,14.891013812420635
1733,14.17837884744904
1734,13.467092756076367
1735,12.78873180491113
1736,12.080704675352658
1737,11.605935990888087
1738,11.45544920736208
1739,11.535257552182964
1740,11.819556096220321
1741,12.366691818553761
1742,13.130610541450203
1743,14.01565375790416
1744,14.786640071071176
1745,15.209796847241428
1746,15.238181602305081
1747,15.143438434953024
1748,15.16830591675426
1749,15.05681071188214
1750,14.8523699644639
1751,14.97916506977231
1752,15.34104222184442
1753,15.77857359635307
1754,16.075817963359718
1755,16.255084655406073
1756,16.50364187871596
1757,16.66625643568092
1758,16.742806843458244
1759,16.724876806778795
1760,16.63265430081161
1761,16.476335016017575
1762,16.447050510956572
1763,16.807392288339244
1764,17.207576428042778
1765,17.256970269915577
1766,17.03135828334176
1767,16.835075855022538
1768,16.53880801463257
1769,16.214334514862117
1770,15.852033819461095
1771,15.378851640651925
1772,15.097989720017724
1773,15.022968365110806
1774,14.984136251078606
1775,14.974699713549727
1776,15.08500271224337
1777,15.299893408125147
1778,15.725279690815363
1779,16.38453088604939
1780,17.262025058312453
1781,17.955795282001084
1782,18.351655862656614
1783,18.657520460657032
1784,18.941651194563743
1785,19.06918638786688
1786,18.833872036296643
1787,18.1892315986507
1788,17.32100394770434
1789,16.158401120684076
1790,14.831504951106824
1791,13.607909283733166
1792,12.412761759188921
1793,11.192135747403675
1794,10.250325677497523
1795,9.735728758129445
1796,9.57752585235151
1797,9.72422436714311
1798,10.132688067981979
1799,10.734104572236161
1800,11.380726899356663
1801,11.980012574577527
1802,12.537595050605862
1803,12.965653401251785
1804,13.424550572395267
1805,13.858707069301424
1806,14.177292237102815
1807,14.361741788210086
1808,14.513716466284666
1809,14.586513408378986
1810,14.519456419460424
1811,14.392497313900684
1812,14.18604838206138
1813,13.950114706356002
1814,13.905062228128795
1815,14.076688297890765
1816,14.283621914306053
1817,14.439206375108576
1818,14.507431120054132
1819,14.497309580089038
1820,14.587772132380596
1821,14.810506462887338
1822,15.122216537712394
1823,15.543618663144017
1824,15.91023851226953
1825,16.279729814655063
1826,16.585925376152495
1827,16.918420290196142
1828,17.079650181368436
1829,17.100452894050363
1830,17.039145757702855
1831,16.999837845366265
1832,17.050938383562293
1833,17.05729339303007
1834,17.15790199939245
1835,17.312277027413458
1836,17.374203134396932
1837,17.50149892822828
1838,17.789144906242214
1839,18.204689647506058
1840,18.540197738152987
1841,18.79832179336699
1842,19.016721269509695
1843,19.117400174596558
1844,19.13960763696471
1845,19.09343276091087
1846,19.025205311235652
1847,18.842968254353764
1848,18.28156495066016
1849,17.58492563448591
1850,16.94976068845352
1851,16.628915173458978
1852,16.78340077101643
1853,17.2202627134545
1854,18.04879553583363
1855,19.26623703250143
1856,20.78615620259007
1857,22.33125396564904
1858,23.772487975712252
1859,25.229397695536683
1860,26.601111781800792
1861,27.536772987202273
1862,28.12306194463318
1863,28.6081505460804
1864,29.15980633207356
1865,29.613522373994613
1866,29.90540624631172
1867,29.995861477518762
1868,29.869695591259855
1869,29.56712668020463
1870,29.38721038212499
1871,29.280115493452936
1872,29.23922269797344
1873,29.04259005431421
1874,28.621773849983388
1875,28.159730450410454
1876,27.632010061251577
1877,26.983527713540344
1878,26.440344379775997
1879,25.927948202034695
1880,25.339413425187296
1881,24.827388169330057
1882,24.368242843382173
1883,24.000341594506935
1884,23.814745178288465
1885,23.559352448848735
1886,23.247908421752186
1887,22.972395508212216
1888,22.83342345477908
1889,22.855337516681935
1890,22.891015911336986
1891,23.01381694731595
1892,23.285282044164923
1893,23.627952329355274
1894,23.998948677841454
1895,24.272806805267457
1896,24.644982228110887
1897,24.94144570475432
1898,25.458599041089744
1899,26.21522332861818
1900,27.100448223136997
1901,28.03133847430777
1902,28.968157852398285
1903,29.73609043715024
1904,30.162832481576224
1905,30.287974478267323
1906,30.091159448072673
1907,29.715331876035304
1908,29.372295190762117
1909,29.035843083916888
1910,28.70490058070169
1911,28.36731417688757
1912,28.033125899390782
1913,27.70767454252205
1914,27.45940738437144
1915,27.47177191487794
1916,27.71043744381054
1917,27.86379835413702
1918,27.901195150345952
1919,28.13424176267121
1920,28.569011730988507
1921,28.821148943394856
1922,28.73663452448995
1923,28.493472420021895
1924,28.08502462124362
1925,27.532082372800165
1926,27.09161559770005
1927,26.44337148146919
1928,25.504444661585953
1929,24.439648331974098
1930,23.27356592770847
1931,22.289585414762005
1932,21.106767977386507
1933,19.743091774644537
1934,18.527144989162505
1935,17.7398447381386
1936,17.343749383731023
1937,17.257467164505044
1938,17.18240163377844
1939,17.180945464450875
1940,17.17241451592247
1941,17.021787338266368
1942,16.96156096616085
1943,17.383896511669434
1944,17.90489896895457
1945,18.270802015240267
1946,18.52390449914565
1947,18.632020994016486
1948,18.582216411357994
1949,18.568859595297134
1950,18.98866007160002
1951,19.788642581943826
1952,20.527461849087324
1953,20.94784493555661
1954,21.171496251887202
1955,21.389319052320836
1956,21.491193591391593
1957,21.45031210802424
1958,21.311772349003245
1959,21.214159911134345
1960,21.096500895195508
1961,20.787724080446207
1962,20.54711779011856
1963,20.401882664987294
1964,20.190976867667278
1965,20.11057207244115
1966,20.464333983312823
1967,21.209311704023637
1968,22.252529358829968
1969,23.64579276509166
1970,25.167884605509492
1971,26.494461111394447
1972,27.25644475574805
1973,27.677315641965436
1974,27.576648490687948
1975,27.118452925738783
1976,26.317456989721514
1977,25.52239523614039
1978,24.790791779639502
1979,24.1728247081468
1980,23.81147610161519
1981,23.60861398010094
1982,23.616150023147952
1983,23.534509084936637
1984,23.297186943294193
1985,22.94059240349288
1986,22.716808696592842
1987,23.070465258284024
1988,23.665542946509902
1989,24.295828436496834
1990,24.802632503299233
1991,24.96209516948269
1992,24.942836978544022
1993,24.85798990508164
1994,24.81356151947616
1995,24.77490882399939
1996,24.898690109132705
1997,25.126670160282497
1998,25.46997506524245
1999,25.841928023696095
2000,26.137482126439707
2001,26.461259439471213
2002,27.0217254654309
2003,27.44789706728155
2004,27.407453808467416
2005,27.22107918648188
2006,26.679442179500573
2007,25.752875350050097
2008,24.70759594389748
2009,23.529328618384525
2010,22.154448159106384
2011,20.848737606566775
2012,19.74563976574383
2013,18.714891169322485
2014,17.969498129390153
2015,17.485609514096332
2016,17.06566448896068
2017,16.7344897513229
2018,16.621695526993594
2019,16.662521758319624
2020,16.649905739380408
2021,16.628373859103448
2022,16.650415467910104
2023,16.755785357671062
2024,16.93558987993908
2025,17.171901163285497
2026,17.464134051748594
2027,17.79909903565096
2028,18.151848675304407
2029,18.461367184941718
2030,18.65813554515693
2031,18.675917310605012
2032,18.57926592207685
2033,18.60774322570511
2034,18.55887713407087
2035,18.437743353750367
2036,18.30362473112333
2037,18.194527556615384
2038,18.053770492390026
2039,17.687746013433014
2040,17.12228539239976
2041,16.39126242707887
2042,15.688723650875257
2043,15.086022391297565
2044,14.493010948621244
2045,13.930661428486191
2046,13.39742643996397
2047,12.87227136606463
2048,12.467026080967951
2049,12.164874787879818
2050,12.11472475017377
2051,12.242316275924459
2052,12.353320903327557
2053,12.285168483747412
2054,12.082313212846339
2055,11.848009751691375
2056,11.697919799018935
2057,11.744574734806916
2058,11.749243409666622
2059,11.639646125378208
2060,11.385329832883684
2061,11.066322110803306
2062,10.977191385170888
2063,11.350605057631114
2064,12.000786113231886
2065,12.661642200956349
2066,13.443036527531303
2067,14.341907278843355
2068,15.087295392787953
2069,15.783655855518363
2070,16.585689684873074
2071,17.62511457829384
2072,18.842630022874072
2073,20.28610069771838
2074,21.798748110124222
2075,23.137743801147693
2076,24.312448025159796
2077,25.350709512735712
2078,26.213655269653746
2079,26.800947289173614
2080,27.016275719520443
2081,26.82674113023473
2082,26.251533983082687
2083,25.451239452260822
2084,24.33578631436556
2085,23.112974284372445
2086,22.230428813359953
2087,21.637156888087016
2088,21.484419973033354
2089,21.751430480540257
2090,22.21570119299584
2091,22.92606237758455
2092,23.7461760102838
2093,24.706606211491035
2094,25.78339974996048
2095,26.726281626278823
2096,27.2919803364205
2097,27.50166775313369
2098,27.36298779999378
2099,27.143494855365365
2100,26.9085737824832
2101,26.648402136933083
2102,26.45783300738296
2103,26.212856166434854
2104,25.988662961496097
2105,25.791700820689307
2106,25.7518921771591
2107,25.754997706936553
2108,25.794380099361394
2109,25.828642780771006
2110,25.809231507105743
2111,25.76069093599691
2112,25.916234862873253
2113,26.40185118100611
2114,26.981038528080163
2115,27.462555060278937
2116,27.884310369612866
2117,28.295093420629254
2118,28.715868901022528
2119,29.129794062800908
2120,29.306744887563703
2121,29.19913016778017
2122,28.960807933454994
2123,28.572615758332034
2124,28.207646444891086
2125,27.792214132152754
2126,27.24023879338566
2127,26.77905768229489
2128,26.389516214480253
2129,26.141904250776903
2130,26.14986579077611
2131,26.085955176252366
2132,25.858515497170163
2133,25.598558481183737
2134,25.32271949812758
2135,24.99769011721692
2136,24.728380484967055
2137,24.49376769423248
2138,24.29694370034543
2139,24.141473520726002
2140,24.024024020573442
2141,23.938099767947627
2142,23.858662141966953
2143,23.83062480699529
2144,23.79068500836837
2145,23.738225603048953
2146,23.667947631867726
2147,23.596673170174626
2148,23.610461382737974
2149,23.544159749086763
2150,23.338000028122533
2151,22.94101773118291
2152,22.650130392484755
2153,22.47101853304223
2154,22.46281845699299
2155,22.679561872112885
2156,23.046615092595577
2157,23.260877287934683
2158,23.253217899328654
2159,23.07996018845051
2160,22.56620374884743
2161,22.07691543830225
2162,21.605229572605904
2163,21.157478567228388
2164,20.829542465708045
2165,20.62827204299563
2166,20.45316677523583
2167,20.290264776936134
2168,20.057860649631767
2169,19.923618143810636
2170,19.929755915797823
2171,19.87006015606698
2172,19.638568481161588
2173,19.29965355502987
2174,18.901230938229045
2175,18.225587403702217
2176,17.41129038146718
2177,16.61769016407485
2178,15.830698619565393
2179,14.991400365219867
2180,14.303919242372352
2181,13.857166958004074
2182,13.425386763641859
2183,12.934569751071711
2184,12.242365104515997
2185,11.267487437930635
2186,10.228116388501979
2187,9.239415798900913
2188,8.341300717218974
2189,7.600806247364671
2190,6.961166814275183
2191,6.536715683950784
2192,6.2404679862512396
2193,6.004147450720079
2194,5.931152082578995
2195,5.971360472201215
2196,6.110989140471468
2197,6.345704478359874
2198,6.66787463582418
2199,7.063075933737707
2200,7.47882231691786
2201,8.1111176202025
2202,8.767114933300288
2203,9.395429523609362
2204,10.215333368201602
2205,11.112441603162772
2206,12.045824270630472
2207,13.155819740485754
2208,14.349076178360917
2209,15.4392310793892
2210,16.399655708782237
2211,17.175884192882037
2212,17.929488866608924
2213,18.86598316471025
2214,19.91281062965892
2215,20.98561023841113
2216,22.057529329156235
2217,22.93150915895639
2218,23.59422934249132
2219,24.156461028238198
2220,24.829365862221394
2221,25.535101100846337
2222,26.109687492488447
2223,26.609577653217084
2224,26.92204255293628
2225,27.03902874611938
2226,27.074867828847573
2227,26.97756070194997
2228,26.695755052785763
2229,26.27497879449425
2230,25.819978977409733
2231,25.460785032953094
2232,25.218566772380147
2233,24.770948407188484
2234,24.22159318152967
2235,23.61451432758447
2236,22.861055353302213
2237,21.93627763291044
2238,20.90034041005653
2239,19.854639759254724
2240,18.731460208624366
2241,17.607111519620144
2242,16.40943539098723
2243,15.355730169478813
2244,14.414345650431432
2245,13.400969037806433
2246,12.560674075565233
2247,11.946997338341138
2248,11.404538896088695
2249,10.696522794704196
2250,10.143300985131495
2251,9.820166233453437
2252,9.66911193300434
2253,9.673205520606533
2254,9.833040581664715
2255,10.109366576949272
2256,10.6190920775811
2257,11.434443056831283
2258,12.406638831558457
2259,13.512237054562974
2260,14.691152149138066
2261,15.836255462571895
2262,16.689312731428476
2263,17.355952064776623
2264,17.839020880287862
2265,18.079252879185944
2266,18.137558547401404
2267,18.007708803722288
2268,17.884454834676475
2269,17.921400720681188
2270,17.966599381152275
2271,18.02355261605796
2272,18.331076073544452
2273,18.80534263628348
2274,19.369408654920218
2275,19.951741552530464
2276,20.690802648725306
2277,21.571047632595945
2278,22.502293326323162
2279,23.362632517843316
2280,24.11112761446585
2281,24.694916100020116
2282,25.20083893046596
2283,25.847688198574772
2284,26.41482433215401
2285,26.739746500859948
2286,26.85455324505525
2287,26.770241049448153
2288,26.616525675669994
2289,26.505047263550487
2290,26.36312358245685
2291,25.97230792161192
2292,25.441856378919816
2293,24.921041585162392
2294,24.53304172073083
2295,24.366782325508044
2296,24.210409901260984
2297,24.25208694333636
2298,24.4345516550584
2299,24.68201905215821
2300,25.00373030783927
2301,25.487290151573397
2302,25.92099219506818
2303,26.221932382562414
2304,26.37103320826225
2305,26.525233759595913
2306,26.687357263886305
2307,26.74040425354328
2308,26.546567446299758
2309,26.158909695108605
2310,25.596598677042085
2311,24.876281576191342
2312,24.023352327036594
2313,23.226631734135776
2314,22.58209960363228
2315,22.100170038236257
2316,21.73283102999575
2317,21.35673952951482
2318,20.959181157944048
2319,20.572836022003393
2320,20.02426458329313
2321,19.26913699420875
2322,18.557032931879547
2323,17.981464831900865
2324,17.5668707957896
2325,17.19319022434655
2326,16.899070366944773
2327,16.540912737117036
2328,16.239506778060612
2329,16.124471728414598
2330,16.02266498989367
2331,15.822193947886623
2332,15.831623693035448
2333,16.15678074109042
2334,16.840165720957156
2335,17.767671369345962
2336,18.669441342613787
2337,19.453981219356795
2338,20.261964231334122
2339,20.990073926438882
2340,21.69363100736235
2341,22.39531466614453
2342,22.921862949411647
2343,23.33709155555982
2344,23.82143025330173
2345,24.36272540046704
2346,24.84129171930829
2347,25.426027690432093
2348,26.154397729749398
2349,26.899141653574937
2350,27.574960033547665
2351,28.21475114734545
2352,28.8179015557458
2353,29.335908238363665
2354,29.734763297133526
2355,30.02909269757771
2356,30.26457034212613
2357,30.484939179662874
2358,30.609215461661577
2359,30.68433149924183
2360,30.619265713936127
2361,30.498091817765903
2362,30.449303205826368
2363,30.373441005990543
2364,30.32065416371743
2365,30.30573767893757
2366,30.324728784687103
2367,30.367666274925433
2368,30.434723118699623
2369,30.522958590043103
2370,30.647488758909468
2371,30.98128652945099
2372,31.33610983126185
2373,31.572934872469357
2374,31.76122023801724
2375,31.91630439739768
2376,32.147145788831594
2377,32.33622342512451
2378,32.41711879752953
2379,32.42932452879587
2380,32.321019479825296
2381,32.06353135488793
2382,31.748427326786157
2383,31.286393093461786
2384,30.88419940225757
2385,30.557845149038336
2386,30.268958308306267
2387,29.910117623806677
2388,29.542219975198847
2389,29.207587904471048
2390,28.89146812946529
2391,28.668598012908156
2392,28.418545970196142
2393,28.17152258626548
2394,27.956612242245804
2395,27.595924573641017
2396,27.117464902415648
2397,26.599526323288305
2398,26.024147371257463
2399,25.251207100603068
2400,24.33365839567654
2401,23.472417994598416
2402,22.718610266097727
2403,22.004548593828297
2404,21.339939460710784
2405,20.795572778270866
2406,20.19475856355859
2407,19.56488901430795
2408,19.041127113350257
2409,18.696200138948676
2410,18.442275695768597
2411,18.338158109454696
2412,18.35150122606758
2413,18.510252986104852
2414,18.878261426159327
2415,19.294354477417002
2416,19.6284486119222
2417,19.792675636186374
2418,19.972583117794013
2419,20.15537697659425
2420,20.27753883909027
2421,20.275197620975444
2422,20.00024532329334
2423,19.52862836744643
2424,18.83299814116243
2425,17.97176618261803
2426,16.96903859308632
2427,16.009223195030778
2428,15.26873695531191
2429,14.699815888025537
2430,14.223757726882404
2431,13.809202277379288
2432,13.527639060814536
2433,13.416914703368718
2434,13.389848483033392
2435,13.368534007763863
2436,13.42248678597949
2437,13.594783510860921
2438,13.843785499787296
2439,14.188316817760871
2440,14.637066135541712
2441,15.154076601063831
2442,15.696372089513929
2443,16.243790628143856
2444,16.82239481801142
2445,17.40413435313694
2446,17.88183649052989
2447,18.249608798992476
2448,18.586130673345085
2449,18.95756836465039
2450,19.41166788841398
2451,19.806734474088305
2452,20.314444057472652
2453,20.79938167295665
2454,21.377830234806666
2455,21.9925628967096
2456,22.57136000256305
2457,23.20280028930225
2458,23.725405322037407
2459,24.13795889536029
2460,24.582628824948507
2461,25.06678312540399
2462,25.619060356286795
2463,26.213458951294704
2464,26.814809930731496
2465,27.495179984713836
2466,28.27526372951603
2467,29.139221118835657
2468,29.98588989637308
2469,30.764247997908917
2470,31.432988838833396
2471,31.94938561738337
2472,32.424088327261074
2473,32.82547732668826
2474,33.144702342334334
2475,33.41534483853263
2476,33.59600426827592
2477,33.66841883221631
2478,33.597318058602156
2479,33.008853841115155
2480,31.93408400694122
2481,30.4295786718043
2482,28.566840493101324
2483,26.403069299597398
2484,24.31333687536908
2485,22.484558678991366
2486,20.77874508581964
2487,19.448007690520903
2488,18.274292757279287
2489,17.306017551654325
2490,16.59656238148994
2491,15.877351049077655
2492,15.322293720707394
2493,14.980862791347308
2494,14.561571597871692
2495,13.993304415960688
2496,12.92161243899675
2497,11.828344071268813
2498,11.068805098191836
2499,10.464365338218602
2500,9.819691410752005
2501,9.40128324411166
2502,9.218782330138941
2503,9.518533538741785
2504,10.0999015728369
2505,10.66619910432844
2506,11.181549570274946
2507,11.804128114763728
2508,12.345771448468966
2509,13.044011022940374
2510,13.889062211481143
2511,14.678534814213073
2512,15.49300694664381
2513,16.685798858865244
2514,18.183582372100265
2515,19.53041388324471
2516,20.47008132062284
2517,21.212547821730098
2518,21.964994356701425
2519,22.95540399838388
2520,23.88575754459737
2521,24.44201416785398
2522,24.79774366048415
2523,25.073476306290384
2524,25.322040813226465
2525,25.680569763910896
2526,25.94924391134922
2527,25.980831067228067
2528,25.672803971619693
2529,25.230047266601296
2530,24.69630314745247
2531,23.79482178212394
2532,22.448426283874348
2533,21.21618080524587
2534,20.25685396622672
2535,19.494639485506582
2536,19.10469844874912
2537,19.057895249966606
2538,19.30094686226317
2539,19.800462685238536
2540,20.448325209383015
2541,21.35583902079433
2542,22.45068133465818
2543,23.308745847412588
2544,23.716188353339227
2545,23.83188382549029
2546,23.793837249826474
2547,23.585646593575927
2548,23.365642949731605
2549,23.016136603235733
2550,22.82402525103054
2551,22.760034062622783
2552,22.700875085783068
2553,22.91505951267243
2554,23.26614954148936
2555,23.50480565705422
2556,23.694384738752117
2557,23.817873980281885
2558,23.846956553934167
2559,23.677359815489815
2560,23.480297984759048
2561,23.51959996754946
2562,23.60894085268673
2563,23.54651093701301
2564,23.440725541846504
2565,23.348692248051645
2566,23.024344755277895
2567,22.62761160506975
2568,22.308001235597906
2569,22.051327362153653
2570,21.527239397512414
2571,20.982479544257863
2572,20.73154194333388
2573,20.47507489935707
2574,20.421934783710505
2575,20.642351230427394
2576,20.986594831145133
2577,21.554889015699594
2578,22.167839700487622
2579,22.596551520701322
2580,22.83935820316146
2581,23.12734928085672
2582,23.483538818991576
2583,23.78178270308582
2584,23.8606231945802
2585,23.773210568474905
2586,23.876209301773038
2587,24.126095385191217
2588,24.361809980783388
2589,24.565458894319086
2590,24.685934976466843
2591,24.886712287543464
2592,24.9957780112384
2593,24.888286646688805
2594,24.53895928276297
2595,24.001747262241103
2596,23.329723801414094
2597,22.527706074469567
2598,21.59542976027091
2599,20.78729013153726
2600,20.104126298585285
2601,19.444300401043293
2602,19.027726544366217
2603,18.69510074154141
2604,18.363079628092326
2605,18.063280393729627
2606,17.859574810480293
2607,17.76624640167552
2608,17.687601354718122
2609,17.648503107600234
2610,17.68593151354545
2611,17.847823334191038
2612,18.020511561945245
2613,18.08057107258411
2614,17.854450211438454
2615,17.46212025452465
2616,16.90725533899784
2617,16.31825842632195
2618,15.598913982317828
2619,15.050733413048594
2620,14.668601359244224
2621,14.363301744203055
2622,14.097691079117237
2623,13.917832996435367
2624,14.041635480979405
2625,14.306064863796307
2626,14.688296552237642
2627,15.200657044324416
2628,15.607854855445058
2629,15.758402468821737
2630,15.907263149092154
2631,16.22964262120232
2632,16.54393060487088
2633,16.996661529793197
2634,17.44319301627514
2635,17.787245917704094
2636,18.179335021530804
2637,18.708882173703124
2638,19.34089978759079
2639,20.089074510191274
2640,20.82553854933013
2641,21.511731936600878
2642,22.12468809575222
2643,22.59742887567569
2644,22.94942307434442
2645,23.05181421378859
2646,22.889011875449114
2647,22.51276958100704
2648,22.139414901957792
2649,21.971870057711982
2650,22.142048405499516
2651,22.60619621905979
2652,23.269991738658064
2653,24.25586858214261
2654,25.50334610470205
2655,26.82986374119616
2656,28.06363440070058
2657,28.993986500931957
2658,29.74579348370914
2659,30.614270591736705
2660,31.49759552760439
2661,32.01373249923455
2662,32.140016831354586
2663,32.03204892559148
2664,31.741898252789184
2665,31.1639230474512
2666,30.477365442985352
2667,29.70995802494732
2668,28.767175552038907
2669,27.876418056339503
2670,27.031429073138575
2671,26.311084577153306
2672,25.543943164399117
2673,24.57402501462861
2674,23.444057471637258
2675,22.217959797393917
2676,20.921069096501146
2677,19.68710583171595
2678,18.53431406955407
2679,17.531385236473238
2680,16.246961911265053
2681,14.888864415521311
2682,13.440525157597882
2683,11.955458700090219
2684,10.653447432226324
2685,9.494285366768459
2686,8.442924263064963
2687,7.630508346082742
2688,7.060969309613208
2689,6.583927295498062
2690,6.1296885464495015
2691,5.718385826497278
2692,5.442121459449207
2693,5.376318601585474
2694,5.58829853547891
2695,6.013051848609904
2696,6.426181151424051
2697,6.933937134491387
2698,7.548464697948141
2699,8.391284686417308
2700,9.491718096843162
2701,10.589705235972758
2702,11.782629310406275
2703,13.040161636276224
2704,14.101658031145503
2705,15.041850210956156
2706,15.7897336049421
2707,16.336868874516604
2708,16.72250038555176
2709,16.932300681364374
2710,16.99967144939958
2711,16.958842758475555
2712,16.891166382237188
2713,16.84320561740096
2714,16.76463334080585
2715,16.697554118571418
2716,16.59316085184274
2717,16.59249881852669
2718,16.60646892525587
2719,16.649714873392124
2720,16.677095155357094
2721,16.63693119356714
2722,16.633751864875574
2723,16.670415166512868
2724,16.764615158818856
2725,16.921913508522515
2726,16.916785900403433
2727,16.843163531887143
2728,16.75789435995365
2729,16.622058781544542
2730,16.56344087855946
2731,16.54609356022926
2732,16.456059595662893
2733,16.314665791898168
2734,16.209631407161027
2735,16.25850447651404
2736,16.301024046851165
2737,16.479305121264836
2738,16.872589301439355
2739,17.446704741133352
2740,18.08638135267111
2741,18.729488727462794
2742,19.357542418584284
2743,19.974984256104456
2744,20.63580896118252
2745,21.24516306586534
2746,21.847829950718815
2747,22.263993793895537
2748,22.797467658345337
2749,23.497564825440392
2750,24.263257453158204
2751,25.001857699920855
2752,25.733145566180813
2753,26.63237782768661
2754,27.562414411027905
2755,28.47266121286455
2756,29.455850844974286
2757,30.401373121876382
2758,31.17100248376856
2759,31.793681059047348
2760,32.24802651214011
2761,32.670597891596984
2762,33.163643901998825
2763,33.563557381821774
2764,33.83353124940641
2765,34.00033563269649
2766,34.08956689879271
2767,34.1005381964418
2768,34.033931759918005
2769,33.87729037304207
2770,33.62928959927072
2771,33.27612983761579
2772,32.9054452080834
2773,32.51662553987109
2774,32.022959225123486
2775,31.372921214660035
2776,30.679679815639126
2777,29.933453330046767
2778,29.203787572440852
2779,28.63495749214659
2780,28.38205082829964
2781,28.46690884503193
2782,28.67686650643683
2783,28.791712059641192
2784,28.812078129970793
2785,28.96082678997258
2786,29.182686781092634
2787,29.22807426568736
2788,29.176293574584932
2789,29.03985418435064
2790,28.8263639547569
2791,28.71381198627342
2792,28.64916651996827
2793,28.592924964282787
2794,28.559753310309887
2795,28.563687494654726
2796,28.471045443533846
2797,28.427176574257818
2798,28.375366729886412
2799,28.34127413411296
2800,28.227847568069325
2801,28.065329893897157
2802,28.06978021142459
2803,28.19423416925367
2804,28.425267207149147
2805,28.71287047830795
2806,28.785834579567723
2807,28.824070310432003
2808,29.038881006097633
2809,29.143223123100825
2810,29.155100648599404
2811,29.028679457709664
2812,28.7407035771334
2813,28.33229684664599
2814,27.93402343665617
2815,27.801162056718933
2816,27.950574814649794
2817,28.21981265572259
2818,28.529887255210806
2819,28.865528776684968
2820,29.16646323886602
2821,29.475380297339534
2822,29.786627498553976
2823,30.10244849887711
2824,30.42940684946864
2825,30.754426959508937
2826,31.04558775519339
2827,31.249360362419765
2828,31.451688560728563
2829,31.563481967450166
2830,31.50417236868075
2831,31.37994931232657
2832,31.17547058436633
2833,30.807155533828332
2834,30.316778838698184
2835,29.610891610120188
2836,28.87329047506033
2837,28.15615526832792
2838,27.67570528367771
2839,27.587137059711452
2840,27.795771750073527
2841,28.063826944771808
2842,28.341241196712026
2843,28.486163484014153
2844,28.49715658245309
2845,28.414836591889838
2846,28.142834900293714
2847,27.593137719962684
2848,27.06007926567844
2849,26.547102769644543
2850,26.100813218095052
2851,25.69824328710479
2852,25.103059449485656
2853,24.178795249429793
2854,23.149773234239525
2855,22.225760858866145
2856,21.568287594809167
2857,20.931486983018747
2858,20.19122211943664
2859,19.465053176124513
2860,18.76241637325938
2861,18.266611579831554
2862,17.920353695834265
2863,17.635119405143833
2864,17.27883908396728
2865,16.89578290564522
2866,16.450136310111876
2867,15.873214052121561
2868,15.154673962985992
2869,14.432126099910507
2870,13.577290750347071
2871,12.690247754897026
2872,11.929269149467958
2873,11.171525773825833
2874,10.47996638434612
2875,9.979597891410949
2876,9.619569262162567
2877,9.315174387325449
2878,9.074057540713317
2879,8.889974223455015
2880,8.752324683545499
2881,8.66026874893997
2882,8.607525633249098
2883,8.60254229125379
2884,8.724861602096368
2885,9.051689712793447
2886,9.438895172357604
2887,9.794833425353803
2888,10.224793238655462
2889,10.57215188503369
2890,10.727689009714135
2891,10.942966988823413
2892,11.406141842121846
2893,12.0118463111138
2894,12.537005445324262
2895,12.917741433597497
2896,13.32087862570393
2897,13.859625040127264
2898,14.730618574337157
2899,15.681157781853194
2900,16.470674575491643
2901,17.241780021102883
2902,18.241971792107428
2903,19.500039909566613
2904,20.750542254039924
2905,21.803509287837386
2906,22.54678915628319
2907,23.193442641831037
2908,23.788065283810273
2909,24.29749426970031
2910,24.794022922996934
2911,25.484945240700615
2912,26.171863170232452
2913,26.711779422486337
2914,27.15571721972646
2915,27.29337430496024
2916,27.149415024471285
2917,26.813416020939503
2918,26.354539080663855
2919,25.938245994889996
2920,25.54655821448557
2921,25.27833818015463
2922,25.060507536857173
2923,24.747927830294795
2924,24.366592543980353
2925,24.182659464798316
2926,24.210565902484948
2927,24.347711001769014
2928,24.66307503843189
2929,25.14159178525501
2930,25.735788358527216
2931,26.360680181037974
2932,26.840290050028187
2933,27.160226875850423
2934,27.375362147974847
2935,27.395287695947033
2936,27.232029456444323
2937,26.898365194430202
2938,26.41969694958228
2939,25.82375384758336
2940,25.14494774025644
2941,24.44372701095832
2942,23.736252500560497
2943,23.18527756006803
2944,22.7267425350567
2945,22.368089669539838
2946,22.09780844903322
2947,21.83334189653403
2948,21.462385184731396
2949,21.11367254154796
2950,20.888325824036595
2951,20.68799398977547
2952,20.754688793456033
2953,20.910074159385267
2954,21.18711435026154
2955,21.5601778668768
2956,21.91205543194858
2957,22.369763430554
2958,22.8507123734128
2959,23.249272840854058
2960,23.554340906718604
2961,23.66917152128068
2962,23.72365025441877
2963,23.81528462332616
2964,23.895006524275587
2965,23.843227135688966
2966,23.685859215506863
2967,23.59303561944278
2968,23.614617983905404
2969,23.571658068409796
2970,23.31209778297316
2971,23.00280356509805
2972,22.686188439817723
2973,22.291931313152055
2974,21.940345764010463
2975,21.55349163120573
2976,21.0578075669707
2977,20.55747168412958
2978,20.091438946198018
2979,19.833530839731747
2980,19.86948645601881
2981,20.112815825818593
2982,20.502692836177264
2983,20.932684726725853
2984,21.164777100831195
2985,21.32340184547139
2986,21.603605803077066
2987,21.70853732339621
2988,21.629426860544942
2989,21.472144663496376
2990,21.34022090579873
2991,21.222139137722678
2992,21.08287762334949
2993,20.907108109321438
2994,20.72179978047536
2995,20.53695423403462
2996,20.328622384300203
2997,20.021845562084096
2998,19.725140642057756
2999,19.60624757807708
3000,19.60018789290302
3001,19.719362869321046
3002,19.860388081143466
3003,20.026410536337
3004,20.257817700709488
3005,20.652710367148625
3006,20.93255722153745
3007,21.11012861292906
3008,21.293124720278612
3009,21.42935306681388
3010,21.503806866771633
3011,21.813474646724977
3012,22.433911949626562
3013,23.220190193526534
3014,23.87418250013512
3015,24.417798769336134
3016,24.964707279914766
3017,25.345192362804955
3018,25.70785058329009
3019,26.05727834837547
3020,26.198495002208414
3021,26.321353491043077
3022,26.28798592853873
3023,26.04265358587608
3024,25.65456979561595
3025,25.194498935854146
3026,24.747243921200784
3027,24.324892083407796
3028,23.937005065340827
3029,23.595234631584624
3030,23.16109307199258
3031,22.58137147173888
3032,21.8417799521729
3033,21.113889043260727
3034,20.528127108883425
3035,20.073142878282024
3036,19.53568173796594
3037,19.021700683965555
3038,18.59822644141676
3039,18.21893399814801
3040,17.937790475843688
3041,17.644689678287808
3042,17.310320616591447
3043,16.913645809494387
3044,16.48591426949966
3045,16.03937726735367
3046,15.496416579246217
3047,14.871849376813746
3048,14.366129840529297
3049,14.02715386846769
3050,13.83417615105704
3051,13.769034311692801
3052,13.81801858887936
3053,13.955723674170528
3054,14.127848360551878
3055,14.201576051390205
3056,14.339058365819087
3057,14.414849226582351
3058,14.461673527834584
3059,14.50453082642535
3060,14.596546431823246
3061,14.956466534985214
3062,15.376106659334948
3063,15.765155365617092
3064,15.99813101306384
3065,15.97179082654702
3066,15.976471009723777
3067,16.068563990713724
3068,16.016461561006714
3069,15.82888260936645
3070,15.689707697889133
3071,15.666795082965889
3072,15.832061071051003
3073,16.13288071723352
3074,16.310607793060374
3075,16.258915685337094
3076,16.124666003669457
3077,15.866011451915611
3078,15.640981991889763
3079,15.446175153813552
3080,15.422683837863426
3081,15.46917406526537
3082,15.639150003083287
3083,15.905773778890964
3084,16.185857050193256
3085,16.430856406414538
3086,16.63724269036388
3087,16.974130128538206
3088,17.584910594918195
3089,18.41054212230365
3090,19.29270586787977
3091,20.31693963354898
3092,21.31720069641948
3093,22.335903733785134
3094,23.357414576850836
3095,24.50019059247289
3096,25.66463365893562
3097,26.729078212541033
3098,27.70954674557822
3099,28.50289066911569
3100,28.860459306428012
3101,28.90550208910032
3102,28.86853500079211
3103,28.69687177102563
3104,28.227544291844513
3105,27.67274629684019
3106,26.888723769517604
3107,25.852908478073186
3108,24.633507779660892
3109,23.18232793446488
3110,21.60515343165677
3111,20.14274342041085
3112,18.911571028600452
3113,17.88155762995107
3114,17.042027186682795
3115,16.212836967158513
3116,15.50322526335713
3117,14.969199576932288
3118,14.756913530775932
3119,14.742823650792761
3120,14.853640285944062
3121,15.037087295379212
3122,15.109603338103716
3123,14.918516714014356
3124,14.466733029420723
3125,13.952873121602597
3126,13.515120854491782
3127,13.253750816076195
3128,13.009642458674163
3129,12.81289212941546
3130,12.630886928626593
3131,12.409818443074725
3132,12.293203867916286
3133,12.127201857336814
3134,11.762816918769403
3135,11.445802022215755
3136,11.022298107720307
3137,10.553421009259862
3138,10.027134642071424
3139,9.456642226045693
3140,8.9401654628683
3141,8.546298292687414
3142,8.263176238155992
3143,8.167344422728679
3144,7.9665838965077125
3145,7.688334026863963
3146,7.5891996769319245
3147,7.609975339715998
3148,7.586401344614664
3149,7.589254084611164
3150,7.451589066360323
3151,7.171703245425714
3152,6.716459384528737
3153,6.2589744531578235
3154,5.90709348297509
3155,5.7686567213501165
3156,5.739249882295085
3157,5.690625959839594
3158,5.714987741535951
3159,6.050987562237679
3160,6.528904413878362
3161,7.028075625480607
3162,7.495239190805252
3163,7.971158931280151
3164,8.472978332023583
3165,8.99728753986595
3166,9.529964350009282
3167,10.067797265300381
3168,10.559564798021315
3169,10.87810633913379
3170,10.982422332331383
3171,10.89280444835866
3172,10.696927060570804
3173,10.707770284592808
3174,10.98740050258905
3175,11.459963859373708
3176,12.309120128773744
3177,13.268054901461495
3178,14.090967427655485
3179,14.662012398000613
3180,15.101312921010663
3181,15.545344909403196
3182,15.812493757860143
3183,16.035635668430878
3184,16.171755848775316
3185,16.347493078878955
3186,16.34784507200787
3187,16.032758447011613
3188,15.571880906407483
3189,15.075223183906589
3190,14.856931524226859
3191,14.941634996181987
3192,15.01532701678295
3193,15.23930013615864
3194,15.607227869003577
3195,16.056233719777612
3196,16.438594163923508
3197,16.814119504431403
3198,17.23203448033432
3199,17.56941198113709
3200,18.03069825506524
3201,18.71347077127199
3202,19.44033494143661
3203,20.104448717288527
3204,20.645334045569847
3205,21.13450672481204
3206,21.303049129437635
3207,21.24104007630133
3208,20.861726204510592
3209,20.220238773812827
3210,19.544229437002222
3211,19.026354752476372
3212,18.63035395837913
3213,18.104620685464866
3214,17.577598284975767
3215,17.01079334037543
3216,16.50248148186878
3217,16.239666337023923
3218,16.16285929017345
3219,16.188159413518935
3220,16.439479815784395
3221,16.914843781899297
3222,17.566128979186438
3223,18.372199386474026
3224,19.29092735413603
3225,20.244401029148907
3226,20.97597878839592
3227,21.278250325189493
3228,21.15967888900808
3229,20.760763604023563
3230,20.133745893682676
3231,19.244279815862384
3232,18.351748237342736
3233,17.466125388137712
3234,16.69597585356015
3235,15.92441939647444
3236,15.062602775982233
3237,14.203602247727979
3238,13.478238323653347
3239,12.853114949078645
3240,12.046942132545324
3241,11.30287318635421
3242,10.65376919810791
3243,10.126735669582539
3244,9.686349765491556
3245,9.176633144528715
3246,8.628206965633094
3247,8.09105085175783
3248,7.478668948447385
3249,6.945896692567299
3250,6.32125241594242
3251,5.657128822769395
3252,5.184521488385775
3253,4.945647895270408
3254,4.897195491452327
3255,4.9938782513348965
3256,5.198275149726089
3257,5.674651437553341
3258,6.574346780031444
3259,7.570948534058461
3260,8.599613876415152
3261,9.842827362081856
3262,11.228322008571283
3263,12.700131443192761
3264,14.256619326443019
3265,15.675671302862328
3266,17.082748211248763
3267,18.32992190067199
3268,19.4437641009903
3269,20.418437916815382
3270,21.430425246790207
3271,22.43757184542966
3272,23.63877599717783
3273,24.911685701682586
3274,26.196445759901476
3275,27.418679850404125
3276,28.29664603689345
3277,28.657199989665077
3278,28.484100755343757
3279,27.900645231981198
3280,26.92018152307988
3281,25.63177498819799
3282,24.209006136396194
3283,22.906709806921477
3284,21.694856717035528
3285,20.633687344187315
3286,19.82629471288182
3287,19.207922321041924
3288,18.63690663759041
3289,18.017818576304485
3290,17.454732887769104
3291,16.970994777170393
3292,16.607307312744055
3293,16.412894063102048
3294,16.32958127888034
3295,16.30877343395352
3296,16.291646807501785
3297,16.271619189582054
3298,16.31941677490327
3299,16.63559701255189
3300,17.144405457627244
3301,17.74434190470306
3302,18.52363588959348
3303,19.329309034411523
3304,20.08433951734157
3305,20.765381111911225
3306,21.357887299186824
3307,21.76385800629568
3308,22.096037733691546
3309,22.3227437754062
3310,22.381833609144117
3311,22.47090727745699
3312,22.586341953775733
3313,22.826002702430713
3314,23.24930014255734
3315,23.860457561396984
3316,24.639364624090305
3317,25.53065435386184
3318,26.50141897765329
3319,27.365596936276816
3320,27.931105622980255
3321,28.202043766467224
3322,28.45622945559319
3323,28.76869497404929
3324,29.010413659842925
3325,29.23775614070906
3326,29.46478868804899
3327,29.65906870897249
3328,29.842282815421882
3329,30.200812827896005
3330,30.769622569609282
3331,31.376526157351655
3332,31.751636702405516
3333,32.00503572929941
3334,31.732399694275294
3335,31.078625214725953
3336,29.99256685717909
3337,28.587205032185135
3338,26.909158716997364
3339,25.13039585568211
3340,23.667737062214385
3341,22.51989223462453
3342,21.558896806706464
3343,20.595864925889135
3344,19.435453846370617
3345,18.099133821156002
3346,16.567767873756544
3347,15.00557098137024
3348,13.523684933127457
3349,12.398669276866146
3350,11.82557442212886
3351,11.195052017896051
3352,10.572567157956843
3353,10.22960250019878
3354,10.285354820186582
3355,10.48322889749388
3356,10.859199564005484
3357,11.507935545743017
3358,12.24982919794174
3359,12.85999580415991
3360,13.199274461905071
3361,13.37675176159413
3362,13.557480977017507
3363,13.714715394435844
3364,13.804672121532139
3365,14.11562491490426
3366,14.627895194342795
3367,15.136886311721991
3368,15.347217139552338
3369,15.36175579225803
3370,15.381940836769193
3371,15.56439158012489
3372,15.681254372904014
3373,15.886649361733026
3374,15.97680152661611
3375,15.876475772281967
3376,15.661673079481702
3377,15.527827151488724
3378,15.323127466838995
3379,15.252859016211609
3380,15.18467353491262
3381,14.955462277548925
3382,14.455994269664448
3383,13.942621024619637
3384,13.704323517714718
3385,13.866082286149751
3386,14.288042209574046
3387,14.864054155862467
3388,15.338579122391064
3389,15.489722200486938
3390,15.56812454792904
3391,15.494290124359456
3392,15.213133067612704
3393,14.800116858981939
3394,14.310183844859997
3395,13.720861670093191
3396,13.159376727231761
3397,12.859926048502311
3398,12.617175588978904
3399,12.438525984940496
3400,12.211140083222244
3401,11.92496384288356
3402,11.7728717452509
3403,11.589175797733747
3404,11.444809224293962
3405,11.429098155372678
3406,11.42495962565647
3407,11.348894871947014
3408,11.172431073365507
3409,10.910051627311363
3410,10.530683803761919
3411,9.906817876766956
3412,9.187341100353764
3413,8.474412605238065
3414,7.821240105164871
3415,7.23618187070746
3416,6.8841412361733045
3417,6.6129893494256855
3418,6.298008891652418
3419,6.168374756736792
3420,6.0555930593601985
3421,6.417919060176762
3422,7.061820290229854
3423,7.8545536926329245
3424,8.79154186907149
3425,9.886385338111651
3426,10.970257673463824
3427,12.138483781022952
3428,13.455437440794316
3429,14.810928049932608
3430,16.086182758515662
3431,17.261919005167886
3432,18.37767287225899
3433,19.397945310463648
3434,20.342701257945667
3435,21.176125892586228
3436,21.931934722927565
3437,22.562556669768806
3438,23.050802141050895
3439,23.296280180225203
3440,23.53389371242884
3441,23.824031582788447
3442,24.0341331095815
3443,24.253448170548218
3444,24.544264926310166
3445,24.962165186601716
3446,25.373015213509586
3447,25.58905519568227
3448,25.286289354315564
3449,24.542272839847247
3450,23.505948125111466
3451,22.232825154512188
3452,20.702078916786125
3453,19.110106057366362
3454,17.749192852391687
3455,16.49327698224133
3456,15.286916865353245
3457,14.079874895882217
3458,12.991305589738237
3459,12.183437479049793
3460,11.495858722415322
3461,10.855228350369213
3462,10.387948397477027
3463,9.935900302509639
3464,9.4505085685694
3465,8.993518741753887
3466,8.679934840072454
3467,8.531344377023188
3468,8.596114796312493
3469,8.845425347145056
3470,9.04861837878651
3471,9.251747493685153
3472,9.642339757551992
3473,10.237201161445654
3474,10.943800926559845
3475,11.934616373779019
3476,13.021505972772882
3477,13.967099923897543
3478,15.062268144853206
3479,16.239081003059876
3480,17.358179999529572
3481,18.29406453087768
3482,19.138152688865766
3483,20.06592513948454
3484,20.88471951110912
3485,21.432625331102784
3486,21.7261404320253
3487,21.762807671954825
3488,21.570258947259607
3489,21.26239604930426
3490,20.94682118869796
3491,20.630215429451813
3492,20.2802625641199
3493,20.03415807953598
3494,19.74028515161345
3495,19.44384425001782
3496,19.30670551622889
3497,19.085592006718358
3498,18.833328203462813
3499,18.559458143838718
3500,18.34762593096252
3501,18.22459703906413
3502,18.075598417073984
3503,17.93110393175847
3504,17.717179366246462
3505,17.377193231634003
3506,16.890168903818118
3507,16.28472418161899
3508,15.585558280099743
3509,14.811659006293336
3510,14.124536609211585
3511,13.658707682767277
3512,13.270345137080811
3513,13.10179816331665
3514,13.08088186044878
3515,13.089380216061835
3516,13.269765487468781
3517,13.754286668343465
3518,14.376131504182053
3519,14.877347104762682
3520,15.384144364694523
3521,15.853859893048265
3522,16.290905920917364
3523,16.97644814941878
3524,17.964447117369225
3525,18.904883288790142
3526,19.701786895234648
3527,20.476901327708013
3528,21.305614656395143
3529,21.856540262412402
3530,22.2124911642756
3531,22.548640118062455
3532,22.8639130040005
3533,23.059775642650358
3534,23.230176138275734
3535,23.343715069069038
3536,23.58216288365682
3537,23.908259887897614
3538,24.432846370262553
3539,24.94972089920162
3540,25.160873683613765
3541,25.108716629500343
3542,24.874548584961204
3543,24.539174751035798
3544,24.457905753568838
3545,24.53423746871607
3546,24.281838161361115
3547,23.774658249458426
3548,22.95622318208629
3549,21.96160538010742
3550,20.970971705534083
3551,19.85038192155612
3552,18.689176249639274
3553,17.79304513866971
3554,17.247283588062434
3555,16.714274177865136
3556,16.006091596986263
3557,15.27241547847299
3558,14.553560819639644
3559,13.962211940517086
3560,13.413408448065232
3561,13.032499037630457
3562,12.997246144330694
3563,13.274358892518341
3564,13.833988062662726
3565,14.658018434161907
3566,15.69133206031888
3567,16.728733002842816
3568,17.492816656570266
3569,18.037504143176903
3570,18.342608797332122
3571,18.573887855158556
3572,18.886600557835163
3573,19.268700252103717
3574,19.572716263918863
3575,19.72498276362199
3576,19.764594114215093
3577,19.663698774164907
3578,19.42807239438877
3579,19.092917113964315
3580,18.77059167099121
3581,18.563725182482592
3582,18.41602102810157
3583,18.29686385261592
3584,18.287382433051636
3585,18.342197324368662
3586,18.629545641963148
3587,19.21173518776275
3588,19.86926739230562
3589,20.53675695859064
3590,21.103503323011587
3591,21.59657266005781
3592,21.99240097678216
3593,22.26616176963914
3594,22.471201851414573
3595,22.621553106255472
3596,22.684368631481505
3597,22.654674063530535
3598,22.48643532294876
3599,22.18858188933318
3600,21.828920305392753
3601,21.353107816492773
3602,20.74673370106594
3603,20.203371056085917
3604,19.63191083883619
3605,19.100685687948044
3606,18.56668236342878
3607,18.026412257931014
3608,17.466450516568194
3609,16.76340428175776
3610,15.985103445702253
3611,15.07456188696798
3612,13.952992901572603
3613,12.777761548289261
3614,11.488495328652427
3615,10.116479831239086
3616,8.906748174862535
3617,7.968387592572316
3618,7.408617541536432
3619,7.465150958195389
3620,8.104077677879282
3621,9.307364559261531
3622,10.896132931930529
3623,12.873439653063441
3624,14.96039257959661
3625,16.869267242801925
3626,18.624355201589545
3627,20.23257116891449
3628,21.963675015697053
3629,23.392591046423252
3630,24.55313239009587
3631,25.325667891554215
3632,25.66634592413246
3633,25.72548206059314
3634,25.41461279284652
3635,24.944092586821498
3636,24.20268779004808
3637,23.27396926742955
3638,22.427848773427208
3639,21.56173879086922
3640,20.9272554236967
3641,20.675399475267785
3642,20.749396253708117
3643,20.969738823188216
3644,21.112814349477325
3645,21.205713555777436
3646,21.292084566251745
3647,21.193699528635502
3648,21.108104545909374
3649,20.890745938195725
3650,20.642702070110886
3651,20.48953204413194
3652,20.603327946206146
3653,20.96977712813088
3654,21.414086624591878
3655,21.848806547200816
3656,22.451529855221494
3657,23.405809460567966
3658,24.459314644605726
3659,25.23735503235662
3660,25.82291797547828
3661,26.276487018159862
3662,26.62477910603761
3663,26.727568341637674
3664,26.60403246461828
3665,26.319920130077314
3666,25.93537546849438
3667,25.30249288165371
3668,24.681532387259978
3669,24.144318415988295
3670,23.639155096550503
3671,23.07446547927603
3672,22.659848955672924
3673,22.232186918716295
3674,21.775211393426282
3675,21.436995119747156
3676,21.33151327059817
3677,21.447981924883575
3678,21.76165607122796
3679,22.230267535846156
3680,22.855205162323294
3681,23.59531562147997
3682,24.316477143817153
3683,25.004589962041095
3684,25.68353693461227
3685,26.443181032302775
3686,27.25509575061361
3687,27.995874589449606
3688,28.77178189286462
3689,29.500864389599133
3690,29.885614960635028
3691,30.12521052066944
3692,30.506094200009766
3693,30.96137074355049
3694,31.193578914296157
3695,31.20474773424068
3696,31.099618888602865
3697,31.039884832342413
3698,30.86477361659986
3699,30.58082282613408
3700,30.19225308280091
3701,29.727713256616724
3702,29.328308088449088
3703,29.067680534790433
3704,29.00536127363301
3705,28.95114351642605
3706,29.079601899642757
3707,29.29123770627583
3708,29.5360415004095
3709,29.681497321006145
3710,29.841524350362818
3711,29.832057245843714
3712,29.649270350211864
3713,29.157894969496994
3714,28.60110501884746
3715,28.07131280840276
3716,27.467222296328995
3717,26.828863570638063
3718,26.273968203031227
3719,25.563390712554234
3720,24.788161706598018
3721,23.908688595974063
3722,22.927871135086683
3723,21.838282159673646
3724,20.77200884933736
3725,19.837020641371918
3726,18.77394883528787
3727,17.636867352705778
3728,16.687662039369904
3729,15.885043570287818
3730,15.156640304662346
3731,14.391785945777634
3732,13.799678399009375
3733,13.457815411883116
3734,13.33110095743254
3735,13.400170662124898
3736,13.645699203613939
3737,14.033392728776064
3738,14.636254125117578
3739,15.34290657390957
3740,15.889947299044513
3741,16.241636704301516
3742,16.438806861510397
3743,16.471346341386635
3744,16.39571803059033
3745,16.22597735720305
3746,15.985233603565733
3747,15.51402833288817
3748,15.133215643201572
3749,14.94429891977449
3750,14.816750439073799
3751,14.659136751933179
3752,14.412784147858813
3753,14.460547363043943
3754,14.64189124329392
3755,14.633017086564626
3756,14.488702978215777
3757,14.088884009013618
3758,13.544965531684836
3759,13.08082901764735
3760,12.687552603308816
3761,12.450650529269772
3762,12.244545724855804
3763,12.419005071545081
3764,13.30877710925514
3765,14.51348887096417
3766,15.644548436733164
3767,16.868170029693683
3768,18.331313781432968
3769,19.514191018029585
3770,20.13469890787813
3771,20.46839106021706
3772,20.82437990736516
3773,21.411471939623148
3774,22.353557523089787
3775,23.250261526798138
3776,23.88448649706582
3777,24.636437442694948
3778,25.635950827980746
3779,26.54761217907296
3780,27.414722359525086
3781,28.197702059903047
3782,28.492279435759933
3783,28.501724659153425
3784,28.84327896360564
3785,29.43693160236667
3786,30.345971996169766
3787,31.252929853806386
3788,32.06824785185444
3789,32.58308550831342
3790,32.58794456281143
3791,32.19774121136377
3792,31.472911729470116
3793,30.357405156141763
3794,28.927942697963466
3795,27.480851635505733
3796,26.172223212760073
3797,24.936209128182554
3798,23.698438866337042
3799,22.579276223736017
3800,21.54758401075728
3801,20.46475688582444
3802,19.39204344134681
3803,18.307985625762065
3804,17.244214402116974
3805,16.366512538959437
3806,15.610563849354646
3807,14.82587918403835
3808,13.889757099117585
3809,12.965951666180292
3810,12.205992960803849
3811,11.553114190910389
3812,10.962983970502295
3813,10.369302056681622
3814,9.895037156833647
3815,9.694586892834218
3816,9.658859245668774
3817,9.633655139783773
3818,9.55175165667258
3819,9.480495626365844
3820,9.394207683102326
3821,9.400109655304876
3822,9.445312353855012
3823,9.610710494268686
3824,9.750009975394203
3825,9.921889914565705
3826,10.106903794568804
3827,10.165300327892034
3828,10.124091303238723
3829,10.05962638228253
3830,10.101587311159143
3831,10.03312296734938
3832,9.855884864219663
3833,9.735510255249343
3834,9.725189657060985
3835,9.701128429697327
3836,9.64626460037638
3837,9.531521802005315
3838,9.738169921234922
3839,10.301951719427597
3840,11.072819883786714
3841,11.74193636125009
3842,12.264867035777495
3843,12.78270539330564
3844,13.297093716650462
3845,13.666359471577099
3846,13.834399727034867
3847,13.704682852339651
3848,13.45446022326154
3849,13.016352180941976
3850,12.34705551754466
3851,11.534895083910877
3852,10.63822194721836
3853,9.796307112163477
3854,9.26735022502334
3855,8.961482122192933
3856,8.885769944625684
3857,9.007846277026555
3858,9.200950048465096
3859,9.40455091778093
3860,9.645085096370009
3861,9.91098638943393
3862,10.223122795162258
3863,10.71202025202841
3864,11.075088355177078
3865,11.3758064753283
3866,11.717213950723025
3867,12.144782979646656
3868,12.53544582378982
3869,12.714206916862242
3870,12.832951979930554
3871,12.984018169713234
3872,13.279907443789547
3873,13.599188685277548
3874,13.939219149799712
3875,14.350149357495587
3876,14.707658638190999
3877,14.983059852252177
3878,15.165326178887899
3879,15.358870362094132
3880,15.592588579112913
3881,15.757306765503323
3882,15.888501011155045
3883,16.07874880521178
3884,16.33324467742489
3885,16.633109864004023
3886,17.05370729162206
3887,17.524313751850787
3888,17.825940415467652
3889,18.005212831557955
3890,18.161929857252286
3891,18.150176484483048
3892,18.0957638709054
3893,18.016949513063654
3894,18.02593074443933
3895,17.916478289477844
3896,17.73231930450948
3897,17.568871495110518
3898,17.43983916648495
3899,17.439359256457703
3900,17.49689542748396
3901,17.543072268514912
3902,17.59238081253162
3903,17.65277427440451
3904,17.732059879558722
3905,17.82715034227726
3906,17.957467302192477
3907,18.109240259336325
3908,18.27436572877929
3909,18.424604659942524
3910,18.496621649415477
3911,18.656166145952287
3912,18.907386264150077
3913,19.040010541875283
3914,19.119074132525327
3915,19.242119763692486
3916,19.36064370510808
3917,19.525748419311313
3918,19.75486419080582
3919,19.941831201429007
3920,20.175478611543586
3921,20.58168982637021
3922,21.07450960824137
3923,21.43860573929134
3924,21.8320999671988
3925,22.338376414798617
3926,23.02077712982081
3927,23.669593751345325
3928,24.184494792072222
3929,24.451392940886535
3930,24.56688889655983
3931,24.662553997424965
3932,24.777376629193675
3933,24.877272318832453
3934,25.144466898490652
3935,25.54402305242499
3936,25.971840017515703
3937,26.506529019693787
3938,27.120680215591058
3939,27.706634661264555
3940,28.175414167814694
3941,28.518865906912986
3942,28.710403483450484
3943,28.887256932227988
3944,29.10968578311378
3945,29.403783579883115
3946,29.694821378257792
3947,29.848175323234884
3948,29.80369594137488
3949,29.68750161901807
3950,29.67453155917906
3951,29.650245787201392
3952,29.515101899611736
3953,29.396224754252493
3954,29.22854396563104
3955,29.0114713684953
3956,29.002678077774853
3957,29.077795570325637
3958,29.17312913459896
3959,29.239784923570262
3960,29.076136789729805
3961,28.316335493303647
3962,27.122376297662505
3963,25.5277224726042
3964,23.644890672013684
3965,21.433194838268214
3966,19.159898236338982
3967,17.161476555490765
3968,15.179523235975179
3969,13.292384921840037
3970,11.892042374037807
3971,11.063091143674672
3972,10.823201903642643
3973,10.846324563253225
3974,10.642915199828463
3975,10.538769633749022
3976,10.536163189413433
3977,10.583464448083925
3978,10.71927027970098
3979,11.118436363293737
3980,11.733549884705283
3981,12.401752823941251
3982,13.31741121374034
3983,14.246739596978081
3984,15.07276006801489
3985,15.722080820655503
3986,16.28985234505222
3987,16.59653734432116
3988,16.958695940825976
3989,17.381492461159993
3990,17.74932543385059
3991,18.39435182027574
3992,19.197884649240567
3993,20.039296122895536
3994,20.761681503385805
3995,21.41484433835779
3996,22.03972233292987
3997,22.4987800313328
3998,22.90869390650598
3999,23.347344077527627
4000,24.001893831269722
4001,24.70477100881448
4002,25.120636006205096
4003,25.082051394136393
4004,24.60652566714208
4005,23.843542450027893
4006,22.89068980983969
4007,22.024589152247778
4008,21.3532319652044
4009,20.92509155369019
4010,20.676034982759305
4011,20.55122190902805
4012,20.552994327445568
4013,20.68265132558673
4014,20.78476356194188
4015,21.07134644724459
4016,21.462978106288837
4017,21.792860448123477
4018,22.064180089245795
4019,22.288924024864023
4020,22.46170720809681
4021,22.60566648099903
4022,22.711041548293267
4023,22.740084267248392
4024,22.648905001874667
4025,22.54563253414663
4026,22.673369238834823
4027,22.838270889770204
4028,22.924530392901218
4029,22.842250499330117
4030,22.569897905147293
4031,22.31640163528089
4032,22.136060293440103
4033,22.203842791763837
4034,22.565357630328332
4035,22.890514055325852
4036,22.94125290006265
4037,22.68439172165437
4038,22.50671877624329
4039,22.3211843005269
4040,22.08747010493251
4041,21.78872809803742
4042,21.457276345525095
4043,21.0500954051398
4044,20.74130532716426
4045,20.38824266601215
4046,19.964598068411405
4047,19.59602726849876
4048,19.129413097789616
4049,18.355812532549084
4050,17.484092154737635
4051,16.6018159184901
4052,15.69351597007618
4053,15.03934122075891
4054,14.639822504035022
4055,14.390725193397483
4056,14.166433213560474
4057,14.062059094073177
4058,13.987954327398333
4059,13.770345898817473
4060,13.612237319393044
4061,13.234683620018302
4062,12.66737432210328
4063,12.22691074895189
4064,11.876330949328455
4065,11.598016883308603
4066,11.457088253716998
4067,11.264159789448469
4068,11.030069968830968
4069,10.783581124051523
4070,10.434802008376856
4071,9.956299150189725
4072,9.313457645229475
4073,8.586696356651911
4074,7.979479333301483
4075,7.4963158908439995
4076,7.11796569470928
4077,6.843576184030364
4078,6.652133209425877
4079,6.531474535559317
4080,6.524805234511791
4081,6.590405840348877
4082,6.714173299629477
4083,6.992282093885559
4084,7.3093117582858875
4085,7.75035321129002
4086,8.365608375498436
4087,8.842967949309283
4088,9.022680992269525
4089,9.128564863526218
4090,9.178652839779817
4091,9.082566793710079
4092,8.88603079004884
4093,8.747754927759903
4094,8.653203364708208
4095,8.393170120892266
4096,8.064637877004937
4097,7.776313369682664
4098,7.4718769959095175
4099,7.0552490664548575
4100,6.616658218741522
4101,6.329465997481913
4102,6.232471484594031
4103,6.124543705893523
4104,6.030646538424081
4105,6.007442363059269
4106,6.218463008091108
4107,6.6460743963366
4108,7.180454955828086
4109,7.83055949348179
4110,8.698134313577256
4111,9.785652710962761
4112,11.140860347702862
4113,12.630336155662667
4114,14.115443560752977
4115,15.434566966283576
4116,16.521230900717516
4117,17.435312236797444
4118,18.281005995242996
4119,19.061326466672824
4120,19.842524028804814
4121,20.571117477960026
4122,21.34639319807293
4123,22.015769862025227
4124,22.62950259984209
4125,23.217067470349217
4126,23.80046581858807
4127,24.290751099640303
4128,24.57985126793691
4129,24.743120299298365
4130,24.831264555081987
4131,24.845984515243302
4132,24.73218840138211
4133,24.493384206123864
4134,24.1118096946892
4135,23.572837771879602
4136,22.949990754918154
4137,22.299835475411253
4138,21.65058003721808
4139,21.028976924230815
4140,20.450404866103682
4141,19.83667848634167
4142,19.18099576481297
4143,18.61148829877366
4144,18.065975292021424
4145,17.703964708829346
4146,17.504937794033637
4147,17.335684635515427
4148,17.11048851659346
4149,16.581378715988436
4150,15.791676746241395
4151,15.027987131782025
4152,14.302404837305675
4153,13.832997329419698
4154,13.535871712968401
4155,13.329857036737124
4156,12.964323398841675
4157,12.56635600819755
4158,12.319333997915345
4159,12.369179560720443
4160,12.372239570058227
4161,12.374901778182096
4162,12.162527144161297
4163,11.932824244825493
4164,11.756329683788177
4165,11.54143875535489
4166,11.212301254148047
4167,10.771293159426556
4168,10.314834239788532
4169,9.800003785600534
4170,9.399674298608014
4171,9.092203101575517
4172,8.682204990507408
4173,8.140743612864599
4174,7.402021369731438
4175,6.542962486179644
4176,5.894704357905729
4177,5.5733366679805005
4178,5.429643647748078
4179,5.337146790884963
4180,5.429833230844713
4181,5.823635359882325
4182,6.500049409495338
4183,7.226445223206877
4184,7.986670457558348
4185,8.685090760855669
4186,9.17221826540448
4187,9.549905436054923
4188,9.950444726831499
4189,10.517585968240192
4190,11.228969657855636
4191,11.973406229870331
4192,12.789817961849925
4193,13.706946231174289
4194,14.617773816871342
4195,15.418250587096543
4196,16.084201336309977
4197,16.79552629576059
4198,17.59765637143579
4199,18.251472018970336
4200,18.746134540358824
4201,18.901309995474723
4202,18.86489154860034
4203,18.848513093282065
4204,18.871485898479406
4205,18.888565679825945
4206,19.004381480610483
4207,19.058090405696806
4208,19.037003987000357
4209,18.950784142234152
4210,18.729745605573992
4211,18.388639610095527
4212,18.180846204917707
4213,18.058326218291956
4214,17.75639826836273
4215,17.446931388489066
4216,17.23449195460221
4217,17.001718556751687
4218,16.799205700621734
4219,16.49889080601824
4220,16.314874763079768
4221,16.289541474021412
4222,16.356614522381058
4223,16.341553110974992
4224,16.22197210299203
4225,15.97428536994274
4226,15.578745032635151
4227,15.20298342976897
4228,14.880515552000318
4229,14.445921800990877
4230,13.955374547358629
4231,13.589670583735463
4232,13.260218803044307
4233,12.905466352535532
4234,12.556595007908532
4235,12.140668948619227
4236,11.759241914325449
4237,11.354600210816686
4238,10.925370555876667
4239,10.538701944979884
4240,10.226330537231126
4241,9.997018161714937
4242,9.778046533384293
4243,9.41590844310085
4244,8.967355551515103
4245,8.624628862906846
4246,8.958504634452886
4247,9.837983599068064
4248,11.122877544002195
4249,12.597775349412801
4250,14.365023973434042
4251,16.23083066588299
4252,17.93751224340994
4253,19.695600120571083
4254,21.494262019381296
4255,23.214390480191028
4256,24.875767760251847
4257,26.369413431307457
4258,27.619632778445297
4259,28.57826975644483
4260,29.29849138037934
4261,29.9284547235234
4262,30.476552422869148
4263,30.808408764161044
4264,31.117891012679873
4265,31.37254252331383
4266,31.567933969518613
4267,31.77687862228825
4268,31.74753807436341
4269,31.63945403984116
4270,31.74549353216331
4271,31.851297769194336
4272,31.776399298489206
4273,31.560591378122613
4274,31.391012610194515
4275,31.243479082097068
4276,31.236220286922666
4277,31.389412065822324
4278,31.632456399260185
4279,31.761195473597823
4280,31.96125501946498
4281,32.212022955090305
4282,32.378140877498524
4283,32.39659564295804
4284,32.293930121050806
4285,32.24021674765662
4286,32.03751383853796
4287,31.52749798181477
4288,30.787183529837858
4289,29.770575710527503
4290,28.57263090316301
4291,27.374470443788027
4292,26.196958307161676
4293,24.978220136276583
4294,23.791527903243907
4295,22.727061694665302
4296,21.701056113629438
4297,20.610907478774152
4298,19.387156586241932
4299,18.02953213414139
4300,16.614151788520083
4301,15.276349190061499
4302,14.26960904715568
4303,13.835306665877644
4304,13.946003652296447
4305,14.515182156621
4306,15.492029778774357
4307,16.794248913864912
4308,18.19679197456515
4309,19.40199252725724
4310,20.412753364024468
4311,21.29361782245872
4312,22.066802640288824
4313,22.787763655217937
4314,23.50586324686612
4315,24.18381709643911
4316,24.78312056025071
4317,25.30275671384549
4318,25.741261441849296
4319,26.131900132798986
4320,26.526726786083902
4321,26.912967674366023
4322,27.266172681446218
4323,27.483342431750195
4324,27.531690036400587
4325,27.643233285684314
4326,27.7904584791392
4327,28.11139954021257
4328,28.481310038950543
4329,28.71221324695197
4330,28.830838037712894
4331,28.854903929385316
4332,28.875841255140323
4333,28.893714532990142
4334,28.88505273546037
4335,28.61199709253714
4336,28.095334034672305
4337,27.445186926972706
4338,26.903809513974423
4339,26.494738400836173
4340,26.161630805069752
4341,25.78696886123429
4342,25.314022279374218
4343,24.620142262251512
4344,23.942869275858996
4345,23.41049857157033
4346,22.933445242481312
4347,22.363871884291015
4348,21.56570926518812
4349,20.664900334572128
4350,19.71853249897885
4351,18.6376518862484
4352,17.44395006760917
4353,16.327689289267095
4354,15.258292424911621
4355,14.174831651434115
4356,13.164261646949155
4357,12.338507558799035
4358,11.68327662294077
4359,11.053762240104225
4360,10.37751053624978
4361,9.662000487026637
4362,8.906640789279084
4363,8.11239510674313
4364,7.287734216542813
4365,6.551947178970358
4366,6.024586471216516
4367,5.730043718745037
4368,5.657962314704649
4369,5.748509172333253
4370,5.880958503814038
4371,5.942737086227171
4372,6.141330149516715
4373,6.5106490756650715
4374,7.026750651091282
4375,7.632312193017618
4376,8.204856654914439
4377,8.748957282540237
4378,9.253483953444459
4379,9.708899037004539
4380,10.038329582746215
4381,10.320242583140224
4382,10.613723188320236
4383,11.097183557392222
4384,11.741600579501274
4385,12.39926869815239
4386,12.959135965483668
4387,13.475751970267186
4388,13.96876112437591
4389,14.397679088450499
4390,14.962692654790313
4391,15.659821855435446
4392,16.375913284142804
4393,17.05252661169889
4394,17.782572713821402
4395,18.425943534256948
4396,18.904533639225203
4397,19.278525481563662
4398,19.444552924603624
4399,19.597263124495505
4400,19.790337026753246
4401,20.020225242516553
4402,20.110882323277085
4403,20.07316002162789
4404,19.994213636988984
4405,19.837380845475224
4406,19.701925790650176
4407,19.636745846699622
4408,19.590431778174565
4409,19.44264911906562
4410,19.364229176235085
4411,19.36135657043041
4412,19.33370567292123
4413,19.440811368989596
4414,19.63547862042887
4415,19.827146248325086
4416,19.922740449669927
4417,19.82993337148332
4418,19.528936844341686
4419,19.00793842466622
4420,18.28864621913782
4421,17.48623264472001
4422,16.50782843828675
4423,15.352797179079605
4424,14.21613579783144
4425,13.110769776346194
4426,12.185496447522212
4427,11.664379573767466
4428,11.473267918047869
4429,11.261371966217029
4430,11.058187872294374
4431,10.71890939916231
4432,10.30823530138742
4433,10.100146045999852
4434,10.099284154909137
4435,10.153248875239221
4436,10.186285619239927
4437,10.175206709541085
4438,10.168575047587712
4439,10.109671929884023
4440,9.846235170732399
4441,9.498019735512846
4442,9.379410161024765
4443,9.405845626627544
4444,9.50094919462671
4445,9.636096551519154
4446,9.75367475201558
4447,10.220571485617306
4448,10.989401506666848
4449,11.752225295639057
4450,12.626274505147219
4451,13.776375457614913
4452,15.147313773891364
4453,16.59065456992956
4454,17.79604004641376
4455,18.748227671236045
4456,19.406475586966902
4457,19.869680668883472
4458,20.226305676160298
4459,20.47550677772054
4460,20.578053155180807
4461,20.476188657757838
4462,20.321797000652012
4463,20.050076309831397
4464,19.585139871213773
4465,19.152816297615608
4466,18.851695285425976
4467,18.69729433929436
4468,18.603618989490272
4469,18.521715699116747
4470,18.532100845840947
4471,18.837112122669247
4472,19.10337093543797
4473,19.313423245813862
4474,19.467323722406686
4475,19.57864042577057
4476,19.64429329313616
4477,19.66947103822976
4478,19.67013558817487
4479,19.70140213705956
4480,19.738081664340182
4481,19.6049323577805
4482,19.13369196469259
4483,18.279242292416562
4484,17.343341367099782
4485,16.443422520620484
4486,15.505111969463234
4487,14.643225691932903
4488,13.873928025868324
4489,13.408119352817474
4490,13.160724116460102
4491,13.035650289601016
4492,12.786752590263353
4493,12.552065219906561
4494,12.374507377477064
4495,12.212930999644621
4496,12.031627771145285
4497,11.855116858966495
4498,11.739141312813974
4499,11.739570144015937
4500,11.957766201149282
4501,12.372585992275814
4502,12.913358702444917
4503,13.383830960292036
4504,13.808848701483369
4505,14.078916823764612
4506,14.218721918834111
4507,14.097523807707045
4508,13.785455274392223
4509,13.47315218135762
4510,13.138939671679703
4511,12.660893351803507
4512,12.473339717553698
4513,12.459783166523254
4514,12.782342074580562
4515,13.393181337299374
4516,14.151426198487048
4517,14.94498064231864
4518,15.616769963056404
4519,16.310792083371986
4520,16.94870169616846
4521,17.671422817454165
4522,18.090083879372067
4523,18.191223827707997
4524,18.105750478705637
4525,17.851605390476696
4526,17.4369447624704
4527,17.016010072346422
4528,16.62489643803319
4529,16.185778844574497
4530,15.672230923265293
4531,15.007384241379329
4532,14.178145184880687
4533,13.1998626345427
4534,12.135720054187104
4535,11.001099059399086
4536,9.79512851918302
4537,8.615070003281529
4538,7.680697093061039
4539,7.035812265673586
4540,6.680700288437539
4541,6.423589926494108
4542,6.183324479370986
4543,6.063810161607177
4544,6.254557395192232
4545,6.609186368789802
4546,7.198605007076911
4547,7.902595027692938
4548,8.32337416259318
4549,8.528289109631995
4550,8.736920101784962
4551,9.073966918590195
4552,9.463609310674167
4553,9.785769834965848
4554,10.060766162695574
4555,10.420371681322509
4556,10.81982392684759
4557,11.08080178375343
4558,11.166668929826187
4559,11.143598126089223
4560,11.123526526838063
4561,11.158559849299353
4562,11.436064580191324
4563,12.014918653953018
4564,12.593121638216497
4565,12.960092011026394
4566,13.242185440341808
4567,13.448081080932894
4568,13.57362697413755
4569,13.630875811990986
4570,13.626986912045632
4571,13.497049032121502
4572,13.301499003441396
4573,13.18689667618614
4574,13.144526773468067
4575,13.241101057733943
4576,13.588583302061561
4577,13.970489748565257
4578,14.247959641201
4579,14.58874007209047
4580,14.953617263739096
4581,15.174945145273803
4582,15.388087281559297
4583,15.581574106177982
4584,15.714607356074959
4585,15.739635040568128
4586,15.628543273015776
4587,15.618245395079839
4588,15.799247109096802
4589,16.13131353382911
4590,16.618025414410543
4591,17.24110803347361
4592,17.95811699424469
4593,18.682480428177097
4594,19.316249634592786
4595,19.81299841227758
4596,20.130486852544752
4597,20.400887684634462
4598,20.75574952849577
4599,21.14355962937859
4600,21.511924176685767
4601,21.865719532325194
4602,22.312995973367237
4603,22.78089314692658
4604,23.192346027061898
4605,23.516517291200827
4606,23.79350755053401
4607,23.95759762749112
4608,24.034027591760083
4609,23.98003764842902
4610,23.9161554065499
4611,23.838047485974467
4612,23.617449668364117
4613,23.329824066190557
4614,22.97802265249306
4615,22.55884727247112
4616,22.09323289639075
4617,21.688148389200826
4618,21.194522284750093
4619,20.606096462074643
4620,20.031021372726443
4621,19.525338513039834
4622,19.109166989825454
4623,18.655630232483837
4624,18.18488891297059
4625,17.94639392766529
4626,17.95549119542359
4627,18.069407584941786
4628,18.29104467542924
4629,18.549558417595385
4630,18.95896518026113
4631,19.37898711527387
4632,19.711083026780546
4633,20.028620159537248
4634,20.230058610229584
4635,20.34834983093702
4636,20.497060127572297
4637,20.552342140779928
4638,20.602533239176385
4639,20.65611190507845
4640,20.636966076671474
4641,20.533140023205135
4642,20.3782884037946
4643,20.22728184528017
4644,20.018833711875498
4645,19.654469398636376
4646,19.17560871880018
4647,18.573682335668106
4648,17.866563606255344
4649,17.07416744965341
4650,16.3951010704162
4651,15.946302123237652
4652,15.50745663794795
4653,15.080378016675875
4654,14.324580764384137
4655,13.243962844357524
4656,12.14826974226839
4657,11.301008045429727
4658,10.716256488206502
4659,10.39715788340965
4660,10.366839774517258
4661,10.4935210887792
4662,10.629813176197196
4663,10.801044617709708
4664,11.016264837270727
4665,11.316071295809571
4666,11.664850082739326
4667,12.172786465965249
4668,12.682565150736478
4669,13.354589836150595
4670,14.091349866643956
4671,14.806669033674464
4672,15.25487938995121
4673,15.284822201122461
4674,15.31087244684145
4675,15.10307716229872
4676,14.944272763248104
4677,15.064836720223834
4678,15.126466169114039
4679,15.093931571166557
4680,15.070193877496099
4681,15.103061221133801
4682,15.27374968926254
4683,15.492867434341393
4684,15.72642155495752
4685,15.592077487661532
4686,15.460377067637907
4687,15.381440988432425
4688,15.27943192761828
4689,15.189259447361014
4690,15.219918808112581
4691,15.103201025792048
4692,14.98404444144693
4693,14.908314467217327
4694,15.092003707938131
4695,15.347079717733958
4696,15.619128079101815
4697,15.748617612461302
4698,16.152565311673975
4699,16.762364821967342
4700,17.246724258995755
4701,17.575347067563452
4702,17.59491910786449
4703,17.316883299667673
4704,16.769788514507276
4705,15.980276662692159
4706,15.051323939997081
4707,14.118877133407036
4708,13.427723536934991
4709,13.05459779229371
4710,13.002078894499931
4711,13.193608515710483
4712,13.626749226867272
4713,13.995800701016188
4714,14.230357859335761
4715,14.400461456780041
4716,14.714111871878726
4717,15.091293686866093
4718,15.4736992749038
4719,15.838681535583294
4720,16.204046578139977
4721,16.70741835324838
4722,17.260369068179394
4723,17.751840425253878
4724,18.288980262341276
4725,18.81691272999705
4726,19.352643164333475
4727,19.845698245646698
4728,20.419886603382373
4729,20.96153773126639
4730,21.386059549168998
4731,21.755393530744268
4732,22.04711760127724
4733,22.40564960652806
4734,22.856419138219884
4735,23.16961564954684
4736,23.18022003651832
4737,23.013470134701905
4738,22.73400448997279
4739,22.3160080169774
4740,21.94746898980036
4741,21.727198171735594
4742,21.574536757271748
4743,21.52273052467161
4744,21.517363279860884
4745,21.353390710428183
4746,21.117630923112085
4747,21.010643641906054
4748,21.140646541683417
4749,21.225803012309946
4750,21.126712296735185
4751,21.09331231645035
4752,21.150408897408976
4753,21.261092412093763
4754,21.52457659329083
4755,21.928239049934895
4756,22.543738725519507
4757,23.17734625203012
4758,23.79185365775211
4759,24.459042274623688
4760,25.162983948954178
4761,25.88740432751823
4762,26.626506904433327
4763,27.403468872275127
4764,28.129476745203714
4765,28.670633273033552
4766,29.097434366051086
4767,29.29193185597024
4768,29.243627362310697
4769,28.862730568905743
4770,28.32630005694426
4771,27.744691878907894
4772,27.064610077696322
4773,26.445915523020837
4774,25.891044530015755
4775,25.437164594837427
4776,25.086043249049077
4777,24.869261897570038
4778,24.8046665582401
4779,24.664241373620328
4780,24.30873774012318
4781,23.70473492074456
4782,23.00335303954294
4783,22.36027837406618
4784,21.907281518705496
4785,21.752538392296913
4786,21.77137961635332
4787,21.796845241306176
4788,21.819000335015158
4789,21.809976728740853
4790,21.84107630209477
4791,21.83753545788517
4792,21.567007803892967
4793,21.25241295642015
4794,21.015708932611403
4795,20.90706837138754
4796,20.87723911345001
4797,20.714365168343853
4798,20.535988366842652
4799,20.292267417631013
4800,19.942154215917355
4801,19.620416481905355
4802,19.483471552534155
4803,19.357024426168408
4804,19.168903216296677
4805,18.814420057129063
4806,18.49619504654493
4807,18.47933496256141
4808,18.624388644357666
4809,18.68964154791576
4810,18.556424238938583
4811,18.2941025516484
4812,18.034331781911842
4813,17.89317619782114
4814,17.80415315149037
4815,17.720219359590946
4816,17.682574909872294
4817,17.65793210257842
4818,17.659895256616657
4819,17.691511286970883
4820,17.73827527704086
4821,17.93247682580107
4822,18.36510197245623
4823,18.955451527144085
4824,19.69602913464852
4825,20.52880595435708
4826,21.39905770146002
4827,22.188285469814385
4828,23.068765696991694
4829,24.052112110314376
4830,25.03531194007637
4831,25.814555770025414
4832,26.59620891487552
4833,27.361132452605105
4834,28.11892740520162
4835,28.922183498296977
4836,29.725323496279014
4837,30.463449541327215
4838,30.976530234574994
4839,31.18528722427638
4840,31.08083768615861
4841,30.937418161224603
4842,30.818239918102105
4843,30.691359049197256
4844,30.40031423211063
4845,30.147105241245267
4846,29.718443663754233
4847,29.171047636402594
4848,28.562881105199075
4849,28.026111768934925
4850,27.437477693644148
4851,26.878669428339037
4852,26.295572679544325
4853,25.76775913716003
4854,25.211512022679358
4855,24.466734044843573
4856,23.36135242455959
4857,22.14311465414513
4858,20.89028172871805
4859,19.7236650290012
4860,18.973827849414548
4861,18.46235138472892
4862,17.947132094525195
4863,17.477021205676014
4864,16.989164621433176
4865,16.45837344234745
4866,16.02412967171558
4867,15.622381113400218
4868,15.3331248459659
4869,15.175564603513774
4870,15.20326075700104
4871,15.370519474055055
4872,15.374795357194873
4873,15.050787738634277
4874,14.49091237558278
4875,13.712485815476434
4876,12.735467377223019
4877,11.589846297445769
4878,10.586144002884074
4879,10.063726071563918
4880,9.704248895082555
4881,9.366030102640222
4882,9.127952590994154
4883,8.913315994522293
4884,8.785520203626119
4885,8.924453302054335
4886,9.223230560213938
4887,9.453730634455296
4888,9.739617094826045
4889,10.2400163192508
4890,10.831927407249394
4891,11.448550339138041
4892,12.000421906304284
4893,12.554156051389931
4894,13.084067773136528
4895,13.619648304638623
4896,14.289768349743342
4897,15.020028499751838
4898,15.786591700071913
4899,16.503711601369417
4900,17.06462498015032
4901,17.553932983982783
4902,17.979630947317027
4903,18.54329357254113
4904,19.088107759507384
4905,19.62617140259132
4906,20.16033558316498
4907,20.772257489108956
4908,21.234044527098035
4909,21.578940605301092
4910,21.900931847967247
4911,22.12223644196791
4912,22.3081784567406
4913,22.481297013978033
4914,22.64842391054055
4915,22.71249661432551
4916,22.514571779469268
4917,22.176430139200903
4918,21.73605216461779
4919,21.27174162946809
4920,20.842726961205123
4921,20.490871733511984
4922,20.223245743001815
4923,19.899321841531112
4924,19.587227871695646
4925,19.38153484920337
4926,19.126787610200868
4927,18.712808619065555
4928,18.110056130822592
4929,17.57373765966093
4930,17.07352799886977
4931,16.60111417998507
4932,16.15391318223023
4933,15.728710466641097
4934,15.32160915002635
4935,14.91685173488539
4936,14.507664054912821
4937,14.152915056510388
4938,13.769889568709777
4939,13.523734653651728
4940,13.3773564067163
4941,13.249905449357824
4942,13.269850927154977
4943,13.361986336468235
4944,13.404955396181713
4945,13.554343181877567
4946,13.49439269112557
4947,13.19273669772853
4948,13.012942932986714
4949,12.810639512226158
4950,12.583048192271981
4951,12.242888531000816
4952,12.021606801734505
4953,11.983838432338425
4954,12.073902163738156
4955,12.3591414053446
4956,12.713729385121633
4957,12.971531414664646
4958,13.189029565230285
4959,13.37825295622239
4960,13.453581099429547
4961,13.453812515402102
4962,13.364770939091608
4963,13.170216405106876
4964,12.844590840947273
4965,12.347911635941687
4966,11.84490814429929
4967,11.404070836736532
4968,11.101804752537445
4969,10.991260635642792
4970,10.861415316994194
4971,10.63589751691881
4972,10.39123052428805
4973,10.130236498387676
4974,9.954479802642389
4975,9.991533669315672
4976,10.152977251957989
4977,10.325489749121953
4978,10.543272816849914
4979,10.972333745162286
4980,11.313492181592704
4981,11.410569232261208
4982,11.41357255398195
4983,11.463971817542737
4984,11.543089938386464
4985,11.690736415686171
4986,11.808873969188578
4987,11.890196420309783
4988,11.940713846948885
4989,11.966920351087534
4990,11.966769945075281
4991,11.945898372674678
4992,11.928084604228639
4993,11.943562266409856
4994,12.00283104812834
4995,12.139513363442461
4996,12.488502096692145
4997,12.823678242969718
4998,13.075526566701836
4999,13.244470153020437
