,0
0,485.4761766191973
1,898.2318636995964
2,1249.3177775574204
3,1548.6884560685999
4,1805.0012314101398
5,2025.6833339078228
6,2215.4025878950442
7,2382.9058440960075
8,2528.0488199807273
9,2652.944494928042
10,2760.928050227883
11,2853.9046981618026
12,2933.0905868003974
13,3001.2728176551404
14,3057.253439076393
15,3102.7613408066495
16,3139.153634884326
17,3165.2386447152044
18,3181.60700883078
19,3187.931172942585
20,3187.2897516592006
21,3182.2998824228985
22,3175.3106734487114
23,3167.1182793510575
24,3156.9053238124343
25,3144.0611913336857
26,3128.990151397999
27,3112.1586058833905
28,3096.013489295764
29,3080.5480053530528
30,3065.759095978098
31,3054.0029549943397
32,3045.0292532082813
33,3040.2552069992876
34,3037.202239625453
35,3035.5269871884157
36,3039.0050097228655
37,3045.1082730125217
38,3053.8280542402736
39,3064.726975432236
40,3083.212013570972
41,3102.4733091740695
42,3123.1660389935428
43,3144.2902640917014
44,3165.8345700052887
45,3189.7250403163516
46,3212.965663809228
47,3238.3394555261516
48,3266.370299350765
49,3297.153049577726
50,3329.0633019895217
51,3362.552192807004
52,3400.0158815451264
53,3437.029476972015
54,3472.0813230763747
55,3505.5115789526913
56,3535.3781485237973
57,3561.3620640506592
58,3580.7175358929894
59,3591.179864341789
60,3593.1319369032935
61,3586.1037059794935
62,3572.8340111289017
63,3552.459495437018
64,3523.834551038307
65,3493.060134206317
66,3461.2072412661732
67,3429.21271699358
68,3397.493565089964
69,3366.478797261528
70,3335.3777719682766
71,3306.2408453046614
72,3279.656422896732
73,3257.017409943025
74,3240.1169606578464
75,3226.252527836624
76,3216.7016906050444
77,3214.351493887283
78,3212.1748103644736
79,3213.6147307229535
80,3218.0376394839295
81,3225.190395206431
82,3232.3546387110937
83,3240.1062305713235
84,3250.336718638613
85,3262.552060297553
86,3274.3282827341704
87,3284.439233058731
88,3296.110590094153
89,3303.027980741741
90,3307.0255862189897
91,3309.77842651538
92,3310.535972273178
93,3312.127465700917
94,3314.075128076923
95,3316.6997344611113
96,3321.3896388676376
97,3325.785307314361
98,3331.3823066325854
99,3339.083524823989
100,3345.321308861141
101,3350.615912065107
102,3355.9538740459698
103,3358.2749819698784
104,3360.0339926092915
105,3360.648033173878
106,3360.024800038638
107,3358.182835714098
108,3356.1377788721775
109,3354.2723630166224
110,3356.6860371459807
111,3363.433960376017
112,3375.541632335887
113,3394.241638531262
114,3410.5106439212386
115,3433.467562230236
116,3463.094666703846
117,3500.007625638013
118,3543.156427727907
119,3591.705590280522
120,3646.1765052158253
121,3705.135737337147
122,3765.1039560204663
123,3825.353819039587
124,3885.847874232276
125,3945.62866482342
126,4005.8519919370137
127,4065.91664055588
128,4126.6224285010385
129,4184.349394380054
130,4237.798898630632
131,4289.59339938458
132,4339.583221139075
133,4387.176257434349
134,4432.946387699304
135,4479.972405419367
136,4524.517020084581
137,4567.733923760985
138,4609.275026390131
139,4651.509833506121
140,4691.51605078498
141,4729.90935249886
142,4766.266431388838
143,4802.376775681751
144,4838.475558621982
145,4873.1833398307135
146,4905.60735096619
147,4938.393147447254
148,4968.836713022883
149,4997.102183645464
150,5022.9826516746825
151,5047.951109822483
152,5071.786035249129
153,5092.62039021809
154,5109.861565687189
155,5122.830762167999
156,5131.191470722129
157,5135.835670823204
158,5134.49253805672
159,5129.181410129769
160,5118.867922037893
161,5104.3814848016955
162,5087.2125302345075
163,5066.737818522551
164,5044.512008166216
165,5019.707582699918
166,4989.997753746122
167,4954.554472351342
168,4912.997689957805
169,4865.345655042147
170,4810.63232829089
171,4763.031734017295
172,4708.0630712650955
173,4647.720331538087
174,4583.060635155971
175,4515.377291186798
176,4447.302493066751
177,4378.0627938971475
178,4308.745061877333
179,4239.760303744686
180,4170.779195808208
181,4101.899539928947
182,4033.21140147533
183,3964.863339236654
184,3896.7112674396685
185,3830.3575947279433
186,3765.3243106799246
187,3700.698200768307
188,3637.201291100183
189,3574.383049976831
190,3513.320493755077
191,3454.0639868616404
192,3398.1802182721103
193,3346.8009269307126
194,3296.749307793139
195,3250.469170450315
196,3207.13691240006
197,3167.920578032803
198,3132.2225624684156
199,3100.493610738352
200,3073.2746165205526
201,3049.227837148591
202,3028.8046030919027
203,3011.473060615201
204,2997.482643391885
205,2986.142037705289
206,2978.469728059565
207,2974.6313358744596
208,2973.6386364934247
209,2974.9831925112035
210,2978.499194976288
211,2984.694424876512
212,2992.7131686935236
213,3003.767751288042
214,3019.9432204953964
215,3039.8575502372587
216,3065.457015458025
217,3096.8353464292277
218,3132.3658489696886
219,3173.6737535117513
220,3220.3920640148226
221,3273.492554880279
222,3332.352570175103
223,3396.3170534978262
224,3464.1516077723704
225,3535.3748500995434
226,3608.9085061049077
227,3684.0657958466663
228,3749.452637921996
229,3819.040937060482
230,3888.2593903186403
231,3956.1920263295447
232,4021.0584611417553
233,4083.9598864278887
234,4142.548232413858
235,4197.060689913065
236,4246.826275716423
237,4292.628915920735
238,4336.04455867543
239,4375.643962368135
240,4410.913014174437
241,4443.767497172683
242,4473.953841068243
243,4501.243614601136
244,4528.167676252568
245,4554.92612664261
246,4582.949602538036
247,4611.438267411749
248,4638.663163128977
249,4663.753050282456
250,4687.06368245666
251,4708.694686994836
252,4727.681856801162
253,4744.592236264709
254,4760.744525145342
255,4778.496773482401
256,4797.962185317902
257,4816.335849652204
258,4829.419621903416
259,4839.737950376499
260,4848.117579809818
261,4851.736576916653
262,4854.457216244192
263,4857.317656885482
264,4859.619567338083
265,4862.694312888952
266,4865.797845036789
267,4866.253923457912
268,4863.877600972845
269,4857.292854619514
270,4847.899652234938
271,4832.192705266576
272,4811.570064588192
273,4784.8693837960955
274,4752.571210771284
275,4715.047678476768
276,4671.772714896771
277,4625.091225404553
278,4576.179421913193
279,4526.707637587878
280,4472.8901246292535
281,4418.604972740501
282,4367.119390706508
283,4317.976477275784
284,4273.5326272455
285,4234.866477719153
286,4202.436753940919
287,4174.350836922056
288,4148.883694772462
289,4128.510966558427
290,4112.821568635466
291,4100.283884858645
292,4091.0735837729126
293,4082.6451259621936
294,4075.9126115434924
295,4070.754678585177
296,4069.2940684483274
297,4071.9154117713797
298,4078.8380039474205
299,4088.6952151606624
300,4100.239797154818
301,4115.742787746672
302,4133.368209563117
303,4156.627434754755
304,4182.244693251922
305,4210.006622382043
306,4241.347182192917
307,4271.487191618652
308,4301.479500605029
309,4329.466518762833
310,4356.375579567648
311,4382.977521241971
312,4409.541795486991
313,4439.3076587992755
314,4470.494856758107
315,4502.47838533346
316,4537.076839975132
317,4570.861504858759
318,4604.700227898171
319,4636.3740485906455
320,4666.3929060160635
321,4698.503392637339
322,4729.9498933426885
323,4758.476895000439
324,4785.999041634226
325,4814.065331800942
326,4839.805080817781
327,4864.600204656107
328,4888.341600689471
329,4910.354269965619
330,4931.6071953941755
331,4952.119723524763
332,4971.735526343813
333,4987.7893829615505
334,5001.704797927934
335,5015.045003923798
336,5025.641514006877
337,5034.1706052833015
338,5041.126885112155
339,5042.602113365916
340,5041.012494170903
341,5035.70524757052
342,5031.087943028188
343,5021.084072898376
344,5011.169975711823
345,5001.933100861431
346,4992.038279521436
347,4985.475853290934
348,4982.569608801407
349,4984.2817152889775
350,4989.377794600879
351,4996.69031958598
352,5004.989701761357
353,5012.503228046146
354,5018.666346305234
355,5024.683477374506
356,5031.034855931515
357,5034.1953922168805
358,5032.265401695457
359,5027.625969858519
360,5020.893596545722
361,5012.306437555773
362,5002.430645235665
363,4990.9383520333
364,4979.863206676922
365,4965.116927460157
366,4949.44089626337
367,4933.586508243136
368,4914.4895691805195
369,4894.696209242628
370,4873.052992710728
371,4851.024193548683
372,4827.104997939182
373,4802.694181911634
374,4777.5523365225945
375,4749.396912524969
376,4718.758293453663
377,4685.162019052186
378,4650.58191778627
379,4613.3756230655135
380,4575.325745652941
381,4535.293307229706
382,4495.167448170242
383,4453.554197565188
384,4412.839160560119
385,4373.31838758284
386,4333.99053658063
387,4293.54739360758
388,4254.295998811084
389,4216.630778986869
390,4181.867842277565
391,4149.194366117807
392,4118.4260968538465
393,4089.3506073022345
394,4062.7684160521494
395,4036.6986135139364
396,4006.669136472778
397,3973.304048631608
398,3934.369890145283
399,3900.49717226218
400,3861.6354641918606
401,3819.0941786249487
402,3773.5854317916132
403,3727.199254099572
404,3680.120931517452
405,3635.199593073279
406,3590.914489945012
407,3549.1494935410233
408,3507.289689631647
409,3467.2932467618343
410,3429.6237054915127
411,3397.1430062340337
412,3370.6903998479634
413,3348.369579766822
414,3332.2013600677556
415,3321.154659674667
416,3314.7616652659954
417,3312.8033344573555
418,3314.4002938193025
419,3316.045879263852
420,3317.3884700731687
421,3320.254844088725
422,3327.6572274147893
423,3335.744266281202
424,3347.470302085019
425,3364.165934678185
426,3384.265929631205
427,3404.7439435004408
428,3425.8942219012283
429,3448.245470462412
430,3470.1597853886988
431,3494.708365991193
432,3519.2798437516813
433,3541.641610364087
434,3567.1592389410494
435,3590.63732036019
436,3615.425718812142
437,3640.265907768665
438,3666.074517006723
439,3691.826345371915
440,3715.189026919265
441,3740.01090512087
442,3761.961826174568
443,3783.250705309614
444,3802.6231500382414
445,3822.3418305561027
446,3840.731969733682
447,3855.5257166129795
448,3868.37789327432
449,3883.808490530929
450,3899.516425803286
451,3913.880421071567
452,3927.5328582910975
453,3937.1917924736226
454,3944.218836816701
455,3949.7818033914114
456,3954.62158431141
457,3955.650409686172
458,3954.3685028971536
459,3951.5650265357067
460,3947.2104017438405
461,3940.6059937509
462,3931.069499357619
463,3919.8669643794537
464,3906.4705595323803
465,3891.9480145350412
466,3874.360209516203
467,3853.5324043008054
468,3830.744184661049
469,3805.8364504246824
470,3777.4461662626286
471,3748.4447645159617
472,3718.1046925349697
473,3687.976803747297
474,3657.093380551788
475,3626.733377691974
476,3593.6555593449493
477,3561.1393294005516
478,3529.885441038043
479,3501.9686503468197
480,3478.053529340066
481,3455.131610098767
482,3432.263817201868
483,3410.452749051952
484,3389.3957047996064
485,3369.3144340111653
486,3352.13244592497
487,3336.9969861324976
488,3326.4242781668577
489,3320.0866652586433
490,3316.8872131038725
491,3316.5623326102777
492,3316.9713427962306
493,3315.8951339885707
494,3317.867862322003
495,3320.108830743456
496,3322.543152818741
497,3325.478812324725
498,3332.758631961709
499,3343.635570585324
500,3359.728110467088
501,3377.349275788173
502,3396.8035661528866
503,3419.569494517764
504,3447.9120935194924
505,3478.2386240004075
506,3510.776772284084
507,3545.345587507796
508,3581.000845146857
509,3618.288325358741
510,3654.252661811761
511,3689.0553688112823
512,3722.1514468454207
513,3750.9450347351208
514,3780.5622120065264
515,3806.7889819707125
516,3832.978013959865
517,3856.197692195846
518,3877.4187977690576
519,3896.050894966973
520,3910.194540068297
521,3922.2812379081597
522,3935.015581250649
523,3949.8400690529543
524,3965.3170604966867
525,3981.51511467549
526,4000.389475350393
527,4020.518048579234
528,4038.468742851598
529,4055.519963783339
530,4072.2116035666136
531,4087.327968216831
532,4103.662084734795
533,4122.409126359319
534,4141.576517774332
535,4163.3107103080665
536,4187.679500941045
537,4213.944112743634
538,4241.698255563044
539,4267.791128969015
540,4291.357491065388
541,4312.080177304278
542,4331.2814602201615
543,4343.9560486173195
544,4355.3366731797205
545,4364.817143125321
546,4372.647216440429
547,4379.016877455024
548,4383.362413187983
549,4385.11348839722
550,4385.857739807783
551,4385.322598404358
552,4383.955835856075
553,4382.6033229309105
554,4381.96317142758
555,4381.956230973898
556,4376.617784763738
557,4368.539277170886
558,4356.641134485467
559,4339.081695872086
560,4318.853741475727
561,4296.077396245635
562,4270.913696413961
563,4245.334560517108
564,4215.794257215425
565,4184.1538817594865
566,4151.397294491613
567,4118.828819515082
568,4083.674163104596
569,4048.889143421035
570,4018.6261762963363
571,3990.5519701258295
572,3966.224668400654
573,3944.5778341629343
574,3923.7032707217013
575,3906.6326482775276
576,3891.424638801469
577,3877.5100224842317
578,3862.7707940857345
579,3846.989236369286
580,3831.3642125409333
581,3817.725165807914
582,3802.7434815807633
583,3787.2953977955394
584,3771.3368168632646
585,3756.4298360049747
586,3737.921410293782
587,3718.1532765468437
588,3697.0863243573467
589,3676.5095813638886
590,3657.4906913889113
591,3639.7166752880075
592,3624.0932331970475
593,3610.3302841944014
594,3599.9489683430406
595,3594.901851545423
596,3594.8774289715548
597,3598.0605974076175
598,3603.323676316253
599,3612.2272489353963
600,3623.792040996712
601,3636.926735716462
602,3650.0877775342688
603,3663.4692089742884
604,3676.363583728749
605,3689.532789895162
606,3700.842816150396
607,3711.7092451379667
608,3722.458157893166
609,3734.656748946944
610,3748.334652941041
611,3762.852915040753
612,3777.622084498577
613,3791.4025864582213
614,3806.8509358909746
615,3823.2408512562697
616,3839.9903470674217
617,3857.0474256646876
618,3872.5579238324003
619,3890.201759683011
620,3910.941852125088
621,3930.3634483654932
622,3948.3222958919623
623,3963.1251762046672
624,3973.6900539574726
625,3983.6305764948934
626,3992.858723482577
627,4000.8872113618622
628,4008.391819018621
629,4016.247939947925
630,4023.012495516142
631,4033.3460872746973
632,4046.9169389450944
633,4064.825212337953
634,4087.9156649888987
635,4113.36333147601
636,4142.031888532437
637,4174.073200042338
638,4207.367963270487
639,4242.040476237112
640,4277.591807669013
641,4314.834375296596
642,4353.263248173213
643,4392.575539078191
644,4429.672682599695
645,4467.329721172112
646,4501.708978617336
647,4532.229941909571
648,4559.895479435093
649,4580.898235255068
650,4600.665386260321
651,4618.662560062906
652,4631.941057343504
653,4641.095533609431
654,4646.186546286303
655,4649.700641818489
656,4648.840154898309
657,4646.604704662864
658,4642.918806249626
659,4637.918596587152
660,4633.541384308898
661,4625.883741708953
662,4615.596992588403
663,4603.172423093906
664,4590.279286340048
665,4576.341838385254
666,4563.063677775008
667,4551.64083740976
668,4539.093481242064
669,4527.394829042331
670,4516.001734373573
671,4504.447880098046
672,4494.440603074089
673,4485.886167162997
674,4480.952270832079
675,4481.387763534119
676,4486.2239508001
677,4498.165370872413
678,4514.368121800894
679,4533.393895214565
680,4553.461966514988
681,4573.838853737742
682,4592.715767680258
683,4608.591168987981
684,4622.4027681257
685,4632.984880289416
686,4642.426118510089
687,4646.5699170556345
688,4644.77710113174
689,4635.809599758281
690,4618.788680336918
691,4594.465850474853
692,4562.981171450264
693,4524.727041610865
694,4483.179205527738
695,4438.654741390355
696,4389.985241788132
697,4339.41829235751
698,4286.54217971799
699,4234.115695074643
700,4182.011600805212
701,4132.416824992937
702,4087.783734547
703,4049.0161885036887
704,4014.9773931233062
705,3983.3654481038902
706,3955.4794320431997
707,3931.5049759423805
708,3910.9746893271595
709,3895.1027550630047
710,3883.43390213709
711,3877.679034038954
712,3874.0101991993006
713,3873.559563470437
714,3875.525785079625
715,3876.030817375275
716,3880.0366261646336
717,3883.817760977451
718,3888.2655417418473
719,3896.2026725476676
720,3908.790926861612
721,3924.083300712351
722,3938.7091634977705
723,3951.9386989379473
724,3961.8475754233823
725,3969.5102836925407
726,3974.3248240794665
727,3976.6089021045427
728,3978.1961978351756
729,3978.374388370648
730,3979.485836396725
731,3981.7115073383206
732,3979.8415296209664
733,3976.5230200791807
734,3970.6513184154496
735,3960.3629149194117
736,3947.9935615137633
737,3937.8395220504794
738,3927.3183298105096
739,3924.329137426949
740,3929.948815877219
741,3934.8379361289535
742,3949.0336400964534
743,3971.8131680346696
744,3999.7248345414414
745,4029.510427945731
746,4060.8767722358407
747,4091.169286242334
748,4119.668975612114
749,4145.4891376720925
750,4172.095723180364
751,4198.035623076876
752,4223.987638276841
753,4248.531559059771
754,4270.972747066482
755,4293.467893372583
756,4314.7590489842305
757,4335.651331982689
758,4354.588236251682
759,4372.822790709051
760,4389.51163942154
761,4403.971905536497
762,4414.791877530672
763,4420.658826363058
764,4424.717154844122
765,4423.514314021388
766,4417.335132660752
767,4408.313366066317
768,4396.423481323684
769,4380.4514096257435
770,4362.806031151919
771,4340.9109134184
772,4316.91013491934
773,4293.621562819659
774,4273.61674363518
775,4254.561968231369
776,4236.988213857439
777,4220.623442302327
778,4207.107187795682
779,4195.875754255661
780,4184.784030261095
781,4175.040407798742
782,4167.623176255372
783,4161.419379262863
784,4156.780431497852
785,4155.149547254154
786,4154.911382778897
787,4156.214712023494
788,4157.745830176572
789,4159.429189806876
790,4158.43201733231
791,4156.2328830720435
792,4154.3393230431875
793,4153.726665797357
794,4153.351996924842
795,4155.274897487064
796,4160.252234400133
797,4169.76412617617
798,4178.039472021324
799,4189.754596125184
800,4201.924720368486
801,4213.742832997343
802,4225.905684239044
803,4234.178646441404
804,4241.0178750320865
805,4244.455476167171
806,4243.227870606598
807,4239.0659498356745
808,4234.414533893635
809,4227.9133961113475
810,4221.532445416767
811,4215.526772148902
812,4209.526528451034
813,4205.688096399696
814,4202.010270159701
815,4200.448756745163
816,4202.062241555801
817,4206.7974431879775
818,4217.050937711844
819,4230.4685068572035
820,4245.321106436407
821,4262.270494380491
822,4284.428999136274
823,4305.789721585849
824,4329.587580506133
825,4353.543988923675
826,4375.567673170783
827,4394.93510096935
828,4411.102249219812
829,4425.44836214185
830,4437.78581684896
831,4447.281775342832
832,4455.249696026509
833,4462.500831561892
834,4466.087313692637
835,4466.2554206652
836,4462.929076585683
837,4455.267992695893
838,4445.41554436657
839,4432.2026679741775
840,4417.452871718706
841,4403.500514656169
842,4389.864090136017
843,4376.6491033406855
844,4365.094518600811
845,4355.50425750165
846,4344.476545409601
847,4332.880696401282
848,4318.6653347435185
849,4303.527842933707
850,4288.598589323535
851,4276.694130914926
852,4269.36771003509
853,4265.993038337144
854,4268.685231583302
855,4271.02743970746
856,4278.735734887587
857,4291.215312563316
858,4305.653029557853
859,4321.21295843076
860,4336.208411983037
861,4349.458347763054
862,4359.708556625584
863,4368.15865669839
864,4376.729973835285
865,4384.603773237219
866,4389.783376591574
867,4392.315186384785
868,4392.077595670002
869,4388.986780987863
870,4385.9254977220835
871,4377.3681160962315
872,4364.559539972062
873,4349.505867994961
874,4329.868689695568
875,4311.345043173913
876,4292.120788229283
877,4272.214054434546
878,4250.902146301777
879,4231.886967857146
880,4213.689767779919
881,4196.719521653165
882,4183.36334789863
883,4172.345955521942
884,4162.974061444629
885,4154.052112150955
886,4144.217546925791
887,4136.042389749712
888,4130.151869252174
889,4124.441983842345
890,4120.514192333442
891,4117.3898398963065
892,4115.46411972687
893,4114.11047332003
894,4110.156862115756
895,4104.963363841701
896,4101.608090452148
897,4097.502112841113
898,4092.5355136272624
899,4084.6369702721217
900,4073.7008750960294
901,4062.588611157405
902,4048.2413557143723
903,4033.6247014184196
904,4020.115994082662
905,4006.208412390554
906,3993.188085805731
907,3978.9077092885905
908,3965.7716513705113
909,3955.1326869506793
910,3948.5067058136874
911,3947.5971093348026
912,3946.8057603981733
913,3951.1878258004413
914,3960.9856783685213
915,3973.6925327674744
916,3991.5541610850523
917,4016.428395027929
918,4047.307110824691
919,4083.7166364628533
920,4123.9197893517785
921,4166.504965203512
922,4212.436001228354
923,4260.971303245082
924,4308.327937272889
925,4355.453052440007
926,4399.847786120493
927,4442.206039612533
928,4480.032719334735
929,4515.384796076201
930,4545.03292038226
931,4569.870095782895
932,4588.922049142181
933,4603.213322134229
934,4615.8166598810185
935,4626.019779738953
936,4631.737358103728
937,4635.168624867299
938,4637.33652250545
939,4638.652121632722
940,4637.494670640609
941,4635.5372473100315
942,4632.228560024119
943,4629.161587758249
944,4621.804670194038
945,4613.7464843194575
946,4603.990251545329
947,4593.574805969184
948,4580.473554945694
949,4566.444669518197
950,4553.465623043431
951,4539.373127893638
952,4525.649767952572
953,4512.3925579328015
954,4499.297357575018
955,4485.510872227123
956,4471.4201155536575
957,4455.796163142475
958,4439.4824065903085
959,4423.075873263472
960,4406.367675948433
961,4388.451966894313
962,4368.992438629103
963,4351.828021203274
964,4333.188997686181
965,4313.838720477446
966,4291.724494692018
967,4266.58708404684
968,4236.60767238023
969,4210.525584230279
970,4181.183822621832
971,4147.72372791478
972,4111.140836862969
973,4071.5580025114787
974,4027.820977453096
975,3978.9691909155517
976,3926.629360761107
977,3870.9731346667486
978,3816.064064181793
979,3763.048292613362
980,3712.501683153126
981,3665.9991103225084
982,3622.2777532600026
983,3583.067625454821
984,3546.022745313652
985,3512.7130595829167
986,3481.053677360091
987,3451.66616720697
988,3425.5702810176817
989,3403.194977084305
990,3384.4666966677837
991,3368.5804349642335
992,3354.9475769187056
993,3343.9369642874594
994,3336.3224026628973
995,3331.9868941690656
996,3332.6739230205367
997,3336.953085963689
998,3343.3826472945175
999,3352.5762773879237
1000,3364.2926725403686
1001,3382.0493297007056
1002,3403.6109882681308
1003,3428.2226546004695
1004,3455.420549423224
1005,3485.830118758278
1006,3517.077222990888
1007,3549.617731672055
1008,3583.624330644456
1009,3616.809413299178
1010,3651.520860891171
1011,3686.976256443625
1012,3722.776342497862
1013,3758.4677133977525
1014,3791.4402754619186
1015,3822.7961552044144
1016,3851.1941423629096
1017,3876.528449168624
1018,3898.0796471922313
1019,3916.7017376810472
1020,3932.2444562679193
1021,3946.6629664478155
1022,3957.1410845376054
1023,3963.9596776440244
1024,3969.1588363709357
1025,3970.7007795750746
1026,3972.042270162676
1027,3971.8216367224354
1028,3971.211472889479
1029,3970.6498305423847
1030,3972.0139367794254
1031,3974.2057365934625
1032,3977.8299843014634
1033,3982.4631417402425
1034,3987.2567107493114
1035,3993.9492081196
1036,4001.1020474199363
1037,4010.2049721933813
1038,4020.4883324676616
1039,4031.8314468361295
1040,4042.6948070180924
1041,4051.9478463743603
1042,4058.6364481140095
1043,4064.1680053881896
1044,4066.139877702226
1045,4064.375455197861
1046,4060.1431975546216
1047,4053.8676237664426
1048,4043.3102609558064
1049,4028.7530662805602
1050,4010.393695206686
1051,3987.2150389945778
1052,3962.354826833071
1053,3934.5261055868405
1054,3904.9069842538474
1055,3875.1270834387983
1056,3843.6024997657773
1057,3812.1037006286842
1058,3779.6723094542376
1059,3748.5696604839213
1060,3719.0877843932835
1061,3691.9654823419223
1062,3666.090834763901
1063,3639.6532387268985
1064,3615.3127920938346
1065,3592.883698377592
1066,3572.2667216395807
1067,3552.626954772123
1068,3534.7054371169447
1069,3520.893154004454
1070,3509.830163155209
1071,3502.530798195613
1072,3499.9496449809135
1073,3503.3701329159335
1074,3511.4879638435464
1075,3525.7621293917455
1076,3547.1053423337407
1077,3575.26582429309
1078,3609.899042409519
1079,3649.2229761511985
1080,3691.4857545237287
1081,3735.27423934807
1082,3778.8279558747654
1083,3816.71968925299
1084,3855.178593690244
1085,3894.708249000006
1086,3935.52779534405
1087,3978.6272371624223
1088,4025.0836487730244
1089,4073.8520523048646
1090,4124.21203811537
1091,4176.057283234155
1092,4228.308857971286
1093,4282.440405660852
1094,4337.700294214618
1095,4394.826298467023
1096,4453.406678499464
1097,4513.7306124560855
1098,4574.988396241339
1099,4635.856413605634
1100,4698.097027206753
1101,4759.031393846423
1102,4818.501837497786
1103,4875.761018573666
1104,4929.445747256615
1105,4980.1317610882
1106,5027.607570991306
1107,5071.316322779503
1108,5113.202932118576
1109,5151.994296391068
1110,5186.464074012693
1111,5216.224449849916
1112,5241.79152845332
1113,5263.727996790838
1114,5283.015238530115
1115,5299.049725708879
1116,5310.73539463489
1117,5318.0632285169295
1118,5319.630455454257
1119,5318.401002388544
1120,5311.370516286484
1121,5298.895020562704
1122,5280.900866573345
1123,5257.138320496206
1124,5228.411988836099
1125,5195.825125916116
1126,5156.635623742173
1127,5111.767060045689
1128,5063.02966066423
1129,5009.762200784498
1130,4954.22710434047
1131,4897.755031211338
1132,4839.659243168752
1133,4778.389547057082
1134,4716.045397602585
1135,4650.641466154698
1136,4583.614852225153
1137,4514.31312803833
1138,4442.7645937028
1139,4369.47873453354
1140,4305.720037056284
1141,4238.844126547939
1142,4170.225913679982
1143,4099.63670783838
1144,4028.0053007990605
1145,3955.681190694533
1146,3885.643770979142
1147,3817.9646180903146
1148,3751.9872445895044
1149,3688.044547326032
1150,3627.8465999962273
1151,3570.64619819722
1152,3515.9030978107257
1153,3466.043365615091
1154,3420.852514474335
1155,3380.09686880075
1156,3345.861480715691
1157,3315.5469446568945
1158,3288.890266166646
1159,3264.140576938609
1160,3241.928998038005
1161,3223.1437946964265
1162,3207.3527958709915
1163,3194.8158514390057
1164,3185.440368137574
1165,3179.1713456874936
1166,3173.9506096379027
1167,3170.1880202963625
1168,3169.091495751365
1169,3170.639566246487
1170,3176.627716648673
1171,3186.1319708745104
1172,3198.5797257992576
1173,3213.322739350305
1174,3229.5923514632123
1175,3247.9737691573787
1176,3265.557262686309
1177,3283.991034808437
1178,3302.830832578275
1179,3320.728317467678
1180,3339.3817078500224
1181,3356.838586814149
1182,3374.105555202356
1183,3391.3948035357657
1184,3408.7314578636992
1185,3424.672150327848
1186,3438.7074360860524
1187,3451.658565825771
1188,3464.4913781614987
1189,3475.890101777511
1190,3489.27121916812
1191,3503.0591820137556
1192,3516.0660655469214
1193,3528.56551017259
1194,3539.157848367166
1195,3548.2519435851627
1196,3555.8061191420225
1197,3562.3782518764906
1198,3567.271936684241
1199,3571.635171514701
1200,3577.7162110964955
1201,3586.098819214501
1202,3596.786040967964
1203,3610.354389809139
1204,3628.1363384590236
1205,3647.3004889215067
1206,3667.697187262191
1207,3688.250871184254
1208,3710.303600840426
1209,3734.779314342456
1210,3760.250603298039
1211,3786.1173551758825
1212,3813.490143408912
1213,3839.986547458172
1214,3865.120965609751
1215,3889.5150640380125
1216,3912.553157071908
1217,3935.602458514082
1218,3959.203300896215
1219,3983.530352216075
1220,4006.8321317219
1221,4029.2034172834556
1222,4049.2166852236774
1223,4068.4861188447103
1224,4085.5200426442493
1225,4099.858831946746
1226,4112.205583750544
1227,4123.812883964632
1228,4136.712452633506
1229,4150.7727170549815
1230,4164.967895819603
1231,4178.412976597843
1232,4190.763872922826
1233,4201.9299727619755
1234,4210.828190964624
1235,4217.96598010117
1236,4223.692575281914
1237,4228.695493999541
1238,4232.8929982733
1239,4236.730076520719
1240,4239.6791144887675
1241,4240.535677008521
1242,4239.434288578005
1243,4234.696385213727
1244,4225.791873220789
1245,4215.016379203057
1246,4203.728053535135
1247,4192.843512952976
1248,4184.35887531571
1249,4178.216381408722
1250,4173.267193508514
1251,4166.365796502262
1252,4154.79112361112
1253,4136.803124438437
1254,4121.1535651582035
1255,4099.870735665507
1256,4074.6789467336716
1257,4048.8936862293035
1258,4024.3656303989665
1259,4004.2422928670426
1260,3989.308283493817
1261,3978.5690336326907
1262,3970.6225465775074
1263,3965.039811705603
1264,3961.0471298928264
1265,3960.248648826965
1266,3962.8944708077634
1267,3970.068838928871
1268,3981.477921683999
1269,3995.695885412273
1270,4010.5722514100216
1271,4025.867700560938
1272,4041.5439415438623
1273,4054.5525884883946
1274,4068.441807157188
1275,4083.1057161841386
1276,4100.972440065371
1277,4118.420552842937
1278,4136.025236862726
1279,4154.655926131713
1280,4172.130781131963
1281,4187.620904245775
1282,4202.25726372969
1283,4218.064543117964
1284,4235.11346538172
1285,4252.396980030116
1286,4270.498445737277
1287,4288.880799742962
1288,4307.06063527672
1289,4325.912733285783
1290,4344.832790251696
1291,4363.09088482619
1292,4381.6546688531425
1293,4400.690510518237
1294,4417.647067775869
1295,4434.467727700812
1296,4450.2664369091035
1297,4465.815404165852
1298,4481.617398694986
1299,4496.102571867615
1300,4509.030795381387
1301,4520.437913377561
1302,4531.317926361491
1303,4540.3264977403
1304,4548.480151239364
1305,4558.005775736829
1306,4564.702899152548
1307,4568.830733704858
1308,4568.5604093551165
1309,4563.288245732191
1310,4552.952969775083
1311,4543.9612796924
1312,4527.395517795766
1313,4502.972563818026
1314,4473.618947629127
1315,4439.481084692135
1316,4400.359722398358
1317,4356.910955482142
1318,4310.2302670239515
1319,4259.660671938464
1320,4208.567990807025
1321,4154.647863878698
1322,4099.495158283205
1323,4045.6992084776025
1324,3992.0798312862157
1325,3940.6855828512353
1326,3889.62564529887
1327,3841.114071348754
1328,3796.1699276150084
1329,3754.394447329804
1330,3716.213288972295
1331,3680.8319755405623
1332,3649.747062208562
1333,3621.8182266181184
1334,3597.6658124970972
1335,3576.734987722332
1336,3558.134445024315
1337,3543.1423974821632
1338,3530.884240189139
1339,3520.9232560342507
1340,3514.4636403762743
1341,3510.5821489614364
1342,3509.3134353590713
1343,3510.5263622868943
1344,3512.8922703551057
1345,3516.955721490933
1346,3521.8712485971105
1347,3529.394084334796
1348,3540.918564977395
1349,3554.126550101089
1350,3571.206404784834
1351,3590.6708259131397
1352,3614.290021797828
1353,3644.094370088119
1354,3679.654840942966
1355,3720.2489920461603
1356,3764.9071948880314
1357,3814.2653704125014
1358,3867.75239426125
1359,3925.6053998936363
1360,3984.9902604585095
1361,4047.1709926631506
1362,4112.035486583469
1363,4180.555806405228
1364,4251.51079524407
1365,4323.915883410668
1366,4397.926001018111
1367,4473.52055945983
1368,4539.287825304125
1369,4607.012779129963
1370,4676.625642957838
1371,4747.098146070369
1372,4817.458148251708
1373,4887.857067310942
1374,4957.9426563493735
1375,5026.14956696737
1376,5090.771749945599
1377,5153.464674454126
1378,5213.65334018928
1379,5270.483589073668
1380,5322.876346597668
1381,5370.3747791618225
1382,5413.126899699778
1383,5449.220051228677
1384,5479.271891933219
1385,5503.9585923170525
1386,5524.820177290688
1387,5539.6932348528535
1388,5548.7025362731
1389,5554.9434669789525
1390,5557.668949129077
1391,5556.331406183921
1392,5554.34886945103
1393,5550.377233654844
1394,5545.493028482895
1395,5538.8214955637995
1396,5530.8561992791765
1397,5519.588694217677
1398,5504.438420380882
1399,5485.658868101685
1400,5462.0663192685615
1401,5435.06713679063
1402,5404.988534907257
1403,5371.018688999315
1404,5333.761862444369
1405,5291.137937327154
1406,5241.790344127034
1407,5185.998319068038
1408,5123.048981017919
1409,5056.523598862173
1410,4990.152621744177
1411,4922.483165706201
1412,4852.410283175387
1413,4781.453958100155
1414,4710.0476743908275
1415,4637.24406881875
1416,4565.237733983565
1417,4492.595528055565
1418,4419.796479129048
1419,4346.5533042120915
1420,4272.90558764818
1421,4197.119513977941
1422,4121.394313577888
1423,4045.0726748855805
1424,3969.6093627339014
1425,3903.9562811619408
1426,3837.674425199645
1427,3772.308496116455
1428,3710.8122618051407
1429,3656.3614118820933
1430,3610.635827457081
1431,3572.2318109743774
1432,3543.3976746930502
1433,3520.713978983177
1434,3504.4335739122134
1435,3494.541547490889
1436,3490.004535108343
1437,3488.341791786236
1438,3491.705771345511
1439,3499.3640295369128
1440,3512.052861492387
1441,3527.617993842885
1442,3549.6590049600204
1443,3574.8145796609606
1444,3601.8867930490296
1445,3628.156033015893
1446,3654.396693818416
1447,3681.8864152753317
1448,3709.30442531723
1449,3739.4006531613727
1450,3770.0099472598176
1451,3799.854622858035
1452,3827.928223975182
1453,3854.040019352461
1454,3879.3199443534068
1455,3903.7601038321227
1456,3929.3176300424834
1457,3953.9043217869457
1458,3977.2880118531007
1459,4001.207994702651
1460,4023.982849071815
1461,4045.004270356348
1462,4065.3829265640197
1463,4085.608629179544
1464,4104.936734536864
1465,4122.589105679286
1466,4141.3344765082375
1467,4159.347723401765
1468,4178.945813492777
1469,4200.164383719548
1470,4222.448198533308
1471,4247.575972052566
1472,4273.638527202804
1473,4302.358739491944
1474,4332.635932724582
1475,4365.381971686148
1476,4400.082225593497
1477,4435.872516708954
1478,4468.947745035786
1479,4498.138535907851
1480,4525.335719335125
1481,4547.437623800488
1482,4566.666280685354
1483,4580.5740001663
1484,4588.385723095362
1485,4590.36129699642
1486,4585.734765065536
1487,4573.973461181136
1488,4555.023015294795
1489,4529.20406826558
1490,4497.6134434109645
1491,4462.5443162387155
1492,4424.284351935695
1493,4384.919748396924
1494,4345.3384919409145
1495,4305.360686727774
1496,4266.218510447488
1497,4229.054743653396
1498,4194.422737614803
1499,4161.68612462983
1500,4130.431538664379
1501,4101.030945866397
1502,4075.437193041958
1503,4053.52423191393
1504,4033.747731666016
1505,4016.7694663522443
1506,4003.646177607836
1507,3993.101911680802
1508,3986.1813562474467
1509,3983.4377343382484
1510,3984.733116409495
1511,3989.524543251893
1512,3997.2994883194965
1513,4008.7361217782145
1514,4022.048711539629
1515,4036.6441841674705
1516,4051.7878064555935
1517,4068.6621015802575
1518,4086.0299016576046
1519,4104.737125672028
1520,4124.602601408613
1521,4142.804471599726
1522,4159.94472684769
1523,4174.602983464947
1524,4186.862945765168
1525,4196.465469683084
1526,4204.521464665043
1527,4209.694279506267
1528,4213.366734200544
1529,4214.822960887962
1530,4212.736440977638
1531,4207.77939975096
1532,4201.660650303748
1533,4193.573181534764
1534,4182.730731286308
1535,4170.585598748234
1536,4158.480786593637
1537,4144.728497465781
1538,4132.536810402306
1539,4121.9300426570835
1540,4113.327672139124
1541,4104.804292216653
1542,4094.910906103135
1543,4085.608626761426
1544,4076.9439116114613
1545,4068.5572331403814
1546,4059.526004231074
1547,4048.491022953359
1548,4037.8302917067526
1549,4027.525259924004
1550,4018.4622326551453
1551,4008.9459962694114
1552,3998.355820268002
1553,3986.8003436166127
1554,3972.7598708179066
1555,3959.8306641514173
1556,3948.067363140365
1557,3936.8573030527414
1558,3927.1634112926727
1559,3920.4332226446954
1560,3914.314278523182
1561,3909.3400797947306
1562,3905.6623527684264
1563,3901.8959666562428
1564,3897.679938271029
1565,3892.3191029190234
1566,3886.22601812757
1567,3880.9112713340423
1568,3875.325353604704
1569,3871.824158413174
1570,3871.9617937531943
1571,3875.0569854416785
1572,3882.07885085153
1573,3890.9784785636925
1574,3901.4450296341197
1575,3911.308950916202
1576,3920.7126204657916
1577,3929.668481374629
1578,3939.667193073133
1579,3949.3458439331707
1580,3959.9977911945048
1581,3973.0674049396043
1582,3990.3948453615476
1583,4010.1901414300205
1584,4031.494899137022
1585,4055.8416968008264
1586,4083.696742819451
1587,4113.847625611252
1588,4145.528236980215
1589,4180.5268407216045
1590,4217.596012282731
1591,4256.387481600371
1592,4294.748656822132
1593,4333.109321823923
1594,4368.9796230741495
1595,4403.971117574354
1596,4434.413717789534
1597,4464.012894323236
1598,4497.053159886306
1599,4531.259619524299
1600,4566.568813248834
1601,4603.500296934044
1602,4644.6283831354
1603,4687.823727634077
1604,4733.187037133529
1605,4781.205565082042
1606,4830.602216353796
1607,4880.066062824193
1608,4930.871084657023
1609,4980.567949566914
1610,5026.371189827976
1611,5067.656397961166
1612,5104.180286299346
1613,5136.9209942652105
1614,5165.187465005467
1615,5191.385775268088
1616,5214.187195126374
1617,5232.932227656021
1618,5247.85153462857
1619,5259.288295163757
1620,5268.881913239255
1621,5274.868416310035
1622,5278.995060849801
1623,5281.7937814375
1624,5283.581131745924
1625,5284.417999881839
1626,5284.278993122813
1627,5282.151313832481
1628,5276.340854346474
1629,5268.503187740611
1630,5259.952258111265
1631,5249.558575813831
1632,5236.041682789796
1633,5220.549321383257
1634,5204.599339787849
1635,5186.936766106052
1636,5166.747159282027
1637,5144.650619523424
1638,5122.106993970694
1639,5096.671849878054
1640,5071.267801831221
1641,5047.013411473566
1642,5023.193664191446
1643,5001.992284517419
1644,4980.40745542786
1645,4960.750558773081
1646,4942.1593945602945
1647,4923.365197401852
1648,4902.689100291117
1649,4882.000725014154
1650,4860.931514929732
1651,4837.288126321793
1652,4811.536994577713
1653,4789.133509960362
1654,4762.251045799361
1655,4730.459728420751
1656,4696.080779898134
1657,4661.259528186688
1658,4628.369833116313
1659,4596.208524549923
1660,4567.862103078428
1661,4541.457135699797
1662,4518.837895520375
1663,4499.1826991500175
1664,4485.253194961726
1665,4473.593958882708
1666,4466.806383281736
1667,4463.945983787833
1668,4464.495240452725
1669,4466.023241548176
1670,4470.176819877923
1671,4475.698698307277
1672,4483.563118003192
1673,4493.412930836751
1674,4506.445449306311
1675,4521.511484395632
1676,4535.776471523112
1677,4550.43003399022
1678,4564.543344046662
1679,4577.115756536549
1680,4587.623350108541
1681,4597.814460425554
1682,4609.484298842294
1683,4623.071783864885
1684,4637.801242702105
1685,4653.814067192562
1686,4672.185373287677
1687,4690.479484623408
1688,4708.115032524208
1689,4725.819453201108
1690,4743.967812858979
1691,4762.901570614947
1692,4781.642602255733
1693,4799.995244606068
1694,4818.070647857364
1695,4835.21690314046
1696,4851.85800248023
1697,4867.346699179321
1698,4882.090791839061
1699,4895.18256936571
1700,4906.067371676868
1701,4915.147313922471
1702,4921.190352981734
1703,4924.397559421869
1704,4924.689271352217
1705,4921.3823536668015
1706,4913.695886655682
1707,4899.623729538305
1708,4882.479757819199
1709,4860.470482800951
1710,4841.322413535075
1711,4819.573371492966
1712,4797.11839483673
1713,4772.246069435003
1714,4746.606704484521
1715,4722.76569025643
1716,4701.036348987678
1717,4682.370415371047
1718,4664.617437787264
1719,4649.850480582707
1720,4633.099355654329
1721,4613.627674769483
1722,4592.322073436928
1723,4570.313084995005
1724,4548.378969054732
1725,4525.2047747542165
1726,4500.820772343789
1727,4476.304163078429
1728,4451.7795318688795
1729,4426.028906542122
1730,4399.824662405298
1731,4376.781587336272
1732,4355.762484400586
1733,4333.655579390351
1734,4311.343459442292
1735,4289.505452814098
1736,4267.353651959036
1737,4241.909031144763
1738,4215.715311523728
1739,4188.598506352977
1740,4161.136655807324
1741,4134.3194931911985
1742,4109.0852967243645
1743,4084.7045281579362
1744,4058.7585471594707
1745,4033.6149629664496
1746,4011.44749288127
1747,3990.96946410353
1748,3971.3949384316093
1749,3951.958485662645
1750,3933.982632744558
1751,3918.318049098036
1752,3908.77118937984
1753,3904.7467366882906
1754,3906.765742786447
1755,3914.4225683081213
1756,3927.532336930695
1757,3948.4066438000928
1758,3973.8455425361008
1759,4002.745880963329
1760,4033.933047977138
1761,4070.2213583676025
1762,4107.429851057787
1763,4143.0083626500455
1764,4174.8877376475275
1765,4204.806190906548
1766,4229.546587800787
1767,4251.070733098775
1768,4269.758108582175
1769,4283.407677807161
1770,4292.1041141892
1771,4298.660956858655
1772,4303.405765103
1773,4305.515857069859
1774,4307.163286830596
1775,4307.314106608009
1776,4311.377494756117
1777,4318.717870691905
1778,4327.532691249172
1779,4336.431299562661
1780,4345.614130475565
1781,4353.906494369728
1782,4361.754656506847
1783,4367.805094212389
1784,4373.107706277691
1785,4377.236127172937
1786,4378.994915319074
1787,4380.2299795695235
1788,4381.56783628568
1789,4382.582649676245
1790,4384.221904756278
1791,4387.888315809053
1792,4390.50364014238
1793,4392.405459850964
1794,4392.968263689427
1795,4392.150328638124
1796,4389.613366421368
1797,4386.756305448856
1798,4383.639883015682
1799,4378.2734864375125
1800,4371.516321785061
1801,4362.141716934589
1802,4349.5287501766015
1803,4332.9567893012745
1804,4312.706186120889
1805,4287.449370441317
1806,4258.012167753966
1807,4227.443791594397
1808,4195.140948810788
1809,4160.899920176268
1810,4125.177839833795
1811,4088.2795334872653
1812,4051.426049012848
1813,4014.8078770868424
1814,3978.458644031135
1815,3944.6701101284466
1816,3913.20963186282
1817,3883.8413005483962
1818,3856.945927481023
1819,3832.4698252448525
1820,3808.3505507274504
1821,3783.5927985547505
1822,3757.3665901649647
1823,3728.8878280471417
1824,3704.1113050046356
1825,3676.947923504491
1826,3648.7163113623546
1827,3619.425830519961
1828,3591.6542827157614
1829,3565.976127557972
1830,3544.229689663033
1831,3525.6034881752735
1832,3509.5708599478226
1833,3496.1033337713307
1834,3484.781854663886
1835,3475.5907148789997
1836,3468.616072240324
1837,3464.0779313131757
1838,3461.8396322504414
1839,3459.2191102661673
1840,3454.2343952376796
1841,3448.221587414843
1842,3439.6065982457226
1843,3429.884704296554
1844,3420.4281487660446
1845,3412.467588938854
1846,3405.8143797373536
1847,3399.9179929616316
1848,3394.0431964675568
1849,3385.8301374107723
1850,3377.827139359062
1851,3369.584953347762
1852,3361.737276028638
1853,3355.1379944935557
1854,3352.1380980251934
1855,3353.2129708931084
1856,3355.827880323513
1857,3363.186315017743
1858,3371.73597919806
1859,3381.9753807407606
1860,3391.2805114188873
1861,3403.177618782756
1862,3416.325243352379
1863,3431.0750139728148
1864,3447.457225280182
1865,3466.8210787683465
1866,3488.3923721138513
1867,3510.449108348375
1868,3535.0191177617444
1869,3560.067249814846
1870,3586.7643717097885
1871,3615.1351070137084
1872,3646.12847994927
1873,3680.057249008446
1874,3718.7075291085307
1875,3760.6033513802163
1876,3804.4612234411206
1877,3849.590954170497
1878,3894.019415056597
1879,3934.2631840046247
1880,3968.7317008788673
1881,3998.7193105594583
1882,4024.6182847597024
1883,4048.9768059015837
1884,4073.019194157815
1885,4094.042062583015
1886,4113.239913907903
1887,4130.813399497126
1888,4147.682102973446
1889,4163.081585344356
1890,4179.41676619641
1891,4196.2213921187695
1892,4213.507800521022
1893,4231.845477852145
1894,4253.817384419118
1895,4279.74031292123
1896,4306.20570088946
1897,4333.024513597926
1898,4360.277817341399
1899,4387.106446248094
1900,4415.311071051214
1901,4443.028320105964
1902,4470.5040470655795
1903,4495.9814023939125
1904,4518.86002588338
1905,4539.416784200539
1906,4557.903536019844
1907,4574.643925063814
1908,4588.675333343838
1909,4599.953472629724
1910,4612.306937965774
1911,4623.807914759618
1912,4635.600244683302
1913,4645.102278171818
1914,4654.474591831606
1915,4664.31123983349
1916,4671.39109250204
1917,4676.9615828032565
1918,4680.046620705052
1919,4680.901241688059
1920,4678.359696754975
1921,4673.657494200553
1922,4667.634204965558
1923,4659.058531777742
1924,4651.049674763868
1925,4640.473795582502
1926,4629.961381936736
1927,4620.33932513524
1928,4608.70202030691
1929,4598.765059642545
1930,4588.978269617873
1931,4583.399043076985
1932,4579.101020807912
1933,4575.765640906062
1934,4571.095657446528
1935,4566.5085731791
1936,4558.3008607733855
1937,4545.062397426768
1938,4533.54493431521
1939,4519.7920462764805
1940,4506.50754387211
1941,4493.480719889713
1942,4482.398775517248
1943,4471.946811961594
1944,4465.517475417338
1945,4462.176343292547
1946,4458.938122157621
1947,4455.650397917107
1948,4451.883238920245
1949,4446.231928097075
1950,4442.343381984672
1951,4437.20160489025
1952,4432.570032811833
1953,4428.10442164588
1954,4426.103202273059
1955,4426.319862909024
1956,4427.422727675595
1957,4428.748484153746
1958,4434.781900746357
1959,4443.778935221675
1960,4455.609529691949
1961,4471.097842680119
1962,4489.389981365083
1963,4510.0813046138455
1964,4533.7107950814125
1965,4557.635048242415
1966,4583.1653518739595
1967,4607.992584073784
1968,4631.3327821360845
1969,4655.239848202682
1970,4678.220810728186
1971,4704.903803511688
1972,4732.722834338561
1973,4760.139365675549
1974,4786.655789119222
1975,4809.518699309782
1976,4829.872330276503
1977,4847.376245574446
1978,4865.135579969617
1979,4883.4498674919105
1980,4899.847594750635
1981,4916.133258139609
1982,4930.725199325629
1983,4946.018528723982
1984,4956.623833117203
1985,4965.105076221229
1986,4970.58802192643
1987,4974.250100886522
1988,4975.113235548895
1989,4973.926942307991
1990,4971.312778471936
1991,4970.253861096033
1992,4966.444703369512
1993,4965.187088802364
1994,4965.984139463924
1995,4966.677573539482
1996,4966.219168781476
1997,4962.732930153677
1998,4956.515490201285
1999,4949.364530657462
2000,4942.612698818643
2001,4937.104088687281
2002,4932.023238301441
2003,4928.456571014588
2004,4924.268304439196
2005,4916.945563303544
2006,4907.207320068701
2007,4894.920821020257
2008,4876.328388332468
2009,4853.30127355463
2010,4827.3597270030305
2011,4799.67804227885
2012,4769.606989219805
2013,4738.458604622425
2014,4705.060200512406
2015,4671.195550150521
2016,4635.338212910435
2017,4594.9576348269875
2018,4549.202473552523
2019,4500.911426232326
2020,4448.524351913813
2021,4393.121079997372
2022,4334.616809062687
2023,4276.204006403167
2024,4219.207940755769
2025,4161.151189506089
2026,4104.717070800881
2027,4049.6190040783013
2028,3996.6357449224256
2029,3943.9186848828012
2030,3893.3896683350604
2031,3844.8826094853266
2032,3798.692035471372
2033,3754.482036767511
2034,3711.0076653839105
2035,3669.9423767627045
2036,3630.1886537119817
2037,3592.664372813203
2038,3560.9716528008967
2039,3534.600996904383
2040,3516.891605417302
2041,3503.941820235923
2042,3496.956763449114
2043,3494.3033848970576
2044,3495.0661281092066
2045,3499.463625391335
2046,3508.703821791269
2047,3523.619562089186
2048,3542.804953662321
2049,3566.4823675937946
2050,3593.5093801061507
2051,3623.504371679983
2052,3649.6000143492165
2053,3681.389210856572
2054,3715.7907807168435
2055,3750.8453683386215
2056,3784.4814550704314
2057,3819.236794248462
2058,3852.336011270361
2059,3880.2998489660436
2060,3904.6875491601677
2061,3926.6758094285306
2062,3947.5080654617113
2063,3968.5364722946847
2064,3990.2469910316136
2065,4013.500806317626
2066,4039.734700167267
2067,4070.929141982313
2068,4104.260259487299
2069,4141.253985076516
2070,4181.645694414311
2071,4225.133803218352
2072,4269.527176441433
2073,4315.357213941839
2074,4359.771257173605
2075,4402.210634187115
2076,4443.849798247249
2077,4483.337446523543
2078,4520.068499878294
2079,4555.77934844707
2080,4590.305222009714
2081,4625.056260782795
2082,4657.536786981505
2083,4688.612682154459
2084,4721.054057368783
2085,4751.884337349728
2086,4781.608019276984
2087,4811.601773986511
2088,4840.066071819057
2089,4866.912520141619
2090,4895.505821826293
2091,4925.201587799303
2092,4953.58625807136
2093,4983.343972717882
2094,5009.203507194903
2095,5029.464388091345
2096,5044.4312005528445
2097,5054.23315592133
2098,5058.950073992688
2099,5054.255947705197
2100,5043.933965841921
2101,5029.645708133064
2102,5009.825838001469
2103,4984.295994143127
2104,4953.585668016245
2105,4919.999514158722
2106,4885.99291416704
2107,4854.497270201819
2108,4827.635984828832
2109,4804.266666554332
2110,4787.896310382148
2111,4776.645764068033
2112,4767.348540519882
2113,4758.196455927626
2114,4744.895218736251
2115,4730.053448751314
2116,4713.893861916627
2117,4695.882897844726
2118,4678.188419294281
2119,4661.252761527282
2120,4643.889663428708
2121,4627.181592161477
2122,4612.54153981704
2123,4599.6729237186
2124,4589.165694864008
2125,4579.76398891051
2126,4573.131968620114
2127,4571.648419365925
2128,4574.568320575301
2129,4580.823939518347
2130,4592.66032579285
2131,4608.352604739691
2132,4629.205739199986
2133,4653.25206265956
2134,4679.1329796265345
2135,4707.630355120027
2136,4738.689767938579
2137,4773.14092047519
2138,4806.584854674763
2139,4840.528330620773
2140,4873.765636116189
2141,4903.599367900627
2142,4929.373579901074
2143,4953.978059310091
2144,4975.559326333699
2145,4994.257978633545
2146,5011.764024960566
2147,5028.0910257453015
2148,5041.669905499783
2149,5051.97323148935
2150,5057.869274566293
2151,5059.565809984625
2152,5056.404344415962
2153,5047.227315210878
2154,5032.367195082427
2155,5014.841667979561
2156,4994.61433540997
2157,4972.178624493008
2158,4947.38555939798
2159,4919.328904704157
2160,4889.120068990397
2161,4857.335922130535
2162,4823.379525174111
2163,4787.1229770338805
2164,4747.940074096525
2165,4706.838372068459
2166,4671.079891304042
2167,4633.523154095145
2168,4594.697914338945
2169,4554.434166261423
2170,4513.379162679659
2171,4471.6404584198
2172,4431.788367010214
2173,4391.504654058354
2174,4350.661873254365
2175,4309.185008425963
2176,4267.302059598874
2177,4226.026716205178
2178,4186.6272126201
2179,4147.263319133079
2180,4109.647813368434
2181,4073.181778041761
2182,4039.1654335215876
2183,4004.052861736009
2184,3968.922567181876
2185,3934.4829939799
2186,3901.0293642682377
2187,3871.003792777094
2188,3843.3373223867757
2189,3819.1413644726217
2190,3799.788739215443
2191,3783.355123928223
2192,3770.963167022027
2193,3762.0701442685204
2194,3755.897146414446
2195,3752.4172831872074
2196,3751.073979220235
2197,3752.4745667031148
2198,3755.4192120166786
2199,3762.1613614226417
2200,3769.200069613376
2201,3778.66874494573
2202,3790.5747439105244
2203,3802.387765336403
2204,3814.2442223458434
2205,3826.289002010016
2206,3838.226840912798
2207,3848.5825263693114
2208,3856.299941903949
2209,3863.0425004868425
2210,3867.0732361711516
2211,3869.618634195275
2212,3868.849346263673
2213,3865.4510728749524
2214,3860.4725581624007
2215,3853.261225609493
2216,3843.8177504990736
2217,3832.4033065883973
2218,3820.671634193244
2219,3807.0412601003145
2220,3791.849328756576
2221,3775.7540372154085
2222,3759.0142390846668
2223,3744.4506147109214
2224,3727.6781801236625
2225,3708.546010738531
2226,3688.854417944572
2227,3668.799552678188
2228,3649.8821786380518
2229,3632.060887224488
2230,3613.757875583966
2231,3596.4815195421515
2232,3579.875334310077
2233,3563.3982530877415
2234,3547.6493679189507
2235,3531.80065071117
2236,3515.6039747070613
2237,3499.921950100519
2238,3485.2723873468794
2239,3470.6034917413976
2240,3455.4892757811717
2241,3440.759919393236
2242,3426.6744061384734
2243,3411.819184266154
2244,3397.000507112247
2245,3383.4044291028363
2246,3371.2822827606856
2247,3360.3959364749694
2248,3349.8685910971394
2249,3340.0030102005535
2250,3331.9273753907696
2251,3324.6420530326204
2252,3321.3558341889598
2253,3321.4967625989957
2254,3325.166929215377
2255,3331.7830629814102
2256,3342.288030346885
2257,3354.5814393933792
2258,3369.415895213761
2259,3387.2306609817874
2260,3408.6569116165774
2261,3434.229572102714
2262,3463.354046067836
2263,3495.0392314175583
2264,3530.4124397557553
2265,3568.7015252809556
2266,3611.556510272255
2267,3659.7476086783895
2268,3712.7831907091004
2269,3770.3188573365237
2270,3833.3662160897866
2271,3900.4315403131664
2272,3971.6113110078145
2273,4045.532075642313
2274,4122.219407677121
2275,4202.347356651381
2276,4283.935195263001
2277,4365.749602849081
2278,4444.47140044446
2279,4522.227654947074
2280,4589.875596364349
2281,4656.07983601964
2282,4719.419697470163
2283,4781.274550979748
2284,4840.390324565153
2285,4895.16508084381
2286,4944.2609221994835
2287,4989.027676495033
2288,5028.318562909362
2289,5063.271010547418
2290,5093.466208559359
2291,5119.7082987081585
2292,5142.754667111082
2293,5162.206085915133
2294,5176.451987752132
2295,5186.608663510466
2296,5193.660581276438
2297,5196.20668622044
2298,5194.664351679796
2299,5187.59130560349
2300,5175.37869681533
2301,5155.472718956582
2302,5128.942610779341
2303,5098.002939274512
2304,5063.7667172709625
2305,5026.706921550976
2306,4987.74501943062
2307,4949.830977664723
2308,4912.631001049857
2309,4876.589081592796
2310,4840.458229645267
2311,4804.035595518258
2312,4770.40671196414
2313,4738.472180912
2314,4710.997288193195
2315,4688.974525630956
2316,4671.311007113403
2317,4657.801685536538
2318,4647.703589120979
2319,4637.755036236175
2320,4627.851792807083
2321,4618.1441316352775
2322,4607.589821942584
2323,4596.807255563493
2324,4586.980001168308
2325,4575.725726624191
2326,4564.258244954028
2327,4554.72189466924
2328,4546.500761664325
2329,4540.024399841277
2330,4534.613208178802
2331,4530.6363754379245
2332,4527.915202877271
2333,4525.953148409492
2334,4525.744953482065
2335,4530.827727709191
2336,4539.445290696666
2337,4546.942570495769
2338,4558.705302170326
2339,4572.379737088167
2340,4587.437644032184
2341,4603.132215773876
2342,4618.453670608818
2343,4634.563023243364
2344,4651.038088264495
2345,4668.920343225335
2346,4689.237421380586
2347,4710.960414062094
2348,4734.131275668869
2349,4758.778282186189
2350,4781.91239031406
2351,4803.993287721808
2352,4826.443916633556
2353,4849.6353425239295
2354,4871.935045642034
2355,4892.6680747774835
2356,4913.079228442923
2357,4931.542278054809
2358,4948.202852960607
2359,4963.019917154992
2360,4976.741435845228
2361,4987.78394248408
2362,4995.3370734147675
2363,5000.367071925219
2364,5002.023203908234
2365,5001.096114867863
2366,4998.10000367962
2367,4993.938591708483
2368,4987.369347511602
2369,4978.6725335843585
2370,4968.74175535324
2371,4958.167062596711
2372,4946.340867459729
2373,4932.613455328527
2374,4917.629539877587
2375,4902.468278135709
2376,4887.45569189648
2377,4872.610798088528
2378,4858.1747153158
2379,4842.5997225708
2380,4826.1679143196825
2381,4810.079169941184
2382,4794.146177086968
2383,4779.929347241333
2384,4765.266527809586
2385,4750.688968282822
2386,4736.716531726997
2387,4723.159006435482
2388,4707.523762038063
2389,4691.885658062065
2390,4679.9486319732405
2391,4669.748684069464
2392,4661.694324773425
2393,4657.019316522704
2394,4652.952059344577
2395,4652.701014650342
2396,4651.4305159265505
2397,4647.921010389097
2398,4639.214669821127
2399,4623.336275416782
2400,4602.8873948795635
2401,4575.110305047267
2402,4543.144551102877
2403,4507.940302171141
2404,4470.326852530227
2405,4432.136629816777
2406,4393.723701516985
2407,4352.192520801576
2408,4309.073478024164
2409,4265.505531513932
2410,4222.157747382125
2411,4178.3568478690895
2412,4138.276602522319
2413,4100.925800067032
2414,4066.844797782019
2415,4034.875125540092
2416,4003.5676259434413
2417,3973.671782446394
2418,3944.240563344144
2419,3916.601321345524
2420,3892.3874275521284
2421,3871.085915306721
2422,3851.2606784891614
2423,3832.0724525875958
2424,3813.3532765653754
2425,3795.9648301201314
2426,3779.8657120892394
2427,3765.960329128847
2428,3754.610195456901
2429,3747.790630695038
2430,3746.065431707532
2431,3747.515355841461
2432,3751.924182859977
2433,3760.9092337927295
2434,3772.197767721758
2435,3786.1649817040816
2436,3802.370220947982
2437,3818.161409528247
2438,3835.6979618670357
2439,3855.7315200030725
2440,3876.429082590889
2441,3898.8825613314793
2442,3921.3411026946123
2443,3945.94409508527
2444,3970.327988100707
2445,3994.121514012784
2446,4018.358061801798
2447,4045.2892059972137
2448,4076.815412923748
2449,4113.766219079848
2450,4157.995440975031
2451,4196.4748640238395
2452,4242.681045878423
2453,4294.84020916201
2454,4348.088244031387
2455,4400.157154486043
2456,4449.182397485492
2457,4494.870544868478
2458,4535.678048147167
2459,4572.301505378321
2460,4604.771610548775
2461,4633.067939691796
2462,4657.214612772989
2463,4675.770371716242
2464,4687.867933738348
2465,4696.1006779978925
2466,4701.160535472921
2467,4705.671189759616
2468,4707.159695104568
2469,4706.713114316168
2470,4704.352578394985
2471,4698.809930327042
2472,4690.455388933706
2473,4678.071467108836
2474,4662.156066819573
2475,4643.270051547739
2476,4623.531723461618
2477,4602.663730888686
2478,4580.731656146849
2479,4557.019801357654
2480,4532.459128419955
2481,4507.630081834243
2482,4479.394253154653
2483,4454.383795860533
2484,4432.200204466754
2485,4415.845925456313
2486,4404.027887728837
2487,4395.087207469401
2488,4391.722981744564
2489,4389.917334898502
2490,4387.019508914794
2491,4384.274014398579
2492,4381.846794961095
2493,4377.414151537395
2494,4368.870003936721
2495,4356.9798941102645
2496,4340.646969177189
2497,4323.404327880543
2498,4302.663107143764
2499,4276.112261227923
2500,4243.287061392672
2501,4203.028079174054
2502,4158.202627978188
2503,4110.938169093027
2504,4062.622703912542
2505,4014.376640358354
2506,3968.024109829706
2507,3928.115565783259
2508,3893.3951324628506
2509,3860.8640451825477
2510,3833.3798307112784
2511,3809.8674814057226
2512,3791.757931783362
2513,3780.2675475476676
2514,3774.711087354876
2515,3773.5970540718704
2516,3775.3738224576105
2517,3778.913605429206
2518,3783.2593659338095
2519,3787.304421304272
2520,3791.7108028208463
2521,3796.1243215607706
2522,3801.206162362977
2523,3806.5991799917897
2524,3814.3934345363846
2525,3823.4651944100665
2526,3835.5316182257234
2527,3849.6520347131277
2528,3865.5267985427467
2529,3880.8587291715035
2530,3895.3268337312893
2531,3910.131424173481
2532,3927.7652667104285
2533,3946.9173150636966
2534,3964.6715456195875
2535,3982.6748407474647
2536,3996.5531491838515
2537,4009.400162128307
2538,4019.109016091481
2539,4025.646731062549
2540,4031.6964532693282
2541,4036.987945151289
2542,4039.744877442991
2543,4037.881959003349
2544,4032.487061038557
2545,4024.493983382822
2546,4013.0080996300626
2547,4000.2522940548124
2548,3986.6677296449475
2549,3972.6178443113213
2550,3959.1814395166225
2551,3946.4444809309434
2552,3935.9207201255404
2553,3929.2278025363603
2554,3923.251144933492
2555,3920.109880926025
2556,3920.7952542861526
2557,3921.158630106255
2558,3924.215418087927
2559,3930.724818385776
2560,3942.409047090464
2561,3955.746290545866
2562,3970.0689983107586
2563,3984.1743667361175
2564,3999.637238912423
2565,4013.089937705809
2566,4027.4456326762884
2567,4037.525451872826
2568,4042.3637605069594
2569,4045.0791224239565
2570,4044.892320611397
2571,4040.3745276141285
2572,4033.4239076380677
2573,4023.6756615247627
2574,4009.7586429672438
2575,3994.136942066219
2576,3976.437386447482
2577,3959.1780146468245
2578,3938.721596101863
2579,3916.3636720331165
2580,3893.6323370130317
2581,3871.4669709593336
2582,3851.6269687409103
2583,3833.526744680771
2584,3815.8970667733292
2585,3798.415660222528
2586,3779.79482631123
2587,3761.8391997861763
2588,3742.8384079706057
2589,3724.570152667974
2590,3706.3804081096205
2591,3686.6293626062197
2592,3665.751702341573
2593,3642.8166395358808
2594,3620.351564683363
2595,3596.511648799852
2596,3570.7791571874463
2597,3543.6586380426015
2598,3518.1338082978377
2599,3493.5100850880654
2600,3472.001769537271
2601,3451.9279805090305
2602,3433.1723915666807
2603,3414.634132551257
2604,3397.6130397212796
2605,3381.759002784053
2606,3369.0480119240524
2607,3361.606448195712
2608,3357.537459771116
2609,3355.2177133851137
2610,3353.565681811801
2611,3352.9050599181433
2612,3352.370167151705
2613,3352.504857637723
2614,3353.507534129378
2615,3355.207627021801
2616,3356.6340061118044
2617,3357.763053827067
2618,3360.029179166756
2619,3364.9825068493005
2620,3375.5011874813035
2621,3392.7906699040877
2622,3407.832519611911
2623,3430.7734425159697
2624,3459.1311928819377
2625,3492.440339542194
2626,3530.6730748680448
2627,3574.3503590631017
2628,3623.1375141095355
2629,3675.886167334651
2630,3731.484025154758
2631,3789.586831614751
2632,3849.0467727246255
2633,3909.9343254964097
2634,3973.0453316746366
2635,4037.3562107091734
2636,4102.849083113827
2637,4168.966410495505
2638,4234.930900109791
2639,4297.175848710926
2640,4356.394529784772
2641,4413.664052884764
2642,4467.492875095543
2643,4519.681041699531
2644,4569.883378761954
2645,4617.777512593873
2646,4662.718604015187
2647,4702.715125757168
2648,4740.224825243314
2649,4772.1296491419125
2650,4798.363634159131
2651,4818.090803311568
2652,4831.661425047815
2653,4840.803304897521
2654,4845.906020391744
2655,4846.079337025618
2656,4842.650073948803
2657,4835.462629891857
2658,4821.771254102635
2659,4805.693075580621
2660,4786.803389296703
2661,4765.35324925576
2662,4742.438558598885
2663,4721.3845470361675
2664,4699.3373057237595
2665,4677.18610292524
2666,4653.712074148548
2667,4630.851353672571
2668,4608.1929029430585
2669,4587.847777980897
2670,4569.308134504726
2671,4554.041732178311
2672,4541.624765914444
2673,4533.768575895144
2674,4529.057224657964
2675,4525.063827448656
2676,4520.381281191109
2677,4513.666221914725
2678,4506.26374075073
2679,4499.823582138054
2680,4491.509136227208
2681,4478.83907322334
2682,4460.779623189805
2683,4437.277978985544
2684,4407.372380935975
2685,4371.205666289905
2686,4327.30809119132
2687,4277.65076200491
2688,4222.691429099817
2689,4166.592040502763
2690,4106.248743087632
2691,4045.097574495773
2692,3982.4537907942818
2693,3918.030811338116
2694,3853.8109265254952
2695,3789.1960725957747
2696,3727.119212153806
2697,3669.0581595797457
2698,3616.410818959409
2699,3569.095801527964
2700,3525.693042087254
2701,3485.7411729108994
2702,3451.1599769955087
2703,3421.6998453674864
2704,3400.678033178801
2705,3384.392752909167
2706,3373.606727559315
2707,3369.5427407149223
2708,3371.3646883515416
2709,3375.919586421482
2710,3385.0806166928546
2711,3398.0875620952606
2712,3413.637367017855
2713,3434.0318110268463
2714,3457.838016878093
2715,3485.421989849258
2716,3518.0452358982684
2717,3552.1128060578235
2718,3588.7333918536197
2719,3627.670959147832
2720,3669.5359453156484
2721,3712.421193370217
2722,3755.353254845843
2723,3800.614645336455
2724,3845.3855642464314
2725,3888.4476766795938
2726,3929.8397463049355
2727,3970.322246730346
2728,4009.389914808236
2729,4045.6770480239043
2730,4079.3948656667208
2731,4110.989282658517
2732,4143.153568119764
2733,4176.547587684286
2734,4210.891121891207
2735,4250.280966553005
2736,4284.550131408769
2737,4324.278742759558
2738,4369.564785717989
2739,4418.21572248753
2740,4469.849669181313
2741,4524.068264142118
2742,4579.55732858966
2743,4636.490666495836
2744,4693.846177758621
2745,4750.20495557707
2746,4804.647179291264
2747,4858.483301936125
2748,4913.94174153123
2749,4969.234741345418
2750,5024.868631486543
2751,5082.049000105966
2752,5139.941954338292
2753,5194.428343808005
2754,5245.783606126107
2755,5295.43276182491
2756,5341.665900480287
2757,5385.398682654757
2758,5427.0888609865015
2759,5465.008967556047
2760,5500.035862647902
2761,5530.445541566809
2762,5556.280135808982
2763,5578.078653664543
2764,5597.0342915125275
2765,5612.104803239306
2766,5621.441412224415
2767,5627.153412477442
2768,5628.41165188146
2769,5623.1145400676
2770,5612.399515225963
2771,5597.542060847052
2772,5579.093609450271
2773,5555.936370183033
2774,5528.6429903579065
2775,5499.422049342794
2776,5469.253251142312
2777,5437.3829808766395
2778,5405.093984561177
2779,5369.437385881089
2780,5331.138027161818
2781,5293.445112601298
2782,5255.723479437798
2783,5218.390915964429
2784,5181.946449745331
2785,5145.026616620857
2786,5109.617303555941
2787,5074.556652756032
2788,5040.295110162052
2789,5006.008459393053
2790,4971.427219417026
2791,4940.922359750508
2792,4911.657202379729
2793,4886.196515467151
2794,4862.221672247257
2795,4839.906206282096
2796,4817.614585604873
2797,4796.472576171295
2798,4775.696892620709
2799,4755.650021408928
2800,4735.776053745555
2801,4718.75421132918
2802,4703.445938162374
2803,4689.345782887642
2804,4675.19546495194
2805,4660.502883431596
2806,4645.138958276529
2807,4629.227906647902
2808,4611.881263438537
2809,4595.174784073744
2810,4579.106258373643
2811,4561.258224447873
2812,4544.9394726671035
2813,4528.109924314271
2814,4512.32466227535
2815,4498.649423483043
2816,4488.337505288674
2817,4481.19560658671
2818,4476.699413659674
2819,4472.900011115105
2820,4471.2565338141085
2821,4471.622862196417
2822,4474.389008515614
2823,4479.90521466356
2824,4487.0925740334
2825,4496.251861879366
2826,4505.8387503929325
2827,4517.442844478616
2828,4530.235739054039
2829,4545.4350696790025
2830,4562.9551565103975
2831,4581.130417628305
2832,4597.06480496012
2833,4610.921872177468
2834,4623.379563850371
2835,4636.406304765401
2836,4650.239427375012
2837,4663.342074981791
2838,4677.859001344602
2839,4690.731988478432
2840,4701.820642463544
2841,4713.479232981038
2842,4721.5775980342505
2843,4726.127501376196
2844,4724.461309829592
2845,4718.769507129196
2846,4710.018018244491
2847,4698.154550963004
2848,4681.282781239067
2849,4661.153723362709
2850,4643.641443010278
2851,4625.459214096441
2852,4604.894554525474
2853,4580.119553911808
2854,4551.313052119462
2855,4521.196699841057
2856,4491.307214454866
2857,4460.773462781023
2858,4429.696908711959
2859,4399.259047359859
2860,4370.380106685332
2861,4344.329925374922
2862,4319.120260970772
2863,4295.866679746707
2864,4274.786972583151
2865,4253.611394748373
2866,4230.35420421376
2867,4208.708360841664
2868,4186.135765383396
2869,4165.318709671214
2870,4147.198283233475
2871,4131.002035129241
2872,4115.45916985034
2873,4100.4921401854945
2874,4087.1485100917625
2875,4075.7231357895375
2876,4066.917176851074
2877,4061.938354934413
2878,4057.7648200134345
2879,4055.6526482405757
2880,4054.8143797954767
2881,4054.922840033206
2882,4053.325666445348
2883,4052.7763659888747
2884,4051.425703937075
2885,4049.310438443099
2886,4046.665567017652
2887,4041.268529939256
2888,4032.9741376439406
2889,4024.174852892882
2890,4012.668047140046
2891,3999.117351858868
2892,3983.574217990812
2893,3968.4733608642673
2894,3954.5660922703078
2895,3943.4362993877926
2896,3935.137100489593
2897,3929.856230953625
2898,3926.7571362832755
2899,3926.3973374697557
2900,3929.5467512437094
2901,3934.7694410669446
2902,3943.200874998984
2903,3952.978197707143
2904,3965.477100646645
2905,3979.426308231559
2906,3996.6837981960575
2907,4011.697814465171
2908,4028.5550747109664
2909,4048.2361051885964
2910,4068.175430166851
2911,4090.9244218593985
2912,4114.161404969602
2913,4138.199481708981
2914,4163.772711927652
2915,4188.992730740906
2916,4212.901429211339
2917,4236.073933724473
2918,4258.275428741524
2919,4278.865277306323
2920,4297.257559226712
2921,4314.574144912794
2922,4330.640747353787
2923,4346.199858220815
2924,4361.413915997978
2925,4375.644942521974
2926,4388.520714367132
2927,4398.500524118125
2928,4406.582792877689
2929,4412.619889748348
2930,4414.764646676463
2931,4414.417231531421
2932,4415.337708430128
2933,4415.887633746579
2934,4417.574285433248
2935,4419.88727115991
2936,4422.525337335353
2937,4428.527476973697
2938,4436.795235813604
2939,4448.207271332488
2940,4461.302958446045
2941,4476.120866335758
2942,4491.632569046706
2943,4504.727189233871
2944,4518.28023712158
2945,4532.20971441857
2946,4544.989131902555
2947,4559.112962013364
2948,4573.877748464845
2949,4586.362515578659
2950,4596.676658033151
2951,4606.147852657584
2952,4611.734414369778
2953,4614.499363681241
2954,4613.082643437613
2955,4608.53190820235
2956,4602.339474859656
2957,4595.022917632749
2958,4586.363132441242
2959,4578.132750975466
2960,4569.397326838643
2961,4558.891233540893
2962,4547.806055935522
2963,4535.668806671306
2964,4525.109399811438
2965,4514.39062223592
2966,4504.061681426199
2967,4493.512200504572
2968,4484.511245348833
2969,4474.972751074343
2970,4467.109740911634
2971,4462.203013391507
2972,4460.028224646631
2973,4461.088570423635
2974,4461.893713565467
2975,4464.646861056206
2976,4468.279135879195
2977,4473.575022587693
2978,4480.0978489944055
2979,4487.735615638648
2980,4496.002639983009
2981,4504.888931490064
2982,4511.833899377342
2983,4517.985116067068
2984,4524.657548486366
2985,4533.292092059905
2986,4545.393814928788
2987,4559.0950564942
2988,4573.646768163941
2989,4590.511002987373
2990,4608.01640871463
2991,4625.665674482017
2992,4646.231454232847
2993,4669.356234762407
2994,4695.400429603608
2995,4723.602182974934
2996,4751.5955350822005
2997,4778.774363943247
2998,4803.223484921316
2999,4827.049032012621
3000,4849.718134355297
3001,4870.067402201492
3002,4888.883727858199
3003,4907.219333546973
3004,4923.3205474699525
3005,4935.641260471913
3006,4943.755825614269
3007,4947.6590755796
3008,4946.7128122909
3009,4942.428148831722
3010,4933.581993600595
3011,4919.910256553303
3012,4903.55252726304
3013,4885.908179713646
3014,4866.182796648506
3015,4845.127504211689
3016,4821.696730687602
3017,4796.297306946051
3018,4768.1396767718015
3019,4737.219077753672
3020,4702.963118620774
3021,4673.1604341751545
3022,4638.3135454911735
3023,4600.217398262187
3024,4560.644025958607
3025,4522.65245702532
3026,4486.155690535687
3027,4451.468108358097
3028,4419.804844220018
3029,4389.782127005694
3030,4361.373751477173
3031,4334.692518717662
3032,4310.166344387541
3033,4287.117580840224
3034,4265.370423692322
3035,4245.245456119874
3036,4224.528811512177
3037,4203.631202615995
3038,4181.958146100128
3039,4161.043670931339
3040,4138.069127259878
3041,4110.9503270070745
3042,4082.3355800675195
3043,4053.055083293238
3044,4021.1470490695165
3045,3987.451811451421
3046,3952.6294356814337
3047,3917.1974255986647
3048,3882.099514738883
3049,3848.070413645151
3050,3816.2313187171385
3051,3786.6911515604943
3052,3757.6985026609887
3053,3730.5447241897914
3054,3705.0247005607057
3055,3678.3357440787227
3056,3655.614072771258
3057,3635.7955465858195
3058,3618.3953796229944
3059,3606.6843494218288
3060,3598.5270873087134
3061,3593.4898695235897
3062,3593.0290900397654
3063,3598.353602489371
3064,3607.5262996686893
3065,3621.778246869297
3066,3640.710210183332
3067,3663.88354900347
3068,3692.3038922100586
3069,3727.4883108984986
3070,3768.179533806393
3071,3812.954775517922
3072,3862.5659037546093
3073,3913.8210920535375
3074,3964.4658065159933
3075,4011.917001631013
3076,4056.720654748684
3077,4097.16419711132
3078,4132.350078966814
3079,4162.245283527895
3080,4188.677014067112
3081,4212.676764427942
3082,4232.098993984775
3083,4250.268223241361
3084,4265.294303406553
3085,4277.518830574576
3086,4288.619633355795
3087,4298.800721779702
3088,4306.308857031112
3089,4312.583204566476
3090,4317.506937325011
3091,4320.859585815345
3092,4323.842146246717
3093,4326.304464310624
3094,4328.8187650470745
3095,4331.041924439345
3096,4333.635101825183
3097,4335.081312223203
3098,4335.069657899859
3099,4332.378225932075
3100,4325.75405817412
3101,4316.6401027998945
3102,4304.547336416086
3103,4291.082327426924
3104,4277.122181234129
3105,4262.969141971096
3106,4247.340204791409
3107,4231.981229026662
3108,4216.340495988143
3109,4199.4004386693605
3110,4181.286720544442
3111,4162.138801081262
3112,4140.121219201364
3113,4114.46065470926
3114,4086.405716331393
3115,4054.9084012035637
3116,4019.6535470774356
3117,3984.4281983909277
3118,3947.6428483449777
3119,3908.362014949121
3120,3868.300464871211
3121,3827.283801234526
3122,3786.1165958640495
3123,3744.018151028475
3124,3700.7633971312835
3125,3657.446347200299
3126,3613.916178883861
3127,3569.0975741705693
3128,3525.2032362533046
3129,3481.910898118237
3130,3443.288119256652
3131,3407.254183494708
3132,3375.147260445441
3133,3345.853251364732
3134,3320.2867401694302
3135,3298.043875429518
3136,3279.9367903668067
3137,3264.7440485862403
3138,3250.703192400432
3139,3235.8972847219566
3140,3220.1358065307368
3141,3205.4525964619493
3142,3191.8129679561434
3143,3177.9865594891585
3144,3164.8409851707283
3145,3153.59326012496
3146,3141.139957161837
3147,3128.384451968723
3148,3116.8918460061413
3149,3105.071262930963
3150,3091.99226265487
3151,3080.5815200033635
3152,3067.0848535350515
3153,3054.744891944999
3154,3045.001795999633
3155,3039.2029583473263
3156,3037.540104387497
3157,3037.5687615085703
3158,3040.2317411557074
3159,3043.72434311862
3160,3045.911956671064
3161,3050.364934466453
3162,3056.08360777677
3163,3060.553971685565
3164,3063.101865943174
3165,3065.1836716552552
3166,3067.7294665703935
3167,3070.220917831105
3168,3073.3918228910416
3169,3078.692246726824
3170,3085.2867268752743
3171,3091.9808094367654
3172,3099.0505302712445
3173,3106.9714408910113
3174,3116.2012685351
3175,3127.6672419502866
3176,3140.819077571822
3177,3156.731397694301
3178,3175.5483062290123
3179,3196.6875884680026
3180,3220.0485274104794
3181,3245.4977538102066
3182,3270.198438074587
3183,3294.142946379566
3184,3317.323737662836
3185,3341.919051841007
3186,3370.6384132763496
3187,3399.2301110367216
3188,3431.8569285405315
3189,3467.519982340424
3190,3504.720199636092
3191,3548.490724327401
3192,3586.57108080884
3193,3630.7085093701035
3194,3680.42757330484
3195,3733.4746244549033
3196,3789.2748011315343
3197,3845.5278855723636
3198,3899.2731472206947
3199,3953.296757593565
3200,4002.9696226312244
3201,4050.889403275478
3202,4094.234474516208
3203,4133.53077554391
3204,4169.307298748706
3205,4198.592169104144
3206,4221.910389563958
3207,4241.374887288541
3208,4257.642083505748
3209,4269.332018887178
3210,4280.371764442725
3211,4289.475564604167
3212,4294.557137717354
3213,4300.889622836645
3214,4307.765905103467
3215,4315.021741494825
3216,4324.068345064391
3217,4333.877431558861
3218,4341.675424704324
3219,4346.426365792433
3220,4350.155714403741
3221,4348.809830542228
3222,4340.2911592503415
3223,4330.278683288701
3224,4316.5954172254515
3225,4300.0733867408835
3226,4280.2837926829825
3227,4259.32911122784
3228,4237.6059023374455
3229,4217.129149736793
3230,4195.254712788581
3231,4173.813046301695
3232,4151.976682589062
3233,4127.740423927193
3234,4104.761381168309
3235,4083.5049824656357
3236,4061.9778081098284
3237,4041.3976050447905
3238,4024.603448890518
3239,4009.768989948838
3240,3993.5565865902427
3241,3976.801088600646
3242,3960.8865337234006
3243,3948.074690638729
3244,3936.447417495944
3245,3925.8212163622848
3246,3919.058543200056
3247,3916.181438525682
3248,3916.852471417853
3249,3917.436270034041
3250,3919.3643131602
3251,3924.912248000283
3252,3932.0248860147008
3253,3935.5613154723765
3254,3933.91185306929
3255,3932.456849146094
3256,3929.576845705437
3257,3927.4464518054456
3258,3927.119164732924
3259,3926.0220506380447
3260,3923.900954766969
3261,3920.276055924458
3262,3915.7021812318703
3263,3911.2125288166367
3264,3905.2474390563743
3265,3899.414683044723
3266,3893.237441043896
3267,3885.369227507759
3268,3878.1979196796365
3269,3869.950911010684
3270,3861.6519159372046
3271,3855.1752412852643
3272,3851.37335810167
3273,3850.174914551437
3274,3852.0392252126176
3275,3858.268637802842
3276,3872.8363812039397
3277,3891.825041985205
3278,3913.8285434242866
3279,3935.72473899005
3280,3959.24998604317
3281,3985.0121970875575
3282,4012.3898472743913
3283,4041.820722382964
3284,4076.1990012979427
3285,4111.529840728923
3286,4148.28871947195
3287,4185.671824683198
3288,4223.539978799391
3289,4261.729020262855
3290,4302.161544056843
3291,4342.864822046046
3292,4381.188694476466
3293,4418.60725009543
3294,4453.221459933879
3295,4484.837068360071
3296,4513.783357312688
3297,4538.7348035344
3298,4558.952995854437
3299,4574.170467877221
3300,4585.919668146723
3301,4594.200796561468
3302,4602.6182619877045
3303,4613.656896698985
3304,4625.10288913951
3305,4642.349854476376
3306,4657.35471431945
3307,4677.717674872588
3308,4699.5638046367
3309,4721.485673368433
3310,4742.436152830153
3311,4761.416219730635
3312,4777.272035211259
3313,4788.414865388369
3314,4795.548392863367
3315,4805.024392501322
3316,4815.049854913341
3317,4824.610202538147
3318,4830.906267001675
3319,4833.713477516261
3320,4834.837508911187
3321,4834.754809474885
3322,4833.050701709568
3323,4830.101826784751
3324,4827.31833039178
3325,4824.712238684504
3326,4822.078221189175
3327,4818.272886019529
3328,4811.90478648762
3329,4803.833411025406
3330,4796.835060401604
3331,4792.876717937019
3332,4790.003671716484
3333,4790.097005650865
3334,4793.514228173418
3335,4794.870162188202
3336,4792.478718375861
3337,4786.220656860973
3338,4772.415329771033
3339,4754.108578258354
3340,4737.48429044679
3341,4722.990028408005
3342,4709.801548916936
3343,4697.009701531172
3344,4684.112917560594
3345,4671.058958851068
3346,4654.183163923372
3347,4632.347933796852
3348,4607.476214758242
3349,4582.554971949823
3350,4554.16656316961
3351,4524.755635312503
3352,4494.228805295515
3353,4463.41758042252
3354,4429.740412381606
3355,4396.896809333206
3356,4360.392501563531
3357,4322.828374538311
3358,4286.267344743804
3359,4253.03748209592
3360,4224.145143417041
3361,4197.845072957684
3362,4174.383978887217
3363,4153.972827045912
3364,4137.055101827259
3365,4122.8057300326855
3366,4110.0131347732895
3367,4092.5294275071847
3368,4077.4372350735775
3369,4062.2202172909024
3370,4044.248689013968
3371,4026.1150944541046
3372,4006.611745532909
3373,3989.0226507057637
3374,3973.291866002875
3375,3961.176257951319
3376,3949.695605439073
3377,3938.161482530974
3378,3927.147990985645
3379,3912.7924190237622
3380,3897.0945089544707
3381,3877.1533443409053
3382,3853.6040588484234
3383,3830.623691997906
3384,3804.1973832562085
3385,3776.2760581642005
3386,3747.164356636553
3387,3718.73502504024
3388,3689.5542649578138
3389,3662.7782965894694
3390,3640.4027295816236
3391,3620.767808486349
3392,3600.0773563272796
3393,3577.6001484518856
3394,3553.1460251652284
3395,3528.0350260392083
3396,3503.184695068592
3397,3480.759561214305
3398,3459.8814152636564
3399,3441.0684777431843
3400,3425.8346380347557
3401,3415.5451333715655
3402,3408.493101564069
3403,3406.680267421969
3404,3409.427359891242
3405,3413.476251541347
3406,3423.1041063510584
3407,3435.6821033477004
3408,3449.7319299067294
3409,3464.6426415478372
3410,3479.9507823827926
3411,3495.37811908968
3412,3512.317463078954
3413,3530.948474748066
3414,3549.7951664482307
3415,3571.0142955286433
3416,3593.688034338013
3417,3617.4199630909657
3418,3644.4867301065246
3419,3672.9122549995445
3420,3697.642461656472
3421,3725.8256758546163
3422,3756.0514930307645
3423,3785.459119420661
3424,3813.5465024672776
3425,3840.4499654044885
3426,3865.814506734971
3427,3889.4450186665804
3428,3913.947269553477
3429,3938.3725630869553
3430,3961.6056907822503
3431,3984.7064294344837
3432,4005.4781951010696
3433,4024.0765936745056
3434,4040.9929761459503
3435,4059.230505830436
3436,4078.2767741260104
3437,4097.460330851651
3438,4118.164768144832
3439,4139.40801031739
3440,4161.530607120949
3441,4183.263582725496
3442,4203.628405975458
3443,4221.439990249436
3444,4239.418839060862
3445,4257.765575306636
3446,4277.595318756885
3447,4296.524132969503
3448,4314.611872924364
3449,4333.753153687554
3450,4352.163717692618
3451,4367.021441329481
3452,4381.476599238754
3453,4393.529989906015
3454,4403.618811946738
3455,4410.758139729575
3456,4416.318237384746
3457,4419.920410341687
3458,4420.687120197642
3459,4421.940250908551
3460,4420.751988635791
3461,4417.793688704259
3462,4413.160266288197
3463,4404.940096242097
3464,4393.135232937724
3465,4379.285313256627
3466,4362.391934153061
3467,4341.629585575368
3468,4317.544149640072
3469,4290.526953059489
3470,4259.154255903644
3471,4223.798869111468
3472,4188.341621399824
3473,4156.164800424643
3474,4129.503896609208
3475,4104.523112330422
3476,4086.318154526741
3477,4070.4798412375394
3478,4059.1526288146542
3479,4051.696668306835
3480,4044.4059014449804
3481,4038.5223012938895
3482,4031.662522639528
3483,4022.0015437513644
3484,4009.6945649446957
3485,3994.5380091469447
3486,3977.530909169093
3487,3960.523110779764
3488,3944.7608030510364
3489,3928.599714136861
3490,3912.261975413812
3491,3899.1346510339636
3492,3888.3862600091975
3493,3880.4167633947586
3494,3876.6151935139815
3495,3874.685616189024
3496,3875.221092132013
3497,3876.606674409566
3498,3877.316347588416
3499,3879.936238050378
3500,3884.3515238456093
3501,3890.1402417485374
3502,3896.171263213224
3503,3903.058109871033
3504,3910.8667968421564
3505,3919.3799678497735
3506,3929.116643969646
3507,3937.3653938719904
3508,3945.9690838682795
3509,3952.669756211911
3510,3958.5338274740257
3511,3964.362242670664
3512,3969.9861219313507
3513,3976.7395733768
3514,3985.812655777809
3515,3992.215774007508
3516,3998.543924313643
3517,4002.3687164052953
3518,4005.9137263421667
3519,4008.111826452822
3520,4009.213244481532
3521,4008.8436780327143
3522,4007.5378597378794
3523,4004.700216319885
3524,3999.9072497291436
3525,3990.5651036769796
3526,3977.531492229301
3527,3958.5184095512923
3528,3933.4295162671256
3529,3906.1289442364086
3530,3879.4749598487538
3531,3852.4289086719637
3532,3824.6409592888826
3533,3799.8393273253596
3534,3778.2619075170946
3535,3758.745171431182
3536,3743.204426006314
3537,3733.8624158023167
3538,3732.1848087301237
3539,3737.4029960567946
3540,3750.6849669363774
3541,3772.8519566906816
3542,3798.0093175252855
3543,3828.1993254033778
3544,3858.036561094716
3545,3889.4916908914984
3546,3921.859674199427
3547,3958.2052111161192
3548,3995.9954218164658
3549,4033.9240186878324
3550,4070.8622722153204
3551,4104.731729967267
3552,4134.420664254933
3553,4158.391535481732
3554,4178.282307777144
3555,4197.913943483652
3556,4214.823510025212
3557,4232.578535602588
3558,4248.634895396274
3559,4260.555498563718
3560,4269.071506802746
3561,4273.103056009401
3562,4274.629637922935
3563,4275.722157931196
3564,4276.052045169869
3565,4274.806675226709
3566,4272.401541626698
3567,4266.680176643493
3568,4257.127952846623
3569,4247.07641303111
3570,4236.081907098867
3571,4221.96827101009
3572,4208.542897766043
3573,4194.237520620249
3574,4182.6350310984035
3575,4173.043220474736
3576,4166.072960825759
3577,4161.163499414703
3578,4157.975082786287
3579,4156.151877116993
3580,4156.277176064829
3581,4157.21631206974
3582,4159.529832457303
3583,4164.562625822152
3584,4171.160706680656
3585,4178.976112636514
3586,4185.997655000954
3587,4191.175892473258
3588,4190.463085485986
3589,4182.966802087582
3590,4166.132954027833
3591,4151.487506215853
3592,4126.419365415243
3593,4093.7833130140807
3594,4057.7859576476976
3595,4022.3632870091283
3596,3988.2609629743415
3597,3958.179490356582
3598,3933.254415485211
3599,3910.87381685052
3600,3891.2349079713226
3601,3876.5343984261485
3602,3865.304621225526
3603,3857.7705893706047
3604,3853.0449814343942
3605,3851.2437366780937
3606,3851.9329197570073
3607,3852.892794483864
3608,3850.8912950206573
3609,3847.626100967536
3610,3842.9705648181794
3611,3837.384728535531
3612,3829.394671480617
3613,3819.7777995240926
3614,3810.695712641642
3615,3800.886334688799
3616,3790.105701043222
3617,3780.836570135284
3618,3773.2342588449574
3619,3765.9640005383235
3620,3761.096663470261
3621,3758.8263388769597
3622,3756.4044548263764
3623,3754.0228168388303
3624,3753.7914509398265
3625,3755.1434488410064
3626,3758.713826045525
3627,3762.5928870406233
3628,3765.9613962476956
3629,3768.9408130542274
3630,3773.0920924143566
3631,3781.6651785119643
3632,3794.0865887060822
3633,3812.12886970375
3634,3837.305116765166
3635,3867.038612365323
3636,3901.7274716519914
3637,3938.299704880948
3638,3977.611136834391
3639,4022.622560346772
3640,4071.4232657724115
3641,4123.1047123923
3642,4178.879260246025
3643,4238.46200251568
3644,4297.663121862138
3645,4354.554995716918
3646,4407.945205134416
3647,4455.411452667517
3648,4496.707088021314
3649,4535.893356199713
3650,4572.29099483276
3651,4603.642489844038
3652,4632.328835690581
3653,4658.12908792266
3654,4680.734870721228
3655,4699.274474778329
3656,4715.343142828556
3657,4732.063830379082
3658,4748.922010170238
3659,4767.8533121961555
3660,4788.378242111952
3661,4809.1842621877895
3662,4832.233319547256
3663,4857.619955773412
3664,4885.865924126708
3665,4916.340132442633
3666,4950.081054961937
3667,4986.760571179961
3668,5023.263204480171
3669,5057.769502414443
3670,5091.058230084895
3671,5124.184785048059
3672,5157.889159200099
3673,5195.212778451683
3674,5232.949537825176
3675,5269.790801497271
3676,5307.853284501467
3677,5342.251362661158
3678,5374.5818026557645
3679,5402.978558416201
3680,5429.726896106256
3681,5453.286331833358
3682,5472.796380578094
3683,5490.947795028326
3684,5504.818838242959
3685,5514.324722086825
3686,5520.2431160008755
3687,5523.491125180951
3688,5524.241466985559
3689,5522.9435136950815
3690,5518.879889423398
3691,5511.828119831662
3692,5501.745592892326
3693,5488.223586503941
3694,5469.535679352138
3695,5446.830628283327
3696,5421.523228225594
3697,5391.428434798003
3698,5358.3909276274635
3699,5321.830327008128
3700,5281.018357790667
3701,5238.492615257278
3702,5191.9014518228405
3703,5141.930555280777
3704,5090.190415435499
3705,5045.176493770106
3706,4996.219849356816
3707,4947.122991048052
3708,4898.49942866305
3709,4847.97648503163
3710,4795.9772332158755
3711,4744.619830539421
3712,4692.760856316358
3713,4642.749193261391
3714,4591.1151849448925
3715,4539.764150671788
3716,4487.87020645411
3717,4436.365378548569
3718,4386.717698908738
3719,4340.600991981681
3720,4296.495149364544
3721,4253.925785550511
3722,4214.588385404556
3723,4175.208825594676
3724,4135.072611532586
3725,4093.4870137334688
3726,4051.0365659253575
3727,4008.5023287713057
3728,3967.3074440109067
3729,3923.1760812261437
3730,3879.002124852197
3731,3831.2555953249657
3732,3782.741749020067
3733,3734.052905813336
3734,3684.599360133409
3735,3635.2052331093705
3736,3588.775317860515
3737,3545.769804141531
3738,3507.1725498422893
3739,3472.8329700663203
3740,3442.850485105361
3741,3420.297033073273
3742,3401.2438068169668
3743,3388.896694686474
3744,3383.7450881456075
3745,3383.3886567178483
3746,3387.0577265337324
3747,3395.9066560285664
3748,3410.714615034375
3749,3429.8087638435463
3750,3451.740952803793
3751,3475.9040911382035
3752,3504.850114681622
3753,3536.585365030346
3754,3569.7736297545903
3755,3605.084172484877
3756,3643.4382954914927
3757,3686.666927353485
3758,3729.677014549902
3759,3772.297455904031
3760,3812.890966657644
3761,3853.8257609568523
3762,3889.439031997163
3763,3924.6825309247556
3764,3955.6116244001732
3765,3982.340014782697
3766,4006.1939797239893
3767,4027.2012656721763
3768,4044.340187063267
3769,4055.595016844229
3770,4064.5403764352955
3771,4067.337994717744
3772,4065.133639660947
3773,4055.8411331214475
3774,4042.3319931439432
3775,4026.7790062225845
3776,4008.390798938254
3777,3989.358049827657
3778,3968.5744373978105
3779,3950.45850441172
3780,3935.864616616196
3781,3924.583169627739
3782,3914.912351341318
3783,3903.7159283403753
3784,3891.8134304322934
3785,3879.556171904133
3786,3866.986619273948
3787,3854.1850161838984
3788,3844.007247398527
3789,3832.656618111673
3790,3820.7159691670336
3791,3805.7265986813145
3792,3787.939832154812
3793,3766.6286780201613
3794,3743.6321797132273
3795,3716.349844348302
3796,3688.67263665581
3797,3658.723707493632
3798,3626.834212471042
3799,3593.509297202803
3800,3559.1137538279577
3801,3525.6945064810443
3802,3490.6813712020557
3803,3455.978955967457
3804,3419.2284658851668
3805,3383.0229666220707
3806,3348.3592418063968
3807,3315.7810801870723
3808,3284.7963553496706
3809,3255.608258684732
3810,3227.2478229769267
3811,3199.707475293327
3812,3171.708243504487
3813,3143.494366725463
3814,3115.551351351541
3815,3091.263010080108
3816,3068.78622502115
3817,3045.720729040205
3818,3027.3942114635724
3819,3011.450141171903
3820,2999.2977850459342
3821,2986.793726018543
3822,2974.3576542613264
3823,2962.6986172384495
3824,2950.4357650980705
3825,2937.20324125376
3826,2924.6939941747355
3827,2911.1237102014334
3828,2901.1317968957546
3829,2893.3120789169784
3830,2887.797094467917
3831,2885.5885392348428
3832,2884.2803423802816
3833,2883.2929110674795
3834,2885.19653971578
3835,2889.7000942351747
3836,2893.511620544613
3837,2900.202141800101
3838,2910.0451472452764
3839,2923.3224873719014
3840,2938.4654072210938
3841,2955.07093237126
3842,2970.726518049116
3843,2985.456356228663
3844,3001.250122881356
3845,3015.9484676181987
3846,3031.1171071043204
3847,3046.504308441672
3848,3061.846204809374
3849,3078.3256327380254
3850,3095.9963294262425
3851,3116.8170694642863
3852,3138.2725351055533
3853,3159.235166766089
3854,3182.538229330145
3855,3206.774953080576
3856,3233.7738193428577
3857,3260.16562504344
3858,3288.8946889445688
3859,3320.5319987311773
3860,3351.5691415948327
3861,3381.1568190821786
3862,3410.0372451926874
3863,3438.9810571443895
3864,3467.4700909431645
3865,3494.4288975958857
3866,3522.4980882343434
3867,3550.465197264159
3868,3576.8560379306427
3869,3601.087802078143
3870,3624.479450927652
3871,3648.7955874215145
3872,3673.0316501075004
3873,3697.348692658777
3874,3724.513738076828
3875,3756.1386458095576
3876,3783.6523155370323
3877,3814.344654779707
3878,3848.6598832356276
3879,3885.6216798857627
3880,3924.7331819239844
3881,3964.622183752578
3882,4004.731623152203
3883,4043.874649487347
3884,4082.802343764754
3885,4120.2888035972355
3886,4155.504538127877
3887,4187.001937989405
3888,4215.000636478531
3889,4239.801570066334
3890,4263.447211908237
3891,4284.887221620835
3892,4305.719499129123
3893,4325.682918718257
3894,4344.1276656123355
3895,4363.487447560008
3896,4382.452715979512
3897,4402.306448899377
3898,4425.546871970777
3899,4448.67050781115
3900,4474.5064667863835
3901,4502.200874022358
3902,4529.7914079077045
3903,4556.314053170636
3904,4582.350886379621
3905,4607.284189889239
3906,4632.171092865816
3907,4655.991948907667
3908,4679.141958624073
3909,4700.266326673674
3910,4721.015802508449
3911,4741.8020515343005
3912,4761.931873429776
3913,4780.4265667200925
3914,4797.4466097265195
3915,4814.533631673411
3916,4832.103914739894
3917,4847.946336515717
3918,4863.69574432438
3919,4877.015506650054
3920,4887.808453487414
3921,4895.961390799053
3922,4901.461659730493
3923,4905.680793513991
3924,4910.320051711365
3925,4914.931389355654
3926,4919.8601616380465
3927,4924.580743190816
3928,4927.827002182539
3929,4931.33964761673
3930,4934.261934905024
3931,4936.15062383388
3932,4938.6529640600875
3933,4940.830000056888
3934,4943.742622775789
3935,4946.005629810105
3936,4946.765454919782
3937,4944.580313137279
3938,4940.0109217736535
3939,4932.132429846403
3940,4921.591484790559
3941,4906.017324180311
3942,4887.141789992145
3943,4865.687385315221
3944,4842.707798051028
3945,4817.878751855943
3946,4788.863772424839
3947,4759.6417535865
3948,4730.6862971525925
3949,4703.090669518517
3950,4675.564424453462
3951,4648.346934305431
3952,4622.322624694401
3953,4596.651510981169
3954,4573.706464156813
3955,4550.425944755311
3956,4527.940966734849
3957,4506.336971064166
3958,4484.986845996243
3959,4459.845794146232
3960,4435.724560811656
3961,4411.442911900023
3962,4387.100912392459
3963,4362.818270968986
3964,4341.402538959479
3965,4322.093008390151
3966,4304.263256120913
3967,4288.93039671262
3968,4276.538957388134
3969,4268.41636410388
3970,4260.856840248232
3971,4255.785632802844
3972,4254.229478000951
3973,4251.535532143202
3974,4249.27405619511
3975,4248.396404071153
3976,4246.845228662964
3977,4242.273811929352
3978,4233.874173805506
3979,4223.967136517341
3980,4212.338964205086
3981,4201.13307031565
3982,4193.899825241705
3983,4187.880145651451
3984,4184.87695736821
3985,4181.1339045123295
3986,4176.233780736317
3987,4173.86566126798
3988,4177.696134405034
3989,4187.1556270941
3990,4195.385385733588
3991,4209.193125248152
3992,4230.467819982535
3993,4255.72465100515
3994,4285.907986208678
3995,4317.717101173592
3996,4349.752619147131
3997,4382.504215736682
3998,4414.041966622396
3999,4447.801697134228
4000,4477.593521861267
4001,4505.893901160579
4002,4533.153968935851
4003,4557.966805402904
4004,4583.440784480234
4005,4607.8700364558035
4006,4629.082934928488
4007,4649.421926510021
4008,4669.874743579232
4009,4691.54173232514
4010,4713.77095459904
4011,4736.888226664729
4012,4759.816243104146
4013,4782.736533686238
4014,4803.123823618139
4015,4817.871555976866
4016,4827.873387526002
4017,4833.580668531295
4018,4835.271668271326
4019,4831.0408414938665
4020,4821.5105354084
4021,4810.349018488646
4022,4795.091821559966
4023,4778.084052974145
4024,4758.175843632689
4025,4735.74848549953
4026,4711.904909532021
4027,4688.28490751205
4028,4666.315836007413
4029,4645.6943416111935
4030,4627.635541161353
4031,4608.216029321426
4032,4586.387634251256
4033,4564.2362806344145
4034,4539.245211488804
4035,4513.792855726364
4036,4486.490429950655
4037,4456.921090680998
4038,4423.763750273658
4039,4387.503559848748
4040,4347.618951237405
4041,4303.856672768586
4042,4256.402437616445
4043,4206.762250889796
4044,4155.95423274778
4045,4102.859750054583
4046,4050.0903114976336
4047,4004.180899953088
4048,3957.5958544332116
4049,3909.8382771277134
4050,3862.9569261818006
4051,3816.243903090763
4052,3770.762339717882
4053,3724.9001383106583
4054,3680.1422982286963
4055,3634.687185255341
4056,3587.072903963407
4057,3539.7934267448322
4058,3493.531760128769
4059,3448.4303170311946
4060,3403.023287570997
4061,3358.754887928725
4062,3315.416645143355
4063,3272.0620690339956
4064,3229.482587346021
4065,3188.4434198356425
4066,3148.877194904726
4067,3109.411969947714
4068,3072.2757853494995
4069,3035.8145088255524
4070,3001.8918120816115
4071,2969.049443371246
4072,2935.0804004786214
4073,2899.6305313567022
4074,2865.2987010359566
4075,2831.1359516969665
4076,2796.3961306875503
4077,2761.9551895516
4078,2727.0775222953416
4079,2693.392500743923
4080,2659.8174739631268
4081,2625.8288359605717
4082,2594.9760367898434
4083,2566.302597945133
4084,2540.908714275709
4085,2519.1091367844974
4086,2502.1581466689477
4087,2491.7790506295705
4088,2487.974091312238
4089,2488.6793330979485
4090,2493.961319487971
4091,2503.212629451704
4092,2515.357273008647
4093,2531.7968333403587
4094,2553.6931337545425
4095,2580.492323039528
4096,2612.9873476737807
4097,2650.849084146579
4098,2693.4320261870876
4099,2741.7669118401686
4100,2793.6427365397253
4101,2850.4637390385633
4102,2910.4345366846123
4103,2973.398420549344
4104,3028.17699951166
4105,3085.5012836445712
4106,3143.1427157221015
4107,3200.655084517543
4108,3256.548631297215
4109,3309.235499812369
4110,3357.7090838366535
4111,3401.2191384037214
4112,3441.089042870945
4113,3477.180511965575
4114,3507.4037459604797
4115,3531.067148589188
4116,3550.7705636713026
4117,3566.520829143405
4118,3582.030138301501
4119,3596.0901604538667
4120,3609.9643189886383
4121,3624.7164225457313
4122,3638.27335959841
4123,3653.408746052631
4124,3669.4121875021574
4125,3687.3607486069554
4126,3705.8552860632285
4127,3724.590683590812
4128,3744.687153352849
4129,3764.0823988206553
4130,3783.6706143186284
4131,3803.695286040643
4132,3823.674842274431
4133,3843.070562554211
4134,3859.527772013786
4135,3870.5954947848854
4136,3879.030674245077
4137,3883.6287977375387
4138,3884.1141553416696
4139,3878.742981820501
4140,3869.1318949277224
4141,3854.325133312874
4142,3833.687934803883
4143,3809.7509037946743
4144,3780.0174967766725
4145,3747.417946228943
4146,3712.133419036326
4147,3672.751164771665
4148,3631.091592877175
4149,3588.3318073407863
4150,3543.5063250979615
4151,3497.2144137368305
4152,3450.5322655296004
4153,3405.0745137941853
4154,3359.553195173024
4155,3315.676907711983
4156,3273.9281461114533
4157,3237.44875621993
4158,3205.0111870049045
4159,3178.438362768438
4160,3158.572201351556
4161,3141.288640918869
4162,3131.4408601228774
4163,3127.326071304688
4164,3127.711706507122
4165,3134.637364422818
4166,3147.322079100221
4167,3162.7582932762384
4168,3181.74487085446
4169,3202.2269006613205
4170,3224.4579738463317
4171,3247.4655237148977
4172,3272.7224944674686
4173,3298.2676163442597
4174,3325.902356331432
4175,3355.4193925138925
4176,3386.8475457547274
4177,3418.556858154238
4178,3449.150032243433
4179,3477.4419826581934
4180,3506.587561219281
4181,3533.877742291823
4182,3560.080632562503
4183,3583.6611622240084
4184,3605.9867431411694
4185,3624.004634576601
4186,3641.038121624521
4187,3658.732401784154
4188,3678.3337563447326
4189,3699.7999483868107
4190,3720.7228459681696
4191,3742.986106846518
4192,3765.2037328827782
4193,3788.2750501946102
4194,3810.560649882662
4195,3833.4783295386346
4196,3860.275882546591
4197,3889.1130532525203
4198,3919.2614351622437
4199,3947.5318201216846
4200,3976.435182306682
4201,4004.4814970485395
4202,4030.0327078754467
4203,4053.8439167676515
4204,4076.209994170659
4205,4095.9031881006667
4206,4111.330207728548
4207,4123.492704268741
4208,4131.380792275802
4209,4134.609333383154
4210,4134.568495475662
4211,4128.9432886936
4212,4117.044300614868
4213,4099.606330789069
4214,4078.839174765208
4215,4054.1195219961164
4216,4026.0613460789814
4217,3999.732163336477
4218,3976.8257743504982
4219,3954.961242032974
4220,3934.0460062083325
4221,3912.6112147180947
4222,3893.821174852107
4223,3876.463961830934
4224,3864.2868886317
4225,3856.2337895990713
4226,3851.7351169170206
4227,3851.14352118765
4228,3854.4742243336977
4229,3861.3324706221274
4230,3873.182262971518
4231,3890.0262037313773
4232,3910.5874626215955
4233,3934.28938093661
4234,3958.6989392849314
4235,3982.717566326084
4236,4006.157267521579
4237,4030.6590825228977
4238,4055.31678813152
4239,4082.5062201606156
4240,4111.356359841105
4241,4141.8396400536885
4242,4171.728500240514
4243,4202.416429008094
4244,4231.79534068476
4245,4258.967266175427
4246,4284.871926026724
4247,4309.625513003245
4248,4334.649197313181
4249,4359.961662410905
4250,4386.566964358959
4251,4412.924384755106
4252,4438.144885533696
4253,4463.395772619486
4254,4487.928913473524
4255,4510.940137780625
4256,4533.940894649762
4257,4554.708390899977
4258,4576.582674577949
4259,4598.4336957322985
4260,4621.301299261639
4261,4644.808693724634
4262,4669.1671275109475
4263,4695.89169220486
4264,4720.25435273396
4265,4745.803809096186
4266,4771.338735549285
4267,4796.258903464728
4268,4825.430650037106
4269,4852.822361546266
4270,4878.70900894965
4271,4899.7385478903125
4272,4913.74187423
4273,4922.209659837384
4274,4922.720919231226
4275,4923.165714903867
4276,4914.194262339631
4277,4901.038335531243
4278,4884.215192230055
4279,4863.621694927201
4280,4842.258868936714
4281,4820.5752513961215
4282,4799.948173674595
4283,4780.708408616675
4284,4763.444170542966
4285,4746.891453043664
4286,4734.923349519412
4287,4726.221545654579
4288,4721.926553226837
4289,4721.980958526294
4290,4726.209193822624
4291,4731.376687420674
4292,4737.902492871563
4293,4745.390590697526
4294,4753.956978261976
4295,4765.67032090288
4296,4782.134436594736
4297,4801.705389220495
4298,4823.361433384318
4299,4844.824906308458
4300,4866.123854313524
4301,4887.209168862501
4302,4906.295306207148
4303,4925.148253516159
4304,4944.0760523925155
4305,4963.929344412676
4306,4984.100375422407
4307,5004.141568607503
4308,5023.611927502473
4309,5043.378507483454
4310,5061.137980323835
4311,5079.503395254892
4312,5096.9781691787975
4313,5111.995521902412
4314,5124.9762809470585
4315,5136.830584842634
4316,5149.722866433263
4317,5161.391413337152
4318,5171.006193379697
4319,5180.074965062235
4320,5186.246342861477
4321,5190.17500026032
4322,5193.278308518731
4323,5194.954894964182
4324,5193.620794282928
4325,5191.692743586047
4326,5190.553049733406
4327,5187.419589988479
4328,5181.370859441468
4329,5171.759038034241
4330,5155.3816537073335
4331,5132.880371623078
4332,5113.304256209774
4333,5085.460381687261
4334,5050.227944818823
4335,5010.739085473633
4336,4966.686931181131
4337,4918.351195697167
4338,4863.7040963065165
4339,4803.593682124386
4340,4737.399080436319
4341,4667.766387633404
4342,4595.275362394772
4343,4519.250472682852
4344,4441.702180243159
4345,4363.228581630643
4346,4285.901404272793
4347,4209.3578372671345
4348,4134.962159754037
4349,4063.2940265418874
4350,3994.3090940968086
4351,3927.314801086025
4352,3862.1028902163202
4353,3798.7250511180177
4354,3737.013237396708
4355,3677.7183694737537
4356,3622.2064248505717
4357,3572.0866331975494
4358,3526.427987531987
4359,3485.0551775082026
4360,3449.0064353832895
4361,3417.6698233376205
4362,3388.51195344917
4363,3361.904258401463
4364,3338.3395608085057
4365,3317.863553916309
4366,3300.6090989150293
4367,3287.8806310848263
4368,3280.1119071221297
4369,3278.266970665178
4370,3280.582504552957
4371,3287.1371400184466
4372,3296.905984553327
4373,3309.5498390478374
4374,3325.4830706172484
4375,3347.225126427258
4376,3374.915014977072
4377,3405.815678946499
4378,3439.8420053441228
4379,3477.7516215226906
4380,3518.6527592990483
4381,3563.823851289603
4382,3612.42062092962
4383,3666.10002606985
4384,3724.898415990245
4385,3787.312168004352
4386,3852.7832395248806
4387,3920.5268423360685
4388,3990.6608278932276
4389,4051.677395327956
4390,4115.904475034978
4391,4180.60470157264
4392,4244.41951362238
4393,4304.311819136288
4394,4359.4821713422825
4395,4409.969471290591
4396,4455.672803457506
4397,4496.162335158095
4398,4533.793469514662
4399,4567.705972634339
4400,4597.6574693498305
4401,4621.65212014352
4402,4642.344660231317
4403,4659.740123415471
4404,4673.551152176307
4405,4686.261662271466
4406,4696.045853248842
4407,4701.644451184448
4408,4704.470526174765
4409,4704.46260240416
4410,4701.791214996295
4411,4693.367713216837
4412,4681.938354225372
4413,4668.026228413267
4414,4652.978258863147
4415,4636.060490945063
4416,4616.978208300559
4417,4595.480732119663
4418,4572.722527465807
4419,4546.88504544508
4420,4519.132764328146
4421,4490.453350931556
4422,4461.563215080959
4423,4433.963061653852
4424,4407.21677924579
4425,4381.944340251493
4426,4358.840315331461
4427,4337.006987015342
4428,4315.751886840896
4429,4297.310709003092
4430,4279.813273997849
4431,4265.108033696125
4432,4249.749788215517
4433,4234.410108198135
4434,4217.535993654722
4435,4199.152613532664
4436,4179.080219696181
4437,4159.611027608131
4438,4137.494314244592
4439,4113.7807982975
4440,4088.458126712139
4441,4062.3397227195996
4442,4038.270477378872
4443,4016.8639356334284
4444,3997.755623834517
4445,3986.966261574455
4446,3977.5795164082006
4447,3974.4847741370645
4448,3979.5122652225436
4449,3989.546232123337
4450,4000.6301098383656
4451,4015.272530366063
4452,4032.166679925934
4453,4046.00680318894
4454,4057.0852331312226
4455,4067.257175049246
4456,4075.867801051974
4457,4080.5690068883728
4458,4082.447873504996
4459,4082.2331060052106
4460,4081.760740965572
4461,4082.1641646619264
4462,4082.151227553498
4463,4082.1458030081144
4464,4081.6263583250725
4465,4079.601459405288
4466,4075.6947890590723
4467,4072.80300406462
4468,4067.0163145440215
4469,4059.1437326330442
4470,4053.3558903638987
4471,4047.38012934218
4472,4039.549904267691
4473,4032.787290412676
4474,4025.3590674473894
4475,4017.1279222711214
4476,4005.990193643892
4477,3991.996769937762
4478,3977.058911442321
4479,3961.239189646727
4480,3946.125121752447
4481,3930.8495813553905
4482,3915.5718612371597
4483,3898.947116605367
4484,3880.6555959153848
4485,3862.726448908287
4486,3841.862881351515
4487,3821.9951712275847
4488,3802.8889319098007
4489,3783.3958577083463
4490,3764.4648638402955
4491,3745.9053678553078
4492,3727.307791966535
4493,3710.80529367128
4494,3695.335843155581
4495,3679.827914596612
4496,3664.0701171780074
4497,3647.5138576617314
4498,3632.1088001254334
4499,3616.88516461989
4500,3601.0894369478474
4501,3585.1320007594504
4502,3568.3421962095586
4503,3553.7350662511526
4504,3542.0606721239315
4505,3531.8835607800693
4506,3521.8416355622217
4507,3512.824192129105
4508,3504.1595742372733
4509,3493.7242335892597
4510,3483.962183542136
4511,3471.854115316888
4512,3461.22768642243
4513,3453.771068895403
4514,3446.38684776961
4515,3438.8525060126517
4516,3430.5717732666462
4517,3421.276987599221
4518,3410.782813277429
4519,3404.4911840746804
4520,3401.2298028807363
4521,3399.4629210925837
4522,3399.0461049301352
4523,3397.040923362819
4524,3395.7378493323836
4525,3395.451760718205
4526,3395.642785428473
4527,3399.1023600650005
4528,3404.9362187511742
4529,3411.9802203204986
4530,3421.9653469642835
4531,3434.6159759082775
4532,3448.7694755450043
4533,3463.5343172994476
4534,3477.910694771433
4535,3494.339977684873
4536,3512.0705149509795
4537,3533.9112503984056
4538,3556.4652710007063
4539,3578.8570748447673
4540,3600.6064705469994
4541,3621.0994158477993
4542,3638.5939457479976
4543,3654.780244109439
4544,3670.774492173475
4545,3687.6139632095073
4546,3701.83096813436
4547,3716.101400351023
4548,3730.092295104288
4549,3745.118890967007
4550,3761.2001597127182
4551,3777.341535427665
4552,3794.8476755448232
4553,3813.0037571103844
4554,3833.094852411057
4555,3853.473604999682
4556,3874.7181837954913
4557,3896.7665456775167
4558,3920.80425431797
4559,3946.0486702424378
4560,3968.0113120967253
4561,3991.245166765793
4562,4016.0423014500384
4563,4042.152143528278
4564,4068.721383777617
4565,4095.855424067618
4566,4122.560682349165
4567,4150.276718220341
4568,4177.466982807396
4569,4204.01537917937
4570,4230.482298748569
4571,4255.260252848492
4572,4276.7264099114645
4573,4293.795667094654
4574,4309.823322424754
4575,4323.873169004488
4576,4336.852003210619
4577,4348.9950984539155
4578,4360.297885855757
4579,4370.896624427668
4580,4381.208408407053
4581,4393.028490630513
4582,4403.72800231546
4583,4414.600038198623
4584,4424.722165115208
4585,4433.677126667105
4586,4439.772884625808
4587,4443.686764561804
4588,4444.725032817826
4589,4442.317398707732
4590,4435.702122491397
4591,4427.911256352095
4592,4418.110473972899
4593,4406.663166854559
4594,4394.39167562254
4595,4381.117435458029
4596,4366.897725780542
4597,4351.744062320067
4598,4335.111191220898
4599,4318.1611968534235
4600,4301.5716526939905
4601,4285.854594624017
4602,4270.801610229381
4603,4255.869226316012
4604,4241.3188365595615
4605,4225.189156288204
4606,4208.204876521647
4607,4190.731433610708
4608,4171.437035655051
4609,4152.568363542385
4610,4132.627734757027
4611,4112.985467731831
4612,4093.9485770245537
4613,4073.406574278739
4614,4053.5018267297564
4615,4033.781775268164
4616,4013.9060073870733
4617,3996.614089330524
4618,3979.133517586055
4619,3962.839040581722
4620,3949.1083488004742
4621,3939.0829262293473
4622,3932.5142245897105
4623,3928.880367054772
4624,3927.437269559303
4625,3927.594164912862
4626,3928.0387631995586
4627,3927.122686796363
4628,3922.11747466119
4629,3914.277191613393
4630,3902.4114015388723
4631,3887.3877757111422
4632,3868.6535491344202
4633,3846.5008521663976
4634,3823.3934822495403
4635,3801.3002081415007
4636,3775.5585768903743
4637,3747.8053350588684
4638,3720.6596997590686
4639,3693.8327864330095
4640,3667.6338677573017
4641,3643.918943892154
4642,3620.850370665353
4643,3600.461087490632
4644,3583.016755368876
4645,3568.78405225657
4646,3558.00922048171
4647,3547.546746666368
4648,3536.1286611095206
4649,3525.3049720539098
4650,3515.93430287674
4651,3505.705153678995
4652,3495.043107396452
4653,3487.1003071019013
4654,3481.651514355151
4655,3477.1092098789563
4656,3471.2970501320383
4657,3465.297694279787
4658,3460.704004152965
4659,3456.0662947592573
4660,3451.935868572138
4661,3448.076743931206
4662,3446.5984444623914
4663,3444.4994194309097
4664,3441.4821135701445
4665,3438.609355241839
4666,3436.1949422148728
4667,3434.7748938111795
4668,3435.2250981756906
4669,3436.8880798573587
4670,3441.1035000053334
4671,3447.1089220677577
4672,3457.0127075330397
4673,3467.539893087542
4674,3476.6985445199593
4675,3485.854792436067
4676,3489.572818006522
4677,3490.7116162929055
4678,3490.0570556186585
4679,3488.34690406773
4680,3486.7112571348225
4681,3481.809793184091
4682,3478.831227152068
4683,3476.72310117531
4684,3476.9136399489184
4685,3479.612553106779
4686,3482.013120324193
4687,3487.1067376937467
4688,3493.7556314801745
4689,3499.8247154039996
4690,3504.3336449195494
4691,3506.9540051267163
4692,3511.306248789996
4693,3514.8638244381464
4694,3519.8950928830195
4695,3523.897629419169
4696,3527.6258214460336
4697,3531.825968067783
4698,3536.857924840975
4699,3542.776629318971
4700,3551.977670567209
4701,3564.2397649908294
4702,3578.036712788937
4703,3591.6447290034876
4704,3603.6230585242592
4705,3615.0542508513313
4706,3627.256836498018
4707,3639.7552320659192
4708,3656.918392934156
4709,3677.695564523139
4710,3700.490229882551
4711,3728.477972022457
4712,3756.5213560380403
4713,3786.33647276318
4714,3818.3722309754417
4715,3853.281630151815
4716,3889.635489916269
4717,3928.4156663559793
4718,3966.361617032568
4719,4003.7725409766945
4720,4039.1514659366967
4721,4072.016796629185
4722,4103.108001842882
4723,4131.284839134902
4724,4156.932311166385
4725,4180.030839907784
4726,4203.865799393239
4727,4229.364101750667
4728,4257.198475841367
4729,4288.072516827868
4730,4324.419946367309
4731,4356.042210066623
4732,4393.70481099836
4733,4437.103847806564
4734,4484.164566310316
4735,4533.319835453392
4736,4582.319669893996
4737,4632.284300766886
4738,4680.017198261678
4739,4727.596777559816
4740,4774.507659114289
4741,4820.934230005709
4742,4865.878823009286
4743,4908.261939498163
4744,4947.1759253302
4745,4983.23998206897
4746,5015.77067748562
4747,5045.03592169751
4748,5069.140667992527
4749,5088.980870767828
4750,5106.720705728595
4751,5120.603177348418
4752,5130.293880831839
4753,5138.313832663846
4754,5144.5040161164425
4755,5148.553251154515
4756,5150.40648869743
4757,5150.487595446397
4758,5150.3920247437945
4759,5147.7836465648115
4760,5141.306862182343
4761,5131.540282822473
4762,5119.033228957773
4763,5106.291568717842
4764,5091.0834810381075
4765,5074.4409690646735
4766,5056.511402349069
4767,5036.851552896977
4768,5017.029789852042
4769,4995.47699066175
4770,4974.021757689172
4771,4951.910969960087
4772,4930.258006369161
4773,4907.875602735809
4774,4885.419041633361
4775,4863.593263236268
4776,4839.744359129221
4777,4816.402637194126
4778,4791.11583340096
4779,4761.373509974768
4780,4728.684772673381
4781,4692.334666027064
4782,4652.207703806837
4783,4609.821510370902
4784,4565.933371017808
4785,4520.5845620963755
4786,4477.28880806727
4787,4436.183991246378
4788,4400.422800612203
4789,4363.627264363152
4790,4326.749242366565
4791,4291.235389756087
4792,4257.198164728737
4793,4224.607865916601
4794,4193.906864419538
4795,4165.533732791142
4796,4139.386992772135
4797,4116.950308713198
4798,4100.341999459156
4799,4090.0732527118234
4800,4086.2871375849113
4801,4087.2691304308837
4802,4094.867131133971
4803,4107.436959872702
4804,4124.554345122465
4805,4143.604932117276
4806,4166.323550114552
4807,4191.392946181812
4808,4218.982196619205
4809,4248.050381571859
4810,4277.285473598832
4811,4307.7059805402705
4812,4340.160488293935
4813,4372.172630626288
4814,4406.097352200466
4815,4439.262681255962
4816,4470.990977876923
4817,4501.008958977876
4818,4529.693432437806
4819,4555.470702126687
4820,4578.044625446606
4821,4598.4195595885685
4822,4616.95340745384
4823,4631.057133409703
4824,4643.586734109926
4825,4654.4168428266785
4826,4664.881432998475
4827,4674.240533807688
4828,4681.500661623473
4829,4688.320786180418
4830,4692.570131983752
4831,4696.105873348593
4832,4700.438413235418
4833,4705.959283990034
4834,4711.744789130005
4835,4718.245325219226
4836,4725.380466097247
4837,4731.907706175715
4838,4740.706562745037
4839,4751.051376109536
4840,4763.009150329415
4841,4775.143659863014
4842,4788.175529045392
4843,4800.722959787631
4844,4813.363496736058
4845,4824.360763881189
4846,4836.297331274058
4847,4846.967430075335
4848,4852.532476328789
4849,4852.938141731391
4850,4846.953173173337
4851,4833.888248641744
4852,4813.769147344448
4853,4787.02667655196
4854,4752.371140653888
4855,4713.638521403206
4856,4671.011034379502
4857,4623.49561305836
4858,4571.82524108564
4859,4517.345633952536
4860,4461.6262687453445
4861,4406.108914262301
4862,4350.257046667852
4863,4295.188214747268
4864,4244.785815248796
4865,4194.282226267743
4866,4143.209011001156
4867,4094.4805446760315
4868,4049.058008713623
4869,4007.4896526907305
4870,3971.7876022957694
4871,3941.981841850804
4872,3919.9763968853654
4873,3903.8304493392197
4874,3891.3749372486986
4875,3880.2515404309715
4876,3870.9353624910987
4877,3862.3477976753115
4878,3855.8534172717063
4879,3852.890291105861
4880,3854.686770535846
4881,3863.226501981497
4882,3876.4740611418947
4883,3894.051894333812
4884,3914.8736387850577
4885,3937.8554252888207
4886,3962.4850408729358
4887,3988.7893763083907
4888,4017.6831701861743
4889,4045.7189322766376
4890,4074.9737881521414
4891,4105.11138420809
4892,4133.476756544268
4893,4159.002983935466
4894,4183.246913710827
4895,4202.679011167601
4896,4220.196680735536
4897,4234.119991848638
4898,4246.363349722845
4899,4260.090250763799
4900,4275.704673416129
4901,4292.631233718946
4902,4307.357341182395
4903,4324.313896820005
4904,4343.387079053729
4905,4363.095494010825
4906,4381.337527692942
4907,4397.842281268487
4908,4413.1770843196355
4909,4425.3980301381425
4910,4435.181628002407
4911,4443.330208319079
4912,4450.28147447826
4913,4457.137776472681
4914,4461.360876147105
4915,4459.831124012582
4916,4455.968691614754
4917,4451.556468748279
4918,4444.7052147846925
4919,4437.673015723411
4920,4428.312059255134
4921,4418.869632423517
4922,4409.571487906437
4923,4398.865417692496
4924,4386.78076511512
4925,4374.196714584137
4926,4361.857629133867
4927,4347.377218176478
4928,4330.976098172845
4929,4312.207255131121
4930,4292.311118974661
4931,4269.372177365436
4932,4242.330363285438
4933,4211.718371691609
4934,4178.034189550688
4935,4142.679486201721
4936,4105.765818042289
4937,4069.892550080706
4938,4034.093991683584
4939,3996.908676466276
4940,3960.3238093248865
4941,3922.1248772793247
4942,3886.0345619726336
4943,3850.5476774100316
4944,3817.166329753871
4945,3783.5407509265137
4946,3751.2172947317267
4947,3720.0026767196887
4948,3691.699908986437
4949,3663.711462817275
4950,3637.4693529852143
4951,3613.831116050136
4952,3590.7781418853338
4953,3567.7061045082005
4954,3542.781491463167
4955,3522.7249354147793
4956,3504.9013070508568
4957,3490.8538896441805
4958,3482.4162751635135
4959,3475.0755505653333
4960,3473.8768078697867
4961,3475.867249455902
4962,3480.528503784536
4963,3487.2546342847345
4964,3494.3378447481928
4965,3501.257013942976
4966,3505.4651095531513
4967,3508.0392788235336
4968,3510.241171661497
4969,3511.2384813560334
4970,3511.501751614187
4971,3512.3767503100044
4972,3512.320766727237
4973,3511.8985350756534
4974,3507.9283601633615
4975,3502.4805199530642
4976,3494.7826265243584
4977,3487.420927042217
4978,3479.306465065537
4979,3469.5165638741532
4980,3458.6174152753
4981,3449.3522397969664
4982,3441.234547578668
4983,3432.8662656379743
4984,3427.5925474936103
4985,3423.7004461725446
4986,3420.9334276526592
4987,3421.0119314129433
4988,3422.257813657693
4989,3425.6164364027773
4990,3430.266338425939
4991,3437.370971369883
4992,3446.9283277609534
4993,3458.0272679046802
4994,3471.9048552422832
4995,3487.770667437058
4996,3506.660046901686
4997,3529.746219682935
4998,3557.188787896577
4999,3588.8209055044526
