,0
0,484.9427087347873
1,897.069683231502
2,1247.445486672129
3,1546.0225211853112
4,1801.2760976706202
5,2020.6371429756166
6,2209.022502335455
7,2375.1421326844293
8,2518.70589647332
9,2641.864582596152
10,2748.1991103017963
11,2839.6714553985603
12,2917.5314047821153
13,2984.5613097246196
14,3039.556041759864
15,3084.193486696156
16,3119.8363264088416
17,3145.3932604653783
18,3161.539593640887
19,3167.8683151424743
20,3167.5746072530687
21,3163.152293511236
22,3156.8405794961654
23,3149.3688304476764
24,3139.8967783293906
25,3127.8742962037795
26,3113.653051340547
27,3097.759017051841
28,3082.722801760915
29,3068.5769442769024
30,3055.314046817505
31,3045.2283620529906
32,3038.066970750363
33,3035.152369043019
34,3033.8984527200364
35,3033.833670403544
36,3038.564166187404
37,3045.5866273829474
38,3054.951363650133
39,3066.519192757698
40,3085.4404668818856
41,3104.799291156595
42,3124.7081366757297
43,3144.409937228445
44,3163.9666065539836
45,3185.3730998403676
46,3205.945584814201
47,3228.6038063453934
48,3254.246007924051
49,3282.8899134222593
50,3312.973794595418
51,3344.966477499254
52,3381.064885956931
53,3417.033600800122
54,3451.6491873382956
55,3485.3468362132207
56,3516.031012306061
57,3542.726245506832
58,3562.9832529653
59,3574.724144975194
60,3577.976667339512
61,3572.3748652691725
62,3560.508294420066
63,3541.5965475996986
64,3514.208883652098
65,3484.3418810874814
66,3453.029356294342
67,3421.5125622914584
68,3390.325132132174
69,3359.690953245135
70,3328.4993761857836
71,3299.2169272603214
72,3272.5272981046814
73,3250.1607819846968
74,3233.575984176101
75,3220.0000643064805
76,3210.442035856901
77,3208.0106352878174
78,3205.514934767531
79,3206.488472129026
80,3210.502362219285
81,3217.7752485934375
82,3225.6357226169634
83,3234.4846582156656
84,3245.7385083684135
85,3258.8629665790127
86,3271.1278881060884
87,3281.1752261191905
88,3292.465037501384
89,3298.6052954963566
90,3301.389357112755
91,3302.806955737369
92,3302.3865248785446
93,3303.0607649336525
94,3304.605975026166
95,3307.5341455520506
96,3312.8722479229496
97,3318.2341953785954
98,3325.0550839714997
99,3334.2019510689593
100,3341.9454920079006
101,3348.7756741839294
102,3355.6283220834985
103,3359.5044932089895
104,3362.467570437687
105,3363.9715679751143
106,3363.7280485905244
107,3362.0059981188474
108,3359.7765926241113
109,3357.368643195237
110,3359.0706068986965
111,3364.9774620250414
112,3376.0977594197384
113,3393.831896520354
114,3409.2605957978894
115,3431.3389989342613
116,3460.0254097584425
117,3495.83973381131
118,3537.987169436517
119,3585.659312858472
120,3639.7474180170707
121,3699.0628443958367
122,3759.931334371624
123,3821.283241232052
124,3882.982636100586
125,3944.0139367653983
126,4005.484851082094
127,4066.8927128073656
128,4129.046520238111
129,4188.072439707684
130,4242.8254098784155
131,4295.991288767178
132,4347.401910753518
133,4396.405024321907
134,4443.447125419751
135,4491.547136419972
136,4537.116738218717
137,4581.349575845093
138,4623.654936904649
139,4666.276792076089
140,4706.388051533665
141,4744.907405227919
142,4781.340793755395
143,4817.421735101587
144,4853.28204789672
145,4887.435403066107
146,4919.002809972619
147,4950.663999278599
148,4979.716602337534
149,5006.47595423288
150,5030.906354149974
151,5054.667912679281
152,5077.47605139596
153,5097.328657584324
154,5113.716512667064
155,5125.782310332048
156,5133.215236705718
157,5136.996954756305
158,5134.79684872385
159,5128.571172131916
160,5117.20451006633
161,5101.63972218168
162,5083.399056625718
163,5061.875549592489
164,5038.517221706034
165,5012.54447035077
166,4981.78251636035
167,4945.435833523936
168,4903.139629172854
169,4854.967889619247
170,4799.735459507277
171,4751.683245309861
172,4696.087981119083
173,4635.080555313962
174,4569.885974693541
175,4501.926260170231
176,4433.8053247442895
177,4364.607724844733
178,4295.2439437096455
179,4226.110909009009
180,4156.937684670861
181,4087.931447965611
182,4019.285405701354
183,3951.3104862526934
184,3883.8000801454086
185,3818.146839813645
186,3753.7233742817652
187,3689.705213669724
188,3626.9121750523036
189,3564.6968772299347
190,3504.041459369171
191,3445.0621739585454
192,3389.5482295727693
193,3338.6425421146228
194,3289.0644723940613
195,3243.292565296432
196,3200.5683376133134
197,3162.0667223932523
198,3126.9795696826113
199,3095.6268164966623
200,3068.392183329448
201,3043.9772137247555
202,3022.917918248672
203,3004.9629880562898
204,2990.32032593745
205,2978.343569260649
206,2970.209843254702
207,2966.074874787438
208,2964.8962880053436
209,2966.0323203817215
210,2969.4888213111135
211,2975.7309377832753
212,2983.6584103755185
213,2994.642341233706
214,3010.807328548062
215,3030.8242418309965
216,3056.4878488769564
217,3087.7645385829105
218,3123.183267090904
219,3164.436662974506
220,3211.306193304834
221,3264.673413408951
222,3323.9931032233403
223,3388.5533104186698
224,3457.162877685815
225,3529.257114253041
226,3603.668507466338
227,3679.695870858714
228,3745.8396770100817
229,3816.0177285459304
230,3885.7306107586137
231,3954.1983831150847
232,4019.6302588826643
233,4082.983521425411
234,4141.883062591002
235,4196.789542482893
236,4247.1164108097455
237,4293.27239217574
238,4336.655724411642
239,4376.027241001094
240,4410.941856973439
241,4443.4855623648255
242,4473.478212724043
243,4500.684788796836
244,4527.554484054403
245,4554.025429260465
246,4581.698672456676
247,4609.782703934819
248,4636.867081980473
249,4661.934920931741
250,4685.352085797277
251,4707.125163939472
252,4726.367538438398
253,4743.394357135621
254,4759.271619946798
255,4776.451868736867
256,4795.182179725574
257,4812.6518962818345
258,4824.650658802781
259,4833.7575654068805
260,4840.659704152497
261,4842.527752216674
262,4843.706308488669
263,4845.5368476926
264,4847.45636087835
265,4850.418754992968
266,4853.437919433069
267,4853.805677909555
268,4851.642626773281
269,4845.5234135962155
270,4837.022336762376
271,4822.7788425207455
272,4804.277595235845
273,4780.095534560875
274,4750.666871211764
275,4715.79324767942
276,4674.634931982943
277,4629.706103320292
278,4582.373568101583
279,4534.110842016889
280,4481.292063807436
281,4427.747798578217
282,4376.944405988163
283,4328.60265329905
284,4284.967674369566
285,4247.005242700914
286,4215.11789573068
287,4187.186275728418
288,4161.4265649805775
289,4140.353219790918
290,4123.715122238874
291,4110.3590227183395
292,4100.496647796611
293,4091.286391609937
294,4083.7223776060982
295,4077.7229116985077
296,4075.6568899176773
297,4077.868451290531
298,4084.3195262456147
299,4093.6650330588354
300,4105.027899266854
301,4120.878980364457
302,4139.019418611247
303,4162.69011106543
304,4188.739139457133
305,4216.615426351354
306,4247.855203655364
307,4277.518712586257
308,4306.641724843889
309,4333.631223619545
310,4359.524824295603
311,4385.175408617428
312,4410.83420097276
313,4439.906485697892
314,4470.6190803877935
315,4502.3572753508015
316,4536.807331590787
317,4570.575670092777
318,4604.360630345911
319,4635.798640462107
320,4665.72735743095
321,4698.04982052551
322,4730.057166035888
323,4759.421137159737
324,4787.75735491559
325,4816.451200503058
326,4842.753523745652
327,4868.167332647108
328,4892.572846096729
329,4915.255530868224
330,4937.012853515031
331,4957.821763144049
332,4977.701397388861
333,4993.96618431239
334,5007.938160813599
335,5021.004512924947
336,5030.7829696237695
337,5038.129185670963
338,5043.9029027714
339,5044.4040854945
340,5041.5817644799
341,5034.8160629622935
342,5028.929902641975
343,5017.596982439732
344,5006.389159275692
345,4996.054588550979
346,4985.401377868741
347,4978.280188005552
348,4974.881169079034
349,4976.245164431403
350,4981.180883555542
351,4988.4671354840875
352,4996.616437340614
353,5003.893087159003
354,5009.889178086833
355,5015.977006714564
356,5022.640538577124
357,5026.100217178326
358,5024.353535694162
359,5019.815902269402
360,5013.306655656578
361,5004.952807391087
362,4995.369377371908
363,4984.104517644732
364,4973.258119460333
365,4958.819957984755
366,4943.363882322888
367,4927.659517670445
368,4908.913515311069
369,4889.699958581354
370,4868.716549236277
371,4847.0881851738295
372,4823.309398179311
373,4798.812265126048
374,4773.604095017911
375,4745.313606836371
376,4714.702524353142
377,4681.41829173732
378,4647.547508895135
379,4611.317062835768
380,4574.384898887658
381,4535.618990367623
382,4496.52805303481
383,4455.560400088924
384,4414.819099302195
385,4374.651418468217
386,4334.000469578298
387,4291.687391259483
388,4250.058761116617
389,4209.82090489201
390,4172.72616781609
391,4137.920471706694
392,4105.398087368007
393,4075.1289098369984
394,4047.792311470971
395,4021.448785186151
396,3991.422130236948
397,3958.1714674583664
398,3919.2195115131562
399,3885.3313098408225
400,3846.181036796798
401,3803.355623249681
402,3757.512770288821
403,3710.8875508707297
404,3663.787401022302
405,3618.9643569973905
406,3574.9791143724437
407,3533.753835088857
408,3492.6215949477305
409,3453.3487090758777
410,3416.3801738844486
411,3384.7199693742255
412,3359.309675566595
413,3338.219484180776
414,3323.370513568067
415,3313.603613351031
416,3308.3682152908345
417,3307.288925347871
418,3309.5118315975215
419,3311.6437623122397
420,3313.4974676149773
421,3316.7022431469163
422,3324.3780765471893
423,3332.7493112397874
424,3344.781147534065
425,3361.7855051494075
426,3382.127320644152
427,3402.920927389964
428,3424.6740765822524
429,3447.7010519705937
430,3470.1759363100264
431,3495.351639146013
432,3520.6956992997225
433,3543.8784117224905
434,3570.1771684161363
435,3594.2770264963183
436,3619.44403438147
437,3644.4589119972698
438,3670.4753061143088
439,3696.43542322342
440,3720.005575018878
441,3745.1825213077104
442,3767.8876456705425
443,3790.269384264301
444,3810.9015349596207
445,3831.74848800718
446,3850.9776229670697
447,3866.37723021217
448,3879.6700486068926
449,3895.1456470079142
450,3910.324727862554
451,3923.7328249272564
452,3936.684663722142
453,3945.6880057634967
454,3951.663123040301
455,3955.9484614738444
456,3959.676705911027
457,3959.526180990714
458,3957.2904707827515
459,3953.664013976733
460,3948.6236801888685
461,3941.5643749418728
462,3931.5440612861985
463,3919.856998996652
464,3905.769960556054
465,3890.3414106738996
466,3871.8264984524385
467,3850.2169784747707
468,3826.7246094318953
469,3801.329424492056
470,3772.5884027916495
471,3743.4972021270837
472,3713.170667609891
473,3683.1302262957
474,3652.5615315419577
475,3622.499542773101
476,3589.599202866225
477,3557.2060724445855
478,3526.0407037362284
479,3498.115232447246
480,3474.1699037800795
481,3451.2403460409464
482,3428.6349267766745
483,3407.4960196537363
484,3387.4884761913104
485,3368.6155521425803
486,3352.720309441521
487,3338.799728273149
488,3329.5933151218774
489,3324.7577327990953
490,3323.191618537264
491,3324.2490767288077
492,3325.736206707701
493,3325.4146454818647
494,3327.991830224084
495,3330.8305893490174
496,3333.759367401289
497,3336.9943930277877
498,3344.3279511380656
499,3355.104664564241
500,3371.081169360253
501,3388.662320732432
502,3408.10889943413
503,3430.8385864510615
504,3459.3455192173437
505,3490.2093057785437
506,3523.5323823745816
507,3558.834880669705
508,3594.9969787815676
509,3632.4779901442316
510,3668.2637757074094
511,3702.723618387279
512,3735.422202952378
513,3763.869971524014
514,3793.2929700863638
515,3819.2728609914343
516,3845.1207974814183
517,3868.0492785124643
518,3889.1021919796763
519,3907.706874499632
520,3921.70269715841
521,3933.39845149446
522,3945.5147295186357
523,3959.664249577407
524,3974.307106754857
525,3989.401020249782
526,4006.9985787572055
527,4025.7786354915283
528,4042.4929165583912
529,4058.2852483690003
530,4073.941158867796
531,4088.2451315143107
532,4103.880685701203
533,4121.947594074012
534,4140.653235714233
535,4161.966086172749
536,4185.850006813078
537,4211.6565952788515
538,4239.15285962476
539,4265.124222428504
540,4288.513137030218
541,4309.018526010366
542,4327.823954959622
543,4339.674852205686
544,4349.574602166797
545,4357.196484392543
546,4362.912445046225
547,4367.384061361
548,4370.317184176392
549,4371.308815744384
550,4371.870961032995
551,4371.87790683095
552,4371.548109922651
553,4371.380008943327
554,4371.735767757284
555,4372.439046586814
556,4367.523380744617
557,4359.517464703092
558,4347.3979963086795
559,4329.3306374954955
560,4308.63344926974
561,4285.472297953673
562,4259.890260509896
563,4233.9452319009715
564,4204.244547133977
565,4172.542120072704
566,4139.97656535117
567,4107.5813290458555
568,4072.446010436206
569,4037.6059566871527
570,4007.2951099254756
571,3979.0705723326587
572,3954.5255479418997
573,3932.9688621079504
574,3912.368886104852
575,3895.5483879382664
576,3880.3504001088727
577,3866.300686009382
578,3851.5357206844833
579,3835.9723447561933
580,3820.709218241039
581,3807.7692285739427
582,3793.843443977625
583,3779.655948768669
584,3764.7586106933495
585,3750.629040046456
586,3732.884977854714
587,3713.845242102968
588,3693.509046543931
589,3673.6590073177445
590,3655.143191509824
591,3637.4966786385344
592,3621.9535367668486
593,3608.441647352657
594,3598.3893796364764
595,3593.6355129885515
596,3593.8378905464315
597,3597.3016569410893
598,3602.7509864773992
599,3611.710748245285
600,3623.267908846069
601,3636.302729985111
602,3649.2995951041125
603,3662.343140948317
604,3674.712789230703
605,3687.3584179539125
606,3698.2822284212248
607,3708.771014345542
608,3719.1439629536712
609,3731.2319201821942
610,3745.095296002177
611,3759.948834736109
612,3775.2019966207713
613,3789.3759102189624
614,3804.9637749595017
615,3821.220517424566
616,3837.7555600753276
617,3854.6592602570863
618,3870.287653832188
619,3888.3113617639137
620,3909.5785058690794
621,3929.3367704790835
622,3947.4560390657853
623,3962.299543818488
624,3972.8247613002154
625,3982.631153087257
626,3991.6822434258406
627,3999.5566920204087
628,4006.785108905861
629,4014.307495822846
630,4020.6624605916513
631,4030.590603527441
632,4043.7927148139133
633,4061.203061790223
634,4083.8079469432014
635,4108.938242700828
636,4137.363106017193
637,4169.063239134586
638,4201.849890816215
639,4235.781529301125
640,4270.265222539585
641,4306.357123277183
642,4343.7166915093085
643,4382.179225570762
644,4418.479757560889
645,4455.4580468469
646,4489.109508470747
647,4518.873644369938
648,4545.726977004285
649,4565.833945686987
650,4584.760902045172
651,4602.073923800737
652,4614.8650084923465
653,4623.794382496362
654,4628.679276264137
655,4632.173333354647
656,4631.721743961666
657,4630.343010456684
658,4628.007211447916
659,4624.769934551686
660,4622.548902177501
661,4617.180201013517
662,4608.835702244964
663,4597.801801874037
664,4585.9974486186575
665,4573.044524005891
666,4560.814103800689
667,4550.301847869414
668,4538.186598179701
669,4526.444414944618
670,4514.721520431666
671,4502.711430587249
672,4492.00887281238
673,4482.467374864405
674,4476.357324960277
675,4475.763631677871
676,4479.695358793832
677,4490.67721289592
678,4505.932036727827
679,4523.927492343224
680,4542.77108960147
681,4561.777805660407
682,4579.113368719094
683,4593.5297349975435
684,4606.071973659794
685,4615.602241463745
686,4624.282435729904
687,4628.0009553649015
688,4625.973495268834
689,4617.0238547192175
690,4600.346735949767
691,4576.6064254369685
692,4545.912658051554
693,4508.659826036559
694,4468.191961466634
695,4424.617328441664
696,4376.77506534983
697,4326.944507151851
698,4274.772891094856
699,4223.263422925558
700,4172.339788871786
701,4123.874258346836
702,4079.9857941284636
703,4041.536953579136
704,4007.5427272264924
705,3975.8871349159276
706,3948.0065769044427
707,3924.051595249799
708,3903.3788924313567
709,3887.2660556285564
710,3875.2751672909244
711,3869.1169449415393
712,3864.7852030688205
713,3863.455988096433
714,3864.2844909868236
715,3863.50444473804
716,3866.059483105762
717,3868.124804389679
718,3870.6757022342726
719,3876.6488010637786
720,3887.452269421786
721,3901.2083224271255
722,3914.5945567940284
723,3926.8235145363246
724,3935.933641638752
725,3943.1784876110387
726,3948.018726053038
727,3950.776570454234
728,3953.2126076927148
729,3954.666169613355
730,3957.3411969126396
731,3961.4540716992733
732,3961.3558797045334
733,3959.753370067233
734,3955.511320939404
735,3946.6719346440505
736,3935.6949347072746
737,3926.84000260812
738,3917.747588076497
739,3916.3245924209473
740,3923.4753602739547
741,3929.6965283060713
742,3944.954609312595
743,3968.6425890542782
744,3997.3747277653397
745,4027.85190467663
746,4059.617363744535
747,4089.916135527182
748,4118.105058160794
749,4143.327484267784
750,4169.050503626632
751,4193.981761859282
752,4219.004559338089
753,4242.570957592942
754,4264.202621527365
755,4286.0433414004
756,4306.783171634636
757,4327.07622748648
758,4345.5593758036375
759,4363.444500723561
760,4379.67835522015
761,4393.542472630726
762,4403.990734616051
763,4410.050131941171
764,4414.84137807361
765,4414.617922263801
766,4409.397903870898
767,4401.299466194264
768,4390.291911500092
769,4375.296303647268
770,4358.50209486698
771,4337.296333280124
772,4313.833061086313
773,4290.965564923946
774,4271.480629827026
775,4253.091089025584
776,4236.278326859435
777,4220.459772695965
778,4207.159651662889
779,4195.9157528711075
780,4184.616580142701
781,4174.487091736919
782,4166.637704707292
783,4160.1183051985845
784,4155.2593098542475
785,4153.509422231158
786,4153.23369268667
787,4154.522246484568
788,4156.0414912981205
789,4157.664291809648
790,4156.401091018464
791,4153.66080680632
792,4150.821941597769
793,4149.124586878382
794,4147.799368204275
795,4148.939349281999
796,4153.216376162614
797,4162.16188085561
798,4169.9444699385185
799,4181.375769069847
800,4193.408674316678
801,4205.200140909139
802,4217.44675188464
803,4226.069245145343
804,4233.458293374311
805,4237.43759577953
806,4236.784789110247
807,4233.47701251524
808,4229.824049313599
809,4224.233383259708
810,4218.621299449566
811,4213.411213783024
812,4208.268875636882
813,4205.288998065098
814,4202.519643915894
815,4201.728658511445
816,4204.069578915205
817,4209.1392144113215
818,4219.406060852123
819,4232.693067550253
820,4247.3800527934545
821,4264.231888665244
822,4286.219674510223
823,4307.419795301543
824,4331.100006119186
825,4354.9551071732685
826,4376.686185993247
827,4395.538436474222
828,4411.079202073688
829,4424.82139572558
830,4436.511412135681
831,4445.270282366668
832,4452.444621446053
833,4458.8527903347085
834,4461.518717600269
835,4460.618604601807
836,4456.377257179384
837,4448.059404710933
838,4437.847921830285
839,4424.426988776487
840,4409.639070962094
841,4395.762879179609
842,4382.462786739937
843,4369.938754673327
844,4359.440134634055
845,4351.083392536843
846,4341.459345717356
847,4331.267271685055
848,4318.237705576175
849,4303.9829724602605
850,4289.831223932126
851,4278.9115462596765
852,4272.74349464807
853,4270.233146010192
854,4273.416686107369
855,4276.186365991912
856,4283.59114712563
857,4295.418014463354
858,4309.012944517696
859,4323.3519389813555
860,4336.966896911246
861,4349.159868730272
862,4358.637865655142
863,4366.730349481233
864,4375.3564753688115
865,4383.57703465438
866,4389.076739871572
867,4391.8355262553205
868,4391.573883469976
869,4388.633565076213
870,4386.138552424239
871,4378.404994826926
872,4366.683737167021
873,4352.763143364816
874,4334.3232548132555
875,4316.926707008608
876,4298.689362828502
877,4279.652168979598
878,4259.113220857063
879,4240.6350188412125
880,4222.752286453203
881,4205.877503976039
882,4192.5518726750315
883,4181.363755078113
884,4171.729549617233
885,4162.251534746974
886,4151.692188394794
887,4142.382022901322
888,4134.849633442956
889,4127.161347261175
890,4121.005077507769
891,4115.574185786011
892,4111.515811530175
893,4108.391844657896
894,4103.119191540234
895,4097.066187350652
896,4093.0190504075326
897,4088.1782734499384
898,4082.5790688632633
899,4074.132917630636
900,4062.7780943487023
901,4051.1282628920967
902,4036.242816256552
903,4021.0700983693446
904,4007.138599826509
905,3992.9066099630472
906,3979.6664922747145
907,3965.1412644155944
908,3951.468418716163
909,3939.898979677783
910,3932.1778080134577
911,3930.020553238845
912,3928.1437415849323
913,3931.42545055308
914,3940.377942200024
915,3952.611922906124
916,3970.2423784718826
917,3995.274441685762
918,4026.4601224548746
919,4063.2800275579502
920,4103.950294187284
921,4147.13559625456
922,4193.661133175342
923,4243.154138403747
924,4291.711624463572
925,4340.11915188123
926,4385.791010103303
927,4429.590088287539
928,4469.169735170807
929,4506.38564966488
930,4537.904046808261
931,4564.243510179731
932,4584.3675681790755
933,4599.2899581181355
934,4612.2144235017095
935,4622.391568899831
936,4627.888909779463
937,4630.942098187707
938,4632.802769822778
939,4633.77354288869
940,4632.418039093101
941,4630.68316296301
942,4628.037856010065
943,4625.836117352922
944,4619.540634169111
945,4612.81923375588
946,4604.524428891202
947,4595.562168258221
948,4584.106343898856
949,4571.929985392332
950,4560.622241132843
951,4547.581809575598
952,4534.302122144018
953,4520.9301500821375
954,4507.090826583669
955,4491.976545489787
956,4476.111695835566
957,4458.340952543768
958,4439.809050899271
959,4421.358835734827
960,4403.131224320383
961,4384.201934095836
962,4364.403193441821
963,4347.241368731081
964,4328.819005027946
965,4309.8823413482705
966,4288.306264380738
967,4263.816328612239
968,4234.552516975813
969,4209.093000852123
970,4180.394350042379
971,4147.428909407146
972,4111.216492657989
973,4072.0612437338987
974,4028.813836285925
975,3980.50847243769
976,3928.7489135654605
977,3873.62026971711
978,3819.404154670566
979,3767.1428919670307
980,3717.150198157215
981,3670.902282013801
982,3627.404496228278
983,3588.3044846000207
984,3551.26665258458
985,3517.978837062864
986,3486.4131756569423
987,3457.1767579041025
988,3431.1393785508044
989,3408.707546990273
990,3389.9518100336077
991,3374.0323355422784
992,3360.4079859926956
993,3349.422322280706
994,3341.8416666661033
995,3337.6032675275846
996,3338.415979726869
997,3342.7130472937883
998,3349.1242706959583
999,3358.247395037381
1000,3369.7984913640244
1001,3387.253149013135
1002,3408.328557302923
1003,3432.187664088317
1004,3458.50576967264
1005,3488.2114654625298
1006,3519.1239383075017
1007,3551.5127853903405
1008,3585.4428077861917
1009,3618.5672584648178
1010,3653.3799824292723
1011,3689.0859740109177
1012,3725.257568323833
1013,3761.4089102363046
1014,3794.991589163134
1015,3827.0520077861643
1016,3856.184495492156
1017,3882.1057177193447
1018,3904.1061375128893
1019,3923.032353573525
1020,3938.8029222791247
1021,3953.4451189221277
1022,3964.2188458953265
1023,3971.293661612932
1024,3976.813975083438
1025,3978.836279504789
1026,3980.595684351365
1027,3980.8909214947494
1028,3980.6974005100237
1029,3980.4733548591694
1030,3982.1568903735647
1031,3984.6342333764096
1032,3988.392722067053
1033,3993.039841094827
1034,3997.642202161941
1035,4004.014138336442
1036,4010.730774046228
1037,4019.3755943048086
1038,4029.206074036087
1039,4040.172562513194
1040,4050.5826377188832
1041,4059.301746590765
1042,4065.3374822533046
1043,4070.105729671926
1044,4071.272686198195
1045,4068.71395041432
1046,4063.70068951249
1047,4056.8263080915704
1048,4045.8106168674167
1049,4031.0058247677107
1050,4012.493842821716
1051,3989.0942365278665
1052,3963.917527903755
1053,3935.76570513198
1054,3905.9658100149827
1055,3876.1866506842143
1056,3844.917223283218
1057,3813.9598296058134
1058,3782.4467656203647
1059,3752.7127346335556
1060,3724.7812904773864
1061,3699.0654209923864
1062,3674.484088922424
1063,3649.273056994254
1064,3626.1145510747633
1065,3604.8673485803934
1066,3585.3655705407405
1067,3566.662181932672
1068,3549.406862615946
1069,3536.005402761892
1070,3525.0095690069506
1071,3517.3995695379854
1072,3514.3259416619458
1073,3517.2016895125166
1074,3524.69277675484
1075,3538.1371621710796
1076,3558.4941016535604
1077,3585.502993894666
1078,3618.887765454473
1079,3657.0654816558863
1080,3698.2455630043664
1081,3740.94112576751
1082,3783.604566102566
1083,3820.721759194065
1084,3858.6771930112404
1085,3898.0838640419743
1086,3939.1698137950384
1087,3982.699675837767
1088,4029.690486158821
1089,4079.0544414204755
1090,4129.994396166339
1091,4182.572302165761
1092,4235.7976849779525
1093,4291.045587861177
1094,4347.414917423521
1095,4405.625601950073
1096,4465.123809043301
1097,4526.253757774485
1098,4588.223455351018
1099,4649.560028185796
1100,4712.083419153824
1101,4773.363904168492
1102,4833.242914322338
1103,4890.779768717643
1104,4944.523493557808
1105,4995.013004922446
1106,5041.995925747899
1107,5084.950528290253
1108,5125.980176656951
1109,5163.92765320575
1110,5197.574028627612
1111,5226.514050287579
1112,5251.308009609281
1113,5272.413549448299
1114,5290.81034638278
1115,5305.983142448992
1116,5316.820013463714
1117,5323.2321140105205
1118,5323.887133601498
1119,5321.852865965406
1120,5314.218382874892
1121,5301.147958176738
1122,5282.333366668266
1123,5257.465736659447
1124,5227.5140623499265
1125,5193.617627796624
1126,5153.134745616218
1127,5106.95869837456
1128,5056.960743733966
1129,5002.535532870165
1130,4945.894224508505
1131,4888.413296553937
1132,4829.408661409652
1133,4767.317267076121
1134,4704.312421170839
1135,4638.39368093056
1136,4571.082017276405
1137,4501.485907126039
1138,4429.63659083574
1139,4356.117371510092
1140,4292.155650696779
1141,4225.140400802503
1142,4156.228948811709
1143,4085.2785732284187
1144,4013.303682343974
1145,3940.707153086619
1146,3870.4306684652074
1147,3802.374050730241
1148,3735.9180684066087
1149,3671.3610850200153
1150,3610.7029073951767
1151,3553.1311072062317
1152,3498.179971943056
1153,3448.4420876073004
1154,3403.5128253499515
1155,3363.0535565559658
1156,3329.0697297386187
1157,3299.1186461695397
1158,3272.9982137972847
1159,3248.824911487403
1160,3227.2896071172377
1161,3209.1837364378807
1162,3194.1270949922286
1163,3182.5498226221052
1164,3174.3709345692437
1165,3169.4104946023167
1166,3165.46951341333
1167,3162.8163942164238
1168,3162.542271868756
1169,3164.8062543084925
1170,3171.387768495411
1171,3181.4064912148456
1172,3194.408740755541
1173,3209.7420536147847
1174,3226.6736815602076
1175,3245.692029191958
1176,3263.941792805791
1177,3282.9082344808257
1178,3302.249801418543
1179,3320.523088766933
1180,3339.5091478313116
1181,3357.2930513467886
1182,3374.8030364111387
1183,3392.175074771768
1184,3409.33968988226
1185,3424.8804239781975
1186,3438.3413597472336
1187,3450.6747734788105
1188,3462.937036441548
1189,3473.749548706336
1190,3486.4383761428626
1191,3499.6560697028735
1192,3512.3149323377215
1193,3524.5349910177683
1194,3534.719921493985
1195,3543.1229405336235
1196,3549.762198414001
1197,3555.53835276993
1198,3559.4249824043422
1199,3562.770884801175
1200,3567.9664016555516
1201,3575.7234444496953
1202,3586.0224970108584
1203,3599.3619637844513
1204,3617.200865383129
1205,3636.7144235460482
1206,3657.5984131956097
1207,3678.7400970828535
1208,3701.4316276913037
1209,3726.449156082675
1210,3752.400783088059
1211,3778.5159966824745
1212,3805.870648179108
1213,3832.0369244932103
1214,3856.612018545822
1215,3880.5821665648823
1216,3903.4507807635855
1217,3926.6358984204194
1218,3950.738612051554
1219,3975.789964439941
1220,3999.870300228076
1221,4022.912847758131
1222,4043.2945223990805
1223,4062.6706025567632
1224,4079.6109467829874
1225,4094.158891412101
1226,4107.168432850854
1227,4120.043975134471
1228,4134.520017405953
1229,4150.033316677747
1230,4165.762495416275
1231,4180.894885014728
1232,4195.004220182564
1233,4207.666285523962
1234,4217.879201984001
1235,4226.274083439894
1236,4233.258578373674
1237,4239.411036112242
1238,4244.4359443818175
1239,4248.591379138232
1240,4251.597098735513
1241,4252.223122349756
1242,4250.48385881649
1243,4244.7799356421165
1244,4234.991262227636
1245,4223.476961279937
1246,4211.688422239593
1247,4200.4742749950055
1248,4191.829534288115
1249,4185.493111220566
1250,4180.348650135173
1251,4173.214768429737
1252,4161.395789167039
1253,4143.0583720496725
1254,4127.104819157564
1255,4105.444698527947
1256,4079.806692634327
1257,4053.6159260327945
1258,4028.7759163692945
1259,4008.242830353493
1260,3992.7996410418523
1261,3981.5470667604977
1262,3973.0328595718943
1263,3966.828232499301
1264,3962.242270073293
1265,3960.8897795098355
1266,3963.078765116838
1267,3969.89681625061
1268,3980.9295899341346
1269,3994.6973708664514
1270,4009.081673712572
1271,4023.9401405132116
1272,4039.3360095741036
1273,4052.195377045405
1274,4066.02144964838
1275,4080.723915751711
1276,4098.779889011823
1277,4116.597186226456
1278,4134.482641258189
1279,4153.228908281604
1280,4170.683097598735
1281,4186.205796863112
1282,4200.977342856018
1283,4217.014500112696
1284,4234.296642830708
1285,4251.716127743983
1286,4269.9301267499695
1287,4288.34347508634
1288,4306.539633550519
1289,4325.534394922055
1290,4344.706659356123
1291,4363.338924264702
1292,4382.410688604232
1293,4402.131737986908
1294,4419.754622390031
1295,4436.9395465918205
1296,4452.566604613457
1297,4467.645268070056
1298,4482.739128640262
1299,4496.513751561334
1300,4508.62162313446
1301,4519.222837510424
1302,4529.311682904771
1303,4537.452398742244
1304,4544.753503147573
1305,4553.298067157061
1306,4558.895052896358
1307,4561.967551270572
1308,4560.838523273461
1309,4554.626405345244
1310,4543.393683873228
1311,4533.621216192574
1312,4516.2877042907685
1313,4491.152784777974
1314,4461.260851845258
1315,4426.844379116427
1316,4387.811759663184
1317,4344.788121735714
1318,4298.741233060082
1319,4248.892550695894
1320,4198.589852579588
1321,4145.361795013575
1322,4090.8622364185603
1323,4037.792952468325
1324,3984.8244077661834
1325,3934.0192393279012
1326,3883.4122449450883
1327,3835.19899694259
1328,3790.4583887642075
1329,3748.9017351752154
1330,3710.9265416516046
1331,3675.73617981934
1332,3644.886073948121
1333,3617.2877911203323
1334,3593.5663289168156
1335,3573.150624334001
1336,3555.0515447721123
1337,3540.3589554686387
1338,3528.2598051322634
1339,3518.433727940818
1340,3512.160553483107
1341,3508.711367562799
1342,3508.179125924137
1343,3510.268445245593
1344,3513.530718547407
1345,3518.4311021515314
1346,3524.091847667531
1347,3532.260754373136
1348,3544.4117766930503
1349,3558.2766785064036
1350,3576.1676807717818
1351,3596.4110268127124
1352,3620.644565524692
1353,3650.8662642953964
1354,3686.7195092037073
1355,3727.5971069036436
1356,3772.568397601706
1357,3822.298474898917
1358,3876.105485893621
1359,3934.184184939233
1360,3993.425317309571
1361,4055.123736853815
1362,4119.280973641408
1363,4186.987485138924
1364,4257.084010890641
1365,4328.482190130369
1366,4401.423464830934
1367,4476.115958175575
1368,4541.098427385412
1369,4608.316396478996
1370,4677.689686707035
1371,4748.080948267098
1372,4818.214488317013
1373,4887.8751075532555
1374,4956.988713354998
1375,5024.133439026783
1376,5087.831197515302
1377,5149.936036215985
1378,5209.8327284680645
1379,5266.484501868726
1380,5318.810684406713
1381,5366.356019285981
1382,5408.967605835934
1383,5444.710450781276
1384,5474.279192548241
1385,5498.638829242882
1386,5519.348792573024
1387,5534.233878448644
1388,5543.419746198114
1389,5550.045047892231
1390,5553.420514168439
1391,5552.825954186872
1392,5551.588989340434
1393,5548.128055639258
1394,5543.474197738271
1395,5536.770741823724
1396,5528.581860485057
1397,5517.004065925086
1398,5501.47670018732
1399,5482.278420487257
1400,5458.271710455754
1401,5430.88191200072
1402,5400.39742923617
1403,5366.140361167215
1404,5328.577930183011
1405,5285.613478617772
1406,5236.0132269462565
1407,5180.143560486016
1408,5117.23399573437
1409,5050.892019612317
1410,4984.737396819043
1411,4917.326967228286
1412,4847.375680513682
1413,4776.402573842534
1414,4704.793040702614
1415,4631.842716765781
1416,4559.688489045102
1417,4486.99044998858
1418,4414.331931614883
1419,4341.463063295363
1420,4268.233388639788
1421,4192.864565795577
1422,4117.516869997331
1423,4041.4348297691736
1424,3966.006934868905
1425,3900.384666305671
1426,3834.042819643522
1427,3768.455606192582
1428,3706.5811692709585
1429,3651.754358127772
1430,3605.749831855177
1431,3567.354818125439
1432,3538.5949761960014
1433,3515.9094851146856
1434,3499.32419014983
1435,3489.1276553479584
1436,3484.2728044271485
1437,3482.2071340054295
1438,3485.1241257021434
1439,3492.322699837265
1440,3504.6027904211687
1441,3519.6371901242815
1442,3541.0442003483136
1443,3565.568077870391
1444,3592.1946413862624
1445,3618.4076278420325
1446,3644.9097970249068
1447,3672.9750111766166
1448,3701.102779902326
1449,3731.8377699087496
1450,3763.114954870925
1451,3793.5245542287985
1452,3822.0556820174415
1453,3848.6473873956293
1454,3874.6966932277087
1455,3900.079370187309
1456,3926.8625304419975
1457,3952.8739027387105
1458,3977.981374794158
1459,4003.4383449430593
1460,4027.451406098087
1461,4049.269549657695
1462,4070.218105528933
1463,4090.982105608103
1464,4110.639597465856
1465,4128.327504326874
1466,4146.66467890807
1467,4163.773467899318
1468,4181.975640821294
1469,4201.336437662189
1470,4221.539367808872
1471,4244.393291844985
1472,4268.284243436515
1473,4295.164836887229
1474,4323.944299179211
1475,4355.3347213327825
1476,4388.784493840316
1477,4423.477684890447
1478,4455.577565341447
1479,4483.80189478695
1480,4510.015939719652
1481,4531.122003267344
1482,4549.484278553836
1483,4562.381726945149
1484,4569.107119230305
1485,4570.0901320589965
1486,4564.527045582546
1487,4551.99082156427
1488,4532.484861905687
1489,4506.332135531737
1490,4474.499207767207
1491,4439.305899591661
1492,4401.061630677093
1493,4361.829677779079
1494,4322.610446218825
1495,4283.319934080616
1496,4245.017201766459
1497,4208.820787165968
1498,4175.1658179936685
1499,4143.461949933549
1500,4113.238750427079
1501,4084.991537046927
1502,4060.3633860289215
1503,4039.218744524114
1504,4019.9594841502308
1505,4003.238524741403
1506,3990.2716668014928
1507,3979.726447250327
1508,3972.69577552759
1509,3969.9389614818824
1510,3971.302078797298
1511,3976.4236420401558
1512,3984.6449696470213
1513,3996.590986658023
1514,4010.5205861908667
1515,4025.804318067469
1516,4041.7326864023767
1517,4059.3844823033755
1518,4077.3534232136667
1519,4096.484942143654
1520,4116.651260099871
1521,4135.042154584793
1522,4152.355942361143
1523,4167.354068869108
1524,4180.233310765185
1525,4190.556330200105
1526,4199.497138023512
1527,4205.731885207175
1528,4210.725154332998
1529,4213.515219414721
1530,4212.671917323124
1531,4208.79326899998
1532,4203.596367005951
1533,4196.139964824051
1534,4185.615461514927
1535,4173.451885585785
1536,4161.135441640634
1537,4147.068398307354
1538,4134.484975216333
1539,4123.537397127145
1540,4114.487549977384
1541,4105.452504119384
1542,4094.970064596212
1543,4085.3157763905997
1544,4076.6508210134893
1545,4068.460386593167
1546,4059.6981530502967
1547,4048.906561479603
1548,4038.434891372224
1549,4028.2908897064867
1550,4019.344075802363
1551,4009.9111083777866
1552,3999.202795601963
1553,3987.500074821421
1554,3973.210362942873
1555,3959.9988019531183
1556,3948.0117481051843
1557,3936.4504694536718
1558,3926.3257559527524
1559,3919.0397280413276
1560,3912.382143398943
1561,3906.843097141294
1562,3902.63311162813
1563,3898.2419434638027
1564,3893.215277219895
1565,3886.722707930312
1566,3879.432414322029
1567,3873.2499880336377
1568,3867.1750805854385
1569,3863.5547023783115
1570,3864.0143757041806
1571,3867.8774851016115
1572,3876.0265177996876
1573,3886.211635227059
1574,3898.0815330933387
1575,3909.2121868718045
1576,3919.706822267729
1577,3929.583277997386
1578,3940.231236455431
1579,3950.1268800766175
1580,3960.684530816303
1581,3973.45389574607
1582,3990.466592145551
1583,4010.070268813501
1584,4031.232161836847
1585,4055.5960094658926
1586,4083.7544163201587
1587,4114.453122952785
1588,4146.590692141187
1589,4181.777738932167
1590,4218.551274833273
1591,4256.568385200311
1592,4293.779291681917
1593,4330.688457233142
1594,4364.962406577839
1595,4398.284948842231
1596,4427.275560612253
1597,4455.560008662905
1598,4487.514968775953
1599,4521.06701008935
1600,4555.937689412557
1601,4592.247729941656
1602,4632.59359023958
1603,4674.92044435937
1604,4719.675972053677
1605,4767.334082386273
1606,4816.385328111935
1607,4865.52627116558
1608,4916.171307875238
1609,4966.045092945086
1610,5012.210805563912
1611,5053.976583900016
1612,5091.089942922312
1613,5124.769673291078
1614,5154.204620054012
1615,5181.463677238255
1616,5205.167494603276
1617,5224.601401474477
1618,5239.80500759477
1619,5251.179501170946
1620,5260.806880549178
1621,5267.0329329506585
1622,5271.364177724496
1623,5274.386704423378
1624,5276.621916356373
1625,5278.283601350931
1626,5279.339914081251
1627,5278.695775028879
1628,5274.560604633769
1629,5268.71536391593
1630,5262.484254895815
1631,5254.542803070585
1632,5243.496678949147
1633,5230.485571624184
1634,5216.925751690786
1635,5201.450199945839
1636,5183.106453601581
1637,5162.055182620172
1638,5139.4723107069485
1639,5113.1735275103565
1640,5086.186584466244
1641,5059.6990863713545
1642,5033.236267359552
1643,5009.492447422848
1644,4985.784057627797
1645,4964.548291668811
1646,4944.714330414003
1647,4924.931988125434
1648,4903.651522966805
1649,4882.644289190798
1650,4861.496689296069
1651,4837.82874687766
1652,4811.940399289758
1653,4789.417536888282
1654,4762.267641589265
1655,4730.137067271657
1656,4695.507095504006
1657,4660.572819276847
1658,4627.656319050443
1659,4595.473376682772
1660,4567.11543128901
1661,4540.578730194562
1662,4517.775194363307
1663,4497.879924048108
1664,4483.751127235136
1665,4472.088059300915
1666,4465.645096547813
1667,4463.438696154308
1668,4464.76758844472
1669,4467.132975910319
1670,4472.0009328340575
1671,4478.098920271721
1672,4486.242168489016
1673,4496.159922527707
1674,4508.989087526421
1675,4523.822483344719
1676,4538.00381869963
1677,4552.7822760940935
1678,4567.220340624719
1679,4580.253452696488
1680,4591.300833202482
1681,4601.775732898859
1682,4613.33412883345
1683,4626.409554419633
1684,4640.209435633689
1685,4655.122610742375
1686,4672.158320653262
1687,4689.131385757901
1688,4705.57091044148
1689,4722.5104522974825
1690,4740.3017142798035
1691,4759.1459402370665
1692,4777.8771702964395
1693,4796.343259162566
1694,4814.693578144858
1695,4832.271326424075
1696,4849.452888181835
1697,4865.63459038312
1698,4881.126342211723
1699,4894.937224150455
1700,4906.527165003229
1701,4916.289790053246
1702,4922.810203815727
1703,4926.090434271152
1704,4925.873376541903
1705,4921.851981094507
1706,4913.293142484405
1707,4898.232683608579
1708,4880.0077899150865
1709,4856.982747685709
1710,4836.95096094615
1711,4814.361292526968
1712,4791.202959064191
1713,4765.784703816633
1714,4739.604290081523
1715,4715.282347115953
1716,4693.238695499761
1717,4674.351741804852
1718,4656.189712892114
1719,4641.057530214226
1720,4623.993491801467
1721,4604.518972677141
1722,4583.392124463154
1723,4561.471115356583
1724,4539.281225533256
1725,4515.67438808924
1726,4490.942302243071
1727,4466.188661810604
1728,4441.326520911954
1729,4414.96169914829
1730,4387.894205166426
1731,4363.883930104662
1732,4342.037960366688
1733,4319.371043403195
1734,4296.759985904601
1735,4274.82316272749
1736,4252.8044544160075
1737,4227.392295157229
1738,4201.230064516567
1739,4174.11708766307
1740,4146.928359570348
1741,4120.636884679045
1742,4096.4149586502035
1743,4073.561165803301
1744,4049.4214048807985
1745,4025.9551020986632
1746,4005.2843918584285
1747,3986.1102760830045
1748,3967.7235269717125
1749,3949.3098009269065
1750,3932.198025076064
1751,3917.2135519194803
1752,3908.006510043943
1753,3904.132530051984
1754,3906.2288796609773
1755,3913.775801318622
1756,3926.5999000688316
1757,3947.0111948914755
1758,3972.1268171990637
1759,4000.7983409799
1760,4032.133511973208
1761,4068.765231262488
1762,4106.393872591672
1763,4142.444811542868
1764,4174.93925818468
1765,4205.41837803149
1766,4230.61618782378
1767,4252.538282343073
1768,4271.595323692205
1769,4285.692273745718
1770,4294.7771022667275
1771,4301.501712475585
1772,4306.161666116816
1773,4308.206740198319
1774,4309.898912622611
1775,4310.281147860853
1776,4314.669423982094
1777,4322.198151642307
1778,4331.102849194736
1779,4340.33390126278
1780,4350.238293932312
1781,4359.755559834897
1782,4369.01972889969
1783,4376.29581470105
1784,4382.5431892672605
1785,4387.2632462713855
1786,4389.43319270642
1787,4391.027932976867
1788,4392.756623985912
1789,4394.368430337168
1790,4396.459293140883
1791,4400.182559873883
1792,4402.420389916308
1793,4403.7073880584185
1794,4403.600318872363
1795,4402.29432911327
1796,4399.497955842347
1797,4396.473741230048
1798,4393.311667167205
1799,4387.95761802972
1800,4381.5650181188485
1801,4373.097778409519
1802,4361.933328607804
1803,4346.9325143836795
1804,4328.170945548732
1805,4304.358072664991
1806,4276.398573716919
1807,4247.236932436906
1808,4216.040544290356
1809,4182.56511094515
1810,4147.237342302164
1811,4110.356026995476
1812,4073.1529966888615
1813,4035.8340847165114
1814,3998.597055138761
1815,3963.869610594827
1816,3931.3971697270504
1817,3900.921268882605
1818,3872.779808133928
1819,3847.1166217364434
1820,3821.939036072987
1821,3796.0927386729377
1822,3768.693869633623
1823,3738.9590626746995
1824,3713.0897806204357
1825,3684.893580025475
1826,3655.768167120337
1827,3625.7298492054088
1828,3597.3310750480186
1829,3570.9630628371724
1830,3548.2897246963366
1831,3528.682195054575
1832,3511.7069282437333
1833,3497.4537652643826
1834,3485.4701153294554
1835,3475.760828334595
1836,3468.312356640877
1837,3463.2817298271702
1838,3460.480157890726
1839,3457.3042072219737
1840,3451.757709648815
1841,3445.220627130418
1842,3436.2892569460146
1843,3426.4683397600465
1844,3417.0476828007386
1845,3409.041441987801
1846,3402.2226196588717
1847,3396.095666781609
1848,3389.8066384008434
1849,3380.966060401584
1850,3372.25437843255
1851,3363.2681702508517
1852,3354.5998268973945
1853,3347.153211104402
1854,3343.340328993252
1855,3343.6561654432794
1856,3345.566393891358
1857,3352.2917689862293
1858,3360.3839754770574
1859,3370.326685915261
1860,3379.5463886287375
1861,3391.653015894909
1862,3405.5237107210546
1863,3421.405362745714
1864,3438.940892196877
1865,3459.0487182685156
1866,3480.4782093789686
1867,3501.8128940188044
1868,3525.1326021919185
1869,3548.656572773468
1870,3573.6167283600794
1871,3600.2306223906025
1872,3629.536600029416
1873,3661.789475824592
1874,3698.7258110717576
1875,3739.2001196775614
1876,3781.8606891030736
1877,3825.9895450426443
1878,3869.626089249511
1879,3909.4540349320437
1880,3944.001162521615
1881,3974.057163524542
1882,4000.2643555864115
1883,4025.103029852596
1884,4049.678620987142
1885,4071.474154095178
1886,4091.5485711306296
1887,4110.170602474876
1888,4128.332979779192
1889,4145.359878725577
1890,4163.5450343949415
1891,4182.193123146396
1892,4201.2588932479575
1893,4221.219699242062
1894,4244.954577453254
1895,4272.721930998548
1896,4301.061606642491
1897,4329.541039118272
1898,4358.257770936354
1899,4386.429988720294
1900,4415.72273366796
1901,4443.968763832369
1902,4471.482357157037
1903,4496.71439495918
1904,4519.309169513201
1905,4539.562738000124
1906,4557.664363344785
1907,4573.814812402173
1908,4587.225916178576
1909,4597.890604124261
1910,4609.425675220225
1911,4619.856401873216
1912,4630.212873297708
1913,4638.014384397548
1914,4645.565560700215
1915,4653.600612085005
1916,4659.053164663314
1917,4663.294912098303
1918,4665.33575305713
1919,4665.511202175979
1920,4662.510282482406
1921,4657.573631982386
1922,4651.465061870667
1923,4643.134872426653
1924,4635.615967961284
1925,4625.621987824559
1926,4615.715147711604
1927,4606.70654267134
1928,4595.651287789905
1929,4585.929998540561
1930,4575.929745535295
1931,4569.871310470708
1932,4564.76872662949
1933,4560.089602799826
1934,4553.852264402254
1935,4547.934698841333
1936,4538.881154146069
1937,4525.055081393554
1938,4513.026398098867
1939,4499.099781691867
1940,4485.926286240891
1941,4473.3491388815055
1942,4463.091100437365
1943,4453.818206160581
1944,4448.851035020997
1945,4447.03597594082
1946,4445.349067219731
1947,4443.718907307335
1948,4441.666297032159
1949,4437.442632901439
1950,4434.551135477421
1951,4430.091612156891
1952,4425.836074978225
1953,4421.518449646327
1954,4419.678511999571
1955,4420.255628228595
1956,4421.861121899774
1957,4423.644625005392
1958,4429.998839884117
1959,4439.130902744673
1960,4451.152435449812
1961,4467.132803465682
1962,4486.220769608166
1963,4507.863549921054
1964,4532.23850509368
1965,4556.554210827755
1966,4582.2246250192975
1967,4606.861360124818
1968,4629.6105113344765
1969,4652.499651699264
1970,4674.235892689146
1971,4699.130624899855
1972,4724.788015931041
1973,4749.926209338861
1974,4774.387955058434
1975,4795.749272808747
1976,4815.229642882833
1977,4832.405581350686
1978,4850.178326581229
1979,4868.384868759713
1980,4884.367111078114
1981,4899.904677723534
1982,4913.4351281630725
1983,4927.330423149977
1984,4936.717193292265
1985,4944.3849194468685
1986,4949.37759422851
1987,4952.760265345951
1988,4953.580962706385
1989,4952.8535944188525
1990,4950.841729941418
1991,4950.501385932471
1992,4947.4543984580705
1993,4946.936056745167
1994,4948.378976867224
1995,4949.634317373414
1996,4949.843425282515
1997,4947.057472736627
1998,4941.516813340676
1999,4934.981684929814
2000,4928.849355375224
2001,4923.822193408042
2002,4918.960267798415
2003,4915.2412481387
2004,4910.539030176549
2005,4902.569051458301
2006,4892.315689862091
2007,4879.781855894833
2008,4861.112707531899
2009,4838.160494164921
2010,4812.610957593013
2011,4785.813151870162
2012,4756.823209029755
2013,4726.51731376307
2014,4693.729482796236
2015,4660.290923811017
2016,4624.552248721871
2017,4584.231678697976
2018,4538.740653070756
2019,4490.829882190608
2020,4439.03667660853
2021,4384.66455063494
2022,4327.560144969539
2023,4270.750919097892
2024,4215.3342970416015
2025,4158.498624777627
2026,4102.888992217136
2027,4048.4295233927824
2028,3996.1370137668314
2029,3943.9760083243564
2030,3893.613894298466
2031,3844.6858847975645
2032,3797.6863491978756
2033,3752.6602287933983
2034,3708.435097173912
2035,3666.6477477850326
2036,3626.163549345246
2037,3587.9439865301065
2038,3555.551741124111
2039,3528.5109007177607
2040,3510.09130702231
2041,3496.5035101712174
2042,3488.747047887926
2043,3485.3249635639504
2044,3485.2588112827834
2045,3488.9101208138236
2046,3497.5842096856886
2047,3511.9684030554686
2048,3530.604247182896
2049,3553.742511260653
2050,3580.1370863311586
2051,3609.678814935844
2052,3635.38011882192
2053,3667.0912671902465
2054,3701.954708058556
2055,3737.9249086750324
2056,3772.6679445397017
2057,3808.4805818385494
2058,3842.822924799524
2059,3872.287132183163
2060,3898.3022893191323
2061,3921.759612223985
2062,3943.796216450467
2063,3965.636991494366
2064,3987.9732455959647
2065,4011.613938461898
2066,4038.4288206281467
2067,4070.139838182696
2068,4103.783459005654
2069,4140.856214573309
2070,4181.249519048414
2071,4224.907954954451
2072,4269.807050096442
2073,4316.462360089245
2074,4362.0586033447435
2075,4405.729918855199
2076,4448.338084484507
2077,4488.316746597039
2078,4525.2622820749975
2079,4561.06229447468
2080,4595.509006751627
2081,4629.784645715096
2082,4661.563350978672
2083,4691.609802380532
2084,4722.642170021077
2085,4751.630323079548
2086,4779.074909632989
2087,4806.571796743828
2088,4832.645829704593
2089,4857.331916604018
2090,4884.104049284189
2091,4912.157952964618
2092,4939.152016240949
2093,4967.960417490051
2094,4993.694274896563
2095,5014.482237483562
2096,5030.478694953232
2097,5041.503651098353
2098,5047.625152097361
2099,5044.356888617113
2100,5035.132110437061
2101,5021.522810404617
2102,5001.6903745499185
2103,4975.513054023701
2104,4943.725852191381
2105,4908.976936881609
2106,4873.9514117917415
2107,4841.520531619835
2108,4813.663292268619
2109,4789.427494033061
2110,4772.256156466987
2111,4760.45762066249
2112,4750.791697808067
2113,4741.323088250219
2114,4727.675107463222
2115,4712.440902351166
2116,4695.91332962621
2117,4677.578809383059
2118,4659.680379585473
2119,4642.670555304487
2120,4625.524299416289
2121,4609.364294416533
2122,4595.342002854054
2123,4583.033091318646
2124,4572.817624938617
2125,4563.376215702355
2126,4556.5503144706445
2127,4554.822492811976
2128,4557.5287743481385
2129,4563.39515694865
2130,4574.648774766809
2131,4589.690059077202
2132,4609.737129686532
2133,4633.054395536438
2134,4658.356176587501
2135,4686.237499082327
2136,4716.753734616104
2137,4750.902786933869
2138,4784.336862802711
2139,4818.82714165684
2140,4853.275045716534
2141,4884.991005947758
2142,4913.04837138789
2143,4939.952939945187
2144,4963.673272019666
2145,4984.302420529497
2146,5003.499588567538
2147,5021.429067943477
2148,5036.589478006693
2149,5048.444991533951
2150,5055.629998053647
2151,5058.3343224868595
2152,5056.021359191473
2153,5047.672674054052
2154,5033.5914826729295
2155,5016.669832529235
2156,4996.858121287574
2157,4974.630471317104
2158,4949.985732110963
2159,4922.076790520939
2160,4892.0862312250065
2161,4860.6908765884045
2162,4827.270898068903
2163,4791.506256762025
2164,4752.703957005551
2165,4711.858596526771
2166,4676.323132910233
2167,4638.823886960612
2168,4599.825888861492
2169,4559.129838734387
2170,4517.489675827118
2171,4475.119039148719
2172,4434.587588043663
2173,4393.636751584871
2174,4352.303690290176
2175,4310.644613569227
2176,4268.465255922195
2177,4226.635996757088
2178,4186.417687231211
2179,4145.953254635698
2180,4107.098536620727
2181,4069.479854672381
2182,4034.3877517834676
2183,3998.459254205414
2184,3962.6225685770187
2185,3927.6987832926543
2186,3894.0763014341974
2187,3864.2214881348027
2188,3837.1406743268835
2189,3813.9625091847724
2190,3795.7140916065136
2191,3780.307930534587
2192,3768.7564351163333
2193,3760.4926287799685
2194,3754.647038144973
2195,3751.234270008537
2196,3749.9074615458153
2197,3751.44510306839
2198,3754.574345825602
2199,3761.427249626357
2200,3768.515158245356
2201,3778.1599781630493
2202,3790.417927248673
2203,3802.585015992136
2204,3814.608211767962
2205,3826.733265462816
2206,3838.5905985393724
2207,3848.74635488727
2208,3856.2463153597173
2209,3862.82677548139
2210,3866.85054997248
2211,3869.4601032581327
2212,3868.876509040564
2213,3865.5766629310724
2214,3860.647569651675
2215,3853.358473759812
2216,3844.0203181596703
2217,3832.9312615245112
2218,3821.565003712746
2219,3808.297340645
2220,3793.2089017938742
2221,3776.907021079594
2222,3759.663355448491
2223,3744.661366349432
2224,3727.5058937151357
2225,3708.131170083934
2226,3688.1834399597233
2227,3667.682057816214
2228,3648.1868879671397
2229,3629.5170222065353
2230,3610.1183887117018
2231,3591.7658025855903
2232,3574.1196095957953
2233,3556.6941892863283
2234,3539.9684767159283
2235,3523.1676867868437
2236,3506.0982871222354
2237,3489.7268774927306
2238,3474.4156752831263
2239,3459.178983726039
2240,3443.779867543194
2241,3428.9745696892323
2242,3414.783865493872
2243,3399.652726358608
2244,3384.4395745226916
2245,3370.28580627207
2246,3357.7078429769936
2247,3346.5802341443277
2248,3335.8127359268856
2249,3325.7274127344854
2250,3317.560944813311
2251,3310.552358822947
2252,3307.7475644456167
2253,3308.4939716863432
2254,3312.8071089484006
2255,3320.232380322143
2256,3331.7422782940566
2257,3345.0875775939244
2258,3361.000287851845
2259,3379.7183630109425
2260,3401.7691137996226
2261,3427.7960757498513
2262,3457.5311903418187
2263,3489.9133737673515
2264,3525.8885534855576
2265,3564.6409457637374
2266,3607.798892974804
2267,3656.2209053531597
2268,3709.4898208279837
2269,3767.331703284451
2270,3830.715901361467
2271,3898.071143962361
2272,3969.3232585306637
2273,4043.091089858591
2274,4119.522534294591
2275,4199.6830766161875
2276,4281.630007910626
2277,4364.009291882608
2278,4443.292825368069
2279,4521.8487621276545
2280,4590.1924271084945
2281,4657.30036058458
2282,4721.657668498069
2283,4784.387927536559
2284,4844.0604282998565
2285,4899.022846623242
2286,4947.866497156744
2287,4991.95405748969
2288,5030.492403762939
2289,5064.673956142154
2290,5093.950756074043
2291,5118.874994372418
2292,5140.3783100298415
2293,5158.302688000818
2294,5171.409337619923
2295,5180.808246786297
2296,5187.238534586424
2297,5188.911562382315
2298,5186.339334783469
2299,5178.2347196118535
2300,5165.01978751063
2301,5144.260480207007
2302,5117.144614139495
2303,5085.896343961768
2304,5051.717059502196
2305,5015.007516821121
2306,4976.3612195383075
2307,4938.800579987095
2308,4901.83956337522
2309,4865.782810995891
2310,4829.325754483918
2311,4792.236738547526
2312,4757.603734392575
2313,4724.434613917261
2314,4695.5829182446505
2315,4672.043236793577
2316,4652.937059165522
2317,4638.178321779263
2318,4626.977465779728
2319,4615.928614118447
2320,4605.125290665205
2321,4594.916582119606
2322,4584.278780687998
2323,4573.707163827327
2324,4564.363211357444
2325,4553.902045307292
2326,4543.554432807094
2327,4535.141616590515
2328,4527.919835951281
2329,4522.377330088071
2330,4517.913921637452
2331,4514.982024548834
2332,4513.321172621651
2333,4512.562888584421
2334,4513.510365042415
2335,4519.728959084439
2336,4529.4421736238955
2337,4537.892670273223
2338,4550.635204042257
2339,4565.288278696736
2340,4581.300172515232
2341,4597.902692352992
2342,4614.196626736366
2343,4631.299341835949
2344,4648.801556947666
2345,4667.671750457954
2346,4688.888689925363
2347,4711.169869555247
2348,4734.516964818024
2349,4758.982026809917
2350,4781.760100623616
2351,4803.408027138072
2352,4825.464549465593
2353,4848.263286719922
2354,4870.1527801426055
2355,4890.575263477121
2356,4910.985120135884
2357,4929.765856410235
2358,4946.865864127036
2359,4962.202939855982
2360,4976.388531250819
2361,4987.812976275078
2362,4995.557094856495
2363,5000.736593074638
2364,5002.532800253605
2365,5001.555758807745
2366,4998.135962976443
2367,4993.318218517877
2368,4986.016386150128
2369,4976.446802857278
2370,4965.485896877913
2371,4953.986611566462
2372,4941.480561760103
2373,4927.235214886279
2374,4911.985476016813
2375,4896.6975980904
2376,4881.542938699187
2377,4866.345100513656
2378,4851.264876096092
2379,4834.776929866341
2380,4817.297889702393
2381,4800.155049508332
2382,4783.177646484846
2383,4767.933628536676
2384,4752.206321786961
2385,4736.582205240379
2386,4721.755725013617
2387,4707.605129467228
2388,4691.5759102673455
2389,4675.586101049117
2390,4663.039894870268
2391,4652.254557170708
2392,4643.686931677778
2393,4638.640122841741
2394,4634.249399154389
2395,4633.736850195298
2396,4632.301219486667
2397,4628.758083856366
2398,4620.067516331212
2399,4604.182258622485
2400,4583.689127125923
2401,4555.894941670444
2402,4524.015091264261
2403,4489.2401166119835
2404,4452.309300711784
2405,4414.870369096267
2406,4377.184514395974
2407,4336.45816647988
2408,4294.131534009675
2409,4251.4404491304995
2410,4208.913563218539
2411,4165.792796412235
2412,4126.153203976424
2413,4089.257425908722
2414,4055.7700558437277
2415,4024.6112877329497
2416,3994.2649047609793
2417,3965.498405256567
2418,3937.0452123680593
2419,3910.2679998082403
2420,3886.9110285348247
2421,3866.5655273434136
2422,3847.6291251459975
2423,3829.216013828683
2424,3811.0168723749716
2425,3793.872158163756
2426,3777.7494237102496
2427,3763.5057172411307
2428,3751.571032377241
2429,3744.243875928452
2430,3742.217529945245
2431,3743.5402182707394
2432,3747.9135392449575
2433,3756.94671828985
2434,3768.419501430228
2435,3782.739473147442
2436,3799.594185089276
2437,3816.2268900646227
2438,3834.7625633595317
2439,3855.9406952160352
2440,3877.8307789590895
2441,3901.240636829995
2442,3924.3478539585376
2443,3949.3837388780757
2444,3973.970557359757
2445,3997.727994705541
2446,4021.685065880346
2447,4048.223807109643
2448,4079.227000494538
2449,4115.501187335492
2450,4158.914002828465
2451,4196.683152307351
2452,4242.147256611908
2453,4293.718993349246
2454,4346.507112019288
2455,4398.169983895243
2456,4446.703116787091
2457,4491.846688607372
2458,4532.187489504723
2459,4568.406404952356
2460,4600.655986622682
2461,4628.943771107719
2462,4653.179336567803
2463,4671.674549071799
2464,4683.506511965369
2465,4691.3030677966435
2466,4695.913027932807
2467,4699.949097316149
2468,4701.103805882968
2469,4700.461848333038
2470,4698.010527000058
2471,4692.370896664864
2472,4684.017892178321
2473,4671.70858069075
2474,4655.855877046821
2475,4636.985773695101
2476,4617.1972142624145
2477,4596.200586431954
2478,4574.038041849998
2479,4549.910504779079
2480,4524.592173603736
2481,4498.533519153665
2482,4468.724220237504
2483,4441.899800800179
2484,4417.792053331235
2485,4399.559200129993
2486,4385.947871124939
2487,4375.6190717023555
2488,4371.3112482504075
2489,4368.922371360498
2490,4365.61658160098
2491,4362.5151547300875
2492,4360.1057864562345
2493,4356.322932548682
2494,4349.209966209098
2495,4339.18118204697
2496,4325.040469997587
2497,4310.269994442634
2498,4292.04090200507
2499,4267.796985623619
2500,4237.1480062441315
2501,4198.424959070355
2502,4154.792212364026
2503,4108.762605505434
2504,4061.9190393110694
2505,4014.916715505065
2506,3969.475839849535
2507,3930.273608117673
2508,3896.1676665109535
2509,3864.2514953446425
2510,3837.578080586333
2511,3815.132882812238
2512,3798.228149615904
2513,3787.437093924589
2514,3782.3753791806257
2515,3781.5378953151453
2516,3783.4295065424353
2517,3786.8003249378407
2518,3790.8586378177483
2519,3794.7228342807975
2520,3798.9921187721748
2521,3802.8824906192835
2522,3807.0078015168347
2523,3811.1071236447497
2524,3817.5948963596693
2525,3825.6454493012893
2526,3836.767452671766
2527,3849.8208094807933
2528,3864.298028431027
2529,3878.043019154743
2530,3890.72157161613
2531,3903.7072895929546
2532,3919.573949347065
2533,3937.033419046234
2534,3953.189496435542
2535,3969.7125432844186
2536,3982.2642411390543
2537,3994.0716175926395
2538,4002.873613198515
2539,4008.6859663805285
2540,4014.226562465905
2541,4018.954178794025
2542,4021.146131232882
2543,4018.8299822847
2544,4013.3367439646804
2545,4006.0237931986003
2546,3995.701069703827
2547,3983.983777100903
2548,3971.2562070103086
2549,3957.8600354199175
2550,3944.627008036714
2551,3931.598115857104
2552,3920.335485771461
2553,3912.605862093429
2554,3905.4309957869673
2555,3900.854185168541
2556,3899.9675749154976
2557,3899.060802628385
2558,3901.475166069067
2559,3908.08195693591
2560,3920.3800596154483
2561,3934.930680872706
2562,3950.818622702313
2563,3966.3315597023543
2564,3982.676831212406
2565,3996.897217426151
2566,4011.3069762505293
2567,4021.114653238774
2568,4025.6398609965104
2569,4028.2856520016585
2570,4028.089969684917
2571,4023.4949993924215
2572,4016.509953900121
2573,4007.0513707988007
2574,3993.681739397056
2575,3978.483635804671
2576,3960.8261705672367
2577,3943.4421530416867
2578,3923.1611260079835
2579,3901.369689610683
2580,3879.41029533846
2581,3857.9222630048293
2582,3838.5634169081454
2583,3820.9067665952102
2584,3803.695059778342
2585,3786.7660988516946
2586,3768.599783193341
2587,3751.1001764686084
2588,3732.4963847473014
2589,3714.5474937617214
2590,3696.605814632355
2591,3676.895263785968
2592,3655.8604421745918
2593,3632.741610986286
2594,3610.0582425396183
2595,3585.84790234259
2596,3559.729732151314
2597,3532.102601707583
2598,3505.917561010736
2599,3480.523688135462
2600,3457.935553668601
2601,3436.6832590719923
2602,3416.8667050818217
2603,3397.340031075756
2604,3379.3439653601176
2605,3362.5425041279
2606,3349.3172105275453
2607,3341.756711863067
2608,3337.9666553114357
2609,3336.287262403673
2610,3335.5386989748313
2611,3335.8709328928126
2612,3336.286920892679
2613,3337.011193148189
2614,3338.232189530469
2615,3340.08556964744
2616,3341.6055010331415
2617,3342.803425837496
2618,3344.980205230084
2619,3349.700501642765
2620,3360.1069336261717
2621,3377.4559174836
2622,3392.549533439563
2623,3415.671024335751
2624,3444.3005901830993
2625,3477.8276652608956
2626,3516.2612119523897
2627,3560.10089494971
2628,3609.2200990496767
2629,3662.3624486085246
2630,3718.4992298556167
2631,3777.2796370833116
2632,3837.3760117734055
2633,3898.941471358777
2634,3962.5902152431845
2635,4027.369829258112
2636,4093.312626342869
2637,4159.899399916697
2638,4226.2050286203985
2639,4288.6872864626
2640,4348.014428077055
2641,4405.030199492645
2642,4458.566245262641
2643,4510.797911426546
2644,4561.304072920462
2645,4609.6649552677
2646,4655.07570322942
2647,4695.502809680129
2648,4733.426515987371
2649,4765.65863175495
2650,4792.138676238806
2651,4812.034988216203
2652,4825.824132505947
2653,4835.265396269562
2654,4840.839191941018
2655,4841.651039252244
2656,4838.8306339258925
2657,4832.301666935649
2658,4819.340909262523
2659,4804.430072766103
2660,4787.163506989277
2661,4767.405217879333
2662,4745.852278437844
2663,4725.554304559063
2664,4703.71788110796
2665,4681.170475099248
2666,4656.75103207255
2667,4632.451548899146
2668,4608.164350898831
2669,4586.297961665545
2670,4566.586424978274
2671,4550.478338938867
2672,4537.265511439143
2673,4528.421045352673
2674,4522.640918159609
2675,4517.782903032981
2676,4512.538537147505
2677,4505.316103841489
2678,4497.24603313011
2679,4490.225071611209
2680,4481.214242469228
2681,4467.897363457179
2682,4449.434772266386
2683,4425.843206875793
2684,4396.113832358264
2685,4360.469688791492
2686,4317.481845131213
2687,4269.1857827587455
2688,4215.756398103448
2689,4161.241239975312
2690,4102.511580949038
2691,4043.2590682263926
2692,3982.8047547514416
2693,3920.668128577938
2694,3858.562860640192
2695,3795.8447798137113
2696,3735.4564649995345
2697,3678.963103922139
2698,3627.753607920785
2699,3581.7366977307797
2700,3539.421101124307
2701,3500.3722181486655
2702,3466.297148006447
2703,3437.067601027226
2704,3416.239283402268
2705,3400.281105938748
2706,3389.825532869566
2707,3385.6867048200957
2708,3386.8757244083645
2709,3390.18553042222
2710,3397.738138691479
2711,3408.717404018538
2712,3421.8293781147995
2713,3439.2724072221376
2714,3459.833981104898
2715,3484.1926237385273
2716,3513.723645947064
2717,3545.066205344002
2718,3579.504167376715
2719,3616.828384232505
2720,3657.5387654853653
2721,3699.684356781471
2722,3742.122174281141
2723,3787.1081493486945
2724,3831.832804058888
2725,3875.065775906475
2726,3916.8185735669954
2727,3957.6331965416307
2728,3997.0786899170243
2729,4033.7529953186977
2730,4067.7966917300996
2731,4099.681137690372
2732,4132.158555236104
2733,4165.979153271777
2734,4200.748167713016
2735,4240.568642619296
2736,4275.212455787759
2737,4315.271545312653
2738,4360.780105852511
2739,4409.444757444672
2740,4460.788827569938
2741,4514.595118426828
2742,4569.658292774462
2743,4626.364801423063
2744,4683.709101182962
2745,4740.299976351226
2746,4795.1648660161745
2747,4849.590764992798
2748,4905.757914365562
2749,4961.853870670349
2750,5018.18147777484
2751,5075.895132870425
2752,5134.026940400364
2753,5188.466659109071
2754,5239.5895586585975
2755,5288.95365116068
2756,5335.027903621025
2757,5378.756191698322
2758,5420.4470658448945
2759,5458.0945047279365
2760,5492.60688124375
2761,5522.379981378614
2762,5547.4067812622125
2763,5568.157737139374
2764,5586.020085906242
2765,5600.119303523703
2766,5608.658210424155
2767,5613.678752539226
2768,5614.284548632791
2769,5608.363595268606
2770,5597.077658430275
2771,5581.7536730688325
2772,5562.842928775173
2773,5539.349671288014
2774,5511.726111545625
2775,5482.254812223919
2776,5452.072020121643
2777,5420.339744473149
2778,5388.228875613577
2779,5352.606565518819
2780,5314.19938186756
2781,5276.318865647568
2782,5238.328482258951
2783,5200.836939524204
2784,5164.454724908743
2785,5127.745356810674
2786,5092.526590203932
2787,5057.673027616291
2788,5023.677433014125
2789,4989.89445997562
2790,4956.03999340525
2791,4926.153201556529
2792,4897.127394161532
2793,4871.874941727884
2794,4847.713322997348
2795,4825.00428995834
2796,4802.420814260478
2797,4781.111942962136
2798,4760.177928777625
2799,4740.024086019812
2800,4720.027894385888
2801,4702.803452377333
2802,4687.277714077019
2803,4672.797212816119
2804,4658.330610698459
2805,4643.521459846281
2806,4628.236245355908
2807,4612.448066312672
2808,4595.335969872569
2809,4578.98116826222
2810,4563.460694235677
2811,4546.2974814934405
2812,4530.706976452486
2813,4514.577592931215
2814,4499.293404859543
2815,4485.910528943856
2816,4475.71587480689
2817,4468.752042973373
2818,4464.502522067363
2819,4461.114046463176
2820,4459.795763703236
2821,4460.309502408339
2822,4462.986979679179
2823,4468.366280568559
2824,4475.347509593668
2825,4484.350929203154
2826,4493.92638128542
2827,4505.554222126811
2828,4518.292833088481
2829,4533.357834540585
2830,4550.795394697856
2831,4568.648459055089
2832,4583.939713684502
2833,4596.891141354981
2834,4608.448943332639
2835,4620.697195470305
2836,4633.837592361059
2837,4646.383930202299
2838,4660.45339878481
2839,4673.075782155229
2840,4684.205592329158
2841,4696.156016597989
2842,4704.780323669295
2843,4709.805023833603
2844,4708.441404550278
2845,4702.915361078539
2846,4694.237376306323
2847,4682.902044407605
2848,4667.170106403508
2849,4648.598619539098
2850,4632.44142596706
2851,4615.67650804856
2852,4596.55999620714
2853,4573.207955245981
2854,4545.63549899428
2855,4516.559068565977
2856,4487.479019415995
2857,4457.588746847295
2858,4427.060245525483
2859,4397.221513922428
2860,4369.036284619059
2861,4343.926727379409
2862,4319.707879698261
2863,4297.179481178729
2864,4276.554633057463
2865,4255.921115206612
2866,4233.535145962343
2867,4212.917843726394
2868,4191.307565184757
2869,4171.259737760746
2870,4153.701345790629
2871,4137.845974844592
2872,4122.541151886898
2873,4107.80660713791
2874,4094.566364318677
2875,4082.95989695512
2876,4073.8926306105996
2877,4068.7066593733407
2878,4064.3710519358688
2879,4062.190174963804
2880,4061.3101336753066
2881,4061.3701611517645
2882,4059.644271110938
2883,4058.8949937602547
2884,4057.507194875253
2885,4055.5090258426194
2886,4053.105938224329
2887,4047.9584452048293
2888,4039.836859401394
2889,4031.3234036232934
2890,4020.2329049341706
2891,4007.218537401729
2892,3992.241909309516
2893,3977.704122279127
2894,3964.314198863738
2895,3953.6726106400006
2896,3945.906778736521
2897,3941.1542038446705
2898,3938.4849643917532
2899,3938.4527939039854
2900,3941.9289291743785
2901,3947.549078103749
2902,3956.4260961522664
2903,3966.613307783542
2904,3979.4590447531427
2905,3993.6007056746967
2906,4010.76782001198
2907,4025.703209485416
2908,4042.279557223032
2909,4061.4471913552175
2910,4080.700053716216
2911,4102.610606019069
2912,4124.761202007886
2913,4147.622232206399
2914,4171.990589233521
2915,4196.110931780478
2916,4218.858265966769
2917,4240.591801997432
2918,4261.211335950602
2919,4280.076126913521
2920,4296.960820114648
2921,4313.024216934448
2922,4328.162168579466
2923,4343.033604890731
2924,4357.743757170557
2925,4371.324052426435
2926,4383.638436802312
2927,4393.202162271518
2928,4401.279624564819
2929,4407.6282860831225
2930,4410.430367607332
2931,4410.980060042586
2932,4412.845397044445
2933,4414.194422352101
2934,4416.380484183793
2935,4418.87436726633
2936,4421.517549634602
2937,4427.377860913869
2938,4435.182596882999
2939,4445.730110658836
2940,4457.6662457334105
2941,4471.04179293016
2942,4484.814011129781
2943,4496.126019361068
2944,4507.947677202152
2945,4520.43328177697
2946,4531.977720798563
2947,4545.007256195034
2948,4558.795168783477
2949,4570.615034018926
2950,4580.6537542958395
2951,4590.060905707853
2952,4595.738522785371
2953,4598.736580923385
2954,4597.580853668803
2955,4593.256472445174
2956,4587.198178551346
2957,4579.937599102821
2958,4571.352543371342
2959,4563.154545359905
2960,4554.2634832590265
2961,4543.477140774894
2962,4532.051756778338
2963,4519.776258158926
2964,4509.096574360037
2965,4498.5276707048315
2966,4488.723523247539
2967,4478.911980025744
2968,4470.6606389479975
2969,4461.568507724842
2970,4453.554496361287
2971,4448.188314931604
2972,4445.4130496363605
2973,4445.890958767072
2974,4446.190482490165
2975,4448.649930115583
2976,4451.997234368469
2977,4456.965499395284
2978,4462.816396455896
2979,4469.579606196975
2980,4477.016790482374
2981,4485.241960740965
2982,4491.775649961026
2983,4497.774618187845
2984,4504.588691656933
2985,4513.610140294555
2986,4526.009108666865
2987,4539.995846115024
2988,4555.051374186383
2989,4572.810322011046
2990,4591.398444105014
2991,4610.034388087859
2992,4631.435823925726
2993,4655.358185096905
2994,4682.1794178781
2995,4711.295013872259
2996,4740.219782882264
2997,4768.415864215088
2998,4793.955159036251
2999,4818.863315472807
3000,4842.585033923257
3001,4864.074359822492
3002,4884.147988704403
3003,4903.638974489779
3004,4920.637402812156
3005,4933.619417672083
3006,4942.050946525929
3007,4945.901909907792
3008,4944.644734118553
3009,4939.994366689711
3010,4930.837947728112
3011,4916.977469181338
3012,4900.58379723042
3013,4882.819506193238
3014,4862.874821360405
3015,4841.529400535805
3016,4817.936914216708
3017,4792.62433473139
3018,4764.602226583202
3019,4733.862328534402
3020,4699.884250554543
3021,4670.3233227120645
3022,4635.768225114758
3023,4597.794940133017
3024,4558.1230822345005
3025,4519.788387402855
3026,4482.72023370175
3027,4447.388886622688
3028,4415.061767099852
3029,4384.519269708827
3030,4355.5906115912085
3031,4328.131815882015
3032,4302.400711468736
3033,4277.831942372084
3034,4254.604838934592
3035,4233.237608138917
3036,4211.669494951098
3037,4190.331810210513
3038,4168.425030835243
3039,4147.42008906343
3040,4124.453690771892
3041,4097.440274934432
3042,4068.7958576618967
3043,4039.358211087835
3044,4007.1998983620033
3045,3973.2418100677896
3046,3938.2431907582472
3047,3902.827358911984
3048,3867.8708733044814
3049,3833.9315904819096
3050,3802.198283562368
3051,3772.851195442767
3052,3744.1264317307873
3053,3717.376279788228
3054,3692.2625793641428
3055,3665.834958305758
3056,3643.198780718537
3057,3623.534380183348
3058,3606.4218722486826
3059,3595.0089311407028
3060,3587.2463867239217
3061,3582.6292693791606
3062,3582.6373283865905
3063,3588.31574350252
3064,3597.755672916052
3065,3612.0733801600095
3066,3630.875360358724
3067,3653.783519761813
3068,3681.8362293212394
3069,3716.7063828965465
3070,3757.1785043432083
3071,3801.853118182114
3072,3851.6552105696856
3073,3903.1850126377335
3074,3953.9260179392586
3075,4001.1531849366897
3076,4045.834508787616
3077,4086.402768323419
3078,4121.697154119568
3079,4151.991974401906
3080,4178.913205863249
3081,4203.421529077221
3082,4223.266861774627
3083,4241.797484686428
3084,4257.125298605677
3085,4269.651286940674
3086,4281.060007296062
3087,4291.557322264391
3088,4299.436818193869
3089,4306.27397056142
3090,4311.898848925994
3091,4316.030266674371
3092,4319.93325423882
3093,4323.10770181692
3094,4326.0172555867275
3095,4328.605683741624
3096,4331.625274890593
3097,4333.501297639667
3098,4333.800661743539
3099,4331.488273322385
3100,4325.227504059616
3101,4316.416717770406
3102,4304.326576706669
3103,4290.628995333301
3104,4276.175308683907
3105,4261.2167925190115
3106,4244.566123133837
3107,4227.877070459293
3108,4210.655787324073
3109,4191.916540377016
3110,4171.902953940901
3111,4150.880945989559
3112,4127.163954493921
3113,4100.098749125649
3114,4070.985962294842
3115,4038.7822714194435
3116,4003.036470933666
3117,3967.6617274164405
3118,3930.824754105201
3119,3891.674750026924
3120,3852.096980315399
3121,3811.94227154728
3122,3771.847007120777
3123,3730.9557487227926
3124,3689.0449942877217
3125,3646.9920708843233
3126,3604.330236414536
3127,3560.1241842730174
3128,3516.7234988524765
3129,3473.9412179865417
3130,3435.5785176283525
3131,3399.453354501313
3132,3366.780526659609
3133,3336.77624664891
3134,3310.53328868454
3135,3287.701915255538
3136,3269.008909600951
3137,3253.3720041942474
3138,3239.0630388840777
3139,3224.286100490684
3140,3208.595701168811
3141,3193.9103196033184
3142,3180.1088603510143
3143,3166.100476875708
3144,3152.808680127994
3145,3141.629052870484
3146,3129.394352434992
3147,3116.9120331697527
3148,3105.787788675016
3149,3094.594890263557
3150,3082.4390879196576
3151,3072.22389193553
3152,3060.113610012689
3153,3049.2915540573886
3154,3041.058311991015
3155,3036.8007485907124
3156,3036.656248135829
3157,3038.190106331246
3158,3042.3967803284686
3159,3047.3865021104307
3160,3050.8354882156173
3161,3056.282960449457
3162,3062.7456674095047
3163,3067.8078410674684
3164,3070.7637856544525
3165,3073.1022522995136
3166,3075.65115375326
3167,3078.0263091408606
3168,3080.858458567815
3169,3085.626328496574
3170,3091.646946311936
3171,3097.8650360166757
3172,3104.560298791237
3173,3112.000683829489
3174,3120.6274505687347
3175,3131.447482355212
3176,3144.1906032245297
3177,3159.903463529221
3178,3178.6265268173856
3179,3199.752573087316
3180,3223.105585839437
3181,3248.6623350864043
3182,3273.5311506367098
3183,3297.589374122206
3184,3320.684483536014
3185,3345.153386334068
3186,3373.767656541462
3187,3402.0778924511214
3188,3434.2281081098213
3189,3469.2186560352366
3190,3505.6613465903606
3191,3548.557841793687
3192,3585.877792620581
3193,3629.5623154704085
3194,3679.1456741200095
3195,3732.1349528542546
3196,3787.8970133760968
3197,3844.14392259645
3198,3898.065211010696
3199,3952.411924461786
3200,4002.261050154453
3201,4050.1334968397114
3202,4093.332854240693
3203,4132.407498178612
3204,4167.872974959823
3205,4196.616514732598
3206,4219.496682506981
3207,4238.567081965573
3208,4254.582922693337
3209,4265.885472204786
3210,4276.581249051144
3211,4285.217460587346
3212,4290.110149611885
3213,4296.725898228271
3214,4303.972697932605
3215,4311.502431586912
3216,4320.840457531851
3217,4331.122322213353
3218,4339.287335253384
3219,4344.284233691026
3220,4348.4128269515595
3221,4347.747592770022
3222,4340.271793212476
3223,4331.420828623022
3224,4318.9737465002545
3225,4303.647861855827
3226,4285.189381747054
3227,4265.72077112922
3228,4245.466530714469
3229,4226.10009796793
3230,4205.072882752335
3231,4184.217187808585
3232,4162.802076391078
3233,4138.681058286789
3234,4115.336517447625
3235,4093.3359623606166
3236,4070.841407093469
3237,4049.2561948277807
3238,4031.3968537138303
3239,4015.4760585325007
3240,3998.5081883398802
3241,3981.464529356444
3242,3965.82256866051
3243,3953.6930649517135
3244,3942.9714572341404
3245,3933.1861001495404
3246,3927.2036662975247
3247,3925.029421854522
3248,3926.324866756894
3249,3927.451903821958
3250,3929.819135702109
3251,3935.877870507796
3252,3943.4044849812412
3253,3947.357942118659
3254,3946.1608807321722
3255,3945.1795806436403
3256,3942.6847366534066
3257,3940.710220171258
3258,3940.2535304417374
3259,3938.865581172551
3260,3936.4787788969516
3261,3932.5454997709444
3262,3927.7146333172386
3263,3923.2309311150225
3264,3917.4459374347407
3265,3911.93625600162
3266,3906.0011864383373
3267,3898.298247956058
3268,3891.073245246334
3269,3882.722698824812
3270,3874.1586062214838
3271,3867.3185960160313
3272,3863.051527961254
3273,3861.5113066689914
3274,3863.12617825657
3275,3869.026592697386
3276,3883.0149225867976
3277,3901.019332901948
3278,3921.668271197428
3279,3941.9353851472097
3280,3963.61697347078
3281,3987.3814269039494
3282,4012.787289927204
3283,4040.370247753443
3284,4073.0981022405767
3285,4106.966948420669
3286,4142.168356866462
3287,4177.742145750426
3288,4213.566288620819
3289,4249.795674781887
3290,4288.743067481946
3291,4328.533949591349
3292,4366.396251541124
3293,4403.77007690596
3294,4438.630467413609
3295,4470.893394027581
3296,4500.719330048947
3297,4526.658591933541
3298,4547.858794358311
3299,4564.036085347378
3300,4576.626230149492
3301,4585.7456194711
3302,4595.039155350588
3303,4607.016159219296
3304,4619.464532737964
3305,4637.6370188291085
3306,4653.447081728405
3307,4674.380490498375
3308,4696.533558574738
3309,4718.654231100505
3310,4739.772808113173
3311,4758.876717335985
3312,4774.963473784765
3313,4786.346042559227
3314,4793.704759395347
3315,4803.451856664772
3316,4813.734162627001
3317,4823.6094064409635
3318,4830.325806685118
3319,4833.674089936844
3320,4835.411788070834
3321,4835.935533377564
3322,4834.995042472603
3323,4832.808817459052
3324,4830.800154996349
3325,4828.785382711131
3326,4826.421108722854
3327,4822.586868884907
3328,4815.893701661785
3329,4807.401556449621
3330,4799.909351303985
3331,4795.480550667047
3332,4792.174815628311
3333,4791.814083139314
3334,4794.705548649185
3335,4795.444939919554
3336,4792.10115585308
3337,4784.56525693777
3338,4769.228460538608
3339,4749.1163650838935
3340,4730.4423561486265
3341,4713.923002546703
3342,4699.158411033829
3343,4685.117506692504
3344,4670.901880958338
3345,4656.664053336075
3346,4638.963129914599
3347,4616.915651011127
3348,4592.326326843293
3349,4568.126611617021
3350,4540.699788960299
3351,4512.3605519390185
3352,4483.200966529199
3353,4453.790578290359
3354,4421.354656195348
3355,4389.79943547784
3356,4354.9633638448595
3357,4319.530210961997
3358,4284.947723576579
3359,4253.114737003828
3360,4225.201181210907
3361,4199.728425833926
3362,4177.0905238957885
3363,4157.395549209609
3364,4141.110204723961
3365,4127.385893059058
3366,4115.133729485132
3367,4098.220885081957
3368,4083.774818225327
3369,4069.2113646149824
3370,4052.0304632209845
3371,4034.597022096868
3372,4015.5988580167214
3373,3998.2800166528073
3374,3982.7271757895764
3375,3970.7167145195913
3376,3959.211801230601
3377,3947.2983649515677
3378,3935.700925713707
3379,3920.646973356793
3380,3904.394820343063
3381,3884.088804094761
3382,3860.584145053208
3383,3837.7848009962895
3384,3811.7201430893374
3385,3783.9902982095355
3386,3755.176481759693
3387,3727.136561644155
3388,3698.1848387593805
3389,3671.674429039126
3390,3649.4330465489106
3391,3629.7628000338145
3392,3608.827582509794
3393,3585.9444038924626
3394,3560.9446987797382
3395,3535.1529377799443
3396,3509.4008212081917
3397,3485.876861828247
3398,3463.507504345006
3399,3442.721853326605
3400,3425.4953351532095
3401,3413.1766880511577
3402,3404.37495157576
3403,3401.1769311750145
3404,3402.785189457438
3405,3406.0936980873043
3406,3415.3953871418257
3407,3428.0219025446827
3408,3442.426765992397
3409,3457.968697245424
3410,3474.023130047106
3411,3490.052984021283
3412,3507.415881820652
3413,3526.3069744056706
3414,3545.510773039654
3415,3567.1571154145367
3416,3590.2442513759506
3417,3614.3116698077633
3418,3641.682348858812
3419,3670.155246328444
3420,3694.9266671270234
3421,3723.141387035731
3422,3753.4859734190027
3423,3783.1327462195604
3424,3811.6034776182837
3425,3839.116297984193
3426,3865.262436158629
3427,3889.6018540633067
3428,3914.727230083302
3429,3939.7363807154125
3430,3963.503830519829
3431,3987.0212719858814
3432,4008.246110555506
3433,4027.2501752145886
3434,4044.147869741625
3435,4061.935068010111
3436,4080.3411022518894
3437,4098.842238082526
3438,4118.649560208158
3439,4138.78899035316
3440,4159.796960420612
3441,4180.653946124666
3442,4200.278079068063
3443,4217.4242874540805
3444,4234.793777550219
3445,4252.779090371109
3446,4272.300789501622
3447,4290.999798699652
3448,4308.801438418503
3449,4327.642932953637
3450,4345.600837327467
3451,4359.842731957187
3452,4373.619187388169
3453,4385.044849920284
3454,4394.497798444525
3455,4400.979757180899
3456,4405.870217240897
3457,4408.666629571856
3458,4408.401714856357
3459,4408.574350710494
3460,4406.381716450508
3461,4402.7902338981785
3462,4398.025564749522
3463,4390.110554616649
3464,4378.859987593401
3465,4365.832015218596
3466,4349.9503442192945
3467,4330.189370297786
3468,4307.0346710541335
3469,4280.9447371540455
3470,4250.669875152535
3471,4216.4802296829985
3472,4182.03714462911
3473,4150.550623315446
3474,4124.505491372046
3475,4100.163130019273
3476,4082.557851538755
3477,4067.2412592607047
3478,4056.5923512220206
3479,4050.020224237265
3480,4043.64532223905
3481,4038.453692876161
3482,4031.88864740503
3483,4022.018318832403
3484,4009.3371539806026
3485,3993.9899764373827
3486,3976.9530210839707
3487,3959.871893803498
3488,3943.791999458179
3489,3927.146321422574
3490,3910.0478745880364
3491,3896.0819061795046
3492,3884.3374996042976
3493,3875.4209788024828
3494,3870.8903463008487
3495,3868.3815821667945
3496,3868.3331665113988
3497,3869.086177822076
3498,3869.2517859630566
3499,3871.5947008579265
3500,3875.9700148865163
3501,3882.0596739660896
3502,3888.6923570997874
3503,3896.438063612262
3504,3905.1572041140053
3505,3914.594853607282
3506,3925.023868820407
3507,3933.7466359344235
3508,3942.636159637513
3509,3949.3065511283794
3510,3954.800307448615
3511,3960.1998415211256
3512,3965.623754043071
3513,3972.2397588747276
3514,3981.176243351763
3515,3987.2906160940097
3516,3993.3103157616065
3517,3996.7689355566013
3518,3999.987882279853
3519,4002.0745060391896
3520,4003.339914193464
3521,4003.381740325129
3522,4002.61565810016
3523,4000.251598054748
3524,3995.579862124997
3525,3986.1029259797165
3526,3972.843451983604
3527,3953.6490071339426
3528,3928.3513110612007
3529,3900.776690696172
3530,3873.7751100906903
3531,3846.2942873208167
3532,3818.2820682643337
3533,3793.365179542734
3534,3771.6874863549424
3535,3752.089979737059
3536,3736.4135438868507
3537,3726.89918560764
3538,3724.800915640468
3539,3729.313738524223
3540,3741.8859632306826
3541,3763.49015929349
3542,3788.3933570680824
3543,3818.452363539287
3544,3848.359323759609
3545,3879.967192849961
3546,3912.281985458962
3547,3948.3396186749233
3548,3985.8759864239714
3549,4023.439187234679
3550,4059.942798897414
3551,4093.275775776417
3552,4122.417040388301
3553,4145.738956602913
3554,4165.122126821132
3555,4184.41637294615
3556,4201.028138347745
3557,4218.440006953753
3558,4234.107194491546
3559,4245.585969253075
3560,4253.7663506110075
3561,4257.530888323678
3562,4259.245313873493
3563,4261.187869396893
3564,4263.021279535543
3565,4263.765902926558
3566,4263.689497705082
3567,4260.427504868144
3568,4253.282257457437
3569,4245.464757543226
3570,4236.487128910058
3571,4224.083302505807
3572,4211.92214078733
3573,4198.506857290788
3574,4187.486481583772
3575,4178.114285843985
3576,4170.9377613893785
3577,4165.494419919074
3578,4161.4162820306665
3579,4158.512561127281
3580,4157.341391166007
3581,4157.067075003687
3582,4158.452076387057
3583,4162.947306518092
3584,4169.37553707313
3585,4177.220922279051
3586,4184.188362187685
3587,4189.053478668765
3588,4188.0642762748785
3589,4180.298382307407
3590,4163.264873126393
3591,4148.44572013891
3592,4123.361105981552
3593,4091.038946535345
3594,4055.6157305136007
3595,4020.6795785607023
3596,3986.817093058609
3597,3956.8998081168834
3598,3932.068565827838
3599,3909.557964868206
3600,3889.4140020410523
3601,3873.9640369074473
3602,3861.8161747063696
3603,3853.3878131050024
3604,3847.864425827018
3605,3845.519770613357
3606,3845.8596513208663
3607,3846.5060710420453
3608,3844.135662533252
3609,3840.4013354947365
3610,3835.3403541362604
3611,3829.423929566809
3612,3821.2665480579767
3613,3811.5276642576137
3614,3802.305229298368
3615,3792.362394810371
3616,3781.494502505175
3617,3772.281587835203
3618,3764.9706146996623
3619,3758.103434725595
3620,3753.7538517815146
3621,3752.124930701229
3622,3750.4289228752677
3623,3748.918860186713
3624,3749.650770018626
3625,3752.184456266752
3626,3757.196678662675
3627,3762.6770769404534
3628,3767.6622180611853
3629,3772.0744398415386
3630,3777.364889660968
3631,3786.669439560795
3632,3799.306246552107
3633,3816.8826281854917
3634,3841.083255138174
3635,3869.4385867271108
3636,3902.204567110027
3637,3936.2220282093567
3638,3972.6052554529106
3639,4014.535066484687
3640,4060.23255385534
3641,4108.936720530124
3642,4162.123002202094
3643,4219.77027231722
3644,4277.7979180818875
3645,4333.994994256448
3646,4387.1888699784
3647,4434.837433248427
3648,4476.2916832933515
3649,4516.056319821427
3650,4553.279084129292
3651,4585.532871304472
3652,4615.245105099041
3653,4642.234988910818
3654,4666.164759371579
3655,4686.064781853414
3656,4703.317749129609
3657,4721.087420427426
3658,4739.016939075287
3659,4759.128773323393
3660,4780.892430849422
3661,4802.864191829017
3662,4827.2291890794995
3663,4854.023391008602
3664,4883.578531918284
3665,4915.118487187095
3666,4949.738902096974
3667,4986.908707059158
3668,5023.448385021978
3669,5057.528698010589
3670,5089.853974939767
3671,5121.68316589475
3672,5153.976538907162
3673,5190.236282995353
3674,5227.260493916646
3675,5263.699889109256
3676,5301.5394007457235
3677,5335.761813845591
3678,5367.8966348415115
3679,5396.101837402881
3680,5422.808595111845
3681,5446.550678887537
3682,5466.2093986865275
3683,5484.575368096035
3684,5498.795055541567
3685,5508.696515015561
3686,5515.015291923641
3687,5518.615435350738
3688,5519.711458145866
3689,5518.6953854311205
3690,5514.75174668927
3691,5507.620028013328
3692,5497.2551334465315
3693,5483.363918060499
3694,5464.181991382711
3695,5440.761873864637
3696,5414.545594201637
3697,5383.5205477102845
3698,5349.571679297613
3699,5312.180579735554
3700,5270.604659415324
3701,5227.345237983056
3702,5180.198693883626
3703,5129.820022609663
3704,5078.001051756415
3705,5032.918547114089
3706,4984.005875352571
3707,4934.763776284215
3708,4885.8022472678695
3709,4835.166436888258
3710,4783.341594982074
3711,4732.139631951084
3712,4680.190342076214
3713,4629.808032274037
3714,4577.799282965587
3715,4526.143193482488
3716,4474.0318869993935
3717,4422.290752333944
3718,4372.263651605098
3719,4325.535852821844
3720,4280.630936292502
3721,4237.188130215236
3722,4197.048972395161
3723,4157.211171701281
3724,4116.982322848674
3725,4075.7139073290577
3726,4033.674707878625
3727,3991.722009514985
3728,3951.163818719916
3729,3907.7030661099216
3730,3864.221182306594
3731,3817.187016659633
3732,3769.3853958032155
3733,3721.268221395301
3734,3672.3390484504716
3735,3623.3967214789805
3736,3577.497792346287
3737,3535.154837497393
3738,3497.2637418944514
3739,3463.820960062723
3740,3434.9577553465356
3741,3413.6478466528274
3742,3395.545509984663
3743,3383.9595413925044
3744,3379.544350761823
3745,3379.9783222733795
3746,3384.2796141011763
3747,3393.5308096563076
3748,3408.487115451286
3749,3427.563662376803
3750,3449.251089778187
3751,3472.926767309748
3752,3501.146258941467
3753,3532.037606589761
3754,3564.4523712649807
3755,3599.2333217632527
3756,3637.4519401036837
3757,3680.9952910275692
3758,3724.510486820985
3759,3767.8451415471413
3760,3809.297184811647
3761,3851.1925105341106
3762,3887.6414439126543
3763,3923.5102971861847
3764,3954.5721909338527
3765,3981.1121721581867
3766,4004.845067836618
3767,4025.7529989500104
3768,4042.8570190384953
3769,4054.0183557736245
3770,4062.93716677709
3771,4065.940628924475
3772,4064.224118865403
3773,4055.1832721593732
3774,4041.6457239714896
3775,4025.665616918057
3776,4006.6250984807157
3777,3986.63178389495
3778,3964.547122475036
3779,3944.996489907663
3780,3928.906706150185
3781,3916.0098520015276
3782,3904.618064361854
3783,3891.8398436057464
3784,3878.65064462741
3785,3865.300146087682
3786,3851.676224652809
3787,3837.5666847299776
3788,3825.7196504337157
3789,3812.6968358266968
3790,3799.324536980991
3791,3783.164458887799
3792,3764.483823576937
3793,3742.537956940647
3794,3719.3980722654196
3795,3692.477978911134
3796,3665.6148720303445
3797,3636.6423707418694
3798,3605.4759995221953
3799,3572.615951078755
3800,3538.3402783543534
3801,3504.7896104270176
3802,3469.4972367365676
3803,3434.8209440804794
3804,3398.463832299831
3805,3363.039810881014
3806,3329.6124271029653
3807,3298.709443670214
3808,3269.7208792532915
3809,3242.3085962368423
3810,3215.3388378174122
3811,3189.034175774758
3812,3162.257426214895
3813,3135.26764087611
3814,3108.440120120181
3815,3085.2989677373666
3816,3063.946347252389
3817,3042.2424138542024
3818,3025.484322890518
3819,3010.904783752113
3820,3000.2048305621497
3821,2989.1274528315107
3822,2978.1819885034247
3823,2968.074093812068
3824,2957.30815320517
3825,2945.369220379849
3826,2933.8530211558946
3827,2921.091028141935
3828,2911.952072961626
3829,2905.0041062027235
3830,2900.3491958675813
3831,2898.792528360903
3832,2897.9570349024366
3833,2897.4509224057138
3834,2899.807717657027
3835,2904.4873044737124
3836,2908.2148640391238
3837,2914.8008486761905
3838,2924.6423116128394
3839,2938.0181654314965
3840,2953.441918082032
3841,2970.384147092966
3842,2986.4046351009147
3843,3001.659049649145
3844,3018.1817381610613
3845,3033.6165497795964
3846,3049.3572632083574
3847,3064.9255290048623
3848,3080.2223031252856
3849,3096.3440239316187
3850,3113.3513331769204
3851,3133.1991094823193
3852,3153.056166566127
3853,3172.176871757926
3854,3193.6726567756887
3855,3216.2873591739285
3856,3241.8426189036677
3857,3266.899674616877
3858,3294.4466257178565
3859,3325.095474155195
3860,3355.459535787923
3861,3384.918656530538
3862,3414.115808465552
3863,3443.6248405263837
3864,3472.9341931933027
3865,3500.9598101519364
3866,3530.1803393529717
3867,3559.1654375906355
3868,3586.3079426668633
3869,3611.328808705761
3870,3635.438462781132
3871,3660.2799168177385
3872,3684.8295948411396
3873,3709.2563110171045
3874,3736.486919144325
3875,3768.35994065296
3876,3796.0894693654727
3877,3827.157875572693
3878,3861.892728054785
3879,3899.353166051981
3880,3938.969055683193
3881,3979.1590821837576
3882,4019.372172113448
3883,4058.5403696923354
3884,4097.503960232516
3885,4135.057871637523
3886,4170.232654363944
3887,4201.660314166921
3888,4229.465996422809
3889,4253.940030852628
3890,4277.127808482376
3891,4298.043828448754
3892,4318.340638937526
3893,4337.797479108792
3894,4355.84302490046
3895,4375.021903556712
3896,4394.081681366265
3897,4414.036643374964
3898,4437.33579438412
3899,4460.323399469442
3900,4485.938831107166
3901,4513.324051362821
3902,4540.618350633591
3903,4566.910532990861
3904,4592.5962262827115
3905,4617.071593101506
3906,4641.414033333753
3907,4664.503941566289
3908,4686.799846054516
3909,4706.8576907744355
3910,4726.322686022801
3911,4745.753951461798
3912,4764.589692909795
3913,4782.042355207194
3914,4798.168814234754
3915,4814.632474305575
3916,4831.823888885444
3917,4847.372973826483
3918,4862.824434438471
3919,4875.788664059871
3920,4886.126490387052
3921,4893.649810018859
3922,4898.310468963346
3923,4901.6353806997195
3924,4905.504124214621
3925,4909.4998748749385
3926,4913.931559149221
3927,4918.296970875097
3928,4921.146145675718
3929,4924.355434994344
3930,4927.001841891995
3931,4928.775864295029
3932,4931.171817065611
3933,4933.256295976019
3934,4936.076857702523
3935,4938.238399913485
3936,4938.7895141953
3937,4936.265223172345
3938,4931.236569364529
3939,4922.812728043595
3940,4911.59829347422
3941,4895.259296043597
3942,4875.619550976705
3943,4853.650126070896
3944,4830.275984245244
3945,4805.091284933403
3946,4775.702245601716
3947,4745.89179303632
3948,4716.063087569127
3949,4687.518835099186
3950,4659.361430521677
3951,4631.729787051223
3952,4605.268601238331
3953,4579.137757099852
3954,4555.690522065755
3955,4531.785401905688
3956,4508.7159437146165
3957,4486.507881840442
3958,4464.518511031484
3959,4438.606627098908
3960,4413.619538977651
3961,4388.643150028221
3962,4363.79072512222
3963,4339.335553808465
3964,4317.96954207751
3965,4299.125093430752
3966,4282.090139807801
3967,4267.504910641624
3968,4255.831066583624
3969,4248.279517776278
3970,4241.2969109008
3971,4236.673673958383
3972,4235.674635866789
3973,4233.660590178883
3974,4232.462156984861
3975,4233.113412847092
3976,4233.683673499054
3977,4231.578825354509
3978,4225.8620427126025
3979,4219.0473076369535
3980,4210.729587685719
3981,4202.641445616438
3982,4198.25499012779
3983,4194.65394792983
3984,4193.507825125383
3985,4191.019227136647
3986,4186.921628885734
3987,4185.1080975945715
3988,4189.553848679487
3989,4199.487341967738
3990,4208.129481128517
3991,4222.2046866668625
3992,4243.433299269286
3993,4268.086784274285
3994,4297.373897265012
3995,4328.399621657265
3996,4359.823872806922
3997,4391.902998395451
3998,4422.677682732902
3999,4455.752609969941
4000,4485.040151732088
4001,4513.114080829686
4002,4540.379939432747
4003,4565.136973710613
4004,4590.228355555109
4005,4613.9238823025635
4006,4634.320946074508
4007,4654.083834190518
4008,4673.986527267972
4009,4694.827756122351
4010,4716.136032751273
4011,4738.436267228731
4012,4760.551858369723
4013,4782.657522748513
4014,4802.182301749691
4015,4816.063019313859
4016,4825.657021756361
4017,4831.652994421038
4018,4833.9456696120105
4019,4830.270342403275
4020,4821.121859573324
4021,4810.011738537925
4022,4794.285713739049
4023,4776.580211073876
4024,4755.892621824694
4025,4732.672085274034
4026,4707.972494914086
4027,4683.339742251716
4028,4660.34420722922
4029,4638.623893418873
4030,4619.581208849477
4031,4599.477067137405
4032,4577.3023452376765
4033,4554.952030782064
4034,4529.730420928799
4035,4503.945429147982
4036,4476.233105162162
4037,4446.410185177871
4038,4413.267769598833
4039,4377.216971659448
4040,4337.3015024655315
4041,4293.308481909174
4042,4245.437363886039
4043,4195.451696909521
4044,4144.337104002327
4045,4091.078429524902
4046,4038.174884317182
4047,3992.1487999864667
4048,3945.2907542310923
4049,3897.1737518177697
4050,3850.0271282662443
4051,3803.2380749948966
4052,3757.6630199447377
4053,3711.6694452649135
4054,3666.9539510227764
4055,3621.9654848476403
4056,3575.0486085614248
4057,3528.511408134281
4058,3482.931108966515
4059,3438.4578090135674
4060,3393.847574304396
4061,3350.7098054133276
4062,3308.7053394537693
4063,3266.8308368215457
4064,3225.4739678991396
4065,3185.5043534881647
4066,3146.897555711613
4067,3108.378590539908
4068,3072.0475956624655
4069,3036.1929662567063
4070,3002.6654125187993
4071,2970.0607046690025
4072,2936.469835953161
4073,2901.4155804113375
4074,2867.481457769615
4075,2833.8850018924845
4076,2799.70965230476
4077,2765.6115058847777
4078,2731.0237870995156
4079,2697.5726423046654
4080,2664.034745017973
4081,2629.9468548493896
4082,2599.028503440476
4083,2570.2665074257875
4084,2544.9617844127747
4085,2523.519679873549
4086,2507.262834102196
4087,2497.7828222649664
4088,2494.743810632218
4089,2496.0618868773026
4090,2501.7724318029354
4091,2511.412136126971
4092,2523.921290391621
4093,2540.660234200133
4094,2562.648080632504
4095,2589.4263019025957
4096,2621.8559011879483
4097,2659.649567693768
4098,2702.0465273009363
4099,2750.1148279959443
4100,2801.7217386977627
4101,2858.440679498023
4102,2918.5155674222565
4103,2981.681976765249
4104,3036.636752893653
4105,3094.2240041741434
4106,3152.201774623936
4107,3210.1105647649915
4108,3266.629767501643
4109,3320.1095869434885
4110,3369.5644573326445
4111,3414.0420302490015
4112,3454.893620348443
4113,3491.9681275671483
4114,3523.2556170046428
4115,3547.78813544465
4116,3568.1792848914583
4117,3584.339481968683
4118,3600.1801650440852
4119,3614.3687937649124
4120,3628.2629703357748
4121,3643.003295707309
4122,3656.476273164095
4123,3671.308718613152
4124,3686.7575984675464
4125,3703.9718561240315
4126,3721.4883859518427
4127,3739.10378918944
4128,3758.1247893676764
4129,3776.636585229236
4130,3795.6143326204356
4131,3815.031529468268
4132,3834.305728991873
4133,3852.6925389467297
4134,3868.031901060916
4135,3877.6999990375098
4136,3884.4488677953623
4137,3887.0507945529826
4138,3885.4785788325203
4139,3878.10976512598
4140,3866.6293414209517
4141,3850.0946218449444
4142,3828.0222548698553
4143,3803.0578780395144
4144,3772.77893260225
4145,3740.18669504557
4146,3705.4703838115565
4147,3666.8814593279176
4148,3626.1695840652123
4149,3584.3478982969914
4150,3540.43294836784
4151,3495.004302418994
4152,3449.156033682828
4153,3404.417556502637
4154,3359.5303691265626
4155,3316.2675329104572
4156,3275.2444581446757
4157,3239.271211915196
4158,3207.12350037107
4159,3180.6238515646405
4160,3160.7296744937307
4161,3143.421740442039
4162,3133.6069652286983
4163,3129.51121510133
4164,3129.9408704763673
4165,3137.0114813034656
4166,3149.9414171409794
4167,3165.614434096248
4168,3184.7785676777876
4169,3205.403268962874
4170,3227.7822239739457
4171,3250.9879408026304
4172,3276.4252639315973
4173,3302.1702211897245
4174,3330.120081019989
4175,3360.0471961816015
4176,3391.9722791843114
4177,3424.3290354912833
4178,3455.7860691109936
4179,3485.2594505495604
4180,3515.6347191602954
4181,3544.1467927258464
4182,3571.5075871787863
4183,3596.3282566421053
4184,3619.8981694707018
4185,3639.0695972381595
4186,3657.264653556073
4187,3676.350649956061
4188,3697.583658114522
4189,3720.7140666472624
4190,3742.581437567045
4191,3764.7950772413
4192,3785.8142394973916
4193,3806.9176156728267
4194,3826.676260329519
4195,3846.6540783763544
4196,3870.4388057306987
4197,3896.424921032672
4198,3924.0918696390004
4199,3950.1131904383947
4200,3977.1300855324735
4201,4003.6530493855225
4202,4028.002381031577
4203,4050.9330176019366
4204,4072.681547945801
4205,4091.969380558196
4206,4107.072864636149
4207,4118.880609590887
4208,4126.431656063459
4209,4129.3817594589855
4210,4129.219758941923
4211,4123.375635448918
4212,4111.336449738498
4213,4094.0391134991137
4214,4073.662724660992
4215,4049.5506109757807
4216,4022.0891391764603
4217,3996.3127843596103
4218,3973.887355668951
4219,3952.593910395812
4220,3932.3214511702868
4221,3911.595682763629
4222,3893.512124338841
4223,3876.7758409088256
4224,3865.093418643576
4225,3857.404744396834
4226,3853.1144518983697
4227,3852.376041658682
4228,3855.4116895620105
4229,3861.8218705438335
4230,3873.0847508890665
4231,3889.289320263288
4232,3909.2144411604554
4233,3932.5618325104856
4234,3956.7270549029604
4235,3980.4745886137302
4236,4003.463923451952
4237,4027.6387347324744
4238,4052.2152764283437
4239,4079.55568414303
4240,4108.692781448638
4241,4139.414837193996
4242,4169.4516137973005
4243,4200.169169110176
4244,4229.5077406962355
4245,4256.455318317581
4246,4282.310017032083
4247,4307.480198138976
4248,4333.732109350598
4249,4360.78591560954
4250,4389.192482357848
4251,4417.62833227191
4252,4445.131331789414
4253,4472.833929297272
4254,4499.592897463508
4255,4524.5610798790485
4256,4549.191514144679
4257,4571.394912328157
4258,4594.345401205522
4259,4616.727509353797
4260,4639.384248928671
4261,4662.0693350547
4262,4685.057847292102
4263,4709.959008345934
4264,4732.01376484843
4265,4754.971125109224
4266,4778.074945649195
4267,4800.612788173379
4268,4827.664885531732
4269,4853.041561538872
4270,4877.243551816395
4271,4896.889329778299
4272,4909.802271930793
4273,4917.444695493379
4274,4917.390052253157
4275,4917.3425126341635
4276,4907.878853512904
4277,4893.988947182753
4278,4876.242743729382
4279,4854.596688311195
4280,4832.191538739833
4281,4809.43020957541
4282,4787.799087023448
4283,4767.680823288645
4284,4749.388622307959
4285,4731.718930085638
4286,4718.713110924219
4287,4709.130587828536
4288,4703.972310313671
4289,4703.191168052342
4290,4706.714164259937
4291,4711.265322404272
4292,4717.402320873476
4293,4724.528615263004
4294,4732.829705392039
4295,4744.216076532896
4296,4760.589815862552
4297,4780.385225770186
4298,4802.405385298099
4299,4824.180146210352
4300,4845.919906482512
4301,4867.64848776992
4302,4887.499337084238
4303,4907.115444301168
4304,4926.8834731069355
4305,4947.649360693198
4306,4968.5814324638595
4307,4989.280440061
4308,5009.358631830797
4309,5029.702908014198
4310,5048.290513728075
4311,5067.967096318441
4312,5087.157100991584
4313,5104.1416719076615
4314,5119.232031504355
4315,5133.124286579465
4316,5147.756969281911
4317,5160.811065916713
4318,5171.574890462034
4319,5181.397363043499
4320,5187.743860594553
4321,5191.388284010438
4322,5194.092977438044
4323,5195.652777655919
4324,5194.3471530996085
4325,5192.523133161765
4326,5191.466947831109
4327,5188.278948118714
4328,5181.995648649694
4329,5172.045936223939
4330,5155.079217783887
4331,5131.752607487855
4332,5111.458456530308
4333,5082.765760494404
4334,5046.718845171747
4335,5006.5388224541375
4336,4961.885146350602
4337,4912.8440425845
4338,4857.507840727797
4339,4796.666007592078
4340,4729.630928227403
4341,4658.92987669148
4342,4585.296986786631
4343,4508.108577602504
4344,4429.568584854216
4345,4350.076269044853
4346,4271.548794982575
4347,4193.5428059427895
4348,4117.598768456732
4349,4044.5700448776583
4350,3974.55296341033
4351,3906.8730409010514
4352,3841.1113769144617
4353,3777.1753787924067
4354,3714.9337173966937
4355,3655.4597345923285
4356,3600.0707619504947
4357,3550.362113531807
4358,3505.0935246076397
4359,3463.9171476768706
4360,3428.0573147318005
4361,3397.1439342862996
4362,3368.7302919378963
4363,3343.0286933430657
4364,3320.4911292046813
4365,3301.229470862579
4366,3285.171817412875
4367,3273.5268900712954
4368,3266.9003239315784
4369,3266.2585029981115
4370,3269.5964140736005
4371,3277.0671184001953
4372,3287.7087975656805
4373,3301.284030453663
4374,3318.1839876516815
4375,3340.9475285614694
4376,3369.72233096529
4377,3401.894936512006
4378,3437.341537008945
4379,3476.6350490443087
4380,3518.6843503766327
4381,3564.7010800697976
4382,3613.973783808029
4383,3668.1969490212746
4384,3727.4373563587606
4385,3790.2807109600412
4386,3856.002327146243
4387,3923.728701734695
4388,3993.7423709945588
4389,4054.6542632506407
4390,4118.671136534015
4391,4183.238642178953
4392,4247.114162737571
4393,4307.1713381932395
4394,4362.4142771877
4395,4412.935221492007
4396,4458.753276400644
4397,4499.4050109876325
4398,4537.2593796371975
4399,4571.4488112595145
4400,4601.655333690127
4401,4625.865258452414
4402,4646.623717756087
4403,4664.058908832426
4404,4677.799444356248
4405,4690.157544470766
4406,4699.325320033534
4407,4704.3267436053975
4408,4706.551186260273
4409,4705.930022265608
4410,4702.706685146587
4411,4693.944721339222
4412,4682.511910576376
4413,4668.831419928349
4414,4653.935428400078
4415,4637.122815823422
4416,4618.363372958768
4417,4597.120887947126
4418,4574.330830313946
4419,4548.091086490389
4420,4519.697285881548
4421,4490.070526205996
4422,4459.766052400868
4423,4430.57913784554
4424,4402.364451247098
4425,4375.95323413
4426,4351.968111142758
4427,4329.349703627916
4428,4307.404609861104
4429,4288.517596376655
4430,4270.778815916991
4431,4256.063695566492
4432,4240.947860765737
4433,4226.189525937184
4434,4210.322200172672
4435,4193.2948940798715
4436,4174.774229117927
4437,4156.888934064996
4438,4136.281027355245
4439,4114.227107470523
4440,4090.6386272164295
4441,4066.0901377823925
4442,4043.2382297329955
4443,4022.998193970873
4444,4005.1595714740815
4445,3995.517213987435
4446,3987.128362974052
4447,3984.680625293443
4448,3989.973749996869
4449,3999.9563260701993
4450,4010.8178643882097
4451,4025.2064530102457
4452,4041.9569923966415
4453,4055.8829546825114
4454,4067.3097263236973
4455,4077.994414252239
4456,4087.0192820074576
4457,4092.005989933101
4458,4094.0288929160106
4459,4093.7365599173895
4460,4093.093948593705
4461,4093.2903155508343
4462,4093.0300481672944
4463,4092.8996936930857
4464,4092.2167387165023
4465,4089.7120342060025
4466,4085.0368414688046
4467,4081.1699513533954
4468,4074.303144279364
4469,4065.2617392696006
4470,4058.5971534718396
4471,4052.108816670219
4472,4043.8394049493663
4473,4036.6196719142404
4474,4028.9050172801253
4475,4020.609998026823
4476,4009.3829148170653
4477,3995.0824765718958
4478,3979.6963728285727
4479,3963.392505045747
4480,3947.766802184936
4481,3932.133021420443
4482,3916.479296418508
4483,3899.5811070845393
4484,3881.0168866020376
4485,3862.625386052208
4486,3841.2894244313397
4487,3821.1787404016827
4488,3802.1799873922073
4489,3783.045448484933
4490,3764.6260285445255
4491,3746.624501260184
4492,3728.5770842250663
4493,3712.6553891671156
4494,3697.823530972889
4495,3682.9200227153938
4496,3667.7508855470674
4497,3651.869758748454
4498,3637.2518993197664
4499,3622.973087380234
4500,3608.274726381409
4501,3593.3349267877525
4502,3577.430821096865
4503,3563.594249145793
4504,3552.4782030438487
4505,3542.687029328096
4506,3532.8493612351967
4507,3523.9477457390917
4508,3515.868861404569
4509,3506.509701386497
4510,3497.89510942198
4511,3486.5962277715175
4512,3476.3862838661857
4513,3469.017301480478
4514,3461.445485927198
4515,3453.522145870115
4516,3444.7733550984776
4517,3435.0851840492714
4518,3424.300852060348
4519,3417.7861385289834
4520,3414.3727333923607
4521,3412.7162352083483
4522,3412.7199983930354
4523,3411.225464819267
4524,3410.3415689797434
4525,3410.3256919262612
4526,3410.5823533207563
4527,3413.9076309528327
4528,3419.2454033714757
4529,3425.3938239563477
4530,3434.401773210865
4531,3446.1578866530876
4532,3459.4221300433132
4533,3473.206152779567
4534,3486.4207908930543
4535,3501.4996479465226
4536,3517.8618209257015
4537,3538.3319272174626
4538,3559.6319950890206
4539,3581.3367851506932
4540,3602.9007731236156
4541,3623.6122078307235
4542,3641.5486255454243
4543,3658.3449368379465
4544,3675.271419680039
4545,3693.5203027906987
4546,3709.5725097149275
4547,3726.0033599767944
4548,3742.234442360728
4549,3759.43303499997
4550,3777.550716457306
4551,3795.56642926251
4552,3814.784273517922
4553,3834.283664281743
4554,3855.311203855945
4555,3876.1243657542263
4556,3897.4161896230544
4557,3919.3576009139783
4558,3943.017913642647
4559,3967.7075389580864
4560,3989.1875129825194
4561,4011.8128412695924
4562,4036.163467835907
4563,4061.929643541243
4564,4088.2346741614006
4565,4115.128855751896
4566,4141.68251525315
4567,4169.394977766675
4568,4196.711568704396
4569,4223.408859803446
4570,4249.915325359275
4571,4274.451236438391
4572,4295.745055304058
4573,4312.697319033568
4574,4328.498277794348
4575,4342.000294749225
4576,4354.044458517929
4577,4364.995081771796
4578,4375.1552792089715
4579,4384.883110621245
4580,4394.589970025392
4581,4406.02688939034
4582,4416.478622120927
4583,4427.192377895571
4584,4437.286505782207
4585,4446.245952807578
4586,4452.342937231659
4587,4456.119820911842
4588,4456.916231193616
4589,4454.184094850432
4590,4447.142817757949
4591,4438.849291433343
4592,4428.585926103267
4593,4416.687995833282
4594,4404.012427530581
4595,4390.366884926623
4596,4375.930358542112
4597,4360.802172815883
4598,4344.461709171408
4599,4327.8617832550635
4600,4311.63456707867
4601,4296.242457598955
4602,4281.412866428496
4603,4266.588572202041
4604,4252.001421816524
4605,4235.692029950828
4606,4218.3640201608405
4607,4200.472144922729
4608,4180.7959502041995
4609,4161.6480860964775
4610,4141.56055642255
4611,4121.8245291597705
4612,4102.666909842896
4613,4081.9350015579635
4614,4061.782996741502
4615,4041.821795644314
4616,4021.701785817576
4617,4004.1973772683136
4618,3986.444248536322
4619,3969.801386679231
4620,3955.650018257124
4621,3945.191729872619
4622,3938.2001997277475
4623,3934.052704256504
4624,3932.116275214495
4625,3931.8444483476305
4626,3931.821625747398
4627,3930.509962686324
4628,3925.222743677753
4629,3917.2870992437147
4630,3905.3859856874483
4631,3890.3056824854493
4632,3871.6664763456374
4633,3849.7057129745494
4634,3826.7536399163123
4635,3804.6126068847316
4636,3778.649646034351
4637,3750.6094570952246
4638,3723.198490732719
4639,3695.950289694539
4640,3669.12372718276
4641,3644.5968375978714
4642,3620.691426812725
4643,3599.509664937296
4644,3581.1940211713586
4645,3566.0675199952766
4646,3554.5455551536097
4647,3543.494273853047
4648,3531.7290513838384
4649,3520.794715576972
4650,3511.4538568825096
4651,3501.248360607782
4652,3490.4922674840363
4653,3482.336380482704
4654,3476.8232823367266
4655,3472.3023241051246
4656,3466.6607096097564
4657,3460.970229157975
4658,3456.8563927810405
4659,3452.8631799329737
4660,3449.475587142872
4661,3446.306150685454
4662,3445.4028557828765
4663,3443.7566199997873
4664,3440.9555086620267
4665,3438.26180004779
4666,3436.2205858172256
4667,3435.575692737384
4668,3437.023336766914
4669,3439.699787756142
4670,3444.92576302799
4671,3451.655015825538
4672,3462.1505675830044
4673,3472.9165678886593
4674,3482.2829881545795
4675,3491.651745138902
4676,3495.5085631967613
4677,3496.702807653918
4678,3495.9200848629152
4679,3493.997663567727
4680,3492.1617939393927
4681,3486.9300540233758
4682,3483.2725000115533
4683,3480.47797270293
4684,3479.9740094697986
4685,3481.9995592751493
4686,3483.8501865989924
4687,3488.606491673537
4688,3495.1656816243863
4689,3501.3691557241846
4690,3506.2028915995147
4691,3509.135329490789
4692,3513.6060636636494
4693,3517.06769004404
4694,3521.716297015392
4695,3525.2251501806063
4696,3528.4693460084245
4697,3532.3900523734005
4698,3537.2254326749335
4699,3542.9249050724675
4700,3552.021964797265
4701,3564.1302106906037
4702,3577.6684725806467
4703,3590.8230655039893
4704,3602.3567633956973
4705,3613.304805753669
4706,3624.713618825813
4707,3635.9236322847405
4708,3651.614094660975
4709,3670.9836699867606
4710,3692.6408089654315
4711,3719.98530724079
4712,3747.661229106223
4713,3777.2486443726984
4714,3809.226185122906
4715,3844.172977853093
4716,3880.7880271454123
4717,3920.0000251803185
4718,3958.583149989613
4719,3996.8699671936865
4720,4033.3362971600513
4721,4067.3245983353777
4722,4099.340622386768
4723,4128.112472609795
4724,4154.132438338573
4725,4177.407310203956
4726,4201.250683689899
4727,4226.724844969697
4728,4254.674680809711
4729,4285.781969829751
4730,4322.435101933361
4731,4354.323326863502
4732,4392.368095934037
4733,4436.160101291057
4734,4483.565551521709
4735,4532.9961269834685
4736,4582.294531231477
4737,4632.59332403823
4738,4680.59139461707
4739,4728.156433555121
4740,4774.91043159699
4741,4821.080825075952
4742,4865.76835386929
4743,4907.840120660647
4744,4946.507868446058
4745,4982.453519044389
4746,5014.958317801293
4747,5044.142496644857
4748,5068.193418203359
4749,5088.233892634307
4750,5106.451389700306
4751,5121.045000455434
4752,5131.633395593156
4753,5140.740594112071
4754,5147.884561662115
4755,5152.705081559125
4756,5155.15477414443
4757,5155.848800956166
4758,5156.329315146461
4759,5154.284814079118
4760,5148.157077945445
4761,5138.288502693361
4762,5125.389258762404
4763,5112.014191480373
4764,5096.074762785705
4765,5078.64134443537
4766,5059.895602193452
4767,5039.540417437852
4768,5019.024609069004
4769,4996.734435244465
4770,4974.554432403924
4771,4951.721695902793
4772,4929.388723436357
4773,4906.190297210215
4774,4882.798779919507
4775,4860.0213592801965
4776,4835.266229404159
4777,4811.211255515911
4778,4785.535649979699
4779,4755.733619510142
4780,4723.131370836571
4781,4687.042533371927
4782,4647.499326891068
4783,4605.966573721647
4784,4563.0463759102095
4785,4518.716288848325
4786,4476.429126097743
4787,4436.317671944056
4788,4401.420706830349
4789,4365.404637630591
4790,4329.185596694359
4791,4294.0181871659215
4792,4259.991398280793
4793,4227.112949171311
4794,4195.931641721666
4795,4167.203883594957
4796,4140.974502142081
4797,4118.56860184778
4798,4101.931988651106
4799,4091.573190667551
4800,4087.6627112588035
4801,4088.4620898409776
4802,4095.7147368796786
4803,4107.924847486925
4804,4124.538045450941
4805,4143.052244572951
4806,4165.229946934945
4807,4189.58057169446
4808,4216.205845566979
4809,4244.3798984236
4810,4272.990934130212
4811,4302.947186647383
4812,4335.011165915263
4813,4366.741625073995
4814,4400.704249295057
4815,4434.081561887006
4816,4466.003721937691
4817,4496.221904882202
4818,4525.120501746846
4819,4551.188416915708
4820,4574.129578378362
4821,4594.901944923816
4822,4613.83501765305
4823,4628.423907214729
4824,4641.417522448453
4825,4652.615187425482
4826,4663.381787694265
4827,4672.985092237922
4828,4680.52797777238
4829,4687.717583768546
4830,4692.494062476508
4831,4696.5128420221645
4832,4701.047159698481
4833,4706.401941083786
4834,4711.689246630522
4835,4717.561525877254
4836,4723.948981027673
4837,4729.72918997307
4838,4737.555061822046
4839,4746.6971354841835
4840,4757.241428203908
4841,4767.7597842323885
4842,4779.083539880905
4843,4789.914210622484
4844,4800.657619544256
4845,4810.004385306197
4846,4820.127830147107
4847,4828.860139770013
4848,4832.545658616649
4849,4831.123642674269
4850,4823.539674294437
4851,4809.064221205251
4852,4787.696335705337
4853,4760.061168985026
4854,4725.04306955836
4855,4686.402419264945
4856,4644.245064287107
4857,4597.23404696314
4858,4546.193114457971
4859,4492.559727237901
4860,4437.889424671059
4861,4383.545186991333
4862,4328.812164136759
4863,4274.846937166879
4864,4225.583402315364
4865,4176.242104605571
4866,4126.541779911825
4867,4079.339877664528
4868,4035.6212299935655
4869,3995.8929978514816
4870,3962.135027685041
4871,3934.5788210080286
4872,3915.0413551862853
4873,3901.323820112438
4874,3890.8498296223397
4875,3881.273729428446
4876,3873.173721903186
4877,3865.434114353654
4878,3859.449276299847
4879,3856.8774916696248
4880,3859.104427248119
4881,3867.9936900066386
4882,3881.528903722695
4883,3899.240522056951
4884,3920.1244458918936
4885,3943.295032876126
4886,3968.396125776315
4887,3995.404483125397
4888,4025.1533818185867
4889,4054.1467140553
4890,4084.5281699044417
4891,4115.7481942215645
4892,4144.99387964439
4893,4171.19076512064
4894,4196.168203038793
4895,4216.434893251909
4896,4234.6444720063455
4897,4249.172996830822
4898,4261.837734456003
4899,4275.559411972388
4900,4290.855164433914
4901,4307.338212582236
4902,4321.678464471277
4903,4338.235438080617
4904,4356.97290799563
4905,4376.35817754134
4906,4394.403181866307
4907,4410.955669681586
4908,4426.466305332336
4909,4438.814143713934
4910,4448.601337841359
4911,4456.5689990233905
4912,4462.985147342233
4913,4469.141577420433
4914,4472.590028438264
4915,4470.381994297304
4916,4465.690030271589
4917,4460.358722681683
4918,4452.53391561849
4919,4444.392040004623
4920,4433.827584445679
4921,4423.030093843843
4922,4412.506103096759
4923,4400.775264032403
4924,4387.707001646407
4925,4374.415621418371
4926,4361.647980379442
4927,4346.955597581148
4928,4330.529381053317
4929,4312.005874387264
4930,4292.48176282323
4931,4269.932555330212
4932,4243.269712848274
4933,4213.010493646406
4934,4179.717420894087
4935,4144.734587450923
4936,4108.160336234136
4937,4072.7339446141573
4938,4037.51235117322
4939,4000.99207967644
4940,3965.181095690747
4941,3927.8281508545615
4942,3892.5792871349536
4943,3857.963116731552
4944,3825.464809669689
4945,3792.9012168345457
4946,3761.6884324647085
4947,3731.7413185866185
4948,3704.5640044059364
4949,3677.494973305068
4950,3651.9141078956413
4951,3628.8016168574254
4952,3606.1321278252813
4953,3583.2831721211487
4954,3558.3978916846095
4955,3538.2381941844565
4956,3520.180036204115
4957,3505.711427174225
4958,3496.9224742636575
4959,3489.2760852314636
4960,3487.897586417631
4961,3489.867439432151
4962,3494.5412119820103
4963,3501.2228031624577
4964,3508.3764351628683
4965,3515.558616616179
4966,3520.374456769658
4967,3523.693533541344
4968,3526.3816005339804
4969,3527.513849907634
4970,3527.609738059844
4971,3528.078530886822
4972,3527.419713505608
4973,3526.174885051202
4974,3521.3436516774277
4975,3515.2768486834507
4976,3507.1654763953698
4977,3499.60833647002
4978,3491.548544830676
4979,3482.038521009174
4980,3471.532633668338
4981,3462.558555564412
4982,3454.70438067354
4983,3446.4445055473643
4984,3441.3676222390723
4985,3437.7097986990016
4986,3435.2908310982807
4987,3435.701158983067
4988,3437.1455422197228
4989,3440.37956811044
4990,3444.577491197804
4991,3450.862352575099
4992,3459.3421470808153
4993,3469.1755911355326
4994,3481.81784646954
4995,3496.5986818649044
4996,3514.5234422160893
4997,3536.6265606543993
4998,3563.166726849057
4999,3594.233268069697
