,0
0,21.33308225501922
1,40.94684763036059
2,58.58737210323848
3,74.57522314094649
4,88.93097424128291
5,101.33082724676379
6,112.12341592446096
7,121.65521546521188
8,129.94998932996916
9,136.67652772384366
10,142.10862475108172
11,146.32948426029026
12,149.33557055247528
13,150.84604455600476
14,151.07164626683206
15,149.81170853540215
16,147.46034676088138
17,144.20567023167612
18,139.9371474124088
19,135.19866953792123
20,129.89270415026192
21,124.64475766380787
22,119.90717771730695
23,115.63682848990658
24,111.58790741548998
25,108.31148689421877
26,105.42697758213387
27,102.91102584278443
28,100.75147936595738
29,98.94401526551894
30,97.14835133173366
31,95.10326614340707
32,92.56996884949268
33,90.36514128760965
34,88.52783689891051
35,87.30845322238179
36,87.19654642259647
37,88.63072305852543
38,91.62858607404677
39,96.39807928483904
40,102.06010746443629
41,108.53426139170608
42,115.46468533310028
43,121.9817068639699
44,127.22607134451054
45,131.28144647427413
46,134.29254475335657
47,136.1341648869579
48,137.32220958311188
49,137.4480013591483
50,136.75430417455198
51,136.0171111164888
52,134.82017714457993
53,133.36588290248199
54,131.68275066630713
55,129.07922155014333
56,125.79085101618654
57,122.92996865164415
58,119.07340637105023
59,114.44317169845294
60,109.13310461830302
61,103.39185979886702
62,97.6140190737154
63,91.96850599696253
64,87.30793455077807
65,83.69539011209524
66,81.10445367301057
67,79.52384572650935
68,78.57779999765407
69,78.35120810182799
70,78.79286488863113
71,79.53910166064804
72,80.33857952145945
73,80.86966896413767
74,81.49413165431311
75,81.56014378204381
76,81.8507708738078
77,81.5762214910601
78,80.34712175561779
79,78.6518741635676
80,76.99332459861614
81,75.58227816928847
82,74.7577764177213
83,74.07784938244203
84,74.39345966373284
85,75.62554011816184
86,77.06914984710598
87,78.98009208061796
88,81.17744853565004
89,83.34252124623401
90,85.64728941831598
91,87.61191281626759
92,89.32800091921578
93,90.37570972243901
94,89.99846700312355
95,88.73688121835767
96,86.45983106939866
97,83.19824040988206
98,79.99634760851566
99,76.92696220293482
100,74.21530825626488
101,72.01739654570713
102,70.82350243560366
103,70.91943374661571
104,72.08253181481135
105,74.26747145646831
106,77.23112395319446
107,80.82841706074126
108,84.30417720970644
109,87.42706530323017
110,90.16772499915312
111,92.24615509352668
112,93.66733698835472
113,94.46873730829105
114,95.16595558663568
115,95.48916630175049
116,95.18914466002002
117,94.9245011661117
118,94.49536371196129
119,94.11049608322126
120,93.78307590830008
121,93.46299171067187
122,93.09395722174025
123,92.74339958535988
124,92.15933846818403
125,91.47709302769874
126,90.42414886645713
127,89.16162608930406
128,87.57871652824917
129,85.64433484043714
130,83.53583388646382
131,81.57097857512022
132,79.65253064798563
133,78.46963728914707
134,78.0439220962151
135,78.48049837685784
136,80.05988159552663
137,82.635994853689
138,86.11279572690295
139,90.03484837747007
140,94.00320630693585
141,97.96370302179926
142,101.33438171208145
143,104.20819768905673
144,106.76252882159874
145,108.71632717908213
146,110.51211955941707
147,112.21762626944613
148,113.99559053192777
149,116.03680320830658
150,118.51210235882782
151,121.85047684267262
152,125.80789542426305
153,130.23998744636188
154,135.30530233246304
155,140.66635755483915
156,146.08005140581008
157,151.55015996566934
158,156.50428374956687
159,160.71860682199804
160,164.4387694240723
161,167.3187383510229
162,169.61521095814152
163,171.33676160452316
164,172.43964734746714
165,173.34865895730815
166,174.12871442578694
167,174.75791726597683
168,175.3843942675366
169,175.87798456445762
170,176.10446230949424
171,176.30149794767604
172,176.13343473484082
173,175.36484092445102
174,173.93591825652788
175,172.1392402370907
176,169.95205689434817
177,167.17053578295594
178,163.77924925278646
179,160.03998213692145
180,155.91960688002075
181,151.36602605906216
182,146.68359301608388
183,141.96088806517497
184,137.1887269193082
185,132.0376993312275
186,127.00230198491704
187,122.2367154535022
188,118.07403204556161
189,114.30809560358902
190,111.00592917765685
191,108.16070216289936
192,105.62137529108841
193,103.09643340774528
194,100.76814648086552
195,98.31039444719545
196,95.94970881731189
197,93.74384501398458
198,91.68828473828509
199,89.72137980828549
200,87.53778910545415
201,85.13725665083109
202,82.89023936680046
203,80.68075600473745
204,78.65526719932629
205,76.98793511726129
206,75.69915671985365
207,74.82201403447996
208,74.37805348906272
209,74.19633107023103
210,74.71786179320662
211,75.65974084236498
212,76.84470133430133
213,77.99460847666145
214,78.72020862224528
215,79.31993012397751
216,79.64818862835943
217,79.72786310085448
218,79.86037167713758
219,80.00383163126943
220,80.33432266140798
221,81.15994179813462
222,82.17472125892401
223,83.8253268015032
224,85.82105133390357
225,87.81342676496209
226,89.78324587030491
227,92.01121028320333
228,93.94953932242495
229,96.06771914802246
230,98.60935948469827
231,101.22472767737852
232,104.09085299972179
233,107.35275658517725
234,110.68163656875555
235,114.004648712098
236,117.4189536726604
237,120.64915587679721
238,123.79359090543778
239,126.93131944049547
240,129.92925464542304
241,133.0064556044914
242,136.16275146005864
243,139.49052296565037
244,143.0388170277839
245,146.259235497317
246,149.1243419700076
247,151.39738704684623
248,153.20634129994883
249,154.64295513027827
250,156.12813342682176
251,157.58275470656457
252,159.01627202493455
253,160.59116555019762
254,162.21367830474333
255,163.9865793434901
256,166.23251974155113
257,169.0680224252247
258,172.2256164374129
259,175.7179450359848
260,178.51384673992598
261,181.2130710404195
262,182.81976968175712
263,182.9672927299731
264,181.51079272734373
265,178.41138488012382
266,173.8956472959946
267,168.38123788850515
268,161.829203080184
269,155.3274472887839
270,148.98223481529658
271,142.70478188987715
272,137.2936453168674
273,132.56447093003717
274,128.99563280953018
275,125.82510563303046
276,123.31062821074016
277,121.07470561118225
278,119.17304420893842
279,117.47837148795077
280,116.25528522596979
281,115.19143602871912
282,114.88370206899
283,115.38866669012526
284,117.16273544245038
285,118.70617525697324
286,120.72238447782277
287,123.30389662468409
288,126.21018492242058
289,128.9324562129252
290,131.07467605273743
291,132.8287383141871
292,134.0668446119726
293,134.65846269321293
294,134.3251628289612
295,133.6890018157166
296,133.16468666275858
297,132.21868152465458
298,131.15146991291078
299,130.4115995887441
300,129.6014951296684
301,128.70965443178892
302,127.9713184305792
303,127.05812044997467
304,126.92279485840234
305,127.06975557710436
306,127.44731944632784
307,128.15632358845662
308,129.30037250431437
309,131.01306117161988
310,133.13853633224633
311,134.69754199080177
312,135.96453676123184
313,137.4630843695095
314,138.58615008321533
315,139.3291621839645
316,139.5269311130577
317,139.4104640353759
318,139.1270657974855
319,138.32821957095024
320,137.27544717148533
321,135.96718395827483
322,134.31434782114275
323,132.07845447822396
324,129.85092732656838
325,127.34643799123917
326,124.70491893262962
327,122.45808374392757
328,120.73988082993385
329,119.59966099677706
330,119.31525719500792
331,119.50380713940854
332,120.45077567282453
333,121.47893245166853
334,122.42429282388326
335,123.3858452680281
336,124.3911083906761
337,125.16363234859679
338,126.04353567783724
339,127.10107781032934
340,128.27070672950092
341,129.39101115882013
342,130.36567601232787
343,131.49910022118422
344,132.9243647827879
345,134.64768705843807
346,136.49062344468172
347,138.81660460676264
348,141.38826646548205
349,143.83683209213638
350,146.35113650099134
351,148.45182573233183
352,149.7745723319013
353,149.98354294785065
354,149.53082938822635
355,148.71120324652975
356,147.4533441165088
357,145.636312023745
358,143.93295608518918
359,142.05224292483464
360,140.41400167889225
361,138.46329398126198
362,136.66365163166378
363,135.03290210492003
364,133.5207637008339
365,132.04933579851226
366,130.81843221311965
367,129.2966888522915
368,127.85820491387722
369,125.91695962724393
370,123.52385532648883
371,120.61226271425477
372,117.07780379157686
373,112.81803708506611
374,108.48623627185177
375,104.13831403224572
376,100.90032911152974
377,99.11850054090277
378,99.34406783853507
379,101.49557714189126
380,104.9674335518022
381,109.66881103215698
382,115.36832397304477
383,121.33819082893244
384,127.01745203092253
385,131.74268024123032
386,135.35556256105875
387,137.13216008759917
388,137.1218901908679
389,135.69189391789445
390,133.05641923450366
391,129.24564106527146
392,124.89360881310496
393,120.37656983231724
394,116.37680723905862
395,112.56671242493772
396,109.11660431059599
397,106.09728035462788
398,103.13154363111855
399,100.55135268166543
400,97.68168425412097
401,94.58551346866464
402,90.77153365925129
403,86.40946709129305
404,81.47245491182328
405,76.0157967753347
406,70.37499460519365
407,64.84373173404784
408,59.22307926550262
409,53.91317317150413
410,49.41471255747872
411,45.672575553341645
412,42.5261555956715
413,39.58321720530026
414,36.735368515189634
415,34.30977693881786
416,31.921535932230007
417,29.877687757116327
418,28.148435876105317
419,26.700822111468945
420,25.793109546419885
421,25.46651174928517
422,25.530191932989425
423,26.333598379464327
424,28.10322983840595
425,30.708868192441006
426,33.83830877778752
427,37.498478398464336
428,41.667794983507044
429,46.34116922983044
430,51.14717274206086
431,55.62138366475861
432,59.943533456199205
433,64.00538841510577
434,67.70248412537964
435,71.27413519023725
436,74.49140605768014
437,77.57883372741354
438,80.70437099858194
439,83.9273739687097
440,87.27024259786424
441,90.72082335895179
442,94.45227019296495
443,98.66988799985847
444,103.22166651441398
445,108.54346394429993
446,114.17793928069389
447,120.32882996908873
448,126.59651230323652
449,132.61302838414306
450,138.74800171942348
451,144.2375087536247
452,148.51609782771314
453,152.51622179274324
454,155.98149489049825
455,159.1369332677969
456,161.8821646560467
457,163.90697787051113
458,164.83454361264575
459,165.3771467743249
460,165.23987059839058
461,164.6387210632323
462,164.3430827550951
463,164.01433456127555
464,163.6380375676202
465,163.12564994113117
466,162.1271116664256
467,160.84655544980095
468,158.81704673593296
469,156.0106282473127
470,152.49701057442022
471,148.29013183693957
472,143.39005495497148
473,137.99709179216623
474,132.267454797192
475,126.29174216457639
476,120.42766734612091
477,114.54689742582099
478,109.13680991459512
479,104.76384530309835
480,101.21883164478149
481,98.45392800144901
482,96.54948697833927
483,95.17072731344078
484,94.84805273627319
485,95.10121471598224
486,95.70537929370843
487,96.44515184155443
488,97.16422018915236
489,97.83174932145171
490,98.62175606731637
491,99.2084570869454
492,99.70768620568313
493,100.06622262480009
494,100.7000103964289
495,101.4287248198485
496,102.12396403331198
497,102.50977035091633
498,102.64339259435172
499,102.12962357639412
500,101.18881556888653
501,99.86416446047366
502,98.23911993750397
503,96.09409549350832
504,94.02646735496643
505,92.21735342132925
506,90.62637559098232
507,88.82990828822736
508,87.47168492769848
509,86.41952562450396
510,86.16908788337386
511,86.17875451470209
512,86.50610541038517
513,86.79090068962944
514,87.32869174195014
515,88.18621257612975
516,89.0319398823549
517,90.0794362422761
518,90.92306526389252
519,91.871443617618
520,92.6107366373545
521,93.32399398871368
522,93.97241638332625
523,95.0001594099252
524,96.69873904530262
525,98.97156680580534
526,101.47608859173283
527,104.31086978977683
528,107.60767928799197
529,111.2126952967235
530,114.81735700517126
531,118.4589168455201
532,121.91600281629317
533,125.5264319750474
534,129.2023377767764
535,132.77991200504158
536,136.32183015191936
537,139.54508082901577
538,142.41461666658768
539,145.14564438122397
540,147.36780748630667
541,149.04738171440263
542,150.19888146638004
543,150.981756432341
544,151.03985278293726
545,150.59235818430938
546,149.74394588768445
547,148.4815008422566
548,146.72813808742603
549,144.72338449414943
550,142.84006379686386
551,141.14794022945455
552,139.76913418133097
553,138.26010735825213
554,136.85063470994254
555,135.37997389638974
556,133.6861319840454
557,132.17732288912902
558,130.50861666458866
559,128.91711652092397
560,127.87236301849428
561,127.58749953482157
562,128.25793405468187
563,129.76304970507454
564,131.87388717641107
565,134.87801836959312
566,138.40391626668315
567,141.94378321632317
568,144.86787440696267
569,147.81231115692464
570,150.37397112939152
571,152.3282783576122
572,153.68348942207035
573,154.25448267657382
574,153.82038791912316
575,152.03395795926457
576,149.39950012641594
577,145.89932764501543
578,142.33158994982836
579,138.68266437273928
580,134.9364116484192
581,131.52531480543976
582,128.4401565026031
583,125.38822467721653
584,122.77748354234063
585,120.26946575436506
586,117.95291384664557
587,115.97269271450546
588,114.38579046401458
589,113.52464434374596
590,113.05393138884844
591,112.21057063370804
592,111.21256345481342
593,109.76136004416112
594,107.88100826062097
595,105.56366194097906
596,102.96688872958029
597,100.38552983691997
598,97.95691242211456
599,95.68055119442027
600,93.57352065166668
601,91.6580080192029
602,89.8784241831534
603,88.20318764837855
604,86.53737429812826
605,84.91548107400669
606,83.44109864103524
607,82.39416718255572
608,82.05981270051052
609,82.49444787612121
610,83.35148174741539
611,84.4734227360135
612,85.57262231096863
613,87.24137881134862
614,88.84335133747476
615,90.62615122090503
616,92.09305775067799
617,93.56938059343437
618,95.07497856116828
619,95.99444330933716
620,96.52995259357682
621,96.64353581107285
622,96.41635226256031
623,96.34225540023527
624,96.18513921738034
625,96.37608796167751
626,96.95565183869752
627,97.45987241170492
628,98.1266579443973
629,99.23686803239735
630,100.5361854123613
631,101.9746513416273
632,103.69590951184884
633,105.68369262699073
634,107.13156024043694
635,108.27151093800438
636,109.12324134281585
637,109.71583985977463
638,110.07232573226298
639,110.16504795137016
640,110.54594275209058
641,111.02187171316163
642,111.53609280534474
643,112.19938526119667
644,113.18328353376427
645,114.36455471330211
646,115.51980125655791
647,116.75446143105914
648,117.92126051457029
649,119.38755736735175
650,120.81553225965916
651,121.72009934574947
652,122.54475341884947
653,122.74055910597767
654,122.55036093737385
655,121.61157742946023
656,119.84322611063335
657,117.93113237629052
658,115.76663812906108
659,113.26854647772402
660,111.21643471631745
661,109.69764754744762
662,108.99529522833329
663,109.3635132329282
664,111.04744711067328
665,113.83876927121372
666,117.60173547958294
667,122.09722805205291
668,126.9681922914807
669,132.1006339843372
670,137.01372904522728
671,141.82846772948324
672,146.0393146737219
673,149.78273437294996
674,153.05892937784296
675,155.78246695418827
676,158.40430837771228
677,160.34782642754172
678,161.577232521689
679,162.19870110763912
680,162.25938459182402
681,161.8791960230368
682,160.62079583740865
683,158.37878066164814
684,156.4282274587365
685,153.69782783014136
686,150.19503776560413
687,146.1639493140875
688,141.53369277042984
689,136.46881410096634
690,131.22234470050623
691,125.80342440000206
692,120.96331327245952
693,116.45168309518249
694,113.04490233009426
695,110.3719987887357
696,108.61775683064705
697,107.50193408101268
698,107.50563994044383
699,108.36931376123029
700,110.39713150508331
701,113.31652140805114
702,117.08546928898825
703,121.37373275668105
704,125.90470581636632
705,130.31178460021192
706,134.66876805580623
707,138.56610720693573
708,142.10353790390488
709,145.08011436106165
710,147.82629131587618
711,150.23352890957904
712,152.82691570321072
713,155.46151527565405
714,157.9712463007961
715,160.47763703023347
716,162.55335344828825
717,163.9679053015338
718,164.11688379061283
719,162.94577820791332
720,159.98691797382025
721,154.79281688186657
722,147.76113301440796
723,138.91863995840683
724,128.86347072261728
725,118.57796232921281
726,108.60964262838982
727,99.51023032135717
728,91.95679451851008
729,86.0012019130759
730,81.92114060649155
731,79.48259364902304
732,78.6498214792343
733,79.19177395368362
734,80.83794027953108
735,82.7501740901352
736,84.97852252472424
737,87.40377973373612
738,90.17137254444003
739,92.98738329665915
740,95.88344019465723
741,98.40300969591554
742,101.09616140162868
743,103.82897374125092
744,106.42445568617367
745,108.91265512254945
746,111.04990772668899
747,113.24360618938387
748,115.27674063208562
749,117.61105935331591
750,119.72567569428819
751,121.63839235296093
752,123.23656503126895
753,124.37369546796562
754,125.28852156022326
755,125.82541485251024
756,126.18031650234947
757,126.48186636627463
758,126.6634876379913
759,127.08629692937976
760,127.59032774860799
761,128.6271551511038
762,129.77790751605835
763,130.8924488664722
764,131.97349447633252
765,133.40682538293942
766,135.20444364857048
767,137.47416965976439
768,140.26715757150603
769,143.71949439769662
770,147.48435307050954
771,151.55057568432673
772,155.35734177316115
773,158.89126412143793
774,161.89629361971697
775,164.17373848465908
776,165.5979172578828
777,165.69179467760534
778,164.66198571680232
779,162.42537762411462
780,159.12305513873778
781,155.02117983516112
782,150.83962041595774
783,146.8062114021319
784,143.38816647433492
785,140.30575675085043
786,137.72313474345137
787,135.61457113871242
788,133.63542456267788
789,131.74601624309656
790,130.15772920987592
791,128.88004290767668
792,127.46544411180085
793,125.69812881335487
794,123.7899981881949
795,121.30032204642933
796,118.34587481617976
797,115.20956901241846
798,112.48098296314612
799,109.66129613420341
800,106.92113109962412
801,104.13810227816367
802,101.49056352736761
803,98.9738096925435
804,96.53460130437058
805,94.11932717879563
806,91.97318281258933
807,90.06171776189316
808,88.32782577715392
809,87.14065007430693
810,86.67835738853661
811,86.65212063274973
812,87.33052438302317
813,88.73571732190976
814,91.02170998213515
815,93.89333549231172
816,97.33608943422595
817,101.25978170236105
818,105.66271071614334
819,110.18606324138095
820,114.83596517990827
821,119.54885664721274
822,124.06704378675965
823,128.32519116197582
824,132.57012742894756
825,136.56573401581042
826,140.3499614704715
827,143.4989558341788
828,146.22308809958736
829,148.79391688280532
830,151.07701102452057
831,152.67971766213165
832,153.68305789590733
833,153.86141170936463
834,153.3365474562005
835,151.47916079832527
836,148.43081186084294
837,144.28904676873327
838,139.3288479090216
839,133.76813571078878
840,128.0676339327244
841,122.36097432430361
842,116.6687773199846
843,111.3772952254186
844,107.32805009063105
845,104.56459946569056
846,103.28987144668443
847,102.87264802805569
848,103.71471645456917
849,105.47068542382269
850,108.59969215429163
851,112.61697361828845
852,117.00061038181408
853,121.77205739796683
854,126.53000874123907
855,130.66942640988592
856,134.6538437967306
857,137.6430057830074
858,139.8492383356512
859,141.08690683220286
860,141.33667738751714
861,140.01333824681342
862,137.21608605973256
863,133.56530057539265
864,129.8214385929852
865,125.71374297722494
866,121.47377082926737
867,117.5896953399394
868,114.2765499494958
869,111.09572325414939
870,107.66553867981713
871,103.82962305266166
872,99.76395695711997
873,95.1784973020742
874,90.06780630587045
875,84.95292242362464
876,79.93450467614613
877,75.1251553200986
878,71.72134561543069
879,69.14018233067586
880,68.21345170356776
881,68.86141097695075
882,70.72067210194425
883,73.42268454738573
884,76.65611076668645
885,80.37422352607302
886,84.17373376665694
887,87.37614014664088
888,90.31133465939853
889,92.74110764217951
890,94.60682095579081
891,96.07442788462716
892,97.08872319338442
893,97.98324873067577
894,98.87377160805238
895,99.97448096352498
896,101.30061523972583
897,103.34212897841905
898,105.88650335222536
899,108.6364226760787
900,111.43720006347746
901,114.63182102374887
902,117.78417188913839
903,120.9353212560434
904,123.37539429321784
905,125.5206648686357
906,127.50765221897558
907,128.95180223259575
908,129.64864715078454
909,130.26199103796262
910,130.9979022853385
911,132.3336333286224
912,133.4957193362794
913,134.96033947762442
914,137.02081484860622
915,139.72573150826423
916,142.25966250728476
917,144.27057833605517
918,145.93498708979962
919,146.88030899045995
920,147.03007903002015
921,146.1738102017136
922,144.08712151010974
923,141.24418554666613
924,137.22392200936872
925,132.5716451615378
926,128.12521459029378
927,123.99913157033566
928,120.55531223509355
929,117.72414986906122
930,114.8941289290768
931,112.5619180960278
932,110.6695140310247
933,109.33931103994917
934,108.14963307671647
935,107.12713894047948
936,106.265323296979
937,105.223003085371
938,104.04736191143155
939,102.7708488638271
940,101.34965434361692
941,100.05532496987752
942,99.15099667531038
943,98.54404848427617
944,98.44121317437336
945,98.55457080205129
946,99.25130590387438
947,101.1874823153987
948,104.25747325315896
949,108.60201988695337
950,113.56996660322827
951,119.28258513887869
952,125.27540156132784
953,131.146183930046
954,136.417376075965
955,141.17015084459462
956,144.5998195587028
957,146.68901192366081
958,147.28231448305985
959,146.93717736342762
960,145.64374946265832
961,143.38867377322134
962,140.47333236169658
963,136.94715801830557
964,133.48855991175984
965,130.4975081670197
966,127.6193595449532
967,125.46031478399463
968,123.52248951695907
969,121.83658153463816
970,120.1576424135713
971,118.70402810299811
972,117.70323537983069
973,116.87500093974573
974,116.09887562344338
975,115.48037168921174
976,114.81066959484667
977,114.20943977403721
978,113.7533390679827
979,113.58767534623296
980,113.47947701182997
981,113.01352904991663
982,112.53497786639294
983,111.91224918669067
984,111.02870491965845
985,110.11415114251666
986,109.15878279558768
987,107.93889778379773
988,106.46917360931357
989,105.06988219464387
990,103.48506083201912
991,102.00699094523875
992,100.51438333648315
993,99.29381197383353
994,98.57864102631834
995,98.61922720043204
996,99.31057710874842
997,100.54981791538728
998,101.912406904248
999,103.23150290744434
1000,104.34040895703765
1001,104.99881692643865
1002,105.0790226780921
1003,104.74833405295891
1004,104.03622754774221
1005,102.98999961576715
1006,101.88714418521637
1007,100.8891977066851
1008,100.00848270952659
1009,99.36127343318589
1010,98.6461049573703
1011,98.29378657439409
1012,98.37873563940977
1013,98.77696726503987
1014,99.47383829908044
1015,100.66970745702737
1016,102.4501261545733
1017,104.36500085379183
1018,106.39322674376021
1019,108.70223606928216
1020,111.14291908486535
1021,113.34918872357895
1022,115.3289545951045
1023,117.39339315749139
1024,119.40122454597767
1025,121.20755245402955
1026,122.77905773403472
1027,124.0807960039489
1028,125.46063236722883
1029,126.90657104476989
1030,128.59284037351574
1031,130.48756578602655
1032,132.75436676746045
1033,135.1360271634428
1034,137.66166688124673
1035,140.09854565317121
1036,142.02836739275762
1037,143.5748454911988
1038,145.00877754961368
1039,146.14980067815324
1040,147.0576446266511
1041,147.50907717614376
1042,147.49985946563004
1043,147.3618390554931
1044,146.92255634209818
1045,146.0540333530895
1046,145.01514645277626
1047,143.93897629263714
1048,143.08540830148073
1049,142.37209250104064
1050,141.52416887343537
1051,140.5976367094959
1052,139.34102061528975
1053,137.41158475405254
1054,134.96515260156667
1055,131.73431325008914
1056,127.91743049000411
1057,123.6692033105358
1058,119.32441965322646
1059,115.14823428619015
1060,111.29846698725073
1061,108.09018136330423
1062,105.69633158109453
1063,104.3671891840821
1064,104.04713069330364
1065,104.76469366815085
1066,106.32555126732115
1067,108.74373125512284
1068,111.8598606591062
1069,115.25681799032223
1070,118.61836591079631
1071,121.69348332255271
1072,124.40640404934969
1073,126.54840133800995
1074,127.90503548844868
1075,128.1103403610175
1076,127.57218648531301
1077,126.29213275680311
1078,124.41112181489041
1079,122.08768248873295
1080,119.48186027484945
1081,116.67196631009486
1082,113.80960143326294
1083,111.31934399041917
1084,108.73536138781768
1085,106.25863498822042
1086,103.72140392040475
1087,101.28741420699248
1088,98.78464286531272
1089,96.2165801936192
1090,94.00570959678578
1091,92.22362659914984
1092,90.69719470478653
1093,89.98828365226535
1094,89.96863115262431
1095,90.88536878957613
1096,92.6922274690979
1097,95.33687082731048
1098,98.95354604630936
1099,103.49751223118534
1100,108.5219810829294
1101,114.2041541421577
1102,120.12576541370254
1103,126.1106816382395
1104,132.00442140079983
1105,137.53071026385362
1106,142.7991324085906
1107,147.66742234335317
1108,152.35319492630322
1109,156.63499683523565
1110,160.761494347378
1111,164.5189903564308
1112,167.75813235003312
1113,170.5737244678799
1114,172.85599582491147
1115,174.68170011189295
1116,176.15732946078046
1117,177.41993412737713
1118,178.44941221910716
1119,179.31832027033641
1120,179.81250106813485
1121,180.1205122745036
1122,180.41998109675103
1123,180.71418488745923
1124,181.1341906802216
1125,181.5731941411403
1126,181.91560556860367
1127,182.2228407046469
1128,182.37286023272128
1129,182.49882131286495
1130,182.7166371417471
1131,183.15452841923053
1132,183.19234824097657
1133,182.9836342545633
1134,182.51712122093994
1135,181.85595727114912
1136,180.7467789000775
1137,179.10895013717987
1138,177.10035494001056
1139,175.18153146749563
1140,173.51215504640763
1141,171.85070068428894
1142,169.7479912832153
1143,167.5313518235356
1144,165.20063127701687
1145,162.7516528751435
1146,159.82725411982835
1147,156.44047573103862
1148,152.873687209935
1149,149.11443888796134
1150,144.9818513204039
1151,140.66696813602786
1152,136.20460706328106
1153,131.98173484632196
1154,127.94501399508158
1155,124.38323932504504
1156,121.31744955822074
1157,118.48884570241401
1158,116.1359187792745
1159,114.03393182738665
1160,111.92792135378089
1161,109.93380739566828
1162,107.56747672327947
1163,104.94735561694449
1164,102.24939104135215
1165,99.81686854508644
1166,97.6285263507213
1167,95.76207090530825
1168,94.48368757890779
1169,93.40921398320299
1170,92.59535042235399
1171,92.03808975564444
1172,91.57162086687362
1173,91.0031629564021
1174,90.13266255679864
1175,89.08544630550475
1176,87.90481397192107
1177,86.44983968507799
1178,84.8155157994476
1179,83.09271512315695
1180,80.9287215311393
1181,78.42704007098524
1182,75.66399346168923
1183,72.77525049167632
1184,69.83226961917335
1185,67.25587022584656
1186,65.06846748706528
1187,63.66238546938257
1188,62.93392356249605
1189,62.987167304525826
1190,63.860964306253
1191,65.30531120685828
1192,67.02026633535776
1193,69.06347514223755
1194,71.08927100511337
1195,73.08879036386233
1196,75.00788253877374
1197,76.67749273094668
1198,78.52071840839234
1199,80.83957409605449
1200,83.56103892684864
1201,86.14114215182049
1202,88.74708907632339
1203,91.69152317852092
1204,94.94281325966938
1205,98.25483606927314
1206,101.29415466935502
1207,104.31764515514226
1208,107.14717106305427
1209,109.27948049426492
1210,110.627161787065
1211,111.31569620029201
1212,111.4570731456717
1213,111.09122058742335
1214,110.05309814262564
1215,108.50773423354966
1216,106.69986991041776
1217,104.93451838724287
1218,103.00068685407747
1219,100.98049675170134
1220,99.03340858321411
1221,97.23458234012206
1222,95.31032261739782
1223,93.34985564058931
1224,91.66341169310707
1225,90.25123897481761
1226,89.02064784617923
1227,87.92740849545973
1228,87.18607850547703
1229,86.73243881575979
1230,86.68916063471397
1231,86.86914892339499
1232,87.94007712101865
1233,89.64804040946031
1234,92.07952155168516
1235,95.24009499903644
1236,99.11253671360447
1237,103.55415507157076
1238,108.2392039541968
1239,112.98996870620999
1240,117.9403238827277
1241,122.45983326953035
1242,126.55813382908644
1243,130.28092990606734
1244,133.77058783259102
1245,137.16091298232578
1246,140.36071273564494
1247,143.4964593203054
1248,146.53445950662794
1249,149.55151368032145
1250,152.2293746177036
1251,154.64698856571215
1252,156.72730192104
1253,158.34061961391268
1254,159.74420600671186
1255,160.58068167507867
1256,160.8516836806196
1257,160.5795521184374
1258,159.98096754324126
1259,159.23261741213932
1260,158.75338541453715
1261,158.4986723872927
1262,158.4237111763917
1263,158.35845483278086
1264,158.3331082265994
1265,158.40074129348392
1266,158.37009893009554
1267,158.17034732994492
1268,157.70898671168814
1269,156.66620359241918
1270,154.86768113180383
1271,152.50925013128187
1272,149.50375019814703
1273,145.66675286437214
1274,141.1401040847317
1275,136.4508346739119
1276,131.4085672274553
1277,126.46394593096942
1278,121.76987251810021
1279,117.38955317521305
1280,113.29851127052765
1281,109.51637036200134
1282,105.95163257911777
1283,102.48301816596708
1284,99.1768230319646
1285,95.80217105576592
1286,92.57046101307648
1287,89.71432472505367
1288,87.21760609693908
1289,85.40346639855815
1290,84.13353336160257
1291,83.46349317283818
1292,83.6728783298343
1293,84.73842375782468
1294,86.65348295494005
1295,89.10786891207125
1296,91.95850565830648
1297,95.41163654762511
1298,99.1519858800846
1299,103.05936712265927
1300,106.89150548938385
1301,110.589406795397
1302,114.28114734374536
1303,117.8410437510896
1304,120.80985406893755
1305,123.63392737535183
1306,126.27706007547906
1307,128.27864234594108
1308,129.50590607957818
1309,130.2547111133618
1310,130.59110929062925
1311,130.88377570485193
1312,131.11490612270714
1313,131.2308882985355
1314,131.51967495993122
1315,132.16824577548456
1316,132.8824855925314
1317,133.75589862384035
1318,134.77640492863725
1319,135.66362576867655
1320,136.1647901959036
1321,135.78659044666972
1322,134.73141589873916
1323,133.31390782634838
1324,131.68867233785568
1325,130.03561359845708
1326,128.6107435344454
1327,127.23672471514038
1328,125.93888731710203
1329,125.29085628710604
1330,124.96967933492076
1331,124.54401509540656
1332,123.66232075365711
1333,122.58855912959436
1334,121.56130132100017
1335,120.47596530472244
1336,119.03518934804896
1337,117.35637819560017
1338,115.17977593949254
1339,112.93579116348155
1340,110.51183240637627
1341,107.94441966683469
1342,105.38700407973812
1343,102.85206796694779
1344,100.52340931606213
1345,98.45567052530234
1346,96.5191708283154
1347,94.99221804444423
1348,93.73851114683421
1349,92.84720732721507
1350,92.09122678634789
1351,91.51005744955475
1352,90.90279187090925
1353,90.20336313736767
1354,89.57771468413094
1355,89.29275135391548
1356,89.34311992694745
1357,89.73223390063842
1358,90.47491475854281
1359,91.65279748037783
1360,93.21259593305285
1361,94.84863378135833
1362,96.773113123039
1363,98.66828533500683
1364,100.92446092518315
1365,103.45938967650025
1366,106.1288137853277
1367,108.69661434354252
1368,110.93060082918942
1369,113.1912558645044
1370,115.36911627955692
1371,117.6151040251658
1372,119.64855640608805
1373,121.66073304549593
1374,123.59652623773874
1375,125.61500944138271
1376,127.70325721192006
1377,129.8202938600984
1378,132.33324907050493
1379,135.40585461647836
1380,138.6387871117443
1381,141.9228549769627
1382,145.39380542623996
1383,149.18653612501635
1384,153.16062320523469
1385,157.07323058353
1386,161.1438124403931
1387,165.33888510194788
1388,169.358333387499
1389,172.90192806510458
1390,176.3195073783176
1391,179.53011196420778
1392,182.5706366246007
1393,185.19698420574326
1394,187.51757731034445
1395,189.57795420958115
1396,191.26360693492
1397,192.78106323954154
1398,194.21776008217034
1399,195.4030278797486
1400,196.43525122008728
1401,197.14920638709935
1402,197.50883764356678
1403,197.65274331046476
1404,197.60786832833372
1405,197.29267158631342
1406,196.54651087917188
1407,195.55226589749213
1408,194.0106602905354
1409,192.16470385894286
1410,190.23580898656832
1411,188.58102638171772
1412,187.2561649115343
1413,186.21194215779647
1414,185.45433110892412
1415,184.97910021674417
1416,184.34283344661412
1417,183.56977755544767
1418,182.64104840457156
1419,181.39729099775707
1420,179.97624700667393
1421,178.14299409032017
1422,175.7560460219006
1423,173.02037012965604
1424,170.14814519741697
1425,167.64930950636895
1426,165.12739864735633
1427,161.9937983289559
1428,158.51021778183065
1429,155.46507240054842
1430,152.77844166309347
1431,150.6121335526911
1432,148.31110302825294
1433,146.2642867715524
1434,144.54621860910987
1435,143.09090507739342
1436,141.31206349403578
1437,139.4977788868457
1438,137.42833178095162
1439,135.5072529700224
1440,133.71338910038693
1441,131.5272430489038
1442,129.08100113573204
1443,126.24420498880318
1444,123.20032940502604
1445,119.9480263627905
1446,116.26538425774623
1447,112.66107129860526
1448,109.13754748038255
1449,105.1523723210918
1450,101.45396493338015
1451,98.00699249372121
1452,94.98137146335029
1453,91.77093551964057
1454,88.97143454595505
1455,86.39897512896243
1456,84.11622241340467
1457,82.45747323583215
1458,81.44013323433592
1459,81.42988923860263
1460,82.84775618193888
1461,85.45447288479573
1462,89.30390433923696
1463,93.88740594682602
1464,99.07663586480109
1465,104.84999853665514
1466,110.5679745947344
1467,115.94095122324107
1468,120.78641138776925
1469,124.93842606779363
1470,128.29795476771204
1471,130.79952462875445
1472,132.58000559418835
1473,133.71228890681837
1474,134.32508161459532
1475,134.69474841649964
1476,134.59350642166743
1477,134.1413038280919
1478,133.31501859917927
1479,132.18820824343445
1480,130.58597671623684
1481,128.86552933219326
1482,127.36874010807534
1483,125.394214622612
1484,123.12362254005234
1485,120.67754370155733
1486,118.1712539966086
1487,115.62445174828133
1488,113.22471153275927
1489,110.67533752379254
1490,108.10491242648925
1491,105.39506284408428
1492,102.53350240048691
1493,99.56113866620942
1494,96.51932291753974
1495,93.60822983328872
1496,91.07916455992947
1497,88.92676500793192
1498,86.97351209875768
1499,85.28708940394571
1500,83.8093503621276
1501,82.5153200601975
1502,81.27817913850166
1503,80.11174281425976
1504,78.92461774599826
1505,77.99628685270997
1506,77.19444542137626
1507,76.65221271768789
1508,76.20139602345655
1509,75.26809678823568
1510,73.90804982029093
1511,72.24975824633063
1512,70.48816643898878
1513,68.44464158646971
1514,66.12233849775777
1515,63.83657428655098
1516,61.89747922450336
1517,60.23101626978483
1518,58.87786494013481
1519,57.8845636545489
1520,57.15004491337274
1521,57.13888549035761
1522,57.452678081882695
1523,57.89137880290197
1524,58.701042503634454
1525,59.86129016356037
1526,61.558859909538185
1527,63.48869422734113
1528,65.69665040548807
1529,67.88593617272824
1530,70.07289272524072
1531,71.96556545186213
1532,73.82663792520475
1533,75.68789901540615
1534,77.52901085401805
1535,79.38946502246267
1536,81.46053429329763
1537,83.67521172717476
1538,86.03924788282674
1539,88.09595933824397
1540,89.86802454748403
1541,91.44851200301804
1542,92.59868381050222
1543,93.19106319778777
1544,93.53357428775962
1545,93.70221535640039
1546,93.85618599087925
1547,94.10632721601144
1548,94.48493557081659
1549,94.7103616820346
1550,94.88943512810485
1551,94.98970656804818
1552,95.02509177876429
1553,94.89390554903704
1554,94.54478908895335
1555,94.31924641622051
1556,94.15683028697319
1557,94.028797968221
1558,93.52405421365557
1559,92.56929360576507
1560,91.53460921805178
1561,90.29655518280657
1562,88.8486749037977
1563,87.21069783379454
1564,85.26935016690383
1565,83.36303925579385
1566,81.42204735196643
1567,79.43070762538214
1568,77.5084291956226
1569,75.62491348066368
1570,73.66441703481968
1571,71.5412900056442
1572,69.35800419268614
1573,67.36257782338242
1574,65.62649495591896
1575,64.07446366019346
1576,62.88121490781565
1577,62.29788372875803
1578,62.69754196097199
1579,63.51228569062525
1580,64.26429030746043
1581,65.35089056292647
1582,66.69190788312693
1583,68.05283543140274
1584,69.42597554149567
1585,71.13564148652628
1586,73.46487637903076
1587,76.2691704867957
1588,79.18278169693588
1589,82.56883045771255
1590,86.38911195824588
1591,90.48096922952408
1592,94.71947425337177
1593,99.06440901376791
1594,103.12121705514873
1595,107.17421552348753
1596,110.7003241909423
1597,113.86407620690278
1598,116.91581018692852
1599,119.91670511468934
1600,122.94430183930908
1601,126.1379162081116
1602,129.66134319199543
1603,133.13109151719928
1604,136.5505533543156
1605,139.30069458842587
1606,141.98440528342263
1607,144.21564261454628
1608,146.09410460930536
1609,147.55307575870066
1610,148.61752742622141
1611,148.99760560940206
1612,148.98864927324072
1613,148.44963523425213
1614,147.3464051498795
1615,145.94726606762828
1616,143.92802644954116
1617,141.50790022709202
1618,138.3785510665869
1619,134.77148976278554
1620,130.88381460923222
1621,126.89276152388119
1622,122.77109465432954
1623,118.60759920772709
1624,114.25820833959435
1625,109.75727437342022
1626,105.36341550512373
1627,100.95215028514781
1628,96.89027458909644
1629,93.30313799773185
1630,90.62135020032947
1631,89.27647424492056
1632,89.12246676070046
1633,90.64859493819915
1634,94.22126229020668
1635,99.22479579387678
1636,105.24578983747698
1637,111.83413738474323
1638,118.54612529638288
1639,125.05073591853912
1640,130.65967513613313
1641,135.25673086896518
1642,138.86789019244128
1643,141.53513547468094
1644,143.56325662504054
1645,145.1770147640459
1646,146.59619962929327
1647,147.62926467426968
1648,148.56904203621028
1649,149.51128442600486
1650,150.5629129777235
1651,151.8132819502357
1652,153.0393229481336
1653,154.10597861630475
1654,155.0799383704435
1655,155.96495119533603
1656,156.35924743221074
1657,156.57966785776063
1658,156.33902370106205
1659,155.7411815850945
1660,155.0135094882
1661,154.39755891360699
1662,154.03878742272843
1663,153.75816179515874
1664,153.59310530184388
1665,153.45159834177952
1666,153.19086689249494
1667,153.01131685352988
1668,152.61449942622687
1669,152.35514685125332
1670,151.9794044007259
1671,151.61767227392386
1672,151.38629813647196
1673,151.21030715634103
1674,151.14530533105153
1675,151.30367145328916
1676,151.5786310122123
1677,152.0188605181546
1678,152.68301124377655
1679,153.53110520227108
1680,154.34427986773528
1681,154.87680196477112
1682,154.81028411031502
1683,154.11925143298788
1684,152.91410914901678
1685,151.3706410356482
1686,149.58723103929725
1687,147.67456728211963
1688,145.54777239808038
1689,143.4054433995022
1690,141.10424682963176
1691,138.2981883190996
1692,135.42051887556352
1693,132.31699279278757
1694,129.62140194585754
1695,127.32103227123794
1696,125.38884597873229
1697,123.86720145784727
1698,123.02527937751807
1699,123.172043770848
1700,124.41955230998562
1701,126.36472203388124
1702,128.87281285221903
1703,131.620492564871
1704,134.81631531022612
1705,138.07301113349197
1706,140.998470413434
1707,143.45214622578908
1708,145.5676821713119
1709,147.2577734598214
1710,148.72815288082464
1711,149.32007978811288
1712,149.16582615286154
1713,148.4940636777435
1714,147.5471199370976
1715,146.3913325614175
1716,145.15861393763475
1717,143.57917351065362
1718,141.77279468587486
1719,139.6955390257886
1720,137.8030381050263
1721,136.1537470067804
1722,134.5615353696711
1723,132.9511939550595
1724,131.52366487394156
1725,130.27222598480296
1726,128.86070832361742
1727,127.06334015511752
1728,125.31778002347377
1729,123.27812292587856
1730,121.09807419764257
1731,118.52647742597291
1732,115.73912257693195
1733,112.75865758190756
1734,109.54450363759989
1735,105.5861375100884
1736,101.40200024926477
1737,96.70051988870742
1738,91.85041735253458
1739,86.89992416051174
1740,81.70756737633621
1741,76.65131743288983
1742,72.13030677881784
1743,67.75997884653059
1744,63.82968368560566
1745,60.37458591884045
1746,57.67369964606539
1747,55.90162341471577
1748,54.64264476432756
1749,54.08052678524583
1750,53.82548695752461
1751,53.82006524162719
1752,53.951851545920476
1753,54.25960544501416
1754,54.5512941037592
1755,54.49561625705412
1756,54.336014947340274
1757,54.1167552806168
1758,53.978541209016214
1759,54.26425064673104
1760,54.964476691050024
1761,56.71169706974359
1762,59.28508335699682
1763,62.36056841756745
1764,66.16742310250766
1765,70.53100519207136
1766,74.90718134889367
1767,78.71445460532908
1768,82.57518672126471
1769,85.93385256421055
1770,89.0767381034784
1771,91.67641865902141
1772,94.23864775529285
1773,96.50857132725046
1774,98.94749709632535
1775,101.82482617879631
1776,104.62744020940684
1777,107.33405569742854
1778,109.85804645666943
1779,112.28252333550302
1780,114.4573133370117
1781,116.34901103669009
1782,117.83608974029241
1783,119.27692804281708
1784,120.18573631011901
1785,120.69289277639807
1786,120.6063617035156
1787,119.97477036691706
1788,119.39324414543695
1789,119.08719471017724
1790,118.41555760944169
1791,117.67823075169373
1792,116.42803012442153
1793,114.4241941605122
1794,111.4560030778194
1795,107.72669600982397
1796,103.18238980592659
1797,97.42648213451079
1798,91.1354137612712
1799,84.91794715215718
1800,79.36805479584814
1801,74.55021583038095
1802,70.61545443187559
1803,68.2552445712522
1804,67.4171759426469
1805,67.8899048932413
1806,69.7031695541404
1807,72.35090755677194
1808,75.69868163905403
1809,79.13040541772118
1810,82.65577005292141
1811,85.76830975838433
1812,88.4833329587865
1813,90.77814583674524
1814,92.90012007760191
1815,94.75962874139702
1816,96.54487570289052
1817,98.34737110647711
1818,100.23804583022047
1819,102.23848249993671
1820,104.32507658876278
1821,106.57229713457266
1822,108.78050735766996
1823,110.74251550621707
1824,112.44946259545307
1825,113.80955131091432
1826,114.85540080865229
1827,115.28649337825466
1828,114.94465064051593
1829,113.92844656762207
1830,112.3732995041185
1831,110.65889370460906
1832,108.78761938284987
1833,106.78906484824492
1834,104.94885155967415
1835,103.36743126109175
1836,101.92408586700617
1837,100.58331092733408
1838,99.38629256479146
1839,98.37757521467303
1840,97.3393107816691
1841,96.30909491144328
1842,95.3160378545101
1843,94.86607150980126
1844,94.50166858400095
1845,94.54772396690369
1846,95.07906682931599
1847,96.00480875502208
1848,97.02807079309213
1849,98.25017628809299
1850,99.23001981755982
1851,100.05835045056418
1852,99.94109085187584
1853,99.23607159767727
1854,97.93428190109655
1855,96.01282767167442
1856,93.91640918228903
1857,91.9701142547209
1858,90.59981876390106
1859,90.02181206788394
1860,90.67827047981575
1861,92.82004651269982
1862,96.61708110270797
1863,101.61295445460672
1864,107.51362400957122
1865,113.82122386063324
1866,120.47568505038154
1867,127.35987111713902
1868,134.02043156349916
1869,140.18312010167455
1870,145.88394364275058
1871,150.84723945520284
1872,154.83660191593188
1873,157.85935057144383
1874,160.1842206798579
1875,161.6938519952435
1876,162.09428152937517
1877,161.11237552197304
1878,159.4548522180617
1879,157.047839767764
1880,153.78316514051545
1881,150.94289821480925
1882,147.91874996146197
1883,144.8518815589457
1884,141.85035016322826
1885,138.760631582745
1886,135.80348367009734
1887,132.845665944426
1888,130.49836220079277
1889,128.6486040158546
1890,127.324488885171
1891,126.34537349810725
1892,125.51114158580302
1893,124.98683861569964
1894,124.85550530679262
1895,124.7853764816063
1896,124.81475351510599
1897,124.7561390252846
1898,124.9030836296782
1899,125.06863737441127
1900,125.86306052707148
1901,127.25524006799961
1902,129.13745031000153
1903,131.3935705581456
1904,133.90702934367175
1905,136.8032001831564
1906,139.73684220962002
1907,142.52894862838085
1908,145.38694108663998
1909,148.36448510149137
1910,150.84218733648237
1911,152.61064727141513
1912,154.05971379835478
1913,155.25299735587305
1914,155.98880822152336
1915,156.30990165382477
1916,156.10547364446077
1917,155.67543445359325
1918,154.76480832994775
1919,153.59487635193494
1920,152.146201146794
1921,150.95675155066704
1922,150.01007596387808
1923,149.60175613979663
1924,149.25621239182993
1925,148.90741943558615
1926,148.54810695395528
1927,148.72814806613007
1928,149.17209815985797
1929,149.7148086463141
1930,149.75315180229998
1931,149.44857410380905
1932,148.90589047096307
1933,147.99743813629058
1934,146.65218917890815
1935,144.6820676334426
1936,142.32829833827083
1937,139.61939006421485
1938,137.26263986578616
1939,133.94447942932825
1940,130.02254893188447
1941,125.6482525933452
1942,120.50032202207328
1943,115.26329918267184
1944,109.67794431981763
1945,104.42523491777071
1946,100.0188413692317
1947,96.00567750939014
1948,92.62692475772519
1949,89.85436142576869
1950,87.51200685629959
1951,85.86355213069916
1952,84.85423812816674
1953,84.62266759398973
1954,84.87827872782395
1955,85.34000050095251
1956,87.09879463181409
1957,89.57997000944283
1958,92.83377813659322
1959,96.79938398935049
1960,101.41608788676403
1961,106.5759918494827
1962,111.99313097159859
1963,117.23940682359448
1964,122.5707966389142
1965,127.56658617987469
1966,131.81945462090064
1967,135.68926892946416
1968,139.20910044311879
1969,142.3920412217604
1970,145.51272623607767
1971,148.3550585895548
1972,150.82010740889484
1973,152.85399624001212
1974,154.19319852019024
1975,155.11907694157878
1976,155.39320244283817
1977,155.00590286924233
1978,154.36122315923978
1979,153.16973377958516
1980,151.5490069262085
1981,149.5569385695707
1982,147.92652699644572
1983,146.32401119699807
1984,145.03051885829206
1985,143.78509948774763
1986,142.8690434491315
1987,142.32123055968623
1988,141.98884246133161
1989,141.75895422869866
1990,142.00148620138395
1991,142.32421773559602
1992,142.62979008136352
1993,142.64154063090575
1994,142.72833099258108
1995,142.80383860723862
1996,143.04347799727913
1997,143.76449410716037
1998,144.52725685437596
1999,145.20468863667236
2000,146.32486242348233
2001,147.74116198692292
2002,149.4739423647951
2003,151.28453787417146
2004,153.5922227159336
2005,156.1163234491333
2006,158.6710591223728
2007,160.9010720713726
2008,162.7046405420584
2009,163.95726711850213
2010,164.47179090361988
2011,163.8877975920346
2012,161.9028808243341
2013,158.461945564996
2014,153.99521724795355
2015,148.22076988351986
2016,142.02488669467476
2017,135.34749098516835
2018,128.7948095164085
2019,122.65050101408829
2020,116.8956646150541
2021,112.08666903485694
2022,108.412093380968
2023,105.47902834785208
2024,103.85691942440297
2025,102.91173272277062
2026,102.36416167882953
2027,101.88372361423791
2028,101.84865218864957
2029,102.19755307212586
2030,102.82635077535548
2031,103.68353912157772
2032,104.43301386572892
2033,104.7914367810497
2034,104.29528467143632
2035,103.28453418532806
2036,101.79907603222283
2037,99.91784809406676
2038,97.92116750009707
2039,96.03736924307753
2040,94.44117963391366
2041,92.96856363357328
2042,91.36687762976979
2043,89.93636257165767
2044,88.19104976861809
2045,85.93810962043727
2046,83.45443004321045
2047,80.37508321776377
2048,76.90500199069902
2049,73.34333858009057
2050,70.16472959412005
2051,67.43044123951185
2052,65.05161037100274
2053,62.78603173079533
2054,60.96979262817002
2055,59.85272583268686
2056,59.35008496980122
2057,59.71826418582553
2058,60.587820766489855
2059,61.92466761712906
2060,63.39142649685737
2061,64.98686398991335
2062,66.45240961685934
2063,67.3615125030245
2064,67.64066580337187
2065,67.36286986328662
2066,66.88665799312149
2067,66.62109867636167
2068,66.39407228777442
2069,66.95128522286223
2070,68.41301256810502
2071,70.25735471029897
2072,72.57138203905484
2073,75.22182953598099
2074,78.56980852209541
2075,82.23435321436926
2076,86.6200014303189
2077,91.87242990178993
2078,97.99341352122208
2079,104.41565975049683
2080,111.28994060492677
2081,118.69986428125424
2082,126.59950796974336
2083,134.40144817268225
2084,141.55366908670112
2085,148.15981777603753
2086,153.30765373093078
2087,156.56672452176076
2088,157.43875912008494
2089,156.32538009753478
2090,152.84041752344018
2091,147.69346764494452
2092,140.9947403092873
2093,133.98105940128818
2094,127.15015999934026
2095,121.21333936311758
2096,116.78406628025856
2097,114.2147850513812
2098,112.66209874773816
2099,112.51172909648048
2100,113.48560998880134
2101,114.89044200672144
2102,116.83685577163399
2103,118.68723947632077
2104,120.84413888171886
2105,123.50068384884985
2106,125.86658178166728
2107,128.07396062932398
2108,130.5058837312132
2109,132.62165682985685
2110,134.99899185993198
2111,136.88370694132558
2112,138.28201993754143
2113,139.0978831537788
2114,139.7411275084662
2115,139.90601157315285
2116,139.04080249399505
2117,137.89110978546523
2118,136.59642392673442
2119,135.1768893361827
2120,133.6401177788366
2121,132.38945838191694
2122,131.37377656882106
2123,130.66454578471897
2124,129.71527679784379
2125,128.85762414932123
2126,128.01064744538093
2127,126.99085577960929
2128,125.97089788768592
2129,124.87296892789857
2130,123.7592100006955
2131,122.7570148797701
2132,121.61079576360089
2133,120.73643852440387
2134,120.32230920695554
2135,120.18092743158488
2136,120.09581565301085
2137,119.89385361481254
2138,119.80528492275441
2139,119.6478390922034
2140,119.04691656183249
2141,118.21492484339277
2142,117.36254036145698
2143,116.77369862931118
2144,116.45525180388745
2145,116.58234286174513
2146,117.36694530569164
2147,118.77779543353566
2148,121.13714546150138
2149,124.11087975956019
2150,127.51878118668066
2151,131.46795864396012
2152,135.61723056747948
2153,139.82606088533765
2154,143.68848313482812
2155,146.7582269524646
2156,149.3269660169541
2157,150.77764567879336
2158,151.19675225339495
2159,151.0164492606117
2160,150.45455897318567
2161,149.5751880445842
2162,149.0521165207781
2163,148.28735956676564
2164,147.972614969207
2165,147.910403532874
2166,147.85627958326427
2167,148.2210214545725
2168,148.87080224471276
2169,149.53162849011522
2170,149.77978283181164
2171,149.54761121023375
2172,148.7279532507775
2173,147.47249862318446
2174,146.05024438801752
2175,144.5852230344036
2176,142.91928972486187
2177,141.1085595696056
2178,139.47346756978288
2179,137.59081744416193
2180,135.52220948517197
2181,133.20452247698597
2182,130.29917007866587
2183,127.28008564014647
2184,124.2160444141434
2185,120.78450142652025
2186,117.20710829915942
2187,113.2780553424497
2188,109.12177260942974
2189,104.81136107409733
2190,100.35715475332906
2191,96.2479235407092
2192,92.06405829411891
2193,87.86626118500108
2194,83.81646239892015
2195,79.87112531191576
2196,76.00460146336266
2197,71.9788087686195
2198,68.18110376179116
2199,64.71567925343678
2200,61.513625266316424
2201,58.62163772617069
2202,56.22628159553226
2203,54.43145157557464
2204,52.84774685739535
2205,51.35694047668338
2206,50.415904234782914
2207,49.83661715246396
2208,49.330614898009784
2209,48.86072500599105
2210,48.86714269658455
2211,49.35062793174884
2212,50.302225269619285
2213,51.65545330542355
2214,53.35623241392779
2215,55.74070923375989
2216,58.48620773344692
2217,61.583669871281174
2218,64.95414549343852
2219,68.56416747192851
2220,72.51778573474965
2221,76.23648531093667
2222,79.76287046620524
2223,82.83082555128888
2224,86.42630057553461
2225,90.08747549141906
2226,93.86577257697773
2227,97.39505826899904
2228,100.62330275531278
2229,103.36414312599561
2230,105.75297040671973
2231,107.67051700774404
2232,109.48845966130025
2233,111.05562873765501
2234,112.22344077317214
2235,112.94908892717413
2236,113.27478914582072
2237,113.27935891642885
2238,112.96282275059664
2239,112.30493065572702
2240,111.61353598598822
2241,110.71025048722356
2242,109.52249657085724
2243,108.1871492953247
2244,106.68496565893494
2245,104.96182373806612
2246,102.90116008551348
2247,100.76964156621895
2248,98.50989478306153
2249,96.05868522255584
2250,93.64162640631253
2251,91.05163299530398
2252,87.98542060504937
2253,84.1156930882847
2254,79.70695293492541
2255,74.92947983784475
2256,69.99563226795428
2257,65.25399908434983
2258,60.97399467460673
2259,57.47732161100885
2260,54.92057365210965
2261,53.24978191548118
2262,52.765332308834466
2263,53.629797980001065
2264,55.4263813671956
2265,58.105800492385654
2266,61.23385458395725
2267,64.30747410243544
2268,67.70867511103285
2269,70.9156120691035
2270,73.50275013818867
2271,75.36296182373582
2272,76.98585445899181
2273,78.34052864103694
2274,79.73341043808423
2275,81.24883944728947
2276,83.34333341178787
2277,85.99831157825486
2278,88.9479956278484
2279,92.26771112812796
2280,95.15586361337117
2281,98.54173699509312
2282,102.28595815032753
2283,106.12720467897553
2284,110.07328063316476
2285,114.26474209720607
2286,118.60042923259672
2287,122.77053439479079
2288,126.79055091838825
2289,130.6522393178695
2290,134.49097461549476
2291,138.35573160133012
2292,141.56933250155714
2293,144.49369149926898
2294,146.64498610370904
2295,147.84569653709394
2296,148.28586658732308
2297,148.02676421663435
2298,147.16426094469728
2299,145.9375182118286
2300,144.5487207845693
2301,143.41494160059577
2302,142.727445744842
2303,142.52300046904216
2304,142.65699175911888
2305,142.67013713195
2306,142.80060819192664
2307,142.91478844797894
2308,142.92833085431008
2309,143.08910328456
2310,143.1766805069738
2311,143.43627884903276
2312,143.54771733595248
2313,143.45920607841833
2314,142.89154752339812
2315,141.81533518821493
2316,139.94392252710588
2317,137.1784174121336
2318,133.65123419999148
2319,129.5600080827319
2320,124.93080108132219
2321,120.11492251431696
2322,114.98380956047538
2323,110.17105039268634
2324,105.40258724905794
2325,100.97547884804911
2326,97.00404471213527
2327,93.38670256911195
2328,90.00566161419817
2329,86.94885948440344
2330,84.0393388280073
2331,81.67546434022884
2332,79.36083568103567
2333,77.40738477624731
2334,75.80183502760372
2335,74.35289247336752
2336,73.18759929889971
2337,72.17379423711273
2338,71.02349696722295
2339,70.09165314827628
2340,69.61120997500116
2341,69.80525623901549
2342,71.07141422671214
2343,73.41056631563306
2344,76.55002734707932
2345,80.58891747962599
2346,85.20548173616912
2347,90.1957655776607
2348,95.24623628373993
2349,100.03982399719104
2350,104.4744604717818
2351,108.62876889838233
2352,112.04376268567873
2353,114.88995764651872
2354,117.0692851360013
2355,118.99705785403225
2356,120.93023879217455
2357,122.76108860919392
2358,124.59041351491288
2359,126.67439515222136
2360,129.2456796715647
2361,132.27865055245576
2362,135.50796180357517
2363,138.70953392894143
2364,142.07478490774494
2365,145.62708564124995
2366,149.01653426569123
2367,152.04961440037732
2368,154.75374946287567
2369,157.0077260971221
2370,158.95856079507843
2371,160.77284967036462
2372,162.60322412382746
2373,164.6478026939592
2374,167.01387201311948
2375,169.66063830823202
2376,172.67016879807213
2377,175.93391569088442
2378,179.52227297391946
2379,183.23492664976425
2380,186.33379500754506
2381,189.11674333065255
2382,191.320126137
2383,192.8825941793597
2384,193.4785415203994
2385,193.1789865333118
2386,192.05470724758933
2387,190.29404142104715
2388,188.06439849496462
2389,185.6511930275036
2390,182.7559465389175
2391,179.75699074568388
2392,176.79060549614297
2393,174.2673174516869
2394,172.0720568530101
2395,169.63177016863645
2396,167.29939376554597
2397,165.0104199095361
2398,162.8730841699978
2399,160.64750614232548
2400,158.2667113200693
2401,156.0390608318305
2402,154.11452591085452
2403,152.35599493601177
2404,150.72766537044373
2405,148.93323801090227
2406,147.06660018354575
2407,145.08072808212466
2408,142.65006309044642
2409,139.95616476673553
2410,137.05623651738932
2411,134.43191878425944
2412,132.1749906205926
2413,130.16069498218906
2414,128.44444762345486
2415,126.88484772834755
2416,125.28538816209256
2417,124.03661774350181
2418,122.84159744006458
2419,121.65549693793092
2420,120.43767468846207
2421,119.30375544203343
2422,117.92696578680852
2423,116.72594871730323
2424,115.49377275224833
2425,114.32319725049217
2426,112.90312620743501
2427,111.36568607990554
2428,109.64439741795337
2429,107.6200628129977
2430,105.17204608462828
2431,102.5331484696296
2432,99.83991496798191
2433,97.1213669327266
2434,94.45108678480726
2435,92.01025594241426
2436,89.73170346297985
2437,87.805666349875
2438,86.24268891978193
2439,85.24715871335644
2440,84.75611901348393
2441,84.59160714075762
2442,84.78466745537077
2443,85.15444254286909
2444,85.82445260768901
2445,86.52488843052555
2446,87.34675924944199
2447,88.29960298588958
2448,89.42424821962229
2449,90.53329497350006
2450,91.52461241005633
2451,92.38705857986028
2452,93.09767340399823
2453,93.96100815884253
2454,94.71309840783286
2455,95.25813107078059
2456,95.75461498775402
2457,96.44084198193742
2458,97.23924566207954
2459,98.53590921800404
2460,100.37965596879576
2461,103.07773105924942
2462,106.46868663652421
2463,110.42903226739438
2464,114.92392009005403
2465,119.74465380660337
2466,124.76564646060237
2467,129.68884273412843
2468,134.4864443212574
2469,139.1020178401414
2470,143.51725143266287
2471,147.75675358674727
2472,152.05407157897338
2473,156.47501132361896
2474,160.91631208594538
2475,165.41965388828896
2476,169.9904859191617
2477,174.7483282544929
2478,179.30319932259982
2479,183.6563706919201
2480,187.7182222402301
2481,191.35434326173862
2482,194.5566880214405
2483,196.92925504299987
2484,198.3721942288563
2485,198.61698195917796
2486,197.5892994882306
2487,194.9211361983894
2488,190.40210208604287
2489,184.25862950463733
2490,176.05438972105662
2491,166.58277160811554
2492,156.39262032597316
2493,146.01119476986455
2494,135.60827680748181
2495,126.34188583190704
2496,118.06574981294983
2497,111.54914925871586
2498,106.17250690282418
2499,102.0100428418916
2500,98.5242788511367
2501,95.32561929830709
2502,92.14595278542524
2503,89.08497636100822
2504,85.90711114184633
2505,82.47271287915072
2506,78.14442031207778
2507,73.16610134615418
2508,68.83496384580063
2509,64.12889248251918
2510,59.443695517863596
2511,54.53865153076751
2512,50.45627227506603
2513,46.86514364285431
2514,44.487887050099374
2515,43.17932885607804
2516,43.450754114898
2517,45.189784268722605
2518,48.347335492459266
2519,53.213098768899066
2520,59.451106348874205
2521,66.77273229502342
2522,74.78230963785688
2523,83.04635874520073
2524,91.04751098938974
2525,98.24366069670248
2526,105.08010997734274
2527,111.84090374929076
2528,117.7038791023424
2529,123.39092816797361
2530,128.49263231472204
2531,132.7307543911698
2532,135.78431754197962
2533,137.76609277417157
2534,138.4618091672197
2535,137.77666916491393
2536,136.0989126147971
2537,132.7476957557339
2538,128.27254356197344
2539,123.13127125970449
2540,117.95119796257946
2541,113.29381127161503
2542,109.19657896235691
2543,106.07743988825146
2544,104.73070311342374
2545,104.93562352133316
2546,107.02123838857746
2547,110.03136288517503
2548,113.77753624938913
2549,117.61124079161964
2550,121.17867480498613
2551,124.16785064510582
2552,126.27880839919379
2553,126.99935393015835
2554,126.58201554074734
2555,124.71151139907181
2556,121.66213064655068
2557,117.81771251510455
2558,113.93736838703217
2559,110.38757142991267
2560,107.14712573051122
2561,104.40924195725309
2562,101.95210942557682
2563,100.2760816041936
2564,99.48950163479904
2565,98.80517706142575
2566,98.21674029267552
2567,98.03112634467904
2568,98.26103616489944
2569,98.77373679661122
2570,99.75806837361861
2571,101.01397110881089
2572,102.58008948497258
2573,104.2616882450155
2574,105.30116728382268
2575,106.63542818114391
2576,107.74718390685314
2577,108.47694365709287
2578,109.27454030349908
2579,110.1058458641483
2580,110.87842240430376
2581,111.76461638467498
2582,112.23237667927839
2583,112.78303441960071
2584,113.1234230616452
2585,113.53172025459169
2586,113.1674814642726
2587,112.78281131026394
2588,112.59100043875016
2589,112.69237611145618
2590,112.81848855594936
2591,112.80148594535738
2592,112.83819447352958
2593,113.84421824256586
2594,115.49118440217576
2595,118.15265307483821
2596,121.99996343907542
2597,126.22574472565128
2598,130.62208920463235
2599,134.71274228941115
2600,138.0176509139432
2601,140.4923311664675
2602,141.45667028996814
2603,140.90442094254013
2604,138.64505651144975
2605,135.2484604854296
2606,130.9215594267522
2607,125.93698145810637
2608,120.74932697647395
2609,115.3291160402481
2610,110.20151163219185
2611,105.47807625812209
2612,100.94763381717021
2613,96.88498380310408
2614,92.98324117906968
2615,89.48327237471105
2616,86.36063822738687
2617,83.79379196605791
2618,81.35716550662862
2619,79.1308384784756
2620,76.81756538322459
2621,74.3274912665033
2622,72.1611267849558
2623,69.72275529731385
2624,66.88318420752788
2625,63.87484811752494
2626,61.22058198003572
2627,58.94538284242901
2628,57.32430030284307
2629,56.25241988557403
2630,55.66671017426641
2631,55.98238972255181
2632,57.13351787056433
2633,58.44583826361219
2634,60.45649631405992
2635,62.9077557571384
2636,65.47010858657488
2637,67.94803932872392
2638,70.5509602880359
2639,73.01154362899524
2640,75.25214279848387
2641,77.24147280399492
2642,79.37809608101699
2643,81.50669364621791
2644,83.23047005047309
2645,84.46155703245635
2646,85.45659630357702
2647,86.32261132844069
2648,86.97676218322631
2649,87.93061839911914
2650,89.28322763913306
2651,90.95548177710265
2652,92.73914552683294
2653,94.60176937376514
2654,96.63120926655873
2655,98.65752835298599
2656,100.98189055811352
2657,104.04371682804896
2658,107.97206536935118
2659,112.8810004237518
2660,118.50097967925694
2661,125.15126186659822
2662,132.20923334409255
2663,139.09593661358838
2664,145.6886438275701
2665,151.785312319777
2666,157.0112398045972
2667,161.61049596539914
2668,165.2572516208666
2669,168.39716675228266
2670,171.08559862862887
2671,173.51811480284857
2672,175.45456683777934
2673,176.79996605559853
2674,177.4119280132902
2675,177.30668904830065
2676,175.97601501678983
2677,173.46135668086117
2678,169.973986564533
2679,166.93997456332744
2680,162.8553844710496
2681,157.52329005091116
2682,151.3693708374795
2683,144.56362389015493
2684,137.06485102709104
2685,129.53502523795214
2686,121.89407445641842
2687,114.80664633539739
2688,108.37724188562393
2689,102.18920023682506
2690,96.49323087882239
2691,91.36730239478213
2692,86.38211564614268
2693,81.41061339514094
2694,76.97668059548519
2695,73.25456865369478
2696,69.80158131414937
2697,66.71973886573629
2698,64.33369383963324
2699,62.60804308818519
2700,61.45880251272165
2701,60.40912619249559
2702,60.0182446818508
2703,60.235351007648575
2704,61.21990217677948
2705,63.08979388356563
2706,65.78706262735075
2707,69.63743108000995
2708,74.16057634142004
2709,79.12002706260284
2710,84.33266469326453
2711,89.1309709298138
2712,93.2921148131614
2713,96.35615851382323
2714,98.44602798998454
2715,99.46214506696393
2716,99.40109221335726
2717,98.56878023836515
2718,96.80962494958746
2719,94.20790505454494
2720,91.0991550101322
2721,87.65509118144635
2722,83.9380542590221
2723,80.12334867847153
2724,76.4916418819621
2725,73.36101424325634
2726,70.43737451806234
2727,67.6938893733819
2728,65.48813186167304
2729,63.79525844402556
2730,62.46981800451965
2731,61.700654180455174
2732,61.313922861784974
2733,61.79057688179253
2734,62.90902829948577
2735,64.72810884561599
2736,66.31070892074929
2737,68.42604910770638
2738,71.03748697252225
2739,74.00575497446839
2740,77.25388273681382
2741,80.81075115547016
2742,84.48058400573868
2743,88.08866940000603
2744,91.33033727294578
2745,94.43979075582133
2746,97.1571802383346
2747,99.53843458648993
2748,101.81160085876655
2749,104.12455181541628
2750,106.78110589705167
2751,109.81947273407516
2752,113.07218570448745
2753,116.81161561346562
2754,121.05459238387523
2755,125.35395950895396
2756,129.80709915457174
2757,134.2089021739707
2758,138.505166426135
2759,142.95960480237662
2760,147.03213016269083
2761,150.84991551868802
2762,154.79627567942896
2763,159.00256962099888
2764,163.51463188950936
2765,167.94693238305106
2766,172.59038928060573
2767,177.2161961507215
2768,181.47832064820903
2769,185.1077569832748
2770,187.96343219670297
2771,190.0364963419632
2772,191.17821964893187
2773,191.39748837001184
2774,190.57523822230456
2775,188.82604173247717
2776,186.447865363125
2777,183.53359876706708
2778,180.36402282552746
2779,176.94009077696387
2780,173.19843614135021
2781,169.59384415353253
2782,166.08822612389085
2783,162.77192804781993
2784,159.85236711039158
2785,157.3102314675834
2786,155.2404317000728
2787,153.1879304902214
2788,151.31341926321852
2789,149.570155853517
2790,148.01715194348935
2791,146.45676662766203
2792,145.47033247489924
2793,144.6121347619956
2794,144.42612238793168
2795,144.7909365604374
2796,145.54503449481626
2797,146.784008327488
2798,147.73109429825672
2799,148.19402476599817
2800,148.3963457753964
2801,148.36159456411477
2802,148.01791710339822
2803,147.36705032892797
2804,146.70125517123992
2805,146.18036034770856
2806,145.4024401611042
2807,144.76520430158524
2808,144.71752950183952
2809,144.92516760068577
2810,145.47990969386552
2811,146.6819680556022
2812,148.36593297632663
2813,150.56081431609567
2814,152.7525786856183
2815,154.93629439005014
2816,157.7756224970537
2817,160.70907635937834
2818,164.04991644229406
2819,167.56668929701362
2820,170.82837417461784
2821,173.777148197065
2822,176.3123802058148
2823,178.54684948996288
2824,180.42297069937877
2825,181.96591642597878
2826,183.22780336457078
2827,184.11923922754912
2828,184.5341515322038
2829,184.48869520122307
2830,184.14517161240718
2831,183.36835046379264
2832,182.1807038972947
2833,180.5425752534335
2834,178.16917512496394
2835,175.4421387842178
2836,172.33663261332293
2837,168.89605045585782
2838,164.73732576801066
2839,160.27642230328348
2840,155.76077186080167
2841,151.48297769083973
2842,147.63690697177054
2843,144.23839541642585
2844,141.3697462887365
2845,139.01259179101106
2846,137.26604217411875
2847,135.99853429133694
2848,135.13253093894463
2849,134.44773489177493
2850,133.8519623307373
2851,133.610433627467
2852,133.55782058661683
2853,133.86288001642575
2854,134.47945278021047
2855,135.46356318217136
2856,136.32454163770132
2857,137.3796147877096
2858,138.114579677836
2859,138.5581428434312
2860,138.73133260986242
2861,138.59316419722106
2862,138.0536665334893
2863,137.07231341823706
2864,135.59403901145805
2865,134.30072482865947
2866,133.32286976131988
2867,132.53930788678792
2868,131.66846020516203
2869,130.81182075310767
2870,129.6752589037374
2871,128.2472970239476
2872,126.50097296025336
2873,124.75887245408978
2874,123.02907180529937
2875,121.58275038974493
2876,119.72835655092368
2877,117.7120840937599
2878,115.78531152916199
2879,113.85689179348749
2880,111.73769148659395
2881,109.56487783908625
2882,107.3059815369069
2883,105.19549048736528
2884,102.89814760129143
2885,100.52264515144084
2886,97.92317860511625
2887,95.01850051506722
2888,91.5773541969595
2889,87.71422484825332
2890,83.90671121123547
2891,80.36351715254594
2892,77.34048805224259
2893,74.91019184397612
2894,73.09706018424274
2895,72.31201270801529
2896,72.16340594798505
2897,72.67658713597324
2898,74.03444472659778
2899,75.97422250142309
2900,78.49077701436416
2901,81.25606133500469
2902,83.99518770446875
2903,86.87793301796972
2904,89.71979908425777
2905,92.56084428578455
2906,95.74725628533736
2907,98.5194347249483
2908,101.9720529464399
2909,105.77307287215982
2910,109.88290415059116
2911,114.51190482653757
2912,119.74225709598073
2913,125.51040856128216
2914,131.42911335402775
2915,137.4996158053242
2916,143.3068715167853
2917,148.44526786727118
2918,152.6783154651945
2919,155.7618453638051
2920,157.62993422033304
2921,158.53100799677992
2922,158.34310271969744
2923,157.17842801564646
2924,155.25592511765697
2925,152.61314328628305
2926,149.72784581866608
2927,146.69122025661858
2928,143.84285078857425
2929,141.5301671725024
2930,139.47169971798664
2931,137.90987102816558
2932,137.07478587043866
2933,136.61161614693475
2934,136.19369528574978
2935,136.56262680620117
2936,137.28436162134852
2937,138.24194298466483
2938,139.27720727222083
2939,140.47000389118344
2940,141.51965174814262
2941,142.39534460777875
2942,143.0997547319943
2943,143.9269087984597
2944,144.85048513326115
2945,145.5033875135523
2946,145.88254274904216
2947,146.0980840724741
2948,145.97060699102585
2949,145.67605320367932
2950,145.09067740745516
2951,144.00460048381632
2952,142.47680961991628
2953,140.36893234181076
2954,137.3650556093147
2955,133.85810023032593
2956,129.9398040827059
2957,125.93721966736503
2958,122.19054297124714
2959,118.57402977520184
2960,115.47408067981499
2961,112.58299538939464
2962,110.18466698505033
2963,108.02157546094199
2964,106.13968583496775
2965,104.46610109300138
2966,102.85174982657972
2967,101.52058987397503
2968,100.10753948814576
2969,98.78228884673683
2970,97.6153555022598
2971,96.67628105938758
2972,95.76699675967342
2973,95.03498413441417
2974,94.55367946365921
2975,94.76434049622769
2976,95.30026688703069
2977,95.79212293237566
2978,96.35364967239406
2979,97.23598208862742
2980,98.1744942047053
2981,98.7329370869056
2982,98.62615873161108
2983,97.86608265217781
2984,96.91130193999895
2985,95.41738256446419
2986,93.80006246995285
2987,92.54449384261719
2988,91.84974310534832
2989,91.83565329221331
2990,92.21818136070294
2991,93.21749191299796
2992,94.98115040807136
2993,97.04410440414716
2994,98.95430409449136
2995,100.54257513996367
2996,101.94076369484053
2997,103.21504309529635
2998,104.29283598275308
2999,105.2028533100974
3000,106.10792321448292
3001,107.0651279734462
3002,108.27821719199927
3003,110.0014123583509
3004,112.14903543049117
3005,114.42612595902105
3006,117.07895634225895
3007,119.7769565497857
3008,122.41693378146299
3009,124.93130517634287
3010,127.07120583790129
3011,128.74410973050723
3012,130.04519940702102
3013,130.76735903853395
3014,131.10636560826495
3015,130.93140051095375
3016,130.26023994800963
3017,129.3916793091515
3018,128.6568796517238
3019,128.31230527593664
3020,128.34407327799113
3021,128.37171143977852
3022,129.00873091635458
3023,130.41304560785866
3024,132.55236375178833
3025,135.06810712575424
3026,137.81677229997285
3027,140.63673471168573
3028,143.27602380897704
3029,145.51231798515562
3030,147.02801618009227
3031,147.849781180049
3032,147.7290723531628
3033,146.57231299888213
3034,144.7975615135575
3035,142.31674412148843
3036,139.46724644003348
3037,136.4474830727899
3038,133.01518587845823
3039,129.3119084003972
3040,125.52918690951469
3041,122.14240006322333
3042,119.02086087800927
3043,115.88671255659634
3044,112.9781359220874
3045,110.10691938352386
3046,107.44028988695172
3047,104.81849781195893
3048,102.33042998676608
3049,100.02166166648101
3050,98.21865344766431
3051,96.85604080538486
3052,95.96601136906446
3053,95.47631598373871
3054,95.42227854267372
3055,95.49777503934672
3056,95.58644343475643
3057,95.46667272029464
3058,95.46936003505192
3059,95.52795185579532
3060,95.7187293326387
3061,96.03478264342093
3062,95.96317676692215
3063,95.85317501548572
3064,95.75253041553634
3065,95.88297034337567
3066,95.92291032618209
3067,95.77037635140321
3068,95.69900462202234
3069,95.76776230631208
3070,95.9284520414333
3071,96.19869445983575
3072,96.31495989042162
3073,96.43668329417594
3074,96.5655597227529
3075,96.79146503540123
3076,96.50262231369163
3077,96.13138256224522
3078,95.80840397848684
3079,95.19801754424962
3080,94.37694589308845
3081,93.55098260042763
3082,92.83343157906464
3083,91.86235599212563
3084,90.91588681485878
3085,89.70407988154116
3086,88.48777195436057
3087,87.28125875180389
3088,86.11542769327377
3089,84.82487267786144
3090,83.64333438168484
3091,82.72497266261908
3092,82.29352478989361
3093,82.36117462403357
3094,83.0980574877263
3095,84.56814346621152
3096,87.08420153214666
3097,90.65955823243954
3098,95.2049717590347
3099,100.20372861147108
3100,105.69399581342716
3101,111.29036331421446
3102,116.7964322241125
3103,121.47912944333419
3104,126.15092143759364
3105,131.0103882716465
3106,135.69386441529713
3107,140.1738582452664
3108,144.0469803493255
3109,147.56041045652347
3110,150.5074494039572
3111,152.5611307320767
3112,153.6263854770596
3113,153.47306511210633
3114,152.0061366257665
3115,149.1541217371145
3116,144.97251786305364
3117,139.27898309554965
3118,133.01649758858483
3119,126.81061923849919
3120,120.86230460329074
3121,115.69641349357505
3122,111.51852828644708
3123,108.67068179988675
3124,107.00827609417065
3125,106.01541962416945
3126,105.48244197123665
3127,105.10032548452847
3128,104.81345656463584
3129,104.46142472104714
3130,103.89249647515028
3131,103.35173393246029
3132,102.40882944178287
3133,101.32485192676165
3134,100.14808288298394
3135,99.12429381489733
3136,98.0260783370348
3137,96.58212166600501
3138,94.76047061662177
3139,92.42629530337331
3140,89.58228276248244
3141,85.82663119288236
3142,81.5655016785886
3143,77.16741700812405
3144,72.68230118439453
3145,68.13670221041832
3146,63.93535338489272
3147,60.03242835999983
3148,56.38366527262711
3149,53.057841334454764
3150,50.30363962374693
3151,47.85857296057074
3152,45.610503661919125
3153,43.57494698805752
3154,42.22259904241824
3155,41.35112490466119
3156,40.99204486159189
3157,40.992876626103865
3158,41.137670472470944
3159,41.25060577941397
3160,41.08666389370859
3161,41.00132189281834
3162,41.04421957677177
3163,41.1436089612186
3164,41.038927726874526
3165,41.17140485788754
3166,41.35428569073517
3167,41.74424588333338
3168,42.21052998493061
3169,42.87979941061991
3170,43.755327620064904
3171,44.88885848539745
3172,46.38125257025874
3173,48.32677162042165
3174,50.75097781164274
3175,53.3874279340544
3176,56.49301453670637
3177,59.84823722475852
3178,62.96015938709887
3179,66.18429173889054
3180,69.35094439660595
3181,72.17019063285822
3182,75.19719038571716
3183,77.8953071487406
3184,80.84178446731758
3185,83.73217719850194
3186,86.66194540693829
3187,89.83327399077017
3188,93.19350132666546
3189,96.50498250724603
3190,99.70991531460643
3191,102.31611432667367
3192,104.58350746717217
3193,106.66564610144533
3194,108.8559613422558
3195,110.66839216425001
3196,112.10500000298435
3197,113.05849575316844
3198,113.7026537895906
3199,113.69171452001493
3200,113.53745621053072
3201,113.46226053642789
3202,113.40606003457208
3203,112.82493055312655
3204,112.1944677916799
3205,111.81743783170691
3206,111.36547590136776
3207,110.91985284754703
3208,110.89680812089667
3209,111.52195537164772
3210,113.17591581822148
3211,114.629150450915
3212,115.80504654503588
3213,116.57280543680338
3214,116.59611143487666
3215,115.80443389672041
3216,114.82551278448493
3217,113.32399034913482
3218,111.86267765061639
3219,110.26541536046368
3220,108.94234453099975
3221,108.16353808245739
3222,108.82065898409367
3223,110.06523938782328
3224,112.17962974739791
3225,114.71036139806337
3226,117.68543147386549
3227,120.71377832485172
3228,123.79468296924452
3229,126.91811646691704
3230,130.09029569392655
3231,132.69844502486822
3232,134.65944616048264
3233,135.9588271725366
3234,136.35017753102332
3235,135.84903442954982
3236,134.78958080832385
3237,133.08891169631033
3238,130.80549389854895
3239,127.56524866486643
3240,123.76205214028376
3241,119.6024400892546
3242,114.96321084203191
3243,110.01621662959279
3244,105.017493457893
3245,99.85193676722402
3246,94.74382452366136
3247,89.48245257838809
3248,84.43562390222417
3249,80.04488295396155
3250,76.06118587794826
3251,72.16109536134641
3252,68.53869736147284
3253,65.44030357414617
3254,62.793656628902355
3255,60.41891725309387
3256,58.31620311655734
3257,55.988636267373494
3258,53.9162350087918
3259,52.11257560253909
3260,50.57427517238943
3261,49.57430215112977
3262,49.35202771682606
3263,50.248968675074245
3264,52.48215823130466
3265,56.05708008015384
3266,60.60243041465199
3267,65.84908488765976
3268,72.0962731204272
3269,79.11543761149328
3270,86.6093489630664
3271,94.43292868280307
3272,102.0652060740009
3273,109.60374234083037
3274,116.96187760526954
3275,124.05128728043857
3276,131.25734198517742
3277,138.28076190997342
3278,145.06843607632663
3279,151.5232906887743
3280,157.55296635975532
3281,163.09646041284512
3282,167.74433968417839
3283,171.5899006506255
3284,174.2842174491904
3285,175.7396382349964
3286,175.91141726736572
3287,174.8471861452873
3288,172.3624279519417
3289,168.8342090661962
3290,164.40317511131857
3291,159.53690510066411
3292,154.36847372829035
3293,148.9922538675374
3294,143.3922673244544
3295,137.7051463977874
3296,132.16545139462346
3297,127.15777085752708
3298,122.6518452986861
3299,118.44101036694174
3300,114.92202879688584
3301,111.85104549811787
3302,109.30290199962752
3303,107.10419911140255
3304,105.25187341335334
3305,103.78696785898617
3306,102.51250002668672
3307,101.67041483715134
3308,100.79743842141716
3309,100.2809375533203
3310,99.97603394749979
3311,99.86502018597106
3312,99.9296669385659
3313,100.35021008641337
3314,101.0778058509328
3315,102.41357812467194
3316,104.25297163952999
3317,106.16988409149735
3318,108.36064630280777
3319,110.98348383849023
3320,113.97019393405729
3321,117.19203939453891
3322,120.54409904069786
3323,123.86007245587373
3324,127.49799756631026
3325,131.00843947861068
3326,134.2005952041672
3327,137.3936682187516
3328,140.23846522519432
3329,143.05250224850607
3330,146.1977716713464
3331,149.4135058173315
3332,152.93967107095034
3333,156.54230392277336
3334,160.15400119557432
3335,163.9927871859847
3336,167.60028955077343
3337,170.96224954697163
3338,173.5619880213731
3339,175.5598290447116
3340,176.7239184056758
3341,176.82913320752772
3342,175.53547583362277
3343,172.59035172436444
3344,168.14429097432054
3345,162.3591273046115
3346,156.19189889232564
3347,149.45249692484543
3348,142.43565120347313
3349,135.88113249467642
3350,129.68965969104374
3351,123.90368575826437
3352,117.79581824035208
3353,110.8526892090671
3354,103.99756426139288
3355,96.85161928218784
3356,89.62998014612242
3357,83.00079192934928
3358,77.24922757925575
3359,72.59755351510225
3360,68.66005659502606
3361,66.32281881021609
3362,65.38616024262609
3363,64.57126728882278
3364,64.03991537912077
3365,63.99849550372292
3366,64.06691708396676
3367,64.03416960706559
3368,64.20672764166454
3369,64.52858721283287
3370,65.08707235350956
3371,66.3170953761352
3372,67.79159265516041
3373,69.3387755126524
3374,71.87977220163202
3375,74.58670579481952
3376,78.30505832798926
3377,82.26831375422982
3378,86.47801874238833
3379,90.68850996458954
3380,93.68436048778582
3381,95.33101097365483
3382,95.32034617993301
3383,93.59743409093927
3384,91.35801157949251
3385,88.31668305613586
3386,85.68728739452928
3387,83.91077625322653
3388,83.17490723892344
3389,83.67978618233664
3390,85.30679867610954
3391,87.76635249116252
3392,91.0082277006649
3393,94.36192537635074
3394,97.80718925452872
3395,100.77906184515679
3396,102.8565539873573
3397,103.92495288963553
3398,104.07905783214483
3399,103.51039820253811
3400,102.75262173428177
3401,101.82108930695492
3402,100.80892343391429
3403,99.6510654339354
3404,98.33926305745155
3405,96.58704284146393
3406,94.27563741173674
3407,91.54823748408616
3408,88.37435780801249
3409,84.99923084438996
3410,81.65208124884437
3411,78.40194642442603
3412,75.01903580936857
3413,71.71714591268325
3414,68.2419909300738
3415,64.79017869961753
3416,61.09096767724388
3417,57.29024195842331
3418,53.599865610296916
3419,49.84313092906362
3420,46.57477175639064
3421,43.365051403594975
3422,40.439498505639634
3423,37.38836033055276
3424,34.38724869626243
3425,31.921558174395912
3426,30.26367173034892
3427,29.079704740029303
3428,28.522119463069238
3429,28.916211278993238
3430,30.3366906732993
3431,32.33257293901691
3432,34.637728356263516
3433,37.16707762259442
3434,39.804472613313735
3435,42.67170772404668
3436,45.56229360100297
3437,48.56485026428882
3438,51.66513056735175
3439,54.770391672681086
3440,58.140733569518474
3441,61.81690262586284
3442,65.24012553044668
3443,68.49046042725709
3444,71.58378374093569
3445,74.83111327632614
3446,78.04370167527878
3447,81.55432391625598
3448,85.53181258595838
3449,90.17840550951297
3450,95.22355597090589
3451,100.37968873429004
3452,105.1950016815683
3453,109.44311277213458
3454,112.63436446708985
3455,114.6153865521899
3456,115.0331157938177
3457,113.90682284312692
3458,111.32034199572666
3459,107.48149487604798
3460,102.37889934604115
3461,96.64233153099515
3462,90.55490185938785
3463,84.64297486645191
3464,78.89292867096621
3465,73.54619877523389
3466,68.62481330494253
3467,64.26539783321174
3468,59.966295363609575
3469,55.797851026187935
3470,51.74874758743283
3471,48.49318814258087
3472,45.696223543899556
3473,43.533602508809935
3474,42.280531866082214
3475,42.15328802794386
3476,42.73367518628177
3477,43.238612014035766
3478,44.37789299337777
3479,46.138315897271625
3480,48.62975048581481
3481,51.771915490476516
3482,55.4199458103451
3483,59.83401683786518
3484,64.70988265329262
3485,69.7786796186181
3486,75.07811065724431
3487,80.68962412186747
3488,86.35218603149282
3489,92.0502836910187
3490,97.56218453960167
3491,102.9909684487881
3492,107.94707442566755
3493,112.62784706895442
3494,116.42709997292971
3495,119.49343053820235
3496,121.63121572843656
3497,122.86154970140203
3498,123.28874959339237
3499,122.61033562060274
3500,120.71238854772842
3501,118.33318927514513
3502,115.3985363151591
3503,112.29853103703849
3504,109.13600909831779
3505,106.23934866097389
3506,103.64901645645998
3507,101.41623199612519
3508,99.5570810372323
3509,98.06901469326613
3510,97.28604144344703
3511,97.10989336431265
3512,97.50937153837407
3513,98.25648038544074
3514,98.75861330280941
3515,99.09956446742314
3516,99.35759811179148
3517,99.54890465979526
3518,99.83066087383561
3519,100.33553231727821
3520,100.95622265661412
3521,101.54690895270127
3522,101.66293688475123
3523,101.3923850591342
3524,100.23123455100584
3525,98.17500925181335
3526,94.91196953024686
3527,91.29738309385299
3528,87.2944152304518
3529,83.80446178701746
3530,80.88509298753465
3531,79.46695282292183
3532,79.43400934249665
3533,80.4165818125534
3534,81.27141986150278
3535,82.87114400710975
3536,85.02909883776171
3537,87.49976778008184
3538,90.91876128882106
3539,94.83735738753333
3540,98.54157321730165
3541,101.99743731289763
3542,105.12652756634458
3543,108.14870268843954
3544,111.31829390646763
3545,114.20382083051284
3546,117.04965184616631
3547,119.92943164435317
3548,122.32735323515715
3549,124.50887036501499
3550,125.7821173483326
3551,125.77394438552747
3552,124.98351864971869
3553,123.0318659314812
3554,120.14503056892116
3555,116.69678734768316
3556,112.19976724121074
3557,107.08788215613774
3558,101.8664855409695
3559,96.18244228820944
3560,90.67170613042055
3561,85.54133778581433
3562,80.56956541221746
3563,75.92307372527479
3564,71.45221706959755
3565,66.93274595378733
3566,63.30998370891324
3567,60.037736271076966
3568,57.64997296525162
3569,56.26218015833722
3570,56.42873477095212
3571,58.027712828323914
3572,60.690623562085285
3573,64.4313844719965
3574,69.09244971486989
3575,73.9799213213467
3576,78.51934207483109
3577,82.67485536697896
3578,86.23335168985
3579,88.74368877748063
3580,90.05967508326783
3581,90.98554594808952
3582,91.79529791169041
3583,92.44239431229943
3584,92.68701271654584
3585,93.13508346650735
3586,94.14725224780791
3587,95.6074553509427
3588,97.28202546722022
3589,99.46912474746226
3590,102.29159301056927
3591,104.74714039947239
3592,107.75122078739818
3593,111.08892772041924
3594,114.44782128823444
3595,118.2512907596525
3596,122.29997543217753
3597,126.53604807283469
3598,130.50128244888367
3599,134.34081524780157
3600,137.61772276014705
3601,140.0141371425185
3602,141.46609560923417
3603,142.06397348940195
3604,141.74361058767462
3605,140.80776493339246
3606,139.37438745971343
3607,137.91801585800508
3608,136.64192181358874
3609,135.37936268199047
3610,134.05441202618414
3611,132.66774943664754
3612,130.81613899237217
3613,128.21337335511686
3614,124.9364756128029
3615,120.91705883099267
3616,115.85345936576346
3617,110.14643404926773
3618,103.99016773927278
3619,97.78490179073091
3620,91.51265842423184
3621,85.31259117788147
3622,79.53965475726187
3623,74.5432503025473
3624,70.36533178781832
3625,67.30490202232136
3626,65.84651263719792
3627,66.10621599237052
3628,68.04700630275835
3629,71.44181321615365
3630,76.51159962203585
3631,83.30522882598976
3632,91.25253766038588
3633,99.5020521789277
3634,107.7901821056133
3635,115.6669334819334
3636,122.79975956156055
3637,128.54249106952466
3638,133.04640052482037
3639,136.17686051041323
3640,138.0381611139781
3641,138.77656403805508
3642,138.6942323235885
3643,137.9309181980968
3644,137.0346160392703
3645,136.08611347518087
3646,135.1794010285677
3647,134.47239135701722
3648,133.85729294276825
3649,132.82155206223797
3650,131.54987905490117
3651,129.89041211562434
3652,128.1081505761681
3653,126.41048461577006
3654,124.74076191205825
3655,123.60852940367215
3656,122.7161371880199
3657,122.29132722443364
3658,122.57486611195662
3659,123.41869285618723
3660,124.61220501677016
3661,126.35397111974783
3662,128.43974344721715
3663,130.99738020618747
3664,133.8714821305596
3665,137.1784453776696
3666,141.1746296430282
3667,145.9682952718365
3668,151.1202574053184
3669,156.3069696228286
3670,161.41636984372508
3671,166.01186774001857
3672,169.8864709406888
3673,172.5915602981433
3674,174.14985893575042
3675,174.4765167207791
3676,173.80063293402105
3677,172.36357953357447
3678,170.41103373919282
3679,168.0470132755898
3680,165.19323113989233
3681,162.1024287212732
3682,159.14900501600033
3683,156.4232176874031
3684,153.97517215145962
3685,151.96302664970912
3686,150.38774093079178
3687,149.60070826858924
3688,149.47887756571538
3689,149.83729883435964
3690,150.70902798364
3691,152.1162650129591
3692,153.8570611048241
3693,155.84123421140475
3694,157.69897918628266
3695,159.26977666653718
3696,160.27570479608767
3697,160.8004806399024
3698,160.67326169514112
3699,159.72131559700443
3700,158.1279875291795
3701,156.2778645256146
3702,154.39140348208207
3703,152.74251386140259
3704,151.2622647534489
3705,149.97444802952924
3706,148.83073347879483
3707,147.53024155437328
3708,145.97946381813307
3709,144.7260253716483
3710,143.50510164408072
3711,141.79196706443003
3712,140.243222744358
3713,138.59255419310978
3714,137.5110668915765
3715,136.51665743790525
3716,135.42292927582986
3717,134.3340846988955
3718,133.49142207964644
3719,132.3277793733071
3720,131.08733752696708
3721,129.21080257914392
3722,126.69735916540468
3723,123.58111151006086
3724,119.97522151913373
3725,116.30263370843153
3726,112.33734823643658
3727,108.3254134773631
3728,104.85041774932395
3729,101.66515280492034
3730,98.87768609704976
3731,96.85267794563461
3732,95.44293600886331
3733,94.35753199863078
3734,93.2317811612321
3735,91.95416166991814
3736,90.49709384795307
3737,88.76493921933788
3738,86.44059607718626
3739,83.92396608947058
3740,81.46095258416611
3741,79.265135558223
3742,77.70554009952946
3743,76.98762628479774
3744,77.05144252056915
3745,77.41958770359409
3746,78.03941058077599
3747,78.56694583387797
3748,78.93015339442559
3749,78.96213062462714
3750,79.13007616565383
3751,79.20440046533395
3752,79.40354088519717
3753,79.16356605515196
3754,78.95070095392813
3755,78.94430102620758
3756,78.5721371041509
3757,77.4478227140414
3758,75.75174977326267
3759,73.9161727309996
3760,72.29662428893349
3761,70.82867096694397
3762,69.55155157681313
3763,68.38804284396618
3764,67.65868990516084
3765,67.5953149442102
3766,67.72812960935195
3767,67.70550433766164
3768,67.59741727239097
3769,67.89970084040962
3770,67.90723109332089
3771,68.34511467846596
3772,69.56661903988078
3773,71.59480188957055
3774,74.05350203264116
3775,77.1916460216252
3776,81.07251468454768
3777,85.11972233441213
3778,89.56845048466408
3779,93.64033026286056
3780,97.88765375097928
3781,101.76970138449286
3782,104.98158696202208
3783,107.73605109693791
3784,110.27156467894073
3785,112.42548524804022
3786,114.3405924441723
3787,116.14474336620972
3788,118.18165660488309
3789,120.18585450944015
3790,122.4315433662986
3791,125.19990275868025
3792,128.64992054394952
3793,132.24760342248112
3794,135.61411597298195
3795,138.77987055119297
3796,141.7264181910685
3797,143.51283514550437
3798,144.52782255914644
3799,144.2065024607561
3800,142.97418086522634
3801,140.92035274706282
3802,138.41021344720306
3803,135.3704063651944
3804,132.17535326956505
3805,129.115116192726
3806,126.32387803450402
3807,123.72816504976555
3808,121.6478739731961
3809,119.79208476850046
3810,117.9680061064442
3811,116.0472272996634
3812,113.95709463697213
3813,111.88771638082643
3814,109.83091077424685
3815,107.90441119888814
3816,106.0046496386535
3817,104.25952891039432
3818,102.59817939829333
3819,101.15280532276549
3820,99.9547481131502
3821,99.18307936959789
3822,99.04086576030227
3823,99.17226753978855
3824,99.14248711828805
3825,99.19910968380788
3826,99.20661665572088
3827,99.10268795433453
3828,98.69305330737552
3829,98.27389227421996
3830,97.71027142360461
3831,97.10591057490328
3832,96.19532301785303
3833,95.09380409427388
3834,94.02832781446774
3835,92.68831623283752
3836,91.55144524634605
3837,90.72733101158073
3838,89.86398122304314
3839,89.16240672131724
3840,88.47407460181344
3841,88.05299273759456
3842,88.45040142420174
3843,89.72475745650364
3844,92.00577090254299
3845,95.08996661035351
3846,98.81254125485864
3847,102.82873617909226
3848,107.03825890409261
3849,111.48314899015287
3850,116.07591695755787
3851,120.14727398326019
3852,123.70467873687383
3853,126.15781083856227
3854,127.57884021037754
3855,127.70240710109152
3856,126.62311120830344
3857,124.50677300782371
3858,121.27239422022484
3859,116.86855340601493
3860,111.92027782222492
3861,106.98816060603599
3862,102.25144302244236
3863,97.69810777040834
3864,94.0123392122153
3865,91.22822901427142
3866,89.21802457712745
3867,88.24277777811456
3868,87.99096671804233
3869,88.6206495040752
3870,89.91486523757037
3871,91.59021454596692
3872,93.67389494859958
3873,95.67477417859703
3874,97.69148553287944
3875,100.15610474929915
3876,102.30032346758429
3877,104.29220730186498
3878,106.3931481545932
3879,108.13062374695171
3880,109.7979144119283
3881,110.96013339969241
3882,111.58530840605447
3883,111.8574991732761
3884,112.35845531070319
3885,112.84468452824873
3886,113.56258799705975
3887,114.20102087412064
3888,115.03650083163426
3889,116.05772943225102
3890,117.15232055431625
3891,118.38025079525488
3892,119.31410047768046
3893,119.96190338487969
3894,120.33544435171177
3895,120.44267039571932
3896,120.41147632706219
3897,120.28903266150496
3898,120.35166622119421
3899,120.59984311006761
3900,120.83730109363026
3901,121.38238625434317
3902,122.21532179510584
3903,123.24272981669789
3904,124.40528645418648
3905,125.59010128456126
3906,126.79771274851842
3907,127.71448154357381
3908,128.35378394617968
3909,128.77059871633935
3910,129.07228234580455
3911,129.08758735243254
3912,128.85645243052022
3913,128.3123440920335
3914,127.67484115732094
3915,126.58789981864732
3916,125.35375249296159
3917,123.85345244461426
3918,122.11992690053926
3919,120.31720405221128
3920,118.16277640366556
3921,115.8608353161261
3922,113.6010429095963
3923,111.15917698603934
3924,108.88621689600947
3925,106.98967855685984
3926,105.68891272882018
3927,104.7166341667116
3928,104.3090818326965
3929,104.19250836337119
3930,104.81589022743967
3931,105.7590066062571
3932,106.95363058416366
3933,107.99295344494236
3934,108.68653095032954
3935,109.30808389569015
3936,109.84206374218877
3937,110.18728261647523
3938,110.05614313555529
3939,110.15497287160427
3940,110.41082727613463
3941,110.81952362513105
3942,111.32339134245453
3943,112.05655471307067
3944,113.03853952451034
3945,113.93589176435802
3946,114.24501538974894
3947,114.05732739057581
3948,113.43090623373922
3949,112.6387097185115
3950,111.55664184754485
3951,110.23414980652194
3952,108.90641493122331
3953,107.84076242742384
3954,107.02328881482035
3955,106.96559886047287
3956,107.56417847638917
3957,108.86097304545363
3958,110.2172920419811
3959,111.80758752476129
3960,113.59685043260268
3961,115.70176312929438
3962,117.94810846489918
3963,119.9540196023709
3964,121.80376281413116
3965,123.21404617842207
3966,124.0955053191334
3967,124.32872540754542
3968,123.73948991079004
3969,122.22024056182238
3970,119.78267124351272
3971,116.336348883115
3972,112.09438208796263
3973,106.92539443685558
3974,101.247672952752
3975,95.43881826141191
3976,89.25444990318073
3977,83.14959928132583
3978,77.65250901175445
3979,73.19743807046808
3980,69.51589626101524
3981,67.0556169333873
3982,65.87442470912268
3983,66.46551457658994
3984,67.63460931687365
3985,69.02424222738918
3986,70.99114914174191
3987,72.89319149456402
3988,74.66194356928726
3989,76.6028047797011
3990,78.29135403276115
3991,80.46201658727534
3992,83.27493691233337
3993,86.70357600077148
3994,90.43748118740596
3995,95.16453055685301
3996,100.37885477560954
3997,106.05669330409259
3998,111.94039327965811
3999,117.77791659077701
4000,123.32855071743725
4001,128.52253453580937
4002,132.9430646812758
4003,137.55289150014812
4004,141.9604201102743
4005,145.89429836074464
4006,149.6492572137367
4007,153.1603190916502
4008,156.24476646090818
4009,158.96057092267154
4010,161.41762582691732
4011,163.63432113715064
4012,165.50589268763213
4013,167.02457706685087
4014,168.4260806624147
4015,169.12214941292865
4016,169.43570100020855
4017,169.66944031973026
4018,169.75614789605322
4019,170.15417248754312
4020,170.67341472319976
4021,170.9473707710722
4022,170.8898683608303
4023,170.28069650055096
4024,169.56265742992656
4025,168.5676415834448
4026,166.85497808015805
4027,164.38984006398806
4028,161.44801202536985
4029,157.58470706419521
4030,153.01849620029026
4031,147.90232764779304
4032,142.4520894416172
4033,137.20999884262432
4034,132.36445918336995
4035,127.88994522531772
4036,123.74180036507391
4037,119.89158530608051
4038,116.47514244067915
4039,113.35811509767254
4040,111.08603205825835
4041,109.62605395859049
4042,109.00939826991169
4043,108.84657998098751
4044,109.0642185025828
4045,109.18579228174166
4046,109.27359840558562
4047,109.34998973332988
4048,109.23203089904797
4049,108.81037058635829
4050,107.50115069494458
4051,105.57550135507222
4052,102.9022175121259
4053,99.82428222064937
4054,96.03194524924476
4055,92.01831646299199
4056,88.47725399814482
4057,85.52714328756909
4058,83.27378553919644
4059,82.00489497136945
4060,81.49980187886601
4061,81.75987237169926
4062,82.52851833869667
4063,83.27355642904351
4064,84.25539698457368
4065,85.20317473789314
4066,85.91758874448075
4067,86.3785648505571
4068,86.22367491568
4069,85.59553384912228
4070,84.31583537228768
4071,82.79449512055211
4072,81.2451055966865
4073,79.76814352548547
4074,78.396863814537
4075,77.06059786933706
4076,75.83484575119911
4077,74.93980757470726
4078,74.15076420131372
4079,73.48592817020426
4080,72.75820572986089
4081,72.0171211469544
4082,71.13764064997066
4083,70.18367555895698
4084,68.96817330758711
4085,67.70524290056898
4086,66.33530229895395
4087,64.71780189957681
4088,63.15749888695822
4089,61.97251443465976
4090,61.12364684546955
4091,60.68120735747834
4092,60.649948442361705
4093,61.2525958774949
4094,62.265014988889206
4095,63.44841621938403
4096,64.46556297476076
4097,65.61580310493504
4098,66.56659802229233
4099,67.11998975037011
4100,67.26681243036332
4101,66.73302199244486
4102,65.67452296806009
4103,64.66678400130539
4104,63.79005110022878
4105,62.88325091513917
4106,62.24237113185664
4107,61.99036501876457
4108,61.9795475812196
4109,62.338277336895814
4110,63.0215277596256
4111,63.84725823963153
4112,64.83889204194126
4113,66.25688579082026
4114,68.1062800996344
4115,70.64337161059841
4116,73.71572116161266
4117,77.31855806141742
4118,81.56203998189767
4119,86.26690001037332
4120,91.22851463122146
4121,96.21779872801508
4122,101.01524515174867
4123,105.86810686759421
4124,110.82846916105552
4125,115.91758166814222
4126,120.85416148139055
4127,125.59443205176416
4128,130.13360874262327
4129,134.15920367742396
4130,137.5675352570989
4131,140.41519114468068
4132,142.5609883658054
4133,143.96306778918353
4134,144.71225947517016
4135,145.18187545803346
4136,145.27280632645028
4137,144.95490973377574
4138,144.3213522883724
4139,143.11427943644125
4140,141.2648891665322
4141,138.68977708145246
4142,135.73695840649825
4143,132.4147130915698
4144,128.91686029770136
4145,125.32761623431585
4146,121.87920053920267
4147,118.28407652283019
4148,114.63754275012016
4149,111.59373147081928
4150,108.98978928049533
4151,106.74737589409943
4152,105.24479746551212
4153,104.01020875430257
4154,103.46049462483043
4155,103.21117146224562
4156,103.08989843885206
4157,103.22802399779022
4158,103.19614009119377
4159,102.89040567310605
4160,102.38701582329635
4161,101.9490666539619
4162,101.16949904516161
4163,100.1905434588594
4164,99.45340982329165
4165,98.64754311811716
4166,97.92225631400927
4167,97.40724408471246
4168,97.18062989743834
4169,96.82083613910913
4170,96.12917812490988
4171,94.97628711919951
4172,93.86007891887132
4173,92.25230031226523
4174,90.36497161192209
4175,88.38968223664641
4176,86.61251888713852
4177,84.6768890067832
4178,82.56362715943774
4179,80.11047059940611
4180,77.58331470083405
4181,75.10458572096792
4182,72.56146967212497
4183,70.30818821439385
4184,68.6278712141302
4185,67.68482358774264
4186,67.583550183168
4187,68.02292065972209
4188,69.0322652700613
4189,70.83942698492288
4190,73.4919186974715
4191,76.89410760568313
4192,80.67597145408122
4193,84.7088407158511
4194,88.80236128091241
4195,92.67773968219748
4196,95.68590159648988
4197,97.97699488359923
4198,99.2701320620626
4199,99.2671998680968
4200,97.93995946498103
4201,96.15372040774623
4202,93.82657875805647
4203,91.4905451370683
4204,88.92843406969592
4205,87.02533247039938
4206,85.90428167170548
4207,85.4123530278973
4208,85.46663558189348
4209,86.12731313539237
4210,86.899071042917
4211,88.05302929002599
4212,89.21979879230187
4213,90.49161982150989
4214,91.8409444516646
4215,93.40164061553898
4216,95.16017713084372
4217,97.05760541093217
4218,98.70836801460912
4219,100.65404568017
4220,103.001504695346
4221,105.38384635044719
4222,107.70173302677586
4223,109.95619981265904
4224,112.32554719804065
4225,114.61279476450454
4226,116.59530855206843
4227,118.36819939437683
4228,119.92290968044355
4229,120.86553524317708
4230,121.50098333423855
4231,121.8633195342241
4232,121.90139436768226
4233,121.71215507686975
4234,121.12657545238599
4235,119.95142467300397
4236,118.14425421805025
4237,115.52549883323219
4238,111.93300348506978
4239,107.24945330331035
4240,101.78809517679211
4241,96.17839869623046
4242,90.54108946814128
4243,84.87046340334406
4244,79.80858316519793
4245,75.10199357593942
4246,71.00127206604779
4247,67.03343429109003
4248,63.284781573171685
4249,59.87666529476955
4250,57.08853248556288
4251,54.69448871205144
4252,53.30901050724441
4253,53.18707827926336
4254,54.93688362116333
4255,58.44641834607896
4256,63.497294909422436
4257,70.31805786729024
4258,78.89657731888859
4259,88.34579348681994
4260,97.49934159662796
4261,106.40186813660279
4262,115.02091708339182
4263,122.48544795555168
4264,128.90775409296367
4265,134.56595684680246
4266,139.69148929819596
4267,144.41811893641773
4268,148.6105976896214
4269,152.86050279012295
4270,157.024969757894
4271,160.86454771457912
4272,164.39856774947987
4273,167.87259515777637
4274,170.98558782733264
4275,173.6938914498466
4276,176.2145139895433
4277,178.31862892127228
4278,180.21347089205943
4279,182.0581484520944
4280,183.58203083204504
4281,184.4357486608471
4282,184.99164041551862
4283,184.86906457149922
4284,184.19577383462325
4285,183.00429681833353
4286,181.3095193597004
4287,179.25819129499263
4288,176.7885138204305
4289,174.07534644843508
4290,171.1320955223719
4291,167.84572040028308
4292,164.64258857827576
4293,161.4367620143721
4294,158.19230685779016
4295,155.2531968514392
4296,152.28799154541554
4297,149.41287452379572
4298,146.88867395135483
4299,144.18751990995244
4300,141.33961891408282
4301,138.081356645026
4302,134.2054151769873
4303,130.22746557808506
4304,125.95474376891747
4305,121.38249880176144
4306,116.71859687206353
4307,111.97543754815963
4308,107.32000741232014
4309,103.12740685064315
4310,99.53083042893827
4311,96.90617384138444
4312,95.50702544670219
4313,94.92425902842496
4314,95.28733272360213
4315,96.75107249930119
4316,99.18316847392279
4317,102.4223070118204
4318,105.94900112885148
4319,109.81784814920556
4320,114.01459906220462
4321,118.54191400394907
4322,123.60930622836503
4323,129.20716684131258
4324,135.2117311303084
4325,141.34207262193573
4326,147.1770143299566
4327,152.46762142993794
4328,157.07662103574052
4329,160.91418409318138
4330,163.92301697689584
4331,166.16413862393958
4332,168.11391445686766
4333,169.38870870304572
4334,170.18844647636533
4335,170.6040741310833
4336,170.87545962963407
4337,170.8264600616141
4338,170.8635323232851
4339,170.9519390935738
4340,170.8159630864243
4341,170.4639756606338
4342,169.9595645527449
4343,169.29330649124336
4344,168.7898867108771
4345,168.1606622003378
4346,167.26850075592304
4347,165.98392689714746
4348,164.02241717137662
4349,161.0584551253002
4350,156.92130401199802
4351,151.50903798440032
4352,144.94814192041434
4353,137.43088689968462
4354,129.65707091800687
4355,121.57944724582
4356,113.76392214366186
4357,106.70609814013889
4358,100.29182038467846
4359,94.60173879341349
4360,89.32274569195445
4361,84.28057047182159
4362,79.91951950234079
4363,75.85916162134635
4364,71.78543756528775
4365,67.85097582819381
4366,64.23844573639745
4367,61.021504848860644
4368,58.02326033118774
4369,55.21195439785786
4370,52.89981246178378
4371,51.18198173602811
4372,50.009090040176176
4373,49.22637377533254
4374,48.694545878849226
4375,48.10647817378842
4376,47.6262324024849
4377,47.217318807172276
4378,46.93125178309612
4379,46.52718267242337
4380,46.07752032374452
4381,45.719872598485566
4382,45.49603922497937
4383,45.383781927809956
4384,45.53374070608032
4385,46.02464029484216
4386,47.38325820296413
4387,49.556930307632484
4388,52.75111790838811
4389,55.530061121045506
4390,59.31113360231994
4391,63.865376780499176
4392,68.80809455835733
4393,74.04563509151315
4394,79.21365364165108
4395,84.40018320422877
4396,89.38930191978858
4397,93.91192385984452
4398,97.874022026327
4399,101.21091504351682
4400,104.41510069773308
4401,107.50541855008693
4402,110.42209506903521
4403,113.21674562745602
4404,115.6384984055766
4405,117.94855423768533
4406,119.96540685999454
4407,121.54121131937838
4408,122.72728058683374
4409,123.60916552143786
4410,124.27919645944445
4411,124.70922603955586
4412,124.60477913769087
4413,124.1585715260282
4414,123.59751392162462
4415,123.02120451626534
4416,122.22730268409634
4417,121.44627992710005
4418,120.75162902624218
4419,120.49928727276223
4420,120.47864658799682
4421,120.57008467159433
4422,120.73305654483332
4423,120.56527070241017
4424,119.47428288952793
4425,117.46698302907124
4426,114.34615742452057
4427,110.52672796355512
4428,105.84458650212153
4429,100.29068979739552
4430,94.53567715871091
4431,89.06451643799562
4432,83.93324218195072
4433,79.2833819271047
4434,74.61281440401845
4435,70.37153448019178
4436,66.62153255658188
4437,62.936273336708
4438,59.26608807957605
4439,55.3150239928455
4440,51.36508113684107
4441,47.75078222504406
4442,44.450372375670995
4443,41.633483640440666
4444,39.5325929690116
4445,38.59618782343183
4446,37.78151534677744
4447,38.14007206366173
4448,39.51363276927014
4449,41.92561956304934
4450,45.30187351333036
4451,49.450634599476636
4452,54.32386501823389
4453,59.418539443463914
4454,64.83329201132705
4455,70.22543752316632
4456,75.47324095267875
4457,80.52647785123364
4458,85.30894441515692
4459,89.78949765765421
4460,94.17938836469665
4461,98.10515172219347
4462,102.07927419754935
4463,106.03285769177631
4464,109.64972002954181
4465,112.87599528632714
4466,115.5118800266659
4467,118.09155851844736
4468,120.72200889047411
4469,122.85368340053478
4470,124.84937410119838
4471,126.525987081398
4472,128.2012648651261
4473,129.64703117889644
4474,130.83165228641755
4475,131.56562785710264
4476,132.4117130648252
4477,133.2683198007085
4478,133.90888747092012
4479,134.54432296428803
4480,135.2254684959576
4481,135.51236642563353
4482,135.54738014697887
4483,135.09058176176887
4484,134.20770919267753
4485,132.90943585903625
4486,131.64478049090846
4487,130.51762279816919
4488,129.64459260157426
4489,129.18057687601652
4490,129.1644254725568
4491,129.6771165711942
4492,130.3841849107805
4493,130.81787502246624
4494,130.8133371238277
4495,130.8720045085474
4496,130.41776529241852
4497,129.9857579299207
4498,129.88946242641975
4499,129.82686929617435
4500,129.71090041812687
4501,129.06149111710192
4502,127.73246878488001
4503,126.57621935584694
4504,125.27844740430979
4505,123.7172906864958
4506,121.98710612629246
4507,120.4722358896193
4508,119.46802897707475
4509,119.06132111800022
4510,119.03041699412307
4511,119.6658887020393
4512,120.40840378597812
4513,121.16826288053292
4514,121.38238581838988
4515,121.32968989201271
4516,121.30461295544875
4517,120.94932687792829
4518,120.244338680115
4519,119.73196197992246
4520,119.37634351627227
4521,119.05988086710497
4522,118.36861701985873
4523,117.40764751775802
4524,116.52285072753969
4525,115.92029190378256
4526,115.64846973800104
4527,115.70309514833113
4528,115.87011583551126
4529,115.71550434533981
4530,115.25851719273456
4531,114.59566575572003
4532,113.6516584296829
4533,112.42576757338563
4534,110.93598921794086
4535,109.25701525211713
4536,107.39508391421012
4537,105.54098330229958
4538,103.52601344546281
4539,101.45624914973118
4540,99.20311487851902
4541,96.84433910088126
4542,94.69350007252125
4543,92.53574303602517
4544,90.3363558083543
4545,88.06379743832876
4546,85.57285752944838
4547,83.33263729521093
4548,81.26950215533357
4549,79.5992777413077
4550,78.56471039409962
4551,78.337471254654
4552,78.62659180872774
4553,79.16467661505138
4554,79.78167881126097
4555,80.56422900497765
4556,81.29345819856383
4557,82.11383660168417
4558,83.036999051247
4559,84.41858245290868
4560,85.62056001235433
4561,86.61425234598903
4562,88.05104507418037
4563,89.61694659004667
4564,91.2244949622541
4565,92.99372135956176
4566,94.98843867597287
4567,97.46916685409425
4568,99.92049790657
4569,102.385867578438
4570,104.93697233839913
4571,107.11818592967427
4572,109.22705846714453
4573,111.13166096347354
4574,112.92331246374883
4575,114.49983426783389
4576,115.65789605462825
4577,116.66889437386331
4578,117.9585471004079
4579,119.20813539215625
4580,120.4476463729128
4581,121.66431352233849
4582,122.8994648491671
4583,124.09930632139516
4584,125.20309685790272
4585,126.4722825117999
4586,127.9181659344238
4587,129.10623348268882
4588,129.76289219540405
4589,130.04430784565233
4590,130.39154103845175
4591,130.2843015249147
4592,129.93445350925307
4593,129.41481556776762
4594,128.89922500562233
4595,128.4318770574323
4596,128.09118444607978
4597,128.10319735391457
4598,128.38517870798
4599,128.8012128299793
4600,129.30938190886886
4601,129.7175203826119
4602,130.26315695060353
4603,130.8515937484581
4604,131.4562827712359
4605,132.0436131162504
4606,132.8689512599748
4607,134.10469432308008
4608,135.4846176869931
4609,137.0368083578462
4610,138.86896349372057
4611,140.70165004402054
4612,142.33615674646882
4613,143.7297915520399
4614,144.72334503965595
4615,145.43568187768082
4616,145.6834431303696
4617,145.8989954202088
4618,145.5149878062553
4619,144.67013273772534
4620,143.67312771987542
4621,142.565827056079
4622,141.31676789942549
4623,139.75796987916638
4624,137.81605394924307
4625,135.7849772672436
4626,133.71293292828005
4627,131.9634446766687
4628,130.5490898181162
4629,129.33414468593276
4630,128.32680320616606
4631,127.715750797039
4632,127.62124531424716
4633,127.75995112820675
4634,128.21746274580607
4635,128.80439815655112
4636,129.5702337100853
4637,130.48834275165748
4638,131.27616863280545
4639,132.13432955772535
4640,132.89424974696476
4641,133.41000942258432
4642,133.813068843993
4643,134.1674550621933
4644,134.46243202583904
4645,134.24035437940216
4646,133.61225610711205
4647,132.77813011536472
4648,131.9757945971964
4649,130.98270444077792
4650,129.74241757745966
4651,128.3259607790837
4652,126.77797304010606
4653,125.00504096226484
4654,122.82411055068181
4655,120.4855189144931
4656,117.49467348705208
4657,114.19585026800073
4658,111.04679208318669
4659,107.57369688473038
4660,103.60719444089264
4661,99.4057871087811
4662,95.43566003778066
4663,92.16252660490352
4664,88.9084507525896
4665,85.76766013734039
4666,83.04647377203578
4667,81.06224791652022
4668,79.5191539902947
4669,79.16357748089175
4670,80.11700088344594
4671,82.24053596795217
4672,85.10794028555812
4673,88.71180157023414
4674,91.84716088790229
4675,95.84536830674057
4676,99.98502793286511
4677,103.67456416863371
4678,106.69784629420786
4679,108.88391604874371
4680,110.36757187186102
4681,110.5198536968178
4682,109.15249596745653
4683,107.29033792235177
4684,104.85199543501895
4685,102.23281709377724
4686,99.89182589618052
4687,97.25327611318886
4688,94.86784218673785
4689,92.86635190986385
4690,91.36595038109789
4691,90.26985691306547
4692,89.21623195468035
4693,89.0675636164993
4694,89.71595681606695
4695,90.51487387874732
4696,91.36363190777718
4697,92.42801545257481
4698,93.84164359655753
4699,95.04141096524333
4700,96.08332491448193
4701,96.80496006578167
4702,97.68575387681949
4703,98.388207796249
4704,99.62827677787904
4705,101.24085099236714
4706,103.12236823683514
4707,104.87969617927222
4708,106.35119730694804
4709,107.1015246263012
4710,107.30045284817051
4711,106.59152614991581
4712,105.06279352813353
4713,102.66031552547307
4714,99.86479539078803
4715,96.69360235599606
4716,93.54856957078772
4717,90.7369687919829
4718,88.63345682291474
4719,87.29040515211861
4720,86.72761556984909
4721,86.80188830852556
4722,87.16586364605348
4723,87.85618586833525
4724,88.48308799778061
4725,89.16154693156375
4726,89.82578675171514
4727,90.72472882602078
4728,91.63749219807067
4729,92.79589919712751
4730,94.2466258719187
4731,95.50875807898703
4732,97.0555911031488
4733,98.86570564180667
4734,101.04179894096501
4735,103.45941858370368
4736,106.2984789149173
4737,109.24276368886848
4738,112.29549401393676
4739,115.44470788802509
4740,118.5652396462631
4741,121.68745224325289
4742,124.78924566221102
4743,127.46495524283749
4744,129.8386261139065
4745,131.88737786860753
4746,133.68608639892562
4747,135.24431336125417
4748,136.505120081156
4749,137.4987573855561
4750,138.3906746759908
4751,139.4004914292285
4752,140.5023449976582
4753,141.77761445533136
4754,143.289279689769
4755,145.10923740046576
4756,146.97122383046604
4757,148.7123148413187
4758,150.34090415314768
4759,152.12317104346286
4760,153.9907114244852
4761,156.1785528831475
4762,158.51691146735976
4763,160.915743185263
4764,163.42898465015963
4765,166.05082602808216
4766,168.57778083055376
4767,170.96562692688514
4768,173.22637580212216
4769,175.2308758899768
4770,176.942253627436
4771,178.45089868746638
4772,179.52375350253195
4773,180.47772149675154
4774,181.03885813934676
4775,181.45019228412332
4776,181.58434013882342
4777,181.43659059963608
4778,180.7899004668338
4779,179.49202023709125
4780,177.79495898067523
4781,175.60255196758845
4782,173.12020516403624
4783,170.35961558387336
4784,167.50175590611212
4785,164.51424945016922
4786,161.420432153296
4787,158.281400611248
4788,155.5504431696662
4789,153.12378289509627
4790,150.7335907292952
4791,148.08958703854177
4792,145.216159662665
4793,142.37855129494045
4794,139.73132624992155
4795,137.15774141504113
4796,134.77905185034427
4797,132.64366894023362
4798,130.7740963069287
4799,129.2602983937682
4800,127.73074666602412
4801,126.09394899368354
4802,124.23862503177862
4803,122.00986103774775
4804,119.61494287956583
4805,116.87524045537509
4806,113.95606875070911
4807,111.06534944980606
4808,108.08525596606
4809,105.15905525178681
4810,102.13197645970695
4811,98.94425608770247
4812,96.00523446969987
4813,93.74039904169811
4814,92.26510435284251
4815,91.83249354132363
4816,91.87880950864266
4817,92.53252970194934
4818,93.8652430682094
4819,95.6607898143191
4820,97.50236283997293
4821,99.40070197874171
4822,101.27778603848074
4823,103.29039593675023
4824,105.22986910531455
4825,107.18795357177359
4826,109.43588069451232
4827,111.91699187271462
4828,114.33878179097655
4829,117.10855383544978
4830,120.14540965662349
4831,123.1754611623879
4832,126.16766657898233
4833,129.41239255241015
4834,132.5728666386886
4835,135.8244140908161
4836,138.73738878900116
4837,141.17763099794678
4838,143.38780251340387
4839,145.2437715244166
4840,146.8783887815801
4841,148.5601387543859
4842,150.0570777031453
4843,151.3048522260877
4844,152.24227561036417
4845,153.05783395468467
4846,153.2612719846116
4847,153.38479248853992
4848,152.9661498307147
4849,152.35981951332727
4850,151.42419651947773
4851,150.7737594178979
4852,149.76275208219954
4853,148.62419498063366
4854,147.08254010296923
4855,145.39834874842148
4856,143.40906494173493
4857,141.28223575545292
4858,138.89102277337813
4859,136.77447841708806
4860,134.4985618610216
4861,132.08347090159944
4862,129.40160343643322
4863,126.74140787391104
4864,123.51356312877695
4865,120.22035274797108
4866,116.70709912949071
4867,113.24651109832546
4868,110.35810246738818
4869,107.57008326717184
4870,104.67210735348037
4871,101.81817285539827
4872,99.00975866016276
4873,96.41899893797395
4874,93.84348075310267
4875,91.59400736985489
4876,89.94292428503532
4877,88.44404773949762
4878,87.15462018867493
4879,86.25729887152832
4880,85.46999862777784
4881,84.67931991523412
4882,83.50465493056302
4883,82.07435390438279
4884,80.46822402407702
4885,78.88957730800374
4886,77.07909024103321
4887,74.99413450174805
4888,72.9026281392112
4889,71.10841026750998
4890,69.45717514314279
4891,68.16906784337026
4892,67.21591442976215
4893,66.84667328053926
4894,66.72246435354319
4895,67.09370461249438
4896,67.69263080226835
4897,68.38756015659611
4898,69.5937077142662
4899,71.13959541910103
4900,73.06691488096024
4901,74.8666298724101
4902,76.43238191497147
4903,78.30548705379508
4904,80.5170351244075
4905,82.55011093543368
4906,84.25978608401769
4907,85.78175280933995
4908,87.52097680832597
4909,89.06892948240974
4910,90.77708837468533
4911,92.64821885161403
4912,94.6777592789739
4913,97.02148909418085
4914,99.49764921558096
4915,102.24910889642243
4916,104.97945699881024
4917,107.52392343194738
4918,110.10924966036725
4919,112.12782314421966
4920,113.29607839534685
4921,113.84008138140254
4922,113.59265530054708
4923,112.86863280543092
4924,111.7858935235822
4925,110.65986251623534
4926,109.70214820213226
4927,108.83603734542265
4928,108.10716505043078
4929,107.64933797183525
4930,106.8272781926426
4931,106.00884169357661
4932,104.85154008011736
4933,103.41675837628418
4934,101.61779673132996
4935,99.38162361804815
4936,97.08684198451283
4937,94.85487238178355
4938,92.54063157648113
4939,90.2990764550644
4940,88.02276645479961
4941,85.56978676217867
4942,83.17258602041557
4943,81.0801936279722
4944,79.1308736175369
4945,77.44931131505874
4946,76.10717606138222
4947,75.5897223446473
4948,75.65893397121036
4949,76.35864360665917
4950,78.0097056791444
4951,80.33877136199413
4952,83.1714456261092
4953,86.43429530933737
4954,89.89997079252694
4955,93.17941443669628
4956,96.58564055132823
4957,100.02920088038167
4958,103.06324345421105
4959,105.70286049344261
4960,108.61945263633189
4961,111.60485289338781
4962,114.44582989558734
4963,116.99210349025203
4964,118.89296373247876
4965,120.08594602249639
4966,120.69772210925652
4967,120.62848706418006
4968,120.36302443887027
4969,119.62313561381129
4970,118.61604975898001
4971,117.22510219297429
4972,115.78535156792225
4973,113.73990617404459
4974,111.61825525308636
4975,109.24574901920931
4976,107.258571313861
4977,105.54449682455383
4978,103.97787458489509
4979,102.51933663158778
4980,101.55540082136051
4981,101.01482657599891
4982,100.77932230354617
4983,100.49093555402473
4984,100.43808467128083
4985,100.83566218566307
4986,101.21709543266664
4987,101.66802232753865
4988,102.04097354227517
4989,102.66465579154489
4990,103.52692053684034
4991,104.1093867825889
4992,104.188264597323
4993,104.06727326587168
4994,103.65239842453354
4995,102.87405142179492
4996,101.54594310064545
4997,99.7130174754551
4998,97.44314893431294
4999,94.90637837415181
