,0
0,5.768530127249676
1,10.752005688183651
2,14.931585893408133
3,18.465539248549536
4,21.62159522359459
5,24.455578273895355
6,27.075936654143362
7,29.563769373592024
8,32.0810477841455
9,34.46420192721733
10,36.66355633935699
11,38.86848548314879
12,41.03441668472606
13,43.25388474359946
14,45.340215765224045
15,47.280107835120646
16,48.90913972009932
17,50.28085329843332
18,51.277659788003476
19,52.02759179414564
20,52.57808963220038
21,52.97489981114202
22,53.02559449900876
23,52.59920371435763
24,51.581100222863746
25,50.20452140691754
26,48.534926780106666
27,46.90725180158901
28,45.210789796159915
29,43.41906039127829
30,41.55797148805631
31,39.643644299953614
32,37.818022633407836
33,36.13550732102174
34,34.58948713455216
35,33.433074141408156
36,32.700174123557254
37,32.15993293506861
38,31.673386090078985
39,30.971667786983765
40,29.86554976832919
41,28.418470582966094
42,26.726738592558426
43,24.995509978968272
44,23.691901520366628
45,23.1267571379377
46,23.558465004575957
47,24.79119907378194
48,26.733240254879004
49,29.17316727175335
50,32.032904278423736
51,34.69609295975713
52,37.032349373824
53,39.01506347767339
54,40.740422759499126
55,42.2779884874278
56,43.421540011727586
57,44.4164298378684
58,44.68759315561548
59,44.5941709641357
60,44.378550627350734
61,44.04057915414979
62,43.691929057656886
63,42.94661227722289
64,41.86112733642656
65,40.48746021140265
66,39.071741140489316
67,37.452568266251774
68,36.03577660002311
69,34.94833222812234
70,33.94851037168429
71,32.8729507204125
72,31.729444923513615
73,30.424219694895594
74,29.203047793882718
75,28.33047162258098
76,27.57804701762521
77,26.773630639899736
78,26.130909686858814
79,25.772118329128716
80,25.823059786381425
81,26.35826426264361
82,27.138751311774485
83,27.615971027326523
84,27.96071583673681
85,27.99445087704247
86,27.740259252926634
87,27.42617252484611
88,26.884129166487096
89,26.46363674815156
90,26.319537496417095
91,26.362574237799766
92,26.63555943982428
93,27.036141119496193
94,27.324128129803942
95,27.49532606031863
96,27.60341455152454
97,27.446416382448643
98,27.253412060538245
99,27.05660630484138
100,27.24292450401271
101,27.30468339919306
102,27.14565849210646
103,26.634814508409207
104,25.7926691881392
105,24.639490767838083
106,23.208091459780785
107,21.624632313751604
108,20.241435730488664
109,19.288230893161142
110,18.77594136837265
111,18.784368013472324
112,19.370842449528407
113,20.391316461064307
114,21.279128851100538
115,22.312953233723437
116,23.349958814179622
117,24.438187232662507
118,25.527799827094835
119,26.919715256466475
120,28.405525802556387
121,29.767180342687166
122,30.795061530724098
123,31.467502231880225
124,31.63393383489506
125,31.294080748336953
126,30.567033232580492
127,29.676111338418625
128,28.963928331092546
129,28.46955208947861
130,28.197977741905767
131,28.001476907837272
132,28.022467546672097
133,28.223547730926448
134,28.504670491966678
135,28.64167825786664
136,28.560228037878193
137,28.24507401163762
138,27.881511683306154
139,27.438103747178364
140,27.020018865784323
141,26.747393973513603
142,26.719622795190258
143,26.822859797591942
144,26.994158400010853
145,26.923994596460584
146,26.79366010423331
147,26.671935411124498
148,26.796936830867818
149,27.376081142247507
150,28.22605687030549
151,29.358228386910813
152,30.651351681347293
153,31.968329145707514
154,33.02393834825334
155,33.72526222227311
156,34.39361632960752
157,35.00608375359741
158,35.615598816358585
159,36.41406362750237
160,37.40654051580018
161,38.609156125288926
162,39.98720617116026
163,41.50564521961384
164,43.19328316749314
165,44.92794211016962
166,46.47457405067132
167,47.848038340040134
168,49.03224441213195
169,50.11271480246494
170,51.13222430502886
171,52.01919757225947
172,52.805271105913945
173,53.23455759137367
174,53.568997276662834
175,53.85524528694915
176,54.137680825629445
177,54.3348368714135
178,54.50768643678518
179,54.56133227814651
180,54.7069553460104
181,54.95680129621931
182,55.2603794549537
183,55.49089801990851
184,55.645325657376894
185,55.589269053686124
186,55.14197362028055
187,54.247546161428254
188,53.17354596752599
189,52.135429500295714
190,50.93467459734149
191,49.52654000537411
192,47.97597819848131
193,46.47259036137063
194,45.07125737496495
195,43.718398661483
196,42.328956222990826
197,40.908730180813606
198,39.354793761996824
199,37.71099484958624
200,35.95294419884245
201,34.31791673709957
202,32.952271978574686
203,31.83071035511696
204,30.980824743422346
205,30.287327383790327
206,29.57691254571
207,28.763751143233726
208,27.865190239458666
209,26.97398287715916
210,26.16549991371242
211,25.54798866277409
212,25.09150411240924
213,24.644806884797912
214,24.02513052147363
215,23.43986272876825
216,23.065630456263385
217,22.927679364535496
218,23.032387243012483
219,23.390241864665697
220,23.975554139223338
221,24.73734770911124
222,25.42122494573707
223,26.06711691317049
224,26.5908907807645
225,27.025106204626123
226,27.38197674154387
227,27.588684114202135
228,27.768519528414824
229,27.93648530467555
230,28.081195641938308
231,28.317923572394534
232,28.714387221298605
233,29.221628094120724
234,29.672606458921997
235,30.04434570255506
236,30.214025469788407
237,30.44719561128377
238,30.717512696030916
239,30.912495599957424
240,31.11599797858181
241,31.528389062119796
242,32.179610223738145
243,33.05008746828854
244,34.036294820686784
245,34.92262604275751
246,35.74004283230593
247,36.346226623081144
248,36.964149665251824
249,37.70987550746977
250,38.52245868316666
251,39.42684639982816
252,40.33429051263671
253,41.15801261047104
254,41.892452046609776
255,42.49249673528423
256,43.10112478477014
257,43.988529658259026
258,45.01757635744508
259,46.03662416121929
260,46.93872104754261
261,47.793665800379095
262,48.63960345276898
263,49.619120024146895
264,50.716812825474676
265,51.71174716176989
266,52.62021524834144
267,53.30113099549165
268,53.87049309433655
269,54.47812699427834
270,55.21103207857178
271,55.82943665055859
272,56.232977916108524
273,55.79422952240377
274,54.53601159982681
275,52.30786406684664
276,49.37481772521837
277,45.67119513373942
278,41.83361035405956
279,38.7111800106848
280,36.52353212581773
281,35.171093874747456
282,34.50553146387241
283,34.01594743868274
284,33.43646470635741
285,32.93231472923438
286,32.35451915538168
287,31.561100741830217
288,30.78462324685912
289,29.780404598138514
290,28.931157864139777
291,28.308630278256125
292,28.1766472459797
293,28.3689064223896
294,28.682555966670474
295,29.000055616239912
296,29.42299927915583
297,30.11245839659425
298,31.084762183789646
299,32.16562602835914
300,33.094827000978704
301,33.858829107505656
302,34.4939879183849
303,34.77475342044284
304,34.85899079242839
305,34.969820048248934
306,34.90940794189721
307,34.65904163880572
308,34.41102728347891
309,34.33358481449435
310,34.231217247247926
311,34.28429542633885
312,34.46947626498241
313,34.89472676896235
314,35.345825170849984
315,35.981465658451896
316,36.650389706743525
317,37.43218148539656
318,38.18402016190384
319,38.77924887086135
320,39.41881013167415
321,40.04428102528981
322,40.86889122354444
323,41.56737218531914
324,41.69354793279251
325,41.24375259573924
326,40.37742803566
327,39.19831920487444
328,37.88751646080659
329,36.591080430814316
330,35.43437338110536
331,34.46868080198235
332,33.67016081699153
333,33.02461474545322
334,32.51219620206153
335,32.02908998197204
336,31.369262051410516
337,30.811381583008366
338,30.418757169922912
339,30.225438863293235
340,30.439026499928598
341,30.85691845057183
342,31.220484447631442
343,31.679609699506187
344,32.317698786202484
345,33.01713930254964
346,33.953700254703286
347,35.05558884316828
348,36.37105097939
349,37.64366376175908
350,38.90426597694373
351,40.00703279342553
352,40.95185121069007
353,41.85443409605463
354,42.71796940023714
355,43.38206067570437
356,43.80130980573639
357,44.21072613632141
358,44.635358263811185
359,45.01905616584175
360,45.52579294010385
361,46.121295646558906
362,46.65511049961384
363,47.29833055510808
364,47.95562242185737
365,48.60302650451071
366,48.89365907457335
367,48.68806380187383
368,48.07937144759789
369,47.24250250311881
370,46.40168050349982
371,45.75307038748556
372,44.956665393090724
373,44.126409295128695
374,43.228947731686084
375,42.5668281601919
376,41.97555486427652
377,41.36889455228348
378,40.66548111286465
379,39.91084437219512
380,38.59702823717981
381,36.83053714314317
382,34.93767683816856
383,33.00058875440804
384,31.08723442467504
385,29.216455277762044
386,27.88730553299885
387,27.32480024954374
388,27.55713892656935
389,28.590297843263336
390,30.32017326567711
391,32.7668431081649
392,35.44307868468062
393,37.84630168244359
394,39.776128355619285
395,41.20988138239888
396,42.27924552712235
397,42.95724966947269
398,43.22357206232937
399,43.45527254411468
400,43.35216391549894
401,42.9414419727621
402,42.51427962984603
403,42.00660358440674
404,41.4453602770772
405,40.76200380646143
406,39.90952916762171
407,38.82847070056209
408,37.824359362926124
409,36.77360132392208
410,35.59298066077215
411,34.24682909640582
412,32.69712439616173
413,30.936745398885577
414,28.955759974797985
415,26.573875855557418
416,24.166893407594372
417,21.91270149422425
418,19.858849698842036
419,18.11580100884654
420,16.874379178036705
421,15.918135753182373
422,15.029615213312487
423,14.317647342269753
424,13.830925386974972
425,13.592597980664348
426,13.450800128619777
427,13.296835697283335
428,12.981073918912768
429,12.698746277500808
430,12.587829597336679
431,12.334533457571126
432,12.038548852896247
433,12.174315039174552
434,12.848299711531435
435,13.99063427914876
436,15.219948843967664
437,16.54256421129515
438,17.9676661502479
439,19.42176311999658
440,20.629662130758522
441,21.390619261969476
442,21.89390857917886
443,22.367595357010376
444,22.80283878835455
445,23.24998517251993
446,23.71639092401438
447,24.2019525412294
448,24.727666965628522
449,25.382698239217934
450,26.094513023598836
451,26.830521005831294
452,27.708096089300085
453,28.967155569265774
454,30.577460896639458
455,32.40126031606001
456,33.98796581095589
457,35.60195395067967
458,37.00987555318577
459,38.42608312356657
460,39.85381971164484
461,41.480050725720346
462,42.93630955369012
463,44.098102819156175
464,45.157582002658515
465,46.08360616652537
466,46.632215908493905
467,46.67851144978144
468,46.52611872979009
469,46.488558185192275
470,46.55812456674367
471,46.65389078384382
472,46.68732050245818
473,46.66197773306352
474,46.52598512752708
475,46.40047466094417
476,46.28490610338406
477,45.984642000975676
478,45.47537387824818
479,44.70311818488431
480,43.98047294799136
481,43.29274265969901
482,42.64536786656718
483,41.983198196198586
484,41.235661470976076
485,40.368280547951166
486,39.277561986842635
487,38.17863412499095
488,36.9569701011078
489,35.85347694023194
490,34.7880861312512
491,33.92694663906652
492,33.10041436352042
493,32.36999022099969
494,31.879208394352112
495,31.555820649688965
496,31.409499764716028
497,31.53969086575516
498,31.636069845751862
499,31.575058841798324
500,31.319135961387946
501,30.992497100792797
502,30.70681041333735
503,30.457182082246625
504,30.2378365676791
505,30.043054706719055
506,29.89033523469341
507,29.61262652524397
508,28.966058743491182
509,28.040068692668214
510,26.94333748951683
511,25.891056337225585
512,25.01870934111239
513,24.25976745449391
514,23.806911263888725
515,23.55813292958399
516,23.432094818800856
517,23.15055811524827
518,22.689544535703902
519,22.27801015750844
520,21.974551121800207
521,21.835697146195393
522,21.695044629945578
523,21.588624023256383
524,21.921165129083985
525,22.438307612483122
526,23.102265570668983
527,23.65536520539652
528,24.308234772517707
529,25.12417880606875
530,25.95373148693672
531,26.72723768994853
532,27.681775047959746
533,28.707012849460252
534,29.64154146624613
535,30.58300340417291
536,31.661158899912632
537,32.905130666076914
538,34.390355477482835
539,36.15393386513747
540,38.00388539980983
541,39.69727951646315
542,41.26698701195626
543,42.82839948721312
544,44.259888904390124
545,45.336064803986716
546,46.172301299925074
547,46.993088528133185
548,47.9211969998602
549,48.95328571344328
550,49.752683144320784
551,50.13692177721078
552,50.21961321456394
553,49.87541516942952
554,49.103993296683655
555,47.97373352764285
556,46.81791137351763
557,45.76094736917881
558,45.014917783682066
559,44.66095908276921
560,44.7444452100607
561,45.15074837113105
562,45.751102813426215
563,46.339808139775
564,46.73272777750179
565,47.01780859856469
566,47.155305487283236
567,47.386386633176784
568,47.54661860896861
569,47.52739494858083
570,47.510670364043456
571,47.49121961371691
572,47.58900385142314
573,47.753211517978244
574,47.935077621427396
575,48.06804260808462
576,48.04635149943141
577,47.903857254534216
578,47.85818272620521
579,47.909665186715536
580,48.097020208973106
581,48.34065265662757
582,48.58053382243192
583,48.750511860846274
584,48.642207894380604
585,47.973192714558365
586,47.001404891376396
587,45.99634321152656
588,45.168437296408
589,44.10817550400198
590,42.67866446153029
591,41.15754895581237
592,39.70141656295156
593,38.474081137457794
594,37.81574861014927
595,37.43274458725493
596,37.01013505892665
597,36.57481068918426
598,36.28327455265779
599,36.06946544636107
600,35.727365208957664
601,35.52923024030126
602,35.65931723737885
603,35.91023763416591
604,35.91317860659509
605,35.723565527986175
606,35.324149367251636
607,34.83013886835885
608,34.23518639498566
609,33.71071927086576
610,33.43096403570773
611,33.17432662205976
612,32.582751606732145
613,31.81307386118348
614,31.036483807543128
615,30.353816019326974
616,29.806139378718235
617,29.390325287264744
618,29.090350117969795
619,28.882793889346694
620,28.62130056898538
621,28.277320792451967
622,27.8312389455008
623,27.34379136185306
624,27.064741705087464
625,26.82906796302491
626,26.73721556639946
627,26.657303981335318
628,26.471441922894137
629,26.38834088961578
630,26.214208729199772
631,25.993343702600363
632,25.76859298440579
633,25.46576833418976
634,25.206628232277705
635,25.047065578880133
636,25.077307982720793
637,25.366659053456605
638,25.78167942611933
639,26.37677078651837
640,27.027918847124187
641,27.69566671771684
642,28.51251888461769
643,29.416637131831926
644,30.2791918920827
645,30.876256725241827
646,31.546857832924132
647,32.10551767176201
648,32.59284473370123
649,33.17240321135868
650,33.74808880686378
651,34.37985835250903
652,35.18405420103657
653,36.170200202310426
654,37.28579150568761
655,38.49026786651588
656,39.518698644108056
657,40.494716888952226
658,41.246535119774556
659,41.7603160508372
660,42.062920556917305
661,42.25615698325369
662,42.3882679230925
663,42.478688464971135
664,42.33322533497994
665,42.1824512984751
666,41.97451628138432
667,41.622148361611
668,40.913715858788706
669,39.807046303305576
670,38.65276380175706
671,37.600697124378264
672,37.06215505897056
673,37.061500268718625
674,37.5014315901566
675,38.408507009774155
676,39.755797454980495
677,41.280424401209075
678,42.76556146720301
679,44.07747848167243
680,45.253121915216376
681,46.221729626002414
682,47.13298326989843
683,48.013315930355006
684,48.779205344952224
685,49.57855408214232
686,50.35044516553006
687,51.167401483188456
688,51.884678276238226
689,52.369276455945595
690,52.54234883595947
691,52.383498060598185
692,51.91997868928652
693,51.073291397684834
694,49.98850835284141
695,48.68094767506215
696,46.944364245902655
697,44.994782126559315
698,43.02497458083987
699,41.157685312834154
700,39.59657508232148
701,38.312235129009046
702,37.20246507781639
703,36.26761474865248
704,35.58908795065128
705,35.3354371051506
706,35.377008349114895
707,35.81904742092103
708,36.55312402187202
709,37.39603706533741
710,38.15426497212827
711,39.02916378635885
712,40.027543086696106
713,41.331427333504855
714,42.696290190701816
715,44.061019412302684
716,45.316586579311895
717,46.56049871148275
718,47.733327003755214
719,48.96944069935758
720,50.14621099724792
721,51.34997620584082
722,52.38369572359493
723,53.36630250465397
724,54.16869003948225
725,54.859532081636075
726,55.39630186668922
727,55.72209842596483
728,55.884574438684616
729,55.50027444141864
730,54.36577794046742
731,52.12042170646916
732,49.27823669314386
733,45.85382867237613
734,42.118792042061514
735,38.54735262818793
736,35.41118739641972
737,32.75394643077852
738,30.506499767384696
739,28.71604922244515
740,27.428477807796742
741,26.30829067705263
742,25.641372584176267
743,24.949932675487336
744,24.414832892519023
745,24.17046159082468
746,24.125248714365846
747,24.241265403036405
748,24.588118795185675
749,25.039931802337033
750,25.6057805851145
751,26.320438234372194
752,27.254837983677344
753,28.41567629564291
754,29.899583835235948
755,31.739208375991023
756,33.65447970325113
757,35.382813786013585
758,36.87725804907208
759,38.1062698226949
760,38.936556604570384
761,39.40575327017607
762,39.673498907056455
763,40.01584109979569
764,40.680556391350564
765,41.48843759783609
766,42.389470808407474
767,43.248195892924784
768,43.95320789912637
769,44.30404069376221
770,44.43373262750002
771,44.437598399679736
772,44.3180223669967
773,44.172568111999915
774,44.27907872160662
775,44.69185106005946
776,45.407061456543715
777,46.22851201179798
778,46.94789422313189
779,47.33831249596252
780,47.503272137121606
781,47.75903753110927
782,48.00965247857613
783,48.266487920606885
784,48.53670945067934
785,48.7386130212824
786,48.671591124187806
787,48.28967711605356
788,47.56567500336407
789,46.58530729397278
790,45.35212320357051
791,43.91585447975861
792,42.50452933758323
793,41.18191606232456
794,40.11068977307979
795,39.55886096601457
796,39.41158224331216
797,39.55152830913141
798,39.673281386394166
799,39.86747424321411
800,40.04456663412021
801,40.14786021845717
802,39.96702352650705
803,39.56295804518281
804,39.05304859076571
805,38.58683039784334
806,38.07174662661983
807,37.287138544686485
808,36.5665141678678
809,35.862094730838436
810,34.985487487189914
811,33.903596786498944
812,32.849439714452856
813,32.02915640294903
814,31.458272135021137
815,31.026891917264265
816,30.629962830464514
817,30.291486545661424
818,29.932937236000026
819,29.674898567296154
820,29.7170894802548
821,30.010316527215984
822,30.459775083305686
823,31.094935974786146
824,31.90395641799402
825,32.650001591715764
826,33.5659140866551
827,34.50423641608362
828,35.35746606143188
829,36.212354686130254
830,37.239766260275
831,38.50612052715508
832,39.797267959118926
833,40.86288275742899
834,41.87125241828924
835,43.04917660812653
836,44.23890251208786
837,45.36198247864469
838,46.366583300452916
839,47.155079039843145
840,47.505640392114294
841,47.56533541100118
842,47.348935902968364
843,46.770904343348015
844,45.87972761687049
845,44.72269446345733
846,43.262948103916166
847,41.5525723793008
848,39.69766059438874
849,37.791887351021735
850,35.93771645988786
851,34.3414404496401
852,33.07714655284956
853,32.21436051984562
854,31.48922359615527
855,30.85835447254467
856,30.206539657746642
857,29.757683690942372
858,29.715291018769996
859,30.37058561276147
860,31.557062339609264
861,32.92675792785289
862,34.56804079306101
863,36.27651257317923
864,38.24252363260274
865,40.413420468497044
866,42.517795989806594
867,44.10297724944637
868,45.21620257013778
869,46.00344144879588
870,46.27885622221938
871,46.31438580726341
872,46.121173541850375
873,45.92089325960977
874,45.36063671819672
875,44.279703889863754
876,42.90365786291844
877,41.6248519987364
878,40.247417171485594
879,38.86406894042676
880,37.28547849425616
881,35.38931963948551
882,33.16330499724329
883,30.981694625356244
884,28.97384488460443
885,27.33634066476459
886,26.20016408177541
887,25.419625993000313
888,24.850403570122616
889,24.428636554365454
890,23.944183532660244
891,23.927691415013634
892,24.320986530251115
893,25.40222049892097
894,26.929662544408757
895,28.715733031407012
896,30.407295015235924
897,31.740409315728712
898,32.70526191125738
899,33.47567242767801
900,34.16275368923456
901,34.752074851973596
902,35.24812606811378
903,35.67530963208169
904,36.03446670711647
905,36.38413611516879
906,36.642814235602316
907,36.914423685712336
908,37.28058650487783
909,37.624783711892306
910,38.1686164630683
911,38.919029148444324
912,39.57188818472146
913,40.296444629635644
914,40.9053442433337
915,41.455071827816376
916,42.068641482511225
917,42.83564200086023
918,43.41499238934929
919,44.056370171069815
920,44.79081113464547
921,45.4809078424909
922,45.887331858511466
923,46.15409938585163
924,46.58893506806185
925,47.161687340495114
926,47.81691793955873
927,48.397778552156886
928,48.86344426099905
929,48.97553694785297
930,48.712294584383365
931,47.992164834622606
932,46.757690291909505
933,45.19274561906274
934,43.573639451901116
935,41.881353969516795
936,40.225505799148905
937,38.791379603442095
938,37.53497550909118
939,36.60858154847215
940,35.9685630696664
941,35.65003677204123
942,35.51326752010159
943,35.27412835214045
944,34.69878926236567
945,33.909002872522215
946,33.34384909431723
947,32.95929861186376
948,32.66172170500453
949,32.537807204978336
950,32.31473908373699
951,31.936363924635117
952,31.280406637146154
953,30.65296215220989
954,30.233026517360145
955,30.17932749121399
956,30.36142273245666
957,31.053760633240223
958,32.22457016624449
959,33.905369700438804
960,36.19363656513791
961,38.848694465069464
962,41.49252494625118
963,43.774762811816956
964,45.39750179489675
965,46.27867236418698
966,46.66706221957875
967,46.78037266090181
968,46.63218366911335
969,46.5032592462574
970,45.91958120019458
971,45.09428945373348
972,44.04317587122675
973,43.023151764339445
974,42.24608065928858
975,41.619392473842865
976,41.032852091259294
977,40.41587244456769
978,40.01817071013391
979,39.74721656309154
980,39.46015924527944
981,38.9534344272128
982,38.01928396192025
983,37.056506107968374
984,36.217303388697225
985,35.63367080815678
986,35.142214336503145
987,34.61687949158021
988,34.038163596728864
989,33.37498896537584
990,32.58737288929337
991,31.700707979168236
992,30.927000959653245
993,30.259401678979756
994,29.716699286221036
995,29.334470303943434
996,28.968540990382056
997,28.76108424300582
998,28.525588774286998
999,28.300925995806878
1000,28.032627355716865
1001,27.729765776452265
1002,27.410048982066286
1003,27.107564464045886
1004,27.10380569516341
1005,27.270513532773975
1006,27.86303687876837
1007,28.637307553345945
1008,29.636052299675455
1009,30.56550729020517
1010,31.288142738004346
1011,31.678816164058283
1012,31.773945346070064
1013,31.72134942296598
1014,31.55099486526477
1015,31.258962629188268
1016,30.844493530331363
1017,30.328480998660222
1018,29.71733276922415
1019,29.03244381357439
1020,28.452628380473005
1021,28.12394515637861
1022,28.02564159400793
1023,28.02292977041172
1024,28.23321709282065
1025,28.68897520943103
1026,29.085484770882065
1027,29.681526193672674
1028,30.299641100427493
1029,30.87622709843511
1030,31.55948347484116
1031,32.2982063095954
1032,32.993435565578274
1033,33.61735892690241
1034,34.23222373099084
1035,34.70447900645975
1036,35.09527069936039
1037,35.60368130481879
1038,36.28259827515872
1039,37.03007951328276
1040,37.78187105325056
1041,38.4179597186922
1042,38.95026092701022
1043,39.602472276308674
1044,40.43491973643415
1045,41.39847389319849
1046,42.338335088800825
1047,43.12287291594959
1048,43.80757248963769
1049,44.34633832095159
1050,44.65607848531465
1051,44.81924512624086
1052,44.73489682984678
1053,44.35967424655832
1054,43.732568529374724
1055,42.88538161993048
1056,42.03909351489966
1057,41.29453328440047
1058,40.6911398724962
1059,40.146892269059
1060,39.57626805617501
1061,39.01213796957458
1062,38.31685089867658
1063,37.440126803266004
1064,36.3930128148891
1065,35.175986082081565
1066,33.732484728156194
1067,32.145860114587755
1068,30.45085005253291
1069,28.839351430172627
1070,27.537207213767125
1071,26.72243626981132
1072,26.415674224440288
1073,26.52951741355306
1074,27.051839675445343
1075,27.951642212868943
1076,29.05332246015887
1077,30.256341168672726
1078,31.483476536770215
1079,32.70810519702012
1080,33.88082353520335
1081,35.011637466646945
1082,36.00767478555432
1083,36.87422725300374
1084,37.52836554876701
1085,37.919962916693194
1086,37.94055630498328
1087,37.6590995284405
1088,37.191667662990334
1089,36.30867542186443
1090,35.28350477103568
1091,34.132957213007586
1092,32.90383933061843
1093,31.7227647955053
1094,30.63086871997108
1095,29.41340297340529
1096,28.04465845616403
1097,26.65386930685175
1098,25.38288126113396
1099,24.403988331219935
1100,23.629687850614562
1101,23.021774898623082
1102,22.703028299268865
1103,22.80942154660101
1104,23.285545676855712
1105,23.963495931847135
1106,24.866760146705523
1107,25.90887084075978
1108,27.231044960273213
1109,28.77357023098753
1110,30.49413873445443
1111,32.40373518886384
1112,34.43971860549212
1113,36.53164788908692
1114,38.55279782751117
1115,40.41894388914435
1116,42.11805310248473
1117,43.65440686932613
1118,45.040304823107064
1119,46.25563625255684
1120,47.215075121814856
1121,48.08364943993111
1122,48.904363783116615
1123,49.73636988646008
1124,50.58663149045732
1125,51.42999725715496
1126,52.27061360859981
1127,53.045001479373035
1128,53.73946248515531
1129,54.3623325547093
1130,54.937024885308446
1131,55.46835534074601
1132,55.96132893848017
1133,56.47602006627229
1134,56.994846819511885
1135,57.61131553205382
1136,58.27821604386435
1137,58.98616431408598
1138,59.54931638535666
1139,59.808720877404575
1140,60.03440278548626
1141,59.98134554919906
1142,59.710351881041994
1143,59.24416164518989
1144,58.66921792054488
1145,58.07149394719274
1146,57.40233084513577
1147,56.53978694543054
1148,55.6650073037451
1149,54.97376838846389
1150,54.425198038860145
1151,53.99890578653728
1152,53.60255475238778
1153,53.38250638981658
1154,53.39211005115337
1155,53.55627780781688
1156,53.60068663075598
1157,53.20895310803167
1158,52.569579236023195
1159,51.87487501617263
1160,51.106259881615244
1161,50.17234404101828
1162,49.12803083331724
1163,47.875503688669696
1164,46.53550463367922
1165,45.09509347279892
1166,43.69591083350404
1167,42.22120731061029
1168,40.6666142808212
1169,39.04771443978747
1170,37.51607268162768
1171,36.0997800582459
1172,34.733225710708616
1173,33.49520830210225
1174,32.379279509387146
1175,31.259922502844127
1176,30.12051537042026
1177,28.996255189427135
1178,27.93326499062511
1179,26.91530718868617
1180,25.959526035842146
1181,25.19925376831579
1182,24.477380622733353
1183,23.87419957110542
1184,23.314394962555564
1185,22.838736548559986
1186,22.377398280552903
1187,21.910308367819017
1188,21.437361418743134
1189,20.964714964733982
1190,20.443793149599916
1191,19.85815197388063
1192,19.23597776551601
1193,18.579491567955785
1194,18.001083857238896
1195,17.472259514294482
1196,16.99608839387249
1197,16.581819519105355
1198,16.28301651879499
1199,16.407873178379965
1200,16.917227053794882
1201,17.78321654007463
1202,18.812779227768075
1203,19.939242298345928
1204,21.13475466631947
1205,22.261897865389606
1206,23.278205466084103
1207,24.115044289986734
1208,24.656467233175658
1209,25.027203160766458
1210,25.19457239026422
1211,25.49017112595108
1212,26.070358628429986
1213,26.97745830432039
1214,27.890140542378262
1215,28.7537816883531
1216,29.68881537522897
1217,30.791334810721196
1218,32.05039775583423
1219,33.1677512789647
1220,34.011026655582015
1221,34.33631056763497
1222,34.199604323124206
1223,33.60238783575345
1224,32.776290521974765
1225,31.906760983918353
1226,31.198239506297814
1227,30.655235944194043
1228,30.22291328558348
1229,29.734818287878674
1230,29.063930696191434
1231,28.27531488421978
1232,27.751050926692486
1233,27.50775249385394
1234,27.413013675338554
1235,27.296725163759675
1236,26.984097052539617
1237,26.658134716825423
1238,26.36612548998355
1239,26.09788152448144
1240,25.61284355346801
1241,25.18124596011392
1242,25.215386515165246
1243,25.86065951115295
1244,26.870326946530415
1245,28.381204545871242
1246,30.148093131047517
1247,32.10702336594679
1248,34.058533372678
1249,35.79124998013702
1250,37.19694578444226
1251,38.41653254415709
1252,39.536899703558944
1253,40.67592845633651
1254,41.66688347125299
1255,42.5934938632024
1256,43.421133935601354
1257,44.11034212119772
1258,44.61837825514711
1259,44.98644577179286
1260,45.18264754186393
1261,45.175772085876794
1262,45.167085126074106
1263,45.22580684962277
1264,45.257821206590336
1265,45.252757853356584
1266,45.29551617266459
1267,45.334162408876466
1268,45.22758283874683
1269,44.81819019208925
1270,44.25325555372003
1271,43.792327181854404
1272,43.49281223477692
1273,43.48020297834211
1274,43.639465602075056
1275,43.92621935991174
1276,44.212634659837796
1277,44.45261287127879
1278,44.60145016316427
1279,44.49668537265181
1280,44.15011061608004
1281,43.58220942162986
1282,42.93494891671148
1283,42.119056270230125
1284,41.18926878548106
1285,40.057414246778194
1286,38.68232523041523
1287,37.20453738122653
1288,35.67920100625308
1289,34.05338339701207
1290,32.460153854411814
1291,30.99035632616128
1292,29.603540953760838
1293,28.306665980086525
1294,27.122636594535408
1295,25.888808629188475
1296,24.500835428672314
1297,23.05873587729427
1298,21.874583314000525
1299,21.258113153138364
1300,21.24427805930811
1301,21.773220047088298
1302,22.74512604875424
1303,24.110478150295272
1304,25.729973268968628
1305,27.3089589764363
1306,28.836506716948648
1307,30.352338751611974
1308,31.763051320679118
1309,33.187899435154094
1310,34.53927311570196
1311,35.7149682177786
1312,36.87651175648248
1313,38.232209516315784
1314,39.625692544382396
1315,40.76595799803386
1316,41.59126119568887
1317,42.16700538198746
1318,42.42724652758474
1319,42.53604529351641
1320,42.5477664917565
1321,42.45425741108158
1322,42.30413088496768
1323,42.114305679325646
1324,42.12607598395995
1325,42.34477838943253
1326,42.550801158265074
1327,42.62539138787519
1328,42.524567066677896
1329,42.22778402716049
1330,41.892495332330554
1331,41.460663344703
1332,40.78122657981875
1333,39.94913023635822
1334,39.03189334526625
1335,38.1716993928784
1336,37.459074941273684
1337,36.80681766479478
1338,36.10841664545188
1339,35.41276060781243
1340,34.69925836298414
1341,33.88918160152561
1342,33.23321077934864
1343,32.63993406321596
1344,31.891781114446978
1345,30.948939184576343
1346,30.018410030761444
1347,29.15367758678616
1348,28.486909468513044
1349,27.98419594514881
1350,27.480282880954494
1351,26.93509069978194
1352,26.372765469596878
1353,25.785371091982114
1354,25.2290848338053
1355,24.677449971414
1356,24.15358158989869
1357,23.71090978020921
1358,23.329601257805617
1359,22.99835017838436
1360,22.720378953592373
1361,22.395391307085
1362,22.1411337554958
1363,22.036147744505566
1364,22.13360877001134
1365,22.387028035765447
1366,22.831585508302542
1367,23.521645752975086
1368,24.1219981658402
1369,25.0265850086401
1370,26.371985035733587
1371,27.926463938995624
1372,29.48544566743563
1373,30.880683192212906
1374,32.06705707487558
1375,33.187594056585056
1376,34.48351683936839
1377,35.77990843806249
1378,37.240939636045425
1379,38.77290856986954
1380,40.094813294336056
1381,41.076531976227976
1382,41.88789722675271
1383,42.58554473924136
1384,43.23866459018177
1385,43.77423268478426
1386,44.451283132080306
1387,45.31462814285715
1388,46.30616815025081
1389,47.25317776073073
1390,48.090119984511134
1391,48.94015508587381
1392,49.70416995573599
1393,50.311618295718255
1394,50.65690512023078
1395,50.86310121671666
1396,51.255760279551595
1397,51.9548700088618
1398,52.99160601971591
1399,54.17284050639954
1400,55.35707832066706
1401,56.55049192070942
1402,57.573828055314344
1403,58.40766466891995
1404,59.11341955593328
1405,59.73096608852322
1406,60.16798004308444
1407,60.42776535790364
1408,60.627096373370954
1409,60.638570218908214
1410,60.45773459267398
1411,60.254256561254785
1412,60.05798749116776
1413,59.83286464080248
1414,59.58168903846495
1415,59.30319818732885
1416,58.998644373500454
1417,58.679103916035196
1418,58.410824517193205
1419,58.14661919760334
1420,57.87623136548654
1421,57.0813643996384
1422,55.91812931707456
1423,54.41558707277138
1424,52.889587736270684
1425,51.56196831351508
1426,50.38929047586146
1427,49.47288572151581
1428,48.76986430689494
1429,48.33548591710773
1430,48.02877521785536
1431,47.76387849286782
1432,47.47413217898111
1433,47.01876048558736
1434,46.41428057441614
1435,45.360279205493015
1436,44.401766706984425
1437,43.70414337939931
1438,43.40786114608534
1439,43.23513125648428
1440,42.98219416260213
1441,42.60676553390757
1442,42.17224026040377
1443,41.54010627430526
1444,40.75594254587573
1445,39.75441955817296
1446,38.730661564362364
1447,37.6687635137516
1448,36.50303813180157
1449,35.061022719360594
1450,33.37132453832852
1451,31.53604357475445
1452,29.9126325804966
1453,28.623434893811936
1454,27.373334577027215
1455,26.413818956383697
1456,25.551397174867184
1457,24.95447650131287
1458,24.397032242474147
1459,23.807909881838675
1460,23.13590126515938
1461,22.490464720200062
1462,21.818949109080627
1463,21.405372323534856
1464,21.30305778836215
1465,21.638462300569664
1466,22.03043672344291
1467,22.532392249628906
1468,23.014354118714387
1469,23.59165434222329
1470,24.410599550378375
1471,25.694857778890295
1472,27.446350163989166
1473,29.487478498896877
1474,31.891322047649695
1475,34.46839107246571
1476,36.605636988189936
1477,38.16877241479635
1478,39.35792193524109
1479,40.34098558337513
1480,41.15939088136066
1481,41.738104656501065
1482,42.241585640873225
1483,42.660219224378835
1484,43.043715343997846
1485,43.41788334889605
1486,43.7589196971877
1487,44.08715081451246
1488,44.341577489174526
1489,44.621911582212995
1490,44.90848784513372
1491,44.98961484159017
1492,44.84883211317368
1493,44.64219703745246
1494,44.211727014229325
1495,43.586372123825484
1496,42.818413586365786
1497,41.9063489898205
1498,40.860408383467934
1499,39.6243220487756
1500,38.36577311369226
1501,37.2988323735357
1502,36.4862094274938
1503,35.727362039922205
1504,34.82646163022339
1505,33.94113844217645
1506,33.10258687542497
1507,32.261660188112586
1508,31.382936878744502
1509,30.407465057669025
1510,29.514768544171154
1511,28.62436683793861
1512,27.708933620952745
1513,26.909481255937017
1514,26.242262045432508
1515,25.605039161460553
1516,25.137835616410822
1517,24.82061986739793
1518,24.69076807228885
1519,24.617121568105855
1520,24.67497084312929
1521,24.927000106008375
1522,25.179841717103344
1523,25.285898009119016
1524,25.251400009753695
1525,25.184043126247552
1526,25.042329247347784
1527,24.784506009265222
1528,24.371514131023464
1529,23.788063709326963
1530,23.048844732449126
1531,22.23260167982732
1532,21.478688944010205
1533,20.932075319433807
1534,20.662270757280254
1535,20.504387724857395
1536,20.44210867669393
1537,20.549712838216728
1538,20.92916757203296
1539,21.259293190453082
1540,21.928284654143734
1541,22.803369548511174
1542,23.972442781486556
1543,25.268686259269526
1544,26.642026982632743
1545,28.02493159227328
1546,29.31401022253042
1547,30.406740161800247
1548,31.158333686635906
1549,31.528676368609176
1550,31.582502397450078
1551,31.41604777916832
1552,31.276488774762406
1553,31.0791737044439
1554,30.83724696514374
1555,30.505546722134934
1556,30.06782100113311
1557,29.523756922131323
1558,28.830721866387105
1559,28.11643298709878
1560,27.531638514244445
1561,27.32653782316475
1562,27.120841786237747
1563,27.024133632440833
1564,26.957704783938517
1565,26.878055156537155
1566,26.70393134875248
1567,26.479080586078464
1568,26.53253240895074
1569,26.81260434066849
1570,27.209191629071892
1571,27.468887547656706
1572,27.510429309680365
1573,27.31041131358638
1574,26.889668773050374
1575,26.302638616907995
1576,25.517408661033727
1577,24.49425294748157
1578,23.28587672706096
1579,22.111081026400928
1580,20.926613020586665
1581,19.925369640240127
1582,19.134477393173555
1583,18.55131072584413
1584,18.16304188946734
1585,17.930083507983326
1586,17.834583612065458
1587,17.862085653440637
1588,17.995801082949328
1589,18.02038201685107
1590,17.90275703064751
1591,17.881085283471915
1592,17.95445231161412
1593,18.15809089455127
1594,18.875461849234593
1595,20.19370750559528
1596,21.34058122662908
1597,22.967686105404496
1598,24.986719971268016
1599,27.24146125777352
1600,29.702848204639686
1601,32.10531285051057
1602,34.22207318807189
1603,36.169303559020065
1604,37.95828166368822
1605,39.778803224606214
1606,41.6299837720878
1607,43.54631027478072
1608,45.30549150273451
1609,47.013872660841656
1610,48.540431888214194
1611,49.96072167242939
1612,51.17736746569837
1613,52.08212655090143
1614,52.86949467035375
1615,53.47756104990461
1616,53.83112296981935
1617,53.79877713385738
1618,53.44995891594198
1619,53.02696125935808
1620,52.67536638782334
1621,52.491296874629924
1622,52.43735621045613
1623,52.38037995325577
1624,52.1327195526011
1625,51.61833824824558
1626,50.805202703683065
1627,49.55788281209439
1628,48.16196588129366
1629,46.57203666963995
1630,45.08259936555782
1631,43.53991318296824
1632,41.949558935386186
1633,40.156269746826695
1634,38.178665908994844
1635,36.17007383528725
1636,33.951561602162705
1637,31.39242944533306
1638,28.711339004527126
1639,26.209007529245053
1640,24.22277569176101
1641,23.16924172744056
1642,23.017645879306542
1643,23.740139054888378
1644,25.396937365559353
1645,27.709438377383524
1646,30.439105384668242
1647,33.07293901860378
1648,35.366154014113576
1649,37.13413135671494
1650,38.426635123251955
1651,39.356386399943915
1652,39.91314192880841
1653,40.397519238920516
1654,40.70817871554711
1655,40.89314561726498
1656,41.1599669758525
1657,41.571730964383974
1658,42.17435098396943
1659,42.909728003872836
1660,43.660220385555895
1661,44.235038615317606
1662,44.643388889928104
1663,44.99546105118942
1664,45.375267768637855
1665,45.82692145866528
1666,46.13477540218504
1667,46.41815232305649
1668,46.73498910645679
1669,46.88030531715605
1670,46.86709947560087
1671,46.60494710244071
1672,46.119913859009365
1673,45.50790422183715
1674,45.005849589848346
1675,44.66089618549445
1676,44.52460061669212
1677,44.73323700539644
1678,45.12783292752652
1679,45.47231647753859
1680,45.61880851652947
1681,45.49876948271859
1682,45.33413570716227
1683,45.00576854562752
1684,44.69377320971206
1685,44.45158652403474
1686,44.3521481358597
1687,44.37303290863923
1688,44.34251238196696
1689,44.213740164635105
1690,44.000027660066664
1691,43.73609191638321
1692,43.507394769447146
1693,43.16997843518395
1694,42.70922830027794
1695,42.15504617911391
1696,41.65306675445593
1697,41.139410483633945
1698,40.61935513115817
1699,40.07415071451577
1700,39.518827900667745
1701,38.95231173143856
1702,38.37445951461651
1703,37.665472667544506
1704,36.597134341628625
1705,35.51370574435382
1706,34.6021956463198
1707,34.40989285564665
1708,34.722960436905744
1709,35.32935010601871
1710,35.85690911814699
1711,36.585791478030515
1712,37.54899571504774
1713,38.88201941666209
1714,40.54232422488581
1715,42.16124314840588
1716,43.44741796530117
1717,44.542370836490726
1718,45.54370801502222
1719,46.351382132476814
1720,46.95783233257505
1721,47.42850723610179
1722,47.83384810542195
1723,48.183119416198366
1724,48.31399229094138
1725,47.90212414755791
1726,47.0619297493716
1727,45.88209161986644
1728,44.782878366873994
1729,43.836608447180566
1730,42.87429881376984
1731,41.952534768370114
1732,41.229493344897435
1733,40.79124856868778
1734,40.47137722869037
1735,40.185286372670845
1736,39.662614007657524
1737,39.02893964876492
1738,38.152447486017785
1739,36.99352456878081
1740,35.63238686857585
1741,34.4954110564214
1742,33.39075077802432
1743,32.53868970252674
1744,31.908323644861234
1745,31.301696349006793
1746,30.32250621268045
1747,29.188144005124816
1748,27.80566713939789
1749,26.321900973769207
1750,24.676720755223386
1751,23.15056020978349
1752,21.920280436204102
1753,20.752831784765675
1754,19.74087221283324
1755,19.036277309170497
1756,18.698519184859073
1757,18.741039307074466
1758,19.079648065577164
1759,19.687806697197864
1760,20.419116157588093
1761,21.133316458274376
1762,21.696379646693057
1763,21.93554381436633
1764,21.852692545210523
1765,21.560895407047948
1766,21.38206073646809
1767,21.226474573063616
1768,21.13675653996096
1769,21.205188511627888
1770,21.282907319447936
1771,21.367845268162945
1772,21.647900296762145
1773,22.130688445679326
1774,22.796810557345008
1775,23.517102551215277
1776,24.423301294161796
1777,25.44516997317058
1778,26.48580960236018
1779,27.438345094035984
1780,28.422693593594826
1781,29.456433886750574
1782,30.366103024700248
1783,30.99404102191548
1784,31.22103646398837
1785,31.11753107066511
1786,30.829754770086193
1787,30.550407451232765
1788,30.476998393234666
1789,30.437031302150668
1790,30.4023658811277
1791,30.33750303081525
1792,30.20808747690088
1793,30.045521227049754
1794,30.248425388951876
1795,30.756422919007306
1796,31.73009013345761
1797,32.93037058079029
1798,34.12853659929004
1799,35.036405640630576
1800,35.55098486379919
1801,36.02442190934163
1802,36.4602667114823
1803,36.551714768406455
1804,35.960341158305354
1805,34.63554401681177
1806,32.75194633970561
1807,30.757556088280406
1808,28.800739912843888
1809,26.86223167934755
1810,24.75467579553394
1811,22.775463651730842
1812,21.27926125390461
1813,20.519765757758165
1814,20.381279498642808
1815,20.728814440278914
1816,21.48949421551045
1817,22.50026828031947
1818,23.593098001694145
1819,24.598959236186083
1820,25.387598864517543
1821,25.970563964278234
1822,26.326539214830518
1823,26.562628151344008
1824,26.76802552611074
1825,27.000693472092124
1826,27.34417060865354
1827,27.658080322501636
1828,27.925770137817796
1829,28.18556630037615
1830,28.500449134599197
1831,28.77809818137428
1832,29.24059379600746
1833,29.77529788790383
1834,30.38944969166538
1835,30.863002948260647
1836,31.26242104048825
1837,31.58016479747869
1838,31.67190577996234
1839,31.53792478680354
1840,31.36433698591119
1841,31.233626003227993
1842,31.235691553913295
1843,31.34784792429091
1844,31.646466763303664
1845,31.947014791690425
1846,32.199052744749615
1847,32.37431282044506
1848,32.5163897244408
1849,32.6321337279376
1850,32.65799676701108
1851,32.75875401856949
1852,32.857958717662484
1853,32.871437618348565
1854,32.952020868591205
1855,33.14089490677057
1856,33.51196220489568
1857,33.84440037396488
1858,34.10739144910351
1859,34.284721147077754
1860,34.43213208589691
1861,34.48265641825148
1862,34.495163932198096
1863,34.37414745542666
1864,34.215089060571536
1865,33.67970698400423
1866,32.82728328987098
1867,31.808354675498524
1868,30.96365628767142
1869,30.748305991137595
1870,31.27360520505734
1871,32.44011588577976
1872,34.20105565808358
1873,36.553034945327056
1874,39.2210750560803
1875,41.884903816408794
1876,44.357470145705975
1877,46.571372256944926
1878,48.406154430720655
1879,50.156176725779495
1880,51.93197713186252
1881,53.47692348515474
1882,54.955604382206
1883,56.04579051966027
1884,56.5487502019468
1885,56.612530289111795
1886,56.305974363012844
1887,55.77742006511777
1888,55.192453899385214
1889,54.88069423933537
1890,54.65906854041406
1891,54.09275679809622
1892,52.91541100475355
1893,51.1860316885156
1894,49.073670318749876
1895,46.95297127016733
1896,45.1547860362917
1897,43.726501951353455
1898,42.51862552845
1899,41.443413095822244
1900,40.443937371144976
1901,39.64345883529264
1902,39.045652098916555
1903,38.72171260360285
1904,38.63645770005289
1905,38.71058357093013
1906,38.89304123705546
1907,39.402074601693336
1908,39.9874912022194
1909,40.49596679486882
1910,41.00214474211955
1911,41.50716442667239
1912,41.860496082406875
1913,42.31236975397105
1914,42.97084113067136
1915,43.86843556449529
1916,45.15365522478764
1917,46.47733099270072
1918,47.83738184319566
1919,49.0471132596037
1920,50.228644615242146
1921,51.21057259407573
1922,52.05531946361932
1923,52.63496053025247
1924,52.807094830411046
1925,52.725714693082224
1926,52.45832923017304
1927,52.0713188686311
1928,51.54518218104744
1929,50.8665320214069
1930,50.07629432770638
1931,49.3013240851658
1932,48.87969753261143
1933,48.961287352920166
1934,49.510569341758085
1935,50.403595697136176
1936,51.75725133294422
1937,53.229632160506334
1938,54.51060348048537
1939,55.39900629009105
1940,55.50840637626048
1941,55.08526166293755
1942,54.557451134965746
1943,53.873311323740644
1944,52.98860018172047
1945,51.77189782517953
1946,50.29037832193651
1947,48.71557490692023
1948,47.219992806148596
1949,45.6937838135517
1950,43.958329432259795
1951,42.01828831556462
1952,39.87467060228991
1953,37.86351203338278
1954,36.10982650576588
1955,34.63308924839374
1956,33.526751532836386
1957,32.62740059742004
1958,32.01274684268
1959,31.488013079789184
1960,30.95299066796671
1961,30.523355484848167
1962,30.19920343707797
1963,29.90788850260607
1964,29.775405588909276
1965,30.011687078843902
1966,30.44420284318467
1967,31.010869289853417
1968,31.785452905394365
1969,32.96353207940604
1970,34.239120362132475
1971,35.369618205126635
1972,36.18034257701741
1973,36.8758673134659
1974,37.567865244060634
1975,38.22163800384446
1976,38.851417168533786
1977,39.67839755967537
1978,40.43428173221649
1979,40.93996159330182
1980,41.095846324838035
1981,40.72043894467593
1982,40.33450568016621
1983,40.32028799392078
1984,40.81943463130639
1985,41.70267805790704
1986,42.91324082765222
1987,44.445667654575026
1988,46.17819544458344
1989,47.75076377030363
1990,48.91122223062957
1991,49.59680602428595
1992,49.77818876336359
1993,49.50389827881277
1994,48.85074511296758
1995,48.28250185868227
1996,47.485045360825865
1997,46.60098799287964
1998,46.0749566450941
1999,45.8094005239867
2000,45.59072693369517
2001,45.21814736862781
2002,44.74751083138484
2003,44.21905046434234
2004,43.81753600188359
2005,43.775994479593
2006,43.884147333120424
2007,44.07342030455475
2008,44.55134609709122
2009,45.22926911769977
2010,45.91249555742402
2011,46.414747560542864
2012,46.93320265727418
2013,47.536122662129415
2014,47.97192503118277
2015,48.27509268994149
2016,48.45692241157316
2017,48.731187057926206
2018,49.05879283187224
2019,49.54223022373016
2020,49.93590218221383
2021,49.886059713728386
2022,49.35445833228947
2023,48.296821904387166
2024,46.738780223298185
2025,44.665863688605334
2026,42.33117242848628
2027,39.94982406061163
2028,37.552906174577245
2029,35.81312815811022
2030,34.44611050255669
2031,33.30960279508727
2032,31.974471605419662
2033,30.68304909627827
2034,29.74456862620205
2035,29.357931421939593
2036,29.485485239286795
2037,30.061779306307606
2038,30.839136343015756
2039,31.532572740182157
2040,32.11409926020303
2041,32.565012523342375
2042,32.85913033254113
2043,33.0128183398166
2044,33.058441025413984
2045,32.99597217314526
2046,32.88389869694653
2047,32.62632774073753
2048,32.29796833753303
2049,31.710370829560148
2050,31.118908933082714
2051,30.80761130688552
2052,30.53678237209396
2053,30.483553672638457
2054,30.806206503564827
2055,31.23621141008753
2056,31.287798769244567
2057,30.782661136192267
2058,29.699931668382483
2059,28.367236180094796
2060,27.18269452209471
2061,26.07566296134281
2062,24.996643481460264
2063,23.898803027220463
2064,22.82649297656459
2065,21.993912953279548
2066,21.313934625289424
2067,21.040363568129784
2068,21.164092787158886
2069,21.478530746104056
2070,21.937772295042528
2071,22.464591595581638
2072,23.00290288628532
2073,23.409076212952836
2074,23.619871785126985
2075,23.434715313711813
2076,23.070168719204204
2077,22.571274424157814
2078,21.988526433409795
2079,21.731370938082474
2080,21.881012922979174
2081,22.510773046182223
2082,23.381030304507146
2083,24.543964741303647
2084,25.848168246226297
2085,27.093946560610142
2086,28.275781389578576
2087,29.558718426035323
2088,31.079996550767042
2089,33.01746528669561
2090,35.34449399253537
2091,37.877954679674424
2092,40.3638542461493
2093,42.647563595658
2094,44.719555281669685
2095,46.710922950460876
2096,48.38958096050305
2097,49.2601435254056
2098,49.378193082999346
2099,48.57265375693839
2100,47.015343088752175
2101,44.873180747919335
2102,42.48751469005885
2103,40.18071989056306
2104,38.40201550556915
2105,37.05542711188408
2106,36.491133185935496
2107,36.55939403129777
2108,37.281860107562224
2109,37.9104055939123
2110,38.91697751973228
2111,40.20536856782352
2112,41.395962630160334
2113,42.34940464517869
2114,43.19011206874256
2115,43.85529772903435
2116,44.50374808307139
2117,44.95902291754112
2118,45.12982588627759
2119,45.3999779850081
2120,45.6209696881659
2121,45.93555006337423
2122,46.28048172696763
2123,46.682276868532725
2124,46.77394416686928
2125,46.64341566387272
2126,46.29028169808336
2127,46.10800516120254
2128,46.194583817519074
2129,46.31727751845579
2130,46.539941183095934
2131,46.66385398031674
2132,46.923512173751895
2133,47.001663058713376
2134,47.22505470626419
2135,47.471066776660535
2136,47.702683996196605
2137,47.793601946982534
2138,47.699192891262925
2139,47.36441555608413
2140,46.981385201101524
2141,46.79018509372429
2142,46.6489372145579
2143,46.43592495901837
2144,46.09330676772004
2145,45.54305975975251
2146,44.89031936960717
2147,44.04643434058082
2148,43.42086136595047
2149,42.77539828727746
2150,42.1306195072279
2151,41.430244211991266
2152,40.91783918211232
2153,40.65969353640673
2154,40.553784235622345
2155,40.506665903527775
2156,40.50276176926583
2157,40.55807209545596
2158,40.661862034229294
2159,40.83925158896349
2160,41.08237357382121
2161,41.528363050710475
2162,42.033746040972154
2163,42.46152319970479
2164,42.82720932473677
2165,43.18627559138373
2166,43.49866324336659
2167,43.745041118225636
2168,43.691373169892486
2169,43.298993993204974
2170,42.81080118167788
2171,42.3031674348964
2172,42.02762259153178
2173,41.947979143795706
2174,41.93799496359974
2175,41.95147470988625
2176,41.978214715143736
2177,41.770888988397644
2178,41.23519155172855
2179,40.61105662146726
2180,40.22349179306012
2181,40.058153024687314
2182,40.12533973092618
2183,40.330451056456276
2184,40.52484302716062
2185,40.596567695082825
2186,40.50992100977854
2187,40.3961277561951
2188,40.09651639117702
2189,39.4953520981935
2190,38.559484391737655
2191,37.44311746826013
2192,35.99269909961599
2193,34.42129891896354
2194,32.797892058332565
2195,31.121926504137946
2196,29.602344177278646
2197,28.2949677683546
2198,27.315901131607223
2199,26.424414363724328
2200,25.196385996045496
2201,23.606485093381057
2202,21.879752375379404
2203,20.394790946087525
2204,19.17176493396784
2205,18.03318464864516
2206,16.938927593635828
2207,16.093717780697187
2208,15.423401373458166
2209,14.771800544617715
2210,14.167298719593008
2211,13.692776029263813
2212,13.421668788492697
2213,13.346791330881313
2214,13.434307660231536
2215,13.646871307904252
2216,13.99176938697996
2217,14.38736027245099
2218,14.661274606739154
2219,14.82888208212224
2220,15.002701698489759
2221,15.352320707802733
2222,15.81736312818826
2223,16.22195003392367
2224,16.767021738399777
2225,17.739505415954206
2226,19.203223853063
2227,20.91948116514374
2228,22.396591673884533
2229,23.732084266019513
2230,24.813173514228602
2231,25.95566966596526
2232,27.197650330112204
2233,28.777629748602465
2234,30.730295826101653
2235,32.678265855297454
2236,34.592178581459045
2237,36.521992685772645
2238,38.40426256454613
2239,40.01747278028641
2240,41.18671538464222
2241,41.91198077642381
2242,42.347629930742784
2243,42.5153476438772
2244,42.35276891289156
2245,42.05325531691069
2246,41.62875350779451
2247,41.22919117742337
2248,40.985894257997906
2249,40.689753838113894
2250,40.297161654455635
2251,39.75913620507546
2252,39.242487634411496
2253,38.72649386324881
2254,38.078889846787526
2255,37.236356078047365
2256,36.295189261421235
2257,35.204584528996094
2258,33.94620942155808
2259,32.521552694853064
2260,31.072224135131137
2261,29.6925698507356
2262,28.320379814723672
2263,27.15227140115765
2264,26.07796952071073
2265,24.80373663269337
2266,23.266293474853708
2267,21.77782234491355
2268,20.642176933325107
2269,19.91565496673509
2270,19.57667156587931
2271,19.571049705548745
2272,19.854032497132714
2273,20.334582185722287
2274,21.073885436664153
2275,22.042571364663303
2276,23.340644754562728
2277,24.786492140745665
2278,26.219708523686773
2279,27.253440406481513
2280,28.152787144512935
2281,28.582694314537815
2282,28.879270964273715
2283,29.044725722970778
2284,29.04064664502984
2285,28.740512256926493
2286,28.486865731358964
2287,28.319400754316305
2288,28.492515883580204
2289,28.939879706436763
2290,29.76507176747735
2291,30.917453367977913
2292,32.03708727598007
2293,33.08837790955334
2294,34.14140628445384
2295,35.413505580894984
2296,36.94601818392374
2297,38.56455526450247
2298,40.12885737547005
2299,41.61201942891893
2300,43.02222505995867
2301,44.41863081707657
2302,45.69406795875193
2303,46.656072964955975
2304,47.26097558707723
2305,47.31375486902581
2306,47.04071053617577
2307,46.45391277755428
2308,45.69035429226284
2309,45.038779869846394
2310,44.513676432444804
2311,44.147025456818334
2312,43.84819538889285
2313,43.73913663384567
2314,43.90871562338496
2315,44.308720449081676
2316,44.79539248772673
2317,45.2387819788475
2318,45.63569240030167
2319,46.09380302758451
2320,46.31137588158884
2321,46.35244932526269
2322,46.34899634571197
2323,46.320713817047775
2324,46.11434721116726
2325,45.557860672514934
2326,44.72177812774026
2327,43.496803223641514
2328,42.0112126512149
2329,40.25935676994565
2330,38.42735349659425
2331,36.75743080513482
2332,35.54383826451237
2333,34.584562784377816
2334,33.82493008620763
2335,32.915863508772226
2336,31.930057579267164
2337,31.07240642059776
2338,30.06398465186181
2339,29.14977239200568
2340,28.331873119066163
2341,27.810560368813398
2342,27.63836492290061
2343,27.616297004562334
2344,27.56097741817483
2345,27.243518899963856
2346,26.610784081994304
2347,25.952577547064376
2348,25.262209265024758
2349,24.749182257283653
2350,24.4888269888514
2351,24.75213314896224
2352,25.688653654503224
2353,27.105973979182508
2354,28.77041378316607
2355,30.552402523478705
2356,32.500161650636834
2357,34.447641663942846
2358,36.25805547000415
2359,37.737640761839934
2360,38.92104428700992
2361,39.92858690281676
2362,40.72027571799219
2363,41.37548740668934
2364,42.16334848871035
2365,43.17361978594958
2366,44.362818202744506
2367,45.35081900701616
2368,46.203338611712304
2369,47.17884254655804
2370,48.2398046548918
2371,49.21465368501379
2372,50.002060617495374
2373,50.72660776145958
2374,51.30914391690439
2375,51.73386123553611
2376,51.900109040232046
2377,51.91319780527087
2378,51.820453025365964
2379,51.88685473856884
2380,51.92290031791554
2381,51.95366158217112
2382,52.08421169954601
2383,52.36413803733632
2384,52.811754695749805
2385,53.38269339842407
2386,54.08983804301738
2387,54.97894365834825
2388,55.91967054096772
2389,56.686319028571376
2390,57.21284751214411
2391,57.487842250306294
2392,57.70052406626769
2393,57.874402453192644
2394,58.02567664981735
2395,58.25960854859881
2396,58.448588683472934
2397,58.649701253989406
2398,58.614155916210834
2399,58.35795869458085
2400,57.83778162376711
2401,57.2205217416914
2402,56.80978700215624
2403,56.519831180968524
2404,56.19328314750488
2405,55.8421357361297
2406,55.34638636623222
2407,54.78860784772555
2408,54.039306387845855
2409,53.22034725163836
2410,52.35239850900137
2411,51.65959265876949
2412,50.82650438780592
2413,49.72843351653949
2414,48.53335391003123
2415,47.432980559239674
2416,46.63455961202224
2417,45.875379051006334
2418,45.04571250943529
2419,44.04226591505591
2420,42.79972450370515
2421,41.4419334571267
2422,40.19640844497927
2423,39.0010682847051
2424,37.98921178664746
2425,37.134283307342116
2426,36.27405002127786
2427,35.59716923155125
2428,35.07575103946056
2429,34.68772473520586
2430,34.501022848615875
2431,34.4307220714443
2432,34.500365486784524
2433,34.64045052876497
2434,34.84433406862636
2435,34.92435060886952
2436,34.92086907869185
2437,34.78519289512904
2438,34.55173882378962
2439,34.044007809786805
2440,33.305735232766075
2441,32.32323854785756
2442,31.109332473708516
2443,29.668686935914828
2444,28.24671953282423
2445,27.041862599684414
2446,26.048630767182924
2447,25.29780084882993
2448,24.752533922118094
2449,24.40820383700425
2450,24.159396032353985
2451,23.942933242308253
2452,23.82941687138265
2453,23.91944007736544
2454,24.25272267315197
2455,24.762847778546888
2456,25.405202126548485
2457,26.079433844671474
2458,26.824314974217167
2459,27.61898933631004
2460,28.337989827180124
2461,28.95265817232771
2462,29.47834076900213
2463,29.90667807185993
2464,30.1970631282757
2465,30.338758832627597
2466,30.628836683368956
2467,31.213161638640493
2468,32.06703118222233
2469,33.16806976705734
2470,34.355325299080654
2471,35.574670465610815
2472,36.86469273277412
2473,38.26820683488324
2474,39.76697154734079
2475,41.14655357002452
2476,42.39356138664632
2477,43.56471859545534
2478,44.720345888139796
2479,45.856508603839025
2480,46.969476386586635
2481,48.10083827355439
2482,49.39838189104803
2483,50.746277144140926
2484,52.073460164516796
2485,53.49596536668496
2486,55.00134414285999
2487,56.414185347636796
2488,57.60776173756458
2489,58.634159040621135
2490,59.498987162276016
2491,60.17634687852325
2492,60.783284711039904
2493,61.335739393586636
2494,61.75751179690259
2495,61.837784453711706
2496,61.47724931483147
2497,60.23722257792974
2498,58.31308242918081
2499,55.693827089356766
2500,52.54144918776964
2501,49.088022995609755
2502,45.66676075762575
2503,42.20573591395118
2504,38.980857334715274
2505,36.12868813132872
2506,33.55500152244117
2507,31.17728693989928
2508,29.108675253087835
2509,27.583857498683283
2510,26.667196857292584
2511,26.385713408336073
2512,26.073907311422317
2513,25.609222168734377
2514,24.63182591365483
2515,23.4341571723116
2516,21.992182761971222
2517,20.661052736651243
2518,19.585084246209608
2519,18.880720666726607
2520,18.20728227991366
2521,17.452002123428557
2522,16.5564469260616
2523,15.67351558921829
2524,15.079984034128202
2525,15.347986869507919
2526,16.15803935171581
2527,17.52164294775506
2528,19.06735759143731
2529,21.157806407056086
2530,23.495789650947973
2531,25.73724094045161
2532,28.11933823363669
2533,30.422436441322407
2534,33.05673736984198
2535,35.7814814738617
2536,38.53931528245769
2537,40.80420539262574
2538,42.53069344230371
2539,43.713816671118956
2540,44.39257031190299
2541,44.842800889773336
2542,45.16879556547939
2543,45.24346666548698
2544,45.22142010556672
2545,45.19766403327301
2546,45.06325815780624
2547,44.65712945758834
2548,43.431384296883664
2549,41.75822028993961
2550,39.7974926511698
2551,38.07459486905805
2552,36.61767112481983
2553,35.78354408032938
2554,35.517725754005994
2555,35.76811342379525
2556,36.44902806854678
2557,37.60719707692086
2558,39.29256224304099
2559,41.42794700977933
2560,43.3887068726921
2561,44.62399482949935
2562,44.697210863948456
2563,43.889714268071906
2564,42.49341092750328
2565,41.27862702120857
2566,39.7076595852891
2567,38.09682980007208
2568,36.670601745008305
2569,35.56375084387019
2570,34.93341447873155
2571,34.60436215748857
2572,34.42804131441565
2573,34.42786034228423
2574,34.53988920659718
2575,34.77955925880964
2576,35.004649630999545
2577,35.1233588467096
2578,35.20800210994237
2579,35.38049070560632
2580,35.7453792465619
2581,36.11059070797788
2582,36.21428433340914
2583,36.30356749646229
2584,36.393460419420684
2585,36.49869419943591
2586,36.810467168364134
2587,36.97940881993777
2588,37.1534967142422
2589,37.066314567241115
2590,36.963018218732046
2591,36.90683383012551
2592,37.07401720282431
2593,37.342435115896926
2594,37.84434756014178
2595,38.45055043059726
2596,39.068181212769666
2597,39.5756443558838
2598,40.19151048289479
2599,40.38125379830905
2600,40.26641276593571
2601,40.10431634533545
2602,40.07535434942684
2603,40.38875645507561
2604,40.98411218066135
2605,41.71152530189465
2606,42.83816060066088
2607,44.31697638226724
2608,46.10174270185936
2609,47.71180701758701
2610,48.7639057818767
2611,49.17866362687801
2612,48.94926497956061
2613,48.07426353126638
2614,46.65239244604567
2615,44.82240696046231
2616,42.95097651230358
2617,41.186580324801774
2618,39.65232652352706
2619,38.09190769672297
2620,36.43253741014827
2621,34.779110134853624
2622,33.34062840534728
2623,32.0358372396538
2624,31.054254227517205
2625,30.38935038581135
2626,29.886376852923565
2627,29.565104096671252
2628,29.19991074076151
2629,28.935592550046454
2630,28.604652557455708
2631,28.277542537670644
2632,27.68881509302432
2633,26.887705030265337
2634,25.963598073668685
2635,25.13226606618357
2636,24.333260738123283
2637,23.56268483722308
2638,22.824777579961644
2639,22.111701717749163
2640,21.678449691059967
2641,21.731861305618178
2642,22.12596335452162
2643,22.602331479364786
2644,23.41981823527709
2645,24.494814563006216
2646,25.598810985619888
2647,26.66157008462789
2648,27.52906509404267
2649,28.14006548720092
2650,28.511516777622035
2651,28.860335821592244
2652,29.250561242146183
2653,29.644421002627443
2654,30.23120395968859
2655,31.060370618822496
2656,32.11255499522866
2657,33.224568907008866
2658,34.19409618553376
2659,34.91306139053152
2660,35.48428737914863
2661,35.97049167842895
2662,36.407497903235
2663,36.61658888367288
2664,36.59790755699241
2665,36.449349826525165
2666,36.44008482930907
2667,36.87054703819886
2668,37.76891584469945
2669,39.23417410348408
2670,41.12843477811229
2671,43.30700270379936
2672,45.53840847090744
2673,47.52768701915536
2674,49.319225400699466
2675,50.82083100076505
2676,52.15281421911738
2677,53.34765881804944
2678,54.34659241437674
2679,55.21566464318149
2680,55.6240860055785
2681,55.80577371429914
2682,55.76152325071272
2683,55.768142840642085
2684,55.77817219806067
2685,55.68613029812279
2686,55.31821396231788
2687,54.639093617115144
2688,53.70752675769052
2689,52.344653611113884
2690,50.64653307106119
2691,48.58651967033866
2692,46.44567737437898
2693,44.23852594841077
2694,41.84174384845719
2695,39.3381211753187
2696,36.690865003901536
2697,33.8885583778193
2698,31.005966743782867
2699,28.080216945751957
2700,25.452090391140533
2701,22.858917643476747
2702,20.467512527758053
2703,18.465145594942708
2704,16.849385064052502
2705,15.541040660565432
2706,14.71088156166126
2707,14.256744138280009
2708,14.008747928100833
2709,13.762181947085157
2710,13.659807151430574
2711,13.690525605601147
2712,13.849188150921922
2713,14.154096903851112
2714,14.538157667240487
2715,15.294959589479875
2716,16.445427575684334
2717,18.15657383103316
2718,20.27704476284098
2719,22.725469483781897
2720,25.207763152061162
2721,27.37133957342572
2722,29.220845918577293
2723,30.64836749295005
2724,31.636588116739702
2725,32.168232508072585
2726,32.3501853377166
2727,32.182929556352136
2728,31.71029783788178
2729,30.987890709579528
2730,30.15223503533324
2731,29.105401852092946
2732,27.973404847799358
2733,26.952242917133862
2734,26.06140318969937
2735,25.31404838853014
2736,24.66384971151291
2737,24.07487986624748
2738,23.529891236880676
2739,23.16791695330896
2740,22.907471277561168
2741,22.73293058710637
2742,22.80639025354534
2743,23.194928413494125
2744,23.94840578074797
2745,24.86692761008898
2746,25.781895684096455
2747,26.755298000950752
2748,27.8045022819531
2749,28.84049549348355
2750,29.59724856988135
2751,29.945897336690212
2752,29.928242232269582
2753,29.762721194832924
2754,29.718763634860696
2755,29.980182615092318
2756,30.710870020847942
2757,31.660980345124962
2758,32.707537640963906
2759,33.594290907235155
2760,34.18363934059554
2761,34.69555137523619
2762,35.3739775278429
2763,36.33459694548085
2764,37.610470170150855
2765,39.09201916792941
2766,40.694487701146805
2767,42.39508211596029
2768,44.04389161444812
2769,45.777783823667384
2770,47.40349118968945
2771,48.960594312600946
2772,50.63448170742028
2773,52.363050665468876
2774,54.115118299390616
2775,55.74461398830236
2776,57.175813583973074
2777,58.42512252396594
2778,59.58152332045856
2779,60.61381466364322
2780,61.42441393801176
2781,61.969084771237405
2782,62.160231754923885
2783,62.038568749300566
2784,61.65370602474007
2785,60.99260444305454
2786,60.17597523049153
2787,59.16655420070787
2788,58.11030666739317
2789,57.0886360751191
2790,56.17109350355054
2791,55.30528875905175
2792,54.410661790530966
2793,53.63233632791789
2794,52.67742181189867
2795,51.779516427390774
2796,51.04782635691478
2797,50.66587483140155
2798,50.467988755026035
2799,50.40926207281039
2800,50.44287331438986
2801,50.517892500388385
2802,50.62607304062691
2803,50.71368611930846
2804,50.67269506008691
2805,50.48747577517347
2806,50.38556980950154
2807,50.40863632947658
2808,50.58117844961295
2809,50.84928997751419
2810,51.21784662852595
2811,51.559645003610875
2812,51.6625981606999
2813,51.54679455009817
2814,51.273998265969865
2815,51.03238309825001
2816,50.72663361687645
2817,50.635191295388225
2818,50.813744575772844
2819,51.111273126296894
2820,51.43938548139581
2821,51.77604210876472
2822,52.13317571842645
2823,52.46279799750227
2824,53.09098540237649
2825,53.89130970591512
2826,54.79266168219907
2827,55.45171960652463
2828,55.81719356929813
2829,55.8771322262743
2830,55.699437368063705
2831,55.647146485656705
2832,55.77903519036692
2833,55.83378557066892
2834,55.92486188448406
2835,56.282911805901634
2836,56.991030613920955
2837,57.7668443691845
2838,58.39381814296324
2839,58.787898280440686
2840,58.96625239260556
2841,58.947930480889
2842,58.75350399155507
2843,58.45050539063901
2844,58.085125204077826
2845,57.69252872017815
2846,57.22437475558959
2847,56.51951383637721
2848,55.69696873248299
2849,54.870956108038655
2850,54.15232512477208
2851,53.34400051578947
2852,52.15241785446646
2853,50.78723505094966
2854,49.449530312331675
2855,48.39090137446382
2856,47.659796137748515
2857,47.21023741663598
2858,46.93020146234421
2859,46.85384256475404
2860,46.972525671285865
2861,47.19394208762907
2862,47.44881867080876
2863,47.672938714244026
2864,47.7574356068295
2865,47.469589927300504
2866,47.077467401729265
2867,46.595362165189336
2868,46.17304025645878
2869,45.5156015123038
2870,44.65888135472541
2871,43.54891674808354
2872,42.364634462727956
2873,41.10829406366703
2874,40.01472541572562
2875,39.10610095377392
2876,38.091822283454334
2877,37.058556010520455
2878,36.1389084384527
2879,35.539277991218455
2880,35.25785699778049
2881,35.011548798501224
2882,34.59634257860268
2883,33.888613474635264
2884,33.005303454368885
2885,32.06322089284332
2886,31.21905777722414
2887,30.442866404941746
2888,29.64984038740591
2889,28.496034832295386
2890,27.207915894105366
2891,26.154131798309628
2892,25.278626073621794
2893,24.62014633095738
2894,24.024084329581576
2895,23.433776523394855
2896,22.873145844254974
2897,22.302987044109095
2898,21.73811939736369
2899,21.168542983116307
2900,20.6512593128215
2901,20.143893613568814
2902,19.770803256586216
2903,19.590007548915224
2904,19.527532037276103
2905,19.655013202349647
2906,19.78940958777496
2907,19.906334443094977
2908,20.073697930942416
2909,20.389230960518283
2910,20.79601838091489
2911,21.377934543856192
2912,22.17362530280643
2913,23.163468772626633
2914,24.331299788131048
2915,25.579682738777038
2916,26.929432001232477
2917,28.284140958817858
2918,29.624608363653103
2919,31.026504139537145
2920,32.59222731197293
2921,34.431381542708536
2922,36.384674237544566
2923,38.40576607532062
2924,40.31658209084165
2925,42.094264474972775
2926,43.541528274201504
2927,44.816960494741785
2928,45.922154448464724
2929,46.99764091188738
2930,47.88308661729542
2931,48.5464403126191
2932,48.690089390944046
2933,48.39639893094214
2934,47.753012922146475
2935,46.9077788332639
2936,45.919429470588014
2937,44.97995122080882
2938,44.19859051257089
2939,43.461967671227065
2940,42.788918902350794
2941,42.28303651411694
2942,42.067637117499935
2943,42.12618697836192
2944,42.45912141862283
2945,43.01104985620817
2946,43.6679473064378
2947,44.33534717060429
2948,45.17345228985524
2949,45.85825382727403
2950,46.32305838258735
2951,46.58154692909632
2952,46.63944943295512
2953,46.58379731976218
2954,46.41761064344042
2955,46.17505326786393
2956,45.86811812363007
2957,45.497017425566774
2958,44.963109301898214
2959,44.290412314234956
2960,43.61116063428639
2961,42.80238363854891
2962,41.99722712594479
2963,41.23083461760118
2964,40.56407313534225
2965,39.873744116558484
2966,39.08138336811209
2967,38.31428044643332
2968,37.3707666591495
2969,36.38867774445147
2970,35.32601534418946
2971,34.311920909128524
2972,33.57644042824946
2973,33.24250346039857
2974,33.47976421250232
2975,34.01583641563928
2976,34.81975660831529
2977,35.33410653662908
2978,35.57337419882669
2979,35.45598146969232
2980,35.233979994375
2981,34.99205944187042
2982,35.03749960808268
2983,35.235014616805515
2984,35.44127855210029
2985,35.7599439178143
2986,36.2353340786081
2987,36.70810602454706
2988,36.99141184638015
2989,37.16787093086931
2990,37.19549402625574
2991,36.981196304769064
2992,36.502031146139245
2993,35.86941570507999
2994,35.256247974844335
2995,34.6483191829775
2996,34.18136482368465
2997,33.994211813782826
2998,34.11056014346388
2999,34.44805861248623
3000,35.004337665698635
3001,35.741228615601074
3002,36.55956718377179
3003,37.14164303838596
3004,37.418286269543586
3005,37.23722220149551
3006,36.77816023752805
3007,36.08333008628994
3008,35.37284981768463
3009,34.76977159505794
3010,34.37670105563981
3011,34.19125352151052
3012,34.17658497310511
3013,34.2870358379785
3014,34.52814177965411
3015,34.880619687537134
3016,35.27108556216754
3017,35.74313009390634
3018,36.292627021011945
3019,36.980200706972425
3020,37.6258663802125
3021,38.18759551593136
3022,38.68860902902272
3023,39.13233794581371
3024,39.28002137609829
3025,39.19558804605443
3026,39.15403363060158
3027,39.206153612032985
3028,39.393357916791025
3029,39.64948422359636
3030,39.878753859530505
3031,40.204630340245046
3032,40.616296124352644
3033,41.064599835467874
3034,41.60440058510301
3035,42.311481434149684
3036,43.291610949515324
3037,44.421392742417254
3038,45.40793770947937
3039,45.9875032963868
3040,46.00311968508965
3041,45.67477795273853
3042,45.233680348624475
3043,44.55216731232127
3044,43.77551908591493
3045,42.83460068044101
3046,41.81073816382313
3047,40.82856646508711
3048,39.92459544818435
3049,39.09198313255151
3050,38.23574887740665
3051,37.34124156337306
3052,36.51642355434506
3053,35.87587748534336
3054,35.49415193558711
3055,35.19388700697562
3056,34.69872514983136
3057,33.97561938721599
3058,33.178179561456524
3059,32.51564830584865
3060,32.035576126582754
3061,31.601205566661562
3062,31.072105338298655
3063,30.493885976005487
3064,29.89013501026571
3065,29.416424192028728
3066,29.046157318303518
3067,28.735845977262507
3068,28.48542195344928
3069,28.28283071712652
3070,28.123413306225224
3071,28.051127618381855
3072,28.05294662420531
3073,28.124246907909868
3074,28.329080734857115
3075,28.262672858771474
3076,27.958644517483137
3077,27.66241330510053
3078,27.404692150327662
3079,27.518003295377568
3080,27.862758287578604
3081,28.25503989746819
3082,28.499946450021163
3083,28.652745889789532
3084,28.925380060699492
3085,29.08108175491902
3086,29.08793293402602
3087,29.011473462012415
3088,28.94927407766979
3089,28.870461416784487
3090,28.64765872467036
3091,28.40209085412028
3092,27.942263055274395
3093,27.585492018839144
3094,27.250408355351304
3095,26.99214872268821
3096,26.746668450738422
3097,26.73356113833924
3098,26.848554636337013
3099,27.02574195261039
3100,27.39769624279115
3101,27.81420986718746
3102,28.128122210052904
3103,28.36848237776394
3104,28.77333957384497
3105,29.52351091558895
3106,30.6956678798919
3107,32.161931527243084
3108,33.74206946401365
3109,35.46792256350294
3110,37.36143827076835
3111,39.52847443395795
3112,41.842918460666354
3113,44.19043924078409
3114,46.14760476293054
3115,47.664728171388305
3116,48.5849932854756
3117,49.119398500897816
3118,49.33432044672397
3119,49.31776916239044
3120,49.22871999175872
3121,49.05021496473326
3122,48.69615238852823
3123,47.9414090213947
3124,46.70802504859168
3125,44.99506687789276
3126,42.87395954014028
3127,40.452499986326146
3128,37.824401553805366
3129,35.51776963272557
3130,33.55744552374831
3131,31.92008899150469
3132,30.55782280189864
3133,29.401704833980798
3134,28.742571384892372
3135,28.169125284185444
3136,27.958690696744277
3137,28.09050150750745
3138,28.418685570149062
3139,28.881270882560116
3140,29.433072714724148
3141,29.89165486061622
3142,30.054139659415725
3143,29.96008022346195
3144,29.789342565678886
3145,29.568404497425472
3146,29.27810504312775
3147,28.894248535688863
3148,28.45337747593285
3149,27.92389905654766
3150,27.366924266398357
3151,26.751017639888325
3152,26.067089126348645
3153,25.13464880245404
3154,23.769809809433873
3155,22.166393739325024
3156,20.478048449965453
3157,18.979736759731427
3158,17.453391576194658
3159,15.98216093147521
3160,14.845751627738965
3161,14.059300041295167
3162,13.572304136290846
3163,13.386093424622167
3164,13.289163046213401
3165,13.171653094968452
3166,13.164681081277541
3167,13.22316274519783
3168,13.14778056456343
3169,12.930279018896147
3170,12.712121784104722
3171,12.31404164429196
3172,11.856051423855131
3173,11.383271793564138
3174,11.17360338449474
3175,11.191185321437139
3176,11.26294220987182
3177,11.421429634721484
3178,11.77990784723015
3179,12.174399224534323
3180,12.63181781821389
3181,13.12592890974734
3182,13.668069534907433
3183,14.241444316877256
3184,14.843514525218618
3185,15.31750851484538
3186,15.71788272032285
3187,16.10223369123234
3188,16.62221380805055
3189,17.40765539628578
3190,18.516933351022978
3191,19.881150089056593
3192,21.068018651145838
3193,22.438707754180385
3194,23.721185662802608
3195,24.94168009951413
3196,26.142208931675857
3197,27.07206411580687
3198,28.175047167024815
3199,29.1345433131381
3200,30.147234486132028
3201,30.99157274023716
3202,31.84098107599641
3203,32.67624229579045
3204,33.398965508114244
3205,33.73856677285805
3206,33.81149674716765
3207,33.77908101865852
3208,33.86404135465843
3209,34.00710569842266
3210,33.97957347916273
3211,33.96006319240087
3212,33.94358195085567
3213,34.112793432240736
3214,34.461623816597836
3215,35.09885753941206
3216,35.47742603195784
3217,35.8548743834379
3218,36.20996544208256
3219,36.285547698789294
3220,36.23823611576572
3221,36.22590233437076
3222,36.52215639505629
3223,37.1016238726103
3224,37.44170707750891
3225,37.29647583100824
3226,36.719898240482195
3227,35.844564215784494
3228,34.68547308991901
3229,33.690682749871016
3230,32.74046745072924
3231,32.09196933013669
3232,31.55377574248282
3233,31.283596509631987
3234,31.190433355939938
3235,31.501890283296255
3236,32.06246949942625
3237,32.920329581589996
3238,33.95262727744752
3239,35.14180331760573
3240,36.47596319289144
3241,37.938338994846994
3242,39.41774216263747
3243,40.77352221634024
3244,41.558045728828
3245,41.67302665653724
3246,40.86643283803064
3247,39.43838610935418
3248,37.718521953522874
3249,36.22224013794964
3250,34.697141460998296
3251,33.18506009387015
3252,31.78786746902644
3253,30.35346357978589
3254,28.792658574815285
3255,27.246876273111038
3256,25.58553396009417
3257,23.848182956538462
3258,22.129563599609245
3259,20.3795896459877
3260,18.768548594965555
3261,17.492601765018613
3262,16.450390884275908
3263,15.560072516019073
3264,14.951543572903992
3265,14.49898405396559
3266,14.027207406214751
3267,13.389724980321365
3268,12.600325512627489
3269,11.888521496077054
3270,11.191589196566133
3271,10.722298031507773
3272,10.657744760991692
3273,11.173380518374668
3274,12.191391606109438
3275,13.527987014909705
3276,15.093414949869887
3277,16.875997402030194
3278,18.99629019614485
3279,21.33049223608232
3280,23.723449454573643
3281,26.34349946362326
3282,29.07639654145249
3283,32.111563559054424
3284,35.21816883598164
3285,37.97707281856505
3286,40.30383747141451
3287,42.285658965057635
3288,43.996860127885746
3289,45.711738424020496
3290,47.52516490798357
3291,49.55628658738398
3292,51.76527408396392
3293,53.6091183207006
3294,54.798503384753154
3295,55.18043833477418
3296,54.978167947639925
3297,54.04538141296263
3298,52.52004294348141
3299,50.51496956211702
3300,48.32573061728648
3301,46.02843647390617
3302,43.82623961634039
3303,41.7691999379025
3304,39.92830999649722
3305,38.368645038407195
3306,37.01173652486887
3307,35.794463467465455
3308,34.5718810432514
3309,33.302415968078265
3310,32.34998133050926
3311,31.874279844979288
3312,31.800339840399488
3313,31.877882296665845
3314,32.055193381147056
3315,32.10611458138505
3316,32.11016346689541
3317,32.1246230175841
3318,32.24338662498098
3319,32.56307286288418
3320,33.09786940342305
3321,33.722246589304476
3322,34.219737812544444
3323,34.525661746235855
3324,34.75960980384343
3325,34.92175297839285
3326,35.24969041065785
3327,35.6646151461527
3328,36.19861228625831
3329,36.88009992584682
3330,37.81694923413614
3331,38.972545681944695
3332,40.18800872963304
3333,41.293817505158
3334,42.298382774832
3335,43.38889473777603
3336,44.46224100072682
3337,45.499171070162475
3338,46.53949282245636
3339,47.6046244151047
3340,48.6588449530676
3341,49.497138807966266
3342,50.08680582039062
3343,50.71345443937077
3344,51.322754066830434
3345,51.96112846546974
3346,52.66418299385161
3347,53.650163773907934
3348,54.81354832815929
3349,55.82208135691976
3350,56.530284291613086
3351,56.4885589076183
3352,55.59920330421128
3353,53.81314186654579
3354,51.51930490220766
3355,48.684801294136214
3356,45.65452690019548
3357,42.840301600845585
3358,40.21759087424505
3359,37.80577631553712
3360,35.23025946451571
3361,32.49167989176822
3362,29.98816848864679
3363,27.810113567931143
3364,25.82919708601606
3365,23.900153608057536
3366,21.94270658298822
3367,19.877205625907987
3368,17.87739533925662
3369,16.026115953432857
3370,14.679690405058434
3371,13.596787230835126
3372,12.710665474904468
3373,12.238339149066038
3374,11.977643147274458
3375,12.296755866076253
3376,13.283876264769532
3377,14.76675997074993
3378,16.453326409351043
3379,18.100410406280652
3380,19.689048230605195
3381,21.0224603315167
3382,22.494437939743428
3383,24.005077163344158
3384,25.7692910646271
3385,27.580871538692833
3386,29.20517494873343
3387,30.7292866978994
3388,31.934043911673726
3389,32.793722582406716
3390,33.17118791441769
3391,33.369095990800965
3392,33.259545207835174
3393,32.555944927700956
3394,31.85405971308224
3395,30.913365942165672
3396,29.920225656379756
3397,28.701776364773693
3398,27.55771324515088
3399,26.90999320061619
3400,26.620265545064946
3401,27.114239225736576
3402,28.295958924097164
3403,29.737554300760124
3404,30.923400290370708
3405,31.91773959504069
3406,32.5094026141144
3407,32.987062895029865
3408,33.22110516852858
3409,33.095611757409145
3410,32.53462986744563
3411,31.607954221303732
3412,30.390954798438017
3413,29.047735409893928
3414,27.699668490014307
3415,26.650641330698022
3416,25.93027413583597
3417,25.38169104680994
3418,24.8417275505819
3419,24.16503298317482
3420,23.57630870953066
3421,22.75475259671015
3422,21.8347563855608
3423,21.07186065937774
3424,20.456235497707326
3425,19.843664370436418
3426,19.15639262838036
3427,18.433155221249415
3428,17.432002511171557
3429,16.164354743361763
3430,14.7634364257916
3431,13.465305197905067
3432,12.26347559089335
3433,11.096289097392777
3434,9.955829808749103
3435,8.958589935890881
3436,8.103502940379407
3437,7.572814942568126
3438,7.541390790263647
3439,7.886058993946543
3440,8.554415728397327
3441,9.53868749552965
3442,10.967539297134843
3443,12.788598426777117
3444,14.70317342111296
3445,16.50689142719292
3446,18.14642851256605
3447,19.644992524261365
3448,21.249417718759723
3449,22.843520656001047
3450,24.34956470133394
3451,25.64042908417052
3452,26.630081884611776
3453,27.546182975522246
3454,28.559542487275134
3455,29.5578949640981
3456,30.41205079403912
3457,31.11142886686271
3458,31.946923328902425
3459,32.871352328559134
3460,34.059867730503626
3461,35.36396454838079
3462,36.88904409213431
3463,38.43014001603145
3464,39.712066450072754
3465,40.23997739063041
3466,39.96549074788214
3467,38.892850134476085
3468,37.164583332171595
3469,34.82030822836512
3470,32.13780636873202
3471,29.40451773514491
3472,26.886807321892036
3473,24.655309558769623
3474,22.59853486068603
3475,20.80725886930049
3476,19.401993870418696
3477,18.179413321391536
3478,17.10533268127999
3479,16.060098769440003
3480,15.080630245550019
3481,14.360755533151973
3482,13.67047859920931
3483,12.964305577507439
3484,12.317774069375513
3485,12.112399298239215
3486,12.462339513654376
3487,13.208696922160556
3488,14.139547508587322
3489,15.145562678129128
3490,16.04985357254936
3491,17.071866359024277
3492,18.264371140072296
3493,19.73347602476419
3494,21.581266179228923
3495,23.669847988392675
3496,26.01918766436214
3497,28.385404129299438
3498,30.726370976601572
3499,33.01667013588876
3500,35.269002501876244
3501,37.318678483165115
3502,38.95932277064287
3503,40.13730077920361
3504,40.803047722159896
3505,40.902657446459536
3506,40.62834164425663
3507,40.06676492446784
3508,39.420307534449975
3509,38.602461931178624
3510,37.72103752035012
3511,36.777671312178676
3512,35.909138330755134
3513,35.08780420257031
3514,34.29818280056775
3515,33.46153643473019
3516,32.55186982665097
3517,31.740570896588324
3518,31.141424747605083
3519,30.62769417573862
3520,30.14358357746277
3521,29.668691323500028
3522,29.19140776980881
3523,28.730601731777824
3524,28.279982251144684
3525,27.833315967339814
3526,27.387110570815672
3527,27.06631656394466
3528,26.976843429175535
3529,26.91604772419546
3530,26.767905095303764
3531,26.614675274677673
3532,26.714336289404287
3533,27.011343424638802
3534,27.269739632292833
3535,27.60790606927741
3536,27.58528577458158
3537,27.282994964675165
3538,26.87528267519769
3539,26.568298206435003
3540,26.28962732062275
3541,26.17009296856908
3542,26.1490788391786
3543,26.434265368093133
3544,26.88574826063034
3545,27.57105659129067
3546,28.428329256387585
3547,29.37508337422355
3548,30.364818912065616
3549,31.49042549514164
3550,32.58375369912176
3551,33.64462035199754
3552,34.856635146334675
3553,36.125018036346525
3554,37.2571650993898
3555,38.18618648297079
3556,38.893260098820406
3557,39.55908794793861
3558,39.79936632156125
3559,39.72956593696265
3560,39.538932389162596
3561,39.11945927555742
3562,38.62210717351713
3563,38.1071886053268
3564,37.52399548414215
3565,36.75814970666801
3566,35.666672149711886
3567,34.13859010438066
3568,32.45214872339252
3569,30.57415379434447
3570,28.659377184319943
3571,26.759955367786553
3572,24.807909969613423
3573,22.894756646876502
3574,21.080963465905306
3575,19.590587084127765
3576,18.363832758700134
3577,17.422365455637465
3578,16.71222795271844
3579,16.534410793480987
3580,16.88579628267029
3581,17.716830455269772
3582,19.00790758755604
3583,20.728283772654887
3584,22.785122602003128
3585,24.740884969902083
3586,26.444471164295393
3587,27.712354189834755
3588,28.565882865920877
3589,29.13225224341652
3590,29.607084617891715
3591,30.020188783685136
3592,30.470039339871274
3593,30.811570792027254
3594,31.032825036842382
3595,31.22394013647133
3596,31.261382349969352
3597,31.163798585426115
3598,30.985875963540487
3599,31.043473406767752
3600,31.446295634282734
3601,32.05073020210829
3602,32.79734729438575
3603,33.75048605294587
3604,35.123805350627606
3605,36.64755260804327
3606,38.25466811349768
3607,39.55299228789083
3608,40.660428494843856
3609,41.581719137306145
3610,42.4019719618801
3611,43.01146710357961
3612,43.454291110927954
3613,43.623121082108646
3614,43.44665302580954
3615,43.134658414218706
3616,42.77254520444614
3617,42.17542394329199
3618,41.577206207858154
3619,41.03167245779998
3620,40.505618795124406
3621,39.85982613137444
3622,39.10312135554984
3623,38.06873640228906
3624,36.80603703782026
3625,35.40470369596755
3626,33.771813984412866
3627,31.9691558028608
3628,30.055108883758333
3629,27.848059274746177
3630,25.416439751257826
3631,22.992229080085433
3632,20.793465003253683
3633,18.77949059140721
3634,17.05905344923714
3635,15.818433383976878
3636,15.485888102394052
3637,16.085131732664205
3638,17.590254322355918
3639,19.86504816852559
3640,22.83958480039706
3641,26.29709744360624
3642,29.789744916980638
3643,33.390560695366844
3644,36.93177938694952
3645,40.4787524999246
3646,43.42579125417515
3647,45.60708343428444
3648,47.50480763097952
3649,48.51456131606648
3650,48.89651009413823
3651,48.67436675172828
3652,48.123959065618756
3653,47.30810573760196
3654,46.34808048102829
3655,45.46682930190961
3656,44.636585013338724
3657,43.79226252939206
3658,43.03059719756817
3659,42.46350581016886
3660,42.22478861562356
3661,42.222082201076
3662,42.16132955763729
3663,42.16484494670411
3664,42.04590298407792
3665,41.66093967315305
3666,40.98176893246079
3667,40.36614109622704
3668,40.14937828176069
3669,40.40754263836353
3670,40.8624981797987
3671,41.36423920239442
3672,42.14114163330166
3673,43.37109042133792
3674,44.89908324360731
3675,46.57743655240992
3676,48.274874574708434
3677,49.88098089806251
3678,51.298420272073635
3679,52.58112303508827
3680,53.787367752691345
3681,54.734428638703044
3682,55.38880279662465
3683,55.58122837776477
3684,55.155723387882134
3685,54.394747169400176
3686,53.41489077312652
3687,52.483679452626944
3688,51.63841878918601
3689,50.919820150593814
3690,50.35802814041663
3691,49.88333165122649
3692,49.54277627288602
3693,49.27556541619929
3694,49.05150712345627
3695,48.881233853226725
3696,48.746216963478965
3697,48.6416455222245
3698,48.607983377795165
3699,48.6582208857104
3700,48.89302314444455
3701,49.33530089102901
3702,49.89112238276082
3703,50.58780533683571
3704,51.34632213568365
3705,52.006231750681366
3706,52.708605954773226
3707,53.26407128147841
3708,53.433337990161704
3709,53.26618222570333
3710,52.90814881463342
3711,52.647481193083614
3712,52.299489445037025
3713,51.81428088336649
3714,51.32043352257638
3715,50.77607777202181
3716,50.261741887859046
3717,49.842362768567654
3718,49.28096392863018
3719,48.71690318490116
3720,48.11091751718125
3721,47.52173167031053
3722,47.16321399276963
3723,47.16074785381896
3724,47.26442266348501
3725,47.462650882715295
3726,47.47964175351099
3727,47.442297134017
3728,47.04615323503476
3729,46.4155464898831
3730,45.503672831103984
3731,44.412173069559834
3732,43.201617076710995
3733,41.99625602845512
3734,40.80775963483441
3735,39.60683079638594
3736,38.43180425728736
3737,37.39272424772711
3738,36.6038324227345
3739,35.80226828300379
3740,34.92839416361
3741,34.06838223906651
3742,33.17987139306421
3743,32.09863467320082
3744,30.943767322819372
3745,29.914250317058496
3746,29.111881129680064
3747,28.160386916997286
3748,27.036940990543645
3749,25.86640659734411
3750,24.918957995246082
3751,24.25481328811736
3752,23.859214559977534
3753,23.701389500851427
3754,23.748776698155087
3755,23.997508809004128
3756,24.377762639676458
3757,25.086241256716086
3758,25.82578463489559
3759,26.49050670159705
3760,26.886759070773586
3761,26.93018072322747
3762,26.96795756086235
3763,26.736191279019653
3764,26.557314295730922
3765,26.37118101382303
3766,25.897163433360426
3767,25.36691967570342
3768,24.870228130974887
3769,24.552457024683044
3770,24.45732814564291
3771,24.437595368752913
3772,24.499861724678862
3773,24.403610202853137
3774,24.404318351485447
3775,24.208542358983884
3776,24.03386577242145
3777,24.06231551129637
3778,24.353752629281043
3779,24.685822182971794
3780,25.130955860344834
3781,25.727106445933025
3782,26.723588625096337
3783,27.927029248670998
3784,29.180316441241672
3785,30.396510867886
3786,31.53973070161513
3787,32.333765738686324
3788,32.9683823948851
3789,33.5037773728298
3790,34.05452472512466
3791,35.06741772100887
3792,36.28347261532784
3793,37.61891755815074
3794,38.921727659665976
3795,40.44371744448889
3796,42.31646782240256
3797,44.13702925908628
3798,45.63993101852445
3799,46.54065711711704
3800,47.13050015301178
3801,47.51677382632476
3802,47.94415123320633
3803,48.531529261964636
3804,49.35197162574959
3805,50.46052654842935
3806,51.457089650706465
3807,51.91030040027463
3808,51.65352492470039
3809,50.794980688456555
3810,49.25241170823301
3811,47.182241978937554
3812,44.895547277273536
3813,42.926481703372176
3814,41.2129191150372
3815,39.896384900483646
3816,38.89289135862351
3817,38.04212608632692
3818,37.28718537416391
3819,36.63038695458209
3820,35.822662871182786
3821,34.904440490778185
3822,33.96113268789572
3823,33.14349638379589
3824,32.3263227094494
3825,31.1744776245242
3826,29.72364097795652
3827,28.444178718706638
3828,27.5043035866998
3829,26.905505651072144
3830,26.44387742105229
3831,25.9991895910726
3832,25.703517062217664
3833,25.511929644885946
3834,25.333801672016204
3835,25.32834862451995
3836,25.377307599081224
3837,25.379682763819517
3838,25.359742094880215
3839,25.30531592447336
3840,25.19182244992414
3841,25.111118720641002
3842,25.002004879038573
3843,24.811510467202265
3844,24.71016020808418
3845,24.753420686192122
3846,24.62347417287267
3847,24.343608812871903
3848,23.900344603363546
3849,23.732627069648636
3850,23.81345740668283
3851,23.9893582746937
3852,24.347764883126978
3853,24.59236730208329
3854,24.788625260145164
3855,25.154399072146397
3856,25.923515320042434
3857,26.898559833925198
3858,27.97075159590122
3859,29.1280813176984
3860,30.1762827618158
3861,31.268326753098897
3862,32.30466548131521
3863,33.31732254358065
3864,33.975690847145145
3865,34.14487971772492
3866,33.59737638467895
3867,32.45887554105487
3868,30.796962202664655
3869,28.945542558778897
3870,27.249543996768274
3871,25.755400202149914
3872,24.480205130234953
3873,23.460861693122393
3874,22.84385221405308
3875,22.517013323356846
3876,22.232663488451124
3877,22.26722719048431
3878,22.57382909580822
3879,22.831135543418817
3880,22.88902537898356
3881,22.98704790118356
3882,23.126135119646236
3883,23.520657791871812
3884,24.157724311892494
3885,25.04784657961323
3886,25.996963999701467
3887,26.71254447640912
3888,27.15001614232146
3889,27.466764784889726
3890,27.67201933060779
3891,27.917278034746197
3892,28.159766631915492
3893,28.44907928179176
3894,28.844606643683345
3895,29.501714793515276
3896,30.41193361355014
3897,31.657037570060332
3898,32.88717707369057
3899,33.9877665503233
3900,34.800699104693464
3901,35.48208761664266
3902,35.87295857004686
3903,36.023148489732264
3904,36.122917742121736
3905,36.099118284079225
3906,35.91365977606961
3907,35.61759222368072
3908,35.35035210304316
3909,35.0344743955425
3910,34.70649943372145
3911,34.4289577237715
3912,34.23441640856463
3913,34.111634854727285
3914,34.094461791025594
3915,34.208503898627086
3916,34.52100838348353
3917,34.93595504793545
3918,35.391297672555986
3919,35.87916594452957
3920,36.40945702533756
3921,36.88048217147234
3922,37.24311056523115
3923,37.48668668803257
3924,37.63625406184049
3925,37.69382783079504
3926,37.66436461858878
3927,37.540919330763316
3928,37.16812506325515
3929,36.6532882586902
3930,36.199246408571625
3931,35.81985987653828
3932,35.62586835706555
3933,35.45709573512427
3934,35.29258073834355
3935,35.10053819988905
3936,34.89702215372707
3937,34.80065788284101
3938,34.80599622743843
3939,34.86509268606149
3940,34.973003813969854
3941,35.187876169222136
3942,35.65406785885765
3943,36.19552379405857
3944,37.021377477683195
3945,37.932535955154414
3946,38.76564614096716
3947,39.24030855641321
3948,39.477061831976414
3949,39.641721778657555
3950,39.80648696891347
3951,40.061588861535775
3952,40.47346040341684
3953,40.99937769291668
3954,41.469250023511215
3955,41.88902774762893
3956,42.23314490047107
3957,42.41506824279008
3958,42.43774443585811
3959,42.28399305065865
3960,42.131533903422934
3961,42.03440844472597
3962,42.05727408454719
3963,42.005012563946835
3964,41.88076849322388
3965,41.80324848273574
3966,41.9941570856729
3967,42.50408679144498
3968,43.15440512394022
3969,43.764756309464715
3970,44.401834554892076
3971,44.86832789586494
3972,45.1799255046711
3973,45.440665679851534
3974,45.781089623429104
3975,46.1766331291504
3976,46.504460864347344
3977,46.64290651477441
3978,46.26443028880106
3979,45.170942531215196
3980,43.44125551054748
3981,41.262160967813195
3982,38.688434158506
3983,35.682359249480804
3984,32.44720954000971
3985,29.194907113747174
3986,26.302352778680792
3987,24.06826066046929
3988,22.525005922814124
3989,21.41721421415672
3990,20.453435427624775
3991,19.78985015287156
3992,19.44426801911634
3993,19.4369488914129
3994,19.409743736980243
3995,19.602359302420503
3996,20.059557145954667
3997,21.02123588934203
3998,22.212302827727388
3999,23.399044218223352
4000,24.646813399262662
4001,25.79069311601033
4002,26.93179065494281
4003,28.07011214491385
4004,29.346191650637884
4005,30.74720987989406
4006,32.20385839301353
4007,33.47769088226879
4008,34.81950295750898
4009,36.259998354932215
4010,37.84188204396572
4011,39.3071251474005
4012,40.65161255566804
4013,41.835405301212894
4014,42.82775649484465
4015,43.829074211543954
4016,45.12099088865799
4017,46.44207141738212
4018,47.87808792499165
4019,49.22589550468838
4020,50.2738379668634
4021,50.737556215591
4022,50.73952512338485
4023,50.13768661160713
4024,49.28821005162397
4025,48.393350678282296
4026,47.536093484930994
4027,46.6832916133673
4028,45.66196480132765
4029,44.75502931518988
4030,44.112664755980795
4031,43.93216130971248
4032,44.20135555743305
4033,44.80644855657733
4034,45.476878404334514
4035,45.910115979841606
4036,46.08179931242286
4037,45.9201632960555
4038,45.57844258530168
4039,45.082707580393844
4040,44.3861408993989
4041,43.62441511778139
4042,42.66957316100882
4043,41.57061993466137
4044,40.36476250682798
4045,39.26540674138617
4046,38.65499024288271
4047,38.1239278891847
4048,37.996532041943325
4049,38.05767675988493
4050,37.92690840904733
4051,37.76136099993306
4052,37.65681001128734
4053,37.5764060955387
4054,37.51704431438313
4055,37.58728264201726
4056,37.91245254963573
4057,38.19485809616871
4058,38.368166710937864
4059,38.01967586895769
4060,37.32251732100205
4061,36.50433550236418
4062,35.69311986610221
4063,34.668211690287094
4064,33.47986134878228
4065,32.135726358495006
4066,30.635908555963894
4067,29.03232018344103
4068,27.405339766440218
4069,26.074447595571183
4070,25.106720666535498
4071,24.568876694837588
4072,24.340749998216694
4073,24.39465312396453
4074,24.664284068888993
4075,24.84152846234296
4076,24.835574952610486
4077,24.740308492087184
4078,24.411766103643394
4079,23.96710564633115
4080,23.552881455820717
4081,23.016374084910453
4082,22.36034817174054
4083,21.696124044532553
4084,21.06392294956185
4085,20.34339143151973
4086,19.662405922331395
4087,19.165179882916117
4088,18.837043783122276
4089,18.481198854670627
4090,18.097184096247716
4091,17.733825620094585
4092,17.436000782189474
4093,17.11754104696296
4094,16.760858932833514
4095,16.360838698476005
4096,15.936015009044292
4097,15.637456564046715
4098,15.533288731060765
4099,15.594879568278788
4100,15.705051711857003
4101,15.890177130375225
4102,16.229540622988722
4103,16.546808874409244
4104,16.822832253145098
4105,17.11600324467218
4106,17.375326616807317
4107,17.594639629034347
4108,17.675051737777324
4109,17.70383602545666
4110,17.517996377896907
4111,17.19685111793316
4112,16.756938835183007
4113,16.366388936507953
4114,16.017006860605743
4115,15.623158066889928
4116,15.092652452853278
4117,14.615477065583441
4118,14.291534225987638
4119,14.194790197823377
4120,14.238573037874243
4121,14.501058620602368
4122,14.966070987309365
4123,15.649468482851969
4124,16.5012573038452
4125,17.559208891162193
4126,18.849227062871993
4127,20.35152063012064
4128,22.074051639882455
4129,23.94628084239819
4130,26.056239484494455
4131,28.2093630328796
4132,30.150033475294265
4133,31.89100231857548
4134,33.43812570450804
4135,34.92406305580409
4136,36.333171039361396
4137,37.640993901858174
4138,38.88098324934346
4139,40.098396761154056
4140,41.212897496740354
4141,42.075589255340795
4142,42.80118692736989
4143,43.40416531443597
4144,43.89403593331339
4145,44.26242891279601
4146,44.43915828078197
4147,44.56815465619101
4148,44.51124555811624
4149,44.189096054533195
4150,43.5468997718038
4151,42.600650362444505
4152,41.3691483238421
4153,39.87903313838831
4154,38.2548116863767
4155,36.67517977874915
4156,35.201196671757145
4157,34.116634909897414
4158,33.33303248407854
4159,32.870993390487904
4160,32.405232458783054
4161,32.000020448199834
4162,31.57685941525899
4163,31.30634985060465
4164,31.318448128387253
4165,31.352675081180045
4166,31.273186483834685
4167,30.94578930114107
4168,30.384591866409654
4169,29.721887289111148
4170,29.020950992904403
4171,28.463947016362795
4172,28.01599309990769
4173,27.672905453010706
4174,27.368793966018412
4175,27.079936810933134
4176,26.886141066537306
4177,26.768196268085884
4178,26.583637957175668
4179,26.505255605149546
4180,26.550925554762284
4181,26.638422923995503
4182,26.609214206951044
4183,26.413489654202102
4184,26.02560890907379
4185,25.482093883871556
4186,24.679718613329296
4187,23.522318542790448
4188,22.149638378094227
4189,20.912012563014795
4190,19.812706449565372
4191,18.71116520085217
4192,17.43373975803344
4193,16.10999131994399
4194,14.998741376624745
4195,14.18188768298301
4196,13.707477873086448
4197,13.592629276022322
4198,13.952554412764076
4199,14.834069979334842
4200,15.975696489155172
4201,17.236778325522412
4202,18.563077250930657
4203,20.047625814011607
4204,21.595588586222878
4205,23.089958310860986
4206,24.388919502988948
4207,25.358487325213876
4208,26.13823486553376
4209,26.657941813720818
4210,26.960427058396977
4211,27.242331349877258
4212,27.602771001729714
4213,27.947827958210166
4214,28.52231977987701
4215,29.222355061291296
4216,29.880400845736517
4217,30.271941204043706
4218,30.61258131577096
4219,30.805830831993603
4220,30.87357779712131
4221,30.89110813814618
4222,30.838943320538565
4223,30.8929881754761
4224,30.947693211824088
4225,30.995248758964806
4226,31.020017568629086
4227,30.99128308536373
4228,30.854345463263247
4229,30.78402547901895
4230,30.936242584624782
4231,31.159602214010622
4232,31.523006974274164
4233,31.946235797569784
4234,32.36340940698246
4235,32.75594356319751
4236,32.99511904125847
4237,33.220856118621484
4238,33.38553768217813
4239,33.58280376394064
4240,33.727015597539534
4241,33.82273675272059
4242,33.71224947493441
4243,33.29302310471292
4244,32.57560018437384
4245,31.667868530470756
4246,30.536573746916865
4247,29.272598340386367
4248,27.958700039368708
4249,26.878241642523147
4250,26.008944633129566
4251,25.083803784473208
4252,23.90983995378327
4253,22.654327108168392
4254,21.398718792560324
4255,20.195710257580668
4256,18.94999386226092
4257,17.816430076502876
4258,16.866073450751482
4259,16.243654914328577
4260,15.700975732297207
4261,15.204103807465405
4262,15.003881013247835
4263,15.38355933613925
4264,16.523345316716846
4265,18.215614052707807
4266,20.54110586487542
4267,23.762037542545507
4268,27.26623926966366
4269,30.722329312343728
4270,33.84622461060982
4271,36.66725792283837
4272,39.25344474414997
4273,41.64305770326894
4274,43.74555637544419
4275,45.57473022023665
4276,47.24827105475484
4277,48.6654998927001
4278,49.80001451130563
4279,50.736710503757884
4280,51.72044659386844
4281,52.723534578987305
4282,53.575350795933566
4283,54.35026156469127
4284,55.242420152290585
4285,56.21932694038728
4286,56.927959278896616
4287,57.49510400392529
4288,57.748647661218406
4289,57.7371122354713
4290,57.55517415981172
4291,57.28674987845581
4292,56.99164632139196
4293,56.77952389143477
4294,56.66032626787839
4295,56.697500202396114
4296,56.68753462316793
4297,56.572855231299215
4298,56.39463335496662
4299,56.0674774459902
4300,55.461919709534754
4301,54.596814904493996
4302,53.76134092202459
4303,52.972055413711836
4304,52.1490840624282
4305,51.25836364587961
4306,50.37294163595226
4307,49.24898433549093
4308,47.90523683505826
4309,46.3250063836092
4310,44.72823062905778
4311,43.27343947182426
4312,41.999357722731226
4313,40.878076432901615
4314,39.457595588209344
4315,37.69968578598435
4316,35.57320492683409
4317,33.34614186240661
4318,31.115096968212516
4319,29.25442914880057
4320,28.02178174629416
4321,27.560043258754863
4322,27.864785466508742
4323,28.847833672673783
4324,30.384309476310605
4325,32.12127567853236
4326,33.54259529078946
4327,34.57865841064834
4328,35.4044229126534
4329,36.299323381790344
4330,37.46259090536854
4331,38.82700835027881
4332,40.014051527350745
4333,41.20820709013874
4334,42.45329441708171
4335,43.65647329068041
4336,44.99279737536352
4337,46.47652632700064
4338,47.967397844182216
4339,49.14885436421476
4340,50.029306951622345
4341,50.7097604006631
4342,51.243755307650254
4343,51.88583640673708
4344,52.39962492534321
4345,52.7949322894089
4346,52.9245080075339
4347,52.863941473546845
4348,52.674104006367
4349,52.47825426452964
4350,52.367315710811326
4351,52.31939107879056
4352,52.33515988993657
4353,52.2278688055644
4354,51.89114753889903
4355,51.48301299976366
4356,51.02392835690799
4357,50.41202537725512
4358,49.54472945656459
4359,48.360845150278806
4360,46.95143644326429
4361,45.411478793087454
4362,43.90205451849897
4363,42.40249873180757
4364,40.76706847773518
4365,38.88348836930061
4366,36.73475592715335
4367,34.59243029034563
4368,32.27813410406483
4369,30.020385993673322
4370,28.101652957103635
4371,26.51118874185268
4372,25.133920934057848
4373,23.75866597862821
4374,22.31670565819761
4375,20.897610730241308
4376,19.59502268648093
4377,18.43037758421039
4378,17.32807361325508
4379,16.272821481339783
4380,15.262277972021321
4381,14.291253155392058
4382,13.44386333225848
4383,12.819396846056337
4384,12.542094286121813
4385,12.39690695102813
4386,12.292333844249276
4387,12.179940160327483
4388,11.94774904137479
4389,11.745742767885947
4390,11.65226365218412
4391,11.70000842907511
4392,11.90562883208716
4393,12.286465503113622
4394,12.795418684292038
4395,13.261860916850546
4396,13.771110403745999
4397,14.340391172261363
4398,15.02879705943504
4399,15.890243762491181
4400,16.926145405989814
4401,18.173665824474416
4402,19.599694218860364
4403,21.030174647757605
4404,22.393468313278802
4405,23.694500763665122
4406,24.901953158426018
4407,26.011113328802303
4408,27.146275452233372
4409,28.376368385646117
4410,29.628140871509842
4411,30.914683092310575
4412,32.08735657650633
4413,33.06530290389955
4414,33.94936556738769
4415,34.694557182632686
4416,35.330048182167246
4417,35.80158761553867
4418,36.1553741321633
4419,36.243289811382574
4420,36.15256568945334
4421,36.01906687090986
4422,35.952743701448185
4423,35.834962891981576
4424,35.6696822737498
4425,35.43265715012892
4426,35.25191268080793
4427,35.18250560392911
4428,35.183250267499304
4429,35.23846833230452
4430,35.42838225732952
4431,35.77962272790879
4432,36.37607635435603
4433,36.93541050630151
4434,37.08501676741035
4435,36.7442383609512
4436,36.034406702102494
4437,34.8471356168756
4438,33.22438070859419
4439,31.21209989960351
4440,29.232183247782004
4441,27.382725078198774
4442,25.582988369814746
4443,23.942821764575864
4444,22.552246211335827
4445,21.51495606569668
4446,20.61251363899062
4447,19.63543518304011
4448,18.06864698810365
4449,16.272787312783944
4450,14.787896520362914
4451,13.637963202027885
4452,12.840053233727936
4453,12.30256841001078
4454,12.106177530161867
4455,12.269535717472206
4456,12.7398085013644
4457,13.19871167702221
4458,13.554127825119071
4459,13.848559584562434
4460,14.129228875942289
4461,14.651651664801038
4462,15.733556957610901
4463,17.16365606841371
4464,18.698779163392828
4465,20.317126930606243
4466,21.73565574045424
4467,23.264959501895373
4468,25.075642590820955
4469,27.053927949028775
4470,29.075299326943764
4471,31.079235206403478
4472,33.23671208146865
4473,35.13608495237692
4474,36.55265931211721
4475,37.67227557701432
4476,38.52944501509968
4477,39.07925319179836
4478,39.421479754850026
4479,39.61740965618478
4480,39.803931645975396
4481,40.11189535091806
4482,40.533054631883275
4483,40.70555184492164
4484,40.646853082944496
4485,40.6444921559212
4486,40.616299872145916
4487,40.64307487330324
4488,40.85381441491609
4489,41.254831778338286
4490,41.66735018351861
4491,41.945224767055585
4492,41.935952372201854
4493,41.68499688165995
4494,41.221506637751084
4495,40.56373716841644
4496,39.69064114278543
4497,38.7819005258208
4498,37.97276567083413
4499,37.33683776558641
4500,36.71188640590775
4501,35.96611980786383
4502,35.01360372070873
4503,34.1849147248838
4504,33.24507726748308
4505,32.42359243210223
4506,31.874174684902005
4507,31.539377254249388
4508,31.324424659340718
4509,31.278352425515486
4510,31.319819675009466
4511,31.324524250970526
4512,31.1264487108776
4513,30.77306647144223
4514,30.48187458159884
4515,30.23709959030761
4516,30.0931281833667
4517,30.09076118987698
4518,30.255755183375843
4519,30.424849396725513
4520,30.644945612433677
4521,30.876027433745453
4522,31.165487307347245
4523,31.426593625805573
4524,31.771753473235382
4525,31.88108209821827
4526,31.83870294740786
4527,31.469035426011153
4528,30.835862580847223
4529,30.189539853701763
4530,29.636052362519244
4531,29.454385630774297
4532,29.86341725581189
4533,30.89610691519186
4534,32.09777060600127
4535,33.063547432690434
4536,33.605507244000464
4537,33.85572612492255
4538,34.00192471433925
4539,34.13998643060083
4540,34.37468256346294
4541,34.65920948405558
4542,34.8831888111098
4543,34.74321252815793
4544,34.1478880069591
4545,33.25707408582119
4546,32.472852124883154
4547,31.602341073378703
4548,30.525441186055332
4549,29.26930526683543
4550,27.787100152915645
4551,26.101138211951593
4552,24.285424106978688
4553,22.470524612159753
4554,20.677869381391233
4555,19.204029783848167
4556,18.086073901831163
4557,17.497981245027418
4558,17.352123166644414
4559,17.44861314485243
4560,17.532559425893407
4561,17.74075902764882
4562,18.117913125916722
4563,18.719896113176524
4564,19.368818803988248
4565,20.046331732345337
4566,20.63553616776133
4567,21.192038766534452
4568,21.58543444892129
4569,21.80223382447437
4570,21.84608128934879
4571,21.899621508477985
4572,22.17277581886631
4573,22.77980304835137
4574,23.49196488246324
4575,24.136010132713135
4576,24.355017273277223
4577,24.30228192801006
4578,24.12806799341655
4579,24.04315411967429
4580,24.35079735075467
4581,24.85863310697372
4582,25.642673655273327
4583,26.616105090148096
4584,27.608200002828177
4585,28.626291049125165
4586,29.466860586614395
4587,30.0191958132499
4588,30.397140239733353
4589,30.755776877064662
4590,31.15741147004215
4591,31.538968157815066
4592,31.937390989338105
4593,32.544962337811775
4594,33.14818158637182
4595,33.726295426643226
4596,34.044725820606104
4597,34.214313073699664
4598,34.25958754893063
4599,34.348031163771935
4600,34.3019316920087
4601,34.12337959655079
4602,33.908685362157094
4603,33.755032907749374
4604,33.72587928079726
4605,33.940858872170494
4606,34.36488649885122
4607,34.992781138991525
4608,35.80090751223464
4609,36.759372811414075
4610,37.752010786758696
4611,38.59101112619769
4612,39.184289089740176
4613,39.548814265950284
4614,39.683501944110205
4615,39.8345727280468
4616,40.07661770662102
4617,40.287196837980595
4618,40.61860061036697
4619,40.92386998272808
4620,41.368155325433804
4621,41.97857684764441
4622,42.65443621386793
4623,43.26574013391359
4624,43.637475941250756
4625,43.93284532003563
4626,44.133007859562376
4627,44.252474552985376
4628,44.15373323668494
4629,43.921899912786856
4630,43.59318128225257
4631,43.08590344766673
4632,42.361814331873006
4633,41.48681136503573
4634,40.60420179547554
4635,39.68518403623166
4636,38.60141625175234
4637,37.31585605368474
4638,36.04428607931468
4639,35.09748981668382
4640,34.56903948376858
4641,34.386094361685906
4642,34.46779879733956
4643,34.67551180183593
4644,35.05834968319046
4645,35.56988548308582
4646,36.09540231431019
4647,36.7746699834037
4648,37.61817318795488
4649,38.60156575976063
4650,39.5149448707799
4651,40.21433623138228
4652,40.59968200652595
4653,40.78039494368657
4654,40.858456565031524
4655,40.965351163761596
4656,41.142277361388
4657,41.25315645309342
4658,41.18601013071256
4659,40.91943112903728
4660,40.49974509639367
4661,40.03033856245505
4662,39.483016878214954
4663,38.84571632878791
4664,38.09010108864602
4665,37.23744681488345
4666,36.300116504692916
4667,35.31970830338464
4668,34.400785639151344
4669,33.31740938081928
4670,32.291920466031215
4671,31.247125531609935
4672,30.099208690580603
4673,28.695882319468026
4674,27.474988376600088
4675,25.99080760193421
4676,24.77307615175606
4677,24.10264922375991
4678,23.885843014894423
4679,24.049550767919474
4680,24.407176286014572
4681,25.153059815476357
4682,26.20644765142952
4683,27.39300341170272
4684,28.783506126011307
4685,30.449807927125548
4686,31.998826828642542
4687,33.151369440625324
4688,34.10416576768077
4689,34.92953376842317
4690,35.497826404726325
4691,35.80815040691394
4692,35.39284925417746
4693,34.57886334900878
4694,33.52656278493492
4695,32.27712659357701
4696,30.94251666350155
4697,29.488807569132042
4698,28.292002412199707
4699,27.411825233588356
4700,26.562618358361902
4701,25.74239299212789
4702,25.088876885279472
4703,24.882261672450632
4704,25.122993482992605
4705,25.65787319450846
4706,26.478464492471165
4707,27.2661513142537
4708,27.940109677677803
4709,28.599293376913145
4710,29.487851246163906
4711,30.63748543523908
4712,31.947479290269044
4713,33.297792024808274
4714,34.16844179328466
4715,34.91184711800757
4716,35.18919018231562
4717,35.22515284135501
4718,35.01188333242317
4719,34.619606930680575
4720,33.925875288088605
4721,32.92914579188912
4722,31.67429443245733
4723,30.217487475583958
4724,28.601814640697462
4725,27.315385719860817
4726,26.46043280849016
4727,26.07496062266302
4728,25.974656760410134
4729,26.154588283902726
4730,26.490603770835836
4731,26.782937244467643
4732,27.08369359516123
4733,27.289233452039024
4734,27.47716367263881
4735,27.66168764176073
4736,27.80612940299405
4737,27.990663760281635
4738,28.211710446935747
4739,28.630447978406295
4740,29.068894493202777
4741,29.674403061133585
4742,30.36718902918202
4743,31.195024818190973
4744,32.1303030774216
4745,33.231503427791395
4746,34.37223175996782
4747,35.64349113462917
4748,36.791686052516866
4749,37.861804325806645
4750,38.94842261265195
4751,40.142256626374234
4752,41.28170958789598
4753,42.08701387764848
4754,42.67847087402632
4755,42.90589992934526
4756,42.74939852345292
4757,42.28466366334959
4758,41.8461410412747
4759,41.547230139956554
4760,41.48910675777783
4761,41.619180412671405
4762,41.82979145871984
4763,42.17082051251569
4764,42.56629778438774
4765,42.921563852268804
4766,43.186562266620825
4767,43.39738947094113
4768,43.573885726698386
4769,43.745002752744746
4770,43.94134889197421
4771,44.24541919993037
4772,44.69382612330127
4773,45.350194949971204
4774,46.15766572756905
4775,47.09683630335022
4776,48.179625589271055
4777,49.36764187904821
4778,50.635835688175405
4779,51.970596256772616
4780,53.36228289548654
4781,54.71259134934917
4782,55.854883074820556
4783,56.72893432345529
4784,57.285781060215555
4785,57.453014200949426
4786,57.22699947624363
4787,56.58184413312602
4788,56.0205589846137
4789,55.26978994980056
4790,54.40088567471045
4791,53.33832905884024
4792,52.161106634009506
4793,50.762520375989354
4794,49.34898015958865
4795,47.91843212474526
4796,46.75935791162321
4797,45.807145175359764
4798,44.95624478026394
4799,44.006916850444036
4800,43.01089847530192
4801,42.12223702065464
4802,41.46687698972554
4803,40.910056853727816
4804,40.41921062076863
4805,40.078782760430144
4806,39.8187967303152
4807,39.654326206920246
4808,39.556298281642576
4809,39.288861116212004
4810,39.006937719964064
4811,38.77055798697135
4812,38.56568290676256
4813,38.20765041416149
4814,37.75129080790454
4815,37.092566302300966
4816,36.223580875067725
4817,35.2322390992256
4818,34.12686024935633
4819,33.19935019100472
4820,32.39344535842849
4821,31.81278569891468
4822,31.524730707123528
4823,31.433043962847556
4824,31.53247725025966
4825,31.659209780078726
4826,31.829168481466017
4827,32.04709924694889
4828,32.30760987380992
4829,32.507550956027096
4830,32.70890849801398
4831,32.86459919558711
4832,33.03732904539127
4833,33.26799244474812
4834,33.50297763755797
4835,33.7439537926637
4836,34.00003982282192
4837,34.25892236270563
4838,34.578603309140874
4839,34.99489785821932
4840,35.55211475655371
4841,36.270235193678324
4842,37.3277327541761
4843,38.63086419102834
4844,40.01771352189093
4845,41.22427243974139
4846,42.27472951480438
4847,43.110421151705225
4848,43.84036958381125
4849,44.826826505937426
4850,45.918541625916596
4851,46.92174686515053
4852,47.845499272403295
4853,48.54251802021081
4854,49.16051080547849
4855,49.790584344425234
4856,50.476858087622304
4857,51.15504949775588
4858,51.63929653843089
4859,51.71573521781805
4860,51.55383704178301
4861,51.19220557544668
4862,50.74938249892446
4863,50.24898205812677
4864,49.898346315120705
4865,49.58560991680914
4866,49.373001068898496
4867,49.08630282048896
4868,48.806751088920834
4869,48.1966265563118
4870,47.36511501166428
4871,46.11715323479427
4872,44.65581144114972
4873,43.161371010588184
4874,41.47438574714461
4875,39.45358274612653
4876,37.40978644652809
4877,35.422659009744734
4878,33.60883248505818
4879,32.037078980371234
4880,30.728174843465506
4881,29.837830664600666
4882,29.062977033130156
4883,28.201026844717113
4884,27.186790573492484
4885,26.127044758929625
4886,25.51153365757939
4887,25.38231336412328
4888,25.54299421605689
4889,25.699968998374434
4890,25.685732369224986
4891,25.3579355159766
4892,24.710842643562025
4893,23.759748774057186
4894,22.562606655706578
4895,21.336805997723218
4896,20.30203975456172
4897,19.541631346988517
4898,18.97109364429635
4899,18.422734336287753
4900,17.884343027314692
4901,17.352412417602743
4902,16.889632787153346
4903,16.54143452793292
4904,16.356161148752204
4905,16.45764361253796
4906,16.838026050101348
4907,17.46121472928238
4908,18.341771228811986
4909,19.31617210521443
4910,20.242443665852893
4911,21.11165690408808
4912,21.99869137073171
4913,22.88202921571409
4914,23.810108402131046
4915,24.80741921440564
4916,25.88461054435168
4917,26.881788476833826
4918,27.71821334696493
4919,28.410657775245856
4920,29.063297076330517
4921,29.754452552004036
4922,30.51286036755289
4923,31.49216928596776
4924,32.59623259644556
4925,33.62372375732021
4926,34.58819821095298
4927,35.5953857334319
4928,36.41952200552362
4929,36.94065597317383
4930,37.20236514972278
4931,37.2816462663433
4932,37.07897573025963
4933,36.684048234314915
4934,36.23907849161322
4935,35.78496955152157
4936,35.37223981845859
4937,34.849989403367836
4938,34.315107768789694
4939,33.61786741968027
4940,32.733202313187455
4941,31.89783143570134
4942,31.198131162157292
4943,30.52989859953332
4944,30.021783190816908
4945,29.5469938692029
4946,29.080053563375326
4947,28.595066683154
4948,28.055815478040664
4949,27.459324201135434
4950,26.815196849980083
4951,26.133282198785935
4952,25.49640623854222
4953,24.9839156424114
4954,24.54473464708526
4955,24.220136086627658
4956,24.011732965470365
4957,23.915999652376495
4958,23.991072343952943
4959,24.056385585624454
4960,24.3173683560519
4961,24.941096813519415
4962,25.725158541171425
4963,26.393382026353187
4964,26.882034771291103
4965,27.418584521007354
4966,27.95896201825826
4967,28.385474452217295
4968,28.59339275722673
4969,28.432755567780248
4970,28.265127486282125
4971,28.28252115216885
4972,28.53533201644462
4973,28.890799959523665
4974,29.30465098556383
4975,29.856295810693403
4976,30.61821224840442
4977,31.284446432546574
4978,31.7010035018318
4979,31.652977412760272
4980,31.240278282781386
4981,30.667303845293564
4982,29.851577383388836
4983,28.97246658281281
4984,27.99075716513326
4985,27.232554901496563
4986,26.71112860844536
4987,26.468474440868846
4988,26.00441021368396
4989,25.435608053278923
4990,24.724106907857806
4991,24.036887751445878
4992,23.416315058561416
4993,23.054342918657913
4994,23.21722531671294
4995,23.835049205827882
4996,24.693750772659982
4997,25.667360843131533
4998,26.597945486594142
4999,27.172016456396925
