,0
0,484.1140404517262
1,895.4917400530131
2,1245.1567547134584
3,1543.1497886475527
4,1798.0678711622475
5,2017.1920991024801
6,2205.4798266363323
7,2371.6181564513504
8,2515.4091583496133
9,2638.9896480357343
10,2745.781586631261
11,2837.5823803508997
12,2915.6251254022327
13,2982.836586081616
14,3038.1502506488437
15,3083.2114893425846
16,3119.3101071201863
17,3145.3583674209185
18,3162.0073672827352
19,3168.8294431558083
20,3168.967646124369
21,3165.010637950411
22,3159.250862445711
23,3152.3122563138863
24,3143.3393970696675
25,3131.6187747879826
26,3117.5689373101773
27,3101.6799298092874
28,3086.454004412204
29,3071.67083408905
30,3057.427480242766
31,3045.9717347778123
32,3037.1349085004954
33,3032.241823878874
34,3029.026165359583
35,3027.3802991338243
36,3031.1245262839716
37,3037.705210871525
38,3047.0898187134226
39,3058.7667869991033
40,3077.8759787362014
41,3097.37819862613
42,3117.591912476591
43,3137.7678722835294
44,3157.911249581388
45,3179.902353382422
46,3200.929542714599
47,3224.060621806657
48,3250.0233890306554
49,3278.989924101424
50,3309.4425243916544
51,3341.8900053690354
52,3378.735403873236
53,3415.6844613833864
54,3451.1757455384386
55,3485.5296313302592
56,3516.2247632404083
57,3542.929528002238
58,3562.9107601442765
59,3574.245515799835
60,3577.20900509696
61,3571.154330448816
62,3558.823625505112
63,3539.455280023408
64,3511.7413947707128
65,3481.797925307584
66,3450.6630672882347
67,3419.2768451952034
68,3388.2188548504937
69,3357.6715151420913
70,3326.8926549284884
71,3297.9689781917696
72,3271.371422908621
73,3248.930082766071
74,3232.1861711373067
75,3218.1626882993173
76,3208.0270837367507
77,3204.928054303928
78,3202.0692168860332
79,3202.851524016062
80,3206.755759581746
81,3213.9205066524746
82,3221.3545251239066
83,3229.5041676058054
84,3239.9153165409825
85,3252.3655424816884
86,3264.3689917007846
87,3274.573653126831
88,3286.3734450596467
89,3293.2334113526585
90,3296.7768858049512
91,3299.0798667721656
92,3299.5397965341326
93,3300.793381562009
94,3302.43927268015
95,3304.930054887219
96,3309.501401373118
97,3314.0572083588663
98,3319.9436669207794
99,3328.046793217766
100,3334.911406837419
101,3341.0889903318157
102,3347.4602387426244
103,3350.910052975584
104,3353.5926457548285
105,3354.9288196057073
106,3354.7877538607113
107,3353.1244393167553
108,3350.813222288268
109,3348.168686655633
110,3349.571980825164
111,3355.263416436497
112,3366.1965192959256
113,3383.7492084980604
114,3399.020048103918
115,3421.0897766466574
116,3449.9200672687107
117,3486.0485453639094
118,3528.5654138119057
119,3576.7354395859893
120,3631.1105966869286
121,3690.5414818532704
122,3751.462965611897
123,3812.7865261822953
124,3874.19029643711
125,3934.6713108388913
126,3995.288001375324
127,4055.698761956399
128,4116.759308691697
129,4174.54464971579
130,4227.842925203529
131,4279.5667215202975
132,4329.569318426962
133,4377.3757054906355
134,4423.399049322897
135,4470.508503150754
136,4514.996168267901
137,4558.111467150272
138,4599.5058027878
139,4641.468947702314
140,4681.164422022339
141,4719.388441910111
142,4755.661350411621
143,4791.656986657228
144,4827.532933650656
145,4861.834387999483
146,4893.706922078348
147,4925.729538914551
148,4955.287159423872
149,4982.898328372934
150,5008.387067401039
151,5033.232624804264
152,5056.973928922951
153,5077.779268970498
154,5095.087878732905
155,5108.052856364455
156,5116.193378347729
157,5120.423035692548
158,5118.512783975234
159,5112.518400583184
160,5101.384124485148
161,5085.969940915067
162,5067.85072614614
163,5046.479693589392
164,5023.532808085606
165,4998.1990705776425
166,4968.239187230533
167,4932.681692411354
168,4891.1760065867
169,4843.777827013354
170,4789.4011110734555
171,4742.093368205742
172,4687.36932182272
173,4627.165109253563
174,4562.568966753995
175,4494.961756755126
176,4426.963877883291
177,4357.753137103995
178,4288.361645886125
179,4219.2808585333905
180,4150.251764623106
181,4081.376153655781
182,4012.804721619429
183,3944.8770850903697
184,3877.4424617716486
185,3811.8825020134755
186,3747.550948477915
187,3683.5764141983464
188,3620.8388348070603
189,3558.6917651546196
190,3498.1285924354456
191,3439.3016724896097
192,3383.9549477673436
193,3333.19499440537
194,3283.84321700792
195,3238.3167505708557
196,3195.7587090041884
197,3157.2701907355254
198,3122.1838871772356
199,3090.8331978520837
200,3063.8114670524014
201,3039.9158173526057
202,3019.544367879255
203,3002.420976422508
204,2988.7553863961366
205,2977.7969145118527
206,2970.597801917786
207,2967.2570460818406
208,2966.648244919735
209,2968.2695827013367
210,2972.154222572149
211,2978.6825241325
212,2986.744775530839
213,2997.7058030027747
214,3013.679765602643
215,3033.186477444075
216,3058.1194239534225
217,3088.635349507077
218,3123.3031795434545
219,3163.8798286539736
220,3209.9940581473593
221,3262.611710806721
222,3321.095630605343
223,3384.7676897246497
224,3452.4237692615056
225,3523.480700724458
226,3596.9022879522286
227,3672.0634781959066
228,3737.4537137079064
229,3806.944215261189
230,3875.8630967904405
231,3943.377525165003
232,4007.972922030377
233,4070.6570026140907
234,4128.997343830629
235,4183.378213055259
236,4233.219453849305
237,4279.098344678203
238,4322.370342415159
239,4361.793958356895
240,4396.722913375449
241,4429.315937648906
242,4459.360161712799
243,4486.484608575192
244,4513.29543415415
245,4539.86667141745
246,4567.655516108696
247,4595.951645329444
248,4623.088674237717
249,4648.090491743421
250,4671.215499696319
251,4692.593761076389
252,4711.422591742416
253,4728.117346830356
254,4743.9016415439455
255,4761.1959046231705
256,4780.204359526176
257,4798.239123807175
258,4810.997760792979
259,4821.005875289752
260,4828.961349761843
261,4831.881982667827
262,4833.982294730279
263,4836.485002124373
264,4838.510946514254
265,4841.342400899357
266,4844.161169792143
267,4844.276103419673
268,4841.800994159879
269,4835.560599274396
270,4827.097002091647
271,4813.077065678549
272,4794.799232493266
273,4770.865503064048
274,4741.579926188283
275,4706.711642270862
276,4665.294739588781
277,4619.953554046194
278,4571.873686052206
279,4522.730108335451
280,4469.037898898593
281,4414.641134949218
282,4362.818376808118
283,4313.209011667603
284,4268.503687638645
285,4229.61005573345
286,4197.18074887074
287,4169.039473060336
288,4143.415437183137
289,4122.665724165335
290,4106.479332016
291,4093.536751051482
292,4084.05664658599
293,4075.1951900098975
294,4067.830580113544
295,4061.9830332639763
296,4060.1217517005257
297,4062.630241474468
298,4069.400608176936
299,4078.985203492076
300,4090.5139605244217
301,4106.270466848264
302,4124.086771590205
303,4147.371622903011
304,4173.171757997465
305,4200.875824739486
306,4231.9999155727555
307,4261.871810867956
308,4291.389489359517
309,4318.944837286903
310,4345.468353715919
311,4371.541885795972
312,4397.653936791545
313,4427.057223331746
314,4457.86265467912
315,4489.606895929247
316,4523.990417869649
317,4557.638397063595
318,4591.245619236605
319,4622.62099836866
320,4652.715084703492
321,4685.362085214015
322,4717.592887880151
323,4747.237806448078
324,4775.862669916146
325,4804.790570349488
326,4831.311035867153
327,4856.832679049487
328,4881.096261459878
329,4903.526310431258
330,4925.062895326538
331,4945.769968150679
332,4965.529316186028
333,4981.642795742176
334,4995.457869202972
335,5008.692795824938
336,5018.95839889214
337,5026.9263456091485
338,5033.220685041273
339,5034.048298677165
340,5031.6666741591725
341,5025.343350168934
342,5019.842058297427
343,5008.930740868163
344,4998.1463494790505
345,4988.21906653349
346,4977.82470138173
347,4970.877446239087
348,4967.534084979819
349,4968.8009869255075
350,4973.365820571061
351,4980.242515887497
352,4988.166668330627
353,4995.274467286003
354,5001.211331390787
355,5007.192165879428
356,5013.482854296442
357,5016.208668995239
358,5013.664711483386
359,5008.418740054313
360,5001.311763643068
361,4992.470181896907
362,4982.618656323209
363,4971.361823609564
364,4960.704839792371
365,4946.421002829982
366,4931.153303300972
367,4915.700426385353
368,4897.098801119217
369,4877.792387241544
370,4856.567008643143
371,4834.830226657424
372,4811.081247891541
373,4786.803330611726
374,4762.075284392906
375,4734.505895337651
376,4704.592261081526
377,4671.96198726173
378,4638.592553896479
379,4602.675602598211
380,4565.904785042501
381,4527.282008614051
382,4488.45692028497
383,4447.702513450598
384,4407.051819318817
385,4366.853210824576
386,4326.081327314243
387,4283.553826449126
388,4241.904120798244
389,4201.97551483838
390,4165.553557979788
391,4131.466225819201
392,4099.632770762213
393,4069.9129443047905
394,4043.145202137778
395,4017.373327662825
396,3987.978255691969
397,3955.521704892084
398,3917.4302362332483
399,3884.290658500061
400,3845.8429105048067
401,3803.6363963150125
402,3758.513561238669
403,3712.4853384753046
404,3665.8223719954444
405,3621.2034294418722
406,3577.1866745740226
407,3535.8719200653054
408,3494.6374105380796
409,3455.3489064322575
410,3418.5411486908247
411,3387.232860858159
412,3362.172309806171
413,3341.1515261715667
414,3326.030352818549
415,3315.8334461982813
416,3310.038345809538
417,3308.372080137323
418,3310.094835589775
419,3311.741456379674
420,3312.9133653129807
421,3315.305527186368
422,3322.17715180101
423,3329.7728826032453
424,3341.10874947863
425,3357.4679370007852
426,3377.332901700289
427,3397.7199602526443
428,3418.8951922014576
429,3441.0400847015835
430,3462.3047118704944
431,3486.0571148224885
432,3509.7967194378934
433,3531.4237303174777
434,3556.288959653169
435,3579.080422620293
436,3603.134044687957
437,3627.329503095351
438,3652.915205854217
439,3678.697679270647
440,3702.119548787128
441,3727.1009407333668
442,3749.281323068883
443,3770.796542325227
444,3790.413887228029
445,3810.269933168453
446,3828.785883314484
447,3843.697845398959
448,3856.656034003566
449,3871.89525111953
450,3886.96207049745
451,3900.3733534678436
452,3913.234131567325
453,3922.229453581982
454,3928.4539171484876
455,3933.2211548621376
456,3937.3686516730136
457,3937.6805237968147
458,3935.8199279859246
459,3932.553346679357
460,3927.844364034282
461,3921.2965198699258
462,3912.217696211686
463,3901.5778560334284
464,3888.617824250184
465,3874.3780806643517
466,3857.0658191635093
467,3836.5578419448266
468,3814.2260642924207
469,3789.7485451555312
470,3761.934417150554
471,3733.5833687180266
472,3703.7668803856723
473,3674.0334842582865
474,3643.577062905354
475,3613.720138143684
476,3581.0470614277274
477,3548.905060657591
478,3518.053475689402
479,3490.3511437037505
480,3466.489727912588
481,3443.4801388011015
482,3420.3160241602623
483,3398.356614683601
484,3377.4584762257505
485,3357.602963105754
486,3340.549090790604
487,3325.3762525251477
488,3314.6475966332664
489,3308.2006786853103
490,3304.8567580951226
491,3304.231672994778
492,3304.4092972665303
493,3303.3462643513667
494,3305.4303955081323
495,3307.928751126419
496,3310.678898471097
497,3313.8642477083035
498,3321.378203641438
499,3332.5566584927024
500,3348.8568543625825
501,3366.8080491674427
502,3386.555108489124
503,3409.5081427580108
504,3438.1667678895114
505,3469.0804512083087
506,3502.4569718329276
507,3537.9090314629075
508,3574.393378319982
509,3612.3564560862746
510,3648.8597310590358
511,3684.156449250995
512,3717.6832831717265
513,3746.851628682763
514,3776.7574981683083
515,3803.0494686169586
516,3829.2690990770884
517,3852.5762554175335
518,3873.866222316635
519,3892.4962229313032
520,3906.6469093207397
521,3918.547958049552
522,3930.888412943201
523,3945.2079042150795
524,3960.038943381307
525,3975.477183189474
526,3993.5236030830574
527,4012.851826958786
528,4030.0294207063325
529,4046.142991931041
530,4061.894369476091
531,4076.23479312763
532,4091.736601556448
533,4109.516732738821
534,4127.817342461627
535,4148.661504815597
536,4171.905598614432
537,4196.897270123763
538,4223.49359330806
539,4248.641554794357
540,4271.462559900388
541,4291.715682852142
542,4310.605545679687
543,4322.939922642711
544,4333.881140393629
545,4342.871026347678
546,4350.334145000911
547,4356.6623569113635
548,4361.353840070539
549,4363.6496908583495
550,4365.092412869396
551,4365.550060420164
552,4365.294028654596
553,4365.003975938645
554,4365.2126283820435
555,4365.700530832239
556,4360.560924405408
557,4352.406908592375
558,4340.265407578874
559,4322.202676527248
560,4301.497941234689
561,4278.336141429726
562,4252.681758592088
563,4226.641922863058
564,4196.68209539679
565,4164.615083184632
566,4131.622432629465
567,4098.801406217951
568,4063.322826731187
569,4028.1665219707747
570,3997.5805368292154
571,3969.227188018504
572,3944.7033200101705
573,3923.0154513814414
574,3902.130579745025
575,3885.0961229017903
576,3869.844956152382
577,3856.0396106104718
578,3841.6547234516765
579,3826.4450628646373
580,3811.463101807024
581,3798.6544145207213
582,3784.666956940742
583,3770.3931037891825
584,3755.3203430417357
585,3741.1801168640504
586,3723.51157635523
587,3704.5498126658576
588,3684.2584152260233
589,3664.3022224547663
590,3645.4969221110427
591,3627.461155010557
592,3611.5470084971607
593,3597.5170367470764
594,3586.8791495807864
595,3581.5129263367
596,3581.172707905834
597,3584.1607550660897
598,3589.3560883603354
599,3598.252137382192
600,3610.021233403616
601,3623.436774037819
602,3636.838398931323
603,3650.384667397898
604,3663.536260068749
605,3677.055158319154
606,3688.684005153388
607,3699.6462895778654
608,3710.314166952869
609,3722.5738086050487
610,3736.3965200420207
611,3750.941271284515
612,3765.6987596139898
613,3779.473275037434
614,3795.081835999365
615,3811.588950267957
616,3828.351417496146
617,3845.4076029751327
618,3860.9666225504343
619,3878.7901670035067
620,3899.957364711816
621,3919.795057711939
622,3938.0700925394535
623,3953.1943061538127
624,3964.180318967857
625,3974.7084023175275
626,3984.6070773425486
627,3993.2189246143175
628,4001.324026000819
629,4009.753288671012
630,4017.002563966456
631,4027.6038904678803
632,4041.2929944989673
633,4058.9129022332054
634,4081.673127192035
635,4106.921501965572
636,4135.325603763121
637,4166.820538857171
638,4199.422498779908
639,4233.3904196462045
640,4268.2996086713865
641,4305.05489012342
642,4343.188195835411
643,4382.332329173656
644,4419.1047583774825
645,4456.225290067648
646,4490.02887127646
647,4519.879368047656
648,4546.845245787589
649,4567.023230386352
650,4585.8452357427295
651,4602.8748926493045
652,4615.28369245187
653,4623.819163232791
654,4628.396566731463
655,4631.376176799429
656,4630.231849590627
657,4627.8636588658865
658,4624.245347060144
659,4619.454935200581
660,4615.394545943324
661,4608.2466673589715
662,4598.299875431673
663,4586.17442973568
664,4573.713626753433
665,4560.396325420979
666,4547.803794760055
667,4537.017642436512
668,4524.890654838149
669,4513.243084772813
670,4501.453880977744
671,4489.132080065195
672,4478.184687990629
673,4468.493112049156
674,4462.238121120078
675,4461.471377313437
676,4465.266791304709
677,4476.38522076518
678,4492.162820563602
679,4510.955485320729
680,4530.925892939777
681,4551.363987044958
682,4570.391587254421
683,4586.452152872216
684,4600.424844959698
685,4611.223618731543
686,4621.063341010721
687,4625.8095639457
688,4624.679567845445
689,4616.3165056770895
690,4599.98397094145
691,4576.471569755948
692,4546.09694366706
693,4509.264679701044
694,4469.063433544253
695,4425.555713764443
696,4377.648250197655
697,4327.663640873407
698,4275.1655698041
699,4223.0638030973505
700,4171.191771352854
701,4121.505941523073
702,4076.2856510384663
703,4036.7557724199637
704,4001.7804174284743
705,3969.2079574676213
706,3940.4825252094456
707,3915.84913114183
708,3894.6375833396296
709,3877.803115903315
710,3865.2098388534773
711,3858.4819685738303
712,3853.862910443015
713,3852.46109279487
714,3853.563403883324
715,3853.3857988073983
716,3856.779209620307
717,3859.9192430273392
718,3863.6688421967424
719,3871.0470961052906
720,3883.284184729056
721,3898.405013114913
722,3913.085581720293
723,3926.497324763153
724,3936.6651205312164
725,3944.9032682394354
726,3950.7934411071215
727,3954.5785449500418
728,3958.182392504402
729,3960.7806429315574
730,3964.4108876674172
731,3969.199546706234
732,3969.4594292010474
733,3968.0694118554075
734,3963.737892333871
735,3954.402037967114
736,3942.5285453813067
737,3932.5385247817057
738,3921.7634710054667
739,3918.2702148999506
740,3923.294746905947
741,3927.666089751163
742,3941.2516615885734
743,3963.4926294941697
744,3990.9800820854257
745,4020.3779877325246
746,4051.4147827132447
747,4081.260342872693
748,4109.231654541351
749,4134.534808201678
750,4160.445847611908
751,4185.716862600079
752,4210.917700048326
753,4234.537634488874
754,4256.224379372985
755,4278.205964485954
756,4299.085273958635
757,4319.5835025838
758,4338.236747150694
759,4356.251269883741
760,4372.607955312671
761,4386.484211489916
762,4396.654835213674
763,4402.12040517076
764,4406.009656281938
765,4404.6923691572265
766,4398.204564227358
767,4388.920954818957
768,4376.9731270929715
769,4361.038457375009
770,4343.389909083832
771,4321.262213050451
772,4296.884821212493
773,4273.126938622705
774,4252.772379696618
775,4233.679880324014
776,4216.297275286177
777,4200.2361972787385
778,4186.966397678954
779,4175.933667784636
780,4165.176086212522
781,4155.781757976859
782,4148.849370980377
783,4143.3542494056865
784,4139.61421617156
785,4139.017006848193
786,4139.957547494231
787,4142.6398729512875
788,4145.482480986319
789,4148.329970746282
790,4148.142558234327
791,4146.30761830775
792,4144.349301321618
793,4143.525288997331
794,4142.922971922971
795,4144.549664954386
796,4148.996289611707
797,4157.914507386813
798,4165.673356851156
799,4177.025311397985
800,4189.092906151327
801,4200.936101971629
802,4213.026129291977
803,4221.55118477929
804,4228.850640266699
805,4232.749588777391
806,4231.966453279384
807,4228.373724686564
808,4224.240360187167
809,4217.911400177998
810,4211.448208193166
811,4205.336447505591
812,4199.170412868838
813,4195.185426982493
814,4191.361751559506
815,4189.549939208512
816,4190.8496211801685
817,4195.0891279728485
818,4204.782113373248
819,4217.725278815024
820,4232.07869864888
821,4248.564715849058
822,4270.117900390084
823,4290.750021477497
824,4313.969546541314
825,4337.610779549037
826,4359.323676432655
827,4378.275567382278
828,4394.054393980073
829,4408.0130925364465
830,4419.89505238855
831,4428.9328305309045
832,4436.547136319537
833,4443.516442889272
834,4446.959461269814
835,4447.052707939792
836,4443.917654783345
837,4436.6071030313615
838,4427.161728195902
839,4414.490069249505
840,4400.489690841962
841,4387.440526778088
842,4374.862034042149
843,4362.882523150333
844,4352.789536439327
845,4344.739444180553
846,4335.097290591836
847,4324.671796676497
848,4311.2214394780185
849,4296.444152076837
850,4281.642826019142
851,4269.8386554736335
852,4262.512118149487
853,4258.706340705452
854,4260.425218426232
855,4261.920642043311
856,4268.297731376346
857,4279.284216888034
858,4292.420309768212
859,4306.504976186906
860,4319.867483717814
861,4331.640310637654
862,4340.58891214658
863,4348.220251817795
864,4356.386368809215
865,4364.087913371941
866,4369.24498443075
867,4372.021871013448
868,4372.067199797077
869,4369.363468487605
870,4366.907986124838
871,4359.079638102911
872,4347.156973814657
873,4332.906093896627
874,4314.130236150856
875,4296.567040044693
876,4278.308818287519
877,4259.296400637064
878,4238.994802318753
879,4220.958858606938
880,4203.632392666702
881,4187.380051665157
882,4174.631408538357
883,4164.187244529379
884,4155.363246955271
885,4146.706401486539
886,4137.029952745944
887,4128.7507541314
888,4122.142874166481
889,4115.3561378874165
890,4110.088644411343
891,4105.411257808219
892,4102.1191073991395
893,4099.722574408099
894,4095.1210798370707
895,4089.6147210822032
896,4086.2124611759277
897,4082.1616580675955
898,4077.3680109659695
899,4069.7430460087294
900,4059.1508112958704
901,4048.226741001381
902,4034.0062214365803
903,4019.2952812780595
904,4005.580157195006
905,3991.440046307332
906,3978.2164867493298
907,3963.719102156356
908,3950.1842047915634
909,3938.976852108242
910,3931.744016988935
911,3930.1106730899482
912,3928.6896638978296
913,3932.4938759823262
914,3941.962210102711
915,3954.506547119614
916,3972.095407999137
917,3996.6365802821247
918,4027.2456706742337
919,4063.5316392347345
920,4103.522846244279
921,4145.782723611245
922,4191.117792869128
923,4239.309031728479
924,4286.615844171874
925,4333.836025087441
926,4378.386145911132
927,4421.152281178209
928,4459.981773137124
929,4496.660608485672
930,4527.831094007988
931,4554.292285092375
932,4574.87339285623
933,4590.350008969512
934,4603.898573666347
935,4614.688028552116
936,4620.689884408544
937,4624.101837746427
938,4626.130468729177
939,4627.104931853599
940,4625.525046974974
941,4623.23214418492
942,4619.823217178475
943,4616.692409540671
944,4609.395325430126
945,4601.449162323498
946,4591.839681146386
947,4581.692977167968
948,4569.05544497445
949,4555.568580533604
950,4543.061832197595
951,4528.9829918972455
952,4514.986118608664
953,4501.282383726668
954,4487.4378261494285
955,4472.689349743402
956,4457.235336602041
957,4439.878819073034
958,4421.813580406034
959,4403.9462138746185
960,4386.3119324236495
961,4367.8950068049035
962,4348.517065697592
963,4331.699273745339
964,4313.6275745373
965,4295.136743354838
966,4274.00485435823
967,4249.9104029192185
968,4220.917387585826
969,4195.6934642457745
970,4167.1900990143295
971,4134.340395583756
972,4098.145657184393
973,4058.7737629871003
974,4015.163699804561
975,3966.286259208672
976,3913.8501434568343
977,3858.0979840812574
978,3803.3071294283504
979,3750.644597034494
980,3700.4219547290404
981,3654.108109533029
982,3610.5941351046968
983,3571.536492885545
984,3534.724461492233
985,3501.7429836781857
986,3470.5153908908787
987,3441.72104664754
988,3416.2397292232695
989,3394.315694524405
990,3375.9419801503145
991,3360.400593539337
992,3347.076713310596
993,3336.3311118067622
994,3328.998320347471
995,3324.9653447086052
996,3326.0969852537855
997,3330.7417542177377
998,3337.3514078724356
999,3346.563984264197
1000,3358.0675149361355
1001,3375.4258645869763
1002,3396.4407031512974
1003,3420.236647250168
1004,3446.4201894950256
1005,3475.8995039897923
1006,3506.264401838982
1007,3538.122608637879
1008,3571.716510748656
1009,3604.6582338237554
1010,3639.2792316094497
1011,3674.941565511928
1012,3711.228413761423
1013,3747.5333570061352
1014,3781.1131883268963
1015,3813.081348441292
1016,3842.0345782499885
1017,3867.6142270157325
1018,3889.190571615812
1019,3907.747338151597
1020,3923.1275015061833
1021,3937.2743488069614
1022,3947.4095568785674
1023,3953.7509442152864
1024,3958.4376635131944
1025,3959.607698590783
1026,3960.625629108286
1027,3960.055217910233
1028,3959.0466857008087
1029,3958.117769381217
1030,3959.2458299723103
1031,3961.4076446584854
1032,3965.00114627026
1033,3969.539228025077
1034,3974.178861528343
1035,3980.688571511818
1036,3987.6920479860482
1037,3996.7480985270863
1038,4006.954469015366
1039,4018.1341771146194
1040,4028.646654211569
1041,4037.3489942077463
1042,4043.432997446962
1043,4048.4242013646813
1044,4050.012856816398
1045,4048.0307367412315
1046,4043.726158410208
1047,4037.485286610517
1048,4027.079837031516
1049,4012.9383520041456
1050,3995.278431942167
1051,3972.902946858905
1052,3948.8040811706087
1053,3921.629245838699
1054,3892.502267991123
1055,3863.17389644241
1056,3832.033975596921
1057,3800.854928128831
1058,3768.80143641824
1059,3738.2298725257338
1060,3709.4135449259447
1061,3682.9737043597042
1062,3657.908637201366
1063,3632.533851051226
1064,3609.3201729284465
1065,3588.0311688040356
1066,3568.3585996615698
1067,3549.326929103057
1068,3531.540175971892
1069,3517.3905401668935
1070,3505.688404946002
1071,3497.4223337627523
1072,3493.686391290713
1073,3495.8090195558934
1074,3502.638201015724
1075,3515.6310530457017
1076,3535.8317015445964
1077,3563.0300775067712
1078,3596.9448051805757
1079,3635.882959014776
1080,3678.0108559715954
1081,3721.828352625852
1082,3765.6359900382236
1083,3803.748634586987
1084,3842.6438764258564
1085,3882.8265907567943
1086,3924.5111487723716
1087,3968.540172831593
1088,4015.9051648329632
1089,4065.540494352579
1090,4116.73722454481
1091,4169.418488300189
1092,4222.552523071609
1093,4277.5042495008
1094,4333.448581679476
1095,4391.177835914684
1096,4450.13745506779
1097,4510.623280984278
1098,4571.942110295058
1099,4632.63166880115
1100,4694.432808339496
1101,4754.838250971155
1102,4813.72685132106
1103,4870.238022777346
1104,4922.917582138386
1105,4972.437032763023
1106,5018.632183190964
1107,5061.001592327176
1108,5101.536476226756
1109,5139.00642938363
1110,5172.277794062179
1111,5201.017198165841
1112,5225.854251107797
1113,5247.206240764199
1114,5265.949734213986
1115,5281.540460208572
1116,5292.914879575847
1117,5299.929782695117
1118,5301.194737451017
1119,5299.693514087096
1120,5292.438437631965
1121,5279.784951558215
1122,5261.5969255386
1123,5237.613405197054
1124,5208.710110335296
1125,5176.001722331941
1126,5136.710895180568
1127,5091.688729463725
1128,5042.769889100038
1129,4989.2268287391435
1130,4933.322911059173
1131,4876.30918446016
1132,4817.607126617776
1133,4755.786082982204
1134,4693.0693622073495
1135,4627.486602648077
1136,4560.489749623834
1137,4491.281080088746
1138,4419.886246474896
1139,4346.970461923995
1140,4283.53372936471
1141,4217.236023781014
1142,4149.245971667688
1143,4079.3733997730124
1144,4008.3630086578582
1145,3936.5434205615234
1146,3866.894955044762
1147,3799.471900338207
1148,3733.630840215473
1149,3669.655948355073
1150,3609.5170838458507
1151,3552.3015130045264
1152,3497.534601927785
1153,3447.6376669725523
1154,3402.373655915149
1155,3361.538299148518
1156,3327.205788680099
1157,3296.9934506639997
1158,3270.641560535961
1159,3246.3412339739425
1160,3224.7457646172356
1161,3206.5530157622925
1162,3191.3012119136824
1163,3179.3779232215225
1164,3170.811426788441
1165,3165.3532486601966
1166,3160.986253912793
1167,3157.9460093291887
1168,3157.4003516902944
1169,3159.476331145264
1170,3165.954038512728
1171,3175.9702119243584
1172,3189.1202083333246
1173,3204.606252205966
1174,3221.726621215023
1175,3240.9506612042555
1176,3259.2518941379867
1177,3278.2561436683377
1178,3297.5160088368225
1179,3315.7675109510033
1180,3334.796171298022
1181,3352.589839374883
1182,3370.1120995036017
1183,3387.6823790712688
1184,3405.2867942903626
1185,3421.420647611443
1186,3435.671561239257
1187,3448.8024985497955
1188,3461.8405718981176
1189,3473.466313993975
1190,3486.947614789605
1191,3500.7718455446275
1192,3513.825272995187
1193,3526.260105781579
1194,3536.5430970768443
1195,3545.0153880922085
1196,3551.723589235947
1197,3557.559724231
1198,3561.4797554018432
1199,3564.7692523214064
1200,3569.677748384044
1201,3577.029814961874
1202,3586.9683542844296
1203,3600.001184112732
1204,3617.4870633017376
1205,3636.643679478243
1206,3657.1541746217863
1207,3677.759087600357
1208,3699.734886893
1209,3723.899921065926
1210,3749.018023447119
1211,3774.4437102816987
1212,3801.350594573216
1213,3827.2903009979145
1214,3851.7507567955495
1215,3875.6398911823676
1216,3898.4221039487797
1217,3921.369081411868
1218,3945.1817257580105
1219,3970.0276581102808
1220,3994.039401483861
1221,4017.1638282722815
1222,4037.8654368872817
1223,4057.674076808244
1224,4075.167148499691
1225,4089.909630138001
1226,4102.661493099898
1227,4114.79315769233
1228,4128.2372077131895
1229,4142.490035327921
1230,4156.65470884332
1231,4170.22352483343
1232,4182.8352447566685
1233,4194.1984079318645
1234,4203.243794631232
1235,4210.442001050534
1236,4216.29569032426
1237,4221.456128880232
1238,4225.530760182642
1239,4228.797802805827
1240,4230.924654221009
1241,4230.752711233664
1242,4228.296613688015
1243,4222.055836080756
1244,4211.850460790496
1245,4199.89618565253
1246,4187.523229088113
1247,4175.819747789552
1248,4166.868691289154
1249,4160.402789929343
1250,4155.244557628466
1251,4148.286589399915
1252,4136.849259556199
1253,4118.960694734217
1254,4103.397643339093
1255,4082.195514920628
1256,4057.1376419530343
1257,4031.662634199466
1258,4007.6285417243075
1259,3987.864069413307
1260,3973.1915722101025
1261,3962.8542515708723
1262,3955.298495684694
1263,3950.062426036882
1264,3946.4861406261857
1265,3946.202527803709
1266,3949.443870227646
1267,3957.195513833326
1268,3969.022645916444
1269,3983.442810040319
1270,3998.3558332124044
1271,4013.6041219256917
1272,4029.2246566900862
1273,4042.181241522489
1274,4055.916333073063
1275,4070.46132984595
1276,4088.410086915138
1277,4106.180035951919
1278,4124.150591192441
1279,4143.158359585963
1280,4161.117003927325
1281,4177.219704378243
1282,4192.625456925013
1283,4209.327986117311
1284,4227.279895138605
1285,4245.301807070858
1286,4264.1376122251995
1287,4283.066959104868
1288,4301.677444333455
1289,4320.929423169055
1290,4340.1477085246925
1291,4358.7245356458525
1292,4377.707147264064
1293,4397.289124976555
1294,4414.752905611308
1295,4431.760358241742
1296,4447.240636041678
1297,4462.083142036778
1298,4476.844758134482
1299,4490.05425212788
1300,4501.540977574312
1301,4511.5439787408295
1302,4521.037949728705
1303,4528.618918965463
1304,4535.49641927705
1305,4543.865736566242
1306,4549.488126425546
1307,4552.799896598173
1308,4551.936126314131
1309,4546.047394278971
1310,4535.326637263867
1311,4525.999578660728
1312,4509.266738424125
1313,4484.783340606474
1314,4455.50328412448
1315,4421.526828674136
1316,4382.662481747592
1317,4339.499301088904
1318,4293.229173157258
1319,4243.042746374275
1320,4192.268216704139
1321,4138.562286683099
1322,4083.590364322424
1323,4029.9776108328806
1324,3976.442852381515
1325,3925.0531846722283
1326,3873.966242385921
1327,3825.5582304042764
1328,3780.893011777517
1329,3739.6039186366775
1330,3702.024771781337
1331,3667.275097507915
1332,3636.698767597148
1333,3609.4154564982123
1334,3586.0386938438437
1335,3565.9227143633516
1336,3548.1744461577514
1337,3533.8391302934983
1338,3522.087920986542
1339,3512.47867350694
1340,3506.345619890247
1341,3502.9990100555783
1342,3502.414564155337
1343,3504.208579365718
1344,3507.0949100215244
1345,3511.6528600429974
1346,3516.991149149159
1347,3524.881601803079
1348,3536.6739016052456
1349,3550.0282322903054
1350,3567.343232395856
1351,3587.053693639754
1352,3610.8658641833968
1353,3640.7501190003154
1354,3676.2032219801813
1355,3716.606094279201
1356,3761.082255656882
1357,3810.3465927741913
1358,3863.730884669344
1359,3921.3931732358806
1360,3980.397137739045
1361,4042.0768001535953
1362,4106.466631194752
1363,4174.42525903474
1364,4244.725704235713
1365,4316.259441590276
1366,4389.199471201298
1367,4463.639077609258
1368,4528.401535184183
1369,4595.1129936279085
1370,4663.797712884389
1371,4733.544054013872
1372,4803.240237014915
1373,4872.715815920129
1374,4941.789845491467
1375,5008.963480211266
1376,5072.608380695229
1377,5134.551277240342
1378,5194.199955110143
1379,5250.480018819532
1380,5302.467290368851
1381,5349.7537380620915
1382,5392.305339860405
1383,5428.178280674935
1384,5457.9749551514715
1385,5482.42712917601
1386,5503.110439944901
1387,5517.802258339736
1388,5526.652472597052
1389,5532.733233962817
1390,5535.4456468103945
1391,5534.264958945178
1392,5532.388338695617
1393,5528.323302055356
1394,5523.183838500694
1395,5516.142266775084
1396,5507.629608325584
1397,5495.857918437737
1398,5480.315847008977
1399,5461.239060429997
1400,5437.498258337035
1401,5410.491605313529
1402,5380.5570206708435
1403,5346.996795241422
1404,5310.214327428271
1405,5268.053552387475
1406,5219.1927932679
1407,5163.852489416143
1408,5101.366253025381
1409,5035.292440115729
1410,4969.341273303663
1411,4902.019819821216
1412,4832.261629773301
1413,4761.554163247098
1414,4690.161217240444
1415,4617.353125149126
1416,4545.540064147054
1417,4473.368331267639
1418,4401.42706335731
1419,4329.3249072283315
1420,4256.903176589442
1421,4182.279514959145
1422,4107.594651570425
1423,4032.0706337764186
1424,3957.1160524532033
1425,3891.905566702006
1426,3825.9428771666508
1427,3760.763055840331
1428,3699.458543029436
1429,3645.1545047539016
1430,3599.5664900554802
1431,3561.4696117377316
1432,3532.9231134247566
1433,3510.456936193171
1434,3494.0501080819963
1435,3483.973487960062
1436,3479.371534742139
1437,3477.770849298159
1438,3481.331148523908
1439,3489.1166267176127
1440,3501.860449883823
1441,3517.5747265195346
1442,3539.928832687211
1443,3565.489580582391
1444,3593.1433725404795
1445,3620.448361262404
1446,3648.0535993774242
1447,3676.852240272952
1448,3705.4270527079607
1449,3736.375749964415
1450,3767.6277809329486
1451,3798.0013241694805
1452,3826.548847358515
1453,3853.071317084978
1454,3878.6354059678815
1455,3903.2418249153898
1456,3928.912433966372
1457,3953.578883021094
1458,3976.9455690972577
1459,4000.6098850230264
1460,4022.844660468568
1461,4043.019325570051
1462,4062.457381101125
1463,4081.814783443338
1464,4100.325719984906
1465,4117.142659057898
1466,4134.867529420601
1467,4151.642787552216
1468,4169.7616341615485
1469,4189.354747943336
1470,4209.85999866856
1471,4233.113698116436
1472,4257.477364405997
1473,4284.974985777738
1474,4314.320742390404
1475,4346.353648572446
1476,4380.577966902142
1477,4416.176116883389
1478,4449.320578029738
1479,4478.74415300289
1480,4506.203485104784
1481,4528.519348703884
1482,4547.934150035101
1483,4561.865099277175
1484,4569.6772701549025
1485,4571.6612738060685
1486,4566.878220333613
1487,4554.918251077398
1488,4535.935131864783
1489,4510.291504688146
1490,4479.010588029449
1491,4444.37194682674
1492,4406.551164962973
1493,4367.546964424766
1494,4328.315020947623
1495,4288.822483502062
1496,4250.265821381254
1497,4213.742456066503
1498,4179.640778176913
1499,4147.247814089173
1500,4116.328650432385
1501,4087.4072850249136
1502,4062.3222756191867
1503,4040.8923130090457
1504,4021.561230612556
1505,4004.965839892442
1506,3992.127820501776
1507,3981.662216983785
1508,3974.688650534658
1509,3971.9848349896547
1510,3973.4423131816493
1511,3978.43669850797
1512,3986.4001951158057
1513,3997.8902902367213
1514,4011.186623459038
1515,4025.533136434473
1516,4040.3311942222904
1517,4056.7893180015994
1518,4073.760963636767
1519,4092.1948589337744
1520,4111.906082594542
1521,4129.96909578016
1522,4146.952831484726
1523,4161.609863485679
1524,4174.0912091808
1525,4184.0594038032095
1526,4192.5980745958705
1527,4198.3422062636255
1528,4202.666969408477
1529,4204.616969906582
1530,4202.734432984817
1531,4197.799138749351
1532,4191.6909499491785
1533,4183.5508305585745
1534,4172.429673015385
1535,4159.776359829463
1536,4147.0888343802635
1537,4132.888118935401
1538,4120.22914124864
1539,4109.215830661159
1540,4100.236022355815
1541,4091.2779721892803
1542,4080.9800258713176
1543,4071.4683454417723
1544,4062.7776501399303
1545,4054.449980640366
1546,4045.4869993689163
1547,4034.508413314674
1548,4023.9343848253725
1549,4013.8239055007452
1550,4005.1404580390067
1551,3996.15106497666
1552,3986.097005344734
1553,3975.119765982181
1554,3961.6540420349784
1555,3949.1705226647437
1556,3937.758453830894
1557,3926.6579004124933
1558,3916.9788893358245
1559,3910.2526204514634
1560,3904.218588324143
1561,3899.3394769981032
1562,3895.8167165221034
1563,3892.304354603533
1564,3888.2156829892897
1565,3882.6216154820363
1566,3876.2162245592676
1567,3870.8601498834178
1568,3865.3463975215864
1569,3862.0347318489994
1570,3862.3749493484015
1571,3865.836537410244
1572,3873.4456293449716
1573,3883.060850242277
1574,3894.301090058166
1575,3904.8646488903228
1576,3914.969833061252
1577,3924.6329146651274
1578,3935.3307276520804
1579,3945.5844388568958
1580,3956.6269955480507
1581,3969.803725398526
1582,3987.034360370417
1583,4006.514313090659
1584,4027.387579834973
1585,4051.2902389657916
1586,4078.9288282586326
1587,4108.977698409564
1588,4140.500928958652
1589,4175.293495655475
1590,4211.917104200712
1591,4249.92978713361
1592,4287.166404551847
1593,4324.095422376458
1594,4358.377909579211
1595,4391.744204185868
1596,4420.7728804936605
1597,4448.938755364802
1598,4480.662004916441
1599,4513.838152195575
1600,4548.1149144888495
1601,4583.860146789166
1602,4623.750160185852
1603,4665.69974782275
1604,4710.083597099315
1605,4757.1550251597
1606,4805.574988847566
1607,4854.18327592717
1608,4904.364654024196
1609,4953.618225550582
1610,4999.177527377206
1611,5040.39148538056
1612,5076.91685697966
1613,5110.031820420393
1614,5139.09948788395
1615,5166.201346422643
1616,5189.706267979736
1617,5209.187640415037
1618,5224.772025440194
1619,5236.698806903377
1620,5246.712503460037
1621,5253.141869877272
1622,5257.672510023052
1623,5260.907910050761
1624,5263.28685016431
1625,5264.941476356013
1626,5265.806274201398
1627,5264.710786327849
1628,5259.883098400663
1629,5253.064878061071
1630,5245.673697539619
1631,5236.563610170518
1632,5224.467600723569
1633,5210.590456694154
1634,5196.332800213008
1635,5180.37376595914
1636,5161.613977759146
1637,5140.3067083192645
1638,5117.662443057677
1639,5091.494118819014
1640,5064.894624023591
1641,5038.805690125133
1642,5012.810882665997
1643,4989.430091053172
1644,4965.829979708296
1645,4944.526587590788
1646,4924.750394645551
1647,4905.301562223012
1648,4884.575017339849
1649,4864.186492748502
1650,4843.763985353628
1651,4820.877417385582
1652,4795.757592919643
1653,4773.903345634275
1654,4747.269361711515
1655,4715.3824635729
1656,4680.7624437514505
1657,4645.731457695095
1658,4612.7364883408
1659,4580.5184957581705
1660,4552.101773010156
1661,4525.556927158772
1662,4502.722741172361
1663,4482.853709820927
1664,4468.76020489161
1665,4457.011557182989
1666,4450.371464694218
1667,4447.893899251689
1668,4449.020595171884
1669,4451.1649125286
1670,4455.806084643594
1671,4461.566492013031
1672,4469.430343803861
1673,4479.070792365398
1674,4491.778553196164
1675,4506.515749281258
1676,4520.505835481609
1677,4535.0932989531
1678,4549.396430842178
1679,4562.258802662276
1680,4573.036961073816
1681,4583.390364143521
1682,4595.152483775081
1683,4608.762237262178
1684,4623.439267499809
1685,4639.4176819867
1686,4657.90884234872
1687,4676.4093960888285
1688,4694.262476134508
1689,4712.278504202195
1690,4730.871578851212
1691,4750.416286065663
1692,4769.744788037303
1693,4788.60175663812
1694,4807.222401843308
1695,4824.8316342497255
1696,4841.835812734734
1697,4857.607702626846
1698,4872.528030136481
1699,4885.682248120003
1700,4896.775412270396
1701,4906.2609570896075
1702,4912.707617975643
1703,4915.956252535089
1704,4915.734562394046
1705,4911.694502524775
1706,4903.123870735054
1707,4888.011075080603
1708,4869.65214552875
1709,4846.295371709611
1710,4825.974978486958
1711,4803.209938408602
1712,4779.9241931071165
1713,4754.318577424782
1714,4727.937388876422
1715,4703.401345314278
1716,4681.312910529316
1717,4662.645159491284
1718,4644.95400403222
1719,4630.291933029363
1720,4613.760242190431
1721,4594.795580628362
1722,4574.3037161958555
1723,4553.089448950445
1724,4531.652075173398
1725,4508.793905005985
1726,4484.808035606346
1727,4460.781521601412
1728,4436.787422081654
1729,4411.372230587837
1730,4385.408824101462
1731,4362.521621026419
1732,4341.748352562209
1733,4319.985897288722
1734,4298.131130816519
1735,4277.04691186747
1736,4255.9144729092695
1737,4231.3317098569
1738,4205.696641609863
1739,4178.751921296942
1740,4151.369151948297
1741,4124.637643776105
1742,4099.795236256391
1743,4076.0909615812766
1744,4050.9812529945957
1745,4026.6955461196585
1746,4005.3495914727296
1747,3985.6754127702916
1748,3966.811018875466
1749,3947.849494280603
1750,3930.0157133290386
1751,3914.2156336310513
1752,3904.153095508825
1753,3899.5377056264106
1754,3900.8949071719476
1755,3907.6614809459275
1756,3919.7258095438383
1757,3939.6489133668306
1758,3964.242410174171
1759,3992.430267185911
1760,4023.2207585008587
1761,4059.33608352809
1762,4096.438208985843
1763,4132.024513614113
1764,4163.952814296874
1765,4193.722827755676
1766,4218.030128506539
1767,4239.17748015979
1768,4257.544752299968
1769,4271.064944509999
1770,4279.532303227915
1771,4285.6926317821
1772,4289.763365534677
1773,4291.392897535911
1774,4292.745428868215
1775,4292.5917210269645
1776,4296.386131523916
1777,4303.544360740404
1778,4312.368466084752
1779,4321.4630780089465
1780,4331.1138793866485
1781,4340.353854612135
1782,4349.221198580725
1783,4356.175348767858
1784,4362.162509876896
1785,4366.7626835984065
1786,4369.034066112006
1787,4370.666267662647
1788,4372.362740660757
1789,4373.770734855565
1790,4375.622470719024
1791,4379.238985710303
1792,4381.512115440896
1793,4382.888493842609
1794,4382.757907510066
1795,4381.331951828182
1796,4378.5227886249995
1797,4375.562650016592
1798,4372.335772096604
1799,4366.757057681743
1800,4360.046163501894
1801,4351.220460703757
1802,4339.5865583285295
1803,4324.172836533143
1804,4305.122124754211
1805,4281.218080436506
1806,4253.1988277898745
1807,4223.942108183596
1808,4192.4124974456545
1809,4158.295713711892
1810,4122.066431746954
1811,4084.3106530533073
1812,4046.3509068381827
1813,4008.2880164476933
1814,3970.629219625393
1815,3935.7975076224284
1816,3903.484809658205
1817,3873.4601516983253
1818,3846.122672219813
1819,3821.4524931192163
1820,3797.3556384016
1821,3772.7224581712762
1822,3746.6939410154796
1823,3718.4777592191067
1824,3693.9296810562623
1825,3667.0186043923554
1826,3639.0166850090677
1827,3610.0202515290093
1828,3582.534277133569
1829,3557.0484584977135
1830,3535.2745622523285
1831,3516.6061384874
1832,3500.514166478224
1833,3487.080605669568
1834,3475.8443217180366
1835,3466.6851350024785
1836,3459.741665135925
1837,3455.2485887734542
1838,3453.0365348113473
1839,3450.3985033363724
1840,3445.2251510424126
1841,3438.8710972465324
1842,3429.9654095983283
1843,3419.941893041952
1844,3410.1606984249256
1845,3401.8709980311182
1846,3394.8661884886733
1847,3388.630330980821
1848,3382.395070228196
1849,3373.7816675373674
1850,3365.4477251214166
1851,3356.938671944841
1852,3348.7130560761157
1853,3341.63420606918
1854,3338.1967182777894
1855,3338.885788704375
1856,3341.2068786191485
1857,3348.3552190142887
1858,3356.8165694377135
1859,3367.0495520552895
1860,3376.505601059404
1861,3388.8087927774986
1862,3402.6421227229666
1863,3418.192684562973
1864,3435.2560686631023
1865,3454.9883307844193
1866,3476.2989649394553
1867,3497.5989118633747
1868,3520.9065647190664
1869,3544.363202544201
1870,3569.1902112946636
1871,3595.675793244896
1872,3624.9194310502667
1873,3657.176402925038
1874,3694.3274972746945
1875,3735.082157956962
1876,3778.1214868496822
1877,3822.7829883275504
1878,3867.135947669835
1879,3907.666038274425
1880,3942.700538886627
1881,3973.180554419243
1882,3999.640684978026
1883,4024.6776760786574
1884,4049.5276847590594
1885,4071.2514978057025
1886,4091.096111702966
1887,4109.3234997281525
1888,4126.954265424993
1889,4143.428690335753
1890,4161.0340934162505
1891,4178.948469968627
1892,4197.128574769985
1893,4216.1122193348965
1894,4238.634368808848
1895,4265.135060863498
1896,4292.101599564336
1897,4319.2100498383
1898,4346.481430831406
1899,4373.352403389868
1900,4401.555938013514
1901,4429.015863967499
1902,4456.24864020939
1903,4481.416041032971
1904,4504.036342930556
1905,4524.387185713313
1906,4542.66176273379
1907,4559.180843934035
1908,4572.959289862592
1909,4583.897794017975
1910,4595.641014949462
1911,4606.395112759359
1912,4617.2990245124
1913,4625.833689826872
1914,4634.228414024787
1915,4643.045167716978
1916,4649.188086443994
1917,4654.027288876096
1918,4656.618579931264
1919,4657.307045964141
1920,4654.971468387435
1921,4650.637521609788
1922,4644.936734106779
1923,4636.7726023962805
1924,4629.272962121368
1925,4619.261537757901
1926,4609.386757433025
1927,4600.401135124501
1928,4589.298672662503
1929,4579.490886992963
1930,4569.466618079975
1931,4563.499523774019
1932,4558.696009308134
1933,4554.654151707259
1934,4549.3251589021675
1935,4544.380716959006
1936,4536.243081093879
1937,4523.242726633258
1938,4511.932418252518
1939,4498.452617441807
1940,4485.502168536876
1941,4472.957859918557
1942,4462.524865463257
1943,4453.012899248439
1944,4447.807212992862
1945,4445.711333556419
1946,4443.639534900656
1947,4441.596767181877
1948,4439.21882338173
1949,4434.762995718572
1950,4431.5366384036215
1951,4426.806387470419
1952,4422.492579388399
1953,4418.151125298229
1954,4416.109912961316
1955,4416.231373542516
1956,4417.121584382399
1957,4418.05234104105
1958,4423.5215923039505
1959,4431.940634029312
1960,4443.166614000213
1961,4458.002299616724
1962,4475.697520513455
1963,4496.0052168602
1964,4519.197902068078
1965,4542.3763281057745
1966,4566.983878939372
1967,4591.167431177892
1968,4614.051246444317
1969,4637.629468132182
1970,4660.468524475843
1971,4686.981423125672
1972,4714.764915147836
1973,4742.282070207682
1974,4768.983435978268
1975,4792.275236727958
1976,4813.392936466448
1977,4831.818149024305
1978,4850.400124953495
1979,4869.337826398741
1980,4886.0051665490255
1981,4902.186728613715
1982,4916.344450701909
1983,4930.810949263292
1984,4940.523430377657
1985,4948.212333737929
1986,4953.203669157252
1987,4956.694299009772
1988,4957.720762454244
1989,4956.991061462508
1990,4954.78406594277
1991,4954.180392946901
1992,4950.718079482781
1993,4949.664518158617
1994,4950.36489525406
1995,4950.974223327095
1996,4950.3899244584145
1997,4946.833054147456
1998,4940.645301239825
1999,4933.56076576018
2000,4926.9245987629265
2001,4921.37892854729
2002,4916.113576687526
2003,4912.239495122386
2004,4907.626342873642
2005,4899.780584673869
2006,4889.59355795538
2007,4877.0286039517705
2008,4858.340521049662
2009,4835.29507516671
2010,4809.207135879271
2011,4781.542608063048
2012,4751.476312242473
2013,4720.129039033207
2014,4686.572746375224
2015,4652.504788948373
2016,4616.2847954677045
2017,4575.80731850201
2018,4530.370701189833
2019,4482.684845775005
2020,4431.217288448294
2021,4377.187516101668
2022,4320.176550800264
2023,4263.3351083529815
2024,4207.869152064194
2025,4151.098802629923
2026,4095.5516647837244
2027,4041.0907878085973
2028,3988.6976376246753
2029,3936.408307748345
2030,3886.1310332006674
2031,3837.4842031898197
2032,3790.7993312112008
2033,3745.8901328080215
2034,3701.6757294723166
2035,3659.983317428326
2036,3619.806229955054
2037,3582.1139971279945
2038,3550.165820108824
2039,3523.4882477136375
2040,3505.5054510804243
2041,3492.195459438481
2042,3484.985552867607
2043,3482.410021296405
2044,3483.418364011167
2045,3488.06246852145
2046,3497.5990390653606
2047,3512.599386931543
2048,3531.6017589088115
2049,3554.8297934566585
2050,3581.2283356592015
2051,3610.749853913475
2052,3636.433574794693
2053,3668.244567223681
2054,3702.9822117697886
2055,3738.7250177965257
2056,3773.1461081396683
2057,3808.3643496711697
2058,3841.9170015511445
2059,3870.5231088591595
2060,3895.555944920838
2061,3918.0592275430445
2062,3939.3280291658157
2063,3960.472693124527
2064,3981.9637184371954
2065,4004.719577720314
2066,4030.5177567837227
2067,4061.416816648163
2068,4094.5464056191295
2069,4131.340678207929
2070,4171.590418915373
2071,4215.0704013124705
2072,4259.718247705943
2073,4305.978355832019
2074,4350.876258825629
2075,4393.836269972536
2076,4435.659557292677
2077,4474.823669509136
2078,4510.926026888643
2079,4545.653769310353
2080,4579.03880684848
2081,4612.62551932686
2082,4644.201278250381
2083,4674.541772561789
2084,4706.22070789317
2085,4736.2986247204535
2086,4764.951455713273
2087,4793.719936344481
2088,4820.890370996839
2089,4846.630150091306
2090,4874.298480808406
2091,4903.295703506239
2092,4931.350121869855
2093,4961.341679007548
2094,4988.037688822927
2095,5009.443934212031
2096,5025.959352594356
2097,5037.659533688422
2098,5044.389125637812
2099,5041.582162255554
2100,5032.771168137815
2101,5019.69369788582
2102,5000.242811780747
2103,4974.28502688879
2104,4942.478990149091
2105,4907.387207970435
2106,4871.592201615344
2107,4838.192606741441
2108,4809.6580873208595
2109,4784.833055424953
2110,4767.267146430864
2111,4755.296738710235
2112,4745.7623593857525
2113,4736.66469698335
2114,4723.540383242336
2115,4708.903168038914
2116,4693.055354599871
2117,4675.300978006015
2118,4657.813502698053
2119,4640.877104863487
2120,4623.4971371176125
2121,4607.107348900976
2122,4592.94665303211
2123,4580.648514067264
2124,4570.50011647649
2125,4561.265902742401
2126,4554.566759639642
2127,4552.817391009112
2128,4555.402193346673
2129,4561.163424991024
2130,4572.3530716435625
2131,4587.323975171023
2132,4607.436789969273
2133,4631.011544494143
2134,4656.792258040724
2135,4685.300294253166
2136,4716.477119957258
2137,4751.12536929271
2138,4784.59080607174
2139,4818.715071654045
2140,4852.364370461408
2141,4882.670474438471
2142,4908.922021478168
2143,4933.762676182598
2144,4955.480315398196
2145,4974.4169792876555
2146,4992.116980982625
2147,5008.685383231001
2148,5022.616909872375
2149,5033.331860074215
2150,5039.751997320764
2151,5041.948242581005
2152,5039.242851996333
2153,5030.341578500397
2154,5015.606945245031
2155,4998.06746993981
2156,4977.708856194843
2157,4955.068486222569
2158,4930.078691417723
2159,4901.914285169434
2160,4871.725493355852
2161,4840.029229288708
2162,4806.300189917833
2163,4770.408102046079
2164,4731.933051734239
2165,4691.666794074268
2166,4656.635149910094
2167,4619.810366495507
2168,4581.6447859094515
2169,4541.74872556907
2170,4500.805475503919
2171,4458.996730413471
2172,4418.968284583886
2173,4378.526897834972
2174,4337.82640648905
2175,4296.796748955943
2176,4255.214014119305
2177,4214.156740577698
2178,4174.998272239672
2179,4135.672905095983
2180,4098.029605353894
2181,4061.5689646228225
2182,4027.6358084552216
2183,3992.818010094643
2184,3957.8429781045584
2185,3923.5679376753674
2186,3890.5768829654244
2187,3861.1267590284406
2188,3834.1198133405724
2189,3810.737918842206
2190,3792.31959708318
2191,3776.802855940231
2192,3765.34249807089
2193,3757.233830216191
2194,3751.508480234588
2195,3748.3701517472573
2196,3747.4985100781246
2197,3749.6441340214924
2198,3753.535419150393
2199,3761.2630716199337
2200,3769.0892814026843
2201,3779.108611964647
2202,3791.5439298859133
2203,3803.6121675182794
2204,3815.5149781364607
2205,3827.562637262224
2206,3839.4198764030584
2207,3849.69226613328
2208,3857.182830838739
2209,3863.623999345198
2210,3867.25660827392
2211,3869.3019663155815
2212,3867.9468094474487
2213,3863.7206634848894
2214,3857.860197107453
2215,3849.784788832639
2216,3839.6186366500133
2217,3827.5663729972925
2218,3815.0283835882306
2219,3800.5086059698083
2220,3784.288299476096
2221,3767.0429209240338
2222,3749.0585291970115
2223,3733.412108394502
2224,3715.657888610486
2225,3695.7650503300615
2226,3675.460173129762
2227,3654.6968917391914
2228,3634.926659789695
2229,3616.0315169160376
2230,3596.433207775833
2231,3578.043626552821
2232,3560.549588142584
2233,3543.3983394136894
2234,3527.0081076133533
2235,3510.6674689422534
2236,3494.0498117793313
2237,3478.1859076016135
2238,3463.3912784707877
2239,3448.7876654001734
2240,3433.9719755965066
2241,3419.6979438537605
2242,3406.0943075935756
2243,3391.7109022674276
2244,3377.239834009639
2245,3363.854847705993
2246,3352.05852644088
2247,3341.7178449414223
2248,3331.7720831662655
2249,3322.4808225337547
2250,3315.1399480334626
2251,3308.761307824754
2252,3306.390262302061
2253,3307.465104349809
2254,3312.0024228793914
2255,3319.6461981040416
2256,3331.3217703182577
2257,3344.6379166913475
2258,3360.4419563409688
2259,3379.0617095176117
2260,3401.1297164938755
2261,3427.1519924751797
2262,3456.7770923889643
2263,3489.0434774618443
2264,3524.7907059460545
2265,3563.175372283419
2266,3605.9821004834066
2267,3653.8329849229226
2268,3706.246273281189
2269,3762.9435651241047
2270,3824.969006300791
2271,3890.8582690087906
2272,3960.715992696835
2273,4033.230614414879
2274,4108.5546853657415
2275,4187.686111294243
2276,4268.777446977994
2277,4350.429016271482
2278,4429.0996548988
2279,4507.002970748416
2280,4574.778855537583
2281,4641.352685163992
2282,4705.192757038628
2283,4767.565974858603
2284,4827.030594477779
2285,4882.004263350106
2286,4931.063924031916
2287,4975.571705187068
2288,5014.39543978205
2289,5048.902737950423
2290,5078.582877123288
2291,5104.0610385287755
2292,5126.137729237687
2293,5144.663590352547
2294,5158.127019662248
2295,5167.735225058484
2296,5174.380770244183
2297,5176.415492165837
2298,5174.519422871761
2299,5167.2962349241425
2300,5155.014286504031
2301,5135.215431398186
2302,5109.0704424532305
2303,5078.674945380627
2304,5045.289900472397
2305,5009.217155848792
2306,4971.007817033851
2307,4933.7203054751535
2308,4897.057545843921
2309,4861.387859696551
2310,4825.410061870297
2311,4788.768033900356
2312,4754.526355555352
2313,4721.748874247518
2314,4693.439251402657
2315,4670.661830759751
2316,4652.4116418337
2317,4638.702855975719
2318,4628.656795029582
2319,4618.688742201791
2320,4608.879607788248
2321,4599.383825178867
2322,4589.313145461283
2323,4579.223873687155
2324,4570.35117344325
2325,4560.254619798685
2326,4549.979504617176
2327,4541.441724136493
2328,4533.899433789398
2329,4527.928724907266
2330,4522.793562268475
2331,4519.0035782351115
2332,4516.466735074538
2333,4514.781293388879
2334,4514.831891332959
2335,4520.05146155387
2336,4528.695532960015
2337,4536.215875083362
2338,4547.921400816532
2339,4561.619405400389
2340,4576.731870202543
2341,4592.499406688398
2342,4607.873688643543
2343,4624.0541804558825
2344,4640.584351932333
2345,4658.419574486922
2346,4678.674203572137
2347,4700.118724185925
2348,4722.71587893507
2349,4746.426403181979
2350,4768.36365095377
2351,4789.071826475105
2352,4810.081052430194
2353,4831.924944489431
2354,4852.957165394681
2355,4872.698115341841
2356,4892.429025363854
2357,4910.382517276772
2358,4926.631939502414
2359,4941.1294255188295
2360,4954.6893701501685
2361,4965.555037239965
2362,4972.810889964603
2363,4977.555563200148
2364,4979.061757921056
2365,4977.919669778483
2366,4974.436860091538
2367,4969.801634201093
2368,4962.911033273393
2369,4953.955987810772
2370,4943.781798050347
2371,4933.130543043408
2372,4921.423942972435
2373,4907.941934160685
2374,4893.451010192269
2375,4878.7839560145385
2376,4864.164256823431
2377,4849.702416097564
2378,4835.567366239365
2379,4820.162407681429
2380,4803.7946208351705
2381,4787.73606999197
2382,4771.763095087088
2383,4757.445471883742
2384,4742.569730066997
2385,4727.6721974717875
2386,4713.511664096131
2387,4699.978842021155
2388,4684.562800235795
2389,4669.191588749113
2390,4657.339024717299
2391,4647.242804844149
2392,4639.4132595501715
2393,4635.164615091914
2394,4631.468294413229
2395,4631.793824048194
2396,4631.113277042063
2397,4628.0455647127255
2398,4619.757066510304
2399,4604.117380508329
2400,4583.848509143972
2401,4556.186120199667
2402,4524.198485029125
2403,4489.020394796393
2404,4451.551740087139
2405,4413.426765487633
2406,4375.023843872523
2407,4333.560654872096
2408,4290.644140891368
2409,4247.390225965948
2410,4204.492961079213
2411,4161.174219693249
2412,4121.486703264756
2413,4084.5629741010084
2414,4050.978350019942
2415,4019.6256004922643
2416,3989.0744111745744
2417,3960.063724208122
2418,3931.522030773604
2419,3904.6176413178136
2420,3880.973463465637
2421,3860.0824050642354
2422,3840.6316119666108
2423,3821.8524101105572
2424,3803.465641903273
2425,3786.1887010033493
2426,3769.949041018567
2427,3755.7211509802423
2428,3743.967565287069
2429,3736.8525478567685
2430,3734.9230817220596
2431,3736.099160226833
2432,3740.2445619754735
2433,3749.12275367532
2434,3760.4362350583165
2435,3774.5553616818543
2436,3791.1697491491805
2437,3807.5246179766173
2438,3825.7208700738875
2439,3846.6337371094783
2440,3868.2044171507405
2441,3891.28788453905
2442,3914.224440084708
2443,3939.249773361638
2444,3963.9224356515724
2445,3987.839218672863
2446,4012.0658597484576
2447,4038.885892941474
2448,4070.2125272556327
2449,4106.7836864417695
2450,4150.520519369847
2451,4188.571564017273
2452,4234.279389869298
2453,4285.930698329529
2454,4338.704534775414
2455,4390.261118935258
2456,4438.745659214881
2457,4483.876625921955
2458,4524.286812688815
2459,4560.508982423737
2460,4592.628350920607
2461,4620.727125540608
2462,4644.718837810919
2463,4663.01086761849
2464,4674.669006839292
2465,4682.372230985222
2466,4686.809330419263
2467,4690.538298712547
2468,4691.19797462405
2469,4689.923888591996
2470,4686.674620015179
2471,4680.242549214501
2472,4671.093146870294
2473,4658.082962505761
2474,4641.553499874014
2475,4622.067151757528
2476,4601.778599970501
2477,4580.432887285861
2478,4558.062381899344
2479,4533.9045923382
2480,4508.822758612451
2481,4483.455643530526
2482,4454.720648142725
2483,4429.256961951793
2484,4406.706121503397
2485,4390.014376947055
2486,4377.96331200697
2487,4368.993770133871
2488,4365.711567911895
2489,4364.012468428886
2490,4361.286084343291
2491,4358.886470694839
2492,4357.135457813386
2493,4353.918453372128
2494,4347.1166608189715
2495,4337.443607473267
2496,4323.6758275263455
2497,4309.332114512561
2498,4291.315579836896
2499,4267.1341976842605
2500,4236.492918327108
2501,4197.743939173555
2502,4153.9064670357975
2503,4107.347165876789
2504,4059.3022738651566
2505,4010.6761933894786
2506,3963.5033923479314
2507,3922.78171959091
2508,3887.3538642923018
2509,3854.4453778104435
2510,3826.9424463647115
2511,3803.9644776063956
2512,3786.7695435713717
2513,3775.757853764425
2514,3770.5555358938013
2515,3769.840253403416
2516,3772.1046783727734
2517,3776.0301019438753
2518,3780.4402314055856
2519,3784.32772064106
2520,3788.339725628033
2521,3792.090922548477
2522,3796.0699545998264
2523,3800.0198301363903
2524,3806.3261956382316
2525,3813.823108502687
2526,3824.1470984273456
2527,3836.4059853105464
2528,3850.328578158303
2529,3863.833167687894
2530,3876.653493295775
2531,3890.1898724841403
2532,3906.987231472503
2533,3925.569777980574
2534,3943.024827025495
2535,3960.9203621120623
2536,3974.8646498876606
2537,3987.9516679733815
2538,3997.984835289895
2539,4004.938483025032
2540,4011.645540232201
2541,4017.513561972314
2542,4020.8234415683987
2543,4019.5366878456293
2544,4015.1170407260365
2545,4008.583677747696
2546,3998.8185373089227
2547,3987.5199975662285
2548,3975.102854779828
2549,3961.7307403146224
2550,3948.3049234057853
2551,3935.088836772626
2552,3923.7379965406712
2553,3915.7766625476397
2554,3908.060872624272
2555,3902.8715337775393
2556,3901.5267240855746
2557,3900.293356746006
2558,3902.611474613825
2559,3909.3145223935644
2560,3921.7287695704154
2561,3936.339823308579
2562,3952.2433705316616
2563,3967.812576045267
2564,3984.4983662982195
2565,3999.0150038182883
2566,4013.98486758104
2567,4024.3736746857253
2568,4029.223884758997
2569,4031.7420716774254
2570,4031.2035067119937
2571,4026.204514241328
2572,4018.792452502769
2573,4008.6854597791935
2574,3994.7395242273797
2575,3979.0540499854287
2576,3961.117720630084
2577,3943.4810344255693
2578,3922.8045925489596
2579,3900.3064687790234
2580,3877.6279294704623
2581,3855.730844235836
2582,3836.0839743513234
2583,3818.1561886797226
2584,3800.731023649281
2585,3783.579458070401
2586,3765.3274834485633
2587,3747.78631874291
2588,3728.9392767459335
2589,3710.5614112954977
2590,3692.0593964158056
2591,3671.687070597446
2592,3650.022803727487
2593,3626.49438329264
2594,3603.5847459166
2595,3579.4817742592195
2596,3553.646456666633
2597,3526.4666300327867
2598,3500.8020518181143
2599,3476.0225300440416
2600,3454.0688992764826
2601,3433.4745650668815
2602,3414.135075563326
2603,3394.9569032622685
2604,3377.1385937127598
2605,3360.5286426963703
2606,3347.35341044371
2607,3339.8165447035594
2608,3336.1101627146118
2609,3334.5972698990804
2610,3334.0179316348144
2611,3334.6553147776294
2612,3335.730314609103
2613,3337.3616746684515
2614,3339.58092095478
2615,3342.3398908638774
2616,3344.6268378785694
2617,3346.4194296773608
2618,3349.1062205986996
2619,3354.150097912866
2620,3364.5273196032576
2621,3381.724423210888
2622,3396.6859033495266
2623,3419.488167776827
2624,3447.784083895359
2625,3481.012143135318
2626,3519.004368832967
2627,3562.4599003381654
2628,3611.1384883163755
2629,3663.9200130937747
2630,3719.7351119366963
2631,3778.213143969829
2632,3838.167481372604
2633,3899.6938401887796
2634,3963.3260690455627
2635,4027.900207303695
2636,4093.434263806507
2637,4159.4272863803135
2638,4224.944251165736
2639,4286.627802161093
2640,4345.120833313829
2641,4401.464694682004
2642,4454.451116149488
2643,4506.165480561961
2644,4555.9241042030235
2645,4603.456166723981
2646,4648.067215361885
2647,4687.846419892966
2648,4725.3104419535875
2649,4757.122506985691
2650,4783.230549493752
2651,4802.747109860881
2652,4815.937633954445
2653,4824.652944997405
2654,4829.2853939699435
2655,4828.998258724438
2656,4825.03643676441
2657,4817.356935044372
2658,4803.255109015018
2659,4786.988341637355
2660,4768.155955756233
2661,4747.076222955655
2662,4724.485086190106
2663,4703.468872735523
2664,4681.138139246147
2665,4658.471621735321
2666,4634.2021335687405
2667,4610.219263736871
2668,4586.3077410650485
2669,4564.651517929334
2670,4545.010836294626
2671,4528.872741803625
2672,4515.7823620465015
2673,4507.426884648985
2674,4502.430307863754
2675,4498.6194335298605
2676,4494.616856562956
2677,4488.840135004682
2678,4482.2543472237285
2679,4476.5247118542975
2680,4468.706802206654
2681,4456.535787731385
2682,4439.086224095553
2683,4416.355923623989
2684,4387.411098421609
2685,4352.405827185232
2686,4309.8028091651495
2687,4261.584539593109
2688,4208.001870313766
2689,4153.259761740948
2690,4094.277110117586
2691,4034.6149284350654
2692,3973.661139629585
2693,3911.0173817334576
2694,3848.5111371191542
2695,3785.4064343088426
2696,3724.6002207181723
2697,3667.674451093657
2698,3615.9171892238965
2699,3569.3128632791204
2700,3526.4468696364816
2701,3486.8028474946373
2702,3452.435999751954
2703,3423.063605870216
2704,3402.0507162901545
2705,3385.6808442002525
2706,3374.643364525238
2707,3370.01926008998
2708,3371.0750348190936
2709,3374.838116540121
2710,3383.339798230254
2711,3395.654960636767
2712,3410.4625818892187
2713,3429.74330072611
2714,3452.1265050359934
2715,3478.203420649324
2716,3509.2444797728576
2717,3541.718592664791
2718,3577.0394941599334
2719,3614.9995021741315
2720,3656.262102818645
2721,3698.940895217084
2722,3742.0517665705015
2723,3787.826014765589
2724,3833.224248404589
2725,3877.0183704817628
2726,3919.098479485371
2727,3960.1722046910227
2728,3999.9018377662383
2729,4036.752759383552
2730,4070.744542095458
2731,4102.441830134095
2732,4134.6474083159965
2733,4168.07217926876
2734,4202.34719547268
2735,4241.5217797607465
2736,4275.603668091364
2737,4315.023800095207
2738,4359.894146941989
2739,4407.901890539192
2740,4458.657764199277
2741,4512.004616090148
2742,4566.760851624412
2743,4623.086977538971
2744,4679.864604295171
2745,4735.713964935637
2746,4789.709161449268
2747,4843.387682779299
2748,4898.972556619441
2749,4954.60240713665
2750,5010.46271811741
2751,5067.678147326333
2752,5125.4036781321
2753,5179.490064588294
2754,5230.411172900854
2755,5279.70836220495
2756,5325.759373878276
2757,5369.498310028631
2758,5411.20319613597
2759,5448.917255876937
2760,5483.583226071065
2761,5513.582406168446
2762,5538.820474638453
2763,5559.781384957551
2764,5577.872253372996
2765,5592.136004135735
2766,5600.765061325938
2767,5605.793585294792
2768,5606.361392283612
2769,5600.38214906392
2770,5589.044455970329
2771,5573.628621495126
2772,5554.607513633064
2773,5530.980092472811
2774,5503.210261766378
2775,5473.501704063028
2776,5442.916694784673
2777,5410.889501616761
2778,5378.732029274792
2779,5343.492060101929
2780,5305.75824641244
2781,5268.754688242422
2782,5231.816875296344
2783,5195.329634629623
2784,5159.815217174637
2785,5123.814058567757
2786,5089.090218750783
2787,5054.634832102954
2788,5020.8537262199225
2789,4987.02683535317
2790,4952.857790056096
2791,4922.6062013899245
2792,4893.477019195179
2793,4868.13463068575
2794,4844.129608207947
2795,4821.638390678209
2796,4799.029718458117
2797,4777.366055910282
2798,4756.063909420408
2799,4735.623251827846
2800,4715.521458576458
2801,4698.427993651578
2802,4683.070253865816
2803,4668.749969815585
2804,4654.368490842349
2805,4639.504691661283
2806,4623.9912174338615
2807,4607.921546190463
2808,4590.56281711081
2809,4573.936174100314
2810,4557.843786044188
2811,4539.949100468731
2812,4523.680995079543
2813,4506.970536831551
2814,4491.224967398061
2815,4477.28705988321
2816,4466.596739136875
2817,4459.040886138545
2818,4454.096337170533
2819,4450.027811256512
2820,4448.117900318056
2821,4448.081527456249
2822,4450.384595874434
2823,4455.670028993589
2824,4462.786285919564
2825,4471.957967513323
2826,4481.744449357157
2827,4493.716883788249
2828,4506.770051345092
2829,4522.2228747831805
2830,4539.9796781577115
2831,4558.35620270129
2832,4574.370229450918
2833,4588.214572707362
2834,4600.830251049014
2835,4614.064515495731
2836,4628.126062430782
2837,4641.512176575925
2838,4656.289795293881
2839,4669.3546697549855
2840,4680.609214924651
2841,4692.425711172389
2842,4700.706617435399
2843,4705.410545897127
2844,4703.925953141971
2845,4698.431962587577
2846,4689.801642053173
2847,4678.211169385834
2848,4661.888289847514
2849,4642.424094555147
2850,4625.490244650789
2851,4607.6275229150615
2852,4587.143376897008
2853,4562.296120380175
2854,4533.165704963757
2855,4502.419872634862
2856,4471.775719397493
2857,4440.573356856079
2858,4409.155503706218
2859,4378.4803226368385
2860,4349.426304437425
2861,4323.502258578401
2862,4298.742464108353
2863,4276.038381306495
2864,4255.337836336631
2865,4234.660104868171
2866,4212.140053943023
2867,4191.441496755491
2868,4169.875303153576
2869,4150.062103926326
2870,4132.872453363992
2871,4117.622311626888
2872,4103.044439231136
2873,4089.0513891938
2874,4076.5094147395694
2875,4065.5071991642026
2876,4057.0987871937614
2877,4052.598354372958
2878,4048.8729103895153
2879,4047.208469026117
2880,4046.844097544153
2881,4047.4822661252847
2882,4046.51939289711
2883,4046.567527432059
2884,4046.011713621283
2885,4044.7313314940975
2886,4042.8479426618674
2887,4038.172333882238
2888,4030.407634061239
2889,4021.956520241379
2890,4010.7845279842895
2891,3997.6136511126792
2892,3982.3698931390945
2893,3967.3954839652333
2894,3953.5370950392416
2895,3942.3669668354905
2896,3934.024215945925
2897,3928.5433444178802
2898,3925.0218426303154
2899,3924.099352539999
2900,3926.636787060293
2901,3931.2700163085537
2902,3939.14073152425
2903,3948.375294411241
2904,3960.345170411305
2905,3973.693820414216
2906,3990.239695151873
2907,4004.634606173635
2908,4020.7954840800403
2909,4039.7246446363342
2910,4059.019258774136
2911,4081.201434222272
2912,4103.815369083909
2913,4127.099747144606
2914,4151.850915705081
2915,4176.374971349682
2916,4199.558317481492
2917,4221.798986495389
2918,4242.8695054927
2919,4262.212088605077
2920,4279.486838815347
2921,4295.834220994475
2922,4311.196807830152
2923,4326.332086234735
2924,4341.307948067418
2925,4355.287395623462
2926,4368.2067341932
2927,4378.409420586879
2928,4387.026518719652
2929,4393.745788741166
2930,4396.7458245199205
2931,4397.334111549263
2932,4399.227039994036
2933,4400.686123004004
2934,4403.050183461537
2935,4405.683682461132
2936,4408.4674171246825
2937,4414.598670705306
2938,4422.779617560834
2939,4433.8786765150335
2940,4446.480404713657
2941,4460.653439056385
2942,4475.486067814871
2943,4487.846892430396
2944,4500.593375789102
2945,4513.720141253762
2946,4525.874931890438
2947,4539.641623472247
2948,4554.189098028288
2949,4566.699797681621
2950,4577.357628288119
2951,4587.369710284662
2952,4593.491018856187
2953,4596.9437038326005
2954,4596.265980190746
2955,4592.584663599727
2956,4587.220263099234
2957,4580.552206466221
2958,4572.397739207566
2959,4564.587328486261
2960,4556.214181662518
2961,4546.099367733425
2962,4535.4420374718275
2963,4523.827554206259
2964,4513.722953765215
2965,4503.482864877749
2966,4493.652345393319
2967,4483.401109069195
2968,4474.490169267408
2969,4464.717731884577
2970,4456.113766160667
2971,4450.305022246664
2972,4447.159441743876
2973,4447.38503897339
2974,4447.489128028548
2975,4449.733319943828
2976,4452.971100570159
2977,4458.041765629803
2978,4464.277702059085
2979,4471.555498202246
2980,4479.515638892448
2981,4488.227515949127
2982,4494.935056582418
2983,4500.795790708822
2984,4507.38928966389
2985,4516.202776294788
2986,4528.39078174634
2987,4542.115518377847
2988,4556.872628435488
2989,4574.246209646727
2990,4592.491694971667
2991,4610.804929662904
2992,4631.787197804423
2993,4655.009047686873
2994,4680.844750407151
2995,4708.813431751474
2996,4736.466152118181
2997,4763.154688231077
2998,4786.980832866344
2999,4810.104644904436
3000,4832.1489852270315
3001,4852.193808327809
3002,4871.120643410505
3003,4889.846792566899
3004,4906.3219540705295
3005,4919.004806494233
3006,4927.496294762801
3007,4931.744917104651
3008,4931.0667914996575
3009,4926.975914371976
3010,4918.286357216854
3011,4904.748783864934
3012,4888.538031066613
3013,4870.904881069427
3014,4851.072032035857
3015,4829.830631052625
3016,4806.195888296482
3017,4780.745674665999
3018,4752.570777738384
3019,4721.79080435668
3020,4687.817246568627
3021,4658.26025129302
3022,4623.733825385273
3023,4585.8571464456245
3024,4546.403569891687
3025,4508.4138832460085
3026,4471.781008985654
3027,4436.837625209032
3028,4404.779449269709
3029,4374.367318512859
3030,4345.644810006656
3031,4318.541682807812
3032,4293.357019496236
3033,4269.46935637392
3034,4247.0405538982295
3035,4226.563241534057
3036,4205.916921783556
3037,4185.447552884657
3038,4164.403932079384
3039,4144.201066682732
3040,4121.9739977108775
3041,4095.7412893774062
3042,4068.0917855217845
3043,4039.7395344099323
3044,4008.529631998974
3045,3975.4650849468003
3046,3941.215929419362
3047,3906.293132874143
3048,3871.4833105247844
3049,3837.443477681777
3050,3805.6182842035137
3051,3776.1375718796694
3052,3747.1990638577304
3053,3720.1309316868383
3054,3694.5823182233935
3055,3667.7385825893143
3056,3644.86156227036
3057,3625.1641120199456
3058,3608.045246022941
3059,3596.6785949868367
3060,3588.812967648226
3061,3583.916855826602
3062,3583.5335215816544
3063,3588.9023288696226
3064,3598.1231128909526
3065,3612.5617863156385
3066,3631.7608936145393
3067,3655.2247548661817
3068,3683.7347760955868
3069,3718.8655322349014
3070,3759.4117041931836
3071,3804.067919042285
3072,3853.6955441680357
3073,3905.042518130493
3074,3955.60276657788
3075,4002.7157193025078
3076,4047.1937515385557
3077,4087.4856529998533
3078,4122.539607271182
3079,4152.491467106402
3080,4179.020939984775
3081,4203.038731236116
3082,4222.455009297251
3083,4240.607823470377
3084,4255.569444904912
3085,4267.7205896832775
3086,4278.733539737584
3087,4288.833158567578
3088,4296.211974628759
3089,4302.471144201647
3090,4307.435792701504
3091,4310.883357186879
3092,4314.050161601272
3093,4316.6318847904695
3094,4319.07715734297
3095,4321.118191850764
3096,4323.400356642092
3097,4324.498910137983
3098,4324.127409977438
3099,4321.173821732703
3100,4314.230857930831
3101,4304.741775105351
3102,4291.888534299697
3103,4277.272742410904
3104,4261.944184910367
3105,4246.349052670645
3106,4229.334917558694
3107,4212.516104973087
3108,4195.456990544633
3109,4177.202019135039
3110,4157.9643134560765
3111,4138.1110882270395
3112,4115.901843284388
3113,4090.415264384712
3114,4062.7271739325915
3115,4031.6410433326023
3116,3996.849207802751
3117,3962.2549728325994
3118,3926.232413856494
3119,3887.86150801431
3120,3849.1012464065557
3121,3809.6845718770933
3122,3770.261407311862
3123,3729.99629776071
3124,3688.7390515370093
3125,3647.380096669578
3126,3605.461107118713
3127,3561.956349629425
3128,3519.119650867794
3129,3476.6344642341555
3130,3438.331387781729
3131,3402.1817088523935
3132,3369.467908120451
3133,3339.328353747164
3134,3312.9424614977747
3135,3289.9867352408064
3136,3271.3355834361396
3137,3255.708782576707
3138,3241.4797186836972
3139,3226.7969147427966
3140,3211.2768184975607
3141,3196.762935511906
3142,3183.25031479382
3143,3169.6347769527783
3144,3156.615192854512
3145,3145.5596927653137
3146,3133.2155018695653
3147,3120.5646700218
3148,3109.266582073388
3149,3097.8233780798355
3150,3085.4051333101097
3151,3074.864530099602
3152,3062.267630178221
3153,3050.6568328558387
3154,3041.5103769592833
3155,3036.1620050063293
3156,3034.720237541801
3157,3034.800520046545
3158,3037.3017311137796
3159,3040.5037768528277
3160,3042.3024803659123
3161,3046.4117028564415
3162,3051.9475044496216
3163,3056.3043785183636
3164,3058.812536669373
3165,3060.9680375078783
3166,3063.58283794679
3167,3066.35991808784
3168,3069.8855796450107
3169,3075.4343035294446
3170,3082.161440189399
3171,3088.918120783483
3172,3096.0406396972066
3173,3103.883887206385
3174,3112.8879464770307
3175,3123.9672660342085
3176,3136.720768472599
3177,3152.1441448770993
3178,3170.4288119129874
3179,3191.1138109002827
3180,3214.052813341377
3181,3239.1117508489856
3182,3263.516444688426
3183,3287.298286403755
3184,3310.260426296866
3185,3334.677475642305
3186,3363.155444809212
3187,3391.238670694724
3188,3423.178276011155
3189,3458.182443379798
3190,3494.73479678441
3191,3537.6438074155844
3192,3574.974646664706
3193,3618.520445406723
3194,3667.9105805904574
3195,3720.5464689745377
3196,3775.892065515704
3197,3831.8865702345533
3198,3885.362402708644
3199,3939.257552030316
3200,3988.782921268974
3201,4036.7478039621415
3202,4080.5328985015167
3203,4120.519573179669
3204,4156.755608598754
3205,4186.315576120597
3206,4210.020678947778
3207,4229.817367874427
3208,4246.357842240909
3209,4258.023879110488
3210,4268.853259395685
3211,4277.487771688086
3212,4282.139853693586
3213,4288.351988576668
3214,4295.170374665278
3215,4302.191478502032
3216,4310.944111190068
3217,4320.610764754986
3218,4328.073091174045
3219,4332.35645286464
3220,4335.692984666185
3221,4334.3823535518895
3222,4326.357267308398
3223,4316.978211244047
3224,4304.047713559898
3225,4288.235652864522
3226,4269.118354709379
3227,4248.879842197844
3228,4227.722520698842
3229,4207.530155148922
3230,4185.766624528211
3231,4164.267323775486
3232,4142.314874717865
3233,4117.861302330031
3234,4094.5492169147783
3235,4072.8064758005858
3236,4050.485842485815
3237,4028.997838153601
3238,4011.3947593684807
3239,3995.724225566971
3240,3979.110397008636
3241,3962.42009718445
3242,3947.0618376841794
3243,3935.234874562559
3244,3924.8115633840603
3245,3915.377747153528
3246,3909.7853689462436
3247,3908.1409827999373
3248,3909.8596493845903
3249,3911.3548893132383
3250,3914.14129060688
3251,3920.544771583452
3252,3928.4667575134176
3253,3932.624845698074
3254,3931.494388147999
3255,3930.6095984304366
3256,3928.4046728293342
3257,3926.8878505520456
3258,3926.9786863885543
3259,3926.1620103805776
3260,3924.274094295933
3261,3920.9119632385746
3262,3916.443064236324
3263,3912.116834854051
3264,3906.3822273199644
3265,3900.7511505309626
3266,3894.6168431924243
3267,3886.6069849757214
3268,3879.003141808314
3269,3870.160209608783
3270,3861.0811292039925
3271,3853.660725536219
3272,3848.7169528291856
3273,3846.2035133350864
3274,3846.705537793169
3275,3851.397488859843
3276,3864.316322979059
3277,3881.4478177047404
3278,3901.572891455109
3279,3921.8105208391044
3280,3943.885550111787
3281,3968.317585698868
3282,3994.6690142496195
3283,4023.3207128135227
3284,4057.149074064114
3285,4091.951761371731
3286,4128.032683318337
3287,4164.627737751211
3288,4201.6086841364295
3289,4239.015512090821
3290,4279.066430060768
3291,4320.005989852753
3292,4359.181114106125
3293,4397.896043806863
3294,4434.147005261028
3295,4467.701207740051
3296,4498.669305534719
3297,4525.5166969081065
3298,4547.443506572743
3299,4564.024019435377
3300,4576.880710534093
3301,4586.048785474771
3302,4595.159616581996
3303,4606.659240270903
3304,4618.452073650318
3305,4635.912781430927
3306,4651.103597200056
3307,4671.425368061521
3308,4693.024774691489
3309,4714.563820681269
3310,4735.091738965762
3311,4753.5860252712
3312,4769.046454057327
3313,4779.595713469334
3314,4785.974391731061
3315,4794.677765358109
3316,4803.834282377077
3317,4812.540930515469
3318,4818.018167023037
3319,4820.084095557981
3320,4820.541352212897
3321,4819.810119074
3322,4817.693824860621
3323,4814.53015855876
3324,4811.66187494755
3325,4808.935346842314
3326,4806.064517174213
3327,4801.868262264379
3328,4794.837212941086
3329,4786.02958962255
3330,4778.340519530629
3331,4773.793932595764
3332,4770.298058747355
3333,4769.651256578303
3334,4772.57319625498
3335,4773.745392673364
3336,4771.207264944879
3337,4764.84134293082
3338,4751.159580003689
3339,4732.893781970728
3340,4716.10106506584
3341,4701.264839985969
3342,4687.643985594931
3343,4674.405993851652
3344,4660.975309684351
3345,4647.4280564333985
3346,4630.324809155237
3347,4608.749302130075
3348,4584.703128000299
3349,4561.162203672147
3350,4534.520351098219
3351,4507.242664767294
3352,4479.14629249082
3353,4450.698846879762
3354,4418.9699945280745
3355,4387.839472508166
3356,4352.85968147876
3357,4316.82482092237
3358,4281.754783016232
3359,4249.661710225417
3360,4221.904093163295
3361,4196.71166679957
3362,4174.41095888375
3363,4155.0093429969875
3364,4139.057255775631
3365,4125.412385162179
3366,4112.92916541423
3367,4095.565402994797
3368,4080.219181881001
3369,4064.3996672880744
3370,4045.550399289449
3371,4026.1684638892475
3372,4004.9061500456587
3373,3985.5528210720213
3374,3968.332447173334
3375,3955.09329004723
3376,3942.945431366511
3377,3930.828741695087
3378,3918.962786536433
3379,3903.426434541701
3380,3886.2765425930697
3381,3865.103287154505
3382,3840.81898858565
3383,3817.473178791742
3384,3790.6966830493693
3385,3762.495597195253
3386,3733.094165050864
3387,3704.562948569582
3388,3675.3148068231776
3389,3648.9284567437026
3390,3627.2562872272515
3391,3608.437683684923
3392,3588.6342203836907
3393,3566.992719843493
3394,3543.1939999529636
3395,3518.588133562757
3396,3494.097687552425
3397,3471.6647193748017
3398,3450.2512703909742
3399,3430.4063594176355
3400,3414.272816773952
3401,3403.1952909367487
3402,3395.6503333794867
3403,3393.8226622320303
3404,3396.682724042044
3405,3401.127917734985
3406,3411.5144306838174
3407,3425.2648739214305
3408,3440.5948932905826
3409,3456.6522756609766
3410,3472.8284365778677
3411,3488.8055030616874
3412,3506.0205940131987
3413,3524.7662916181466
3414,3543.816247817583
3415,3565.430896350668
3416,3588.5339583728746
3417,3612.7159231101095
3418,3640.1492199676777
3419,3668.6580956105536
3420,3693.4608174198556
3421,3721.5764467791823
3422,3751.7720118031757
3423,3781.2181800429385
3424,3809.4327061695158
3425,3836.6733410412194
3426,3862.5409600503926
3427,3886.767311838436
3428,3911.8688565295874
3429,3936.9525997335013
3430,3960.7507608924984
3431,3984.1573369168327
3432,4005.1203823758624
3433,4023.763860804737
3434,4040.3871577808113
3435,4057.929910068317
3436,4076.0084610883073
3437,4094.0975966262813
3438,4113.563510995191
3439,4133.465782620417
3440,4154.1613485060125
3441,4174.4975904954445
3442,4193.495286737677
3443,4209.999713211685
3444,4226.9010115627425
3445,4244.451529956322
3446,4263.581641903654
3447,4281.861294584203
3448,4299.31719046096
3449,4317.845000319638
3450,4335.6464229058965
3451,4349.869960785801
3452,4363.834089459192
3453,4375.725528141362
3454,4385.656753538327
3455,4392.598486931295
3456,4398.02172999123
3457,4401.426576170886
3458,4401.732669547037
3459,4402.390909632613
3460,4400.7123395783265
3461,4397.674270364454
3462,4393.5888107038545
3463,4386.582378218914
3464,4376.313354246591
3465,4364.350942203399
3466,4349.659325190569
3467,4331.013204945756
3468,4308.882740250931
3469,4283.6742258642225
3470,4253.937052390573
3471,4219.946566586116
3472,4185.4237085818895
3473,4153.670731523677
3474,4127.256500944718
3475,4102.427576811163
3476,4084.1908839015464
3477,4068.32496107018
3478,4056.957386720841
3479,4049.5487930462896
3480,4042.317868452314
3481,4036.2754665662746
3482,4028.9523578146923
3483,4018.540226110275
3484,4005.362042808982
3485,3989.341547986738
3486,3971.4472799078076
3487,3953.4765369820816
3488,3936.7483610175304
3489,3919.4733321436056
3490,3901.872261073614
3491,3887.4640274140706
3492,3875.2580190137132
3493,3865.762009448054
3494,3860.5633730009067
3495,3857.5013661208723
3496,3856.9655110504277
3497,3857.321349656054
3498,3857.3685677489602
3499,3859.7646800184657
3500,3864.282561112772
3501,3870.51815318863
3502,3877.3752125086194
3503,3885.343696816046
3504,3894.16652993042
3505,3903.762017063345
3506,3914.5363983748543
3507,3923.7354274020304
3508,3933.2544668812257
3509,3940.7869235013836
3510,3947.251377051593
3511,3953.551532186192
3512,3959.6269672367225
3513,3966.6690298205926
3514,3975.8617254431524
3515,3982.313502271651
3516,3988.589960079127
3517,3992.2923256005965
3518,3995.8465856560183
3519,3998.2589646709835
3520,3999.5478461970524
3521,3999.3172651825585
3522,3998.2748029017885
3523,3995.8507060804427
3524,3991.4961839793677
3525,3982.6175085820546
3526,3970.051692672323
3527,3951.433694475692
3528,3926.5244433319217
3529,3899.1398575814214
3530,3872.1966893050685
3531,3844.7847276540133
3532,3816.8618246342153
3533,3792.015814258193
3534,3770.399785231054
3535,3750.7971541400207
3536,3735.1264349461308
3537,3725.7620508088335
3538,3723.8082449711574
3539,3728.4486754983923
3540,3740.8794726516576
3541,3762.0611066791644
3542,3786.2165782239754
3543,3815.2287444323943
3544,3844.056654961062
3545,3874.6396847426336
3546,3906.1907770777093
3547,3941.9297326153956
3548,3979.317189427471
3549,4016.7686699510923
3550,4053.171677325819
3551,4086.596108773062
3552,4115.974378429598
3553,4139.750539505591
3554,4159.749931154591
3555,4179.836085122727
3556,4197.217081681943
3557,4215.41177858368
3558,4231.9007415841
3559,4244.3283282979
3560,4253.530699894866
3561,4258.361548916859
3562,4260.838755140917
3563,4263.328280156882
3564,4265.186203693527
3565,4265.343001743788
3566,4264.132027515009
3567,4259.396137651882
3568,4250.575983692533
3569,4241.201289786074
3570,4231.041416862066
3571,4217.675875132355
3572,4204.6570284812005
3573,4190.516970665414
3574,4178.833382675208
3575,4168.931433267961
3576,4161.354889650986
3577,4155.6316552024
3578,4151.252896030627
3579,4148.051270326451
3580,4146.465650795908
3581,4145.663271395862
3582,4146.631995784445
3583,4150.704762917896
3584,4156.75410184559
3585,4164.388826042223
3586,4171.453253246892
3587,4176.685771578818
3588,4176.260770149335
3589,4169.30280011684
3590,4153.054491117563
3591,4138.918462288193
3592,4114.286458511178
3593,4082.0593978421607
3594,4046.4923100041115
3595,4011.226673828454
3596,3976.93571386085
3597,3946.500060264985
3598,3921.1249434454244
3599,3898.274641402948
3600,3877.9802767437122
3601,3862.449832984172
3602,3850.241708757149
3603,3841.7884097536994
3604,3836.3631876168943
3605,3834.166345192399
3606,3834.6366821287015
3607,3835.5489578265147
3608,3833.6143174341923
3609,3830.4888172370797
3610,3826.0848565143183
3611,3820.904188184571
3612,3813.5036665916755
3613,3804.6243776068845
3614,3796.290113737033
3615,3787.3028611418754
3616,3777.204572779308
3617,3768.5137786048485
3618,3761.4232077850515
3619,3754.659191921652
3620,3750.356494456495
3621,3748.742565233074
3622,3747.010776357313
3623,3745.5196373797316
3624,3746.2618225062124
3625,3748.838113329012
3626,3753.881681193554
3627,3759.2199285832726
3628,3763.8918610629617
3629,3767.9458909384593
3630,3772.930592521061
3631,3781.9784746993787
3632,3794.3036403044753
3633,3811.512790568202
3634,3835.276300332412
3635,3863.0752946773264
3636,3895.284700490583
3637,3929.0180815745766
3638,3965.5690185873664
3639,4007.8516356677223
3640,4053.928257407564
3641,4103.165385045926
3642,4156.997577016532
3643,4215.296157130329
3644,4273.932592793552
3645,4330.858753064921
3646,4384.847786062053
3647,4433.3088894016355
3648,4475.470049307072
3649,4515.858978067142
3650,4553.447235328622
3651,4585.833288590968
3652,4615.544587761594
3653,4642.305955438366
3654,4665.706501637127
3655,4684.905563605968
3656,4701.187855772701
3657,4717.810144518464
3658,4734.497846226046
3659,4753.340172494533
3660,4773.925289754434
3661,4794.677084401699
3662,4817.588117580368
3663,4843.038189120412
3664,4871.245288434622
3665,4901.456799034021
3666,4934.772188659923
3667,4970.762076035479
3668,5006.467290633255
3669,5040.044847198992
3670,5072.27598751937
3671,5104.097209953336
3672,5136.509959618132
3673,5172.984003373334
3674,5210.238349384572
3675,5246.68765743726
3676,5284.4180703567445
3677,5318.721251409507
3678,5351.192188725805
3679,5379.983709843831
3680,5407.39695409186
3681,5431.891146841051
3682,5452.365527659395
3683,5471.581111835873
3684,5486.654073684033
3685,5497.287000490396
3686,5504.062843346701
3687,5507.836203523157
3688,5508.811889425918
3689,5507.6177263853115
3690,5503.607001286781
3691,5496.488477495813
3692,5486.261675469323
3693,5472.571009147293
3694,5453.5853150386365
3695,5430.309070214063
3696,5404.240492323357
3697,5373.333937026623
3698,5339.471187720596
3699,5302.081524578183
3700,5260.492325313987
3701,5217.279672626879
3702,5170.1978314373855
3703,5119.9693030615845
3704,5068.272886301649
3705,5023.297003720505
3706,4974.605753876865
3707,4925.730219180508
3708,4877.354297766652
3709,4827.173039788852
3710,4775.742051067283
3711,4724.871633602372
3712,4673.281216397969
3713,4623.337106011321
3714,4571.922402054924
3715,4520.875084948391
3716,4469.374204318598
3717,4418.22128330838
3718,4368.746808471627
3719,4322.464901341202
3720,4278.129538156219
3721,4235.22493007652
3722,4195.589063017051
3723,4156.052288981031
3724,4116.053786251959
3725,4074.81443497279
3726,4032.8127597525704
3727,3990.8411931133137
3728,3950.2088212730205
3729,3906.638456862956
3730,3863.0124576333483
3731,3815.819593224555
3732,3767.837390718715
3733,3719.6395833683396
3734,3670.6310367402257
3735,3621.622490371543
3736,3575.671366016427
3737,3533.2295046122604
3738,3495.0842796530656
3739,3461.265343600087
3740,3432.0765297451503
3741,3410.2639604748215
3742,3391.6398336352536
3743,3379.6039656670814
3744,3374.7268313819986
3745,3374.773145513087
3746,3378.8564945139487
3747,3388.0234452351197
3748,3403.1019965906494
3749,3422.2604762995365
3750,3444.112708895817
3751,3467.9916178545386
3752,3496.4854984970643
3753,3527.605710939055
3754,3560.130863268285
3755,3594.8614896415925
3756,3632.9288151292963
3757,3676.1447938082047
3758,3719.1702922696745
3759,3761.8391748433532
3760,3802.5679188916115
3761,3843.7972842558265
3762,3879.6668321226934
3763,3915.3309179253774
3764,3946.4102836103775
3765,3973.0472158839275
3766,3996.7485973890393
3767,4017.675036903921
3768,4034.673184353295
3769,4045.991387401538
3770,4054.917063057869
3771,4057.830701647439
3772,4055.8195340200946
3773,4046.7144526833745
3774,4033.197219077913
3775,4017.406961779747
3776,3998.7253420393886
3777,3979.4105966883026
3778,3957.9928207850257
3779,3938.9604067834694
3780,3923.263858860632
3781,3910.885483896986
3782,3899.9894585924426
3783,3887.656223800235
3784,3874.9046654394842
3785,3862.1026329990846
3786,3849.0854640647976
3787,3835.7426143096413
3788,3824.7328787041065
3789,3812.6119199571194
3790,3800.0393276054283
3791,3784.561545679283
3792,3766.2430223723127
3793,3744.369749095922
3794,3720.874932694376
3795,3693.2835250288113
3796,3665.6133035166004
3797,3635.616413585578
3798,3603.378056997547
3799,3569.5424571564886
3800,3534.550424891369
3801,3500.4786054797005
3802,3464.922846763313
3803,3430.038696473043
3804,3393.5766638124114
3805,3358.0364232126185
3806,3324.497918812219
3807,3293.687539176309
3808,3264.8321120250407
3809,3237.6283304335852
3810,3210.8636525181246
3811,3184.7161447038575
3812,3157.9381793416437
3813,3130.6125384202137
3814,3103.343688336535
3815,3079.6974078370195
3816,3057.779503329684
3817,3035.319562763215
3818,3017.591090677959
3819,3002.1673199637876
3820,2990.4746659603607
3821,2978.5170379601773
3822,2966.8026748309912
3823,2955.9390669379673
3824,2944.291359478729
3825,2931.5101214527344
3826,2919.321140955512
3827,2906.0994910950253
3828,2896.490642210006
3829,2888.8907042847286
3830,2883.4321232722723
3831,2880.9606588654224
3832,2879.313938150974
3833,2878.260621310501
3834,2880.3699709022194
3835,2885.039581572414
3836,2888.8175444893645
3837,2895.538586544408
3838,2905.4086757651544
3839,2918.49807005849
3840,2933.5675947674267
3841,2950.182136106339
3842,2965.834371994612
3843,2980.5595656376386
3844,2996.3541521143593
3845,3011.065036346342
3846,3026.0943939906465
3847,3041.2404246798396
3848,3056.3460859069464
3849,3072.6695892142525
3850,3090.1390624116493
3851,3110.698876197938
3852,3131.5750446716606
3853,3151.763957158965
3854,3174.307110422264
3855,3197.861161264276
3856,3224.334661743435
3857,3250.2404962427627
3858,3278.6061592590395
3859,3310.076405644878
3860,3341.1496273787307
3861,3371.193493309864
3862,3400.8658804125444
3863,3430.712656951688
3864,3460.3714332102186
3865,3488.6505721655326
3866,3518.0159563935294
3867,3547.208188169649
3868,3574.6916145785735
3869,3599.7702887222918
3870,3623.5765010597156
3871,3647.812228864633
3872,3671.6433832299363
3873,3695.286489006737
3874,3721.532212557409
3875,3752.5161128675018
3876,3779.4721061372825
3877,3809.7138774515465
3878,3843.4807158861104
3879,3879.919172678316
3880,3918.4887516220956
3881,3957.8451624008585
3882,3997.469868087459
3883,4036.265853566284
3884,4075.0702768577435
3885,4112.495192119451
3886,4147.73002280397
3887,4179.2487935027175
3888,4207.133777373675
3889,4231.772344611414
3890,4255.181214589033
3891,4276.330374813946
3892,4296.793863259672
3893,4316.276576508359
3894,4334.179762758031
3895,4352.945865061154
3896,4371.425267876419
3897,4390.902086665814
3898,4413.828647868709
3899,4436.638816539484
3900,4462.323880982824
3901,4489.890869500436
3902,4517.464715362069
3903,4544.114125232048
3904,4570.385285989894
3905,4595.603753007824
3906,4620.881600884431
3907,4645.114418149355
3908,4668.647244036277
3909,4690.108752500296
3910,4711.039735353031
3911,4731.77486377464
3912,4751.785201432873
3913,4770.181495019903
3914,4786.937644525109
3915,4803.803181645187
3916,4821.253670233653
3917,4837.050693715987
3918,4852.739649641096
3919,4865.999673275164
3920,4876.713076292618
3921,4884.838041762031
3922,4890.300578238682
3923,4894.504274814402
3924,4899.183324981983
3925,4903.933525050075
3926,4908.977725832069
3927,4913.763590218896
3928,4916.901997951081
3929,4920.297309724075
3930,4923.030433381299
3931,4924.778688871832
3932,4927.093108493361
3933,4929.106653564092
3934,4931.827954872323
3935,4933.865378583302
3936,4934.112357847729
3937,4931.267301696737
3938,4926.097529237626
3939,4917.560802404862
3940,4906.312201580115
3941,4889.935150645029
3942,4870.35398777926
3943,4848.429399526583
3944,4825.121080056342
3945,4800.024568510247
3946,4770.818325205666
3947,4741.476804825493
3948,4712.213254483358
3949,4684.243868920534
3950,4656.421617424454
3951,4628.921098980999
3952,4602.455179948103
3953,4576.418382850248
3954,4553.203988786592
3955,4529.790834784363
3956,4507.354381149458
3957,4485.8779789866785
3958,4464.603744792608
3959,4439.4417220068935
3960,4415.321301507118
3961,4391.003306018597
3962,4366.533904358443
3963,4341.919176120789
3964,4320.024574817278
3965,4300.265822276863
3966,4282.149304233695
3967,4266.595534354768
3968,4253.99881010895
3969,4245.711456997482
3970,4237.979526232969
3971,4232.745389914508
3972,4231.062992003624
3973,4228.481419695424
3974,4226.603202213336
3975,4226.575473689467
3976,4226.34073500461
3977,4223.491202800373
3978,4217.167711866804
3979,4209.780825090418
3980,4200.69121681556
3981,4191.782532204635
3982,4186.64673418239
3983,4182.300333993125
3984,4180.356276029
3985,4177.132790889576
3986,4172.263044038221
3987,4169.703083471358
3988,4173.366186223443
3989,4182.5858984067045
3990,4190.607048006143
3991,4204.024138605723
3992,4224.515740821577
3993,4248.55113287118
3994,4277.461073882382
3995,4308.210643478438
3996,4339.358222663354
3997,4371.2289260409625
3998,4401.970034486865
3999,4435.023971956331
4000,4464.311389566165
4001,4492.285859025496
4002,4519.350370365151
4003,4543.864904142697
4004,4568.591485153131
4005,4592.0310447526335
4006,4612.284002121603
4007,4632.08161365725
4008,4652.285654724956
4009,4673.6980980027365
4010,4695.834039599848
4011,4718.799218599572
4012,4741.530045985691
4013,4764.2377331257
4014,4784.227897819704
4015,4798.458587054329
4016,4808.261353859058
4017,4814.396928496159
4018,4816.828656337153
4019,4813.446243943244
4020,4804.732543875665
4021,4794.47404673819
4022,4779.94278403363
4023,4763.6744450554725
4024,4744.637999434211
4025,4723.188142942867
4026,4700.070314086153
4027,4676.642140979521
4028,4654.6322284069
4029,4633.704462270692
4030,4615.303341230498
4031,4595.685499494246
4032,4573.721357950426
4033,4551.469217119467
4034,4526.283539185856
4035,4500.806370510646
4036,4473.586028790406
4037,4444.280291813215
4038,4411.7259050949715
4039,4376.226985577744
4040,4336.894065500211
4041,4293.377308593012
4042,4245.827707460541
4043,4195.901826256634
4044,4144.511226846598
4045,4090.829152228598
4046,4037.5434885928303
4047,3991.1849612297124
4048,3944.0646968850388
4049,3895.564717722157
4050,3848.066995079015
4051,3800.8816081964505
4052,3754.9999843431083
4053,3708.57240855451
4054,3663.4319863272303
4055,3617.966093988076
4056,3570.68485672505
4057,3523.864617514136
4058,3478.063783224794
4059,3433.5133846773347
4060,3388.842724271945
4061,3345.4782695577833
4062,3303.1795038991872
4063,3260.964573397392
4064,3219.54171527432
4065,3179.4284648087073
4066,3140.5754368546054
4067,3101.4545834452174
4068,3064.375597286626
4069,3027.6844127277873
4070,2993.425762067407
4071,2960.401700469208
4072,2926.4576271879605
4073,2891.115064425705
4074,2857.0069809083566
4075,2823.2916620797246
4076,2789.085322698931
4077,2755.140919564429
4078,2720.8882049465233
4079,2687.86290520485
4080,2654.9156545553683
4081,2621.3876442060737
4082,2590.967302681228
4083,2562.492292561034
4084,2537.222490853156
4085,2515.645884352947
4086,2498.983376293867
4087,2489.0265389063807
4088,2485.617082012757
4089,2486.6408385554123
4090,2492.161078377909
4091,2501.4661196998545
4092,2513.6247956509774
4093,2529.9135530888034
4094,2551.6035298191327
4095,2578.1478230961666
4096,2610.3959948570237
4097,2647.9585080709976
4098,2690.141816081858
4099,2737.9922761791026
4100,2789.3680916419307
4101,2845.790035664306
4102,2905.4741874904353
4103,2968.233852711127
4104,3022.834761453129
4105,3080.167377518855
4106,3137.9892487533825
4107,3195.740597237779
4108,3251.939522603695
4109,3304.9681260394036
4110,3353.8945320219473
4111,3397.914997775804
4112,3438.3524778975793
4113,3475.004974194794
4114,3505.77592192988
4115,3529.7616736734553
4116,3549.5349701205
4117,3565.0576285253064
4118,3580.164298381235
4119,3593.6917033381933
4120,3606.9755090053363
4121,3620.9949762845717
4122,3633.684548946859
4123,3647.835973974757
4124,3662.7432125444957
4125,3679.489642211712
4126,3696.6488001941284
4127,3713.9636276541037
4128,3732.6193799567436
4129,3750.8406259060484
4130,3769.63376443107
4131,3789.049724901958
4132,3808.436729933312
4133,3827.2560291815016
4134,3843.3352581447216
4135,3854.185533366203
4136,3862.3360000849043
4137,3866.6827141435615
4138,3867.0101814764635
4139,3861.640876312125
4140,3852.130091331117
4141,3837.421267350491
4142,3817.043434762124
4143,3793.498343272099
4144,3764.1069064776802
4145,3731.8209205752883
4146,3696.9850271029313
4147,3658.1522807917004
4148,3617.1462817245565
4149,3575.2411226902896
4150,3531.3399730594756
4151,3486.052758871907
4152,3440.3896874227407
4153,3395.7797009865585
4154,3350.77098940016
4155,3307.043917126512
4156,3265.4174042193185
4157,3229.0221546529037
4158,3196.521039363762
4159,3169.5860048113514
4160,3149.2648101313334
4161,3131.5853707597175
4162,3121.566060514075
4163,3117.435938934386
4164,3117.996856168058
4165,3125.099220838533
4166,3137.991978416717
4167,3153.7113418196805
4168,3173.014728534975
4169,3193.835079625246
4170,3216.393398110914
4171,3239.751371913447
4172,3265.298556538379
4173,3291.0160809608738
4174,3318.6853987419677
4175,3348.1102609232858
4176,3379.410243341419
4177,3410.9959285648783
4178,3441.5165966611207
4179,3469.8089990691888
4180,3499.0907965483834
4181,3526.760980496419
4182,3553.516694053765
4183,3577.878480900982
4184,3601.090177504627
4185,3619.8127712310757
4186,3637.389987738972
4187,3655.68547927393
4188,3676.072656888726
4189,3698.388928193426
4190,3720.0479626656784
4191,3742.773220512035
4192,3765.1433799299502
4193,3788.0532823742633
4194,3810.040123816746
4195,3832.3287207879866
4196,3858.187270910906
4197,3885.969790477089
4198,3915.148204261072
4199,3942.5629636147096
4200,3970.639509678019
4201,3997.9232084828755
4202,4022.9879793176688
4203,4046.4436101259353
4204,4068.4497321291083
4205,4087.835838149103
4206,4103.148554421472
4207,4115.26246089176
4208,4123.045762806921
4209,4126.100657476361
4210,4125.861860859498
4211,4119.789453760756
4212,4107.270845622439
4213,4089.227788504642
4214,4067.8954598877535
4215,4042.5466046855563
4216,4013.794089312067
4217,3986.8730164946664
4218,3963.4516831435285
4219,3941.2811874240288
4220,3920.0457202916355
4221,3898.3531305873175
4222,3879.4196225849164
4223,3862.020349894066
4224,3849.9529607570544
4225,3842.282202684056
4226,3838.1665601837294
4227,3837.766590968249
4228,3841.33434007509
4229,3848.5197331708578
4230,3860.7556968256004
4231,3877.9929343251642
4232,3898.918902497533
4233,3922.988270009004
4234,3947.669397979652
4235,3971.745267553071
4236,3995.249545126099
4237,4019.9967555452336
4238,4045.0778193616866
4239,4072.8003766058646
4240,4102.228151876038
4241,4133.318103241718
4242,4163.800564992599
4243,4195.084608141097
4244,4225.256317160095
4245,4253.2232977117765
4246,4279.8366249528735
4247,4305.188400831067
4248,4330.956097020386
4249,4357.092088534775
4250,4384.291075111588
4251,4411.055959876411
4252,4436.616053462907
4253,4462.085047897413
4254,4486.75302050931
4255,4509.638142635797
4256,4532.293906744035
4257,4552.855787997836
4258,4574.59246109557
4259,4596.031909155123
4260,4618.025138841505
4261,4640.162554841488
4262,4662.672266845134
4263,4687.264597947298
4264,4709.189874257882
4265,4732.184151857651
4266,4755.395822372614
4267,4778.184116609015
4268,4805.507000208956
4269,4831.315910569768
4270,4856.0530101917075
4271,4876.323393621682
4272,4889.734320772794
4273,4897.95607074903
4274,4898.551159520789
4275,4899.06888675222
4276,4890.155472496368
4277,4877.001411433946
4278,4860.144156537402
4279,4839.550145430601
4280,4818.10315426241
4281,4796.260721729783
4282,4775.695508375356
4283,4756.73810947255
4284,4739.798320234122
4285,4723.535096478198
4286,4711.944766210266
4287,4703.714026527846
4288,4699.852470687819
4289,4700.278049411425
4290,4704.809525720009
4291,4710.177558266527
4292,4717.0115827072
4293,4724.880097613092
4294,4733.845213186692
4295,4745.856153469597
4296,4762.577580354434
4297,4782.454109290865
4298,4804.398212701216
4299,4826.040750476781
4300,4847.543928633805
4301,4869.02902332754
4302,4888.676421661307
4303,4908.182521288383
4304,4927.74940362292
4305,4948.348793931893
4306,4969.144439931216
4307,4989.8317616678105
4308,5010.046454731962
4309,5030.475041866336
4310,5049.037356928415
4311,5068.551933091399
4312,5087.392730061014
4313,5103.673969020029
4314,5117.884695215946
4315,5130.732480758917
4316,5144.114640138791
4317,5155.76922085411
4318,5164.964239193326
4319,5172.987749048783
4320,5177.624043825326
4321,5179.683973271748
4322,5180.974018555303
4323,5181.260884489549
4324,5178.784345906146
4325,5175.878307845715
4326,5173.911001081678
4327,5169.9895805771675
4328,5163.219366860879
4329,5152.9620097008265
4330,5135.956642761956
4331,5112.818166885376
4332,5092.6876928727515
4333,5064.35542256756
4334,5028.669834844733
4335,4988.716746475446
4336,4944.392809661273
4337,4895.987462302255
4338,4841.512811970185
4339,4781.7233821499185
4340,4715.922727760288
4341,4646.694562079034
4342,4574.627573343857
4343,4499.034828451585
4344,4422.000169714844
4345,4343.981034145318
4346,4266.805803623053
4347,4190.203326473418
4348,4115.701089786059
4349,4044.086811000108
4350,3975.432878883528
4351,3908.978688921924
4352,3844.405999619929
4353,3781.4967712990283
4354,3720.163568606763
4355,3661.3758525757894
4356,3606.543221076454
4357,3557.430231705297
4358,3512.8288765274697
4359,3472.310738698461
4360,3437.168869282512
4361,3406.787266970526
4362,3378.6974055930805
4363,3353.1230890112074
4364,3330.4323859159986
4365,3310.8684359333156
4366,3294.3241625357005
4367,3281.9434918493653
4368,3274.4267282670608
4369,3272.8485035626845
4370,3275.339612943653
4371,3282.1060546294566
4372,3292.1126654123423
4373,3305.0543074755838
4374,3321.3874926289295
4375,3343.6030975876233
4376,3371.6930700888684
4377,3403.013482369598
4378,3437.5638460598148
4379,3475.822773944505
4380,3516.675813565768
4381,3561.615414176129
4382,3609.9520823077623
4383,3663.4267290357307
4384,3722.045166460595
4385,3784.3796580148105
4386,3849.6596202868145
4387,3917.0155261945806
4388,3986.7435602554115
4389,4047.4069498883337
4390,4111.2213834675185
4391,4175.514789559455
4392,4238.938670514391
4393,4298.422496478057
4394,4353.167879039894
4395,4403.175203057488
4396,4448.327528620504
4397,4488.13154941956
4398,4524.945410742502
4399,4557.991871833128
4400,4587.117252609796
4401,4610.487661253776
4402,4630.712631062891
4403,4647.750468501431
4404,4661.348591437414
4405,4673.745252189676
4406,4683.1796911238225
4407,4688.5724026993375
4408,4691.182903517518
4409,4690.946711499039
4410,4688.083731852977
4411,4679.576769284039
4412,4668.184622534807
4413,4654.361769370903
4414,4639.274163810265
4415,4622.28313593078
4416,4603.394068766111
4417,4582.259562005146
4418,4559.923978664872
4419,4534.545839090453
4420,4507.1540246683135
4421,4478.668050320996
4422,4449.844415106525
4423,4422.331652764837
4424,4395.701561179854
4425,4370.537224522317
4426,4347.499555028015
4427,4325.479881685758
4428,4303.874135451604
4429,4285.0982337726045
4430,4267.349537618384
4431,4252.692546791852
4432,4237.823529926077
4433,4223.223849914053
4434,4207.356790724334
4435,4190.16731970796
4436,4171.378805954974
4437,4153.120842651069
4438,4131.98638083829
4439,4109.167357818349
4440,4084.553595424206
4441,4058.7743442667606
4442,4034.7367115322204
4443,4013.4075885075863
4444,3994.5985733866924
4445,3984.1848115402418
4446,3975.1248387338296
4447,3972.1586191504853
4448,3977.0933177236425
4449,3986.852246353674
4450,3997.5865172381996
4451,4011.861319148298
4452,4028.3723387985433
4453,4041.804468401209
4454,4052.501210249977
4455,4062.4030058781345
4456,4070.632459294946
4457,4074.9058767965744
4458,4076.177452387618
4459,4075.1579301066477
4460,4073.7827008802774
4461,4073.2112136204496
4462,4072.3928329936357
4463,4071.8348554582735
4464,4070.6892788590053
4465,4067.717593600367
4466,4062.6075472366174
4467,4058.614554703379
4468,4051.898109536187
4469,4043.3331096342954
4470,4037.067088916404
4471,4030.7965156502055
4472,4022.7453433945884
4473,4015.8090279262456
4474,4008.415400654619
4475,4000.3507881225037
4476,3989.454188330569
4477,3975.564652053987
4478,3960.7355959721826
4479,3945.087164893874
4480,3930.035456411606
4481,3915.031151175461
4482,3900.106388866218
4483,3884.0072961959195
4484,3866.1327132453475
4485,3848.2754491593646
4486,3827.3668614839075
4487,3807.440480710906
4488,3788.383142548783
4489,3768.984230841714
4490,3750.204912463629
4491,3732.034675646252
4492,3714.00203357751
4493,3698.0080056038923
4494,3683.1124572031295
4495,3668.17410100434
4496,3653.0161531818767
4497,3637.1514198502646
4498,3622.4433815493553
4499,3607.823452321733
4500,3592.587705046372
4501,3576.960627886593
4502,3560.6248002783736
4503,3546.412630259222
4504,3535.0187718499815
4505,3525.1012489732357
4506,3515.318787613449
4507,3506.4266789106396
4508,3497.9344815692575
4509,3487.8228155057873
4510,3478.393913044069
4511,3466.4531134754366
4512,3455.9942229964454
4513,3448.6517217567075
4514,3441.222545943407
4515,3433.5476639323992
4516,3425.114979507529
4517,3415.7144831565943
4518,3404.870280112825
4519,3398.0460458335
4520,3394.286671012484
4521,3392.176312225294
4522,3391.7988655895947
4523,3390.1119427286167
4524,3389.2927300934525
4525,3389.393407394752
4526,3389.8773714733506
4527,3393.376782815165
4528,3398.836748415218
4529,3405.112429409699
4530,3414.237219444038
4531,3426.274797798835
4532,3439.9761935378397
4533,3454.264545064179
4534,3468.1520612891995
4535,3484.0583344859647
4536,3501.4635347154726
4537,3523.0724960055763
4538,3545.4423205499997
4539,3567.855343287419
4540,3589.761658278407
4541,3610.60892425099
4542,3628.6492536813603
4543,3645.48518472185
4544,3662.131042422085
4545,3679.7019361553225
4546,3694.845711712291
4547,3710.100499320611
4548,3725.178329104427
4549,3741.290579125126
4550,3758.5306265525132
4551,3775.8546198552654
4552,3794.326556348395
4553,3813.0116531203385
4554,3833.3150065786517
4555,3853.6410161148438
4556,3874.709653482135
4557,3896.466934519495
4558,3919.9540237352644
4559,3944.4705482457184
4560,3965.7999245698134
4561,3988.2586370297954
4562,4012.251789969523
4563,4037.7062963141357
4564,4063.7786839525443
4565,4090.466896874402
4566,4116.865318028146
4567,4144.338759935131
4568,4171.322505727971
4569,4197.669744899247
4570,4223.817655126596
4571,4248.25670515445
4572,4269.621260548006
4573,4286.836335905818
4574,4303.151364667912
4575,4317.441126266852
4576,4330.441426438988
4577,4342.1939008449945
4578,4353.02302938518
4579,4363.262633264931
4580,4373.30256281933
4581,4384.853644629992
4582,4395.367265938692
4583,4406.17272339868
4584,4416.46628231259
4585,4425.720756754742
4586,4432.157434629646
4587,4436.252372598936
4588,4437.289535540096
4589,4434.780281342029
4590,4427.913248605382
4591,4419.75574575639
4592,4409.663565872816
4593,4397.914744838118
4594,4385.3569632818
4595,4371.880285727013
4596,4357.595901260954
4597,4342.590416131646
4598,4326.322379434296
4599,4309.526738205038
4600,4292.967565035311
4601,4277.183300545071
4602,4261.940162313206
4603,4246.667005521213
4604,4231.607614453498
4605,4214.819223549602
4606,4197.133430148868
4607,4178.959552369355
4608,4159.126872749919
4609,4139.848203995999
4610,4119.667056672556
4611,4099.849720961155
4612,4080.6209257358937
4613,4059.8300270801633
4614,4039.650863528944
4615,4019.6673973966617
4616,3999.5141590687185
4617,3981.980841723408
4618,3964.0803660287143
4619,3947.3522047635033
4620,3933.262995589992
4621,3922.9879074383366
4622,3916.384266416659
4623,3912.743028091331
4624,3911.50055776273
4625,3912.0309623875137
4626,3912.9041535274746
4627,3912.527802051056
4628,3908.0741052655576
4629,3900.8627847574176
4630,3889.585767967229
4631,3875.122955322236
4632,3857.0016597560552
4633,3835.640726527772
4634,3813.2484778617436
4635,3791.6976280851272
4636,3766.3257191096695
4637,3738.8167082595646
4638,3711.7659387905996
4639,3684.8358258341977
4640,3658.3166375680253
4641,3634.0497351549893
4642,3610.4120661807883
4643,3589.4697675876264
4644,3571.3971814615397
4645,3556.466726220543
4646,3545.12208357331
4647,3534.207329311171
4648,3522.5390675615863
4649,3511.5513855892323
4650,3502.094454166347
4651,3491.7639481231254
4652,3480.9378613822773
4653,3472.928080604436
4654,3467.6177084429833
4655,3463.264247598976
4656,3457.623873814438
4657,3451.850034162634
4658,3447.442108712094
4659,3443.114129295326
4660,3439.3807755204416
4661,3435.9484640069027
4662,3434.9251651934064
4663,3433.3800366160335
4664,3430.895875772475
4665,3428.498665902596
4666,3426.5975004424304
4667,3425.7796712559457
4668,3426.9396797542927
4669,3429.5030717666878
4670,3434.6513773700913
4671,3441.3637274733564
4672,3451.64490293394
4673,3462.0642323733146
4674,3471.12904898557
4675,3479.9075652611805
4676,3483.1009322980995
4677,3483.6083293526135
4678,3482.11597811964
4679,3479.421010826789
4680,3476.895980211486
4681,3470.9652320933114
4682,3466.794159363622
4683,3463.7952131206475
4684,3463.4420285045258
4685,3465.6240899197646
4686,3467.626741326582
4687,3472.7146693675713
4688,3479.9697109692684
4689,3487.0498560454253
4690,3492.7142688545564
4691,3496.425267078787
4692,3501.706100509027
4693,3506.110278551955
4694,3511.7212423093047
4695,3516.2905545158774
4696,3520.3458389012835
4697,3524.7804521486855
4698,3529.7056212354983
4699,3535.2885612786686
4700,3544.1080731227407
4701,3555.9085597084145
4702,3569.2172206545497
4703,3582.2514513948113
4704,3593.727846892173
4705,3604.8641024913536
4706,3616.6820131936147
4707,3628.4882343209474
4708,3644.821037919775
4709,3664.959712083946
4710,3687.3662266366982
4711,3715.345928686819
4712,3743.5045129311866
4713,3773.4065233434276
4714,3805.4766323738104
4715,3840.4898399976246
4716,3877.193087210047
4717,3916.652468434355
4718,3955.5235070306144
4719,3994.035030884972
4720,4030.516415956273
4721,4064.378024397815
4722,4096.227589086073
4723,4124.7804138303045
4724,4150.46940004418
4725,4173.3292203707915
4726,4196.600022551451
4727,4221.435187887772
4728,4248.668483709892
4729,4278.94828577361
4730,4314.724953568463
4731,4345.850654549984
4732,4383.089149449499
4733,4426.082209299626
4734,4472.794026676707
4735,4521.570874704902
4736,4570.240073150273
4737,4619.857437601507
4738,4667.122465964423
4739,4714.0873689336395
4740,4760.4167727227605
4741,4806.306787800597
4742,4850.773082856899
4743,4892.589557736454
4744,4931.018287804665
4745,4966.694953061888
4746,4998.901764549957
4747,5027.73158197739
4748,5051.367982396236
4749,5070.906465450695
4750,5088.458384245473
4751,5102.52603497444
4752,5112.675546943614
4753,5121.347468371187
4754,5128.188567315452
4755,5132.718220523379
4756,5134.874818973173
4757,5135.200786396142
4758,5135.36566620921
4759,5133.052508314767
4760,5126.806420072044
4761,5117.0778315609095
4762,5104.565814346153
4763,5091.794894758061
4764,5076.586347449401
4765,5059.845291703093
4766,5041.792508583406
4767,5022.014256154039
4768,5002.111011474521
4769,4980.330974282642
4770,4958.588126643638
4771,4936.115350492944
4772,4913.965428199931
4773,4890.938386466191
4774,4867.815947716171
4775,4845.269527080191
4776,4820.742261584888
4777,4796.671778375821
4778,4770.712556219933
4779,4740.600685210676
4780,4707.778240178229
4781,4671.484920223276
4782,4631.662312796423
4783,4589.796607289572
4784,4546.534410191319
4785,4501.845006244596
4786,4459.288045360991
4787,4418.997281301298
4788,4383.944316569366
4789,4347.9614305551295
4790,4311.944801731831
4791,4277.176539525353
4792,4243.664113459934
4793,4211.371333878268
4794,4180.8757176727995
4795,4152.875512113036
4796,4127.265946211675
4797,4105.3705078197345
4798,4089.074334709757
4799,4078.9340861895475
4800,4075.2338640616313
4801,4076.2855613445086
4802,4083.7595722489505
4803,4096.165236107372
4804,4113.0655844432895
4805,4132.03373935433
4806,4154.804734616817
4807,4179.92269456515
4808,4207.358895161484
4809,4236.320526867625
4810,4265.677569162425
4811,4296.359587967736
4812,4329.113737370739
4813,4361.415991813326
4814,4395.755298112768
4815,4429.316299289083
4816,4461.26272506902
4817,4491.307160095726
4818,4519.8027624262695
4819,4545.322363539732
4820,4567.644018428578
4821,4587.679752683775
4822,4605.67752910669
4823,4619.248642939025
4824,4631.263361265892
4825,4641.505429195622
4826,4651.516951193743
4827,4660.54528174037
4828,4667.592350745421
4829,4674.366135954465
4830,4678.64589785796
4831,4682.275968173911
4832,4686.75941463496
4833,4692.377251522202
4834,4698.210835593884
4835,4704.678694892289
4836,4711.582326861155
4837,4717.7214942528835
4838,4725.954976435765
4839,4735.672830224136
4840,4746.970436225936
4841,4758.43514740554
4842,4770.900376138458
4843,4783.037646660867
4844,4795.167529560875
4845,4805.720527683882
4846,4817.130395987505
4847,4827.3151518875275
4848,4832.464075028924
4849,4832.4658959869885
4850,4826.063263001643
4851,4812.552871448523
4852,4791.826889235581
4853,4764.661326397722
4854,4729.881771621561
4855,4691.306494263832
4856,4649.028482322352
4857,4601.898029943776
4858,4550.662184928922
4859,4496.644346712015
4860,4441.276194626597
4861,4386.020838736691
4862,4330.28110652386
4863,4275.258544154954
4864,4224.846327553793
4865,4174.4854970819615
4866,4123.841869528278
4867,4075.9001380409086
4868,4031.4727143500686
4869,3990.9635846203323
4870,3956.3789270925945
4871,3927.670165622561
4872,3906.904520184978
4873,3891.94764284171
4874,3880.499588028489
4875,3870.191843735249
4876,3861.548252584329
4877,3853.4131970255944
4878,3847.1684216551207
4879,3844.5407601174006
4880,3846.71971506363
4881,3855.676322180718
4882,3869.120231341858
4883,3886.6808541259243
4884,3907.33097131486
4885,3930.1066248320753
4886,3954.752836188594
4887,3981.3180893384038
4888,4010.5225443116606
4889,4038.931478258424
4890,4068.792828449261
4891,4099.783559876008
4892,4129.021160152709
4893,4155.009058659176
4894,4179.575565306581
4895,4199.369381101435
4896,4217.1896948349795
4897,4231.385679509663
4898,4243.779661830058
4899,4257.33643802316
4900,4272.608869033819
4901,4289.081428906132
4902,4303.4125559950435
4903,4319.896403623595
4904,4338.288241756674
4905,4357.212492503616
4906,4374.6542240324125
4907,4390.639743557516
4908,4405.548673789854
4909,4417.249012037048
4910,4426.562479532695
4911,4434.165951058511
4912,4440.436334092768
4913,4446.568789696601
4914,4450.213000481545
4915,4448.396880736206
4916,4444.1389869062095
4917,4439.2728762527895
4918,4431.860863049662
4919,4424.305804666052
4920,4414.3528701974965
4921,4404.144623038169
4922,4394.193072405679
4923,4383.068727383108
4924,4370.7177350345155
4925,4358.019966418348
4926,4345.8212332388475
4927,4331.466910426522
4928,4315.210639959407
4929,4296.768475995922
4930,4277.428958706467
4931,4255.211414244801
4932,4228.897787346746
4933,4198.906204312775
4934,4165.807627812968
4935,4130.98149187177
4936,4094.5076048348965
4937,4058.9681536242674
4938,4023.374771183581
4939,3986.3139679708656
4940,3949.868378271711
4941,3911.878373675688
4942,3876.137970310467
4943,3841.0365000442825
4944,3808.044030406843
4945,3774.846730643424
4946,3742.970847448537
4947,3712.1959577419407
4948,3684.239564929305
4949,3656.5212414901016
4950,3630.526137540825
4951,3607.0918693217272
4952,3584.1489959505643
4953,3561.014033768378
4954,3535.7919327078907
4955,3515.2490662281034
4956,3496.788815710272
4957,3482.0073946017797
4958,3472.865043917758
4959,3464.9111988226587
4960,3463.221909035656
4961,3464.9577195256675
4962,3469.527702728251
4963,3476.136754902116
4964,3483.3026375016443
4965,3490.572528976959
4966,3495.4569737712895
4967,3498.7427659607715
4968,3501.3633641404426
4969,3502.5368621640923
4970,3502.7249899225367
4971,3503.5031126145204
4972,3503.3698399005234
4973,3502.976105244107
4974,3499.268670111124
4975,3494.3887560221115
4976,3487.344038192456
4977,3480.5096110645486
4978,3472.974221054069
4979,3463.8219349370697
4980,3453.5663717570897
4981,3444.753946692566
4982,3436.9682116181934
4983,3428.9449313465275
4984,3424.170147850754
4985,3420.699876297252
4986,3418.3213753827567
4987,3418.771495542524
4988,3420.260138615579
4989,3423.60444785733
4990,3427.946684969936
4991,3434.399551855662
4992,3443.2545693026877
4993,3453.6272481729475
4994,3466.73629801457
4995,3482.055391218068
4996,3500.6446330808567
4997,3523.374724006097
4998,3550.435417275299
4999,3581.7953718974263
