,0
0,2.371603738533643
1,4.357690083482918
2,6.09911516007985
3,7.543488240624854
4,8.834144128426221
5,9.899358783906495
6,10.733067273459458
7,11.345759446777441
8,11.59657095937391
9,11.695980705429815
10,11.856089796302314
11,12.26014541433025
12,12.986935411814379
13,13.89190961637141
14,14.678774907535225
15,15.112078296001334
16,15.375934760536637
17,15.41724028626361
18,15.485776999291824
19,15.491142198913119
20,15.522632743864172
21,15.595691958250557
22,15.46641783878316
23,15.051085345674743
24,14.352988084447956
25,13.614120410716692
26,12.887288936838093
27,12.257130108067244
28,11.722725006027659
29,11.459631440530059
30,11.923707323451413
31,13.128203206491685
32,15.057260450191473
33,17.507098988687705
34,20.464567111548863
35,23.611229161818972
36,25.836166353734136
37,26.95234178852718
38,27.05100433107045
39,26.520178387690073
40,26.00659888751845
41,25.80947530046012
42,25.962443962898956
43,26.185948004474263
44,26.324709729994023
45,26.01791374925869
46,25.540768830351553
47,25.27131650432635
48,25.508190807294916
49,26.603772320141182
50,28.410757631139397
51,30.605868012429205
52,32.695301472228095
53,34.556358167517246
54,36.09666293555528
55,37.7102125511898
56,39.80251835707341
57,41.62282440819215
58,43.84729312213341
59,46.12974911768247
60,48.11844039160778
61,49.710138048490386
62,50.90950706389848
63,51.892208815808885
64,52.59268049190229
65,53.44955894430853
66,54.50993853543975
67,55.63249193914751
68,56.77116978060893
69,57.70026959028604
70,58.22394654621911
71,58.61254937927382
72,58.380697941094965
73,57.43952081473508
74,55.804068502557605
75,53.91089888503427
76,52.208505601200685
77,50.801973669120514
78,49.95275515536643
79,49.668302646350746
80,50.07261343952518
81,50.95429997513497
82,52.82982936310694
83,55.353902592226746
84,58.05543034731415
85,60.84753108775903
86,62.836529371639756
87,63.52854234255938
88,62.939846072594705
89,60.925899125827584
90,57.66144285530899
91,53.13087771321853
92,47.903057687323304
93,42.829886071244644
94,38.37408044588267
95,34.984883999132485
96,32.55937866881184
97,30.9421332678115
98,29.761684238501307
99,28.958930378653083
100,28.72244576974319
101,28.752438446280635
102,28.931590951999265
103,29.08096069800309
104,29.255489833855663
105,29.73085102130584
106,30.26861864670957
107,30.846512620835217
108,31.32142939421523
109,31.86952113801719
110,32.65915099824932
111,33.91800200231893
112,35.588142323966736
113,37.51395335608499
114,39.18940895402787
115,41.251109657994554
116,43.51130291502128
117,45.78053340759867
118,47.91736781475493
119,49.61905232559285
120,50.844157259505394
121,51.99308596041795
122,53.22258898422261
123,54.37035588068216
124,55.15834321786059
125,55.37185201685821
126,54.96884804181565
127,53.85357427686532
128,52.18524440058098
129,50.39489524674464
130,48.56573852273006
131,46.66368659764885
132,44.75066586197592
133,42.880351717341284
134,41.1932599344323
135,39.718657712321956
136,38.64004820854481
137,37.75120931380508
138,37.02936272388327
139,36.56118999743365
140,36.621336535103026
141,36.896334438764995
142,37.26274867640453
143,38.01210043167586
144,39.2571705340442
145,41.10015696143582
146,43.57930430635979
147,46.615951791278526
148,50.18026964153644
149,53.9997276844953
150,57.63430557200816
151,60.64821403636719
152,62.83798667326237
153,64.27698136438251
154,64.95237518918609
155,65.03697724666524
156,64.87147159383773
157,64.49196540432351
158,64.18831523913185
159,63.869250172978646
160,63.61314589141762
161,63.29901733451558
162,62.8173864562401
163,62.330939076078515
164,61.86869683080554
165,61.43936735463125
166,61.16144183291324
167,60.98083258266627
168,60.83565666926855
169,60.513956437037564
170,60.0184567524145
171,59.58737202679244
172,59.03310645831132
173,58.32937902393266
174,57.429776263575974
175,56.28987316788647
176,54.866610859037415
177,53.14106628564008
178,51.21987070812533
179,49.28909796487033
180,47.4818193782691
181,45.8752124964204
182,44.392320628532865
183,42.97818254458692
184,41.46258650292073
185,39.995288122245164
186,38.416121076378616
187,36.75947699862768
188,35.1076046467607
189,33.52351095627291
190,31.918646562262982
191,30.30392828648084
192,28.604388578688045
193,26.93912060306837
194,25.307222945382335
195,23.817540418094357
196,22.439896197632695
197,21.2355262944744
198,20.0646339490068
199,18.954431502942494
200,17.985446095119073
201,17.227258641233945
202,16.869610649217346
203,16.90241456698423
204,17.276644143597238
205,17.969654741199285
206,18.699891286535554
207,19.28351861866196
208,19.624670611054558
209,19.853347476306503
210,20.084351127432083
211,20.549107028928304
212,21.291889746450128
213,22.395336459350524
214,23.89138692130281
215,25.652161976692277
216,27.572443702370993
217,29.33362369919845
218,30.93390479147526
219,32.37338028919783
220,33.70939167004342
221,34.919104464949136
222,35.97303814843449
223,37.19323980453616
224,38.43265970621897
225,39.75637817006574
226,41.001412110653206
227,41.94715488816429
228,42.76995110459894
229,43.339572476069826
230,43.681992494636646
231,43.93064814987338
232,44.04323742274023
233,43.9809999257492
234,43.6772720514682
235,43.21564827928829
236,42.6873890312548
237,42.24717088849332
238,41.80135690294797
239,41.32142811958529
240,40.99290569484401
241,40.78795744335372
242,40.842513129959514
243,41.14842850220769
244,41.61718752854706
245,42.212056999756655
246,42.94716099348943
247,43.97789103756465
248,45.35238948007091
249,47.00081063395264
250,48.8917310408997
251,50.85207619659885
252,52.93184677322268
253,54.94548382143853
254,57.060338845490605
255,59.136089079318666
256,61.13524139373237
257,62.78881712733448
258,63.94056055677397
259,64.44593633681967
260,64.35685648842224
261,63.86817188311626
262,62.947950995585764
263,61.94630268454033
264,61.165121935823976
265,60.61299456924066
266,60.49798674766712
267,60.5937876080812
268,60.67994185496551
269,60.64224807371791
270,60.39044025984751
271,60.117774026798386
272,59.83841589293383
273,59.77110326826245
274,60.086695878901075
275,60.59402040561993
276,61.054650466072125
277,61.38234772598949
278,61.24979096255221
279,60.88005587282171
280,60.20838743549237
281,59.61032562070683
282,58.7922226747404
283,57.62544186136911
284,56.034837306191676
285,54.65101134318731
286,52.946807565266795
287,51.25946019505315
288,49.70699295735617
289,48.10102011732313
290,46.224025409132494
291,44.19927699492079
292,41.99467094397734
293,39.740286296508145
294,37.7952940793417
295,36.67176985323678
296,36.2440734755411
297,36.35776633740344
298,36.46010442625821
299,35.91334999187593
300,34.715202277081055
301,33.01886461969473
302,31.33453455102352
303,29.808054575130058
304,28.625888548679473
305,27.779490951030112
306,26.85540970297696
307,25.79346665257073
308,24.581268102797573
309,23.626160127444265
310,23.240405395266052
311,23.480118327091574
312,24.119815085366298
313,24.800147150434917
314,25.77427655068441
315,27.173418511866274
316,28.950027306016985
317,31.085884650318356
318,33.571823685075316
319,36.37853612748459
320,39.39225318135717
321,42.506071929106724
322,45.87531231340058
323,49.62274044336491
324,53.45415814447254
325,57.159379074779636
326,60.6712593155959
327,63.88755554991812
328,67.03630590943276
329,70.40724707063637
330,73.46955887197305
331,76.14258017019846
332,78.52408251469242
333,80.53513559875489
334,82.38140585293807
335,83.93321494793669
336,85.20645724744205
337,85.66837986451627
338,85.51204833884495
339,85.22584986677445
340,84.88254109521871
341,84.72069089187488
342,84.57988121496575
343,84.38044904100724
344,84.03501043136642
345,83.26705522196096
346,82.2331772111457
347,81.087542720473
348,80.35853515033145
349,80.0459602163013
350,80.08141334879114
351,80.29400854654584
352,80.42301268412731
353,80.533147538666
354,80.5099951217562
355,80.30225083884817
356,79.83399068158157
357,79.18857287621616
358,78.38816454081845
359,77.22586162167882
360,75.68651680412769
361,73.6408777818781
362,70.74586921682611
363,67.60625556318759
364,64.5427902986133
365,61.73892276202935
366,59.010534259536065
367,56.278735887143775
368,53.4185541385054
369,50.36054276348082
370,47.348448041210716
371,44.84369448359342
372,43.344469000949196
373,42.92567752468582
374,43.563317373706504
375,45.16226648269128
376,47.63515697812435
377,50.509570242912915
378,53.36359873544406
379,56.1179996653741
380,58.85725198765116
381,61.500635664522676
382,63.866543156193
383,66.10752283276439
384,68.07742233314013
385,69.8390815138476
386,71.7044529868482
387,73.66067033819044
388,75.67165805298283
389,77.42488791887908
390,78.84507514766246
391,79.72008496086858
392,80.17301991297373
393,80.13017004691184
394,79.72287830882743
395,79.0134789020789
396,78.26600247889539
397,77.94090178251128
398,77.92205706639265
399,77.90566216336944
400,77.94101292336224
401,78.02930779041299
402,77.91406295474164
403,77.67929150868424
404,77.29293736202249
405,76.91880686440781
406,76.54253294176833
407,75.90790068193441
408,75.14775679008575
409,73.88998769799078
410,72.12206488611753
411,69.9272679429983
412,67.53284653060747
413,65.2234117572011
414,62.79169760924157
415,60.326825019848
416,57.56436963935568
417,54.551673482400645
418,51.12907921450102
419,47.68031947093167
420,44.20079678135289
421,40.893178716080484
422,38.23438090133321
423,35.98089469068078
424,33.90556898090102
425,31.809554182110745
426,29.564973017908873
427,27.38373691219609
428,25.572139153398656
429,24.44280826696975
430,24.204028064778782
431,24.729527726816798
432,25.933680142218492
433,27.80308623687106
434,30.319900688583694
435,33.550327795376916
436,37.133240038802874
437,40.67500389223773
438,44.14206480962488
439,47.529418031155714
440,50.886265445415376
441,53.89655269347351
442,56.013615694266335
443,57.17018054535654
444,57.59680583908949
445,57.21390219944469
446,55.90972826124755
447,53.99387335054425
448,51.734797600959844
449,49.251249527478244
450,46.87218487293653
451,44.49012579557523
452,42.27016753874682
453,40.1148533501403
454,37.988106654751164
455,35.66588239600788
456,33.64554729090123
457,31.074386908297882
458,28.404177574322823
459,26.08745424392494
460,24.34411884332812
461,23.079612475827545
462,22.428808476353257
463,22.23025816356416
464,22.416498010347453
465,22.71989531154977
466,23.247991735595157
467,23.88731983092888
468,24.55926384682226
469,25.60200314181687
470,26.723498448631585
471,27.89276433459141
472,28.800810043708623
473,29.42266553832306
474,29.7375117849658
475,30.005893647938187
476,30.042047211811788
477,29.88884205585971
478,29.30919230821944
479,28.271846354053192
480,27.09169081674601
481,25.619947841787116
482,24.074891236408476
483,22.32101003721251
484,20.549088722248825
485,18.985532946350254
486,17.80710470448805
487,17.321396802213382
488,17.524013128456367
489,18.326756737065438
490,19.577718856526516
491,20.970828373911033
492,22.250657253959066
493,23.211809771231596
494,23.89392576787431
495,24.290372816045743
496,24.45882236406361
497,24.352086261082473
498,23.83673724437195
499,22.996328677433944
500,22.119833665189496
501,21.533268774441297
502,21.339526831970158
503,21.299768406944214
504,21.203564295564473
505,21.1545174050265
506,21.146389433953868
507,21.201606807799834
508,21.49233428215174
509,21.765204596545637
510,22.19861453671995
511,22.696515048296753
512,23.208699613496563
513,23.6543001852204
514,24.099193587857073
515,24.548080463055193
516,25.06096143559578
517,25.84990951100786
518,26.950507702583668
519,28.313862626285616
520,29.8059147456674
521,31.381865517762343
522,32.72513350470808
523,33.78353625415103
524,34.78363235292194
525,35.779661528084446
526,36.759117399318455
527,38.136313494031086
528,39.812307768858005
529,41.65937365834876
530,43.61675714054333
531,45.620651940047416
532,47.97193807099246
533,50.40026928348408
534,52.64417969651573
535,54.17779059136578
536,54.7979762359563
537,54.79266797877244
538,54.624645893703914
539,54.75140695849688
540,55.23995206197081
541,55.92638032967557
542,56.21864567278623
543,55.92032977068251
544,54.56137083372052
545,52.03813835191897
546,48.84624418397985
547,44.80749763248577
548,40.532586858580586
549,36.59981564982084
550,33.42461682217996
551,31.133980103439434
552,29.687382523852595
553,28.730735141304226
554,28.15649280899428
555,27.872361264691495
556,28.00513538165305
557,28.745561821756347
558,30.171721306150665
559,32.12674090488026
560,34.24225091801657
561,36.16822004013438
562,37.60086260577049
563,38.56339729190272
564,39.205721723104006
565,39.670332309520695
566,40.08386532660646
567,40.433774524517
568,40.65369810465291
569,40.38316940346605
570,40.14780943343348
571,39.653777968285404
572,39.01416816796126
573,37.979277457899144
574,36.61225993135474
575,35.19633565944369
576,33.84471467668661
577,32.70441211451185
578,31.770537604143488
579,31.027588722681745
580,30.555684104208236
581,30.159239791050098
582,29.94708537731989
583,29.94981723085368
584,29.964653413896684
585,29.456550850179987
586,28.45502978952283
587,27.273924703504118
588,26.337117817054928
589,25.709689751415652
590,25.257899942611854
591,24.578494511733204
592,23.729710655192243
593,23.01194621245233
594,22.457783029198502
595,21.970341428320165
596,21.656094726163804
597,21.81479879725647
598,22.424510506553624
599,23.43825197013119
600,24.748064401480683
601,26.30062633360751
602,28.139856970345576
603,30.250693858571925
604,32.58563934861102
605,34.95324069052749
606,37.44285665374047
607,40.074648773268855
608,42.50973984890548
609,44.27563132600868
610,45.64683030574891
611,46.78800309125609
612,47.8938584898783
613,49.150336292878876
614,50.590667899423906
615,52.09029552470467
616,53.47541913819118
617,54.92985408321266
618,56.47479933536976
619,58.231057828685124
620,60.086777356259795
621,62.04008594758871
622,63.67154780030412
623,64.98346023644565
624,66.16909651788471
625,67.23671614895615
626,68.27772805649731
627,69.18340841605811
628,70.19208304521862
629,71.37235825563064
630,72.7420083037139
631,73.8987877007923
632,74.55675834946965
633,74.66670263055018
634,74.18577277727559
635,73.43783725734215
636,72.42810982300408
637,71.13858580471411
638,69.66980683651397
639,68.20630523706754
640,67.49343327837411
641,67.60534026890325
642,68.54948944588709
643,70.11924558489336
644,71.80747932417574
645,73.20059369207786
646,74.29695142961806
647,75.00651279781573
648,75.21986671079395
649,75.10978900075945
650,74.58463136740076
651,73.76687947235276
652,72.73702581483457
653,71.72045920194972
654,70.72975077228294
655,69.89896212637606
656,69.2784092879891
657,68.91409334113979
658,68.90789881415586
659,69.29973892700913
660,70.01777115865993
661,71.01401744107699
662,72.18811276474962
663,73.37930252881486
664,74.63257634794024
665,75.63693948224599
666,76.33174148119608
667,76.67298648927238
668,76.58124906325853
669,76.08550376924231
670,75.1597211050874
671,73.74657850993708
672,71.99802897595328
673,69.94479113134871
674,67.63251687263462
675,64.97929320154724
676,62.25495765207883
677,59.30184801593271
678,56.068686621686126
679,53.01266416937131
680,50.163724931737924
681,47.65103085463463
682,45.40995099062188
683,43.42869811675266
684,41.70500811648645
685,40.32038706210893
686,39.29001013538092
687,38.59265136982269
688,37.89833280686122
689,37.182465261402896
690,36.51261467338567
691,35.82589422107287
692,35.37500749010874
693,35.07772391227647
694,34.98713619864241
695,35.17474045465438
696,35.49707193294758
697,35.87939696470602
698,36.367481232697685
699,36.865165312854415
700,37.52242327518853
701,38.411089092384444
702,39.53809347021668
703,41.08308051967523
704,43.017964925321
705,45.25706258679
706,47.656728752748634
707,50.04421123085976
708,52.29533133872358
709,54.28090259462323
710,55.91453637517088
711,57.29672724470302
712,58.46564865911288
713,59.304502400444605
714,59.66583184330441
715,59.48874373419767
716,58.61936145753786
717,57.21368189229066
718,55.432935893689425
719,53.36400251891327
720,50.98114202617079
721,48.39045174770433
722,45.942144501782884
723,43.83819002612071
724,42.23643267348777
725,40.88326383208653
726,39.9806757081454
727,39.62024118339592
728,39.499052208589816
729,39.630110987391674
730,39.740292905922615
731,39.671931972140605
732,39.49758060421423
733,39.42787006247289
734,39.56457666972882
735,40.08721932138965
736,40.660376215745856
737,41.32041113990439
738,41.92985451250884
739,42.36220760675364
740,42.61886208969716
741,42.842151489858026
742,42.89495183007933
743,42.9676146935457
744,43.142632195857075
745,43.48982596226576
746,44.063068707924245
747,44.58847784523308
748,44.807904671523964
749,44.65137860056954
750,44.37065856041746
751,44.20945709714832
752,44.30878073689042
753,44.70287107040007
754,45.28902589809726
755,46.01648567463951
756,46.95034413578749
757,48.12224895302158
758,49.68343921433307
759,51.53419068673365
760,53.526026676730325
761,55.171933318887625
762,56.3800602403446
763,57.12941915616257
764,57.25220861088292
765,57.02789773063859
766,56.749799044544886
767,56.80227561570759
768,57.25192122867915
769,58.0163683647714
770,58.64929654206157
771,58.63217466837877
772,57.83193321358055
773,56.155564156556494
774,53.6688727542245
775,50.500457913794676
776,47.011437367905465
777,43.61701848217904
778,40.37106330309407
779,37.35396073322506
780,34.750091750464556
781,32.698676840172816
782,31.245457523572437
783,30.365056471513125
784,30.068032704201308
785,30.128387205645335
786,30.296051353610075
787,30.249132632572504
788,29.86751983937154
789,29.081240706780616
790,28.128439013921827
791,27.17844517071162
792,26.54226218718613
793,26.38759420967463
794,26.508369795951523
795,26.839905306607392
796,27.16856286917243
797,27.402700380679548
798,27.60640001569074
799,27.81325101548257
800,28.418025372941017
801,29.582759238307467
802,31.281929823480162
803,33.33034741186959
804,35.48892894902083
805,37.88579297332072
806,40.7066171062873
807,43.916488890175025
808,47.17220628796716
809,50.399943213396895
810,53.33665906878879
811,55.80286035523053
812,58.10922812342545
813,60.260832840746495
814,62.35278306253473
815,64.72158282756207
816,66.87737661211321
817,68.75259093035024
818,70.22774368348382
819,71.27727146646357
820,72.1019582289287
821,72.6659512783108
822,73.081810006077
823,73.37530350483925
824,73.6521164150594
825,73.7502047448353
826,73.64829558181025
827,73.13925415441774
828,71.73243179679068
829,69.40441312576792
830,66.12905087523711
831,61.98803351239527
832,57.16539730628296
833,51.86278820870441
834,46.815746857840324
835,42.497964406912445
836,39.00518601169213
837,36.43531042616399
838,34.649162101729104
839,33.57789872338349
840,33.39408604346686
841,34.105932314136545
842,35.45824937028269
843,36.955497452929436
844,38.193855216097816
845,39.24736103497091
846,40.06252057083255
847,40.72066932962859
848,41.31686822501919
849,42.305040537803535
850,43.664977284045555
851,44.91814918719889
852,45.88889993183734
853,46.40908490532231
854,46.534305182472394
855,46.643246823592975
856,46.81730584614584
857,47.10198576937385
858,47.69882982329305
859,48.68352173943022
860,49.556367433632275
861,50.27956009361679
862,50.876646455347995
863,51.3826598851067
864,52.0470395069804
865,52.79421191792891
866,53.527306943376054
867,54.15886157638602
868,54.57973590087559
869,55.30094509527013
870,56.655920994869234
871,58.41097447808056
872,60.20640461557851
873,61.766270239698315
874,62.95067948500659
875,63.90369457711969
876,64.64769823151961
877,65.23335285227301
878,65.97265177406416
879,66.6386860506371
880,67.24022306005298
881,67.70298736869243
882,68.20813648615409
883,68.75108026579248
884,68.99786243521092
885,68.86550918616636
886,68.19323131814208
887,66.91957570680947
888,65.09465341973491
889,62.914577234381234
890,60.62412425521129
891,58.669512649325
892,57.37874473985525
893,56.54210750533053
894,55.82206669800361
895,55.227547364215226
896,54.633402938451106
897,53.612075919266445
898,51.81895745457421
899,49.340305732491565
900,46.547137832489256
901,43.67515828979651
902,41.1500565626087
903,39.22876948653256
904,38.11195860987868
905,37.613011936854114
906,37.95945559699343
907,38.96309901453195
908,40.39603044032583
909,41.61940878322603
910,42.41007387254399
911,42.574598876504545
912,42.71773562995023
913,42.7984537214181
914,42.869593067447546
915,43.0891995745319
916,43.4609897119433
917,43.68734445058763
918,43.68198701671828
919,43.530654324342436
920,43.47149770069365
921,43.71159503908099
922,44.14020598831923
923,44.412086301142864
924,44.22075933709966
925,43.93389119320674
926,43.91287468762309
927,44.04271534122471
928,44.445949390422854
929,44.873028431205306
930,45.14246888436775
931,45.802817110452175
932,46.92022640428908
933,48.30138061733768
934,49.581461493999285
935,50.82495792820173
936,52.17624489414396
937,53.77370662384049
938,55.34759280834112
939,56.893553277587735
940,58.357414888890496
941,59.78024130233459
942,61.27339092062496
943,62.77392664691201
944,64.37214688347031
945,66.05894078537231
946,67.7726284768175
947,69.45914015494547
948,70.90457777530638
949,72.17330088834937
950,73.39915117279513
951,74.458798124155
952,75.1963436256716
953,75.41395435410823
954,74.96761031316504
955,74.01573905339359
956,72.66497602318796
957,70.8300326271599
958,68.48823375828186
959,65.74679049860845
960,62.723540880229635
961,59.55437550502316
962,56.457539908505154
963,53.67451110967575
964,51.52158237991478
965,50.137336136018845
966,49.49118707629301
967,49.16916577410877
968,48.72447232374426
969,48.33758902192713
970,47.435937303047005
971,45.73189607366234
972,43.655389752472075
973,41.836399702286016
974,40.33007278558773
975,39.00741108733511
976,37.73726036285954
977,36.33916927311369
978,34.91327927641271
979,33.46268781241133
980,31.91144767727447
981,30.310024339042204
982,28.379453763988174
983,26.315662016000157
984,24.482111268618226
985,23.307569560686037
986,22.896738436192805
987,23.079067987030978
988,23.505397291030626
989,23.775291586409402
990,23.82309734529952
991,23.752285908639678
992,23.870884692373732
993,24.420642954597792
994,25.591267408624585
995,27.31117005524854
996,29.39104087542976
997,31.458625944292997
998,33.16185919229406
999,34.20363454225273
1000,34.332727266452906
1001,33.54746745861709
1002,31.963570019936203
1003,29.698587069169427
1004,27.142384455490188
1005,24.654300880840598
1006,22.32071703545961
1007,20.44940682205959
1008,19.084414195202704
1009,18.08387906700917
1010,17.416135016427273
1011,17.180674424315743
1012,17.35751987988028
1013,17.82399318848605
1014,18.701107918120858
1015,19.847766791182536
1016,21.21241417808344
1017,22.796579746914553
1018,24.43274535835092
1019,25.920999619335326
1020,27.186510282367344
1021,28.17081582289376
1022,29.082151318016205
1023,30.005824348900017
1024,31.04157950005944
1025,32.09438270860475
1026,33.01032150003916
1027,33.95841086908722
1028,34.97603523512547
1029,36.160808535558665
1030,37.648016570367226
1031,39.16550159487747
1032,40.541974270070234
1033,41.66687317589223
1034,42.313183678182064
1035,42.740344803812015
1036,43.24592387448706
1037,43.76028622963058
1038,44.287733307581306
1039,44.644525895492066
1040,45.018893654509384
1041,45.47078490297747
1042,46.04653223703468
1043,46.76332827790596
1044,47.5799667734425
1045,48.27809495790794
1046,48.76449209615991
1047,48.860446411803274
1048,48.472855345075544
1049,47.685644278463315
1050,46.35431679640926
1051,44.67230992471853
1052,42.68722364989203
1053,40.32227979592325
1054,37.818454018702276
1055,35.435434453343824
1056,33.41053822718736
1057,31.8731015437422
1058,30.768844742722454
1059,29.999879562030895
1060,29.541208774583676
1061,29.357861129808267
1062,29.198349811151314
1063,29.12279010895331
1064,28.978206154691026
1065,28.564883090442535
1066,27.966920569204348
1067,27.126952809631387
1068,26.11961932464983
1069,25.093588695636605
1070,23.824706776614228
1071,22.300333974717475
1072,20.554904032523815
1073,18.59407327595123
1074,16.754405348321747
1075,15.163974290937912
1076,13.83243337829099
1077,12.885390933303908
1078,12.521798381027475
1079,12.853921911757759
1080,14.022550546687638
1081,16.05417019618292
1082,18.6101190164526
1083,20.83379449008722
1084,23.18803895255928
1085,25.278616625733502
1086,27.11913094399376
1087,28.7665277289153
1088,30.16247708434596
1089,31.30522819966223
1090,32.19527870502237
1091,32.80954966413228
1092,33.271091735741315
1093,33.41735256120818
1094,33.32938173235027
1095,33.14488181076943
1096,33.068728185071066
1097,33.28591884002266
1098,33.560235939570354
1099,33.851971834945175
1100,34.091698594641166
1101,34.205304902128816
1102,34.32526463042971
1103,34.489101656895116
1104,34.77141025020231
1105,35.311278175587574
1106,36.128214849280255
1107,37.134172835641266
1108,38.223526658124584
1109,39.20820723221645
1110,40.15157514193515
1111,41.003973204586764
1112,41.987897386566516
1113,43.491758372333265
1114,45.710908255686505
1115,48.7564189786673
1116,52.534690698035234
1117,56.87081787873609
1118,61.34975734432117
1119,65.59215165154365
1120,69.53270422491164
1121,73.00461202287407
1122,76.0267577335717
1123,78.3813963268412
1124,80.07921570817572
1125,80.9554545605104
1126,81.15576800989152
1127,80.68669008828219
1128,79.72693071345736
1129,78.47745592712019
1130,76.8173808101568
1131,74.81945349114025
1132,72.2054626600623
1133,68.92674002359055
1134,65.14099899147917
1135,60.97984047608078
1136,56.58034647399533
1137,52.162434227704736
1138,48.08321865404402
1139,44.61399657639008
1140,41.59577336883115
1141,39.08240195677273
1142,37.228114765362804
1143,35.82589810414134
1144,34.581049872938245
1145,33.35720033007372
1146,31.932398092127332
1147,30.5330134801907
1148,29.078336414279562
1149,27.49129386936525
1150,25.618519627249785
1151,23.717601255821197
1152,21.96978682244414
1153,20.244863251087498
1154,18.730546826424753
1155,17.46982351782024
1156,16.631361918848818
1157,16.496197398669896
1158,16.871189783285214
1159,17.742078156227628
1160,18.900294701263032
1161,20.130475970001378
1162,21.44426340764842
1163,22.656758997395915
1164,23.62654328239583
1165,24.569992868564732
1166,25.394610723788155
1167,26.19684963105984
1168,26.870445403324716
1169,27.738856100534672
1170,29.041270490890422
1171,30.806753671444167
1172,33.052850149546394
1173,35.74607095992794
1174,38.78875861864301
1175,42.04219267479652
1176,45.2707625315619
1177,48.40524040130367
1178,51.58498046066178
1179,54.7731584738557
1180,57.828927421886945
1181,60.719816511050375
1182,63.35985631306153
1183,65.58640440366011
1184,67.36817971659814
1185,68.69828805494025
1186,69.63988429233302
1187,70.27474913840813
1188,70.72964076182569
1189,71.26996412046775
1190,72.12360648467407
1191,73.39361685807914
1192,74.59679809671314
1193,75.7706292064517
1194,76.81572791669086
1195,77.67522267259682
1196,78.32664091322322
1197,78.89337478256819
1198,79.37231284369014
1199,79.7155893458758
1200,80.02551798059696
1201,80.20894622236767
1202,80.2516178075963
1203,80.0068493692295
1204,79.20254805884431
1205,77.82936349909149
1206,75.87661833606487
1207,73.61090444672621
1208,71.15959900576254
1209,68.49476939797843
1210,65.8779639795597
1211,63.44777111561524
1212,61.12917628502331
1213,59.05119215860387
1214,56.88560780571462
1215,54.6606203649651
1216,52.6346719065284
1217,51.02668810852046
1218,49.96265281779673
1219,49.328333026629196
1220,48.892452363143406
1221,48.38984461086628
1222,47.78820306380321
1223,47.04223963338968
1224,46.404628148037936
1225,46.108384501080934
1226,46.055888783646466
1227,46.193589330171534
1228,46.696904832453896
1229,47.56832168529965
1230,48.778740232141146
1231,50.31260464280903
1232,52.060259329936244
1233,53.626446604440524
1234,54.95457327233262
1235,55.751668669171714
1236,55.92391982774155
1237,55.537625204127906
1238,54.473857484539565
1239,52.69778071394869
1240,50.453751617719966
1241,48.000966272791224
1242,45.567664149276254
1243,43.32835690544575
1244,41.369552447351225
1245,39.838584775709165
1246,38.77380021150431
1247,37.98431479475126
1248,37.14098555608662
1249,36.21297460624077
1250,35.40609441068866
1251,34.788436598526275
1252,34.383273434658726
1253,34.10735267625684
1254,33.86730161644719
1255,33.61534970629733
1256,33.42664476220207
1257,33.460364714415185
1258,33.77872887167216
1259,34.29147791927943
1260,34.92599780046231
1261,35.39735786983552
1262,35.640175785238526
1263,35.623147883956584
1264,35.25098177871151
1265,34.645935654286156
1266,33.87022383372624
1267,32.94213551300753
1268,31.987851164191948
1269,30.97798430033459
1270,29.936914779436677
1271,28.876092177581242
1272,27.86472519963148
1273,26.776714546202655
1274,25.614036768939133
1275,24.57651269300273
1276,23.98957627972197
1277,23.853862405665794
1278,23.855664041756285
1279,23.780610968345815
1280,23.505009882635175
1281,23.033207489583283
1282,22.50679037360031
1283,22.43883391644773
1284,23.31564141068265
1285,25.496118579884982
1286,29.017018281205665
1287,33.824172220925874
1288,39.775263481466354
1289,45.96214555342743
1290,51.83284127656309
1291,57.032652070435304
1292,61.41176785683115
1293,65.29819100129754
1294,68.55990361948264
1295,71.39048784516667
1296,73.6679977777096
1297,75.63600553525222
1298,77.50947067458397
1299,79.4601337668086
1300,81.43826281831812
1301,83.32334084242918
1302,84.87440051199232
1303,86.01104859248065
1304,86.66006169949297
1305,87.07954442943816
1306,87.47354316128575
1307,88.05167024318774
1308,88.77577447889163
1309,89.3312650509952
1310,89.63534196968824
1311,89.89988888895118
1312,89.97809327486473
1313,89.81668922963436
1314,89.42446089493376
1315,88.89732888133909
1316,88.2956181515646
1317,87.71380247163587
1318,87.1167676493949
1319,86.47909936308193
1320,85.63425572634571
1321,84.5584482710626
1322,83.2090315686538
1323,81.4778698835274
1324,79.4529414997942
1325,77.28432648366214
1326,74.84212513616517
1327,72.23294021621507
1328,69.34101363926844
1329,66.07731237600602
1330,62.44771867158904
1331,58.4551958982647
1332,54.27110539043776
1333,49.819600007888525
1334,45.36543121821576
1335,41.12923352401161
1336,37.34734830979904
1337,34.188170596876475
1338,31.569732738077857
1339,29.414616578382052
1340,27.61650869391103
1341,26.12913032931901
1342,24.841033015772684
1343,23.72367319598513
1344,22.747688661641508
1345,21.895985313919596
1346,21.178279079572658
1347,20.640079905745974
1348,20.35989854897271
1349,20.583508605118322
1350,21.452638740748732
1351,22.569675542908744
1352,23.82507782323634
1353,25.138858695919488
1354,26.44850887484388
1355,27.70195437574713
1356,29.03780922443282
1357,30.39261277154253
1358,31.78193900671018
1359,33.431313058145264
1360,35.38038553508338
1361,37.59425762110119
1362,39.95530753887257
1363,42.20185919105319
1364,44.24102015497994
1365,46.13274485397436
1366,47.95379044516905
1367,49.72871297554372
1368,51.27289557696969
1369,52.61417246054712
1370,53.54323353758476
1371,54.10925552767041
1372,54.49595557178717
1373,54.649651502042104
1374,54.74183331774376
1375,54.85274546383172
1376,55.052103314789065
1377,55.38417402331191
1378,55.999299672100044
1379,56.574729760803336
1380,56.935504346870545
1381,57.076016079080674
1382,57.00336699308593
1383,56.927954264721926
1384,56.99870725459414
1385,57.3252601849148
1386,57.99370604604923
1387,58.79941693172834
1388,59.69131300314503
1389,60.52257002832309
1390,61.214251211532996
1391,61.72673394680072
1392,62.19799227867478
1393,62.82950618662976
1394,63.699369454074386
1395,64.90813385211837
1396,66.2888499827309
1397,67.70508655116019
1398,69.01606997305741
1399,70.11154300474273
1400,71.0015006124124
1401,71.71441712141322
1402,72.27786319100733
1403,72.57707323162784
1404,72.47645725764679
1405,72.00634952291928
1406,71.28951951960998
1407,70.47577854706942
1408,69.62220916572196
1409,68.22190151917812
1410,66.2122884104724
1411,63.76984502442416
1412,61.1510946084388
1413,58.39439500445816
1414,55.595833984765726
1415,52.99970320182155
1416,50.75845450386929
1417,48.86078546126626
1418,47.20765298259171
1419,45.647579989881805
1420,43.915200757749474
1421,41.9407198357449
1422,39.945092195628106
1423,38.04677636690757
1424,36.494860697560064
1425,35.14469406522773
1426,33.95867389713387
1427,33.038609598622585
1428,32.06828886546812
1429,30.737556273639814
1430,29.19290389477183
1431,27.346218534508857
1432,25.302174508620002
1433,23.393902265853313
1434,21.66074211280165
1435,20.147173658167024
1436,19.02444401884025
1437,18.58209375037019
1438,18.924213387541997
1439,19.928928523086835
1440,21.352918129678603
1441,23.022511909499674
1442,24.471690034845654
1443,25.853519766983233
1444,27.077171009962438
1445,27.92062933348805
1446,28.676047798712695
1447,29.242243161209235
1448,29.48389955150735
1449,29.504619527588254
1450,29.514599339667207
1451,29.38774796933095
1452,29.2342852035091
1453,28.950769939075812
1454,28.891790147564443
1455,29.395229495090017
1456,30.770300791720558
1457,33.107478317639625
1458,36.082202411353634
1459,39.575932092409595
1460,43.212412000362185
1461,46.82641949861806
1462,50.18539919786997
1463,53.41668642629308
1464,56.56322650524351
1465,59.424200101029356
1466,61.92673848089009
1467,64.29085426990159
1468,66.29865135395141
1469,68.04871453168072
1470,69.52145206253803
1471,70.70016641296894
1472,71.40179108327233
1473,71.60090430304727
1474,71.45484941396758
1475,71.27025610328789
1476,71.22518783285133
1477,71.20052671255947
1478,71.0019299907662
1479,70.59467003749762
1480,69.8075120779554
1481,68.83719463170158
1482,67.99301845346076
1483,67.01562030457958
1484,65.79401489382404
1485,64.34751163863096
1486,62.65656188333316
1487,60.953700566016906
1488,59.4412823655766
1489,58.10744651088296
1490,57.0022266610113
1491,56.19999932077197
1492,55.779124691390095
1493,55.790184836925185
1494,56.07792612644703
1495,56.67100404011329
1496,57.44069667464762
1497,58.098288183660344
1498,58.51629803319653
1499,58.61297016227779
1500,58.64976964644377
1501,58.85073317633694
1502,59.257358348068514
1503,59.91698730373265
1504,61.01326516071513
1505,62.40677906505454
1506,64.09749517778438
1507,66.13984848666007
1508,68.164442312798
1509,70.19645754347482
1510,72.08439057497955
1511,73.68123100133165
1512,74.70462538138914
1513,74.93763104897711
1514,74.32986633356848
1515,72.89927111638221
1516,70.76953321857351
1517,68.3157701493231
1518,66.16752593982093
1519,64.52292495612672
1520,63.60033186194545
1521,63.336286982212314
1522,63.5928439514872
1523,64.03003251326925
1524,64.33675543017728
1525,64.2166054401154
1526,63.865316149624036
1527,63.46974373456564
1528,63.339642445414675
1529,63.610526208264574
1530,64.42300976660955
1531,65.47209269944887
1532,66.62099955531221
1533,67.78354801307842
1534,68.86561300841294
1535,69.94438436771037
1536,70.9096129078585
1537,71.6597100458352
1538,72.2677482265257
1539,72.79674144372643
1540,73.31216237703003
1541,73.6649043734472
1542,73.7458912588025
1543,73.4535904171888
1544,72.42541561252759
1545,70.89880007054109
1546,69.11117424722579
1547,67.38046820387802
1548,65.739068638508
1549,64.02168436214012
1550,62.381372267708585
1551,61.26633533374397
1552,60.783901044451724
1553,60.89447880909553
1554,61.3899036348305
1555,62.070771574606894
1556,62.87834040746417
1557,63.74113619488528
1558,64.54805603883663
1559,65.15269112207363
1560,65.62471391158414
1561,65.96481125220181
1562,66.24909484574535
1563,66.49792887752088
1564,66.63635623439465
1565,66.97303320525671
1566,67.57400080290206
1567,68.18693363494901
1568,68.7189478891646
1569,68.89793178069473
1570,68.58423692958046
1571,67.71547142197626
1572,66.35467439855464
1573,64.50212704808811
1574,62.404659669149524
1575,60.59750004339501
1576,59.57458464610754
1577,59.240196149408725
1578,59.29855789435175
1579,59.32992534858702
1580,59.173880500395825
1581,59.08445693853251
1582,58.88756803297916
1583,58.888763503267874
1584,59.04282147730814
1585,59.50548390049707
1586,60.199982408746045
1587,60.89870466258358
1588,61.59792719936176
1589,62.12017410192798
1590,62.47748844122849
1591,62.881178486262854
1592,63.26799676591099
1593,63.50155157950201
1594,63.605262004464315
1595,63.85482758049687
1596,64.0719496316452
1597,64.28558255025864
1598,64.74249341590681
1599,65.40082945282091
1600,66.1866299843819
1601,66.82276682891259
1602,67.16029028413485
1603,67.22553432021544
1604,67.0865992939734
1605,66.99251200503464
1606,66.9183231938968
1607,66.62421648815636
1608,66.12310664035955
1609,65.67292546971238
1610,65.62053446494629
1611,66.16038440902554
1612,66.98175162736275
1613,67.91221641859246
1614,68.71641413013833
1615,69.21002716097595
1616,69.69199961677117
1617,70.57877252902055
1618,72.11299347813402
1619,73.92150194544713
1620,75.71029781848591
1621,77.07832204076182
1622,78.10677687120183
1623,79.0620221696822
1624,79.88471753062622
1625,80.62225931704114
1626,81.08977961397522
1627,81.09244598819211
1628,80.67438772205391
1629,79.84728484844271
1630,78.63374616877344
1631,77.58437507778726
1632,76.81782986467749
1633,76.27397331214387
1634,75.97824116376295
1635,75.67519466992546
1636,75.44771728279443
1637,75.4004997384046
1638,75.31486021070941
1639,75.11754149036692
1640,74.67531830381871
1641,74.02981400140345
1642,73.3097306293241
1643,72.71475973109665
1644,72.17662962513643
1645,71.5127030581342
1646,70.64126611735007
1647,69.64977048061014
1648,68.72934126941885
1649,67.8738786256433
1650,67.05477489872695
1651,66.33236572536512
1652,65.52373308041103
1653,64.82022267930098
1654,64.05651377851346
1655,63.0456639593418
1656,61.57253722272665
1657,59.645079840891356
1658,57.276439577125124
1659,54.833759619595696
1660,52.337286115304835
1661,49.980480286834606
1662,47.686785592652626
1663,45.257473830102974
1664,42.655872252404826
1665,39.97045203135441
1666,37.398257590136794
1667,34.98759111237029
1668,32.66773523735604
1669,30.465329161652477
1670,28.375005320972857
1671,26.35498632810776
1672,24.214679018757998
1673,22.19395347836599
1674,20.466377964927833
1675,19.151402949903588
1676,18.314277433724975
1677,17.819374219575717
1678,17.36533516017179
1679,16.84156877203734
1680,16.245359685706422
1681,15.474543465387377
1682,15.266919715544685
1683,16.143152484745556
1684,18.285105847647973
1685,21.72260785428901
1686,26.227641005688348
1687,31.29410783274754
1688,36.63158105984439
1689,41.59845736667147
1690,46.36776118014939
1691,50.62485062401639
1692,54.34801084281354
1693,57.4716209277432
1694,60.08001621904789
1695,62.16974093612785
1696,63.86652138233676
1697,65.4119806905178
1698,66.63655292305512
1699,67.82611723231263
1700,68.86317779868897
1701,69.72419253292915
1702,70.35239187677855
1703,70.90584058587983
1704,71.15442987333572
1705,71.24773878811742
1706,71.16165105926366
1707,71.02295997982803
1708,70.83638536386668
1709,70.52626128546589
1710,70.25645333725721
1711,69.98592307687214
1712,70.02480639732593
1713,70.37043921326003
1714,70.77060855454422
1715,71.19513704015756
1716,71.5829255789618
1717,71.93450450638424
1718,72.55442844358676
1719,73.26158337326873
1720,73.86594363419978
1721,73.98598922206698
1722,73.58248059636426
1723,73.07336660903951
1724,72.58599767065004
1725,72.31680592601376
1726,72.28802641767665
1727,72.29117363300703
1728,72.30558743096066
1729,72.08537643742152
1730,71.62597585893499
1731,70.69735542514209
1732,69.65683231613976
1733,68.37287120377087
1734,66.51083442885026
1735,63.941197245490194
1736,60.83310317671327
1737,57.51803068727544
1738,54.37641376903261
1739,51.83954952688991
1740,50.450567017561845
1741,50.26922002765711
1742,51.17547865489992
1743,52.93088706689197
1744,55.531732315271114
1745,58.1556280158375
1746,60.6808677713167
1747,62.906186553692365
1748,64.63753458431295
1749,66.01711030820245
1750,66.80686090948373
1751,67.25146211091827
1752,67.26690561932513
1753,67.425511038991
1754,67.6885153593413
1755,67.78083579375024
1756,67.71068605572268
1757,67.55349838637979
1758,67.31650849906727
1759,67.44502660066269
1760,67.94317500951232
1761,68.89297383383492
1762,70.01999662396503
1763,71.10160740416651
1764,71.84552969682734
1765,71.73734487743658
1766,70.72883944047435
1767,69.8514397103172
1768,67.96960068922778
1769,65.40792328095985
1770,62.39619574073026
1771,59.48631689950732
1772,56.91579139057484
1773,54.86491384045136
1774,53.30728387444968
1775,51.95245055910244
1776,50.62202285588363
1777,49.38498119074399
1778,48.255572760219565
1779,47.48573950049776
1780,47.048143551269845
1781,46.85499990766161
1782,46.91605421124392
1783,47.42111146866263
1784,48.33620376885053
1785,49.65290872541623
1786,51.48726124950649
1787,53.53891611844719
1788,55.79799221203622
1789,57.71932576384264
1790,59.22627203080443
1791,60.45747764362451
1792,61.62637595397743
1793,62.572642752610165
1794,63.450137976383104
1795,64.17635600543507
1796,64.63179618001756
1797,64.73991025698326
1798,64.38494949118696
1799,63.60103427487861
1800,62.45993641330528
1801,60.925270181816025
1802,59.24003939910393
1803,57.636814019066534
1804,56.329547887639606
1805,55.60069745353473
1806,55.515351435144055
1807,55.70966074904055
1808,55.878096323898696
1809,55.864627288666675
1810,55.90064832721932
1811,55.97756225790312
1812,56.08603095171677
1813,56.24754016247198
1814,56.33372841351734
1815,56.33257161610113
1816,56.072457386922714
1817,55.53394240025662
1818,54.65473595123497
1819,53.48397565766829
1820,52.32794016328235
1821,51.16769816260193
1822,50.160218618288084
1823,49.47169765964006
1824,48.87268442561627
1825,48.5534241536375
1826,48.48946017066686
1827,48.75662717308217
1828,49.20392514473412
1829,49.48573068082594
1830,49.45143532268192
1831,49.061625086740015
1832,48.361908466276894
1833,47.53048372335372
1834,46.591279775946546
1835,45.398041548184445
1836,44.09316164169426
1837,42.69993481924378
1838,41.20882400011057
1839,39.65829942669222
1840,37.90218233957805
1841,36.0742993071862
1842,34.39808641647932
1843,32.972842021196065
1844,31.86026143313986
1845,30.970537617955085
1846,30.06861490614721
1847,29.256722635475867
1848,28.336724611613853
1849,27.487409922518488
1850,26.463589700774808
1851,25.230609614691616
1852,23.92670593588236
1853,22.65828602623753
1854,21.56874129042972
1855,20.735601645040546
1856,20.149007619828346
1857,19.787757124084326
1858,19.62852476981976
1859,19.666702204874344
1860,19.80898789086568
1861,19.89191868780476
1862,20.09169740503456
1863,20.40603892967758
1864,20.767988518123982
1865,21.337083004843823
1866,21.86842987970471
1867,22.022720831736386
1868,21.52105873699498
1869,20.619620284310088
1870,19.322819984732483
1871,18.201975728523472
1872,17.086478050080935
1873,16.076962766159447
1874,15.342204064786337
1875,14.819492704325066
1876,14.481462496402486
1877,14.439056477136287
1878,14.498521065642775
1879,14.646427808290387
1880,14.86216203960361
1881,15.049850820846116
1882,15.269124969503482
1883,15.634521583353987
1884,15.991919194848649
1885,16.455483867138412
1886,16.9692185231088
1887,17.54598992925139
1888,18.16996410014318
1889,18.8348902936098
1890,19.623942367692244
1891,20.654866934366655
1892,22.17942516939151
1893,23.725532008467923
1894,25.148061279568616
1895,26.446645620026914
1896,27.821239148453557
1897,29.43495250999177
1898,31.002731617291282
1899,32.261716407852745
1900,32.753146011176554
1901,32.57696379395834
1902,31.8568038271907
1903,30.644479243235203
1904,29.3853592309543
1905,28.258956236683325
1906,27.099585655896263
1907,26.08974490217306
1908,25.20743574939737
1909,24.60384782062174
1910,24.698045185786192
1911,25.854574393554138
1912,28.041420743127095
1913,31.633277289532682
1914,36.24472315524747
1915,41.695381294500066
1916,47.543855196352595
1917,52.85203642492262
1918,57.10119889809486
1919,60.29394471598657
1920,62.6552516834021
1921,64.59813145797057
1922,66.11615052937292
1923,66.96492152172117
1924,67.1574913547528
1925,66.53553582655523
1926,65.50954212510803
1927,64.1047599016761
1928,62.38585003300473
1929,60.603770551657504
1930,58.76542356157388
1931,57.28872133262621
1932,56.4951404063748
1933,56.205658648901476
1934,55.98138112876639
1935,55.738869865494365
1936,55.488356236593205
1937,55.383439945740065
1938,55.292162772697836
1939,55.136544797732974
1940,55.226351035668955
1941,55.54480423724027
1942,55.95881080744916
1943,56.42212430726907
1944,56.92505574914037
1945,57.47597684080608
1946,58.29838598962009
1947,59.17648402317391
1948,60.04718671598513
1949,61.21954421515889
1950,62.396521096471474
1951,63.71410849993225
1952,64.778253431283
1953,65.56206337534174
1954,66.06621971422312
1955,66.30896584334462
1956,66.6501737761658
1957,66.74559932637479
1958,66.74941970282634
1959,66.31675167011238
1960,65.69225268976015
1961,65.19344241248263
1962,64.83774892568567
1963,64.5533448560121
1964,63.84084687324791
1965,62.63882080569395
1966,61.209951959079895
1967,59.84962220382699
1968,58.978713810161885
1969,58.94847720239236
1970,59.637081499813085
1971,60.818680088032174
1972,62.597331006638676
1973,64.40831080807246
1974,65.90267788283887
1975,67.00830673386464
1976,67.66176070325335
1977,68.26478261476538
1978,68.6441920845683
1979,69.14935498849293
1980,69.79786647920227
1981,70.65389275450947
1982,71.58938658014489
1983,72.4999986203384
1984,73.48487835195526
1985,74.34653408544104
1986,75.07258994233176
1987,75.8251952939266
1988,76.5315627637776
1989,77.32897266066652
1990,78.10093136799011
1991,78.58901566123427
1992,78.94794379477158
1993,78.90270222884998
1994,78.36649371371517
1995,77.8999923055479
1996,77.16196244665221
1997,76.04721060666223
1998,74.59408174772888
1999,73.16137458728787
2000,72.2444968872263
2001,72.05487215300369
2002,72.39192290994302
2003,73.11181829661747
2004,74.39500464458023
2005,76.24561023114087
2006,78.09041962770146
2007,79.9030374127923
2008,81.74989155995019
2009,83.12254999107947
2010,83.66733269737304
2011,83.63679680698154
2012,83.1489119106592
2013,82.53559611086533
2014,81.82332542102111
2015,80.75629748975183
2016,79.0183922654576
2017,76.75717255231444
2018,74.50612616944005
2019,72.63396678270402
2020,71.72716049226864
2021,71.63891348532185
2022,72.0886887840009
2023,72.79060464110833
2024,73.35210057537256
2025,73.6300289699264
2026,73.58172779960152
2027,73.21290833062352
2028,72.58735642803481
2029,71.72167522260003
2030,70.72773315997449
2031,69.63092914355818
2032,68.47036270561117
2033,67.15744247798851
2034,65.64280683363843
2035,63.968490401427744
2036,62.310818838390404
2037,60.59641035679177
2038,58.73162046966371
2039,56.68816622426354
2040,54.55928964912533
2041,52.604101338975454
2042,50.774741915586745
2043,48.73801647908874
2044,46.46338922981672
2045,43.98277384985634
2046,41.42909980256451
2047,39.210901510141845
2048,37.5928612621628
2049,36.53342843931081
2050,36.17798525784196
2051,36.29936764939317
2052,36.404970330042715
2053,37.062984989686385
2054,38.06434334101323
2055,39.741482128928766
2056,42.06469320703093
2057,44.60116258815895
2058,47.05885082040399
2059,49.49562161718252
2060,51.68349104850736
2061,53.68820566456236
2062,55.175462416128305
2063,56.138901377242135
2064,56.54396581073789
2065,56.57810786177334
2066,56.5555072018351
2067,56.679256973652556
2068,57.273780214380636
2069,58.429090670144596
2070,60.00859822089967
2071,61.884688868810386
2072,64.0333613539893
2073,66.49020350784514
2074,69.25050648158683
2075,72.16351434825178
2076,74.82488638576436
2077,77.20180276032852
2078,79.10998216906978
2079,80.2688046260746
2080,80.80164702363597
2081,80.92064655381782
2082,80.7184233444941
2083,80.16479047382867
2084,79.26782093481133
2085,78.11057475074865
2086,76.73442689838429
2087,75.50703229947563
2088,74.55634437851162
2089,73.99566237255463
2090,73.8274521215031
2091,73.86037190919112
2092,74.01807118257469
2093,74.08761870552128
2094,73.88571913176737
2095,73.27532425427802
2096,71.8497712291387
2097,69.80393711586326
2098,67.30544727458538
2099,64.74050374694247
2100,62.297863196843345
2101,59.95351659420871
2102,57.80642238310482
2103,55.7528059281873
2104,53.619962692233784
2105,51.61721161432028
2106,50.01799041486235
2107,48.73143242099985
2108,47.666831942493474
2109,46.740629526192926
2110,46.05744732378482
2111,45.77579686690329
2112,45.802414822245844
2113,46.067382188324274
2114,46.52030817901799
2115,46.843464357833426
2116,47.11390199653445
2117,47.762736674166135
2118,48.795755558325126
2119,50.18192193638365
2120,51.656464371653804
2121,53.20307160840958
2122,55.109703221991765
2123,56.98613314124549
2124,58.90247091917578
2125,60.591665683155576
2126,62.013498149363585
2127,63.20266551057012
2128,64.31743639963253
2129,65.4631261881935
2130,66.67111142720039
2131,67.73200064845135
2132,68.56148032543297
2133,68.77635996290306
2134,68.43513731186302
2135,67.73322289584343
2136,66.68679251192674
2137,65.6582076457019
2138,64.52314857196643
2139,63.020091260043586
2140,61.09065464171732
2141,58.60658888531185
2142,55.63794023823312
2143,52.0933280719453
2144,48.6410547384582
2145,45.88367580168217
2146,43.95111090216765
2147,42.982229073428414
2148,42.842463092622815
2149,43.34534429218371
2150,44.432557413123874
2151,45.77586617081886
2152,47.29672776313218
2153,49.08812526750472
2154,50.92688950672076
2155,52.877057306291405
2156,54.7956810476402
2157,56.40553272048214
2158,58.0538451768855
2159,59.95525649042642
2160,62.32639318756796
2161,65.19011643939342
2162,68.22197536519921
2163,70.97554834975955
2164,73.19923300022765
2165,74.69408040448154
2166,75.99459764618241
2167,76.79787649849263
2168,77.06390329545579
2169,76.9811977276062
2170,76.555993621693
2171,75.99540524725194
2172,75.48293677635081
2173,74.99118920644413
2174,74.30742122023135
2175,73.28807509861481
2176,71.79214782846826
2177,69.70852866754461
2178,67.19636340083954
2179,64.14368121040343
2180,60.89369830806091
2181,57.69851078546726
2182,54.62084205524648
2183,51.77521855405356
2184,49.120087218151404
2185,46.61693879841336
2186,44.01151167802459
2187,41.391492915678924
2188,39.05547449403142
2189,37.31378994983806
2190,35.95087400117385
2191,34.7914792196244
2192,33.34166747975545
2193,31.85313256110526
2194,30.39303432862465
2195,29.211708318051183
2196,28.551997448118794
2197,28.554538416510955
2198,29.154828852566126
2199,30.28942332134352
2200,31.88001503083356
2201,33.89474421416479
2202,36.330327282595746
2203,39.06572313185181
2204,41.9301290005994
2205,44.85622999887134
2206,47.62065660380932
2207,50.389180616372016
2208,53.23370313914208
2209,56.061979430010894
2210,58.776392002977985
2211,61.64354319803439
2212,64.29682587297542
2213,66.92446230601956
2214,69.42685792662876
2215,71.42629335491274
2216,73.02648842258154
2217,74.41754269562061
2218,75.63656251230736
2219,76.92057808245755
2220,78.61833028176324
2221,80.48165041293036
2222,82.32282731423004
2223,83.92465121836076
2224,85.54797537055352
2225,87.1687287647346
2226,88.67144871347124
2227,89.57021317843837
2228,89.54682134262681
2229,88.5921948753132
2230,86.86541165098421
2231,84.43060269687409
2232,81.38317102626048
2233,77.53612889636777
2234,72.97836549104713
2235,68.15453921997134
2236,63.24751712907482
2237,58.49413322253844
2238,54.06090644595663
2239,50.08171263023319
2240,46.50386624300296
2241,43.26421766520684
2242,40.29913457957715
2243,37.65125880525149
2244,35.337900878115946
2245,33.025159387366124
2246,30.859289517925937
2247,28.892665680094513
2248,27.42970854826441
2249,26.795844734547906
2250,26.595539503307673
2251,26.650610452998578
2252,26.76474432517789
2253,26.737838081402103
2254,26.61058065003843
2255,26.37485258963017
2256,26.057806961702493
2257,25.655311768707342
2258,25.430678255056243
2259,25.559409625340496
2260,25.97404683380117
2261,26.56627733560304
2262,27.42266896712154
2263,28.638493141450056
2264,30.357333763462655
2265,32.48718809207394
2266,35.16089078890349
2267,38.114051159680415
2268,41.273699046796224
2269,44.63683766572389
2270,48.036559136815875
2271,51.26001344708196
2272,54.25382500804967
2273,57.215272097201826
2274,60.09539332778715
2275,62.85079852326166
2276,65.09817393469481
2277,66.89872502180982
2278,68.3983948548058
2279,69.63061292047526
2280,70.7026426376077
2281,71.51463539374078
2282,72.09804875362593
2283,72.41509138413848
2284,72.5710168556194
2285,72.99808125677771
2286,73.85235854411295
2287,74.9522239138591
2288,76.00743837338659
2289,76.79565312507646
2290,77.41317161638612
2291,77.77372654900006
2292,78.31380631159752
2293,78.78606884817712
2294,79.29020834243981
2295,79.85678666743401
2296,80.43631554067797
2297,81.18300012271736
2298,82.18216533305204
2299,83.29667516584028
2300,84.72935827787789
2301,86.29566351601859
2302,87.96745859978881
2303,89.55262128758707
2304,90.93220500678802
2305,91.91642699431736
2306,92.52576980011432
2307,92.88724809180695
2308,93.13408661222017
2309,93.16720583087061
2310,92.90064165295215
2311,92.40953622964719
2312,91.66983385557465
2313,90.71565309241979
2314,89.57161348547015
2315,88.33731060242987
2316,87.17387573723218
2317,86.08427746944874
2318,84.83555420166422
2319,83.47929708848798
2320,82.0142783073396
2321,80.4193766452538
2322,78.59255645000104
2323,76.58306822189465
2324,74.51565412518787
2325,72.52250707047179
2326,70.64026893042893
2327,68.82918986197171
2328,67.0275132120022
2329,65.26420044727166
2330,63.53748131704074
2331,61.94168043279177
2332,60.43533726029118
2333,59.246484002328096
2334,58.38300699628978
2335,57.812255129406566
2336,57.796901038741794
2337,57.78354297986344
2338,58.38465410317626
2339,59.32887413544575
2340,60.38187544427993
2341,61.26180080587241
2342,61.86576434649483
2343,62.32314612631066
2344,62.63149389997701
2345,62.920291983776835
2346,63.36819667667564
2347,63.98338077295515
2348,64.65439921465239
2349,65.32823849871372
2350,65.99350456849382
2351,66.35613315562529
2352,66.12928722561725
2353,65.49338028383188
2354,64.55097249878108
2355,63.71183522346322
2356,62.88659173877911
2357,62.038109477336675
2358,61.15010947198718
2359,60.26661919028091
2360,59.37796613501017
2361,58.70509825386633
2362,58.36154122201566
2363,58.15773224383996
2364,58.068154579749695
2365,57.869744035140116
2366,57.37709129909552
2367,56.39997775027454
2368,54.69761391177669
2369,52.21307984579085
2370,49.07779095433795
2371,45.29662123774947
2372,41.53213516140724
2373,38.09184479004724
2374,35.12236377485115
2375,32.55689648606519
2376,30.309095195612233
2377,28.42040985860281
2378,27.034117740758987
2379,26.31519219827936
2380,26.084233134099208
2381,26.193338159114816
2382,26.5292968644345
2383,27.02713510323242
2384,27.811742386286863
2385,28.556140457634392
2386,29.07379735015742
2387,29.448716694157145
2388,29.736311926384545
2389,30.10919721519026
2390,30.577576453834503
2391,31.213355215475868
2392,32.08397274878768
2393,33.281275431067456
2394,34.32292876465086
2395,35.6342451174461
2396,36.91529600884415
2397,38.16824877576856
2398,39.36786963725093
2399,40.79790704631208
2400,42.20925999763191
2401,43.5102323148616
2402,44.45670073265479
2403,45.162209410572835
2404,45.50167834152608
2405,45.4138547392853
2406,45.200174828175804
2407,44.89324056648386
2408,44.890053296260945
2409,45.36528776082848
2410,46.310343752050315
2411,47.828706935730565
2412,49.78576888722126
2413,52.133716664393134
2414,54.69781286096797
2415,57.07904225841887
2416,59.35953147825288
2417,61.58318804721392
2418,63.82122955344342
2419,66.03032590469202
2420,68.18813750948638
2421,70.41008933146297
2422,72.60811272779223
2423,74.22839881995925
2424,74.74110469192536
2425,73.74816757241989
2426,71.12587376464893
2427,67.12855662044294
2428,61.91595387528715
2429,56.22125795752018
2430,50.78544491629827
2431,45.974804409890936
2432,41.75567107857897
2433,38.058987703046746
2434,34.71426804916253
2435,31.745341524446417
2436,29.184460181250536
2437,27.038126766992516
2438,25.313184156809974
2439,24.06573195319741
2440,23.375025033418204
2441,23.23684122571377
2442,23.563222892541205
2443,24.15492763673386
2444,24.842835935298698
2445,25.585756199976498
2446,26.401466393151562
2447,27.21133256726037
2448,28.176016847472848
2449,29.335822883915775
2450,30.723545084657232
2451,31.9308633993023
2452,33.59519359147386
2453,35.619850332293126
2454,37.86930882771932
2455,40.190263857726954
2456,42.49484048394209
2457,44.64198516203843
2458,46.794969521220374
2459,48.940748233470885
2460,51.14919642438396
2461,53.38725923964727
2462,55.480328519552096
2463,57.42584941701055
2464,59.07009577227728
2465,60.507149368254346
2466,61.867072311591684
2467,63.194466703671786
2468,64.5147445349253
2469,65.79383163413176
2470,67.11895032003265
2471,68.5546658741303
2472,70.18931452488889
2473,71.88043816389629
2474,73.4329728865381
2475,74.78633139444071
2476,75.84992444083784
2477,76.76899278033845
2478,77.68331932830131
2479,78.497634959256
2480,78.90017032558049
2481,78.53572902021911
2482,77.27852004345863
2483,75.01678500848496
2484,71.93066626022292
2485,68.17718534356433
2486,64.30437108015107
2487,60.76160563245124
2488,57.75959328187403
2489,55.18645553242685
2490,52.65190317962787
2491,50.32481352758086
2492,47.78324349103822
2493,44.91027167953568
2494,41.56839023327007
2495,37.95288253458308
2496,34.517386831064805
2497,31.448363385587918
2498,29.03810119064087
2499,27.393260635173185
2500,26.496782278932777
2501,25.70272031336032
2502,24.901408511385096
2503,23.986699033480036
2504,22.95948072644874
2505,22.70347951694375
2506,23.304855164554127
2507,24.82397622939783
2508,26.145611555811847
2509,28.409131303070712
2510,31.197736831740222
2511,34.63609471132759
2512,38.16011493700747
2513,41.447744105107006
2514,44.639852845263704
2515,47.95544366357565
2516,51.30293869113417
2517,54.27848873170578
2518,56.463828094684985
2519,57.7546050484108
2520,58.55720638631698
2521,58.66262972625004
2522,57.842861193595
2523,56.57136172625734
2524,54.94663980313531
2525,53.11776616398394
2526,51.34174748577978
2527,49.759486335997295
2528,48.03366584797784
2529,46.340646563408455
2530,44.57760354954743
2531,43.10582338277021
2532,42.0664381040648
2533,41.48102449431278
2534,41.267136655444155
2535,41.053495476627766
2536,40.84336979472157
2537,40.59988853331835
2538,40.40212324467164
2539,40.19544465940336
2540,39.977392895212986
2541,39.76018121062412
2542,39.533704305089124
2543,39.10282955214373
2544,38.47984596982412
2545,38.000299513400606
2546,37.8108477114872
2547,37.99056782607859
2548,37.89223296117731
2549,37.68066265685644
2550,37.31982907857849
2551,36.81032685019942
2552,36.29904523544874
2553,35.59841799863015
2554,34.90429605368705
2555,34.14253753151471
2556,33.41039427646582
2557,33.09280131417807
2558,33.22121758037985
2559,33.787672909217534
2560,34.64688914517168
2561,36.116389618005385
2562,38.429854839272764
2563,41.09908707678657
2564,43.90791313840397
2565,46.35159181201111
2566,48.66331990041053
2567,50.75002995885451
2568,52.62924396445837
2569,54.3436407313572
2570,55.76261187027008
2571,56.778237908177495
2572,57.715450384193346
2573,58.82451552185453
2574,59.7844560280248
2575,60.40623816954245
2576,60.67787137803321
2577,60.62603746804709
2578,60.39232340211826
2579,60.0204958708509
2580,59.67649347644545
2581,59.17490785671556
2582,58.28170237314098
2583,57.11840527156801
2584,55.91113873106993
2585,55.0763970085077
2586,54.84354206327479
2587,54.847533129507525
2588,55.210815533660686
2589,55.61155451596808
2590,55.93878950599323
2591,56.566132478841645
2592,57.67709481842806
2593,59.06092208700633
2594,60.10235987723403
2595,60.49823215075253
2596,60.0046896041919
2597,58.526120797295356
2598,56.25645683879283
2599,53.17318031418415
2600,49.71313263028322
2601,46.44232238848378
2602,43.38511744874613
2603,40.68837301447873
2604,38.23418005312435
2605,35.91682038866162
2606,33.71914196620094
2607,31.64529341141437
2608,29.79406589619458
2609,28.420842582956343
2610,27.659405711309898
2611,27.55439172788212
2612,28.054349690379205
2613,28.986121807118977
2614,30.13187700191847
2615,31.438681136901053
2616,32.79551311480985
2617,34.11668525475019
2618,35.209055298936406
2619,36.00992511060113
2620,36.77457439690122
2621,37.41336812788299
2622,37.96911867383713
2623,38.46774112287475
2624,38.93865667548081
2625,39.58267819837868
2626,40.518003405192154
2627,41.826799253707875
2628,43.480903406676305
2629,45.57647375506853
2630,48.01947411730389
2631,50.5248864234587
2632,53.1026893143258
2633,55.56865669767881
2634,57.79763963360824
2635,59.74732924269347
2636,61.47094522278418
2637,62.83502300089513
2638,63.936509167502024
2639,65.00085680757245
2640,65.99477906877301
2641,66.99801528034992
2642,68.13002573055611
2643,69.31567416450022
2644,70.38028838698318
2645,71.45092548443907
2646,72.65170985657767
2647,74.32884676534826
2648,76.37638501564425
2649,78.7558141164226
2650,81.29149700012064
2651,83.71411389669333
2652,85.88394242385833
2653,87.58962954856206
2654,88.82472300121411
2655,89.63877289152585
2656,90.12062691122813
2657,90.41043546663448
2658,90.2073394703229
2659,89.42600307125471
2660,88.07611878666306
2661,86.28453211708661
2662,84.56262590492327
2663,83.23103394115635
2664,82.03246850062895
2665,81.07717620795
2666,80.18616528256848
2667,79.45391662498363
2668,78.76945473200313
2669,77.6705522169177
2670,76.24612234062994
2671,74.73618512323176
2672,73.04889250153424
2673,71.05140394316106
2674,68.86679974797225
2675,66.56532166877173
2676,64.18683934375677
2677,61.83728290867691
2678,59.499145679924
2679,57.46496629090896
2680,55.46027240581146
2681,53.51137226439669
2682,51.54826745295996
2683,49.6072814233088
2684,47.55823796612743
2685,45.25281710914097
2686,42.98970279559756
2687,40.87723930307025
2688,39.20517865672722
2689,38.015653705623826
2690,37.362780441547045
2691,37.05574339384931
2692,37.06149252582835
2693,37.46340088014697
2694,38.12081037194604
2695,38.929062407861196
2696,40.043257413619074
2697,41.51636212681552
2698,43.33871704247445
2699,45.516882863257266
2700,47.92287304872936
2701,50.42811697499074
2702,53.02482834460782
2703,55.50918182765047
2704,57.664198927126556
2705,59.49476563619297
2706,61.01805055735497
2707,62.420071924458874
2708,63.53455415278458
2709,63.72986089912243
2710,62.485167196312965
2711,59.980588745643665
2712,56.41900206797772
2713,51.94230147496427
2714,47.06340701907528
2715,42.50824367523902
2716,38.71800070975266
2717,36.04203096181124
2718,34.24559889880294
2719,33.187635101236154
2720,32.4923505231737
2721,32.09230242225125
2722,31.893415834978455
2723,31.99799574743564
2724,32.31190298680825
2725,32.94145150904497
2726,33.92518938153782
2727,35.103396990060254
2728,36.619422446702416
2729,38.29634327767241
2730,40.22208235985177
2731,42.313360076037796
2732,44.5395636020926
2733,46.82597963133197
2734,49.19465552794711
2735,51.78608688012452
2736,54.04063215651887
2737,56.65908619893526
2738,59.56024400230713
2739,62.68536896260518
2740,65.71749697899007
2741,68.39947399988094
2742,70.80572692094484
2743,73.07502476211997
2744,75.18262868041644
2745,77.21410579652466
2746,78.78886031326411
2747,79.71556635558353
2748,80.00418251994103
2749,79.7172568737563
2750,79.44140996087006
2751,79.59933152471892
2752,80.10351820450272
2753,80.76140214662509
2754,81.28736225710914
2755,81.61105354191602
2756,81.88418977179249
2757,82.24009953418083
2758,82.51201936239843
2759,82.4915432219857
2760,82.10127330991875
2761,81.53734293484857
2762,80.94785886464882
2763,80.32478433318754
2764,79.65100797992888
2765,79.11681236483491
2766,78.78817080664098
2767,78.72056283368497
2768,78.88055972255091
2769,79.25453124236515
2770,79.79929483461255
2771,80.46222593817586
2772,80.89852384676419
2773,81.05825329232471
2774,81.1487596522239
2775,81.11808639240263
2776,80.79413513685151
2777,79.92489935627914
2778,78.53421918564034
2779,77.04473075647756
2780,75.4954200752208
2781,73.88749921577434
2782,72.34422339174937
2783,70.73738838335532
2784,69.35913645474201
2785,68.02371915495623
2786,66.4904539629066
2787,64.86262900292147
2788,63.38384217166019
2789,62.093418077111565
2790,61.02471501368414
2791,60.064900936454265
2792,58.937188887548906
2793,57.95607940500124
2794,56.60495068343226
2795,54.89696710653763
2796,52.84872101333196
2797,50.595398766421525
2798,48.21077202256843
2799,46.03850519879457
2800,44.18286740333948
2801,42.80013947573889
2802,41.77845817169805
2803,40.891748594837736
2804,39.99526245778954
2805,38.99763152870277
2806,37.83351098258054
2807,36.68499731948457
2808,35.816974311466986
2809,35.62438680460417
2810,35.9675170827189
2811,36.50947778609832
2812,37.02966371994092
2813,37.432056571877325
2814,37.56086860188101
2815,37.53526089796003
2816,37.511733732113974
2817,37.60491544976178
2818,37.636448540813134
2819,37.65632174005273
2820,37.80317163316219
2821,38.04184358993549
2822,38.28179193299723
2823,38.27876470037665
2824,37.98846132819477
2825,37.39097548041926
2826,36.515369055485785
2827,35.42859567411744
2828,34.18431659159188
2829,33.17895974439031
2830,32.12254661413827
2831,31.183263703781577
2832,30.365464643798745
2833,29.462679920659582
2834,28.649859326154978
2835,28.036938542775097
2836,27.564035156557253
2837,27.233519357917178
2838,26.866425348476064
2839,26.427383807659947
2840,26.1763114412712
2841,26.10758802279595
2842,26.696762907355993
2843,27.863080966003423
2844,29.45232505676636
2845,31.18355108383316
2846,32.75716874817626
2847,34.18336244690852
2848,35.85030579331268
2849,37.83547669456394
2850,39.56257537865253
2851,41.42850605124501
2852,43.32338794706473
2853,44.9362576305249
2854,46.11049387841497
2855,47.13040900068058
2856,48.22612984428206
2857,49.410295042539694
2858,50.85701891347674
2859,52.47566689041459
2860,53.901656763945454
2861,54.96951488761895
2862,55.78074687046763
2863,56.39474732527669
2864,57.209782762254925
2865,58.12038919172352
2866,58.93419303948086
2867,59.631826009385286
2868,60.49263639362241
2869,61.544570905491135
2870,62.4360489214874
2871,62.82339764919099
2872,62.628813727935594
2873,62.09544533261736
2874,61.24932948997912
2875,60.17616822762331
2876,59.016109767964316
2877,57.77104221457737
2878,56.60701328283637
2879,55.594576494433475
2880,54.53399178982409
2881,53.42973411404745
2882,52.24841462079628
2883,50.98228893916565
2884,49.673250543153394
2885,48.04505616259757
2886,46.22444800959585
2887,44.59165521779984
2888,43.05437808178766
2889,41.71123045211939
2890,40.71396081652068
2891,40.01832005964923
2892,39.89800358173094
2893,40.380727075921186
2894,41.160369136741714
2895,42.29919008670025
2896,43.92716866016718
2897,45.793086835038025
2898,47.64272392839882
2899,49.136069730861045
2900,50.20969551342282
2901,50.87571204041705
2902,51.23962169977924
2903,51.53227154684186
2904,51.85093545839154
2905,51.92875489134521
2906,51.35726573742287
2907,50.86007017351044
2908,49.54075451102273
2909,47.61138858140661
2910,45.47755954460514
2911,43.26914832764111
2912,41.20093549771948
2913,39.3528965072293
2914,37.67261402058519
2915,35.89895626530824
2916,34.21905597846096
2917,33.01932583726332
2918,32.25479004046124
2919,32.001443493840476
2920,32.16115714613548
2921,32.55897847182112
2922,33.039184619297934
2923,33.53349038555656
2924,33.67158968978984
2925,33.30983023605822
2926,32.67187191327814
2927,31.66156520705021
2928,30.463556254862524
2929,29.12697664791232
2930,27.76793710676473
2931,26.5522292970983
2932,25.603377145200884
2933,24.992423070269297
2934,24.519187095432446
2935,23.926431719317783
2936,23.480396408544653
2937,23.28776313268339
2938,23.597495640614174
2939,24.484974507846882
2940,25.90518369470221
2941,27.744284198262644
2942,29.885409231459395
2943,31.99736176295866
2944,34.00494237626037
2945,35.78461478206408
2946,37.67479648069672
2947,39.61583842273299
2948,41.54578470467689
2949,43.592307066991616
2950,45.595570378442275
2951,47.690270314460605
2952,50.015305875059155
2953,52.57848729144483
2954,55.41208723561674
2955,58.45572463204945
2956,61.359454968956044
2957,64.18086532027544
2958,67.09862581958501
2959,69.96879475917882
2960,72.79666223523941
2961,75.16140477201915
2962,77.11335425351692
2963,78.66807824695586
2964,80.02068812124773
2965,81.3794308488316
2966,82.86993995663653
2967,84.23938673930115
2968,85.55560135733559
2969,86.69032101002234
2970,87.56631369367037
2971,88.21503406501174
2972,89.03233035561938
2973,89.93299120844385
2974,90.96743796959589
2975,91.85579567338867
2976,92.55593803459114
2977,93.04466716881842
2978,93.21349283150356
2979,92.95986183734834
2980,92.6093899393015
2981,91.92298938823613
2982,90.86162512429866
2983,89.17634270304417
2984,86.930191804887
2985,84.41676765478331
2986,82.19790295841625
2987,80.42512805156531
2988,78.98514594577392
2989,78.00982493421395
2990,77.30618273353451
2991,77.07294099708213
2992,77.0243571062548
2993,77.06439885391087
2994,77.00141070634727
2995,76.68966336017397
2996,76.09897294723852
2997,75.28145739377644
2998,74.25265592906048
2999,73.18251053215523
3000,71.94028167343434
3001,70.63967797285049
3002,69.29849047723677
3003,67.86666013582551
3004,66.40348420520351
3005,65.07558449864534
3006,63.986598111039086
3007,63.24930990079618
3008,62.85915554372103
3009,62.872875626764525
3010,63.28461224916551
3011,64.10485216515264
3012,64.95219325558294
3013,65.79185474262891
3014,66.88077143746291
3015,68.09727432841593
3016,69.50827702791675
3017,71.05275410065406
3018,72.52591245259508
3019,74.11511879544132
3020,75.85677121805463
3021,77.37200882572822
3022,78.98642342851724
3023,80.72173725031669
3024,82.26492650650259
3025,83.5313521634263
3026,84.71089949764723
3027,85.49609501380914
3028,85.83998700420398
3029,85.61766124825972
3030,84.78531381111767
3031,83.48845699941474
3032,81.68717304218555
3033,79.52861163070031
3034,77.01175422109051
3035,74.14772862271306
3036,71.20468959519047
3037,68.0570218382652
3038,64.88009732964669
3039,61.619190625671415
3040,58.43469531483804
3041,55.27839302984616
3042,52.35284799818717
3043,49.64743342796777
3044,47.099683804495044
3045,44.85832966109251
3046,42.900960024474124
3047,41.09148159057021
3048,39.05745663426278
3049,36.8315181870279
3050,35.02687646259513
3051,34.17893089133808
3052,34.555609517949684
3053,36.164297840267736
3054,38.80798168020667
3055,42.41891056370661
3056,46.32623531250104
3057,49.72359517756094
3058,52.09412519826387
3059,53.50972637970099
3060,54.524927895995404
3061,55.26398183988212
3062,55.8321039885423
3063,56.052126036815324
3064,55.90838232706297
3065,55.8565945120098
3066,56.04660843729946
3067,56.42675711680275
3068,56.93274710552233
3069,57.56445715386725
3070,58.43818224280447
3071,59.53819574131549
3072,60.79638535100722
3073,61.95007327232524
3074,62.88653530023989
3075,63.89276337578288
3076,64.96664657798897
3077,66.0070654222611
3078,66.91222981677787
3079,67.55039831218764
3080,67.75989013841
3081,67.61205356171247
3082,67.18577063141582
3083,66.6152330911553
3084,65.93054866967506
3085,65.38838507272608
3086,65.1921852717538
3087,65.32352525377311
3088,65.89031541666638
3089,66.71000068058589
3090,67.7017550550667
3091,68.90645391531083
3092,70.25925645083949
3093,71.64561323931281
3094,72.92817029031372
3095,74.09637471256363
3096,74.7946986170738
3097,75.10279847861007
3098,74.9893626774137
3099,74.74771180770045
3100,74.4610068336874
3101,73.97692684959613
3102,73.31521069304772
3103,72.45537362080591
3104,71.46016737433385
3105,70.17738121980703
3106,68.93641925196341
3107,67.79187981189544
3108,66.94277336181003
3109,66.51672332028306
3110,66.50601298350577
3111,66.84992976181641
3112,67.49454165545774
3113,68.31156535171999
3114,69.08749519042343
3115,69.63582893515994
3116,69.8732867236225
3117,69.8701499849505
3118,69.59167103995361
3119,69.12240244475466
3120,68.429905140199
3121,67.37992113888096
3122,66.05503079481088
3123,64.61716498629184
3124,63.21925126750514
3125,61.93649249268201
3126,60.92478638247017
3127,60.05766251681426
3128,59.38124894547474
3129,58.87671865335588
3130,58.36359061709373
3131,57.680387050391914
3132,56.58863769707825
3133,55.34566512349271
3134,54.11011092803592
3135,53.03517877798852
3136,51.847396328715675
3137,50.554282831587194
3138,49.05737922435013
3139,47.421404992532686
3140,45.84103336105865
3141,44.39825838968671
3142,43.430013521053866
3143,43.18226686913178
3144,43.398916442346916
3145,43.936742369354874
3146,44.849915791384575
3147,46.31806382876389
3148,48.353576138715226
3149,50.797291698229984
3150,53.53658631016188
3151,56.42637001723127
3152,59.244663683045175
3153,61.82676085716732
3154,64.08861062363624
3155,66.09156356058229
3156,67.72630348416544
3157,69.25006574102538
3158,70.74599539908692
3159,72.14730371338817
3160,73.27471392984818
3161,74.13529888497854
3162,74.68801143510183
3163,75.08886710998861
3164,75.12941983270842
3165,74.51500734660752
3166,73.01322062719694
3167,70.66436349488578
3168,67.66263592729575
3169,63.904833023450344
3170,59.90481595436336
3171,56.152011768984984
3172,53.18864298743294
3173,51.021725067377695
3174,49.53916996233205
3175,48.241792659934184
3176,47.118823606667114
3177,46.22877100783937
3178,45.64366958726138
3179,45.31409621767245
3180,44.96997801228065
3181,44.82293752937114
3182,44.98871865217142
3183,45.06781758581987
3184,44.60952078001909
3185,43.65127399908498
3186,42.01507426435469
3187,40.21007202160612
3188,38.2626454378916
3189,36.63379012806581
3190,35.17487042978711
3191,33.66391928602671
3192,32.34939179095516
3193,31.13909227974157
3194,29.924092664553196
3195,28.828630120110745
3196,28.02308431942231
3197,27.320181337884545
3198,26.90236155342972
3199,27.098488935070893
3200,27.598094584246926
3201,28.330699071983965
3202,29.03421179778207
3203,29.542435163554696
3204,30.043861353584628
3205,31.023353750101297
3206,32.77619274680609
3207,35.27093348000999
3208,38.1936031752277
3209,41.51969090891866
3210,44.916555454209295
3211,48.630697679970496
3212,52.534829311796216
3213,56.604168496467025
3214,61.00318781918362
3215,65.47666131420331
3216,69.82373418511791
3217,73.6629714797911
3218,76.6711687330294
3219,78.8198068815113
3220,80.15239880497933
3221,80.89940629231691
3222,81.12866257004951
3223,80.86281273663472
3224,80.09994931206195
3225,78.88648245801144
3226,77.28729918421647
3227,75.41079647712678
3228,73.10636026591071
3229,70.43586457841013
3230,67.52252748665214
3231,64.08068515485768
3232,60.37727311685729
3233,56.43145547456146
3234,52.580439152316266
3235,49.02614997395762
3236,45.869609269555234
3237,43.56555374111261
3238,41.90995372676086
3239,40.96095344596128
3240,40.729469994761736
3241,41.240015050263096
3242,42.5468749794329
3243,44.50784671516546
3244,46.505092101729446
3245,48.30119536884015
3246,49.595613945176034
3247,50.19154151147033
3248,50.187052755965226
3249,50.18314753867579
3250,49.79040128303838
3251,49.1526394018162
3252,48.03718201695499
3253,46.80358508433127
3254,45.510100752439314
3255,44.164233783943686
3256,42.44827780634899
3257,40.628985401193326
3258,38.8305961419103
3259,37.3783788334288
3260,36.57251725208468
3261,36.44256911241399
3262,36.58998638917191
3263,36.997204757966905
3264,37.7808630758329
3265,38.89869568108715
3266,40.22830072173245
3267,41.696017450838916
3268,43.15527451397615
3269,44.659875549709874
3270,46.20317838401152
3271,48.03287373441398
3272,50.33288278535598
3273,52.90495822360079
3274,55.93216598553883
3275,59.18628483079185
3276,62.14001942262909
3277,64.77752970749941
3278,66.74296258497844
3279,67.53152766656935
3280,67.06639753953831
3281,65.40010011686799
3282,62.60054058260436
3283,58.80068087891225
3284,54.707866704018805
3285,51.06822998201419
3286,48.057160368932145
3287,45.97587504377431
3288,44.51750550383453
3289,43.272922276410966
3290,42.0930428900999
3291,40.8180773106122
3292,39.43580340566299
3293,38.0800463691208
3294,36.93877440712977
3295,35.93817861232795
3296,35.06915523257391
3297,34.47667491422414
3298,34.15631170846666
3299,34.13010351642073
3300,34.29047455044111
3301,34.7042776026818
3302,35.622150548198675
3303,36.98938912938789
3304,38.57998110967854
3305,40.36928836215563
3306,41.92598567181071
3307,43.852149467201066
3308,46.18480855874334
3309,48.7475817392874
3310,51.32083200333052
3311,53.69821185413041
3312,55.82869246237735
3313,57.74689488732086
3314,59.60452556068574
3315,61.45408506796343
3316,63.27899754833598
3317,64.90116210279015
3318,66.20820725130821
3319,67.1224491344732
3320,67.86195819924141
3321,68.4915863092936
3322,69.06378660174828
3323,69.69627334156884
3324,70.59636575035444
3325,71.58007948795128
3326,72.40139240364084
3327,72.87980329458306
3328,73.10745140319122
3329,73.07775670738928
3330,72.85805127074242
3331,72.25078945091833
3332,71.34015318854745
3333,70.29052035201234
3334,69.17200667428948
3335,67.98609419702987
3336,66.64228309928896
3337,65.02841167570602
3338,63.03498632671644
3339,60.56936565164814
3340,57.80550557119565
3341,55.6931077858844
3342,54.75980103292347
3343,55.08580257145888
3344,56.10933159468709
3345,57.091327095967394
3346,58.02579429875058
3347,58.69514770425317
3348,58.96645336456747
3349,59.11498010287201
3350,59.36966958605447
3351,59.541277655541705
3352,59.938547805037686
3353,60.640296979721754
3354,61.46115347083481
3355,62.13690479688212
3356,62.80501030174953
3357,63.54225710410035
3358,64.60967785100983
3359,66.22024210872371
3360,67.93933237483384
3361,69.34173189770758
3362,69.96124966949814
3363,70.50023013095594
3364,70.14681612849483
3365,68.79963315049984
3366,66.61609639059665
3367,63.94131905246825
3368,61.298917469528604
3369,59.38217002181082
3370,58.24410924779689
3371,57.8804785425087
3372,58.40607465029154
3373,59.55228178964987
3374,61.01243680230762
3375,62.393981835638584
3376,63.320165562830674
3377,64.19961119028565
3378,64.56349018059456
3379,64.4986728325033
3380,64.28873783970707
3381,64.60630986780194
3382,65.38028664318179
3383,65.8410361437082
3384,66.29244221219524
3385,66.47345268345215
3386,66.31857647253467
3387,65.75172559573268
3388,64.5385806204754
3389,62.87355115368993
3390,60.9918604209501
3391,59.21429921397867
3392,57.558282282671854
3393,55.9378350839556
3394,54.29565189728543
3395,52.58346689956687
3396,50.81939673263836
3397,48.96586000408758
3398,47.25441933487232
3399,45.92949443856391
3400,45.002125466608575
3401,44.21151001178028
3402,43.50045384141934
3403,42.80839090771147
3404,42.27295559010237
3405,41.736980885421715
3406,41.254251172867065
3407,40.897315961425505
3408,40.635712559367576
3409,40.42299955770129
3410,40.15748907621707
3411,39.81921235039559
3412,39.54897066607713
3413,39.50198670894606
3414,39.85344404111706
3415,40.36895030073692
3416,41.16496828552533
3417,42.530708837138484
3418,44.186411836846474
3419,45.96207349969338
3420,47.50689914637019
3421,49.27900076303101
3422,51.23629111441225
3423,53.23911823598673
3424,55.19210727698274
3425,56.9439280151153
3426,58.807113341872125
3427,61.035781522380894
3428,63.80512443827096
3429,66.80791118464532
3430,69.87822588460068
3431,72.58936959594357
3432,74.863854370817
3433,76.9304649896601
3434,78.9150648257915
3435,80.4107685233215
3436,81.46467117526066
3437,82.01265428116004
3438,81.96843685831139
3439,81.65487894906725
3440,81.36782196557004
3441,81.47071766561824
3442,81.89976799246797
3443,82.44229200848514
3444,83.23369520906382
3445,84.02436028026364
3446,84.68118048844883
3447,85.10381112106792
3448,85.24584167601336
3449,85.11258375285078
3450,84.76472491029739
3451,84.22817227943554
3452,83.48746390021189
3453,82.57670290311023
3454,81.50162051412359
3455,80.36066154917654
3456,79.55814665999517
3457,79.25467003929278
3458,79.34488815690102
3459,79.85820533894832
3460,80.43754721927614
3461,81.0339184601422
3462,81.4396184178652
3463,81.51676957756922
3464,81.28307805564054
3465,80.9793601825339
3466,80.48480164666519
3467,79.89982319634261
3468,79.26441267873541
3469,78.77018500019877
3470,78.4116503918574
3471,78.50482944984162
3472,78.7733590048509
3473,78.96180083729428
3474,79.04105142200751
3475,79.03987727349327
3476,78.68505468816818
3477,78.37635903893535
3478,77.64036743804365
3479,76.54601458359433
3480,75.43572089130164
3481,74.25184922882666
3482,73.24276602557302
3483,72.24957111412165
3484,71.18073841425958
3485,69.74216101291911
3486,68.1223728389138
3487,66.41978461502877
3488,64.77845875239811
3489,63.41755914598146
3490,62.31491297631358
3491,61.30707095009405
3492,60.36815612564216
3493,59.374143517491774
3494,58.402133015704244
3495,57.41885520261174
3496,56.5268685131112
3497,55.89110928162883
3498,55.58745104103009
3499,55.52369256605837
3500,55.646690833085096
3501,55.98943404014007
3502,56.76199595178584
3503,57.807036297948144
3504,59.064764670195416
3505,60.28079942674289
3506,61.11772620618305
3507,61.02691013126271
3508,59.774105541782575
3509,57.304415725584356
3510,53.632896035116616
3511,49.05459929579742
3512,44.16694848937295
3513,39.94072385382164
3514,36.59146879029856
3515,34.61230524155727
3516,33.43055687981434
3517,32.61747891645099
3518,32.173190307343866
3519,32.43289653529369
3520,33.47554056345387
3521,35.24261136678234
3522,37.45949866860918
3523,39.55539318385108
3524,41.666765953212476
3525,43.98435812574548
3526,46.19145430553374
3527,48.262706469376184
3528,50.49556390637686
3529,52.5080751210898
3530,54.19135307904112
3531,55.51099932801376
3532,56.55101635838605
3533,57.414814081610096
3534,58.16631810081502
3535,58.83200171638982
3536,59.28242489887515
3537,59.524850947607206
3538,59.639234892208826
3539,59.6581982244527
3540,59.907473270815416
3541,60.21933068633646
3542,60.779520648789436
3543,61.39777093160349
3544,61.88930002716756
3545,61.97442227209994
3546,61.386572858238594
3547,60.18448919910036
3548,58.724511984396386
3549,57.333333080417844
3550,55.58880993837212
3551,53.57850302699174
3552,51.49329777875792
3553,49.276412490653875
3554,47.115168568551965
3555,45.000102441582094
3556,42.748955504533505
3557,40.44227375515405
3558,38.151528012263235
3559,36.10612161077072
3560,34.21870278822675
3561,32.76056743021408
3562,31.63087019948466
3563,31.178581418347825
3564,32.04337271102968
3565,34.05199383930908
3566,37.50869784339791
3567,42.307356172409875
3568,48.02010520280464
3569,53.95276359647083
3570,59.46790689946343
3571,64.19624987838037
3572,68.25791466733777
3573,71.51743068782005
3574,74.02493598451966
3575,75.85631395056126
3576,77.1270563890469
3577,78.10700704890652
3578,78.65797588857869
3579,78.9026385373123
3580,78.79063884101323
3581,78.3220703127282
3582,77.62934370035956
3583,76.62934125293337
3584,75.16801339981356
3585,73.38282313343683
3586,71.27565750054082
3587,69.11882819718895
3588,67.09029963736594
3589,65.52587721489427
3590,64.30160442883138
3591,63.23648710495667
3592,62.4643783202129
3593,61.87503177341763
3594,61.38871489532467
3595,60.85893682940554
3596,60.17854615488008
3597,59.37401544297872
3598,58.493335524645566
3599,57.537372079542024
3600,56.524913302021965
3601,55.478617344803006
3602,54.26903652565068
3603,53.046612614205515
3604,51.727861824605505
3605,50.39090108944624
3606,49.06062259988371
3607,47.75486172396359
3608,46.38570712383017
3609,44.92244826003298
3610,43.234399322366585
3611,41.566736536683976
3612,40.03719238029269
3613,38.6716213986786
3614,37.50349651795561
3615,36.530987340476216
3616,35.60900670094111
3617,34.8924676135395
3618,34.580225990933364
3619,34.78817886234348
3620,35.41410416426508
3621,36.48709586181825
3622,37.94284133925372
3623,39.808037470423244
3624,42.060280312635484
3625,44.64701186336663
3626,47.47152042902498
3627,50.13660804752372
3628,52.29725767727878
3629,54.0677502114812
3630,55.44984723646374
3631,56.66587888709324
3632,57.66281389290197
3633,58.43953231125072
3634,58.65727826206654
3635,58.45765004218797
3636,58.14413131119519
3637,57.974231428719484
3638,58.210157484364906
3639,58.71544623010119
3640,59.51262979408765
3641,60.62684255554701
3642,61.78801255645149
3643,62.82511083936099
3644,64.12405483989562
3645,65.47200444524842
3646,66.897036482494
3647,68.1362769882349
3648,69.21441622822948
3649,69.85658537512056
3650,69.67731476197544
3651,68.84083601599056
3652,67.79160117173062
3653,66.86452517806113
3654,66.29840343078742
3655,66.24016200940562
3656,66.56125401082696
3657,67.07550494416338
3658,67.24757535746501
3659,66.64576877454518
3660,65.57349578343218
3661,64.35672932137261
3662,63.39825925932103
3663,62.95223028418843
3664,62.85082667205203
3665,62.91439373551289
3666,62.97036931571606
3667,62.8222668650054
3668,62.68952984703715
3669,62.62207088883684
3670,62.79273536990641
3671,63.45101020513168
3672,64.5038858929609
3673,65.8908328166705
3674,67.43924322132699
3675,68.97049378370956
3676,70.28717719882064
3677,71.2536515527897
3678,71.74140000915139
3679,71.8530756693502
3680,71.61368727114592
3681,71.00939638119233
3682,70.1055415565908
3683,69.07409941621009
3684,68.09915719512375
3685,67.12120742014712
3686,66.06890506173097
3687,65.19959835679526
3688,64.6274262132397
3689,64.65581752644418
3690,65.38053242127269
3691,66.63376146956003
3692,68.53064365731342
3693,70.91923898184571
3694,73.70299684774973
3695,76.09183708103217
3696,77.97663978404793
3697,79.17988218944947
3698,79.74120785151038
3699,79.83229629192861
3700,79.58063450027078
3701,79.11406727549087
3702,78.87948875542635
3703,78.8462767455218
3704,78.9418293178135
3705,79.02496005570728
3706,79.3969103688351
3707,79.9895524719675
3708,80.63845030871877
3709,81.24049861583259
3710,81.87829269431683
3711,82.57304423169546
3712,82.98782583761655
3713,82.96869918274705
3714,82.62902513729186
3715,81.99406381671093
3716,81.19317982133148
3717,80.08547310144844
3718,78.64659772952602
3719,76.5981576236938
3720,74.09415507344218
3721,71.39212052029134
3722,68.45738248292507
3723,65.29953870856004
3724,61.947272277912326
3725,58.20800706574516
3726,53.90130340289917
3727,49.286454151805984
3728,44.55028558232126
3729,40.28149403218576
3730,36.573022216756904
3731,33.48078964929171
3732,30.993163970488833
3733,28.890766685421653
3734,27.264085904417463
3735,26.38178545424754
3736,26.24898689476299
3737,26.88774160534645
3738,28.1789545191353
3739,30.074288678770742
3740,32.57863032231591
3741,35.38125073912565
3742,38.21882911507979
3743,40.95749882620956
3744,43.60486652943201
3745,46.33245055923273
3746,49.319586351886834
3747,52.51305937615963
3748,55.53125525990778
3749,58.11410271943835
3750,59.93917987270106
3751,60.884991880500266
3752,61.3155299048331
3753,61.41519699931139
3754,61.21741147962105
3755,60.75217224037552
3756,59.728531592448505
3757,58.156879500162674
3758,56.37365050999442
3759,54.66672976723861
3760,53.34661503388302
3761,52.726887115244764
3762,52.18772382602948
3763,52.18457492900517
3764,52.41663699130966
3765,52.789665102056205
3766,53.40043963806719
3767,54.41965389295702
3768,55.9373496177275
3769,57.86582787444338
3770,59.8812928568649
3771,61.8692087237687
3772,63.76473776116842
3773,65.3424850363593
3774,66.3992322884979
3775,67.42986154364229
3776,68.66220681865754
3777,69.98349415449482
3778,71.4117610917597
3779,72.71336935973952
3780,73.64624555534331
3781,74.18287090364976
3782,74.4219642496477
3783,74.05832697045588
3784,73.14745699584768
3785,71.76414829021587
3786,69.84858386240928
3787,67.84963873812114
3788,65.84901017741943
3789,64.13864058167698
3790,62.57023420976028
3791,61.2071092470823
3792,59.69768273652838
3793,57.96626431062233
3794,55.965743947740776
3795,53.74926311668683
3796,51.32388804818264
3797,48.92330792883382
3798,46.601141514703244
3799,44.25072304980092
3800,41.99118746408209
3801,39.89228652958529
3802,37.89970306388496
3803,35.900063513681886
3804,33.9401781228147
3805,31.841841313191082
3806,29.865530887668232
3807,28.22130399779694
3808,27.01041455936582
3809,26.21362212716573
3810,25.614260627968026
3811,24.909352229983565
3812,24.181975962019493
3813,23.347721163619223
3814,22.447163075205605
3815,21.771178292112836
3816,21.179253477530388
3817,20.689164453159975
3818,20.30979426896644
3819,19.97974220871806
3820,19.59449512688932
3821,19.22377697058899
3822,18.506284343395212
3823,17.731720660065093
3824,16.855929437478803
3825,15.947405611903616
3826,15.15956577311199
3827,14.288894287403828
3828,13.371172782747232
3829,12.484604273300684
3830,11.832894487485087
3831,11.473901628094117
3832,11.329737945272484
3833,11.23886736596695
3834,11.300124903683598
3835,11.737924647070493
3836,12.617980592174597
3837,13.912373105612506
3838,15.607635828892874
3839,17.285362947981532
3840,18.64002995240681
3841,19.675822528484538
3842,20.593328104133157
3843,21.45527229676464
3844,22.10515820275849
3845,22.364538341519953
3846,22.34284289699242
3847,22.089632649779343
3848,21.883717747387635
3849,21.836864038389646
3850,22.059373869013925
3851,22.495546920271288
3852,23.10882271695597
3853,23.91472577223749
3854,24.788459762876485
3855,25.860236261581427
3856,26.999276293747023
3857,28.29226565394442
3858,29.701363171666475
3859,30.824171720685086
3860,31.59540025028366
3861,31.69026847499144
3862,31.305339086417256
3863,30.817236263596705
3864,30.46900592965077
3865,30.594758243898248
3866,31.055509173802868
3867,31.7657621352409
3868,32.54338709736989
3869,33.10547943639504
3870,33.35780304226146
3871,33.56136865657416
3872,33.73086315129206
3873,33.99204101673626
3874,34.104270751264494
3875,34.35409122321107
3876,34.5714350338046
3877,35.03036572163468
3878,35.651579348301624
3879,36.539666305161155
3880,37.53159175237798
3881,38.50354556156385
3882,39.33532078735857
3883,40.01280436063245
3884,40.71619195942037
3885,41.42167046797694
3886,42.24748547799467
3887,43.19990528793436
3888,44.1723413926922
3889,44.94503854772064
3890,45.68459944417566
3891,46.3683839531797
3892,46.895228787042434
3893,47.45926596118271
3894,48.24411316516293
3895,49.33381333045109
3896,50.727396139285005
3897,52.31085363157058
3898,54.067895712074574
3899,55.811313425051004
3900,57.377418804855374
3901,58.66638592975937
3902,59.85050546609308
3903,60.85617443800633
3904,61.767313444165346
3905,62.49523604731588
3906,63.01039291348456
3907,63.37710147151687
3908,63.57136029235704
3909,63.62220049118656
3910,63.538489431964905
3911,63.429219084788336
3912,63.226108195925505
3913,62.697873716259224
3914,61.871749845081254
3915,60.966350232143164
3916,59.92854219758493
3917,58.845468949381704
3918,58.04026501713277
3919,57.61987167843827
3920,57.73517730930355
3921,58.446300082684026
3922,59.60537895181791
3923,61.04100218190091
3924,62.73241816853596
3925,64.33399522975068
3926,65.76896849053051
3927,67.07828614960036
3928,68.42699745611795
3929,69.63970646565357
3930,70.79593534636217
3931,71.88286192651022
3932,72.81731366655033
3933,73.63028668038524
3934,74.46498830630806
3935,75.46098616065709
3936,76.71222855435683
3937,77.99868663654848
3938,79.20258101198725
3939,80.34195773297206
3940,81.18785016824715
3941,81.8309557615791
3942,82.27661605653597
3943,82.59758691500527
3944,82.8299909071212
3945,82.7486078798982
3946,82.25003626225995
3947,81.44792997467438
3948,80.50721411837279
3949,79.52611359760367
3950,78.69844887916727
3951,77.9570734593245
3952,77.31651851917928
3953,76.91946259004642
3954,76.89339737778461
3955,77.11271862321809
3956,77.53798582945113
3957,78.01324811072536
3958,78.34628611814554
3959,78.7369923393588
3960,79.1793334500724
3961,79.5879652043568
3962,79.73391333877997
3963,79.61529414407977
3964,79.1207535661784
3965,78.326951983029
3966,77.23524700647593
3967,75.92816555424687
3968,74.63016505130899
3969,73.69910471775715
3970,73.56194023227862
3971,74.11477904732116
3972,74.88710324077474
3973,75.21028695045018
3974,74.63053476180053
3975,73.20191243951406
3976,71.19676081078
3977,69.05863550008687
3978,67.07229009919475
3979,65.37065591004401
3980,63.764749238498084
3981,62.03312829976041
3982,60.21542257807776
3983,58.37059070030545
3984,56.70947208963853
3985,55.31986841235047
3986,54.314573510524866
3987,53.6671156463219
3988,53.258991851948146
3989,53.082842045972
3990,52.929591714772755
3991,52.96337044501242
3992,53.08415139365586
3993,53.516909244788295
3994,53.97922366774728
3995,54.29404142896949
3996,54.09170274434426
3997,53.33842408784317
3998,52.170254379256995
3999,50.53534099431809
4000,48.81746164754022
4001,47.04705571001326
4002,45.523632017941075
4003,44.314013135180296
4004,43.15395489618753
4005,41.99637099049184
4006,40.74660254380792
4007,39.54530150178016
4008,38.50450720690203
4009,38.00351854876274
4010,38.31133528216731
4011,39.378099741076625
4012,40.74102146089821
4013,42.250965111464716
4014,43.62795404707168
4015,44.88518475226871
4016,45.88377887249895
4017,46.72481809753594
4018,47.39870840327588
4019,48.217999407613775
4020,49.25416189417005
4021,50.58603268829538
4022,52.110078638526495
4023,53.820318074100214
4024,55.669600218976946
4025,57.39757854757262
4026,58.94355842438769
4027,60.09744705002046
4028,61.06407269067245
4029,61.951967919952104
4030,62.87374107547396
4031,63.70152797150557
4032,64.35022472086784
4033,64.75696003220872
4034,64.81489155297592
4035,64.67478181175903
4036,64.4754756682548
4037,64.42973467166892
4038,64.64815420842774
4039,64.9170615627607
4040,65.4063706268949
4041,65.90163806857814
4042,66.21239537443535
4043,66.49726652975593
4044,66.5998169754172
4045,66.51760325966849
4046,66.29692714264164
4047,66.10493892082827
4048,65.73043609363619
4049,65.33646290035338
4050,64.8201721522922
4051,64.13878172014405
4052,63.5212620909305
4053,63.02753350625512
4054,62.53905507576671
4055,62.115903691504364
4056,61.59666719359068
4057,60.92967076704497
4058,59.859726311827146
4059,59.04393175195498
4060,58.44581506743177
4061,58.086016966050025
4062,57.987220757613706
4063,57.964218802175004
4064,57.877710596345636
4065,57.7685367531139
4066,57.884725105291864
4067,58.204273819461775
4068,58.66206725692085
4069,59.10145947713111
4070,59.42522131892199
4071,59.37058497828284
4072,58.60700808206903
4073,57.13370688148214
4074,55.12110455161348
4075,52.9575019184187
4076,50.78569698026111
4077,48.71224792481233
4078,46.716722520448975
4079,44.7614331941025
4080,42.79538241812038
4081,40.82924330371206
4082,38.97658354747245
4083,37.24144940451259
4084,35.70256571018743
4085,34.44668774341714
4086,33.39855235339464
4087,32.341423557504314
4088,31.216633328729415
4089,29.937092128666702
4090,28.491532304035953
4091,27.06601792455574
4092,25.616188829992378
4093,24.15558054165259
4094,22.72249046219499
4095,21.52300186241416
4096,20.63760264696017
4097,20.168743783468003
4098,19.84079190545254
4099,19.51539193222723
4100,19.075814535630574
4101,18.458274290339304
4102,17.72578004643727
4103,16.9955432199326
4104,16.36023718087354
4105,15.914684505233248
4106,15.549560918441326
4107,15.294084979029678
4108,15.115783554289077
4109,15.023185868517096
4110,15.162044589619052
4111,15.427039262861962
4112,15.838388103491763
4113,16.316686887627462
4114,16.95403302271394
4115,17.804942197156848
4116,18.901792789857353
4117,20.16131849430293
4118,21.6569069056346
4119,23.21933386261919
4120,24.822831098660938
4121,26.656662811559446
4122,28.694986345743317
4123,30.785021337117694
4124,32.7914125257061
4125,34.74742800229876
4126,36.52522051328637
4127,38.14951501739303
4128,39.72607337066522
4129,41.343065541919195
4130,42.99910174280822
4131,44.56095338683772
4132,45.99142971984704
4133,47.008967197534304
4134,47.37430172175732
4135,47.08401761974696
4136,45.959866938801284
4137,44.375124967944515
4138,42.155073647670136
4139,39.723359261749664
4140,37.1476206771359
4141,34.69712216818723
4142,32.52719117251318
4143,30.443102935003314
4144,28.874340254416687
4145,28.08157788566408
4146,27.942605860339345
4147,28.26195940093333
4148,28.623487587317513
4149,29.143370181591038
4150,29.943373391413378
4151,31.19464489007908
4152,32.91039712910907
4153,34.907396141424414
4154,36.95764858866282
4155,38.97206088409037
4156,40.70400467760194
4157,42.01788926572206
4158,43.040645977268646
4159,43.72127428662145
4160,44.06820214409836
4161,44.37002938010326
4162,44.17003031571843
4163,43.41819074226325
4164,42.10267632373265
4165,40.27313875289465
4166,38.26683871170691
4167,36.16235578103183
4168,34.101393679578926
4169,32.03073776729711
4170,29.88826434898562
4171,28.10211265907845
4172,26.98536835618529
4173,26.448592567095258
4174,26.100780579844887
4175,25.896130223107846
4176,25.64946365320052
4177,25.523799902208665
4178,25.82710121787827
4179,26.47352415920053
4180,27.366113699493383
4181,28.65666326672962
4182,30.080957616519353
4183,31.6766222153326
4184,33.64054867232827
4185,35.61096973768223
4186,37.55958351456725
4187,39.35849997114041
4188,40.922055900343224
4189,42.39112832382791
4190,44.05414156577066
4191,45.967813234713816
4192,48.460961324709075
4193,51.453452768610696
4194,54.86461579409007
4195,58.554455413458854
4196,62.3710794712286
4197,66.19235062835929
4198,70.00148610533242
4199,73.45580445723392
4200,76.33659929391294
4201,78.56573423250978
4202,79.94333145322267
4203,80.78633447317348
4204,81.3682585439591
4205,81.71284458587252
4206,81.68777951127639
4207,81.05505345583154
4208,79.73374841151193
4209,78.12591195920021
4210,76.53468002605157
4211,75.16487330031813
4212,73.86697509830805
4213,72.54704553925058
4214,71.26326510690411
4215,69.75291190867864
4216,68.18014285798887
4217,66.37526382253583
4218,64.80501906169168
4219,63.085720603840414
4220,61.54688392317753
4221,60.352081801940834
4222,59.33052173275599
4223,58.27174475472404
4224,57.13027664868242
4225,56.01438898646808
4226,55.32451938140845
4227,54.86446972957029
4228,54.45664619853247
4229,53.88297560240101
4230,53.1153130709014
4231,52.395727597197386
4232,51.94508390246867
4233,51.89041390933321
4234,52.114903152827075
4235,52.21141650514487
4236,51.9036960705075
4237,51.09364639587065
4238,50.07759261205571
4239,48.923410293563485
4240,47.93117789284173
4241,47.04617707164044
4242,46.183358319949505
4243,45.22393969708971
4244,43.953620258198214
4245,42.585206911297085
4246,41.32015169260958
4247,40.38162869353882
4248,39.851167495158194
4249,39.97997863017385
4250,40.603155681292264
4251,41.62034064968124
4252,43.028175405875956
4253,44.821519464236715
4254,47.137984623702614
4255,49.940250871531504
4256,52.95846151936384
4257,56.16171837336792
4258,58.99713312783241
4259,61.28673799656255
4260,62.83858470864822
4261,63.550112955058495
4262,63.542495873408285
4263,62.965170603215235
4264,61.95871452436003
4265,60.88392617127034
4266,59.79025089621816
4267,58.82237263445552
4268,57.76593954951467
4269,56.59940554601107
4270,55.50476573416869
4271,54.5454404176041
4272,53.74368260195714
4273,53.00830336869122
4274,52.28694714961966
4275,51.6593672390274
4276,51.26735637428824
4277,50.822111546152364
4278,50.432636010743344
4279,49.98579192476219
4280,49.63042326807917
4281,49.460504952158004
4282,49.39700386854386
4283,49.47647256508555
4284,49.86631806160404
4285,50.57668487706606
4286,51.422755471235895
4287,52.14131766835137
4288,52.72300747678415
4289,52.99411383574245
4290,52.78516923894413
4291,52.52543054539104
4292,52.236278557019276
4293,51.980931377111496
4294,51.87107766066095
4295,51.79715380299754
4296,52.05828044216987
4297,52.58598223265685
4298,53.23651285439606
4299,53.86732490259919
4300,54.18348849370527
4301,53.94923813478431
4302,53.21949162241157
4303,52.207131150906996
4304,51.478265556679034
4305,51.273181625976974
4306,51.6780298076323
4307,52.65237283007165
4308,54.12023222389185
4309,56.05415268139952
4310,58.263162953702434
4311,60.59108181912573
4312,63.02835322533833
4313,65.33537200286545
4314,67.53726545425619
4315,69.57239397123644
4316,71.29728694316226
4317,73.0022007911269
4318,74.64605938679931
4319,76.20074978156507
4320,77.66403984143003
4321,78.88794386454252
4322,79.69077476780357
4323,80.24664304389717
4324,80.78168045665883
4325,81.43238048830688
4326,82.17742780397118
4327,83.0199313952481
4328,83.9529460999231
4329,84.88765353197498
4330,85.96300168129147
4331,87.18987111607521
4332,88.25724752433706
4333,89.33791034292575
4334,90.00441251982198
4335,90.02901705572965
4336,89.69911195400663
4337,89.0610144629559
4338,88.28206955689252
4339,87.33373513379375
4340,86.3093490257666
4341,85.21233352505851
4342,84.31517419263744
4343,83.67210524591971
4344,83.30528490995036
4345,82.99329380231543
4346,82.33042151834097
4347,81.17080377127009
4348,79.5116982421336
4349,77.52877363206414
4350,75.29395672471703
4351,73.00870137780083
4352,70.87679614003892
4353,68.80563782054934
4354,66.76770059419731
4355,64.44635472111771
4356,61.77942088153423
4357,58.90553503079322
4358,55.913214112042006
4359,52.68744387828404
4360,49.44391706523745
4361,46.40877992614891
4362,43.682948014041656
4363,41.334752426530585
4364,39.318440435095845
4365,37.58578911199205
4366,36.10224643980753
4367,34.844812567364016
4368,33.89493916530212
4369,33.4116045509452
4370,33.532600671025804
4371,34.317833232849274
4372,35.72907580867896
4373,37.63775944923868
4374,39.70828562355332
4375,41.877086761656805
4376,44.05118862449463
4377,46.35256044236909
4378,48.69180330852284
4379,50.94886752300174
4380,52.981434819799446
4381,54.98811129765699
4382,57.007290153705476
4383,59.128998462613346
4384,61.38587215285893
4385,63.75430171714403
4386,66.06259920894558
4387,68.23337387238948
4388,70.39567594004066
4389,72.27687873889718
4390,74.27918649869144
4391,76.25404497443371
4392,78.04373567231826
4393,79.67301119906236
4394,80.93125470449056
4395,81.86202977861686
4396,82.30274403824652
4397,82.28481565857545
4398,81.89912991420825
4399,81.22676110776204
4400,80.46487216849519
4401,79.77185150969223
4402,79.34569391628567
4403,79.18257858998669
4404,79.52099497340633
4405,80.36255553666086
4406,81.66217290436228
4407,83.1226413479206
4408,84.5550715988351
4409,86.09224774103333
4410,87.60913417955676
4411,89.04706402905342
4412,90.43841203356821
4413,91.64343590023462
4414,92.61253482472941
4415,93.36768749264182
4416,93.88831120701805
4417,94.2935785087408
4418,94.3030830567528
4419,93.97218478135642
4420,92.97542450107
4421,91.49790268223228
4422,89.482779686624
4423,86.91162063278776
4424,84.37830458467167
4425,82.01052804587141
4426,79.64545449360332
4427,77.61437811909019
4428,76.10435471826311
4429,75.1491748045716
4430,74.89136955001815
4431,74.93376869831528
4432,75.26826173586159
4433,75.43437160332353
4434,75.51342778031507
4435,75.3550448222061
4436,74.45707575956985
4437,72.73226815485668
4438,70.28195150805874
4439,67.4820281478502
4440,64.59552642383949
4441,62.0231443406188
4442,60.0935465748435
4443,58.78977888188566
4444,58.30990951501401
4445,58.32412613242031
4446,58.33649458956379
4447,58.385813875772584
4448,58.5261175976158
4449,59.30403844468562
4450,60.60555466130137
4451,62.09921172886059
4452,63.70522259357698
4453,65.29628360773529
4454,66.85023186873501
4455,68.57983801875474
4456,70.0121667795164
4457,71.2403084219493
4458,72.03822143683266
4459,71.98783912655472
4460,70.89669741829947
4461,69.02632922681713
4462,66.86077606868747
4463,64.44308379596156
4464,62.04917908607304
4465,59.976822564438265
4466,58.45374163190035
4467,57.41289447841942
4468,56.72241566353097
4469,56.21064219262994
4470,55.95273846876164
4471,55.8681037771311
4472,55.96553524329325
4473,56.22762970575612
4474,56.48560671134692
4475,56.59395556194479
4476,56.34619137404502
4477,55.751039513129946
4478,54.80851596065375
4479,53.58923399506837
4480,52.09052057209063
4481,50.37833423063973
4482,48.58525787668415
4483,46.75559677461875
4484,44.78537309794409
4485,42.270676763713695
4486,39.42554688393271
4487,36.48473730475773
4488,33.630327691004744
4489,31.126787455115693
4490,28.909478563467932
4491,27.002352058076614
4492,25.495773099008368
4493,24.289316807479644
4494,23.633370304913754
4495,23.463543799767507
4496,23.204933241320514
4497,22.741628181559964
4498,22.288996331426237
4499,21.971450340642093
4500,22.008215278484958
4501,22.584735249950185
4502,23.356376224107397
4503,24.027703871624173
4504,24.90316901833527
4505,25.7727022036843
4506,26.55665408926987
4507,27.329630406391445
4508,27.731794905143584
4509,27.709956107143714
4510,27.3838058474756
4511,26.72814567657135
4512,25.956545987216586
4513,25.34361097610929
4514,24.715749595274186
4515,24.242742470786148
4516,24.147563190105664
4517,24.508369867640003
4518,25.337087487439852
4519,26.460441313988785
4520,27.545928467226275
4521,28.818598289592074
4522,30.001789443182666
4523,31.08285262165714
4524,32.24105795801138
4525,33.35320084076262
4526,34.52756152675873
4527,35.84103605463151
4528,37.34730406835124
4529,38.828899856339895
4530,39.944636044988066
4531,40.78153013567207
4532,41.15451835416768
4533,41.26965254943246
4534,41.26551088723898
4535,41.19556135000933
4536,41.08811645080947
4537,40.90758055697747
4538,40.82035226946921
4539,40.715169677205786
4540,40.48580983732884
4541,39.78132889336295
4542,38.24196757484994
4543,36.036217201310315
4544,33.46171191142376
4545,30.976284553871636
4546,29.20830350008214
4547,28.202450743809493
4548,27.944845044719905
4549,28.330013934667086
4550,29.1647549861909
4551,30.42036684615357
4552,31.928509196804487
4553,33.76313235986511
4554,35.55480658431462
4555,37.08296717475802
4556,38.469158241304356
4557,39.753161351547064
4558,40.94403362893635
4559,42.285628659259714
4560,43.45281633564103
4561,44.74291400180812
4562,45.928250901616664
4563,46.71645513928537
4564,47.01218724835276
4565,46.6356852169057
4566,46.05212405842669
4567,45.59887786762516
4568,45.28497045361702
4569,45.0224282123924
4570,45.02156891390253
4571,45.5184000843277
4572,46.46437204553138
4573,47.65972402978869
4574,49.05472843514584
4575,50.63137902177325
4576,52.492988305336794
4577,54.44495920805278
4578,56.46571580217547
4579,58.47884911337711
4580,60.23501734699701
4581,61.64288024368341
4582,62.914992234536385
4583,64.1721655864477
4584,65.32601597797483
4585,66.40675438933795
4586,67.32574688263337
4587,68.15699635915679
4588,68.87886075685486
4589,69.1247654027104
4590,68.5950151503324
4591,67.1237093454039
4592,64.56759629643167
4593,61.079221270110075
4594,56.81721565996669
4595,52.10069939368101
4596,47.40548504903243
4597,43.14434414622413
4598,39.470165991832076
4599,36.528905050535705
4600,34.31562098740272
4601,32.655364548183385
4602,31.390966116438154
4603,30.27139696371839
4604,29.189046327818588
4605,28.15189277861129
4606,27.27989288391276
4607,26.69602302417425
4608,26.482882150589948
4609,26.580195606186727
4610,26.90552193624564
4611,27.484025767002088
4612,28.148290184093142
4613,28.756486381303773
4614,29.30390337492239
4615,29.82517268206479
4616,30.324663140695712
4617,30.759219839704613
4618,31.237769560325575
4619,31.793534440067532
4620,32.331504536207945
4621,32.63617924337675
4622,32.54028628391861
4623,32.07173613683642
4624,31.367305069472902
4625,30.55333411375274
4626,29.76658569878169
4627,29.037779346153457
4628,28.284957720178355
4629,27.476103227335823
4630,26.55863888185124
4631,25.413916219895157
4632,24.249174184437525
4633,23.164480256144973
4634,22.26209402200838
4635,21.661911199217112
4636,21.269319403506515
4637,21.035435593402614
4638,20.863975693696894
4639,20.601616766664833
4640,20.330479527584693
4641,20.174355694551096
4642,20.030142072392447
4643,19.772003579633132
4644,19.30199242284978
4645,18.59388168845839
4646,18.315576349504948
4647,19.128807176159462
4648,21.370220511359783
4649,25.192041289390687
4650,30.350411524269497
4651,36.68169918671371
4652,43.62317161405241
4653,50.2125187649818
4654,55.63637866818064
4655,59.376252641165756
4656,61.40773327126516
4657,61.79670201267991
4658,60.65416284653418
4659,58.08099658395102
4660,54.88094269931524
4661,51.40932898758429
4662,48.26196506411171
4663,45.43407355590794
4664,42.74776877323752
4665,40.04834598586004
4666,37.63910397989254
4667,35.651932749292236
4668,33.94713571033817
4669,32.70132049671874
4670,31.885704842911956
4671,31.336239276279418
4672,30.98544494167583
4673,30.68298506234614
4674,30.41984496732931
4675,29.91401301807747
4676,29.252935758177024
4677,28.31787143010681
4678,27.313500336805372
4679,26.38651660840587
4680,25.61576897887559
4681,25.264406399900295
4682,25.251600918170425
4683,25.142979746098053
4684,24.679561397098503
4685,24.00216343089255
4686,23.672984140029644
4687,24.074868624937036
4688,25.123670839877033
4689,26.742196140917656
4690,28.39107574376237
4691,29.394630649117794
4692,29.998380501501757
4693,30.830093898152533
4694,31.962209835395104
4695,34.12109716910358
4696,37.14543860324305
4697,41.08743186208997
4698,45.65407118735831
4699,50.746435939149684
4700,55.916029436779624
4701,61.072436859300254
4702,65.97842316712783
4703,70.09143909430824
4704,72.7454084320903
4705,73.89443071878182
4706,73.5008813021252
4707,71.72555658769112
4708,68.6508031481198
4709,64.90151397889306
4710,61.01285964628677
4711,57.43474145576505
4712,54.438757837013455
4713,52.149644759091615
4714,50.51081810678441
4715,49.36942495278366
4716,48.774885485338466
4717,48.310582795258846
4718,47.81073159152545
4719,47.279162834316026
4720,46.688017846442904
4721,46.09198002288099
4722,45.52371066163616
4723,45.20220933626967
4724,45.2872337603145
4725,45.8144025670505
4726,46.63408040392191
4727,47.74682465512655
4728,49.02391660428957
4729,50.266396712353
4730,51.3470789520116
4731,52.28727250051459
4732,53.055953203352324
4733,53.82574367911609
4734,54.572890905334496
4735,55.37185461738633
4736,56.305728577586834
4737,57.331091180198996
4738,58.42969950029881
4739,59.68557889536781
4740,60.87404513737471
4741,62.0331109174047
4742,63.16867717240605
4743,64.1177908260649
4744,64.78065267701473
4745,65.13388777232059
4746,65.24405617641256
4747,65.00932730172713
4748,64.45000766844942
4749,63.722539112955445
4750,62.92736981758777
4751,62.03862072673086
4752,61.37325888107774
4753,60.88385813156869
4754,60.72940440975032
4755,60.79333880849379
4756,60.96114399098896
4757,61.16489083169533
4758,61.35916590873511
4759,61.5915071198389
4760,61.69919760705798
4761,61.46566650317266
4762,60.76091951891171
4763,59.61458093805213
4764,58.064394253441534
4765,56.09268229005428
4766,54.00157300357024
4767,51.990015684927386
4768,50.28120597233689
4769,48.874903079112954
4770,47.78434863753475
4771,46.90101363340662
4772,46.1475292069331
4773,45.26508118996174
4774,44.11438874064025
4775,42.56976449978917
4776,40.818426824856076
4777,39.07673839030326
4778,37.48657668138401
4779,35.97862391293305
4780,34.705057584777464
4781,33.93499453854904
4782,33.771319168400915
4783,34.034472687054524
4784,34.70304417861665
4785,35.481418541259046
4786,36.20126584386692
4787,36.60867974258403
4788,36.963129834467914
4789,37.13004538538499
4790,37.27613013114713
4791,37.54039439291023
4792,37.97880551911228
4793,38.41132704969689
4794,38.99332340998595
4795,39.671741843177934
4796,40.6965002155766
4797,41.6950187084872
4798,42.33671196783234
4799,42.61550659892936
4800,42.706521018265065
4801,42.877461878620934
4802,43.14382814006987
4803,43.440090407748286
4804,43.73282371274824
4805,43.867596733910446
4806,43.958803266880864
4807,43.8727551445515
4808,43.45179751982266
4809,42.67660189380679
4810,41.795497558589126
4811,40.882991818243354
4812,40.02389808258215
4813,39.255655623014256
4814,38.685553733933716
4815,38.437809984149006
4816,38.58657846762144
4817,39.03524118795931
4818,39.74628779523517
4819,40.644885736220516
4820,41.690798614014426
4821,42.86607786218435
4822,44.15493047242716
4823,45.44085357793522
4824,46.61353637160215
4825,47.9256315952798
4826,49.535506074587474
4827,51.36334183912824
4828,53.62193798975807
4829,56.36769670972939
4830,59.63965721932787
4831,63.192496262584406
4832,66.60022790021632
4833,69.38644241382491
4834,71.52514886754102
4835,72.75957868018698
4836,73.57896595546849
4837,74.05783967719043
4838,74.59284604382515
4839,75.2077997827922
4840,76.10623044035421
4841,77.4386603940085
4842,79.27435417292078
4843,81.31291937438237
4844,83.01280790592767
4845,84.49171092837209
4846,85.42466738467692
4847,85.74022457943174
4848,85.4169419495461
4849,84.53322411467194
4850,83.2506431146769
4851,81.63343211225148
4852,79.89755802068832
4853,78.42209716231247
4854,77.16452339386066
4855,76.17719210098515
4856,75.28668667194549
4857,74.21663594491241
4858,72.9645967168773
4859,71.80952412273258
4860,70.99094870852103
4861,70.73241735060137
4862,70.79113101908727
4863,70.71694582827463
4864,70.42065716660828
4865,70.13604226691722
4866,69.91117129903688
4867,69.64141245028003
4868,69.3068929320888
4869,69.04100061752577
4870,69.07586810454903
4871,69.27601952126867
4872,69.89498017128174
4873,70.86443544528824
4874,71.5713023673586
4875,71.49795341474933
4876,70.3299524743854
4877,67.9813154410805
4878,64.63129137579052
4879,60.43211679439852
4880,55.92364079580371
4881,51.71514951134232
4882,47.778878760997365
4883,44.271527415998804
4884,40.82889329034423
4885,37.61801722704196
4886,34.76752909580891
4887,32.50329656531913
4888,31.04992816625044
4889,30.323344122457158
4890,30.14252484782585
4891,30.22799313030983
4892,30.419117025505713
4893,30.801110598996896
4894,31.470395643825427
4895,32.31252161713069
4896,33.20120424943792
4897,34.3253710662273
4898,35.509972880398074
4899,36.6953520170019
4900,37.990926734736036
4901,39.433495755878866
4902,40.68853080427313
4903,42.08222557897618
4904,43.79130691095743
4905,45.74418485375385
4906,47.721707461726375
4907,49.61330391080722
4908,51.32957541154108
4909,52.90752938783828
4910,54.42070731924955
4911,55.94458860739573
4912,57.35992724163343
4913,58.80657214388105
4914,60.339639287995595
4915,62.302456647516095
4916,64.32946687087696
4917,66.0557368652215
4918,67.4526704224469
4919,68.27939818082275
4920,68.60057713586657
4921,68.56335349080234
4922,68.24527568691752
4923,68.01954452853766
4924,67.86534895293305
4925,67.84858799460382
4926,68.0493577882578
4927,68.65299738211354
4928,69.33224568927623
4929,70.20718216339093
4930,71.19410464615225
4931,71.73631349778069
4932,71.40486194348952
4933,69.84956286149449
4934,67.01543031122516
4935,63.074769131376776
4936,58.12331888766379
4937,52.89922830318478
4938,48.30433245060306
4939,44.70368459860334
4940,42.06862551177632
4941,39.945821943223656
4942,37.93133961243421
4943,36.05000271318993
4944,34.660931199967536
4945,33.81690855540833
4946,33.27129841698335
4947,32.73574882847675
4948,32.00759509682227
4949,31.063606572338266
4950,29.72666293137314
4951,28.60010235146207
4952,27.97650950823298
4953,27.881508593691272
4954,28.352401302481987
4955,28.80065126100252
4956,29.158701585378154
4957,29.523655847779956
4958,29.744769063753097
4959,29.937137561649728
4960,30.009764635838387
4961,30.08642588605428
4962,30.14273778567115
4963,30.07335058437911
4964,30.05367932878715
4965,30.147498092693603
4966,30.47610623203828
4967,30.99578627430311
4968,31.644128349996297
4969,32.090925864366305
4970,31.974737138392534
4971,31.311628334000975
4972,30.024355800190662
4973,28.384873546628825
4974,26.426216236234616
4975,24.451745656805592
4976,22.8493788811674
4977,21.799256558487173
4978,21.473531181223255
4979,21.647494109739558
4980,22.29977837720572
4981,23.17534538020015
4982,24.1684466386103
4983,25.162113441677157
4984,26.451409413183278
4985,27.96948563255021
4986,29.583098175103352
4987,31.046702718067813
4988,32.25302735089662
4989,33.30348214756397
4990,34.2437619592888
4991,35.102608269795674
4992,35.888679883232186
4993,36.60981714867293
4994,37.35353724367931
4995,37.945019831209294
4996,38.27584262298806
4997,38.50236969708924
4998,38.63154132709117
4999,38.70801457750882
