,0
0,486.6864569548221
1,900.3600023508104
2,1252.065009351704
3,1551.8750742731845
4,1808.463741028832
5,2029.1931342960156
6,2218.9875104537364
7,2386.5862880653935
8,2531.902705229809
9,2656.9331904439523
10,2765.0080664293396
11,2858.178934101946
12,2937.6431338216485
13,3006.396161560406
14,3063.123810522068
15,3109.475326523687
16,3146.6658021670805
17,3173.5532021869126
18,3190.6816688011763
19,3197.804991776043
20,3198.181202949974
21,3194.428211696124
22,3188.5755520743687
23,3181.139919776199
24,3171.17482704185
25,3158.2526713070056
26,3142.8784195638473
27,3125.8182351536143
28,3109.418815889336
29,3093.558291746823
30,3078.202355476563
31,3065.672918253966
32,3055.880490986458
33,3050.1777898244836
34,3046.2476643742675
35,3044.1662709849393
36,3047.809306929968
37,3054.403609964431
38,3063.755759584949
39,3075.1857910472045
40,3093.698231952988
41,3112.27880836593
42,3131.3003639538388
43,3150.1163905987323
44,3169.1805367603433
45,3190.7662787253853
46,3212.2154356104074
47,3236.471326961209
48,3264.3185053279085
49,3295.623779721241
50,3328.5495668413687
51,3363.09791676345
52,3401.556213495706
53,3439.6549842569343
54,3476.006366093011
55,3510.910629560551
56,3541.932333975236
57,3568.9212168160125
58,3588.656556026062
59,3599.433290280234
60,3601.8388330787475
61,3595.412159462837
62,3582.9099482324928
63,3563.087553670063
64,3534.5610735188316
65,3503.441575518805
66,3471.0329463381386
67,3438.3367999213465
68,3406.1578796143012
69,3374.906823428212
70,3343.420762470722
71,3313.7767433894323
72,3286.6326072030033
73,3263.5233296548245
74,3246.3292280701517
75,3232.2702910737394
76,3222.225548056126
77,3219.131656202503
78,3216.2112601799167
79,3217.0285666035984
80,3221.23679325111
81,3228.9064726517104
82,3237.102196408305
83,3245.7177720791433
84,3256.4623290328977
85,3268.892729013669
86,3280.524721379578
87,3290.2768044973323
88,3301.407544845633
89,3307.783155072011
90,3311.24310129822
91,3313.6476887396448
92,3314.3901242034167
93,3316.1867490668615
94,3318.4100447061733
95,3321.439456130983
96,3326.3573542600548
97,3330.75152265793
98,3336.401895627475
99,3344.3326372041083
100,3351.265413113258
101,3357.2615128914986
102,3363.2290206036505
103,3365.956355527803
104,3367.734696075542
105,3367.9173464805785
106,3366.322662520743
107,3363.177183501993
108,3359.750797571315
109,3356.5251229267114
110,3357.884280445306
111,3364.0301693326332
112,3375.9899762477075
113,3394.869055503631
114,3411.2938544562844
115,3434.400531616607
116,3464.0775790488287
117,3501.032152755496
118,3544.3599654258137
119,3593.436615222549
120,3648.747980474928
121,3708.961039008777
122,3770.249647165171
123,3831.656583916235
124,3892.876650576057
125,3952.8160522792127
126,4012.6325838286693
127,4072.1310777694052
128,4132.417567260344
129,4189.697442986428
130,4242.79015531191
131,4294.367021263908
132,4344.461535328146
133,4392.438670985368
134,4438.678367919578
135,4485.919877720636
136,4530.499966333738
137,4573.591328450465
138,4614.833481842904
139,4656.499616149009
140,4695.934337673619
141,4734.09432312286
142,4770.537516131801
143,4806.813958359206
144,4843.053566056376
145,4877.483020979742
146,4909.380581124113
147,4941.463457395333
148,4971.164703262063
149,4998.995742052206
150,5024.737202578998
151,5050.071131470069
152,5074.467870693809
153,5095.8489092601885
154,5113.505701546612
155,5126.558717865515
156,5134.8698415603185
157,5139.320245643461
158,5137.712685275945
159,5132.235737212639
160,5121.854899283794
161,5107.43076265763
162,5090.482539158075
163,5070.410470336184
164,5048.794811000406
165,5024.706605623761
166,4995.727151467964
167,4960.912009068518
168,4919.905723720716
169,4872.848071893005
170,4818.74240615783
171,4771.670476968228
172,4717.06825984602
173,4656.771899905731
174,4592.128144867066
175,4524.506995113667
176,4456.574838600663
177,4387.4287346964275
178,4318.154962409057
179,4249.137884803172
180,4180.215625748099
181,4111.5410362793045
182,4043.2281830617567
183,3975.4720947148326
184,3908.090332344321
185,3842.429781681203
186,3777.744861237743
187,3713.1295053964104
188,3649.604195013507
189,3586.7830511372144
190,3525.5123269030464
191,3465.84727385883
192,3409.585934113037
193,3357.9915794633125
194,3307.8448895538113
195,3261.488924668238
196,3218.1365755446877
197,3178.913555904995
198,3142.9753748411085
199,3110.6928656853606
200,3082.5888457842093
201,3057.6166453960363
202,3036.4110070658244
203,3018.6498742692925
204,3004.52814455157
205,2993.205690397321
206,2985.5496175732255
207,2981.657826687994
208,2980.4853511479077
209,2981.569842627448
210,2984.9232898420687
211,2991.1315996187654
212,2999.1119717911347
213,3009.927363150955
214,3025.5275525219054
215,3044.7026853675184
216,3069.5747576747617
217,3100.2951712500285
218,3135.3397926090493
219,3176.4613241299035
220,3223.2748142673786
221,3276.6629116024137
222,3335.78757191089
223,3399.9860440428683
224,3468.004042052304
225,3539.313652238227
226,3612.873833049771
227,3687.9960725912756
228,3753.3524209923844
229,3822.8339917381563
230,3891.8690155793647
231,3959.7275605444006
232,4024.8133483780803
233,4088.058068139351
234,4146.882993150955
235,4201.592701685743
236,4251.49630521842
237,4297.422839787362
238,4340.750262834609
239,4380.119180328333
240,4415.0130851056965
241,4447.6443405677155
242,4477.89242573718
243,4505.533585569748
244,4532.946532353651
245,4559.950565137088
246,4588.099898535212
247,4616.535515295783
248,4643.838508229023
249,4669.168993168578
250,4692.753177154759
251,4714.70464564356
252,4734.08364040297
253,4751.285997689072
254,4767.445320599221
255,4784.966393746078
256,4804.181783071836
257,4822.517090836894
258,4835.694959560724
259,4846.200141389209
260,4854.631249432262
261,4858.16933841786
262,4860.928521974618
263,4864.141894407345
264,4867.064139210012
265,4870.721715390231
266,4874.233232091628
267,4874.890868092783
268,4872.846034476718
269,4866.993067086844
270,4858.961862932982
271,4845.2188389249095
272,4826.992030339557
273,4802.331904128332
274,4771.599516318514
275,4734.475952496461
276,4690.271896802935
277,4641.558482491757
278,4590.232942943867
279,4538.70061910846
280,4483.539796522473
281,4428.514479619902
282,4376.768543074481
283,4327.513229253251
284,4282.995635724679
285,4244.265329354823
286,4211.777006459946
287,4183.301525082724
288,4157.234590358378
289,4135.826294820754
290,4119.139943192094
291,4105.844587702576
292,4096.353517018765
293,4087.686515722851
294,4080.6265994909404
295,4075.044728839079
296,4073.4128324672797
297,4076.3738621695943
298,4083.9186876932017
299,4094.363595548774
300,4106.409119809833
301,4122.402400037277
302,4140.398815786206
303,4163.655284649784
304,4189.200614237397
305,4216.812285646769
306,4247.848423296855
307,4277.501994261042
308,4306.927333159234
309,4334.538185184986
310,4361.081724385038
311,4387.280633962381
312,4413.448150579815
313,4443.064418261402
314,4474.280082623525
315,4506.6072472310125
316,4541.611104649325
317,4575.978180835196
318,4610.295012536694
319,4642.201606654118
320,4672.668815158555
321,4705.63669344254
322,4738.461918256077
323,4768.609810212823
324,4797.286154329889
325,4825.846291814932
326,4851.610336659894
327,4876.049923820119
328,4899.214377466925
329,4920.568924581423
330,4941.201184449973
331,4961.21894322085
332,4980.502459337968
333,4996.343939995194
334,5009.986125104986
335,5023.046538064204
336,5032.980857401766
337,5040.69127403575
338,5046.849587978929
339,5047.6925595659795
340,5045.652815007507
341,5039.884793361058
342,5034.866614528647
343,5024.555108015058
344,5014.358025000185
345,5004.892152677772
346,4995.042069498474
347,4988.738362295532
348,4986.313812070918
349,4988.540447592816
350,4994.240832840788
351,5002.127202321607
352,5010.858340724167
353,5018.779337296711
354,5025.387078811516
355,5031.792399123132
356,5038.370688504761
357,5041.509620511578
358,5039.375805310857
359,5034.435763611778
360,5027.619193748219
361,5019.067710978679
362,5009.3268784491265
363,4998.233806696677
364,4987.817228004884
365,4973.937952078985
366,4958.878254044325
367,4943.232354425033
368,4924.115819112692
369,4904.224721290594
370,4882.441341340221
371,4860.326892977664
372,4836.130784267388
373,4811.416696222588
374,4786.080542134359
375,4758.006600094818
376,4727.691037046062
377,4694.666646889385
378,4660.82465235667
379,4624.373504374005
380,4586.617337491484
381,4546.590515670339
382,4506.135456043695
383,4463.656714645085
384,4421.437821615035
385,4379.868664381041
386,4338.381604417612
387,4295.90236579546
388,4254.9682697703465
389,4216.384417673757
390,4181.725106279493
391,4149.932042418589
392,4120.37466948178
393,4092.536722922513
394,4067.056349633677
395,4042.0179129898243
396,4012.9776504475385
397,3980.410043829139
398,3941.8720364884766
399,3908.3439701021007
400,3869.5268829822744
401,3826.921500620978
402,3781.4766944583007
403,3735.207793269393
404,3688.34909046457
405,3643.5185718468983
406,3599.2029892462974
407,3557.414011908228
408,3515.8121898084755
409,3476.1389007959606
410,3438.755314194407
411,3406.5908191575218
412,3380.3787624129227
413,3358.1055183921653
414,3341.625895349463
415,3329.7634352654877
416,3322.3150436612473
417,3319.201257576325
418,3319.580211044028
419,3320.116600614014
420,3320.7135878129775
421,3322.8881598308244
422,3329.563188614607
423,3337.021276306081
424,3348.327796534664
425,3364.884994243687
426,3384.9650168510693
427,3405.3827024969355
428,3426.4106469422045
429,3448.4828825478044
430,3469.881951671494
431,3493.5975687175132
432,3517.2111821686694
433,3538.923621244142
434,3564.3025489851257
435,3588.0800177457686
436,3613.3038375584033
437,3638.747269028325
438,3665.49556124154
439,3692.342535113477
440,3716.607279827252
441,3741.9729959852493
442,3764.2632807137766
443,3785.8719241498675
444,3805.5342464384103
445,3825.5176881088937
446,3844.128004259127
447,3859.1250719528184
448,3872.164012566017
449,3887.6256971424623
450,3902.9586399263967
451,3916.654898300261
452,3929.950144839382
453,3939.688129540471
454,3946.9505280369626
455,3952.930133753406
456,3958.132390726712
457,3959.5232825453045
458,3958.5378264622277
459,3956.087071524089
460,3952.1746894437347
461,3946.4498328784643
462,3937.7924000965677
463,3927.452752346934
464,3914.901133662356
465,3900.9490351876057
466,3883.6296751598657
467,3862.6697594689776
468,3839.7112452718793
469,3814.8281289233187
470,3786.60240038354
471,3757.922740358827
472,3727.9172083572544
473,3698.109788042852
474,3667.603733287539
475,3637.6364841834206
476,3604.8790350625054
477,3572.474044359558
478,3541.0442202079957
479,3512.6452078487796
480,3488.208977756383
481,3464.7419927219003
482,3441.4060519362097
483,3419.396228730863
484,3398.3084565618524
485,3378.177649524414
486,3360.6787882254507
487,3345.0804291864847
488,3333.9751105902906
489,3327.2539514816317
490,3323.71941423036
491,3323.037845101884
492,3323.073939357324
493,3321.7091868587463
494,3323.627847621702
495,3326.0015176035
496,3328.7091686129197
497,3332.081629924401
498,3339.703449736229
499,3350.736932331958
500,3366.7765803804427
501,3384.2393174380563
502,3403.5175571641103
503,3426.1494184858625
504,3454.596289547781
505,3485.3366402808483
506,3518.5505708777223
507,3553.69364712475
508,3589.542640240257
509,3626.6016796574327
510,3662.0387088712628
511,3696.295939626917
512,3728.9250687753897
513,3757.3124111345614
514,3786.8418787187893
515,3813.0813505084807
516,3839.294829545875
517,3862.3405063806663
518,3883.284769121331
519,3901.746805045291
520,3915.763314107758
521,3927.61674055784
522,3939.952211760029
523,3954.3396707226734
524,3969.6235971473375
525,3985.604814987561
526,4004.2248205648775
527,4023.9602959387867
528,4041.5774179779537
529,4058.366585801438
530,4074.9006833383964
531,4089.954164054509
532,4106.328903867519
533,4125.052130089056
534,4144.175957533675
535,4165.790592025493
536,4189.976543165484
537,4216.093059285345
538,4244.018386318173
539,4270.584810558876
540,4294.725775652607
541,4316.037824167281
542,4335.986751348253
543,4349.416119859468
544,4361.309823865689
545,4370.952193552145
546,4378.872098617267
547,4385.563803893212
548,4390.665191596261
549,4393.507849942568
550,4395.327919610834
551,4395.787916359675
552,4395.283883932285
553,4394.400445342027
554,4393.654002878364
555,4392.972238363404
556,4386.646755018909
557,4377.407168332683
558,4364.467764242586
559,4346.091445922793
560,4325.523141271503
561,4302.830876701063
562,4277.825832126233
563,4252.4197260041965
564,4222.939232960811
565,4191.250446684276
566,4158.545096012969
567,4126.101557416987
568,4090.9308215101305
569,4056.005490214985
570,4025.6204519882085
571,3997.4602690962297
572,3973.1340662121324
573,3951.7420437181463
574,3931.248092082568
575,3914.5315146579014
576,3899.3838658080745
577,3885.3366681647026
578,3870.635756392463
579,3855.0977852970814
580,3839.8917748571603
581,3826.889258697273
582,3812.734162527618
583,3798.1309361136055
584,3782.561392170294
585,3767.571626738541
586,3748.9560993374107
587,3729.2477522535373
588,3708.327439482571
589,3687.6212781467375
590,3667.907556206781
591,3648.9955718738215
592,3632.2669587411638
593,3617.6539729716196
594,3606.818807077039
595,3601.344913414736
596,3600.8387946517373
597,3603.747594474344
598,3608.9316296393768
599,3617.8042999215645
600,3629.3336109792876
601,3642.5994977541927
602,3656.2383574621413
603,3670.1343227283196
604,3683.29208246148
605,3696.6178296605026
606,3707.891549021111
607,3718.479163493909
608,3728.763141284765
609,3740.8910483636005
610,3754.847150985763
611,3769.59750770555
612,3784.270833140695
613,3797.7612962179746
614,3812.871313412189
615,3828.9649760683596
616,3845.5561813926583
617,3862.5633818262468
618,3878.2131998918717
619,3896.2342028829507
620,3917.430459680242
621,3937.0964033783603
622,3955.027666138902
623,3969.6888098397358
624,3980.2872176339915
625,3990.3879093321884
626,3999.9225061724524
627,4008.217605423483
628,4015.903971561476
629,4024.019531004294
630,4030.861176173687
631,4041.0639066125327
632,4054.337422711031
633,4071.620058605527
634,4094.13675109587
635,4119.1581658133055
636,4147.559201957239
637,4179.327928244773
638,4212.366853648707
639,4246.9346707809855
640,4282.409360923018
641,4319.721395493291
642,4358.483219863429
643,4398.20632614295
644,4435.56545144594
645,4473.198666929071
646,4507.525017620034
647,4537.803902588355
648,4565.0478642828275
649,4585.58810130107
650,4604.85583037907
651,4622.431480810084
652,4635.542471482209
653,4644.88813831259
654,4650.360744295293
655,4654.414391210728
656,4654.150224536838
657,4652.523721581253
658,4649.380683856908
659,4644.8914391976805
660,4641.076492163022
661,4634.033465540166
662,4624.178261438563
663,4612.063477132898
664,4599.389558304329
665,4585.829784921236
666,4573.026049979811
667,4562.002556835971
668,4549.262948650677
669,4536.670889255185
670,4524.008823438801
671,4511.024208353476
672,4499.793521996951
673,4490.263643616226
674,4484.654522536341
675,4484.901247410957
676,4489.994675684753
677,4502.3805762314605
678,4519.190970087592
679,4538.753578984336
680,4559.189986419635
681,4579.761700882728
682,4598.768364911377
683,4614.873122998978
684,4628.884262535191
685,4639.9081310704705
686,4650.037530355843
687,4655.146203102046
688,4654.350633811094
689,4646.230180768688
690,4629.971390487553
691,4606.2915311120105
692,4575.468415438408
693,4537.816788460266
694,4496.6680317741675
695,4452.127101400132
696,4402.880279263807
697,4351.438820653037
698,4297.50521412301
699,4244.051614880588
700,4191.082852314827
701,4140.633519658404
702,4094.9232349869217
703,4055.0288017043335
704,4019.9468762359747
705,3987.655904521524
706,3959.428529624251
707,3935.4716811486123
708,3915.086668066309
709,3899.258222271555
710,3887.4860608868307
711,3881.6279863143186
712,3877.9026736405535
713,3877.58686729377
714,3879.707110815037
715,3880.435301134451
716,3884.649927564031
717,3888.5697392188076
718,3893.051438837758
719,3901.13962434553
720,3914.0403740028037
721,3929.8833964984096
722,3945.0993678466252
723,3959.024598768384
724,3969.6101887422055
725,3978.186053526009
726,3984.2658656811645
727,3988.1493650995994
728,3991.6388432213967
729,3993.6682411360453
730,3996.0967743074098
731,3998.730740686293
732,3996.4350539260713
733,3992.044514137031
734,3984.6738567926886
735,3972.7696368835864
736,3958.9953789062706
737,3947.617012987917
738,3936.057556894711
739,3932.3104387016506
740,3937.4734636106386
741,3941.9652952814577
742,3955.8342837474966
743,3978.121282387813
744,4005.569326186014
745,4035.023319424727
746,4066.055648042334
747,4095.911563199353
748,4123.973178417709
749,4149.311665891771
750,4175.358826728785
751,4200.785053112053
752,4226.384882695385
753,4250.659699160598
754,4273.276068118613
755,4296.42607872398
756,4318.577114840449
757,4340.28727816696
758,4360.055111907088
759,4378.99125828672
760,4395.833105927124
761,4409.83824602199
762,4419.992514712941
763,4425.483113504968
764,4429.684892974111
765,4428.8088141823855
766,4423.0547252724855
767,4414.512160663154
768,4403.133247957357
769,4387.513601340631
770,4369.927122438645
771,4347.795368450218
772,4323.273346129941
773,4299.3177602454525
774,4278.9295353378875
775,4259.964287446172
776,4242.958424666265
777,4227.368083677151
778,4214.541777491506
779,4203.792991627675
780,4193.009014620071
781,4183.585587222168
782,4176.568851571975
783,4170.947935912862
784,4167.066293125007
785,4166.276685481624
786,4166.768774511627
787,4168.638518657439
788,4170.490743037127
789,4172.20245152448
790,4170.750514967837
791,4167.647315993439
792,4164.579831923403
793,4162.836705106559
794,4161.669365566539
795,4163.237698073597
796,4168.042505895099
797,4177.538499703199
798,4185.800014316247
799,4197.660382656601
800,4210.06788571393
801,4222.1571777136705
802,4234.398339965747
803,4242.778998202031
804,4249.822580123386
805,4253.462237735537
806,4252.340463587786
807,4248.149743861564
808,4243.50579414877
809,4236.778180571605
810,4229.849541495708
811,4223.138010498322
812,4216.490690060129
813,4212.210901719979
814,4208.254934142706
815,4206.411660466665
816,4207.711583428863
817,4211.996094291525
818,4221.6344572075595
819,4234.476371719432
820,4248.957981449944
821,4265.767264528161
822,4287.7971957161135
823,4309.143277146636
824,4333.1419246665255
825,4357.350671702403
826,4379.663651845889
827,4399.154741958069
828,4415.305247759449
829,4429.694708403784
830,4442.205515905933
831,4452.008649956706
832,4460.267689944338
833,4467.683213486099
834,4471.471089348421
835,4472.100494762083
836,4469.480735962177
837,4462.715118395413
838,4453.797712395436
839,4441.51188545573
840,4427.569627081095
841,4414.376715223858
842,4401.448992167331
843,4388.861510863644
844,4377.844636833033
845,4368.6056735810225
846,4357.604106395913
847,4345.679732256301
848,4330.72585088127
849,4314.533959812139
850,4298.475519027232
851,4285.723241252386
852,4277.80938740191
853,4273.837823646756
854,4275.611866592775
855,4277.155283955811
856,4283.498468940617
857,4294.579637101911
858,4308.063987260695
859,4323.014680060715
860,4337.581587937289
861,4350.527154144504
862,4360.670526484579
863,4369.3215368499
864,4378.820190500636
865,4388.060447247106
866,4394.678868562822
867,4398.335852528114
868,4398.768454292269
869,4396.223465883855
870,4393.619426958484
871,4385.542293339939
872,4373.253068383212
873,4358.78132771414
874,4339.58501371116
875,4321.215923436817
876,4301.992113360683
877,4282.358747419193
878,4261.42401820858
879,4242.687877142748
880,4224.37366938726
881,4206.770856167737
882,4192.350116371267
883,4180.162179840212
884,4169.7255573936045
885,4159.931920210422
886,4149.593705391508
887,4140.993593516109
888,4134.466142136362
889,4127.866805872419
890,4122.666038389293
891,4118.37728683176
892,4115.757757991515
893,4114.488652574703
894,4111.211384193559
895,4107.125607023735
896,4104.862968395262
897,4101.616909633287
898,4097.261796273738
899,4089.8532402924893
900,4079.3811557122654
901,4068.6847155062396
902,4054.649910619912
903,4040.162153563797
904,4026.671927096886
905,4012.7653028893874
906,3999.7259328648565
907,3985.4500830726465
908,3972.2298140742378
909,3961.3279669396384
910,3954.5874245118116
911,3953.634347469461
912,3952.805170442616
913,3957.1244312969006
914,3966.873984141997
915,3979.595127106689
916,3997.4510234916565
917,4022.468051530104
918,4053.3689068836234
919,4089.904232490039
920,4130.33687009803
921,4173.025842481546
922,4218.730075180719
923,4267.234167776666
924,4315.007145564776
925,4362.7186866665015
926,4407.814749251986
927,4451.069248170157
928,4490.135178992884
929,4526.715603936445
930,4557.497168889756
931,4583.047912858803
932,4602.177994998931
933,4616.031475075201
934,4627.986327492725
935,4637.3789346563135
936,4642.229101901617
937,4644.8325788949205
938,4646.202521801664
939,4646.850275425082
940,4645.198453440229
941,4643.13520232516
942,4639.957035862852
943,4636.821342642157
944,4629.066617368859
945,4620.502184146814
946,4610.484069852293
947,4600.031297705581
948,4587.124089415207
949,4573.497636249984
950,4560.67282214853
951,4546.243363456247
952,4531.728233556514
953,4517.51064446813
954,4503.270288757922
955,4488.315832528566
956,4472.910500245862
957,4456.137943222373
958,4439.072341868356
959,4422.592217498756
960,4406.7892051916715
961,4390.4882007796205
962,4373.149211309339
963,4357.940640747067
964,4340.834841989865
965,4322.558298352797
966,4301.242455486358
967,4276.639313893512
968,4246.952552170581
969,4221.125069471632
970,4191.665185836992
971,4157.794121230686
972,4120.54902421489
973,4080.339641000528
974,4036.1477164949542
975,3986.9878640796014
976,3934.490098478692
977,3878.746584808149
978,3824.1674864938386
979,3771.7663437493306
980,3721.7232069000133
981,3675.308857732381
982,3631.2415727549464
983,3591.58654325129
984,3554.1475071570862
985,3520.726095574515
986,3489.0646419572026
987,3459.76645033182
988,3433.7499451570966
989,3411.303812275176
990,3392.274458459532
991,3375.8719994062503
992,3361.826627776246
993,3350.4902607619315
994,3342.666624934691
995,3338.3330018614943
996,3339.131741351834
997,3343.5373170646953
998,3349.9936755478498
999,3359.133226021119
1000,3370.63205903416
1001,3387.9773585817566
1002,3408.9051314062754
1003,3432.6001800585627
1004,3458.9575485411533
1005,3488.761832014037
1006,3519.983105816386
1007,3552.802928944442
1008,3587.3785361792916
1009,3621.1606938600307
1010,3656.3896002490815
1011,3692.225476088194
1012,3728.285907521804
1013,3764.220650846076
1014,3797.4266892300484
1015,3828.999949557647
1016,3857.5055823449347
1017,3882.7137935999876
1018,3903.9204225755107
1019,3922.041884932436
1020,3937.0747807906464
1021,3951.0782939369283
1022,3961.25884532009
1023,3967.725390072726
1024,3972.712858922023
1025,3974.3195092699534
1026,3975.7172950726535
1027,3975.7220638125077
1028,3975.2254499063974
1029,3974.714293355391
1030,3976.25049308759
1031,3978.7593569941046
1032,3982.6480091617427
1033,3987.5127455833995
1034,3992.450533061568
1035,3999.1448849430494
1036,4006.2877736410555
1037,4015.5172664966403
1038,4026.091104191507
1039,4037.70916734829
1040,4048.6877392425645
1041,4057.827803681173
1042,4064.3015173934696
1043,4069.7224742643984
1044,4071.8536474533353
1045,4070.446715875193
1046,4066.641716447493
1047,4060.7919351502906
1048,4050.7354727335673
1049,4036.777518213174
1050,4019.0938952148017
1051,3996.571224815087
1052,3972.2174059276263
1053,3944.66584464193
1054,3915.0628590744395
1055,3885.0380864072895
1056,3853.16689714391
1057,3821.4159346231577
1058,3788.9596720323457
1059,3758.1390410005274
1060,3729.042125096448
1061,3702.268457596798
1062,3676.687059825114
1063,3650.507422120099
1064,3626.3286033690815
1065,3603.9459427158354
1066,3583.051025404985
1067,3562.7307088091616
1068,3543.662411047691
1069,3528.4762130576414
1070,3516.0359442606546
1071,3507.4957818520325
1072,3503.9536109751452
1073,3506.6930329967636
1074,3514.4272868744747
1075,3528.539756447951
1076,3549.9252568359943
1077,3578.2774440118706
1078,3613.237726069364
1079,3653.1110769929146
1080,3696.0445398834
1081,3740.569905272779
1082,3784.9412190161916
1083,3823.5442619729606
1084,3862.704653347055
1085,3902.9290196995107
1086,3944.3776996354018
1087,3987.9250369772008
1088,4034.730123718057
1089,4083.6013110386034
1090,4133.983323596377
1091,4185.824275926796
1092,4238.104315885644
1093,4292.269613711131
1094,4347.499477434218
1095,4404.375792691861
1096,4462.348621526711
1097,4521.884759663554
1098,4582.347006901811
1099,4642.3559861354715
1100,4703.625931434263
1101,4763.632221692507
1102,4822.415180509016
1103,4879.247025979061
1104,4932.644407356626
1105,4982.982332914785
1106,5030.081456496519
1107,5073.414915967356
1108,5115.13364622539
1109,5153.938427063672
1110,5188.561953472033
1111,5218.70463655123
1112,5244.914172242975
1113,5267.596862176921
1114,5287.6132477025485
1115,5304.3595836694585
1116,5316.71066287344
1117,5324.567448639588
1118,5326.541471514161
1119,5325.589595319931
1120,5318.703785922587
1121,5306.307384250974
1122,5288.331264429748
1123,5264.591121107581
1124,5235.979086019327
1125,5203.561158054088
1126,5164.591396917017
1127,5119.932338038072
1128,5071.374699112506
1129,5018.248983182766
1130,4962.738603061917
1131,4906.163456011509
1132,4847.900185836885
1133,4786.537317044521
1134,4724.2829190298235
1135,4659.244770747093
1136,4592.83510260031
1137,4524.249216836002
1138,4453.358345017317
1139,4380.6751349358365
1140,4317.440742164947
1141,4251.066088858997
1142,4182.839229604019
1143,4112.540460919339
1144,4041.089694707189
1145,3968.8424375541895
1146,3898.7080800407807
1147,3830.6210377123
1148,3764.0982081593556
1149,3699.5902879805367
1150,3638.9744822502644
1151,3581.440971128358
1152,3526.418047724421
1153,3476.567990123088
1154,3431.624476576073
1155,3391.2628497206483
1156,3357.279206211147
1157,3327.0021719692095
1158,3300.3871041378857
1159,3275.778449405408
1160,3253.799050800273
1161,3235.124693032406
1162,3219.373916065812
1163,3206.8475137445894
1164,3197.5817007509604
1165,3191.387576454053
1166,3186.2864131376996
1167,3182.4557820512673
1168,3181.0159450126434
1169,3182.0850374159913
1170,3187.5825482822484
1171,3196.6468622926595
1172,3208.768528234154
1173,3223.3505708126086
1174,3239.6396141743153
1175,3258.0473436174357
1176,3275.574748362
1177,3293.814464778811
1178,3312.4123119076103
1179,3330.039376825072
1180,3348.3725660444334
1181,3365.60152969438
1182,3382.597344718778
1183,3399.6464026960393
1184,3416.724890949576
1185,3432.4269290490574
1186,3446.2132026364447
1187,3458.9001979714153
1188,3471.5629376923653
1189,3482.8291566878015
1190,3495.9433628535608
1191,3509.394079358889
1192,3522.074487261882
1193,3534.137830390014
1194,3544.151843226793
1195,3552.4207739753
1196,3558.9663394041995
1197,3564.660981327342
1198,3568.5747357469386
1199,3572.1933466532587
1200,3577.845225642491
1201,3586.2050308625026
1202,3597.185502936387
1203,3611.259107449533
1204,3629.8062634533567
1205,3649.815498348312
1206,3671.007099111782
1207,3692.1651364943573
1208,3714.465841688677
1209,3738.7865485674424
1210,3763.859780508639
1211,3789.39092542319
1212,3816.63630421594
1213,3843.170977944848
1214,3868.1780703557133
1215,3892.5375369075173
1216,3915.8029466370904
1217,3939.4871607004447
1218,3964.1362310388845
1219,3989.628308806984
1220,4014.006098441222
1221,4037.1212476024843
1222,4057.438486302668
1223,4076.5405721630837
1224,4093.180460210187
1225,4107.149780665602
1226,4119.318625576439
1227,4130.995405981468
1228,4144.064984773561
1229,4157.970207189475
1230,4171.706755871172
1231,4184.69065364034
1232,4196.897575765159
1233,4208.093929272694
1234,4217.133379475149
1235,4224.453747647061
1236,4230.288878085019
1237,4235.325767763556
1238,4239.304990440544
1239,4242.470807697472
1240,4244.342660114788
1241,4244.000055827128
1242,4241.757992797834
1243,4236.176427880565
1244,4226.768995075769
1245,4216.043939298979
1246,4205.149802067004
1247,4195.0006444400715
1248,4187.39584992177
1249,4181.9831949889995
1250,4177.536645522232
1251,4171.07564527452
1252,4160.0119053308545
1253,4142.589006274381
1254,4127.431084095249
1255,4106.64823606996
1256,4081.9359149930915
1257,4056.6896834630843
1258,4032.7292569687665
1259,4012.9904852610393
1260,3998.218169784363
1261,3987.5035833425663
1262,3979.578489791032
1263,3974.0855345295117
1264,3970.201597666268
1265,3969.595927575753
1266,3972.5857316046145
1267,3980.127336222795
1268,3991.662001578525
1269,4005.592345050832
1270,4019.9946383397523
1271,4034.9214944364876
1272,4050.4248649070482
1273,4063.4673299138067
1274,4077.4532215657614
1275,4092.33719098466
1276,4110.57202848521
1277,4128.519032089257
1278,4146.58719314122
1279,4165.509505287337
1280,4183.1980562167355
1281,4198.866692277549
1282,4213.780776472147
1283,4229.833069271465
1284,4247.104390670784
1285,4264.3854911805975
1286,4282.32333151229
1287,4300.421705896873
1288,4318.209021385467
1289,4336.580705839666
1290,4355.008534641501
1291,4372.88485146793
1292,4391.195370501374
1293,4410.083310820138
1294,4426.9104663782655
1295,4443.183339691319
1296,4457.8285766755225
1297,4471.796860271258
1298,4485.885537928901
1299,4498.872436338554
1300,4510.605640076769
1301,4521.271257161065
1302,4531.875464540654
1303,4540.903663262267
1304,4549.332632996287
1305,4559.097109678125
1306,4565.985732535002
1307,4570.453333922524
1308,4570.57414335074
1309,4565.632270284012
1310,4555.67831701928
1311,4547.0183776789645
1312,4530.911499692744
1313,4507.241243955875
1314,4478.827663933849
1315,4445.4836822632715
1316,4407.0127060634395
1317,4364.105245807544
1318,4317.813618685483
1319,4267.479329936275
1320,4216.528316846553
1321,4162.548135974671
1322,4107.311853418337
1323,4053.5000622917446
1324,3999.9610744723414
1325,3948.7985660695217
1326,3897.965832433789
1327,3849.665486089103
1328,3804.9200862891353
1329,3763.3911555587024
1330,3725.4712335317627
1331,3690.220620976828
1332,3659.0136311307083
1333,3630.917919768555
1334,3606.6470649281396
1335,3585.7619473172385
1336,3567.3884994862083
1337,3552.5789592358083
1338,3540.4044600428233
1339,3530.446152735109
1340,3523.8763511401676
1341,3519.8851329595113
1342,3518.76396216611
1343,3520.1642280214246
1344,3522.474513158398
1345,3526.248129045948
1346,3530.8214957927084
1347,3538.041504696453
1348,3549.3967176437363
1349,3562.519623890127
1350,3579.5606781327347
1351,3598.9183442759268
1352,3622.3614605669554
1353,3651.9132059503995
1354,3687.196323152943
1355,3727.475390445878
1356,3771.804962942253
1357,3820.908149578776
1358,3874.1898423542716
1359,3931.8318115324546
1360,3990.850075543706
1361,4052.4502061046264
1362,4116.75772045789
1363,4184.706066337369
1364,4255.120088309329
1365,4326.852216243328
1366,4400.108555079576
1367,4475.1060925778165
1368,4540.353950201285
1369,4607.842131053118
1370,4677.679148915094
1371,4748.683221142784
1372,4819.537566037031
1373,4890.0548564152905
1374,4960.024384756315
1375,5028.0584424632125
1376,5092.74705676022
1377,5155.75646085458
1378,5216.5454301395
1379,5274.026218368396
1380,5326.995916941359
1381,5374.958777120807
1382,5418.022391694611
1383,5454.238063740978
1384,5484.337465874002
1385,5509.024965059356
1386,5530.056302899804
1387,5545.251333669033
1388,5554.734471338643
1389,5561.518310215715
1390,5564.853345827045
1391,5564.20365404856
1392,5562.763286142853
1393,5558.997688409631
1394,5553.82624018669
1395,5546.585733177741
1396,5538.098005904896
1397,5526.588073853565
1398,5511.526829627948
1399,5493.023847077146
1400,5469.813460399667
1401,5443.312971029768
1402,5413.672183397266
1403,5380.235971778225
1404,5343.548694220937
1405,5301.46911364291
1406,5252.615599325355
1407,5197.2720061012515
1408,5134.7782198893265
1409,5068.5211239062255
1410,5002.216396644472
1411,4934.553997076943
1412,4864.471957734834
1413,4793.456009838752
1414,4721.869440144056
1415,4648.890402175355
1416,4576.765559848168
1417,4504.248458637312
1418,4432.047655148075
1419,4359.72928219173
1420,4287.120488011252
1421,4211.917279768483
1422,4136.379279631386
1423,4059.754039812786
1424,3983.6843846704746
1425,3917.503784696664
1426,3850.6716653565613
1427,3784.8323730396814
1428,3722.983282525473
1429,3668.4407531250918
1430,3622.716473922754
1431,3584.4507052804975
1432,3555.7700785947322
1433,3532.9667444102224
1434,3516.1184917168216
1435,3505.264125528505
1436,3499.9778932992626
1437,3497.9416050355076
1438,3501.427216278471
1439,3509.402813008955
1440,3522.448920159682
1441,3538.2860144096903
1442,3560.5944496489096
1443,3585.95114047764
1444,3613.266811395944
1445,3639.875416143982
1446,3666.622415262271
1447,3694.6362962720377
1448,3722.4069624434123
1449,3752.3169571473645
1450,3782.375072297331
1451,3811.33832937776
1452,3838.535300635759
1453,3863.984568963443
1454,3888.645564611797
1455,3912.5727539293766
1456,3937.6371788113283
1457,3961.9623260853946
1458,3985.1602246378525
1459,4008.675499704585
1460,4030.7293343238316
1461,4050.774481360667
1462,4070.029896650397
1463,4089.3819436493054
1464,4108.145623633915
1465,4125.565800385917
1466,4143.973095694152
1467,4161.5063932731655
1468,4180.365589316101
1469,4200.702970364412
1470,4222.176813522455
1471,4246.800430853181
1472,4272.871885519616
1473,4302.207678369346
1474,4333.665211088455
1475,4367.831099859009
1476,4403.658118568991
1477,4440.241095167052
1478,4473.959834648966
1479,4503.646000456575
1480,4531.219505716213
1481,4553.523463725707
1482,4572.927907193966
1483,4586.854759218187
1484,4594.654805905848
1485,4596.678910404427
1486,4592.076352292666
1487,4580.352969465635
1488,4561.545979515394
1489,4536.154874457261
1490,4505.143948810205
1491,4470.592281208362
1492,4432.679465101954
1493,4393.553807956335
1494,4354.1114977195575
1495,4314.3329290283855
1496,4275.381092368522
1497,4238.265935757659
1498,4203.417363886594
1499,4170.177498768721
1500,4138.419361057555
1501,4108.840103073041
1502,4083.2170252257233
1503,4061.270847988053
1504,4041.2966453383087
1505,4024.1250683484723
1506,4010.915619176842
1507,4000.16393343934
1508,3992.8855806487645
1509,3989.7433172373144
1510,3990.71143125021
1511,3995.180800523318
1512,4002.4527865929354
1513,4013.271583121196
1514,4025.994559402596
1515,4039.8723198036887
1516,4054.391251479385
1517,4070.7211534306884
1518,4087.6614003040527
1519,4106.045140602837
1520,4125.7854482939465
1521,4144.054764833751
1522,4161.265198804575
1523,4176.020581659439
1524,4188.508104237777
1525,4198.522799855114
1526,4207.140503728518
1527,4212.950349971283
1528,4217.221896549415
1529,4219.024986134689
1530,4216.868847223777
1531,4211.564980785439
1532,4205.049757381122
1533,4196.582165722287
1534,4185.279746974153
1535,4172.478282621498
1536,4159.646578007275
1537,4145.375950960908
1538,4132.814086473339
1539,4121.885264369154
1540,4113.21412185327
1541,4104.7232991377405
1542,4095.1030059503755
1543,4086.3418856380677
1544,4078.5349060648336
1545,4071.142584632586
1546,4063.1163634229447
1547,4053.03236432347
1548,4043.103978442835
1549,4033.3175685019423
1550,4024.5838124977654
1551,4015.2171269640503
1552,4004.7238188325723
1553,3993.2665087030773
1554,3979.3357969407148
1555,3966.462943314543
1556,3954.6636021876234
1557,3943.0855356627726
1558,3932.791159811196
1559,3925.4289864872885
1560,3918.8488627419306
1561,3913.7203976820256
1562,3909.9682783549238
1563,3906.2915357211787
1564,3902.1048291387037
1565,3896.485015440281
1566,3889.930129888957
1567,3884.326851689632
1568,3878.7900832144273
1569,3875.57146499023
1570,3876.2277840313736
1571,3879.9558554782493
1572,3887.6042379472137
1573,3897.031214457209
1574,3908.0169692884147
1575,3918.302326671746
1576,3927.974752418264
1577,3936.9926883358576
1578,3946.8032119422655
1579,3956.1179123429497
1580,3966.257123290208
1581,3978.7804406226187
1582,3995.5638901732436
1583,4014.828974161148
1584,4035.638945299374
1585,4059.586133898543
1586,4087.3508709449993
1587,4117.639972188835
1588,4149.483798037683
1589,4184.4165251531485
1590,4221.001346946273
1591,4258.9761099039315
1592,4296.1655195963285
1593,4333.101347071194
1594,4367.782407732065
1595,4402.085599752591
1596,4431.92937681045
1597,4461.481063109841
1598,4494.927738189442
1599,4529.934691690854
1600,4566.183261222649
1601,4603.840095417162
1602,4645.3821793403395
1603,4688.770728149595
1604,4734.394310606303
1605,4782.8570398547445
1606,4832.774834388952
1607,4882.7987064892795
1608,4934.172457947887
1609,4984.66556715029
1610,5031.340875403057
1611,5073.59674835128
1612,5111.051833399669
1613,5144.808078508817
1614,5174.2496273617135
1615,5201.467874134829
1616,5224.961994341975
1617,5244.049342924127
1618,5258.864786692239
1619,5269.902446329107
1620,5279.164671058696
1621,5285.097950429444
1622,5289.366348188299
1623,5292.482094617035
1624,5294.629381844548
1625,5295.801822858938
1626,5295.811620907381
1627,5293.55507639532
1628,5287.486810496724
1629,5279.387598561813
1630,5270.885584758296
1631,5260.643589129596
1632,5247.386682660086
1633,5232.2019030745505
1634,5216.4844963627675
1635,5199.004696157205
1636,5178.647159062203
1637,5155.569019737123
1638,5131.129916525526
1639,5103.296157308637
1640,5075.340694505444
1641,5048.728731226996
1642,5022.973659327195
1643,5000.587311520592
1644,4978.876725102173
1645,4960.023321209841
1646,4942.818483514175
1647,4925.54393316791
1648,4906.405999059961
1649,4887.019681587574
1650,4866.964340305557
1651,4844.004414057521
1652,4818.496286724436
1653,4796.30421594465
1654,4769.285225803244
1655,4737.112460405635
1656,4702.431083120939
1657,4667.555480632642
1658,4634.875151510207
1659,4603.044949945097
1660,4575.075274533401
1661,4548.875283289471
1662,4526.325976301241
1663,4506.717249252607
1664,4492.890710954004
1665,4481.497321153099
1666,4475.072207171592
1667,4472.738729916627
1668,4473.951595426643
1669,4476.047644017519
1670,4480.569183350836
1671,4486.092826135597
1672,4493.584321552821
1673,4502.816580816865
1674,4515.203889672383
1675,4529.693342118939
1676,4543.62543459402
1677,4558.412542530325
1678,4573.013180222692
1679,4586.160660746553
1680,4597.069558813065
1681,4607.360759608907
1682,4618.985433345091
1683,4632.326917422061
1684,4646.77989921547
1685,4662.6347998731735
1686,4681.0634272143625
1687,4699.561300123283
1688,4717.441638130731
1689,4735.4366311988
1690,4753.904264125203
1691,4773.14381599331
1692,4792.100989497712
1693,4810.4890012572205
1694,4828.479140300395
1695,4845.450296608386
1696,4861.932749054826
1697,4877.246408268716
1698,4891.7969616157125
1699,4904.70114556269
1700,4915.552470416923
1701,4924.75827285657
1702,4930.899846405536
1703,4933.78555216014
1704,4932.949570439711
1705,4928.301695498046
1706,4919.310125070285
1707,4904.377390942611
1708,4886.6413243004645
1709,4864.186630036066
1710,4844.65104602604
1711,4822.691062662848
1712,4800.324865577815
1713,4775.9892456596535
1714,4751.065849143441
1715,4727.90714712575
1716,4706.81744994842
1717,4688.8491742918795
1718,4671.712325047404
1719,4657.478958653668
1720,4641.185460712853
1721,4622.34331044537
1722,4601.939429489137
1723,4580.832842607076
1724,4559.443377388007
1725,4536.213139727216
1726,4511.49709786833
1727,4486.4422552948145
1728,4461.452717039694
1729,4435.233757872308
1730,4408.513319344296
1731,4384.959567491297
1732,4363.692116375466
1733,4341.713389024005
1734,4319.774941733463
1735,4298.596381321096
1736,4277.109213276418
1737,4252.1039672099105
1738,4225.8954471237685
1739,4198.218495226125
1740,4169.944784012298
1741,4142.485526666617
1742,4116.852376524269
1743,4092.6194581747777
1744,4067.135815968385
1745,4042.4601791127484
1746,4020.4550549553783
1747,4000.0014884735238
1748,3980.1743299570912
1749,3960.219362801323
1750,3941.437421954269
1751,3924.8755853687544
1752,3914.3835063512183
1753,3909.2670073147697
1754,3910.1703743345506
1755,3916.7783886329094
1756,3929.0197047106058
1757,3949.333984945855
1758,3974.590100349822
1759,4003.660887177224
1760,4035.376609090139
1761,4072.3420703404845
1762,4110.116588597514
1763,4146.074193668416
1764,4178.065124285566
1765,4207.698312209978
1766,4231.987544001901
1767,4253.119175660875
1768,4271.387356477784
1769,4284.823729850374
1770,4293.274942928885
1771,4299.47492121082
1772,4303.899352548512
1773,4305.985181189554
1774,4307.813619305387
1775,4308.1745444647495
1776,4312.618979179315
1777,4320.400846717814
1778,4329.667019331733
1779,4339.039109528111
1780,4348.903393970668
1781,4358.2655763201155
1782,4367.246440311248
1783,4374.156313540208
1784,4379.957596591086
1785,4384.2686617449635
1786,4386.009072835196
1787,4387.186967866121
1788,4388.578637685797
1789,4389.665645727219
1790,4391.150829246697
1791,4394.2551655138595
1792,4395.989997949217
1793,4396.850663356904
1794,4396.663323497788
1795,4395.550726573758
1796,4393.356642214804
1797,4391.139915564546
1798,4388.798292600317
1799,4384.038286320428
1800,4377.930715897747
1801,4369.725011870973
1802,4358.75787772829
1803,4343.642252559104
1804,4324.191830610577
1805,4299.12736063538
1806,4269.508856919159
1807,4238.587699901232
1808,4205.591039757328
1809,4170.236521719935
1810,4132.85429691618
1811,4094.067967925063
1812,4055.4684884226285
1813,4017.5204938120155
1814,3980.366158615101
1815,3946.3033316247747
1816,3915.0337088655847
1817,3886.145119205263
1818,3859.8153915101157
1819,3835.910476587435
1820,3812.2653833227255
1821,3787.7756264308628
1822,3761.6029711782476
1823,3733.1336249019673
1824,3708.3652936416033
1825,3681.339231248583
1826,3653.393052215131
1827,3624.38197944781
1828,3596.8652618198907
1829,3571.3709725083772
1830,3549.6611065223774
1831,3531.0131202379757
1832,3515.1588004259215
1833,3501.9776533814693
1834,3491.057366261102
1835,3482.194178824739
1836,3475.5105845100616
1837,3471.119367067371
1838,3468.7313655760368
1839,3465.706313100564
1840,3460.2504061349837
1841,3453.8113429929476
1842,3444.9822853670985
1843,3435.2319895189908
1844,3425.9729353118714
1845,3418.1793435032846
1846,3411.6314823838343
1847,3405.832579786461
1848,3399.9780825661674
1849,3391.7053074504834
1850,3383.5808215266966
1851,3375.2697074126872
1852,3367.2374502991474
1853,3360.3525007992275
1854,3357.170950286542
1855,3358.232361925886
1856,3361.0505659408777
1857,3368.668933774822
1858,3377.4790451560298
1859,3387.9339713106665
1860,3397.4623014005697
1861,3409.6441317054982
1862,3423.351500417634
1863,3438.7083812223127
1864,3455.575415094891
1865,3474.7665616315094
1866,3495.2913297281157
1867,3515.799803063146
1868,3538.579930464208
1869,3562.0191104298283
1870,3587.498245305016
1871,3615.1799896847224
1872,3646.149905444824
1873,3680.604627213994
1874,3720.0448212896213
1875,3762.922912202528
1876,3807.769199366534
1877,3853.811641573923
1878,3899.09872965009
1879,3940.412543945344
1880,3976.3020811479396
1881,4007.5259785141975
1882,4034.806028662444
1883,4060.305018659983
1884,4084.98447893303
1885,4106.200779902117
1886,4125.22840701714
1887,4142.544732511931
1888,4159.429666296064
1889,4175.497275071701
1890,4192.812908301171
1891,4210.316213978483
1892,4227.6557352119025
1893,4245.343765399364
1894,4266.32354049828
1895,4291.266522041811
1896,4316.967067088785
1897,4343.159264865374
1898,4369.794236852973
1899,4396.042222042158
1900,4423.612977247276
1901,4450.604104179223
1902,4477.379804923343
1903,4502.379669285943
1904,4525.002269690263
1905,4545.456078764286
1906,4563.873192171139
1907,4580.6749407550205
1908,4594.8236772203345
1909,4606.181333176544
1910,4618.481149227402
1911,4629.827694752883
1912,4641.121639064276
1913,4650.090758289112
1914,4659.080005915251
1915,4668.72776698638
1916,4675.899201197388
1917,4681.681009563498
1918,4685.236651205596
1919,4686.810947458333
1920,4685.22829047729
1921,4681.445707846193
1922,4676.294720824289
1923,4668.461297003091
1924,4660.948558141202
1925,4650.74930262827
1926,4640.54652540497
1927,4631.122741304197
1928,4619.419975942803
1929,4608.934313849922
1930,4598.12377933722
1931,4591.429616543304
1932,4586.263429930585
1933,4582.3258471248355
1934,4577.52914477782
1935,4573.453950131894
1936,4566.6010176533555
1937,4554.952881113062
1938,4544.819002323006
1939,4532.211291188979
1940,4519.478565247566
1941,4506.642042723317
1942,4495.867458676187
1943,4485.805495272778
1944,4479.786094833504
1945,4476.633717307116
1946,4473.345027657248
1947,4470.068742620664
1948,4466.49411422943
1949,4460.823200307795
1950,4456.4009003743695
1951,4450.316290165356
1952,4444.334719165731
1953,4438.436262274619
1954,4435.14619701371
1955,4434.412608385186
1956,4434.908605681117
1957,4435.707141142295
1958,4441.268924548166
1959,4449.636732111527
1960,4460.715252727475
1961,4475.54939385295
1962,4493.275107764085
1963,4513.503070985301
1964,4536.616567453905
1965,4560.0546002229075
1966,4585.220019280339
1967,4610.036557002535
1968,4633.644833270703
1969,4658.25916666706
1970,4682.098917541501
1971,4709.4580921776205
1972,4737.592779727619
1973,4765.184682225491
1974,4791.910275613264
1975,4815.201885278405
1976,4836.2251298028505
1977,4854.744914007336
1978,4873.560321254148
1979,4892.472713926559
1980,4908.744894365217
1981,4924.095083752458
1982,4937.40181273698
1983,4951.373531719862
1984,4960.928660483296
1985,4968.90267298383
1986,4974.568323197617
1987,4979.059249605657
1988,4981.30174212453
1989,4981.765072158482
1990,4980.588384765897
1991,4980.687336533368
1992,4977.705072405994
1993,4976.82253961775
1994,4977.353898321896
1995,4977.816180394503
1996,4976.853874607513
1997,4972.84394607762
1998,4966.506340717863
1999,4959.5159363258135
2000,4952.916418266639
2001,4947.22525314843
2002,4941.546188943029
2003,4937.072501635322
2004,4931.940716276742
2005,4923.973643249128
2006,4913.901100000442
2007,4901.479230916677
2008,4883.0396592971865
2009,4860.292685647657
2010,4834.695294331504
2011,4807.422035301593
2012,4777.806854814166
2013,4747.017670013119
2014,4713.771945756361
2015,4679.902496016854
2016,4643.785848449856
2017,4603.406029345622
2018,4558.1621208117795
2019,4510.833450251719
2020,4459.541400983859
2021,4405.161149648256
2022,4347.456427751092
2023,4289.5740683758
2024,4232.77045817076
2025,4174.267527876071
2026,4116.887924853847
2027,4060.7216475547157
2028,4006.7876341289593
2029,3953.6234068033796
2030,3902.682643507836
2031,3853.4763310807857
2032,3806.023992368866
2033,3760.510563272963
2034,3716.0004876645826
2035,3674.3924281790646
2036,3634.5380152770044
2037,3597.3035032263706
2038,3566.071995813037
2039,3540.102232642776
2040,3522.7128331370927
2041,3510.0280307241255
2042,3503.1712909615817
2043,3500.5749403253226
2044,3501.371443643465
2045,3505.8205934317366
2046,3515.227397854251
2047,3530.077493577745
2048,3548.9470200343803
2049,3571.915054334186
2050,3598.1325875999014
2051,3627.688763691063
2052,3653.4026368903733
2053,3685.376210180559
2054,3720.6450383596716
2055,3756.926599529597
2056,3791.460812554911
2057,3826.4159771631275
2058,3859.1869853237818
2059,3886.749034496822
2060,3910.949594158644
2061,3932.7964794233526
2062,3953.3563823051595
2063,3973.866674880334
2064,3994.8678284225207
2065,4017.2978728746775
2066,4042.8176384082253
2067,4073.6624217599838
2068,4106.958765976763
2069,4144.065723400312
2070,4184.7150722208025
2071,4228.638062527677
2072,4273.62516392493
2073,4320.021304828686
2074,4364.919013044562
2075,4407.517321968855
2076,4448.930137097498
2077,4487.695872940584
2078,4523.370303412967
2079,4558.091369908265
2080,4591.882892924721
2081,4626.196507911624
2082,4658.570639667596
2083,4689.785698521598
2084,4722.3379366444715
2085,4753.042361569615
2086,4782.29266588798
2087,4811.798436999911
2088,4840.0065965103695
2089,4867.065024896007
2090,4896.276257616113
2091,4926.882295298208
2092,4956.332332091166
2093,4987.408290532124
2094,5014.989625437756
2095,5037.427756596125
2096,5054.783537563308
2097,5066.5886077015475
2098,5072.793329681125
2099,5068.809690980452
2100,5058.226506687578
2101,5042.878047293379
2102,5021.23298755383
2103,4993.430108055513
2104,4960.5615212168295
2105,4924.999058125182
2106,4889.650968230702
2107,4857.32815332509
2108,4830.137683592708
2109,4806.481974925534
2110,4790.186096327771
2111,4779.461272947838
2112,4770.839063118401
2113,4762.4261794924405
2114,4749.936125569348
2115,4735.785063171899
2116,4720.307519870189
2117,4702.703933770912
2118,4685.125180144625
2119,4668.287656513361
2120,4651.070531730253
2121,4634.7580922930365
2122,4620.615449244231
2123,4608.349442982276
2124,4598.058194930407
2125,4588.483317244439
2126,4581.252119163737
2127,4579.265693899186
2128,4581.969377038712
2129,4587.979344610916
2130,4599.529727245813
2131,4614.860618137015
2132,4635.5213366308835
2133,4659.467426188699
2134,4685.592962474699
2135,4714.440457066083
2136,4745.856447014424
2137,4780.637140766208
2138,4814.133982377537
2139,4848.023830372161
2140,4881.34218912554
2141,4911.5728877817055
2142,4937.777149653125
2143,4962.628769433356
2144,4984.305395787967
2145,5002.969114114181
2146,5020.307565774844
2147,5036.279931044589
2148,5049.696762050389
2149,5059.8289821407225
2150,5065.49204315976
2151,5066.862627036903
2152,5063.483606214463
2153,5054.234961691695
2154,5039.391871184992
2155,5021.854894443745
2156,5001.607177049768
2157,4979.106562591161
2158,4954.277019602218
2159,4926.295481343491
2160,4896.16008727306
2161,4864.61639812435
2162,4831.015811229659
2163,4795.178845418914
2164,4756.575764846174
2165,4716.178332325605
2166,4681.032566032712
2167,4643.9984625699435
2168,4605.3122480925085
2169,4564.646277507527
2170,4522.958535152455
2171,4480.495791444083
2172,4440.175164137423
2173,4399.745113331889
2174,4359.131099052375
2175,4318.22987596404
2176,4276.860701007678
2177,4235.669680752213
2178,4195.966289869511
2179,4156.058878384605
2180,4118.060591318455
2181,4081.436251689025
2182,4047.4819054081267
2183,4012.654797146378
2184,3977.769988912475
2185,3943.558299760644
2186,3910.484534674134
2187,3881.0066464961487
2188,3853.9128617708834
2189,3830.2474762924935
2190,3811.217409959943
2191,3794.9221139282354
2192,3782.3382355426456
2193,3773.0294945615215
2194,3766.239003594527
2195,3761.931069418934
2196,3759.9794858581067
2197,3761.187667244253
2198,3764.415304834674
2199,3771.563126716958
2200,3778.660282289336
2201,3787.7680957178354
2202,3799.121001888855
2203,3810.350904599547
2204,3821.6649429419836
2205,3833.1614213416806
2206,3844.5208123549514
2207,3854.4129935320902
2208,3861.6947274705417
2209,3867.916741511322
2210,3871.3701770502075
2211,3873.3860357631806
2212,3872.178265305005
2213,3868.369434138985
2214,3863.040576519616
2215,3855.5379193792733
2216,3845.994325727555
2217,3834.552550697277
2218,3822.479434866667
2219,3808.296674454595
2220,3792.384022942328
2221,3775.5604591347483
2222,3757.99641645804
2223,3742.715699329304
2224,3725.406093530222
2225,3706.3158403800167
2226,3687.1712989717757
2227,3667.738968114738
2228,3649.1215641489102
2229,3631.222482683684
2230,3612.413782244381
2231,3594.73900168159
2232,3577.9166383866
2233,3561.6533231513654
2234,3546.5054897282635
2235,3531.382643235005
2236,3516.043021597886
2237,3501.4619274575743
2238,3487.939336927164
2239,3474.3218340070716
2240,3460.137871920423
2241,3446.187728949906
2242,3432.707871075993
2243,3418.301915321587
2244,3403.677537269932
2245,3390.0288850312622
2246,3377.7805113053832
2247,3366.9086970394314
2248,3356.5187212875317
2249,3346.749576317967
2250,3338.8465335274705
2251,3331.913469089544
2252,3329.116020735531
2253,3329.788117270388
2254,3333.845183333264
2255,3340.7936282498767
2256,3351.6914497590433
2257,3364.2216214571945
2258,3379.1876575713
2259,3396.894206446215
2260,3417.9701556237733
2261,3443.1193619792157
2262,3471.9469080422173
2263,3503.5356533653653
2264,3538.672321456529
2265,3576.304110747607
2266,3618.0718891617853
2267,3665.0311514271225
2268,3716.951495875522
2269,3773.5836373501184
2270,3835.8923772489547
2271,3902.3208827749577
2272,3972.848044651805
2273,4046.0736126260017
2274,4122.2048121553
2275,4202.219916100753
2276,4284.377275636233
2277,4367.137137351977
2278,4446.835222868166
2279,4525.3414964848325
2280,4593.641954531331
2281,4660.311071913604
2282,4724.147911449925
2283,4786.4007124638765
2284,4845.553703460419
2285,4899.958926366004
2286,4948.513922221407
2287,4992.570037319576
2288,5031.391708374781
2289,5066.121235768905
2290,5096.339039059536
2291,5122.603971460118
2292,5145.455751186779
2293,5164.613775917318
2294,5178.710918759175
2295,5189.066477240581
2296,5196.594459383222
2297,5199.579741059795
2298,5198.4804719411395
2299,5191.976908859899
2300,5180.471797798685
2301,5161.511448425751
2302,5136.105737087905
2303,5106.178716717228
2304,5072.911873948318
2305,5036.478247266294
2306,4997.725543021433
2307,4959.666051454799
2308,4922.09390929785
2309,4885.670363177554
2310,4849.152224571297
2311,4812.301482125062
2312,4778.120649677793
2313,4745.68825309131
2314,4717.871038204893
2315,4695.628741873845
2316,4677.927742316377
2317,4664.62742447601
2318,4654.867191807191
2319,4645.273168995559
2320,4635.602098395888
2321,4626.17908778928
2322,4616.136573123372
2323,4606.04291774396
2324,4596.982421799483
2325,4586.410146683141
2326,4575.475788647336
2327,4565.976288289599
2328,4557.266219076095
2329,4549.918528645409
2330,4543.426780561082
2331,4538.511580717784
2332,4535.282016044466
2333,4533.171285686237
2334,4533.0294148248795
2335,4537.9849989690365
2336,4546.279031719816
2337,4553.494840212995
2338,4564.678813237687
2339,4577.780674013232
2340,4592.351373468865
2341,4607.829817430337
2342,4623.330135885783
2343,4639.790851503811
2344,4656.619427802727
2345,4674.574165440642
2346,4694.570530983171
2347,4715.621337856431
2348,4737.677986139486
2349,4760.981746577208
2350,4782.744716231644
2351,4803.7803034581475
2352,4825.731780862046
2353,4848.878164846682
2354,4871.413373435842
2355,4892.675600074886
2356,4913.990728826632
2357,4933.429322497264
2358,4950.938718137455
2359,4966.364157726836
2360,4980.50567536601
2361,4991.740628180146
2362,4999.145778897787
2363,5003.933972022372
2364,5005.584375226978
2365,5004.850255047637
2366,5002.0820259408265
2367,4998.044312926605
2368,4991.67292335245
2369,4983.3766144852025
2370,4973.950969682916
2371,4963.965120141658
2372,4952.774587058825
2373,4939.7248923018215
2374,4925.417502079561
2375,4910.794535599392
2376,4896.033650376631
2377,4881.236050175582
2378,4866.699982151147
2379,4851.057332942047
2380,4834.463755664356
2381,4818.15472115291
2382,4802.0044645269845
2383,4787.63354103021
2384,4772.856217434833
2385,4758.2378369267735
2386,4744.489119354436
2387,4731.503885991755
2388,4716.618618054407
2389,4701.5918599832585
2390,4689.872682484068
2391,4679.661227029785
2392,4671.624788245519
2393,4667.104377949976
2394,4663.171620992854
2395,4663.2992019100675
2396,4662.532237887477
2397,4659.571540138455
2398,4651.150432322352
2399,4635.256947886076
2400,4614.612126663872
2401,4586.625721560615
2402,4554.601643822599
2403,4519.564470177959
2404,4482.172861845877
2405,4444.154681216104
2406,4405.703401896215
2407,4364.087195557212
2408,4320.784567824184
2409,4277.118826746045
2410,4233.7505676727815
2411,4190.099808105009
2412,4149.975781014497
2413,4112.3774149722985
2414,4078.042098300213
2415,4045.998061356068
2416,4014.9365174118675
2417,3985.382735323296
2418,3956.1238729134757
2419,3928.357883989795
2420,3903.7489212092205
2421,3881.911963853858
2422,3861.6098015937055
2423,3841.9888773192406
2424,3822.8696780990813
2425,3805.054871227613
2426,3788.3611520666673
2427,3773.791346506782
2428,3761.7297894837225
2429,3754.344528585982
2430,3752.2883195354393
2431,3753.527581417011
2432,3757.8669615672184
2433,3766.930821168607
2434,3778.474446547793
2435,3792.725603196101
2436,3809.3789231917294
2437,3825.673982989672
2438,3843.8007127868236
2439,3864.36212664477
2440,3885.479033006873
2441,3907.980231427191
2442,3930.0779499476366
2443,3954.0131625974673
2444,3977.646710103453
2445,4000.744288347215
2446,4024.352913724829
2447,4050.7858396671413
2448,4081.9060773015844
2449,4118.459259534782
2450,4162.17832336021
2451,4200.213908888331
2452,4245.922361517407
2453,4297.722381106642
2454,4350.818916830654
2455,4402.855889155165
2456,4451.900782445766
2457,4497.617873321807
2458,4538.615710631132
2459,4575.4994626558955
2460,4608.256033492064
2461,4636.848150929423
2462,4661.221633834384
2463,4679.792753450359
2464,4691.622168129051
2465,4699.343140183531
2466,4703.939755762632
2467,4708.147872502369
2468,4709.531714637433
2469,4709.191958368125
2470,4706.95804091255
2471,4701.566212066016
2472,4693.526938514029
2473,4681.681886816095
2474,4666.354228496006
2475,4647.883810414239
2476,4628.387091759699
2477,4607.6600320733205
2478,4585.823398724727
2479,4562.180138309068
2480,4537.597403004687
2481,4512.73762560351
2482,4484.649781931685
2483,4459.883122723821
2484,4438.041316740183
2485,4422.209948300193
2486,4411.050541442467
2487,4402.83606149774
2488,4400.146295427936
2489,4398.911544848907
2490,4396.486155896108
2491,4394.2285635896815
2492,4392.568425233755
2493,4389.342229516176
2494,4382.432917480794
2495,4372.429130041304
2496,4358.017908401422
2497,4342.324981258815
2498,4322.438672209067
2499,4295.921292169792
2500,4262.530356583541
2501,4221.0303058972595
2502,4174.679275252298
2503,4125.834116521136
2504,4075.9650208432436
2505,4026.024565128569
2506,3977.8189935033033
2507,3936.2247576907594
2508,3900.0377725338462
2509,3866.706599499339
2510,3839.2178098500312
2511,3816.5677151551995
2512,3799.4096928652816
2513,3788.3317517022792
2514,3782.56744174694
2515,3780.928525563389
2516,3781.907363937451
2517,3784.525995944258
2518,3788.0401097378203
2519,3791.638875464649
2520,3795.588684826502
2521,3799.1743640512504
2522,3802.9133202289386
2523,3806.656217598329
2524,3812.8669347732643
2525,3820.99621022458
2526,3832.4568063648667
2527,3846.2852430311873
2528,3861.8551358187547
2529,3877.2911383635756
2530,3892.0581690892814
2531,3907.2939353907896
2532,3925.6773440754228
2533,3945.630616720424
2534,3964.6047530986716
2535,3984.0850780220107
2536,3999.6399770734165
2537,4013.982519536891
2538,4024.8432763323513
2539,4032.2431152752943
2540,4038.9303764976003
2541,4044.594315821653
2542,4047.6643767237183
2543,4046.0581306257986
2544,4041.179605661348
2545,4034.3010658750377
2546,4024.228884390324
2547,4012.471795611688
2548,3998.9471438299884
2549,3984.24254400714
2550,3969.4532136792145
2551,3955.2278016783443
2552,3943.1677744594563
2553,3935.1344529671514
2554,3927.9674514640933
2555,3923.6883169052594
2556,3923.4863179331
2557,3923.720837427399
2558,3927.7391763052683
2559,3936.244152413422
2560,3950.1773212572075
2561,3965.5462115205255
2562,3981.0623477007202
2563,3995.4039418712932
2564,4010.3027875587723
2565,4023.2647833068795
2566,4036.418405036952
2567,4045.0976461399127
2568,4048.5804301990324
2569,4050.235612534377
2570,4049.338446873528
2571,4044.1807407672363
2572,4036.8170100844386
2573,4026.999693662287
2574,4013.39318569286
2575,3998.114636495043
2576,3980.548236085997
2577,3963.163079330418
2578,3942.680191712195
2579,3920.5551256255126
2580,3898.348164103245
2581,3876.680608459725
2582,3857.0437737821535
2583,3839.136951413043
2584,3821.743819847172
2585,3804.6907770496055
2586,3786.6592046824535
2587,3769.131536258834
2588,3750.342004170585
2589,3731.80769357405
2590,3713.169781902668
2591,3692.8341550693744
2592,3671.416425457056
2593,3648.113679793137
2594,3625.6267744601546
2595,3601.947282002018
2596,3576.5798891920876
2597,3549.8047423781386
2598,3524.718758803169
2599,3500.191982828947
2600,3478.2138421597856
2601,3457.4456778572926
2602,3438.0787152385064
2603,3419.193443056195
2604,3401.9314642448835
2605,3385.8757000338614
2606,3373.6035977526512
2607,3367.2801105371955
2608,3364.9468852256405
2609,3364.5601285629564
2610,3364.6604279581156
2611,3365.446443821456
2612,3365.987108797456
2613,3366.5115546080924
2614,3367.218818043899
2615,3368.265158633014
2616,3368.986525074583
2617,3369.5134975408523
2618,3371.2277345335806
2619,3375.379290583471
2620,3384.8835035866
2621,3401.1503972246674
2622,3415.302594689787
2623,3437.3865717856875
2624,3465.1611702647915
2625,3498.073534131327
2626,3535.918976610692
2627,3579.3344313907096
2628,3627.989678335936
2629,3680.83602528185
2630,3736.6780658651346
2631,3795.132704968439
2632,3854.7530999354603
2633,3915.6576059686454
2634,3978.6034604610113
2635,4042.629018608052
2636,4107.712643179045
2637,4173.272712151797
2638,4238.450681756378
2639,4299.797942170775
2640,4358.221024028072
2641,4414.856742198679
2642,4468.281292470092
2643,4520.410601647863
2644,4570.928020235214
2645,4619.372626788207
2646,4664.867640823198
2647,4705.401597070387
2648,4743.389639285575
2649,4775.578712744287
2650,4801.807987067534
2651,4821.345082249659
2652,4834.590598485666
2653,4843.3343321395605
2654,4848.223498818239
2655,4848.445388054865
2656,4845.26989224869
2657,4838.462098733807
2658,4825.039269998776
2659,4809.252892225068
2660,4790.915356562825
2661,4770.245108817721
2662,4748.017772290162
2663,4727.151303574105
2664,4704.7169547034055
2665,4681.720216006096
2666,4657.200757548783
2667,4633.374647563016
2668,4610.019822346363
2669,4589.447527361386
2670,4571.286156255005
2671,4556.864063895466
2672,4545.4233533805
2673,4538.307944397558
2674,4534.219314477144
2675,4530.977849720593
2676,4527.320794303204
2677,4521.717001812354
2678,4515.1881960795545
2679,4509.508135092019
2680,4501.515167951873
2681,4489.0923104386875
2682,4471.315665407566
2683,4448.390418915933
2684,4419.182844888156
2685,4383.796241193414
2686,4340.601433302405
2687,4291.543004102518
2688,4237.013227172543
2689,4181.046792907172
2690,4120.637416901918
2691,4059.346500786831
2692,3996.725935173091
2693,3932.4420021304763
2694,3868.2547909320674
2695,3803.553424600984
2696,3741.1319881663635
2697,3682.5109167281726
2698,3629.029118839908
2699,3580.6838896497266
2700,3536.286678545071
2701,3495.174130091758
2702,3459.312271810229
2703,3428.6016465981347
2704,3406.579884352678
2705,3389.538535154229
2706,3378.2691644563884
2707,3373.7769908455507
2708,3375.0927095888883
2709,3378.9794210661007
2710,3387.5606794277055
2711,3400.024458388986
2712,3414.9983233773805
2713,3434.610706441413
2714,3457.3827645021606
2715,3484.1227502607912
2716,3516.155020677483
2717,3550.2079543524283
2718,3587.3617587168187
2719,3627.3375907501404
2720,3670.496733018925
2721,3714.707849692236
2722,3758.962457615005
2723,3805.4169175204647
2724,3851.2173967061294
2725,3895.050771947606
2726,3937.038512395622
2727,3977.8328044600844
2728,4017.0349626140633
2729,4053.2005367388692
2730,4086.5291184200128
2731,4117.467600289708
2732,4148.922724402839
2733,4181.716099021707
2734,4215.500973349886
2735,4254.447503476339
2736,4288.330984686352
2737,4327.731402390976
2738,4372.6217289552205
2739,4420.7457213899825
2740,4471.666215264746
2741,4525.119521694348
2742,4580.063508300363
2743,4636.805554328661
2744,4694.346968084432
2745,4751.1084390128
2746,4806.05403237773
2747,4860.63888476113
2748,4917.085403501649
2749,4973.47533239805
2750,5029.897963654757
2751,5087.34786321142
2752,5144.872440543678
2753,5198.5554412127785
2754,5249.12163212562
2755,5298.3045937967245
2756,5344.574185394085
2757,5388.679951639028
2758,5430.820284624557
2759,5468.898513821408
2760,5503.712087809782
2761,5533.841543956538
2762,5559.440632325895
2763,5580.996355001887
2764,5599.8845022835
2765,5615.087328956175
2766,5624.691071925298
2767,5630.7521887801395
2768,5632.2737498026045
2769,5627.262298708331
2770,5616.774764731452
2771,5602.146624478543
2772,5584.119592899299
2773,5561.649447536228
2774,5535.192554324697
2775,5506.725639346143
2776,5477.192886155481
2777,5445.967155491319
2778,5414.452818535294
2779,5379.63734182494
2780,5342.121090741806
2781,5305.119718819484
2782,5267.870807256783
2783,5230.867883297397
2784,5194.666369477053
2785,5157.794753201801
2786,5122.2038857914695
2787,5086.8636496181225
2788,5052.327885486788
2789,5017.909637013092
2790,4983.33565613686
2791,4952.807097924016
2792,4923.339225117086
2793,4897.702175775058
2794,4873.191165581455
2795,4850.147510791379
2796,4827.190323197128
2797,4805.638605248977
2798,4784.582680584763
2799,4764.3948010095
2800,4744.4879499378
2801,4727.460793194016
2802,4712.28295507122
2803,4698.182970732029
2804,4683.934737865322
2805,4669.1124353851965
2806,4653.720577553136
2807,4637.799114859793
2808,4620.53803286173
2809,4604.023570309971
2810,4588.278338128399
2811,4570.799285101733
2812,4554.691141248678
2813,4537.88864065895
2814,4521.915326704843
2815,4507.900506442993
2816,4497.094128318635
2817,4489.5884990069535
2818,4484.985778142861
2819,4481.277557107987
2820,4479.679117660015
2821,4479.974455180214
2822,4482.582463510849
2823,4488.028205055198
2824,4495.451565175496
2825,4505.160394447824
2826,4515.626546611954
2827,4528.053618468804
2828,4541.304746171721
2829,4556.589685578843
2830,4573.874364075942
2831,4591.744950393631
2832,4607.30789092749
2833,4620.678995236354
2834,4632.806880324302
2835,4645.858647462139
2836,4660.129303122088
2837,4673.82629797026
2838,4688.915803058846
2839,4702.242555716562
2840,4713.629935741071
2841,4725.403886672432
2842,4733.500690685754
2843,4737.971907832141
2844,4736.256747120845
2845,4730.556634637304
2846,4721.712017482954
2847,4709.754918422728
2848,4692.996748892243
2849,4673.137769350591
2850,4655.860457149354
2851,4637.701441713267
2852,4616.69261468063
2853,4591.141836868964
2854,4561.363018002256
2855,4530.276549046975
2856,4499.562272813617
2857,4468.386501036351
2858,4436.927812120331
2859,4406.369166153444
2860,4377.6231514836845
2861,4352.054076375514
2862,4327.5622282387485
2863,4305.004615546971
2864,4284.394690773955
2865,4263.493141760973
2866,4240.558014390797
2867,4219.305612649722
2868,4197.203012978015
2869,4176.652871747783
2870,4158.588761971687
2871,4142.142431982696
2872,4126.299694335206
2873,4111.042037981581
2874,4097.47567279706
2875,4085.746316142404
2876,4076.455146045786
2877,4070.9363068586927
2878,4066.327422052566
2879,4064.163237633313
2880,4063.6248776565067
2881,4064.120834615364
2882,4062.7349489822636
2883,4062.137160297357
2884,4060.8132207937424
2885,4058.8182262585865
2886,4056.4432288767816
2887,4051.2549708152437
2888,4042.9236398316334
2889,4033.7013982959
2890,4021.6004563052556
2891,4007.585419646448
2892,3991.661945953337
2893,3976.3079798211825
2894,3962.154366260131
2895,3950.7409005364516
2896,3942.14711304199
2897,3936.4710973526544
2898,3932.8065067417892
2899,3931.710314029434
2900,3934.146672241294
2901,3938.7129675840047
2902,3946.6545431443437
2903,3956.131834518762
2904,3968.471355779708
2905,3982.35204935923
2906,3999.3265941589007
2907,4014.094448134614
2908,4030.5444076562953
2909,4049.780420386156
2910,4069.398323418459
2911,4092.065247847606
2912,4115.287910943888
2913,4139.314620113713
2914,4164.8766065754
2915,4190.205559960458
2916,4214.2218931257885
2917,4237.30765361388
2918,4259.325526512472
2919,4279.68063118732
2920,4298.075229515752
2921,4315.824995538257
2922,4332.650871208042
2923,4349.215875116624
2924,4365.410857723204
2925,4380.379858999362
2926,4393.835546599534
2927,4404.386551151434
2928,4413.1543426000235
2929,4420.044514552079
2930,4423.147165336145
2931,4423.8241545533865
2932,4425.487379797922
2933,4426.461449982433
2934,4428.164670604514
2935,4430.156995277874
2936,4432.336643109723
2937,4437.961506558154
2938,4445.877412995698
2939,4456.719654766964
2940,4469.145491112704
2941,4483.223478409245
2942,4498.044251858482
2943,4510.541367153831
2944,4523.6318883418235
2945,4537.329394595957
2946,4550.174997794839
2947,4564.563954202106
2948,4579.840730981334
2949,4592.879542467506
2950,4603.750403903208
2951,4613.747067427177
2952,4619.801865209249
2953,4623.086173247485
2954,4622.206634014265
2955,4618.224669359535
2956,4612.516453964729
2957,4605.474468981686
2958,4596.822930881776
2959,4588.417814674929
2960,4579.4567787695605
2961,4568.664668133462
2962,4557.339367235719
2963,4545.049497886564
2964,4534.357311552799
2965,4523.4842670445805
2966,4512.9910830751905
2967,4502.236718164435
2968,4492.854410754728
2969,4482.673962259501
2970,4473.632425422115
2971,4467.346400106758
2972,4463.958268692877
2973,4464.269888129209
2974,4464.964351178122
2975,4468.048240247362
2976,4472.29049483781
2977,4477.983503272196
2978,4484.487066978075
2979,4491.757030850058
2980,4499.691628338731
2981,4508.260593813935
2982,4515.099663024538
2983,4521.235813480984
2984,4528.066047786326
2985,4537.179308119097
2986,4549.851157367516
2987,4564.120742468695
2988,4579.228108415884
2989,4596.777953441684
2990,4614.968445583628
2991,4633.005053892391
2992,4653.559258081359
2993,4676.324964132723
2994,4701.724753724876
2995,4729.192666682908
2996,4756.420425029105
2997,4783.001252050441
2998,4807.09282112523
2999,4830.801509627646
3000,4853.689634218333
3001,4874.722543515047
3002,4894.586178038803
3003,4913.828799794338
3004,4930.461348686812
3005,4942.870328929775
3006,4950.774332446235
3007,4954.214362488143
3008,4952.747071834953
3009,4947.993372043865
3010,4938.841521951644
3011,4925.051751826221
3012,4908.762904898762
3013,4891.145393177709
3014,4871.393084879477
3015,4850.248183313246
3016,4826.718473919636
3017,4801.389343547405
3018,4773.363552538496
3019,4742.789450539837
3020,4708.99380465443
3021,4679.5915927341275
3022,4645.202862041961
3023,4607.415618910859
3024,4567.853948568642
3025,4529.654495292393
3026,4492.8745062778235
3027,4457.894941240312
3028,4425.931752922296
3029,4395.762582946939
3030,4367.280103766361
3031,4340.562308010054
3032,4315.88092473806
3033,4292.522050238266
3034,4270.609119176116
3035,4250.715730686262
3036,4230.771724605664
3037,4211.091740632601
3038,4190.632897290636
3039,4170.699821283826
3040,4148.253110053579
3041,4121.43484916634
3042,4092.97893629382
3043,4063.6314224010757
3044,4031.541992497946
3045,3997.559242278567
3046,3962.411043367105
3047,3926.749627581653
3048,3891.3911437661895
3049,3857.0070653199614
3050,3824.764437658381
3051,3794.830866284822
3052,3765.53644165171
3053,3738.332837808245
3054,3712.947183068072
3055,3686.374233925011
3056,3663.5441471881027
3057,3643.551797309632
3058,3626.02155969674
3059,3614.261867925775
3060,3606.203342100961
3061,3601.2663784059264
3062,3600.7667080086976
3063,3605.951065773511
3064,3614.9083811775695
3065,3629.003816371069
3066,3647.8235334639116
3067,3670.873873393884
3068,3699.0628560019295
3069,3734.0124240434834
3070,3774.4625342286035
3071,3819.0819050018563
3072,3868.7186498029987
3073,3920.1185851944824
3074,3970.8290348937508
3075,4017.858427625845
3076,4062.0487579971796
3077,4102.015462414023
3078,4136.786495256676
3079,4166.741615458717
3080,4193.440271852063
3081,4217.721509792355
3082,4237.29402155373
3083,4255.623695423468
3084,4270.972742879468
3085,4283.434185868814
3086,4294.595624501944
3087,4304.655870221451
3088,4311.976024054542
3089,4318.133282829623
3090,4322.927005647728
3091,4326.132617252309
3092,4328.980460238679
3093,4331.288977878213
3094,4333.484094493467
3095,4335.301781407485
3096,4337.380928629186
3097,4338.435149887154
3098,4338.169405370463
3099,4335.440364130946
3100,4328.944941652617
3101,4319.881930731391
3102,4307.4409833675645
3103,4293.337282885461
3104,4278.7059098125965
3105,4263.984987236723
3106,4248.101071577504
3107,4232.635685415719
3108,4216.973496730066
3109,4200.122218432154
3110,4182.315315498182
3111,4163.877561447072
3112,4142.980283485654
3113,4118.770132059657
3114,4092.170485864927
3115,4061.9762067215006
3116,4027.6031441277373
3117,3993.0780670088857
3118,3956.8132580367924
3119,3918.020774561665
3120,3878.7201643348917
3121,3838.681414350599
3122,3798.5569078264616
3123,3757.3565546099503
3124,3714.7795171574685
3125,3671.6752914221483
3126,3627.7098770142993
3127,3581.9632075688355
3128,3536.8984079945362
3129,3492.6119991701626
3130,3453.0705932689125
3131,3416.102876097333
3132,3382.915251834607
3133,3352.5795901148595
3134,3326.2802440364003
3135,3303.399812948141
3136,3284.8786796445306
3137,3269.6076939164172
3138,3255.8367542254314
3139,3241.652569438598
3140,3226.6409463263417
3141,3212.5928318460096
3142,3199.293122635571
3143,3185.614902128766
3144,3172.487541848797
3145,3161.3269820070573
3146,3148.915885053604
3147,3136.115571202853
3148,3124.5849121364117
3149,3112.838342446495
3150,3100.059174181448
3151,3089.034121329153
3152,3075.9862516301846
3153,3063.864346564175
3154,3053.9082760771757
3155,3047.604171124567
3156,3045.2069754998715
3157,3044.439796056474
3158,3046.128284952238
3159,3048.609692240124
3160,3049.9185690263826
3161,3053.7430425496696
3162,3059.0342999649024
3163,3063.352936302008
3164,3065.8825424593974
3165,3068.056530984374
3166,3070.861010375603
3167,3073.81465857261
3168,3077.3453192739285
3169,3082.718750670322
3170,3089.263040951366
3171,3095.6594733542383
3172,3102.35125910406
3173,3109.7527800339685
3174,3118.490931875188
3175,3129.50267805772
3176,3142.261495400564
3177,3157.8427035947248
3178,3176.481826389564
3179,3197.4544362550937
3180,3220.6847711490254
3181,3246.1021506253337
3182,3270.923272569597
3183,3295.133930792622
3184,3318.5711267403917
3185,3343.328181877146
3186,3372.0321973178666
3187,3400.2953072437244
3188,3432.466099106664
3189,3467.8731559402518
3190,3505.0790212511993
3191,3548.920845947379
3192,3587.0632334330544
3193,3631.5184951419374
3194,3681.599130076771
3195,3734.975199367409
3196,3791.1131854069135
3197,3847.631536155236
3198,3901.8627527988815
3199,3956.374494837562
3200,4006.5123845098647
3201,4054.971720320795
3202,4099.14613716418
3203,4139.50085974552
3204,4176.1631405637945
3205,4205.76105222733
3206,4229.153456680124
3207,4248.640846258991
3208,4264.98497198903
3209,4276.536836912037
3210,4287.175901416192
3211,4295.67883418041
3212,4300.210717278747
3213,4306.462941476538
3214,4313.461826796448
3215,4320.980447198245
3216,4330.057255699985
3217,4340.039206139737
3218,4347.863195726373
3219,4352.28764047762
3220,4355.7107444119265
3221,4354.40392511399
3222,4346.541705494034
3223,4337.537131547038
3224,4324.741789054333
3225,4308.674142904504
3226,4289.017574389256
3227,4268.0243436834135
3228,4245.946882903439
3229,4225.02627058218
3230,4202.591233027231
3231,4180.7263232793775
3232,4158.469602011738
3233,4133.870846704633
3234,4110.398068859024
3235,4088.7350509536764
3236,4066.788602435326
3237,4045.851137227784
3238,4028.73396686764
3239,4013.75410341693
3240,3997.9292267810442
3241,3982.124611464631
3242,3967.7200220733366
3243,3956.80663211556
3244,3946.8838374161555
3245,3937.448759565568
3246,3931.1384076833156
3247,3928.300370250205
3248,3928.6969815775637
3249,3929.0420334323658
3250,3930.6486987224125
3251,3935.9516332870003
3252,3942.8973539805042
3253,3946.159902334288
3254,3944.0996282218352
3255,3942.2494235544686
3256,3938.9001495684256
3257,3936.1691454115316
3258,3935.0497027540123
3259,3933.0663578286217
3260,3930.2211982600243
3261,3926.0606357532474
3262,3920.9917118401813
3263,3916.238514148893
3264,3910.348325082983
3265,3904.7218520168212
3266,3898.5779227255484
3267,3890.3938767454897
3268,3882.49696546458
3269,3873.376525216968
3270,3863.976218842415
3271,3856.373368748657
3272,3851.6076064529616
3273,3849.7664782997863
3274,3851.331267137139
3275,3857.2640506843927
3276,3871.517079849968
3277,3890.164396356604
3278,3912.003115024794
3279,3933.960186474326
3280,3957.610578123269
3281,3983.774492068049
3282,4011.8767012147277
3283,4042.505833686089
3284,4078.368216071363
3285,4115.004710045229
3286,4152.581584001112
3287,4190.245169141838
3288,4227.979613770146
3289,4266.167124425615
3290,4307.159289338469
3291,4349.182178394629
3292,4389.47848938107
3293,4429.084095158837
3294,4465.742508406792
3295,4499.158913858305
3296,4529.599476319907
3297,4555.371013685427
3298,4575.761359338937
3299,4590.549463167798
3300,4601.555770026667
3301,4608.87770355876
3302,4616.333980348692
3303,4626.4006644797455
3304,4636.9956885008605
3305,4653.554203129228
3306,4667.960110855908
3307,4687.614138270851
3308,4708.516282202537
3309,4729.315953275021
3310,4749.386457708708
3311,4767.901524448695
3312,4783.742879891724
3313,4794.929266404528
3314,4801.978910011555
3315,4811.093349780356
3316,4820.519231706543
3317,4829.421022496242
3318,4835.206572916311
3319,4837.825396456255
3320,4839.004434392328
3321,4839.045955570742
3322,4837.481856391356
3323,4834.58109260824
3324,4831.865986526799
3325,4829.239685358542
3326,4826.533945950614
3327,4822.526874333315
3328,4815.829705554162
3329,4807.549677260315
3330,4800.589880151321
3331,4796.854427420926
3332,4794.186696703628
3333,4794.364972141857
3334,4797.9463521390035
3335,4799.671010169035
3336,4797.660124953152
3337,4791.791082853624
3338,4778.546321159732
3339,4760.856521080999
3340,4744.717178644803
3341,4730.399645322401
3342,4717.163653541494
3343,4704.267510268882
3344,4691.104497053803
3345,4677.807544760354
3346,4660.968610421546
3347,4639.831956317031
3348,4616.357512003458
3349,4593.312027374184
3350,4566.975798652008
3351,4539.377894333093
3352,4510.209470205321
3353,4479.974684222779
3354,4446.071564753617
3355,4412.3170669121555
3356,4374.77673046093
3357,4336.483693603103
3358,4299.402636075132
3359,4265.659348116831
3360,4236.2385953889425
3361,4209.367140637786
3362,4185.474483724429
3363,4164.687872209807
3364,4147.326100949493
3365,4132.435179415144
3366,4118.839547743192
3367,4100.275493288208
3368,4083.898188544171
3369,4067.2851094187026
3370,4048.1505110117273
3371,4028.6379047188643
3372,4007.456437186914
3373,3988.3395344328997
3374,3971.2884778832936
3375,3958.55859601491
3376,3947.1137798413156
3377,3936.0025339144768
3378,3925.4314420563373
3379,3911.3628100223805
3380,3895.8054209823977
3381,3875.900899863323
3382,3852.703966872201
3383,3830.43248951206
3384,3805.0880031679326
3385,3778.3799689831326
3386,3750.465711376062
3387,3723.3659416215937
3388,3695.2203788754573
3389,3669.4737903816367
3390,3647.8830751543633
3391,3628.9094356417336
3392,3608.593158549222
3393,3586.020426603769
3394,3561.4940784771184
3395,3536.0663323296567
3396,3510.7492129558145
3397,3487.4901120212335
3398,3465.4365241187743
3399,3445.453037243264
3400,3429.384808649294
3401,3418.840135644915
3402,3412.2084439538608
3403,3411.2957798651196
3404,3414.895079912054
3405,3419.873696135434
3406,3430.311145757971
3407,3443.829994646743
3408,3458.768185029488
3409,3474.357139445553
3410,3489.977460690059
3411,3505.215880482177
3412,3521.5442514120036
3413,3539.2834016184947
3414,3557.3055169556437
3415,3578.123343257637
3416,3600.6871471235604
3417,3624.4602469999477
3418,3651.482328434139
3419,3679.561408848168
3420,3703.990208808373
3421,3731.6617127351283
3422,3761.449954093298
3423,3790.630670696341
3424,3818.7168239446287
3425,3845.785518037481
3426,3871.399049691121
3427,3895.227286363128
3428,3919.6651254686326
3429,3943.8655239880363
3430,3966.740567995553
3431,3989.3947380911704
3432,4009.6965667454288
3433,4027.7419235918173
3434,4043.761259120312
3435,4060.8634509316844
3436,4078.6561865791837
3437,4096.695360959486
3438,4116.3921150621545
3439,4136.737589464628
3440,4158.117674607371
3441,4179.377551210932
3442,4199.635962052544
3443,4217.692436112006
3444,4236.098327457058
3445,4254.907390179359
3446,4275.119690190107
3447,4294.405757122464
3448,4313.056338381695
3449,4332.866928482558
3450,4351.865645386499
3451,4367.0884557379095
3452,4381.700317363882
3453,4393.987096517658
3454,4404.413762866743
3455,4411.836110304911
3456,4417.5835640447995
3457,4421.18807043573
3458,4421.950411545062
3459,4423.2329435274505
3460,4422.331923899845
3461,4420.115313654933
3462,4416.958435448573
3463,4410.717079737248
3464,4401.040414589684
3465,4389.048171146163
3466,4373.607246168316
3467,4353.590030073611
3468,4329.550217442981
3469,4301.979603234034
3470,4269.801997513386
3471,4233.570741144345
3472,4197.163587384809
3473,4163.939944650402
3474,4136.288911822242
3475,4110.568759407848
3476,4091.7963568325767
3477,4075.4643665920908
3478,4063.729257822543
3479,4055.925408815694
3480,4048.30488011973
3481,4042.0746368558875
3482,4034.555707876717
3483,4023.8744509375415
3484,4010.5080979080926
3485,3994.750732226324
3486,3977.619213311206
3487,3960.6732231669944
3488,3944.9236070923753
3489,3928.6134916880137
3490,3911.8217914799084
3491,3898.199163017541
3492,3886.8918947849443
3493,3878.5212306835206
3494,3874.77275647029
3495,3873.1750513411043
3496,3874.246887173737
3497,3876.2410926234415
3498,3877.8418554258856
3499,3881.677118786637
3500,3887.5923233880626
3501,3895.10210648969
3502,3902.884368793359
3503,3911.300670198102
3504,3920.134620642709
3505,3929.2257376563894
3506,3939.228561619216
3507,3947.5417985555428
3508,3956.1795497003845
3509,3962.65984570789
3510,3968.0972473446664
3511,3973.489837854032
3512,3978.799455750803
3513,3985.2435421412397
3514,3993.992278359627
3515,3999.9860580794784
3516,4005.821723901796
3517,4009.1575339182964
3518,4012.436803612766
3519,4014.561442329182
3520,4015.690353123002
3521,4015.4169024306184
3522,4014.258393213136
3523,4011.58759993584
3524,4006.752677059429
3525,3997.270473756716
3526,3984.0896868302116
3527,3965.006160606874
3528,3939.8766242215706
3529,3912.3406706222495
3530,3885.2110261615526
3531,3857.6400267066356
3532,3829.7956716810354
3533,3805.239133130842
3534,3783.8749445921744
3535,3764.601935521665
3536,3748.920043227368
3537,3739.236869592238
3538,3736.9497092707065
3539,3741.404462549715
3540,3753.833507433245
3541,3775.2888190692283
3542,3799.8518053905955
3543,3829.665727550495
3544,3859.2476707326573
3545,3890.6975824379388
3546,3923.1307282328703
3547,3959.6292850221967
3548,3997.7808883585635
3549,4036.082026877464
3550,4073.2943968670806
3551,4107.460774427645
3552,4137.635368398384
3553,4162.170342174387
3554,4182.758529838411
3555,4203.254547355498
3556,4221.023912808602
3557,4239.660839200417
3558,4256.254259389759
3559,4268.441775360795
3560,4277.202559249335
3561,4281.276878994101
3562,4282.999190399265
3563,4284.615902636127
3564,4285.644155989275
3565,4285.010110682303
3566,4282.894182654831
3567,4276.999859671565
3568,4267.054418831007
3569,4256.481076883243
3570,4245.022697543314
3571,4230.430878482599
3572,4216.2130721695785
3573,4200.914789913707
3574,4188.213200229529
3575,4177.5092950267735
3576,4169.23726313762
3577,4162.947823559641
3578,4158.276811916876
3579,4155.259014304148
3580,4154.412855034289
3581,4154.784182045042
3582,4157.1514112421255
3583,4162.878251844538
3584,4170.73151132486
3585,4179.927204999274
3586,4188.125855750405
3587,4193.998239850865
3588,4193.723998497772
3589,4186.515370188434
3590,4169.979840061454
3591,4155.593928850983
3592,4130.932870532798
3593,4098.777600001562
3594,4063.3004620975726
3595,4028.2123418692845
3596,3994.018187042101
3597,3963.628651122775
3598,3938.2572528517317
3599,3915.534928917833
3600,3895.603588133809
3601,3880.586499707705
3602,3869.0572924140065
3603,3861.404524263778
3604,3856.965021978655
3605,3855.745518771891
3606,3857.2185645503996
3607,3858.8893046207822
3608,3857.5192738798387
3609,3854.8360170111614
3610,3850.7551769683305
3611,3845.6494857992193
3612,3838.176994043054
3613,3828.981562936582
3614,3820.124874038742
3615,3810.511584543109
3616,3799.9037466584095
3617,3790.670502537808
3618,3783.2044821493564
3619,3776.1717454277377
3620,3771.628878130927
3621,3769.6678292831944
3622,3767.51215530697
3623,3765.2848932279885
3624,3765.085697145422
3625,3766.5566842312933
3626,3770.3071175383247
3627,3774.298877295718
3628,3777.6052520557764
3629,3780.1727169745604
3630,3783.5754893408716
3631,3791.136542988339
3632,3802.1946460804566
3633,3818.3027244474924
3634,3841.1747526707227
3635,3868.453120461131
3636,3900.919067809629
3637,3935.657503539553
3638,3973.828762474556
3639,4018.3615481518154
3640,4067.2576856140677
3641,4119.545355899037
3642,4176.198373140245
3643,4237.200916821187
3644,4298.3097414434915
3645,4357.558179705173
3646,4413.234183770956
3647,4462.668513109216
3648,4505.6763796335035
3649,4546.175250084424
3650,4583.466677885797
3651,4615.16229723513
3652,4643.88059512388
3653,4669.573577039139
3654,4691.950541702738
3655,4710.259327499469
3656,4725.935425454008
3657,4742.043778165364
3658,4758.24813815029
3659,4776.698987008486
3660,4797.023672414761
3661,4817.759825013147
3662,4840.890989851962
3663,4866.6156084711765
3664,4895.015296532786
3665,4925.181865340522
3666,4958.147625321062
3667,4993.886780160667
3668,5029.651612613555
3669,5063.735391587224
3670,5096.565837480646
3671,5129.024387118527
3672,5162.2286491396135
3673,5199.583640200087
3674,5237.745397287278
3675,5275.2632138463205
3676,5314.225575017068
3677,5349.641707447144
3678,5382.983232965912
3679,5412.441238468743
3680,5440.499328774966
3681,5465.511388710516
3682,5486.220146384114
3683,5505.190308021793
3684,5519.309212642818
3685,5528.691149897225
3686,5534.142550352905
3687,5536.869630092128
3688,5537.120969057986
3689,5535.374216489502
3690,5530.925379184987
3691,5523.488613752796
3692,5513.06683595948
3693,5499.2089312016615
3694,5480.154386539962
3695,5457.023342927707
3696,5431.28723324431
3697,5400.748829959133
3698,5367.193247196741
3699,5330.04660868956
3700,5288.724311434373
3701,5245.872289856472
3702,5199.160574375779
3703,5149.344461387501
3704,5098.110033820527
3705,5053.53608183726
3706,5005.26663656499
3707,4956.681632361265
3708,4908.164878554419
3709,4857.650006577522
3710,4805.675581231982
3711,4754.414553035465
3712,4702.522395349583
3713,4652.33674272411
3714,4600.650611275209
3715,4549.330108394447
3716,4497.5531612941095
3717,4446.142154647727
3718,4396.268962381372
3719,4349.599395119499
3720,4304.730153447403
3721,4261.317431749193
3722,4221.482671154308
3723,4182.1144752964055
3724,4142.3499210629925
3725,4101.381471088601
3726,4059.506313632945
3727,4017.5853581761094
3728,3976.790846392268
3729,3932.8157963267786
3730,3888.4999292454017
3731,3840.4724814948663
3732,3791.594677540074
3733,3742.5078665771525
3734,3692.639125043495
3735,3642.771053087619
3736,3595.988577654426
3737,3552.894152504274
3738,3514.4730766271036
3739,3480.404751263856
3740,3450.8022489822556
3741,3428.6121106686633
3742,3409.6462323124233
3743,3397.046949078173
3744,3391.5557436808667
3745,3390.9927251239915
3746,3394.4956379050923
3747,3402.8806403638705
3748,3416.9323759425006
3749,3435.0948924755357
3750,3456.1619745656867
3751,3479.546452970654
3752,3507.9022757673265
3753,3539.166266789145
3754,3572.0156161220316
3755,3607.181032600068
3756,3645.7504469878427
3757,3689.706187377341
3758,3733.4645329069094
3759,3776.78002925253
3760,3817.912458121501
3761,3859.302759957716
3762,3895.3123225552226
3763,3930.805454801421
3764,3961.735840674649
3765,3988.261114030832
3766,4011.6389533812603
3767,4032.0930671600454
3768,4048.6528620983304
3769,4059.5068873169153
3770,4068.2819434090693
3771,4071.2026924885517
3772,4069.332474190049
3773,4060.206730008173
3774,4046.76445707614
3775,4031.060899448714
3776,4012.5125259027773
3777,3993.368048333092
3778,3972.2372931480063
3779,3953.521613785033
3780,3938.2966032716204
3781,3926.4812866911916
3782,3916.5812849529616
3783,3905.551764358665
3784,3894.152039970684
3785,3882.475645711771
3786,3870.379566049019
3787,3857.5006238133983
3788,3846.800014662051
3789,3834.8583760373817
3790,3822.380305167953
3791,3807.2539527397475
3792,3789.3237160386157
3793,3767.911634151379
3794,3744.9561472034666
3795,3718.1949215920417
3796,3691.683134138734
3797,3663.02103666185
3798,3632.033805631077
3799,3598.968125031946
3800,3564.4096177337
3801,3530.5498277141915
3802,3495.2057129795116
3803,3460.73328990502
3804,3424.9020062422314
3805,3390.232881762932
3806,3357.342312144501
3807,3326.4659853291723
3808,3296.833357405185
3809,3268.3496270432765
3810,3239.827357501748
3811,3211.5821726309673
3812,3182.652659065149
3813,3153.6077896267607
3814,3124.936397389306
3815,3100.325998290465
3816,3077.8188239304263
3817,3054.953355953509
3818,3036.9312342565095
3819,3021.25198838012
3820,3009.173310584889
3821,2996.635309847287
3822,2984.250512234178
3823,2972.7591550799557
3824,2960.5180293009453
3825,2946.8319674956806
3826,2933.4807678943216
3827,2919.1939720232212
3828,2908.8249700864817
3829,2900.8010075984685
3830,2895.0834248570836
3831,2892.5304833017435
3832,2890.973734511783
3833,2889.9593930979845
3834,2891.957684285307
3835,2896.577281008286
3836,2900.452025931315
3837,2907.1585733432794
3838,2916.9990744561846
3839,2930.145232459475
3840,2945.1708121191455
3841,2961.7180963309224
3842,2977.261557413992
3843,2991.8791749180477
3844,3007.728804277155
3845,3022.6244636429774
3846,3037.6936602938076
3847,3052.7207952078616
3848,3067.601504145918
3849,3083.9137702973894
3850,3101.578604241405
3851,3122.415230402785
3852,3143.664495209841
3853,3164.126011189744
3854,3186.9295811561715
3855,3210.856734536156
3856,3237.8833307212126
3857,3264.4074950648974
3858,3293.4025520332507
3859,3325.508938148627
3860,3357.1268368422575
3861,3387.639452334376
3862,3417.71577117539
3863,3448.039970786503
3864,3477.890375634258
3865,3505.9597134288283
3866,3534.5740024626193
3867,3562.4327283353073
3868,3588.0950530717087
3869,3611.3857465699407
3870,3633.779136314855
3871,3656.991193839859
3872,3680.0876692767797
3873,3703.344137071116
3874,3729.7548974451934
3875,3761.0349827523105
3876,3788.2486569695025
3877,3818.9585083540683
3878,3853.3531797658466
3879,3890.3107152993935
3880,3929.2039011181237
3881,3968.783745081328
3882,4008.53580717546
3883,4047.5371370538205
3884,4086.6921769957016
3885,4124.741001243036
3886,4160.594334738719
3887,4192.534994168317
3888,4220.658434809048
3889,4245.402814046352
3890,4268.787652622641
3891,4289.93430304398
3892,4310.365733427243
3893,4329.877749116906
3894,4347.923581424851
3895,4367.192033056221
3896,4386.444197826552
3897,4406.943009139505
3898,4430.882727005442
3899,4454.659699137978
3900,4481.017017147704
3901,4509.172364526587
3902,4537.117530731905
3903,4563.9008414666305
3904,4590.1784267098155
3905,4615.268030870657
3906,4640.269031459534
3907,4664.123189432232
3908,4687.323909141794
3909,4708.393774253913
3910,4728.9055771487965
3911,4749.386294399279
3912,4769.173563164724
3913,4787.363766154219
3914,4804.055207214625
3915,4820.971280401781
3916,4838.572125229678
3917,4854.56026636265
3918,4870.514031704982
3919,4884.08482415905
3920,4895.177460612242
3921,4903.597023701859
3922,4909.306404149308
3923,4913.691770184735
3924,4918.507994080673
3925,4923.29700093169
3926,4928.325369342986
3927,4933.045468185899
3928,4935.952796880141
3929,4939.031627772724
3930,4941.527246384989
3931,4943.1230477855415
3932,4945.475526136754
3933,4947.522182302309
3934,4950.304944802309
3935,4952.366590100747
3936,4952.779980684832
3937,4950.2406913753375
3938,4945.36885363448
3939,4937.181392399572
3940,4926.279472841146
3941,4910.252569061444
3942,4891.134001191193
3943,4869.664623429524
3944,4847.069618065404
3945,4822.7738265243015
3946,4794.309982430183
3947,4765.308151673047
3948,4736.150990825137
3949,4708.214192873569
3950,4680.502013692733
3951,4653.222311453913
3952,4627.16885415808
3953,4601.60646737604
3954,4578.873295647501
3955,4555.846320251034
3956,4533.596050476528
3957,4512.047689476703
3958,4490.568044197908
3959,4465.191873650654
3960,4440.879521816289
3961,4416.467552424828
3962,4392.014711767764
3963,4367.442706313295
3964,4345.6070448047
3965,4325.9826657917665
3966,4308.159196285423
3967,4293.08560621635
3968,4281.114894374926
3969,4273.395557851115
3970,4266.213418551918
3971,4261.303049343576
3972,4259.7815910886975
3973,4257.2555290371765
3974,4255.569182427027
3975,4255.777915013234
3976,4255.735164203218
3977,4252.856750517768
3978,4246.010755697412
3979,4237.467319881059
3980,4226.796705181548
3981,4216.026720698882
3982,4208.730907130571
3983,4201.980120542523
3984,4197.502396730808
3985,4191.790535722851
3986,4184.838380374442
3987,4180.837621550875
3988,4183.652969497451
3989,4192.430606827669
3990,4200.06715130496
3991,4213.366291179803
3992,4234.125420534572
3993,4258.658111606909
3994,4287.921318875716
3995,4319.037812570945
3996,4350.5963898744885
3997,4383.148080954187
3998,4414.625103663042
3999,4448.4020807793795
4000,4478.367760662726
4001,4506.98890352334
4002,4534.699006113584
4003,4559.901864791957
4004,4585.616726412143
4005,4610.186372011289
4006,4631.5042244498045
4007,4652.0690603278745
4008,4672.984113673149
4009,4695.157271400382
4010,4718.022819226059
4011,4741.680281471903
4012,4764.95568227435
4013,4788.039225268983
4014,4808.360309973122
4015,4822.923316475942
4016,4833.2400526479105
4017,4839.966280934922
4018,4843.159683616112
4019,4840.618491331145
4020,4832.6783970708975
4021,4822.703589031
4022,4808.056185975598
4023,4791.198897727795
4024,4771.269376616604
4025,4748.76007409211
4026,4724.701255195359
4027,4700.498515589588
4028,4677.55838688173
4029,4655.732384305366
4030,4636.638955958024
4031,4616.697565273876
4032,4594.846021739488
4033,4573.039791743388
4034,4548.529149683523
4035,4523.471776562448
4036,4496.382967249233
4037,4466.889743437916
4038,4433.895617669273
4039,4397.876100336102
4040,4357.977315660095
4041,4314.001344156439
4042,4266.010093982744
4043,4215.610282918145
4044,4163.876877684609
4045,4110.03951872228
4046,4056.9183558759123
4047,4010.7029441995724
4048,3964.0088902638086
4049,3916.107844129205
4050,3868.9383796295365
4051,3822.078689669267
4052,3776.505939160075
4053,3730.498803191382
4054,3685.6489673719134
4055,3640.4438353079418
4056,3593.487123786256
4057,3546.924171266187
4058,3501.3094698756922
4059,3456.41203966595
4060,3410.965984716328
4061,3366.7209143555197
4062,3323.627324727211
4063,3280.620708405834
4064,3238.2756906239606
4065,3197.160051387351
4066,3157.1806256404398
4067,3116.9196794930567
4068,3078.712396972394
4069,3041.222682327637
4070,3006.470372578055
4071,2973.1523319865164
4072,2939.1573030994255
4073,2903.988356135492
4074,2870.085010940519
4075,2836.496088053454
4076,2802.251501218244
4077,2768.1116281436534
4078,2733.3788390309937
4079,2699.7741803123135
4080,2666.1727503811044
4081,2632.003967171903
4082,2600.930399780254
4083,2571.9900215250063
4084,2546.3744398383196
4085,2524.355258719062
4086,2507.3676951595608
4087,2497.1742793190856
4088,2493.6074322175523
4089,2494.452632865121
4090,2499.7885291967314
4091,2509.048736005796
4092,2521.2037065739296
4093,2537.527122175046
4094,2559.0843334934953
4095,2585.3788689247767
4096,2617.3538331555233
4097,2654.7498229051475
4098,2696.9268210668893
4099,2744.913716204747
4100,2796.474600205538
4101,2853.1497415811705
4102,2913.2146721596737
4103,2976.348818550604
4104,3031.2755259107134
4105,3088.8700359089626
4106,3146.826648462774
4107,3204.6219258404867
4108,3260.7582878251346
4109,3313.653194561717
4110,3362.2274800118284
4111,3405.732425816976
4112,3445.5539499926235
4113,3481.6531500778106
4114,3511.944629580682
4115,3535.5011831055112
4116,3554.825230597828
4117,3570.0568273931294
4118,3585.105871944305
4119,3598.748828084026
4120,3612.155153347668
4121,3626.4662827656703
4122,3639.618560738675
4123,3654.35376773667
4124,3669.946813870114
4125,3687.556509038188
4126,3705.717313728368
4127,3724.183061273461
4128,3744.159701412429
4129,3763.6960618522144
4130,3783.887243083448
4131,3804.7132810433873
4132,3825.3662707031062
4133,3845.271170777445
4134,3862.2463970941712
4135,3873.930801148394
4136,3882.886413749373
4137,3887.9283196888828
4138,3888.904488234432
4139,3884.125127089178
4140,3875.0811897556327
4141,3860.6293064798406
4142,3840.384913225029
4143,3816.8860191982135
4144,3787.565247478476
4145,3755.4349919401966
4146,3720.668274927589
4147,3681.916128634695
4148,3640.926189143871
4149,3598.8117395923123
4150,3554.4688328274406
4151,3508.3797794861707
4152,3461.650050968365
4153,3415.760935301829
4154,3369.436962158491
4155,3324.610735083077
4156,3282.0545801712565
4157,3245.0922510265077
4158,3212.365113787574
4159,3185.5574699029107
4160,3165.3000586239978
4161,3147.6761108113437
4162,3137.57643492043
4163,3133.5293771252495
4164,3134.3808634758457
4165,3141.8819754306846
4166,3155.0386819109926
4167,3170.683778051267
4168,3189.5966176257753
4169,3209.8534637242515
4170,3231.767370680729
4171,3254.5594757918693
4172,3279.676783978809
4173,3305.1174131766147
4174,3332.6284603331196
4175,3361.9158014897457
4176,3393.1160106966768
4177,3424.6858239564385
4178,3455.130208844469
4179,3483.4766896777337
4180,3512.8660108806753
4181,3540.5496128069717
4182,3567.205404437964
4183,3591.309306350456
4184,3614.1487877609457
4185,3632.529348732811
4186,3649.632102605451
4187,3667.113248842281
4188,3686.4375304835794
4189,3707.8032124435103
4190,3728.617367679025
4191,3750.514324573352
4192,3771.9267161398707
4193,3793.9299894090573
4194,3815.170464491016
4195,3836.9884372903593
4196,3862.650157189264
4197,3890.5039898918462
4198,3920.073317900332
4199,3948.1674915778335
4200,3977.13959025126
4201,4005.4173928972327
4202,4031.3606138529203
4203,4055.76879711612
4204,4078.842532666948
4205,4099.2491641252445
4206,4115.28218847194
4207,4127.7735163356165
4208,4135.774918518503
4209,4138.848657910619
4210,4138.494721615504
4211,4132.457217718224
4212,4120.243136632446
4213,4102.6827044907195
4214,4082.0964969010943
4215,4057.77792227445
4216,4030.125149652811
4217,4003.9999426442278
4218,3981.271012546761
4219,3959.526400765716
4220,3938.6180351942517
4221,3917.176714318763
4222,3898.3720283807315
4223,3881.1216087913112
4224,3869.055422595109
4225,3861.241179274211
4226,3856.94868010642
4227,3856.3586566736553
4228,3859.5821546431966
4229,3866.4211035767253
4230,3878.424538467403
4231,3895.4515185938903
4232,3916.3409089845363
4233,3940.523473228944
4234,3965.4012837337123
4235,3989.7140887397763
4236,4013.245055279606
4237,4037.8994517444016
4238,4062.8089801266838
4239,4090.3809530932203
4240,4119.740559284579
4241,4150.761815463481
4242,4181.0994012130905
4243,4212.076319039304
4244,4241.596687036484
4245,4268.705269799502
4246,4294.238522033284
4247,4318.430355906468
4248,4343.021233799998
4249,4368.248230067693
4250,4394.863908826169
4251,4421.086215866813
4252,4445.979301537339
4253,4470.84840900871
4254,4494.917606097407
4255,4517.305722039761
4256,4539.491568142993
4257,4559.579172820829
4258,4580.943967771504
4259,4602.296491612507
4260,4624.185920967306
4261,4646.220705200587
4262,4668.84767146951
4263,4694.008088490486
4264,4717.109761994264
4265,4741.793349713921
4266,4767.193159048296
4267,4792.821175660074
4268,4823.1051563235305
4269,4851.644063525033
4270,4878.474894576673
4271,4900.31700391839
4272,4915.061003362483
4273,4924.385140178506
4274,4925.864948468486
4275,4927.152381680767
4276,4918.979231393775
4277,4906.42033134843
4278,4890.012815490755
4279,4869.7787663828085
4280,4848.8768569073245
4281,4827.59650258843
4282,4807.34948789503
4283,4788.699823092521
4284,4772.157068263537
4285,4756.39380469328
4286,4745.059613767884
4287,4736.924869090997
4288,4732.920044422762
4289,4733.014725944059
4290,4737.15556239439
4291,4742.0905615257625
4292,4748.368940083775
4293,4755.724552359568
4294,4764.294776497808
4295,4776.093485274008
4296,4792.692167251063
4297,4812.476924149151
4298,4834.354599811584
4299,4855.867306167296
4300,4877.100090588839
4301,4898.151236641929
4302,4917.375870729324
4303,4936.531276542169
4304,4955.838930632102
4305,4976.138664985374
4306,4996.658085126597
4307,5016.789132747272
4308,5036.154692784654
4309,5055.525545143342
4310,5072.96364095063
4311,5091.318146239638
4312,5109.145346606767
4313,5124.689112484941
4314,5138.004667568355
4315,5149.7511617720265
4316,5161.785660039154
4317,5171.90876889148
4318,5179.467626690568
4319,5186.319694945551
4320,5190.378467176142
4321,5192.581411215469
4322,5194.717792454866
4323,5196.335721897683
4324,5195.562668118503
4325,5194.402300830054
4326,5193.797563972041
4327,5190.799083805931
4328,5184.66733930046
4329,5175.026794068738
4330,5158.773670789501
4331,5136.500684632875
4332,5117.123186676611
4333,5089.461595772092
4334,5054.4873816310555
4335,5015.314042314241
4336,4971.8431454750635
4337,4924.240810791455
4338,4870.379190920786
4339,4810.87420050879
4340,4745.113529283735
4341,4675.837713511939
4342,4603.697473408902
4343,4528.200670375413
4344,4451.223663855892
4345,4373.224471875213
4346,4296.036403897981
4347,4219.331732034237
4348,4144.628220855777
4349,4072.8297797387186
4350,4004.0502553485408
4351,3937.5264395867243
4352,3872.863027619968
4353,3809.813425312472
4354,3748.2235986437895
4355,3689.1854512974724
4356,3634.117679060869
4357,3584.532459656397
4358,3539.195800911245
4359,3497.651347155407
4360,3461.2044909793512
4361,3429.5275725951574
4362,3400.3172529434646
4363,3373.776304795143
4364,3350.243562796777
4365,3329.7446793473123
4366,3312.1431442153616
4367,3298.777318867825
4368,3290.1113364579573
4369,3287.4249963865877
4370,3289.11143875593
4371,3295.2662786174055
4372,3304.734900543383
4373,3317.030658879934
4374,3332.5624080334815
4375,3353.9258326333666
4376,3381.3401577732316
4377,3412.08406293788
4378,3445.962513635237
4379,3483.616137682314
4380,3524.0522465338863
4381,3568.577209065681
4382,3616.5346752362234
4383,3669.741433320957
4384,3728.3152340110655
4385,3790.664920080038
4386,3855.9499228984982
4387,3923.2643370866667
4388,3992.7875858594875
4389,4053.2728122918415
4390,4116.967702364302
4391,4181.238922935471
4392,4244.846723600317
4393,4304.677762420173
4394,4359.836772519471
4395,4410.219246206095
4396,4455.841907759514
4397,4496.192123623235
4398,4533.670554965542
4399,4567.492732496044
4400,4597.4974073513295
4401,4621.820043144632
4402,4643.009514121875
4403,4660.9182599349415
4404,4675.170997881601
4405,4688.127218241228
4406,4697.975165674708
4407,4703.625136464081
4408,4706.560213872254
4409,4706.8394776911155
4410,4704.576090580742
4411,4696.692261546598
4412,4685.863242363942
4413,4672.506324585892
4414,4657.914080091935
4415,4641.355711609909
4416,4622.750058617655
4417,4601.730937946642
4418,4579.400438444025
4419,4553.838912582696
4420,4526.218330874534
4421,4497.526403303103
4422,4468.553506956786
4423,4440.800581666996
4424,4413.907883411695
4425,4388.451126945581
4426,4365.196310293079
4427,4343.130957876899
4428,4321.54942765592
4429,4302.89744838815
4430,4285.456544439517
4431,4271.235343524724
4432,4256.902421556657
4433,4242.808846241731
4434,4227.081703530091
4435,4209.616289192937
4436,4190.284174752778
4437,4171.118167554999
4438,4148.715739622686
4439,4124.410100918351
4440,4098.456833333552
4441,4071.571854674005
4442,4046.5624928796487
4443,4024.479754222167
4444,4005.151454265476
4445,3994.400559480299
4446,3985.0472810171946
4447,3981.6774917095822
4448,3985.705146391664
4449,3994.3185255844514
4450,4004.120533392182
4451,4017.660271424674
4452,4033.678568046534
4453,4046.824704246322
4454,4057.5706642669916
4455,4067.887380051276
4456,4076.827396372472
4457,4081.80063072044
4458,4083.612531618094
4459,4083.0093979002863
4460,4081.9997972143583
4461,4081.9349047340897
4462,4081.8000599831944
4463,4081.986200597952
4464,4081.6364512392274
4465,4079.5989420217275
4466,4075.3255837177844
4467,4072.166840377603
4468,4066.4337847769793
4469,4058.89520461983
4470,4053.8409055205098
4471,4048.9617108827238
4472,4042.3905134577103
4473,4036.7302524089196
4474,4030.2355547058187
4475,4022.9869360885873
4476,4012.69498400172
4477,3999.1715254375413
4478,3984.4731394410337
4479,3968.803416638777
4480,3953.7756347986456
4481,3938.826348148346
4482,3923.967904195246
4483,3907.644821527794
4484,3889.370584263593
4485,3871.210832539095
4486,3849.9923282037435
4487,3829.925283236851
4488,3810.921624806797
4489,3791.814115458129
4490,3773.3851797249454
4491,3755.303416287519
4492,3737.0314194160555
4493,3720.689700905964
4494,3705.2205756335384
4495,3689.533356622843
4496,3673.523270007723
4497,3656.907609571938
4498,3641.6284144908177
4499,3626.690139393661
4500,3611.2392721785413
4501,3595.358580257321
4502,3578.3744864570886
4503,3563.598324850886
4504,3551.4239876407632
4505,3540.6784151207744
4506,3530.1567996112326
4507,3520.7002722223256
4508,3511.9789112603635
4509,3501.8748056131976
4510,3492.523607083229
4511,3480.6163254487296
4512,3469.908356886509
4513,3462.1653535966593
4514,3454.4474340336315
4515,3446.5312655074927
4516,3437.908840926798
4517,3428.4554709969757
4518,3417.891569051144
4519,3411.4540258139655
4520,3408.057525471502
4521,3406.326896056045
4522,3406.2380088120785
4523,3404.713061512876
4524,3404.1007602971363
4525,3404.3120232498422
4526,3404.697947402052
4527,3407.8720784614675
4528,3412.8707092964605
4529,3418.6231413615096
4530,3427.2789293970795
4531,3439.0888650940215
4532,3453.0637073814983
4533,3468.301427237774
4534,3483.3184095797374
4535,3500.2126383223954
4536,3518.276470103976
4537,3540.2255444230786
4538,3562.813192981134
4539,3585.4303793667937
4540,3607.715210967556
4541,3628.98154184657
4542,3647.217937038177
4543,3663.8442986191308
4544,3679.982750970872
4545,3696.9368089326426
4546,3711.519061819863
4547,3726.2554569761896
4548,3740.6416531549767
4549,3755.9354746754493
4550,3772.0664643424975
4551,3787.9770589009077
4552,3804.9317720277
4553,3822.1190892394006
4554,3840.9611498220843
4555,3860.12075645088
4556,3880.3274833275177
4557,3901.684056623412
4558,3925.1440116343583
4559,3949.881804519273
4560,3971.403684329149
4561,3994.312833718575
4562,4019.0384901234097
4563,4045.3151572920738
4564,4072.1156699927055
4565,4099.5928945176975
4566,4126.618169370465
4567,4154.623734185913
4568,4181.864872947814
4569,4208.255167872152
4570,4234.416111345843
4571,4258.862738944051
4572,4280.365931957674
4573,4297.954368962984
4574,4314.6678496050445
4575,4329.310554635729
4576,4342.319451645579
4577,4353.949595810605
4578,4364.479799387211
4579,4374.373007351483
4580,4384.347775528338
4581,4396.048579330017
4582,4406.913180981593
4583,4418.245835344879
4584,4429.061117697691
4585,4438.886541130402
4586,4445.761557435215
4587,4450.12572629055
4588,4451.3657215658895
4589,4449.062692646865
4590,4442.495039500283
4591,4434.667227821598
4592,4424.888720640423
4593,4413.653305467616
4594,4401.6264012675765
4595,4388.620958324127
4596,4374.587543017969
4597,4359.610177391329
4598,4343.143789894761
4599,4326.315748981767
4600,4309.690405839965
4601,4293.713233010133
4602,4278.191038264857
4603,4262.69104981515
4604,4247.547434400661
4605,4230.909283182595
4606,4213.54133117858
4607,4195.898006568641
4608,4176.745309800377
4609,4158.2856234620185
4610,4138.929506030743
4611,4119.784254811693
4612,4101.005481460326
4613,4080.4559762321473
4614,4060.3125696333996
4615,4040.3617220360934
4616,4020.3428964976642
4617,4002.926518279231
4618,3985.3912544774553
4619,3969.0049152400798
4620,3955.3080242172905
4621,3945.5302530330982
4622,3939.392509938621
4623,3936.1460158653335
4624,3935.0574421942392
4625,3935.651402451836
4626,3936.507902779598
4627,3935.9868340236376
4628,3931.252453986751
4629,3923.73288651985
4630,3912.1742368286323
4631,3897.337202749622
4632,3878.6775724837976
4633,3856.6018191450826
4634,3833.560511311807
4635,3811.415058591456
4636,3785.2726478716786
4637,3756.842816547449
4638,3728.940805890964
4639,3701.403154375321
4640,3674.5980948183733
4641,3650.346519440397
4642,3626.920227116363
4643,3606.2618842839674
4644,3588.590454700161
4645,3574.140379121
4646,3563.2441387477656
4647,3552.877951980574
4648,3541.8737767009607
4649,3531.757950660854
4650,3523.1286946253704
4651,3513.4479697758534
4652,3502.9942616564267
4653,3495.0885581962
4654,3489.7431107921734
4655,3485.4153182591235
4656,3479.9225925256897
4657,3474.2507502615467
4658,3469.8724375575453
4659,3465.375063417135
4660,3461.334963499419
4661,3457.5894023803394
4662,3456.2133992654535
4663,3454.2371442115914
4664,3451.2225432842374
4665,3448.2403863254153
4666,3445.666123604207
4667,3444.163689541487
4668,3444.734209401583
4669,3446.610722952829
4670,3451.1528313015974
4671,3457.2653558984075
4672,3466.895679433743
4673,3476.477634846971
4674,3484.8139360564787
4675,3492.7076838630105
4676,3495.21580297172
4677,3495.476388510439
4678,3494.143851495894
4679,3491.92637644771
4680,3489.9798477835466
4681,3484.957068350272
4682,3482.0049465376756
4683,3480.239539097738
4684,3481.060298634088
4685,3484.5470376808566
4686,3487.6622324642117
4687,3493.4224272606634
4688,3501.0177841270165
4689,3508.260174644475
4690,3513.946887260298
4691,3517.490607322279
4692,3522.076596156869
4693,3525.6137565670456
4694,3530.3477704372544
4695,3533.8330876698874
4696,3536.806698412479
4697,3540.1817692502104
4698,3544.510146485971
4699,3549.784398686219
4700,3558.218933420612
4701,3569.5414809730855
4702,3582.395623433674
4703,3595.3731728641633
4704,3607.2671042280954
4705,3618.957217907488
4706,3631.476037814986
4707,3643.8957504476925
4708,3660.75996482989
4709,3681.253067215686
4710,3704.10418960222
4711,3732.685045782616
4712,3761.6320987549298
4713,3792.492307773253
4714,3825.3679872427633
4715,3861.126244376174
4716,3898.1407976676282
4717,3937.5660191455777
4718,3976.110420375951
4719,4014.118685046658
4720,4049.922240562505
4721,4082.866127650294
4722,4113.521321429766
4723,4140.7284310787645
4724,4165.047704357706
4725,4186.895329251613
4726,4209.640767168638
4727,4234.391178145231
4728,4261.8792618787
4729,4292.694382501412
4730,4329.074978122311
4731,4360.726096312494
4732,4398.416307718182
4733,4441.739086337186
4734,4488.677435693657
4735,4537.625698612951
4736,4586.342191692971
4737,4636.0532740738545
4738,4683.449050036667
4739,4730.658500421562
4740,4777.176520709997
4741,4823.401862665071
4742,4868.270683988955
4743,4910.623360737059
4744,4949.627360123485
4745,4986.015997010813
4746,5018.966580819362
4747,5048.66259818398
4748,5073.02373354582
4749,5093.227034036937
4750,5111.541023527084
4751,5126.344761505203
4752,5137.142390338934
4753,5146.231179559838
4754,5153.281532967633
4755,5157.712109833198
4756,5159.506880917221
4757,5159.209256648667
4758,5158.6957681977165
4759,5155.844637383815
4760,5149.331022392931
4761,5139.579888422021
4762,5127.136304941896
4763,5114.5485925694575
4764,5099.5933868096745
4765,5083.112920738147
4766,5065.249363105158
4767,5045.636757681759
4768,5025.747747544232
4769,5003.927349322976
4770,4982.0533521066745
4771,4959.530180073122
4772,4937.565838058471
4773,4914.921504702458
4774,4892.257898732201
4775,4870.275065941948
4776,4846.368243018645
4777,4823.023347599749
4778,4797.923421981843
4779,4768.665664537167
4780,4736.705849612289
4781,4701.298748774307
4782,4662.254747614432
4783,4621.001781458994
4784,4578.13249502504
4785,4533.552061550269
4786,4490.823352319726
4787,4450.075012432673
4788,4414.6239567309385
4789,4378.113988083564
4790,4341.420162381743
4791,4305.7852719061475
4792,4271.350301672565
4793,4238.040571803181
4794,4206.4790150849
4795,4177.378814758836
4796,4150.93075801893
4797,4128.360312311423
4798,4111.52497012748
4799,4100.796146495832
4800,4096.462206367249
4801,4096.914476447603
4802,4104.007344557751
4803,4116.118401587928
4804,4132.727019712676
4805,4151.471898057376
4806,4174.135474945145
4807,4199.226912188234
4808,4226.749101111474
4809,4255.708515406511
4810,4285.021359070268
4811,4315.73595818139
4812,4348.568754991661
4813,4380.835115782825
4814,4415.00942303965
4815,4448.245645936478
4816,4479.704272819968
4817,4509.201825942264
4818,4537.084844163515
4819,4562.093734205302
4820,4583.927149429848
4821,4603.63374697605
4822,4621.676746968095
4823,4635.516044315436
4824,4647.990443026734
4825,4658.790344447935
4826,4669.314756207041
4827,4678.810739114705
4828,4686.3129759628
4829,4693.315481800598
4830,4697.735757428758
4831,4701.392781971972
4832,4705.850393731066
4833,4711.532622905711
4834,4717.454587258431
4835,4723.984621967477
4836,4731.00142654849
4837,4737.277137560198
4838,4745.6680774409215
4839,4755.5804291439645
4840,4767.150444922907
4841,4778.992378045204
4842,4792.101838387623
4843,4805.052915362781
4844,4818.093379400658
4845,4829.43858311361
4846,4841.4594135406105
4847,4851.978690756408
4848,4857.390087832274
4849,4857.871449558194
4850,4852.164783120016
4851,4839.344539212663
4852,4819.351928176276
4853,4792.670061481634
4854,4758.1947469464185
4855,4719.8925058545365
4856,4677.969294570648
4857,4631.276023949465
4858,4580.329767903936
4859,4526.303437152282
4860,4470.834550221438
4861,4415.40240380844
4862,4359.441767341565
4863,4304.166583688477
4864,4253.72503368782
4865,4203.3408704560625
4866,4152.693202751659
4867,4104.518397574328
4868,4059.8474277378014
4869,4018.8998211445864
4870,3983.73002191921
4871,3954.2265317616716
4872,3932.462993000774
4873,3916.485923024869
4874,3903.8070201364944
4875,3891.9794179452474
4876,3881.813228670015
4877,3872.245069079961
4878,3864.738095780083
4879,3861.0100330672108
4880,3862.38565949646
4881,3870.7890624466418
4882,3883.8012126036883
4883,3900.756266934225
4884,3920.590288286061
4885,3942.5204582792408
4886,3966.6346952083504
4887,3993.0986668657347
4888,4022.6131836413315
4889,4051.4773497442643
4890,4081.6093230001493
4891,4112.419682353097
4892,4141.036617346362
4893,4166.2192799912455
4894,4189.823267165277
4895,4208.651454439556
4896,4225.705181906328
4897,4239.386931334854
4898,4251.455265571684
4899,4264.73544785737
4900,4279.755853154435
4901,4295.986012122536
4902,4310.106250424784
4903,4326.415722728437
4904,4344.797846696999
4905,4363.9258232001885
4906,4381.826252839695
4907,4398.363842549236
4908,4413.982960495312
4909,4426.525848676798
4910,4436.593871025506
4911,4444.874023089064
4912,4451.776793208319
4913,4458.55109360154
4914,4462.888752361355
4915,4461.738886546614
4916,4458.254760965446
4917,4454.073812096591
4918,4447.271715356393
4919,4440.182653814585
4920,4430.720169970459
4921,4421.1058548301635
4922,4411.783568560307
4923,4401.393514611469
4924,4389.7820441595695
4925,4377.756175959107
4926,4366.101642221411
4927,4352.373408851268
4928,4336.617317145616
4929,4318.409913479908
4930,4298.971901184711
4931,4276.41803657221
4932,4249.593205031652
4933,4219.076852402647
4934,4185.54208657381
4935,4150.357720058129
4936,4113.623409445829
4937,4077.8247648549873
4938,4041.9936177111936
4939,4004.490205712126
4940,3967.4133536216978
4941,3928.8053073487495
4942,3892.4704325060366
4943,3856.7799507298346
4944,3823.3797812117373
4945,3789.8167897896237
4946,3757.608093993827
4947,3726.529436926431
4948,3698.2983644940086
4949,3670.2458895783707
4950,3643.829810757591
4951,3619.938286475851
4952,3596.5964941003426
4953,3573.21683086579
4954,3547.856143566547
4955,3527.3017521596494
4956,3508.9487816343026
4957,3494.395752101152
4958,3485.63029272307
4959,3478.0043430641376
4960,3476.779517589883
4961,3479.1700274883433
4962,3484.3799708893916
4963,3491.5521120649437
4964,3499.0131743613288
4965,3506.5159312969427
4966,3511.522912089536
4967,3514.7424169037627
4968,3517.1323484378536
4969,3517.7644409290187
4970,3517.5086697216157
4971,3517.9779599826165
4972,3517.6947559055666
4973,3517.188532790096
4974,3513.336461322519
4975,3508.4349691494704
4976,3501.5851784964416
4977,3495.0253871631803
4978,3487.622838186687
4979,3478.353371657852
4980,3467.8025204331116
4981,3458.628625067876
4982,3450.272987878313
4983,3441.4604687175133
4984,3435.7201287893695
4985,3431.614454835542
4986,3428.898228466759
4987,3429.2800127973474
4988,3430.5537328845903
4989,3433.586682264904
4990,3437.517075164896
4991,3443.5931535629766
4992,3451.959363152723
4993,3462.049009872043
4994,3475.4376385377063
4995,3491.430814088065
4996,3510.785664911994
4997,3534.4526835902775
4998,3562.3855320899193
4999,3594.296056639114
