,0
0,4.9820569009008935
1,9.625250572967794
2,13.361060520851268
3,16.373011192087176
4,18.932878319669
5,21.13125378719394
6,22.62292350258874
7,23.449965337861215
8,23.64111807988575
9,23.61060723560446
10,23.19891338550662
11,22.53024080058849
12,21.733677635339042
13,20.73986460411652
14,19.646697855180875
15,18.36031761600339
16,16.936768190575666
17,15.802843329786079
18,15.785661944224914
19,17.34572103520813
20,20.403688734182953
21,24.92641297977646
22,30.480689724563057
23,37.331071780259144
24,44.67683004985797
25,52.069620175562385
26,58.9671411058063
27,65.25373580023125
28,70.32390211800968
29,74.11233905479187
30,76.26524515444743
31,76.87702521852108
32,75.99990787652656
33,73.9697863515672
34,71.3844385651739
35,68.41602575986253
36,65.40147342568201
37,62.00269239904755
38,58.945465273435616
39,56.590268298434204
40,55.06137448442811
41,54.32867653067912
42,54.06309411622824
43,53.956208310695175
44,53.25946923493441
45,51.70616308932668
46,49.89791816917453
47,48.19783219486271
48,46.43682772838135
49,44.449372555530005
50,42.388652719713896
51,40.68408884284823
52,39.79040090891809
53,39.878111497313235
54,41.000990139038095
55,42.78403324682943
56,44.7903967264048
57,46.53593295363538
58,48.516113355396996
59,51.04481280014767
60,53.7283683421725
61,56.628825689903636
62,59.490334868185194
63,62.44325533009959
64,65.15717218459216
65,67.24882994553803
66,68.31461759633854
67,68.16978545956802
68,67.43542923860296
69,67.25016639540559
70,67.85006185163604
71,69.00545700221117
72,69.92916868171861
73,70.2682946539484
74,69.9827774061258
75,69.02173401582013
76,67.3128819472212
77,64.59252496928214
78,61.058608630253076
79,56.847451079324735
80,52.302298404255865
81,48.18304941041384
82,45.11156559537393
83,43.4446381759804
84,42.92213944626913
85,43.29337713749855
86,44.37461360940038
87,46.15039435045331
88,48.21365809806859
89,50.662150213236465
90,53.35489580366288
91,55.83589230113999
92,57.928794667533055
93,59.4028169026091
94,60.76786928649
95,62.19365002371276
96,63.67374367415004
97,65.22966601657015
98,67.01118184798077
99,69.2362309722092
100,71.59330303857247
101,73.64859465433014
102,74.88014287897076
103,75.13115631590492
104,74.64535340461069
105,73.37693216093899
106,71.88941399180437
107,70.4342528173951
108,69.39941130184835
109,68.81738990057178
110,68.39195161428941
111,67.80973657814906
112,66.8318578636597
113,65.61069857478083
114,64.54828999345618
115,63.27548944374338
116,61.949861953965446
117,60.244722794494606
118,57.85773376084744
119,54.82724575750939
120,51.923960037811284
121,50.255229070806124
122,50.055171438557764
123,51.67461197498521
124,54.33230796384058
125,57.51177056598604
126,60.778717030381515
127,63.681163216309926
128,66.29911123134806
129,68.45753183238182
130,70.49715680859194
131,72.47291180262395
132,74.68431535652019
133,77.24316712649971
134,80.32331121352442
135,83.807481578269
136,87.66126039755085
137,91.72560439118834
138,95.69815846380355
139,99.2831225963966
140,102.24751796747182
141,104.54949521899708
142,106.31478740179774
143,107.51999541338854
144,108.42436442794775
145,109.3163903365826
146,110.19530747628518
147,111.0614164583229
148,111.62654231890534
149,112.09119759179666
150,112.4928986590066
151,112.79526437790761
152,113.01098996970009
153,112.83639428535791
154,112.45414549653648
155,111.7950343565492
156,110.94183114966621
157,109.86348705461339
158,108.70475919232432
159,107.86866253720137
160,107.39953705114131
161,107.07278942992627
162,106.70857592840537
163,106.16634480024723
164,105.45086554794928
165,104.50058087883266
166,103.13621251167467
167,101.32628771843386
168,98.98959302904075
169,96.49496616696422
170,93.66275662061625
171,91.19873431529354
172,88.43465775271281
173,85.40390427918356
174,82.121038451419
175,78.38978626195579
176,74.3063105243589
177,70.111745964242
178,66.34826382438254
179,63.25857913414096
180,60.67055677376197
181,58.16858664720437
182,55.385243939738416
183,52.103323731134076
184,48.76913370767643
185,45.419433383496475
186,41.99919857749201
187,38.656733142471246
188,35.46184737122685
189,32.82902439839396
190,30.93661466803436
191,29.885108849337033
192,29.57414117024595
193,29.948638306680046
194,30.82536693764443
195,32.01565415758407
196,33.316079429669145
197,34.725243178229334
198,36.296859967721105
199,38.35240398593566
200,40.793854718141404
201,43.58174635749924
202,46.42214758567608
203,49.22951186168352
204,51.80918786908115
205,54.21001503580101
206,56.32521117273217
207,57.99582361405945
208,59.53412566832978
209,61.00012238899614
210,62.38378858099276
211,63.66622370182601
212,64.72024994674311
213,65.52968023430229
214,65.92871130006374
215,66.17454198070006
216,66.53388274062311
217,67.02323740800195
218,67.6687799821164
219,68.33781284406605
220,68.92057787151354
221,69.52340637345219
222,70.20245803137516
223,70.98421786748337
224,71.89866974656223
225,72.78464906616816
226,73.49637621663973
227,73.7745217593559
228,74.016508381519
229,73.80449427046833
230,73.36287512421276
231,73.0674268310565
232,73.2484253210836
233,74.04751719783386
234,75.51271715425356
235,77.52204773603822
236,79.68249269379038
237,81.82865170868797
238,83.76585428954087
239,85.88217643192547
240,87.78249533243581
241,89.29131203540686
242,90.4067786178197
243,91.29755094993914
244,92.19541996358913
245,92.76755940719542
246,92.78780377146168
247,91.75231253461351
248,89.28833852080173
249,85.19832935359999
250,79.78939547772949
251,73.40853844460608
252,67.20711175258214
253,61.45513660530703
254,56.544528263139945
255,52.42258403454457
256,48.83252527068934
257,45.97250174832193
258,44.10577025214435
259,43.53382510150433
260,43.908545524977114
261,45.2241134358388
262,46.970079891448805
263,48.876653125203184
264,50.68996053937491
265,52.4842377214608
266,54.77353876904742
267,57.2731770224063
268,59.68369319295496
269,61.57979360361496
270,63.134998223373856
271,64.41478576890003
272,65.46564444004176
273,66.43737940549713
274,67.63046574425604
275,69.03411236604357
276,70.1706769411941
277,70.82575405094136
278,70.66102575968006
279,70.10459518857044
280,69.70402038771101
281,69.69657252926615
282,69.48866855403759
283,68.81744611476572
284,67.4624721806128
285,66.28364485789976
286,64.33264176884379
287,62.22528789123663
288,60.4098750025716
289,59.21354120878735
290,58.51562977729391
291,57.64894054551705
292,56.28532810707554
293,54.727112931729124
294,53.32074291808091
295,52.124979808658836
296,51.15753130074298
297,50.144244398070065
298,49.00852091281642
299,47.83586859292446
300,46.447655082490826
301,44.61405026657863
302,42.61835525126473
303,40.846834710959406
304,39.83673062993981
305,39.853969178919094
306,40.73412546747472
307,42.35643681703171
308,44.45395627219695
309,46.34988185763897
310,47.87551363091244
311,48.962472973272426
312,49.89708821057425
313,51.10150819347311
314,52.432763948904864
315,54.15923696184447
316,56.48461904609417
317,59.15386495969286
318,61.595168509848946
319,63.87271371094374
320,66.19802578386914
321,68.89942351441343
322,72.26307094906068
323,76.50634080805018
324,81.09138843139412
325,85.3026240286508
326,88.65953350138189
327,91.49415269659264
328,93.83743223163017
329,96.07825181888725
330,97.8865094499477
331,99.42162378785105
332,100.81434831066758
333,101.96642295779884
334,102.75693847153295
335,102.99531369663745
336,103.02831254415824
337,102.88117663015186
338,102.68451747276208
339,102.21312562828756
340,101.51382222288214
341,100.47463745878056
342,99.57054671401218
343,98.15918380035879
344,96.63513244814553
345,95.40495086327391
346,94.62417882083861
347,94.11309518101271
348,93.47011444810495
349,92.62578605787067
350,91.29953710166015
351,89.75138771067854
352,88.11414074795621
353,86.12289848737788
354,83.69097751354265
355,80.77660191907758
356,77.38495556730484
357,73.5550636201697
358,69.32784343676892
359,65.46190849284189
360,62.71465763549314
361,61.720097860893
362,62.819601074834104
363,65.4949657545181
364,69.71871679698164
365,74.97112551108373
366,80.28668324137155
367,85.16165034400353
368,89.11538565103862
369,92.47306310343087
370,95.2607130410211
371,97.35936429692579
372,99.37430153341526
373,100.98478091479095
374,102.11228546889794
375,102.49506897368562
376,102.19849398972289
377,101.19116736013342
378,99.59357206531352
379,97.54081071627513
380,95.50881884898358
381,93.39271202482101
382,91.5726484696484
383,90.09642641574963
384,88.83161099997207
385,87.63453378115369
386,86.31667946384735
387,84.96352617627204
388,83.42894730090697
389,81.62575060609169
390,79.59023934393244
391,77.38905449686234
392,75.31429614214585
393,73.32501419829097
394,71.92228879202165
395,71.23859545559586
396,71.45200305590147
397,71.89951602187469
398,72.07585546382589
399,72.22927077832344
400,71.98560383336152
401,71.82815269982576
402,72.08134292219785
403,72.19635937621607
404,72.05273558381865
405,71.7160032827389
406,71.48581236487297
407,71.24247907864194
408,70.62355218081835
409,69.54447847588574
410,67.85252358620562
411,66.04852797312574
412,64.22569966951299
413,62.37458175329779
414,60.30990973905566
415,58.22406682527834
416,56.28031582352506
417,54.51519751904556
418,52.73788024256055
419,50.90430689107835
420,48.94412754199911
421,46.95776546217759
422,44.803443645186604
423,42.786592310375994
424,41.27192665071841
425,40.836263095307515
426,41.752267729219255
427,43.642289135944225
428,45.72755118142179
429,47.94657959501626
430,50.09702487351262
431,52.46032175956779
432,54.24234131658112
433,55.43186963590796
434,55.8451743614246
435,56.23395470415221
436,56.84671363799982
437,57.842359811889445
438,58.959321798824725
439,60.530365784150476
440,62.33198853835377
441,64.2681761903691
442,66.36422230760401
443,68.3786302939726
444,69.57162479789618
445,69.4376006657851
446,68.26600030997407
447,66.5699597113221
448,65.12070918561656
449,64.22648331723687
450,63.73960807748996
451,64.0354887536627
452,65.0428848294678
453,66.42249486978626
454,67.50714637012824
455,67.86110666107965
456,68.16905211420737
457,68.02622169659098
458,67.56407882501085
459,67.42416645039624
460,67.47973954863093
461,68.2035220267462
462,69.44490932481338
463,70.5301930037867
464,70.8776149436196
465,70.33262094657539
466,69.26624783886075
467,68.15612914118546
468,66.98933764836687
469,65.93820180759639
470,64.97152448896168
471,63.92371547809478
472,62.86621460855912
473,61.87732515793917
474,60.78470227136458
475,59.72985836643351
476,58.6135890983462
477,57.45286866986235
478,56.24207452377824
479,54.82393352694678
480,52.94044501244504
481,50.387014861058745
482,47.13726253831874
483,43.50026750045613
484,39.621960480968696
485,35.72279627660671
486,32.02224121071181
487,28.969071744989733
488,26.6384339994047
489,25.005018266213312
490,23.882423554626588
491,23.17181635978372
492,22.64933955713638
493,22.16429089217487
494,21.548677956476507
495,21.04400202685608
496,20.659403563907702
497,20.24674991470583
498,19.75441464994099
499,19.535279226544535
500,19.64258012523312
501,20.31465152835187
502,21.738965487247192
503,23.83877851974703
504,26.79677911722409
505,30.150968416344917
506,33.49861995262054
507,36.36191047822548
508,38.45273543875614
509,40.59194675523707
510,42.58915530267895
511,45.03052249781658
512,47.385727851066854
513,49.4347565083946
514,51.69249055883601
515,54.01117247756811
516,56.63982860032483
517,59.44514886547235
518,62.38832444663376
519,65.36532871530326
520,68.60025588617795
521,72.20976997348711
522,76.01531925303354
523,79.85158614633909
524,83.59130178709862
525,87.25255500814586
526,90.48267635207444
527,93.17306945859241
528,95.22633459048333
529,96.8085629688413
530,98.04225479502017
531,98.96940862004969
532,99.53058883967454
533,99.71033334826797
534,99.52890205445885
535,99.04974875346198
536,98.26964209276771
537,97.59833047776483
538,97.60935288925103
539,98.44842097620416
540,99.69730573968619
541,100.87677285212244
542,101.51272321932711
543,101.57267970042511
544,101.27313278431156
545,101.06608323181771
546,100.8744915037962
547,100.5868230832717
548,100.17601220423397
549,99.44507659436567
550,98.91274553927894
551,98.49251323097769
552,98.16156980837246
553,97.94988854185127
554,97.97780268656095
555,97.96083910641931
556,97.42235773773766
557,96.5713074332148
558,95.27727333760414
559,94.07512853502601
560,93.19092890516916
561,92.77916361972024
562,92.74897926461497
563,92.88830337770543
564,93.18995149734263
565,93.5186452534226
566,94.29838231959587
567,95.13923520571723
568,95.81502958052332
569,95.98563622566292
570,96.13406400693435
571,95.809970545303
572,95.52642870628475
573,95.04563324495311
574,94.10459170198128
575,91.8572503350419
576,89.12743936584084
577,86.41193517162355
578,84.28190215743145
579,83.05147619530834
580,82.57972380862032
581,82.23432302067692
582,81.73887159357045
583,80.94024060423048
584,80.12042328118066
585,78.9844271872255
586,77.84769922609155
587,76.49682503712118
588,75.18339887710943
589,73.79520710883577
590,72.25291186968431
591,70.50614212976964
592,68.60828460675206
593,66.49975052879795
594,64.28916813132348
595,61.70798127967457
596,58.58982743793543
597,54.72575071049978
598,50.44405941190658
599,46.1682960899121
600,42.414186406965975
601,39.24772975737111
602,36.15433088810128
603,33.44019458839921
604,31.223297410011565
605,29.95146155861044
606,29.59658148950036
607,30.152619962561545
608,31.602655647083854
609,33.93421879462348
610,36.93762214909435
611,39.90885523781321
612,42.66975431208583
613,44.56882405524947
614,45.911941953535205
615,46.96000282317536
616,48.050134389886466
617,49.140642873046495
618,50.49873993026294
619,52.04932349939867
620,54.059066478868175
621,56.200548616518624
622,58.93484896585788
623,61.95116156764789
624,65.56460379643603
625,69.7145452646669
626,74.36619691560708
627,78.41313385192502
628,83.0235727085055
629,87.43497017745543
630,91.20026489842238
631,94.1340369327113
632,96.40475439728742
633,98.27844559689393
634,99.86621355157496
635,101.38784511712088
636,102.53704589130766
637,103.08720316877526
638,102.5919125907243
639,101.25929791459853
640,99.03193054016921
641,96.1890423103433
642,93.15440468410625
643,89.81573216633045
644,86.73445133186041
645,84.07107948251482
646,82.32288217646018
647,81.60175551798349
648,81.77032524149234
649,82.65520728460686
650,84.22060161122089
651,85.98806380203423
652,87.48034607281139
653,88.44754896024726
654,88.88632106061613
655,88.84724933141408
656,88.99728770043072
657,89.5443446659801
658,90.72409470312485
659,92.1749171160111
660,93.25389363682028
661,94.05421924951887
662,94.42827202383114
663,94.69343491875298
664,94.89191181122501
665,95.08547455006203
666,95.11486862824216
667,94.78134721106217
668,94.04295794630482
669,92.79949580616378
670,91.0181273051715
671,88.87672870940736
672,86.30225646316097
673,83.9321350473285
674,81.81712825972349
675,80.01986485264227
676,78.68144058663042
677,77.63829926953963
678,77.27794079219106
679,77.46146569320598
680,78.24127058062095
681,79.56745719038489
682,81.38764660733756
683,83.31638597883594
684,84.99438923203954
685,86.28226404216062
686,86.955842744359
687,86.85233942550396
688,86.64086734526629
689,86.56580706203087
690,87.06425254985967
691,88.29280922330366
692,90.18291855214761
693,92.80473301811301
694,95.69753576638013
695,98.2791468571984
696,100.22144416247632
697,101.53737332468589
698,102.85785238431055
699,104.1362848625945
700,105.08898635979168
701,105.5977893594564
702,105.11920680224009
703,103.5161842688724
704,100.39782044810642
705,95.87380246297344
706,89.95429988265191
707,82.97024451423482
708,75.75691254829957
709,69.08351174407616
710,63.69729362541718
711,59.26628349550474
712,55.40847739028928
713,51.850005053303576
714,48.717206142491804
715,46.15882721624934
716,44.418398735874646
717,43.71616307928108
718,43.643492761488886
719,44.17399568186869
720,44.98274809980903
721,46.14624531927451
722,47.59848933534731
723,48.84592545879499
724,49.75892743675407
725,50.6702090014132
726,51.57275459284079
727,53.03434785892057
728,54.962766165664505
729,57.04109103417754
730,59.202768716945755
731,61.580152347172096
732,64.74367991884192
733,68.78379676149979
734,73.10325107360299
735,77.05920892846956
736,80.46557951091202
737,82.98273525355748
738,84.59959009240231
739,86.07675517335275
740,87.5143327714917
741,88.76502528187257
742,90.51724553024329
743,92.1069684214051
744,93.38123301711255
745,94.59252254712538
746,95.97510090179574
747,97.6553966237371
748,99.19084939517717
749,100.11335861597152
750,99.92232352589126
751,99.01726019242639
752,97.75928818122901
753,96.49817731928277
754,95.43497590630935
755,94.52460522971427
756,93.81517204391369
757,93.3522911167808
758,93.00854697990226
759,92.72041763613359
760,92.23546091793251
761,91.47686314351185
762,90.46848284578265
763,89.24422351056947
764,87.80867020057744
765,86.20604531573542
766,84.52430093571823
767,82.73951065850947
768,80.7697217021601
769,78.4181778250816
770,75.9130243401047
771,73.55817998287287
772,71.7258270445733
773,70.4157974498041
774,69.43726557545116
775,68.95989078434675
776,68.74198172516799
777,69.1744062035184
778,69.80475819997552
779,70.32015474871115
780,70.54420764950152
781,70.44360165544906
782,70.07605542599353
783,69.1775918425446
784,68.26927824754186
785,67.4390743631468
786,66.93682819671649
787,66.67880872570805
788,66.65218386000163
789,67.16932298328967
790,68.41052708269919
791,70.071104656604
792,71.6895503688835
793,73.03806086281423
794,74.06049232282173
795,74.76652746112705
796,75.50919170589347
797,76.33898329991823
798,77.06090198671978
799,78.24732175118336
800,79.7926858538843
801,81.64765106546386
802,83.28119077475395
803,84.5503087990399
804,85.48636671472835
805,86.13001426788925
806,86.71901052143512
807,87.44001656342101
808,88.19985447301595
809,89.03517936544296
810,89.86781024082782
811,90.61505532467648
812,91.41061238445542
813,92.43881070195518
814,93.82745533460141
815,95.40900654686158
816,96.44107606017903
817,96.54562842583302
818,95.56561632580646
819,93.62712751099804
820,90.82330226869088
821,87.53301551045287
822,84.04562346482507
823,80.99861175866093
824,78.39259139016231
825,76.26731116346207
826,74.38881976194207
827,72.70042871058587
828,70.85630132088521
829,68.90847803084372
830,67.40336269602936
831,66.91683349332348
832,67.66891990219224
833,69.41147993694733
834,71.38297192296635
835,73.91068081775799
836,76.70256462945122
837,79.51647698372122
838,81.97847221076461
839,83.54754519266427
840,84.24612627177933
841,84.15994645232935
842,83.95040813745644
843,83.87952521429568
844,84.24279569676963
845,84.77795089690363
846,85.53381997047958
847,85.69857625453272
848,84.9971342503372
849,83.21052208715875
850,80.65365135292083
851,77.76085900168394
852,74.90256130850123
853,72.17830153659781
854,69.53791773284492
855,67.24078382357987
856,65.34623071693638
857,63.89356182854047
858,63.02861681329099
859,62.085307458466076
860,60.644493438978614
861,59.10893869578112
862,58.325670811457215
863,58.47744286000878
864,59.338647573403236
865,60.644449584176485
866,62.301951432475505
867,64.0644079004044
868,65.4007352600523
869,65.52332616925816
870,64.86722515904155
871,63.85210998681256
872,62.88990431178367
873,61.94462471594865
874,61.221806837416466
875,60.7569565866069
876,60.531307250259246
877,60.51414861996298
878,60.66165601380718
879,60.8376546595753
880,60.53539092426701
881,60.073904448639325
882,59.38180081532008
883,58.92337655931634
884,58.66267020900867
885,58.417381264741934
886,58.37616077442994
887,58.28314568322184
888,58.48001461349831
889,59.16204229794589
890,60.457445944210164
891,62.396347472125
892,65.11408582882252
893,68.14864625028693
894,71.3268106805429
895,74.01621485597595
896,75.93120997398859
897,77.15032248308171
898,77.68889870618763
899,78.13078579948308
900,78.66801896900009
901,79.38229897043925
902,80.12165316290299
903,80.40039954890369
904,80.05387316234663
905,78.94910222760123
906,77.53423562056214
907,75.87677057134803
908,74.18389234809189
909,72.68352448718505
910,71.27630513414556
911,69.96248594147613
912,68.81946324385373
913,67.92215454517427
914,66.74729338562778
915,65.37160999230716
916,63.62488925410854
917,61.619574686877414
918,59.86605926163013
919,58.05391652664427
920,56.28962291175546
921,54.83585200421746
922,53.68753615425436
923,53.486833334732836
924,54.28232719605306
925,56.14408086785639
926,59.03479487147303
927,62.85150965518515
928,67.50084822245344
929,72.48239878988737
930,77.22493934317585
931,81.31589230277265
932,84.77371955747859
933,87.70595342792149
934,90.18625806190286
935,92.33454572564852
936,93.9534579607119
937,95.01962745904117
938,95.62338525181725
939,95.77320895748935
940,95.34719317140576
941,93.88308321355511
942,91.61714785451281
943,88.84799634184341
944,86.20482425025376
945,83.54039237632304
946,80.89564137187614
947,78.17217232995313
948,75.48517980405487
949,73.17024200961245
950,71.17523115723958
951,69.6885653942645
952,68.69300849772712
953,68.28118213158356
954,68.14511992008542
955,68.10521967130822
956,67.72870483144038
957,66.5193019529174
958,64.52869207057478
959,61.92674475056353
960,59.618097605530004
961,57.32962060390426
962,55.287546543393724
963,53.42830640600896
964,51.58034532819729
965,50.097953721006704
966,49.212427505944014
967,48.79349331782366
968,48.80580252636098
969,48.81651153778844
970,49.04602789098605
971,49.29308266049955
972,49.635466488688756
973,49.93588630435749
974,50.14308239633755
975,50.45990142091474
976,50.98997180894116
977,51.791972028383924
978,52.65606333372927
979,53.53452665741454
980,54.24979979187073
981,54.754567495345626
982,55.30957035092804
983,56.02030565832092
984,56.96195654772481
985,57.648468604126414
986,58.16180434801119
987,58.159322918291736
988,57.89479094960172
989,57.26806797672762
990,56.36231601814566
991,55.181177174611975
992,53.81008216197451
993,52.54963937582109
994,51.59501883046876
995,50.92461845467753
996,50.0720197410013
997,48.91870935112412
998,47.71949523439693
999,46.86446760720784
1000,46.48746015913784
1001,46.44549358146496
1002,46.611725747109006
1003,46.634821266814015
1004,46.505098248218665
1005,46.411291627104596
1006,46.22738971895352
1007,46.10410055301126
1008,45.98549211299081
1009,46.3841970616774
1010,47.18701734781084
1011,48.39017644555093
1012,49.706753512836706
1013,51.112594382387314
1014,52.66297928271479
1015,54.34173433482298
1016,56.14206659081519
1017,58.02527931766082
1018,59.92488911227245
1019,61.97893608946285
1020,64.00345061589354
1021,66.34100270846282
1022,68.71321092115632
1023,70.65246267753079
1024,72.02543779072029
1025,72.92499127089863
1026,73.7076027986538
1027,74.39684317336858
1028,75.19869662774545
1029,75.53520284229836
1030,75.17416474338066
1031,74.17671524061163
1032,72.7364452052815
1033,71.09522243020079
1034,68.91216529507989
1035,66.11039213701656
1036,62.84472171673103
1037,59.42826402891735
1038,56.057206501782005
1039,52.656826059026045
1040,49.451631041164205
1041,46.504705568962
1042,43.85410308269963
1043,41.40517656117834
1044,39.37073062475709
1045,38.019262527879285
1046,37.3944841095617
1047,37.34415114334158
1048,37.90524512667898
1049,38.93841996595692
1050,40.46692361115689
1051,42.243227988653935
1052,44.37560088264481
1053,46.640151738622166
1054,48.978106682707846
1055,50.81758489698254
1056,51.89640541771595
1057,52.0533986621993
1058,51.459480924944636
1059,50.33930241644849
1060,49.03404185882695
1061,47.61544727653336
1062,45.91392001941941
1063,44.0013789793088
1064,41.87194891228245
1065,39.90482334570002
1066,38.08473744011161
1067,36.679186255412304
1068,35.46438140347115
1069,34.26035807269124
1070,33.09454095818046
1071,31.96764182368326
1072,30.877308850599295
1073,30.03892627038299
1074,29.648223748464805
1075,30.071712099551924
1076,31.343228997688996
1077,33.47593829416583
1078,36.01613635479402
1079,38.682049832718334
1080,41.548393870265606
1081,44.30920059286028
1082,47.08844200616119
1083,49.50638203573298
1084,51.89313777657525
1085,54.29588727579466
1086,56.68448840825836
1087,59.05074436406599
1088,61.37041536108491
1089,63.49971936412931
1090,65.32329750615904
1091,66.9579916105171
1092,68.47950583097172
1093,70.26040533663556
1094,72.47120516747545
1095,75.13801261647616
1096,78.22296012901384
1097,81.77600120299442
1098,85.76251371359155
1099,90.0650770381373
1100,94.42788881200215
1101,98.48530882963354
1102,102.01340803777717
1103,105.06561368301601
1104,107.70328228152277
1105,109.98966984388235
1106,111.93179341023566
1107,113.55724856181277
1108,114.61791892492546
1109,115.09124051494697
1110,114.7353140292337
1111,113.65611878829881
1112,112.11624663726153
1113,110.65245917537933
1114,109.34203841244633
1115,108.23516442022668
1116,107.13091609860564
1117,105.97509554489983
1118,104.64614986588776
1119,102.99844005538944
1120,101.0760466641342
1121,98.99180020658616
1122,96.82130354211417
1123,94.79486223219962
1124,92.77280955698546
1125,91.09769425042359
1126,89.8006550146514
1127,89.06426132480578
1128,88.9080090381657
1129,89.19424662336596
1130,89.52874322453175
1131,89.52364002014687
1132,88.84209824543525
1133,87.50816214963845
1134,85.64920980368474
1135,83.54508408459678
1136,81.19261189189818
1137,78.6499447254347
1138,75.57651873889152
1139,72.06906752920023
1140,69.01758497676877
1141,65.5628015681495
1142,61.91691324592252
1143,58.22174540114383
1144,54.41144355264717
1145,50.63680844195817
1146,46.99516377000812
1147,43.595984061876884
1148,40.49374905148642
1149,37.53332912341216
1150,34.620278546447736
1151,31.739681135229556
1152,28.873842674949444
1153,26.30919903261985
1154,23.86649027344217
1155,21.741451741233604
1156,19.856095348028106
1157,18.368113345988252
1158,17.27306185558241
1159,16.476821833549756
1160,16.009909646612705
1161,15.829161688529439
1162,15.905023653193439
1163,16.23180742934686
1164,16.731751144715588
1165,17.30380071181616
1166,17.717620919031084
1167,18.03135511228129
1168,18.601248802098937
1169,19.626460416409486
1170,21.11607119190213
1171,23.10982546248914
1172,25.444755699107503
1173,27.912047798168807
1174,30.23707864681578
1175,32.31183975325268
1176,34.3639854794164
1177,36.516941882511624
1178,38.814394516903945
1179,41.170895361641655
1180,43.33758653021175
1181,45.34967526686792
1182,46.98165018422746
1183,48.05169507375365
1184,48.7529751110392
1185,49.200407179530416
1186,49.96733146163364
1187,51.192043787149125
1188,52.86839639317398
1189,55.0369054414031
1190,57.023408915302625
1191,58.71230045027206
1192,59.51256767741749
1193,59.488345209878204
1194,58.628915662900596
1195,57.43859253603212
1196,56.15599883153749
1197,55.04014230862717
1198,53.982527932582435
1199,52.777997023691505
1200,51.55743704953804
1201,50.40282927473764
1202,49.689878020454245
1203,49.357392082255096
1204,49.473509853117775
1205,49.84568831267957
1206,50.08437034020071
1207,49.7554604028648
1208,48.98530322043076
1209,48.17214093385964
1210,47.46571692663237
1211,47.19069432273128
1212,46.9999818702932
1213,46.7827318988879
1214,46.60111191974761
1215,46.83644245152974
1216,47.7373707922466
1217,49.546211000238486
1218,52.16453938297428
1219,55.37855222080459
1220,59.01950182193794
1221,62.59013912214101
1222,65.72168153156754
1223,68.15457790245809
1224,70.1103371679128
1225,71.85843750428893
1226,73.44722783646586
1227,75.05534608714089
1228,76.74177389736923
1229,78.46867390674197
1230,80.13780251043019
1231,81.55493470137472
1232,82.6314844354558
1233,83.21847122091071
1234,83.71383913835962
1235,84.41829125760633
1236,85.4996258219071
1237,86.85541423569782
1238,88.20680392972002
1239,89.20622529514685
1240,89.49653576537268
1241,88.73208297223592
1242,87.22313329795784
1243,85.27353517511509
1244,82.85851813457666
1245,80.28721567995481
1246,77.61427196707837
1247,75.23064685128534
1248,73.1675674944263
1249,71.57581401186555
1250,70.26097232216384
1251,68.74723317683278
1252,66.90316465852732
1253,64.49490150187279
1254,62.39971255558334
1255,59.94315125394259
1256,57.45593779677807
1257,55.120967266888414
1258,53.14649775040348
1259,51.27788712441225
1260,49.31370843898641
1261,47.33807379501144
1262,45.361247954183284
1263,43.41059578003714
1264,41.571949781043884
1265,40.15397515534936
1266,39.30455852011137
1267,38.86463690890399
1268,38.57768505381705
1269,38.246961770973144
1270,37.753113477516685
1271,37.3256258650612
1272,37.29332565615877
1273,38.20959870684921
1274,40.357394426521694
1275,43.82793150028954
1276,48.436737426487944
1277,53.83006655185484
1278,59.45732878919637
1279,64.7962155414163
1280,69.96941555864049
1281,74.90620298200508
1282,79.5825717086328
1283,83.63502430473692
1284,86.90461396322853
1285,89.58360972772353
1286,92.0004094880143
1287,94.15296941519233
1288,95.80903092201189
1289,96.97685782250963
1290,97.81505187171679
1291,98.54709558750758
1292,98.78648381654614
1293,98.45113053178684
1294,97.51503125137123
1295,96.31040942250812
1296,95.20074753192381
1297,94.30511750311452
1298,93.33184680760704
1299,92.36709095968486
1300,91.78956828115153
1301,91.86806468133544
1302,92.3124364084311
1303,92.54565365303633
1304,92.31088379858748
1305,91.21290825656547
1306,89.60397562166693
1307,87.31693147177003
1308,84.67632132390298
1309,81.50043141124969
1310,78.13336693217235
1311,75.20402083537505
1312,72.37223166929252
1313,69.77242798679795
1314,67.06895320506007
1315,64.04598251026738
1316,60.74880005285675
1317,57.868769631693354
1318,55.419207812883656
1319,53.4431082874527
1320,51.48992335032597
1321,49.63970928304383
1322,47.605908674022075
1323,45.548410307563046
1324,43.529958570890415
1325,41.67793865978345
1326,40.48085938093102
1327,39.77317658710229
1328,39.466321319799235
1329,39.069347380424716
1330,38.40088987026883
1331,37.35186240811686
1332,35.96461697660349
1333,34.25882694978556
1334,32.32319857892025
1335,30.55832513770843
1336,29.3718204878858
1337,29.066462338004335
1338,29.309407342575756
1339,30.039333127854917
1340,30.86795097649587
1341,31.779895003042608
1342,32.82546412861345
1343,34.16003915880057
1344,36.02582948540172
1345,38.356374633628135
1346,41.27093371606928
1347,44.58342895356145
1348,48.157466014987094
1349,52.107742505860934
1350,56.67510258215564
1351,61.678768133635195
1352,66.63189649247829
1353,71.10605295735161
1354,74.60937113926217
1355,77.2588258135386
1356,79.35635540455826
1357,80.91774968855165
1358,82.11157281163182
1359,82.77766400650714
1360,83.12837719197313
1361,83.47399144546688
1362,83.96761002693842
1363,84.95173428668578
1364,86.24685812388469
1365,87.90347462340493
1366,89.89736784368847
1367,91.91020129649945
1368,93.66136640044499
1369,95.28211737239437
1370,96.93609130599441
1371,98.87763424348435
1372,100.96675201924478
1373,102.98606736444748
1374,104.78908933810128
1375,106.3361645334006
1376,107.80426119241241
1377,109.15157571294651
1378,110.16502352186359
1379,110.78953153391762
1380,110.94830640232209
1381,110.67682701632502
1382,110.1797843249178
1383,109.53688311892653
1384,108.91635987878668
1385,108.3169090235051
1386,107.68194878053941
1387,106.8798397580536
1388,105.84663202912986
1389,104.62687863870116
1390,103.26485159411142
1391,101.74099083082126
1392,100.30329249334866
1393,98.68175095904293
1394,96.63036381194306
1395,93.91458139010416
1396,90.56424841860579
1397,87.25193576468547
1398,83.85660702679593
1399,80.45992947268012
1400,77.54826123745158
1401,75.44365224735398
1402,74.20378244384361
1403,73.40002883049189
1404,72.51489877672796
1405,71.44274963682373
1406,70.07610882459132
1407,68.35466719774293
1408,66.34229340983242
1409,64.36406516255377
1410,62.335068581124574
1411,60.61964320994125
1412,58.98624123448525
1413,57.3030102090366
1414,54.97062644453338
1415,52.17428097695903
1416,49.512053568157086
1417,47.29452085054188
1418,45.715438116148285
1419,44.10407770403298
1420,42.420298410671116
1421,40.69678287176967
1422,39.07772528184334
1423,37.613285466618706
1424,36.05178744887429
1425,34.69328417343665
1426,32.92878408325765
1427,31.084274831262043
1428,29.10712767331722
1429,27.492158833576113
1430,26.41257866501375
1431,26.170712395214814
1432,26.75049974058392
1433,27.821724690233232
1434,28.73984613921116
1435,29.17311152330788
1436,28.885847674821477
1437,28.16610248520749
1438,27.47405838202433
1439,27.028185610456326
1440,26.682222709996303
1441,26.468488572189855
1442,26.488079047935237
1443,27.726898812186548
1444,30.0067063512481
1445,33.971751851580215
1446,39.483419151727645
1447,46.00552164683194
1448,53.40704394832134
1449,60.975373801207546
1450,68.45570527970278
1451,75.50494388642738
1452,82.25191835758588
1453,88.79188839653253
1454,94.83332805587833
1455,100.13184171954134
1456,104.32883826626983
1457,107.30289284254441
1458,109.34936794468692
1459,110.5947864663775
1460,111.30329674351398
1461,111.48545391772842
1462,111.51009030537787
1463,111.67257457900541
1464,111.67942674483231
1465,111.51744243360474
1466,110.87897267979969
1467,110.04100386736837
1468,109.06715363618984
1469,107.81280276362224
1470,106.28069561235037
1471,104.58775565693483
1472,102.89200109842176
1473,101.49061190698143
1474,100.24323288202044
1475,99.10749166578492
1476,98.06228576417365
1477,97.27655680401728
1478,96.83413135910803
1479,96.65739147184051
1480,96.66591498122094
1481,96.99518424804319
1482,97.28164851017854
1483,97.72629283970792
1484,98.41258356885146
1485,99.12689035755795
1486,99.90822559956882
1487,100.58185761596937
1488,101.30970395180063
1489,102.03108340528718
1490,102.70704579215877
1491,103.44332078196803
1492,104.31190677359831
1493,105.16964193709543
1494,105.66421485319623
1495,105.7559884156671
1496,105.76935685452203
1497,105.90513995896889
1498,106.14911366781917
1499,106.12487622335973
1500,105.50428896595668
1501,104.01932201735258
1502,101.42922668136855
1503,97.82301353526
1504,93.51221736217879
1505,88.43270538972271
1506,82.85209704547744
1507,77.30854278332802
1508,72.26517462900313
1509,68.18339003404975
1510,65.18089879086695
1511,63.346336450910755
1512,62.46247859398886
1513,62.39845919171535
1514,63.00134412189348
1515,64.00016251790152
1516,65.36776573372642
1517,67.42417607549109
1518,69.80821353638434
1519,72.05619770426135
1520,73.89297864897125
1521,75.23587974433508
1522,76.466517501711
1523,77.42631685764866
1524,77.88962190064838
1525,77.69351022358948
1526,77.32354473110476
1527,76.8836796174397
1528,76.65159528946374
1529,76.76215772196139
1530,77.31540357043467
1531,78.30581906588375
1532,79.0900546838069
1533,79.34653264362595
1534,78.84782707449881
1535,77.8315131628793
1536,76.36010278292135
1537,74.58838913454403
1538,72.76984400294612
1539,71.18770973845595
1540,69.67124901673414
1541,68.46991797600263
1542,67.3054478729471
1543,65.90159601872303
1544,63.980640837931276
1545,61.858137023472736
1546,59.73487987065957
1547,57.7003837580409
1548,55.761535652956525
1549,53.77241505877373
1550,51.64860716111101
1551,49.3390669927764
1552,46.61256713723401
1553,43.418177329369584
1554,39.83816969512051
1555,36.13799679815667
1556,32.78333661117015
1557,30.216284716752266
1558,28.62874162186245
1559,28.09878087202737
1560,28.66067871951476
1561,30.24152080632235
1562,32.540916568985935
1563,35.07976490423979
1564,37.30807857002403
1565,39.067648015925286
1566,40.51843130681529
1567,42.01358285994351
1568,43.7533630621772
1569,45.69766216500001
1570,47.70568528902919
1571,49.63558745289008
1572,51.74036388946027
1573,53.89682253053777
1574,56.15112718233541
1575,58.4891876435706
1576,60.83541870607094
1577,63.51034537104741
1578,66.49294471675113
1579,69.62915153221942
1580,72.64243379864752
1581,75.5070382975548
1582,77.9238814210578
1583,80.12457020605126
1584,82.492366153387
1585,85.30091846961777
1586,88.80997550803637
1587,92.43217890680671
1588,95.42269658561162
1589,97.86159944593541
1590,99.51221557320787
1591,100.56090046245953
1592,100.43426916015665
1593,99.07809826526581
1594,97.03014009796654
1595,95.25153022993752
1596,93.70413964475227
1597,93.01161573884532
1598,92.9833622228769
1599,93.26958616891437
1600,93.40038096929202
1601,93.19124111633096
1602,92.98645583733386
1603,92.96231503987548
1604,93.50778982425311
1605,94.48192648253976
1606,95.3956342657091
1607,95.9564992252198
1608,95.70855017185004
1609,94.69831811896033
1610,93.44590532013635
1611,92.11685546235927
1612,90.7623472358099
1613,89.43827209960021
1614,88.27245044041966
1615,87.47259342997091
1616,87.12253251103485
1617,87.15117544398035
1618,87.51224400533444
1619,88.0751269218774
1620,88.91120309799673
1621,89.83193574994473
1622,90.70589892443792
1623,91.3633072330671
1624,91.66087798379117
1625,91.45521445826233
1626,90.71302762745144
1627,89.63020691599584
1628,88.45820917947847
1629,87.25199615096437
1630,86.18831242132305
1631,85.35048927285892
1632,84.79204428392569
1633,84.5717877893884
1634,84.6070539356133
1635,84.58123569555384
1636,84.34957717645781
1637,83.75378999278979
1638,82.99386930218833
1639,82.07922350515206
1640,80.99189253904089
1641,79.67121924278712
1642,78.27355901373068
1643,76.86636535214942
1644,75.93021744232321
1645,75.45367053420375
1646,75.35809831111607
1647,75.26171366437244
1648,75.03084760781766
1649,74.75888444136176
1650,74.38996073117062
1651,73.86723854922104
1652,72.89069358514388
1653,72.04109946639677
1654,70.70627644960503
1655,69.01224622638608
1656,67.34481506003195
1657,65.8086561473557
1658,64.56186042586829
1659,63.335726497181035
1660,62.08533335682564
1661,60.73804603698349
1662,59.626439109293244
1663,58.62682042486266
1664,57.566909010622986
1665,56.377915131635774
1666,54.91352030250347
1667,53.30262754408859
1668,51.64097333912035
1669,50.052975954887884
1670,48.57155688634367
1671,47.79734934842746
1672,48.02613693320398
1673,49.67513432608601
1674,52.39233062306078
1675,55.82837084198181
1676,59.9489359348119
1677,63.89714323967789
1678,67.10381645005768
1679,69.15502289355862
1680,70.32180140104269
1681,71.4945322891539
1682,72.9519646743835
1683,74.74909670509658
1684,76.58275850692091
1685,78.1211190245318
1686,79.30730958388915
1687,80.21444987807908
1688,81.40011119369825
1689,82.76367441251315
1690,84.16903272497218
1691,84.99406173724904
1692,85.32512607423061
1693,85.28052519286136
1694,84.83987848826905
1695,84.16678621125754
1696,83.51923288790937
1697,83.15441540742464
1698,83.3476801635789
1699,84.16071498970568
1700,85.18121148743862
1701,86.33288606043254
1702,87.44058676147176
1703,88.58307910517902
1704,89.798505656923
1705,91.0469390844217
1706,91.97182186337722
1707,92.63208162745576
1708,92.86921625108255
1709,92.14638523625374
1710,91.5175222533527
1711,89.85345638013946
1712,87.5076868239586
1713,85.21026352219089
1714,83.10143782074302
1715,81.32483408143116
1716,79.5881622373497
1717,77.82590128714914
1718,75.73171147022262
1719,73.48296079162836
1720,71.17549208859911
1721,69.0378650974785
1722,67.0544697032309
1723,65.05930440677942
1724,63.00814134064163
1725,61.0688942236335
1726,59.50200707085543
1727,58.360641518998904
1728,57.886536859023295
1729,58.26496872721613
1730,59.97337247421899
1731,62.93840098653348
1732,66.91110042316924
1733,71.76645248225026
1734,76.91182755057434
1735,81.69277556798443
1736,85.36159526369805
1737,87.70872161385363
1738,88.76301507384326
1739,88.90552460326704
1740,88.1459656655747
1741,86.45225733878127
1742,84.2992077846316
1743,82.0302229231622
1744,80.04099837310534
1745,78.34499557288163
1746,76.78200936725362
1747,75.41020793985241
1748,74.20875270647821
1749,73.10779373217154
1750,71.75643715285763
1751,70.18849733408419
1752,68.45709328331856
1753,66.45629351077169
1754,64.4468636191552
1755,63.00865842031908
1756,62.21998734481472
1757,62.220364008314775
1758,62.820034179051135
1759,63.567951699550406
1760,64.09082211206392
1761,63.925891926090024
1762,63.160506377207
1763,62.1358523684572
1764,61.27596394758225
1765,60.91387945500628
1766,60.81275775368445
1767,60.724781873534454
1768,60.985241541071915
1769,61.640364969066354
1770,62.659320581877964
1771,64.00647802806004
1772,65.75323894949345
1773,67.60231478898302
1774,69.4819681617309
1775,70.98287903842407
1776,71.8736836491185
1777,72.01724188866497
1778,70.88863292237086
1779,68.84021841465818
1780,65.81185168918492
1781,62.00063799766116
1782,57.39075147153419
1783,52.13821148583966
1784,46.89141856225142
1785,42.13432000830187
1786,38.44931729740233
1787,35.87553842501246
1788,34.40473111455833
1789,33.823438328649644
1790,34.0408185629746
1791,34.65876585042183
1792,35.45846655513725
1793,36.417262617272115
1794,37.57125015457528
1795,38.94086641945486
1796,40.55979969144062
1797,42.44346221067282
1798,44.371036062467965
1799,46.38733238135636
1800,48.315295868549384
1801,49.908086054474516
1802,50.87364458455559
1803,51.39897249027369
1804,51.59882373168154
1805,51.84350458244742
1806,52.348992280140344
1807,52.99752737984974
1808,53.6972943583626
1809,54.2320943593552
1810,54.85093318933042
1811,55.774631063131174
1812,57.0941895792023
1813,58.63095300776162
1814,60.070317502225265
1815,61.16924467400192
1816,61.679237422383814
1817,61.68977960534498
1818,61.49953329677858
1819,61.0951723841922
1820,60.517951329311344
1821,59.910815939642475
1822,59.26203617738186
1823,58.63955886385686
1824,58.098003601090106
1825,57.5068493690434
1826,57.12640119476764
1827,56.9842545114178
1828,57.194637467024094
1829,57.355839156152186
1830,57.239227447058525
1831,56.72908602887332
1832,56.06462649726015
1833,55.06714471168105
1834,54.11024148597954
1835,53.27002073691682
1836,52.72951886254921
1837,52.18816623334526
1838,51.52028695525208
1839,50.400784527432805
1840,48.85959322364758
1841,47.17206337485342
1842,46.00207364020935
1843,45.96482510422064
1844,47.39916357527353
1845,50.042842811173564
1846,53.76762581790237
1847,58.29772381556993
1848,63.28311998293014
1849,68.46394551108676
1850,73.35549740806239
1851,77.71711650258274
1852,81.16516458904809
1853,84.00383711541731
1854,86.43641527337388
1855,88.15527353832661
1856,89.53447457068175
1857,90.48010433224175
1858,90.95707633925804
1859,90.67607601872061
1860,90.04501962477215
1861,89.41731651403039
1862,89.22552787245019
1863,89.24045196655987
1864,89.30674566309975
1865,89.18711777763843
1866,89.05220398785585
1867,89.59140386004603
1868,90.9505887000465
1869,92.86328181833377
1870,94.68151511157794
1871,96.02030455404527
1872,96.41645416667532
1873,96.33649233891416
1874,95.60696521931794
1875,94.64988395856088
1876,93.98063328159901
1877,93.43026075112076
1878,92.90925803867417
1879,92.46256828184215
1880,92.24331420422322
1881,92.05256315669476
1882,92.1095784759099
1883,92.6762769232889
1884,93.7130231374661
1885,95.39808688219485
1886,97.3275123551106
1887,99.01463789752171
1888,100.1247897788997
1889,100.79622169549503
1890,101.32238129768385
1891,102.02064693535354
1892,102.92660784506953
1893,103.89980221621488
1894,104.85362179260483
1895,105.22580929017107
1896,104.93915909178239
1897,103.91627857970866
1898,102.48700726608342
1899,100.81369834063446
1900,99.57019265028902
1901,98.77034067932505
1902,98.37870075563892
1903,98.33235757833671
1904,98.69303808720275
1905,99.4175954209228
1906,100.16680811269345
1907,100.78161263021858
1908,101.08030964049388
1909,101.37930450875632
1910,102.04948237893346
1911,102.79343204847976
1912,103.68808683501089
1913,104.37375462069679
1914,104.4101966870901
1915,103.35302919075355
1916,101.09323713570953
1917,97.96859997816506
1918,94.36476777144985
1919,90.70926220925537
1920,87.53725301718539
1921,84.85644289285986
1922,82.87979631621619
1923,81.27325315529085
1924,79.93597517220216
1925,78.76805997875073
1926,77.36533599669212
1927,75.83447149041613
1928,74.56292649420308
1929,73.16264392528825
1930,71.89752574417977
1931,70.79769197233361
1932,70.51835401925243
1933,70.77810294894672
1934,71.66968007946097
1935,72.66764371584065
1936,73.63695525910839
1937,74.81985225605419
1938,75.84897264339702
1939,77.06903419585984
1940,78.3740355435553
1941,79.78728038145873
1942,81.73177074965713
1943,84.09350361788853
1944,86.42861858014321
1945,88.17128038954631
1946,89.00871253888792
1947,89.01902596767904
1948,87.9174350738712
1949,85.78378934863247
1950,82.90072440047834
1951,79.52790350165573
1952,76.21934819273991
1953,73.2536314084281
1954,70.77578483172593
1955,69.01422935224605
1956,68.23415604097524
1957,68.68783954152462
1958,70.29996068925016
1959,72.99738191150617
1960,76.63889871437013
1961,81.36538518307589
1962,86.36598523314538
1963,90.73444750852337
1964,93.65407471634137
1965,95.21908539321893
1966,95.12103755384094
1967,94.17985061234258
1968,92.99706516931448
1969,92.02813401098842
1970,91.56701915919461
1971,91.53504656900913
1972,91.86250994744904
1973,92.1240347646362
1974,92.35667895670707
1975,92.42039552496246
1976,92.58330728172598
1977,92.79458623124941
1978,93.09256231620697
1979,93.36502071518927
1980,93.8077562608895
1981,94.35189393071386
1982,94.64349195187981
1983,94.82655149033104
1984,94.95756475529927
1985,95.19932782587085
1986,95.10571154129678
1987,94.91853250264009
1988,94.48727798867222
1989,94.25170376821211
1990,93.8502684483687
1991,93.42462715224045
1992,93.01876222585892
1993,92.57371577090534
1994,92.1800789428963
1995,91.83761490252846
1996,91.22480944986307
1997,90.48922599781335
1998,89.37210723749737
1999,88.1981524542471
2000,87.38404497618875
2001,87.16661408153189
2002,87.16496229432498
2003,87.13505774301221
2004,86.96914590698626
2005,86.78294916761786
2006,86.51498135164292
2007,86.17360169040788
2008,85.5273405288552
2009,84.77175826885642
2010,84.13703653284597
2011,84.02307709060548
2012,84.66164452295715
2013,85.62437641359683
2014,86.34341243595257
2015,86.77200197369766
2016,86.95329105451808
2017,86.90852107890268
2018,86.6706175376147
2019,86.23339392308051
2020,85.44838717472967
2021,84.39127173134256
2022,83.18352412996526
2023,81.98748749879394
2024,80.58027342601368
2025,78.79454573688845
2026,76.84436994410461
2027,75.04899709209005
2028,73.33799699439925
2029,71.58675794699789
2030,69.89644087291666
2031,68.29089131388832
2032,66.64809803218932
2033,64.68066126313164
2034,61.90567944879601
2035,58.75832862889591
2036,55.19395129174188
2037,51.88956796513447
2038,49.15350527114338
2039,47.14563695763265
2040,45.53830087336975
2041,44.14179356535592
2042,42.570884979864815
2043,40.74577255403281
2044,38.92145323286296
2045,37.451661448883584
2046,36.117531347905626
2047,34.96859184996182
2048,33.59049972124208
2049,32.08849098468861
2050,30.6793991348127
2051,29.74797961926408
2052,28.93764464073678
2053,28.768527573449752
2054,29.442449611070437
2055,31.269506101634768
2056,34.19096572018163
2057,37.90447442998173
2058,42.362081491294916
2059,47.19610862933182
2060,52.539300260421996
2061,58.361069787072424
2062,64.1633528290303
2063,69.70467439103642
2064,74.91342113209149
2065,80.08271740719172
2066,85.1478052470924
2067,90.20439952393673
2068,95.18817191959431
2069,99.84417460131061
2070,103.32027543806578
2071,105.22891299981708
2072,105.19553539142355
2073,103.59715856512541
2074,100.72843900690617
2075,97.02890176108295
2076,92.948454796322
2077,89.29014264288597
2078,86.45632073376152
2079,84.31480103818552
2080,82.86710828747599
2081,82.35116007986466
2082,82.99633338267839
2083,84.43646579936467
2084,86.24636257038534
2085,87.97647376219956
2086,89.86556343442184
2087,92.33571694303635
2088,95.26513021597827
2089,98.0976238824775
2090,100.39640788669979
2091,102.50494903533999
2092,103.94912481381877
2093,104.80943195232155
2094,104.97836179044054
2095,104.7984385332841
2096,104.34981507979239
2097,103.79369161989493
2098,103.81165928349233
2099,104.8533530084768
2100,106.65418406110453
2101,109.11258662094582
2102,111.61046435663789
2103,113.81341223543467
2104,115.61555784125456
2105,116.77324717765896
2106,117.59937268448255
2107,118.49005854801362
2108,119.23240010906893
2109,119.87823726718707
2110,120.05802889547022
2111,119.43377151313496
2112,118.12777076907275
2113,116.1795694080945
2114,113.84871292092973
2115,111.33020936949137
2116,108.78806305849409
2117,106.42380437049127
2118,104.23537666549493
2119,102.43543860258382
2120,101.15090685936386
2121,100.26693334729434
2122,99.68497889428915
2123,99.53659669678937
2124,99.73860948283841
2125,100.2340895154552
2126,100.7897838743246
2127,101.01527865851952
2128,100.61169772993247
2129,98.93435086297416
2130,96.49188877670208
2131,93.2360177044086
2132,89.515315078605
2133,85.81231650231362
2134,82.43842301634959
2135,79.91842030463945
2136,78.08681857697326
2137,77.15844420890315
2138,76.83219625519061
2139,77.14254268897972
2140,77.69772272223898
2141,78.64324731620974
2142,79.89305325507625
2143,81.26768955191159
2144,83.02097982729202
2145,84.91969566330982
2146,86.68933478423583
2147,88.32333705377727
2148,89.92049756740104
2149,91.7678497010809
2150,93.84886401469578
2151,95.30068537349302
2152,95.85058742387383
2153,95.60162728048721
2154,94.61116981671097
2155,93.09097216326496
2156,91.10816357744918
2157,88.8926102895513
2158,87.10152774827966
2159,85.66029199702395
2160,84.64428598561943
2161,83.82500775476561
2162,82.83155985492732
2163,81.54701329071476
2164,79.60923522086486
2165,77.01819807040997
2166,74.76399574951421
2167,72.20429885149828
2168,69.75812646749395
2169,67.57203482167213
2170,65.54670952314245
2171,63.384666082184225
2172,60.797916112483975
2173,57.70464398247199
2174,53.941402570986874
2175,49.97615354775125
2176,46.11204173168075
2177,42.415393107969464
2178,38.929945142974304
2179,35.70002020506447
2180,32.53551569178593
2181,29.316543967313073
2182,26.476793736349492
2183,24.097330134491266
2184,22.45504796349286
2185,21.804776397034836
2186,22.345878224677655
2187,23.981031089173413
2188,26.45934634856548
2189,29.563930272230138
2190,33.25278485999024
2191,37.511598602763414
2192,42.06949407212505
2193,46.8089570226755
2194,51.237711417137525
2195,55.27069815180859
2196,58.64959807984376
2197,61.54835137573176
2198,64.21595624324675
2199,66.55079071574917
2200,69.10827813666437
2201,71.95848096794487
2202,75.28468964062145
2203,79.10443107772716
2204,83.054502526357
2205,86.83457218995699
2206,90.30959533439324
2207,93.36450058626968
2208,95.64063417440198
2209,97.29054665301786
2210,98.62799931511334
2211,100.08388885722053
2212,102.00737134219364
2213,103.95001593104793
2214,105.65334143917735
2215,107.05967671448845
2216,108.01970693112023
2217,108.03734066256939
2218,106.97990207345777
2219,105.24771776923839
2220,103.0892073840441
2221,100.95473628125106
2222,98.37155506852352
2223,96.12418741345058
2224,93.02716311027561
2225,88.92089589243129
2226,83.83074819903132
2227,78.57232461843816
2228,73.26972555199043
2229,68.09505788523012
2230,62.8126164809031
2231,57.5737028281536
2232,52.426496575419584
2233,47.79245924711051
2234,43.99940059889806
2235,40.782140398369194
2236,38.0998002122608
2237,35.70622344193541
2238,33.66328045040246
2239,31.78422258712994
2240,29.909716859568206
2241,28.3594240441672
2242,27.581020240058308
2243,27.741699064236933
2244,28.75713301740563
2245,30.51370785786804
2246,32.74128746301327
2247,35.311211071728195
2248,38.34680884544531
2249,41.82104066428062
2250,45.801905796240106
2251,49.84848241407617
2252,53.67408246002938
2253,56.945308980958714
2254,59.60662267357936
2255,61.42685107387629
2256,62.98136546511543
2257,64.45896168936923
2258,66.26146211308883
2259,68.27736764871395
2260,70.36308636275851
2261,72.3293366999747
2262,73.97214179496768
2263,75.33219137527999
2264,76.38478148628371
2265,77.22592243806471
2266,77.78871063067301
2267,78.21686344426202
2268,78.84843474521838
2269,79.62043407241981
2270,80.70815949651438
2271,82.0612436682348
2272,83.57644243957941
2273,85.37731702924413
2274,87.24466120072118
2275,88.9943506409105
2276,90.33108599157114
2277,90.76736260920948
2278,90.29265913279002
2279,89.32901655767813
2280,88.49064751733076
2281,87.69832451459601
2282,87.62505338200324
2283,88.3163980300258
2284,89.85606257139318
2285,91.85057351044227
2286,94.16230596325224
2287,96.37512127469775
2288,98.28440417261021
2289,99.73858509334622
2290,100.68241451891913
2291,101.60826363061432
2292,102.58731235010784
2293,103.66886123532001
2294,104.86728358031165
2295,105.59914379818997
2296,106.11574933265092
2297,106.58710910960346
2298,106.94323419632141
2299,106.90334705620312
2300,106.42322932801873
2301,105.4984858897228
2302,104.25856445768008
2303,102.87105694546142
2304,101.46536034048614
2305,100.12926414929258
2306,98.97241214389243
2307,97.78099844502805
2308,96.57170137503587
2309,95.31937202407687
2310,94.01241909761399
2311,92.54737710765014
2312,91.2452817714041
2313,89.94154486115782
2314,88.70354210923094
2315,87.43225895480006
2316,86.20861759941994
2317,85.02628614144459
2318,84.12591542812291
2319,83.31068266257203
2320,82.36291629864351
2321,81.18157499540258
2322,80.03510344933986
2323,79.04840408584658
2324,78.43198928534395
2325,77.90953209944284
2326,77.62010216740188
2327,77.45899033891394
2328,77.7061742733614
2329,78.42651183209577
2330,79.55216553821998
2331,80.76001209350609
2332,82.16256898981193
2333,83.75362974087395
2334,85.43014783874777
2335,86.93771301712249
2336,88.35151083772502
2337,89.58151494164919
2338,90.92909180714588
2339,92.3496750761923
2340,93.43967393204316
2341,93.95592902991287
2342,93.723617499318
2343,93.223224668205
2344,92.50169570336178
2345,91.87830987900617
2346,91.16912151580672
2347,90.45030668401722
2348,89.87950194491205
2349,89.66558051718071
2350,89.97068472513405
2351,90.82550006079065
2352,91.94703034258593
2353,93.08348018488792
2354,94.08394882591614
2355,95.11409594391844
2356,95.92370115087601
2357,96.52157672693713
2358,96.93086913253663
2359,97.20303154376896
2360,97.52322045908458
2361,97.90293690090084
2362,98.45442985397764
2363,99.16226943291343
2364,99.74412749045769
2365,100.14406518402748
2366,100.51828654479722
2367,101.06597414387863
2368,101.61564279136081
2369,102.05589249438955
2370,101.93600523251925
2371,101.21643346194124
2372,99.52012772877691
2373,97.34653581623857
2374,95.05666803065836
2375,92.8683067390602
2376,90.74619142537117
2377,88.54425980946026
2378,86.29634282804612
2379,84.27115600620601
2380,82.81187895423639
2381,81.97697181900733
2382,81.792048614527
2383,82.00168335997785
2384,82.48282254172604
2385,83.13260545588241
2386,83.92903704129836
2387,84.4749100148814
2388,84.65656366181588
2389,84.46226267307432
2390,83.80093026372819
2391,83.17365898011829
2392,82.56479241030871
2393,81.64113346058491
2394,80.8375501743252
2395,79.69666715061753
2396,78.06742443726006
2397,76.28658370549994
2398,74.69754539636706
2399,73.76622308141216
2400,73.71351048880757
2401,74.49063533006145
2402,75.85352842698747
2403,77.39244291648757
2404,78.89323169889295
2405,79.94276087583881
2406,80.60805779525968
2407,80.69997869019463
2408,80.74787232622768
2409,80.9641280284395
2410,81.3423336750753
2411,81.80360576960638
2412,81.80090236449752
2413,80.69828439111733
2414,78.28527057222996
2415,74.62880325316092
2416,69.96292836624471
2417,64.70577640083128
2418,59.443548059867446
2419,54.69614358114022
2420,50.93292664571906
2421,48.12054306878504
2422,46.23585093087339
2423,44.93328548622635
2424,44.197332047921286
2425,43.9087641063381
2426,44.08705555783596
2427,44.74264032623998
2428,45.56744438687696
2429,46.678034325938825
2430,48.09824815811531
2431,49.844173804156625
2432,51.91180839240863
2433,54.06674815777846
2434,56.22050665950633
2435,58.21548890482404
2436,60.11075656804098
2437,61.79162704262236
2438,63.33029751213671
2439,64.85972315941501
2440,66.3888147355232
2441,67.9399658675683
2442,69.4696270778967
2443,70.87925544353583
2444,72.18585723486086
2445,73.58958759864055
2446,75.04916635715782
2447,76.44142406605536
2448,77.56846862793321
2449,78.72532575499898
2450,80.01174863806702
2451,81.13093654633622
2452,82.61890405447295
2453,84.35637417387017
2454,86.29344482273947
2455,88.50206292127815
2456,91.01491379325904
2457,93.67141719101521
2458,96.14409089889648
2459,98.29806299291911
2460,100.26730718085521
2461,102.14240124056306
2462,103.94085612891418
2463,105.5151627353978
2464,106.96491203260666
2465,108.42713437424588
2466,109.78130296310272
2467,111.02864903664724
2468,112.20908696870728
2469,112.7247019755481
2470,112.01111380558771
2471,109.73796250750658
2472,106.02243655252721
2473,101.23291500790873
2474,95.5741080555169
2475,89.77991176774168
2476,83.77575805871675
2477,78.11514093126428
2478,73.15875139911327
2479,68.77362997147324
2480,64.85188809272618
2481,61.00969403195927
2482,57.28071399120664
2483,53.945648580192035
2484,50.76883379721339
2485,48.116853638817304
2486,46.17986365163677
2487,45.17064276885224
2488,44.19577887401433
2489,42.632160593942665
2490,40.653684288534365
2491,38.58739657846755
2492,37.48143738001688
2493,37.67458818904123
2494,39.353938163191934
2495,41.67213329864677
2496,44.31336036572399
2497,47.56793327309275
2498,51.26516759026712
2499,56.05052639366255
2500,61.45872400841701
2501,67.03228070378296
2502,72.68457169967672
2503,78.38907548373143
2504,83.90913368573112
2505,88.6976767659283
2506,91.89585838873816
2507,93.9105775603696
2508,95.66338323968894
2509,96.5835721570025
2510,96.9273878203798
2511,97.02528924167953
2512,97.06410255434507
2513,97.32305082141173
2514,98.28000623900911
2515,100.11711233372431
2516,102.62617986268019
2517,104.95665000110664
2518,105.90989412533632
2519,105.34136371217602
2520,103.32928002917748
2521,100.10791670989315
2522,96.29137240391177
2523,92.41149130537661
2524,88.29942615502416
2525,84.14333084600239
2526,80.64693672270528
2527,78.24584713081717
2528,77.15465019886003
2529,77.08423680540238
2530,77.99723374959774
2531,79.76964844783163
2532,81.98253923915468
2533,83.83316806244318
2534,84.63658757622822
2535,84.22146612944537
2536,82.98977983985986
2537,81.8808333590851
2538,81.17465305056851
2539,81.3595927656701
2540,82.11676227379277
2541,82.94162299796045
2542,83.53756951925239
2543,83.55953548313204
2544,83.53673575092986
2545,83.5677116730748
2546,83.40036411385505
2547,82.96100683235585
2548,82.42584241730896
2549,81.865980596333
2550,81.23957171316974
2551,80.83939250857242
2552,80.77135124287634
2553,80.76229007261156
2554,80.75696185616786
2555,80.5030748785152
2556,79.84231528332128
2557,78.77347609094383
2558,77.51515669626214
2559,76.84080160483613
2560,76.77450803011612
2561,77.67687733245367
2562,78.97397127649745
2563,80.51598761474408
2564,82.13760954507524
2565,83.54842062446335
2566,84.80702767779498
2567,86.07852117604995
2568,87.24669050274679
2569,88.0949934502393
2570,88.36260056575249
2571,88.14637303299679
2572,88.07265887452782
2573,87.86775825280398
2574,87.66866368104596
2575,86.88483738843061
2576,85.32475011660046
2577,83.15701399598944
2578,80.65444644575666
2579,78.25135236102874
2580,76.16794119709198
2581,74.46653398035608
2582,72.993948411675
2583,71.62913240666614
2584,70.12516883573782
2585,68.40508693269786
2586,66.43127261347769
2587,64.31700515811433
2588,62.12600243123091
2589,60.11343808702263
2590,58.45376079096849
2591,57.456003175947004
2592,56.801290614503955
2593,56.73757835056067
2594,56.93247256472682
2595,57.36112451996209
2596,57.892485457249634
2597,58.42922669857746
2598,58.87794093946785
2599,59.1474548218453
2600,59.435428582865384
2601,59.63277176391534
2602,59.77568577025396
2603,59.57147266369634
2604,58.87022475106392
2605,58.003308846595544
2606,57.33702106538793
2607,56.88870150088135
2608,56.51659978221062
2609,56.077534591632016
2610,55.92282802269118
2611,56.128956464035696
2612,56.72597297895839
2613,57.55699496941466
2614,58.53742198402961
2615,59.41238452950148
2616,60.14518420430972
2617,60.772031353089844
2618,61.599057843316885
2619,62.6336213263422
2620,63.73989656112773
2621,64.95911996701413
2622,66.0198443301353
2623,67.11860891700346
2624,68.69066809662756
2625,70.49354731852245
2626,72.21673483293709
2627,73.67135533452091
2628,75.24308377592929
2629,77.12035144377751
2630,79.35793897756304
2631,81.45592282392118
2632,83.12511861380524
2633,84.42135968693165
2634,85.7054633539507
2635,87.18746742119143
2636,88.8876300715648
2637,90.56200334407464
2638,92.09152242172928
2639,93.51251147821179
2640,95.01441454094766
2641,96.694570420781
2642,98.65210379286057
2643,100.94745413249194
2644,103.50228376228486
2645,106.24871280423089
2646,109.02550437595288
2647,111.56615309748963
2648,113.51153745528612
2649,114.75543663006874
2650,115.3343935209712
2651,115.16117116775399
2652,114.38276845032145
2653,112.69493488350489
2654,110.36862578867319
2655,107.493135220174
2656,103.8924128423338
2657,99.92014862475625
2658,95.74034051684274
2659,91.49507728020254
2660,87.23761188690038
2661,82.88630796926202
2662,78.49238485417911
2663,74.1123215515196
2664,69.79287321202379
2665,65.63466201926755
2666,61.69735282918662
2667,57.88197905558076
2668,54.240591664538755
2669,50.28944286047876
2670,46.33132047969893
2671,42.42828107097472
2672,38.788235104684645
2673,35.60487910242347
2674,32.83790587806114
2675,30.696584026118213
2676,29.050966513949763
2677,27.936401744835017
2678,27.154922448252897
2679,26.47503546022645
2680,25.970525321877098
2681,25.61736008597023
2682,25.138581965761468
2683,24.826802202738612
2684,24.705853259856248
2685,25.218910044087927
2686,26.52466317171379
2687,28.2729075984493
2688,30.557387166636772
2689,33.08973675594356
2690,35.754050493502206
2691,38.23748963964633
2692,40.428238949565724
2693,42.616289980691
2694,45.2718937719074
2695,48.26101243236606
2696,51.254326106471474
2697,53.883112134390146
2698,55.93896283773117
2699,57.32461426605302
2700,58.201535313538955
2701,58.6165958646108
2702,58.845172984254944
2703,59.110127939575506
2704,59.69505798973463
2705,60.73135829184828
2706,61.74876126221699
2707,62.90006354439859
2708,63.857845749248646
2709,64.97337309463508
2710,66.17678507216974
2711,67.19472174913821
2712,67.99653496715027
2713,68.18595975064756
2714,67.814224052786
2715,66.92476704601692
2716,65.74336078342898
2717,64.3302030511952
2718,62.868531078088026
2719,61.36140940153196
2720,60.03552904348797
2721,59.15408405477919
2722,58.83032232077977
2723,58.93744893811271
2724,59.1170099180082
2725,59.17058136303677
2726,59.27564604196344
2727,59.680657086289834
2728,60.79598329535271
2729,62.82474479441182
2730,65.69019223699927
2731,69.33818771042412
2732,73.10628120674622
2733,76.52346531762146
2734,79.58280591106073
2735,82.5399265652025
2736,85.11262153430586
2737,87.68322686601078
2738,90.3284789486384
2739,93.1279178205647
2740,96.11034798601449
2741,98.97222497312171
2742,101.56359652356102
2743,103.53830263999066
2744,104.87989951064816
2745,105.38346300179116
2746,105.38103539161895
2747,105.20611335853583
2748,105.24185384780301
2749,105.42002401925174
2750,105.50688281508704
2751,105.51418109812481
2752,105.76766933355302
2753,106.49439886724545
2754,107.63420920702018
2755,108.79012367817282
2756,110.01801806615362
2757,111.34318247450406
2758,112.72976597684614
2759,114.15973321332476
2760,115.40356780886037
2761,116.58014264713485
2762,117.29448152007095
2763,117.86142292685821
2764,118.07207549357086
2765,118.22290130090175
2766,118.40785724340412
2767,118.37555596446393
2768,118.06425628577004
2769,117.62235134711668
2770,117.35461829076655
2771,117.17363716600079
2772,116.93889892991189
2773,116.3357281287766
2774,115.46150953347666
2775,114.25160629435834
2776,112.7169384561787
2777,111.11416372720277
2778,109.47433385673932
2779,107.94959357868375
2780,106.55090796381437
2781,105.33105957827254
2782,104.07827285662799
2783,102.69528532493172
2784,101.40234428903531
2785,100.21007549892059
2786,99.14631129212046
2787,98.22877797548458
2788,97.20981858652914
2789,95.98010122647328
2790,94.63378909952826
2791,92.75549258897729
2792,90.59010459897846
2793,88.70621704767947
2794,86.53298150625815
2795,84.22720580890497
2796,81.77672075156923
2797,79.25747954104813
2798,77.11090719740326
2799,75.50132028344422
2800,74.51203135001417
2801,73.88915743540531
2802,73.49958076058779
2803,73.63921883980557
2804,74.26724232067029
2805,75.1234616477123
2806,76.10546731415599
2807,77.26226623517945
2808,78.95721722059767
2809,81.52991061358755
2810,84.70495496791364
2811,88.0101276485625
2812,90.80378830990031
2813,93.13338943771531
2814,95.04677854096647
2815,96.59609609763848
2816,98.03606570351202
2817,99.57479037686994
2818,101.45248105553571
2819,103.57344627349596
2820,105.46437889621306
2821,106.49553128347839
2822,106.54369570169183
2823,105.83448092223003
2824,104.73083749754213
2825,103.54744676689171
2826,102.5242952654738
2827,102.31225381985968
2828,102.65907759552675
2829,103.2997615580917
2830,103.78581578760244
2831,103.7072852856914
2832,103.34939224119753
2833,102.86375935071959
2834,102.36864828692654
2835,101.73562019419154
2836,100.6808495702409
2837,99.22359010288926
2838,97.33518332660665
2839,95.22504576595477
2840,93.09796320986945
2841,90.7755238414932
2842,87.9226544454338
2843,84.50951477798188
2844,80.74660381206309
2845,76.98123774443056
2846,73.54841607486817
2847,70.80407101005733
2848,68.67633577652136
2849,67.17281693734064
2850,65.86475554725342
2851,64.82293799210622
2852,64.30253266027269
2853,64.36202744373358
2854,64.87508563024207
2855,65.41000353257374
2856,65.37494656887097
2857,64.8644640958378
2858,63.446160056669314
2859,60.932106265979264
2860,57.713012789635386
2861,54.10780217356088
2862,50.35799173323694
2863,46.53438558007861
2864,42.73846797455718
2865,39.127907044358565
2866,35.803929264529074
2867,32.71278340432024
2868,30.123690973717316
2869,28.20174811244059
2870,27.012069987865644
2871,26.453841934313076
2872,26.41421925700898
2873,26.76146416211833
2874,27.48759305211661
2875,28.440967743121856
2876,29.328760350344098
2877,29.992926453821674
2878,30.398388147850532
2879,30.802949407959705
2880,31.30211293011679
2881,31.92247488361172
2882,32.68267013207934
2883,33.521077314807826
2884,34.552826706058795
2885,35.838195884030284
2886,37.30368475296858
2887,38.92461612524724
2888,40.63352519025109
2889,42.67504719048543
2890,45.28472498907921
2891,48.52127317102501
2892,52.135424521316025
2893,55.96999276294078
2894,60.015066691686336
2895,64.19608700597253
2896,68.13649483959485
2897,72.00189625567899
2898,75.538090723306
2899,78.80794952028842
2900,81.30665561291639
2901,83.17583898331814
2902,84.44014469070717
2903,85.30016393335129
2904,85.90820294652468
2905,86.38244494982115
2906,87.09106452316443
2907,87.7075635519731
2908,88.34211712500306
2909,88.96408563222036
2910,89.27782679402229
2911,89.52033977966423
2912,89.7112853465879
2913,90.09133568633686
2914,90.69060688644515
2915,91.68726755161168
2916,92.60964697247944
2917,93.31522806201619
2918,93.67410105435643
2919,93.84242644878938
2920,94.19838131203015
2921,94.42880904308613
2922,94.36326547388913
2923,93.99521944812611
2924,93.42513610958946
2925,92.80387089240696
2926,91.91488481918083
2927,90.65259385438318
2928,89.08733128100582
2929,87.26923922211492
2930,85.21279043566392
2931,82.73287959255244
2932,79.90362362671345
2933,76.50614370972374
2934,73.11900789456801
2935,69.71302054621424
2936,66.93867745205594
2937,64.77021264363478
2938,63.30951895547855
2939,63.03352520312103
2940,63.75609988283742
2941,64.96813091711496
2942,66.52259488381455
2943,68.33489739386253
2944,70.27379763108057
2945,72.48471587075383
2946,74.17589694312954
2947,75.5770078156844
2948,76.63421976953856
2949,77.6956040910539
2950,78.96098560126777
2951,80.27526791452763
2952,81.49115493052575
2953,82.34034701194236
2954,82.76861796605809
2955,82.9974073326091
2956,82.90838414027053
2957,82.7164901905909
2958,82.64476162894812
2959,83.14364802876852
2960,83.91704154373141
2961,84.74115738686791
2962,85.0492201447959
2963,84.91532245022505
2964,84.79883145594842
2965,84.85260591483757
2966,85.28689862838286
2967,86.11160577591977
2968,87.09907729485975
2969,88.20818663128235
2970,88.97506878702667
2971,89.3843511189741
2972,89.36023802989669
2973,89.26342111989885
2974,89.3032937359399
2975,89.76361523009388
2976,90.52957521816813
2977,91.37751118395495
2978,91.82105711056313
2979,91.73432894082666
2980,90.88095777393845
2981,89.55202271725898
2982,87.8809258969512
2983,86.25625478845168
2984,84.5833332596786
2985,82.88818782465508
2986,81.1365590987059
2987,79.36681729667649
2988,77.82475944497834
2989,76.59521844773579
2990,75.73056449914137
2991,74.88989627473163
2992,73.99894747779678
2993,72.87920327562583
2994,71.43950211830116
2995,70.06616543626828
2996,69.13323672708522
2997,69.05921745505641
2998,69.90589343946654
2999,71.60661925415158
3000,73.90937882506658
3001,77.0033890407002
3002,80.84061408265367
3003,85.22553973079887
3004,90.02245312055126
3005,94.59526085522825
3006,98.97991676392006
3007,102.95137782772483
3008,106.21163346922332
3009,108.82504421023268
3010,110.88512434996545
3011,112.16400065296163
3012,112.26527580541858
3013,110.88102840188242
3014,108.29536734963213
3015,104.96989808220931
3016,101.10405655857845
3017,97.12818171573102
3018,93.14852096094842
3019,89.50964183417341
3020,86.51000355113445
3021,83.90031824489054
3022,81.84862809836935
3023,79.9532545639263
3024,78.20703988616044
3025,76.15229958433667
3026,73.72229845336614
3027,70.97837778752495
3028,68.20594959339
3029,65.75848310212129
3030,63.46370876006279
3031,61.28618119122429
3032,59.31948602783492
3033,57.71267525725747
3034,56.3517869264593
3035,54.889257507198174
3036,53.1505909473302
3037,51.08025682255746
3038,48.918077909129394
3039,46.990733776809236
3040,45.87378818218423
3041,45.70494493096214
3042,46.39539979615488
3043,47.82553295791891
3044,49.94144253418775
3045,52.33975084088119
3046,54.604239615947705
3047,56.79407068125014
3048,58.74207982939835
3049,60.51409924711519
3050,61.65879037168524
3051,61.81306935949303
3052,61.068134874912104
3053,60.17581718760778
3054,59.217121598120215
3055,58.62452518413782
3056,58.126492495147176
3057,57.835902764409965
3058,57.65757064070439
3059,57.59943279246497
3060,57.80331918655838
3061,58.24463671518268
3062,58.4853876527182
3063,58.40449571136945
3064,58.056391595796455
3065,57.36056952135992
3066,56.26548767759627
3067,55.10821987606192
3068,54.2218398401549
3069,53.721622491387876
3070,53.348149942192016
3071,52.815326815662594
3072,52.272539656956326
3073,51.990951563731215
3074,52.414375880424856
3075,53.813115181017125
3076,56.1484168710284
3077,58.672517373808475
3078,60.868484811227134
3079,62.81461708122244
3080,64.32879900900924
3081,65.58809032570939
3082,66.98759374746217
3083,68.64459740562921
3084,70.73656645493647
3085,73.39023282496996
3086,76.38406636305683
3087,79.6603811774751
3088,82.76449632386742
3089,85.45331453366668
3090,87.51628897468055
3091,88.65505281341407
3092,88.69430915772658
3093,87.60126550477477
3094,85.82045503557428
3095,83.87496226375418
3096,82.10207950970141
3097,80.44065423527397
3098,78.80157739414003
3099,77.2152851585916
3100,75.61168154267445
3101,73.96024509973071
3102,72.21852579679873
3103,70.48750684816011
3104,68.41005260181944
3105,65.96755962517315
3106,63.27367966113533
3107,60.74171908562175
3108,58.77481738947562
3109,57.058475208949574
3110,55.69021295245009
3111,54.49875675486841
3112,53.29946756984859
3113,51.771215002390974
3114,49.744824011684926
3115,47.56716202661217
3116,45.835546388482285
3117,44.63410529326957
3118,43.769115593833476
3119,43.48034316446058
3120,43.44298398900976
3121,43.58551895149994
3122,43.56556963224313
3123,43.27679696690571
3124,42.903345324501174
3125,42.63253734476761
3126,42.31262783039984
3127,42.07165864789519
3128,42.051341152169876
3129,42.470670577671896
3130,43.267266506358226
3131,44.46602450764874
3132,45.89092359066797
3133,47.467156577281784
3134,49.1338043968035
3135,50.58378799978738
3136,52.01225329813455
3137,53.02398203234688
3138,53.300050751925404
3139,53.117433178643694
3140,52.73150740235006
3141,52.36621026817454
3142,51.83768836241373
3143,51.01456125693932
3144,50.083352523224306
3145,48.94325238978428
3146,47.35098116170832
3147,45.4990866483631
3148,43.63855224093578
3149,41.953032444226
3150,40.609173837848154
3151,39.69369102497119
3152,39.11733148620534
3153,38.92181877119886
3154,39.077484731541
3155,39.616315454923104
3156,40.52653437246063
3157,41.75642901538224
3158,43.27800317101894
3159,44.72402478087025
3160,45.57931764049002
3161,45.6507659184246
3162,45.011548596671716
3163,44.45468332193407
3164,43.94003150121916
3165,43.391923929425964
3166,42.69305268420792
3167,42.082136840163656
3168,42.02824327056342
3169,42.67684860885589
3170,43.64632091877486
3171,44.5946941913336
3172,45.27239513215946
3173,45.7508915414742
3174,45.955093472081096
3175,45.92219050096622
3176,45.73394284355905
3177,45.81183125024463
3178,46.41316186346404
3179,47.359426836063655
3180,48.67757926644414
3181,50.16986019560322
3182,51.79725146014294
3183,53.53371204247519
3184,55.1317050660508
3185,56.65366508656558
3186,58.16590919178159
3187,59.80220521402682
3188,61.387564151059095
3189,63.34062732175934
3190,65.40394689558318
3191,67.53618516710134
3192,69.39123246332215
3193,71.26294500989196
3194,73.36908426594852
3195,75.49283066257831
3196,77.90597071552394
3197,80.17877312167668
3198,82.0180257713118
3199,83.55358788508016
3200,84.91214571187248
3201,86.48610127359157
3202,88.10460490752834
3203,89.35700649006178
3204,89.82203551580677
3205,89.57551532807233
3206,88.82645270839146
3207,88.00362439145225
3208,87.47510877594331
3209,87.10422740586063
3210,86.93155516270623
3211,86.65851861319472
3212,86.26116217393353
3213,85.75030532666156
3214,85.1384347681412
3215,84.56933962680704
3216,83.83961025341611
3217,82.97995796241433
3218,81.84569265125586
3219,80.45663241505275
3220,78.5302796099352
3221,76.34957509043068
3222,73.88686150822323
3223,71.33897809313916
3224,68.59367816611763
3225,65.60138600330968
3226,62.615903019068114
3227,59.96301099734532
3228,57.71538909816528
3229,56.18641029602847
3230,55.04614469583292
3231,54.54743509897363
3232,54.171729015559855
3233,53.60478715473831
3234,52.705790405995145
3235,51.37093985438405
3236,49.53004870705962
3237,47.34948384347208
3238,44.721891694936794
3239,42.218561905220035
3240,40.22966293641024
3241,38.66484832916001
3242,37.534604704806284
3243,36.79715558846824
3244,36.92295239442131
3245,37.930191633481414
3246,39.548179472209
3247,41.39033522230922
3248,43.688218571835876
3249,45.687377085924076
3250,48.01096162138279
3251,50.4106515602047
3252,52.90865186381269
3253,55.460050599400645
3254,57.99366782986955
3255,60.21035588623522
3256,61.903626940251385
3257,63.23455422869609
3258,64.02678007018156
3259,64.61302592582135
3260,65.47094036236044
3261,66.56005676464004
3262,68.10694041667459
3263,69.9858084919224
3264,72.63336858062198
3265,75.65701264096171
3266,78.71997137144632
3267,81.11640131317833
3268,82.52671614301266
3269,82.76088480518116
3270,81.8221914046161
3271,79.9753279837781
3272,77.36023599791396
3273,74.42967536199156
3274,71.32873928933705
3275,68.36274528782907
3276,65.6413083517879
3277,63.468794668168776
3278,61.81580651062808
3279,60.81922692229733
3280,60.4509144998954
3281,60.61022690060398
3282,61.10704495125134
3283,61.40781405388534
3284,61.38024902516815
3285,61.15107626348579
3286,61.12566315268053
3287,61.67218470632089
3288,62.542106483413455
3289,63.832187132497936
3290,65.79848831011284
3291,68.55727660814615
3292,71.9098592537459
3293,75.43420193975342
3294,78.79772285768172
3295,81.75958254589662
3296,84.58101483425827
3297,87.27383634478716
3298,90.04556201746138
3299,93.08707929251398
3300,96.10872084310495
3301,98.72232473962907
3302,100.66447767422841
3303,101.98628399771042
3304,103.06022908211261
3305,104.10846506489571
3306,105.02043036991702
3307,106.28590342032889
3308,107.61714017797024
3309,108.91839186797674
3310,110.04917093614858
3311,110.95204373087904
3312,111.98413994710403
3313,113.29493165093444
3314,114.88439221097502
3315,116.44537269524804
3316,117.66799238771617
3317,118.9455246710051
3318,120.09801291587382
3319,120.73587990289067
3320,120.61775246230623
3321,119.93482495303311
3322,118.86929695218798
3323,117.75412607858581
3324,115.96421259430393
3325,113.20181239919276
3326,108.94666794581885
3327,103.5394705944104
3328,97.05945006466561
3329,89.74395063440282
3330,82.39129777666489
3331,75.97920385463863
3332,70.79835595750906
3333,66.5394548614935
3334,62.932821520035745
3335,59.38642428810586
3336,56.085911187168065
3337,52.83941073396627
3338,50.254043049329205
3339,48.5213794052528
3340,48.01336922920287
3341,48.558507978774266
3342,49.563007454553734
3343,50.451726551239304
3344,50.9606180401381
3345,50.979755816039315
3346,50.47366144997218
3347,49.45459771112768
3348,48.33175272161077
3349,47.153290076828426
3350,45.93886397757194
3351,44.8670642613516
3352,44.274741816309096
3353,44.001992471656166
3354,43.796939267795736
3355,43.596555391115785
3356,43.68801573032009
3357,44.63340094060519
3358,46.857041051948876
3359,49.795495401260595
3360,53.52897169917993
3361,57.56675485457241
3362,62.19560916360381
3363,66.22271241246114
3364,70.30034871548358
3365,73.88186940356888
3366,76.14419227543087
3367,76.89440153635447
3368,76.51761556475279
3369,74.87018966355507
3370,71.90063779637136
3371,67.93755627102803
3372,63.160906732456795
3373,58.30046364305629
3374,53.90510050019836
3375,50.629622448051464
3376,48.19113363495305
3377,46.95997278323679
3378,46.4893812235796
3379,46.69690235921225
3380,46.87774773692108
3381,47.0911840993911
3382,47.00098890382729
3383,46.49285044416924
3384,45.69449433748194
3385,44.63670092087242
3386,43.46537673737545
3387,42.27200571249675
3388,41.21395351492812
3389,40.29208532827764
3390,39.18979135463068
3391,37.751523087076635
3392,36.272925826405796
3393,35.00971331668706
3394,33.9191470710455
3395,32.85651208320102
3396,31.724687643071096
3397,30.956458466060006
3398,30.713074981212223
3399,30.913634941364016
3400,31.090956213417776
3401,30.77404750946929
3402,30.206169288743823
3403,29.57620581444397
3404,29.0834831898957
3405,29.015224078822584
3406,29.515972033495345
3407,30.30310901781042
3408,31.422885107322454
3409,32.78480726245577
3410,34.441153328285395
3411,36.789293439140465
3412,39.79713434754152
3413,43.27334356151775
3414,46.94124296796733
3415,50.716931293090425
3416,54.7989250193172
3417,59.47336903606258
3418,64.80404246114401
3419,70.64243049809706
3420,75.7218280902462
3421,80.9855467694504
3422,86.07646678220316
3423,90.76234275206272
3424,94.93941143737601
3425,98.58649835370521
3426,101.7738644335522
3427,104.39698130923932
3428,106.55952357772807
3429,108.49952479229134
3430,110.2061791648774
3431,111.5131214545006
3432,112.30404158531044
3433,112.34725002621559
3434,111.88962275683028
3435,110.9791766315397
3436,109.75347576453728
3437,108.14981195297605
3438,106.00177591231136
3439,103.3075591088186
3440,99.65282515914188
3441,95.38772038472516
3442,90.43971032105031
3443,85.0118796230343
3444,79.23551267895883
3445,73.5489379475339
3446,68.36188493405133
3447,64.01830568091917
3448,60.655132236574254
3449,58.28494280000027
3450,56.73340733279705
3451,55.86799506643705
3452,55.38252654898795
3453,55.274332944249764
3454,55.27089474119647
3455,55.38593594659402
3456,55.53240009251034
3457,55.61159527882808
3458,55.75794138474642
3459,55.95103976739999
3460,56.65439291920711
3461,57.88721703398371
3462,59.72617512773027
3463,61.97204987914562
3464,64.57486306036962
3465,67.33409390150003
3466,70.18280530554505
3467,73.19151277059112
3468,75.94770535178212
3469,78.26693873196498
3470,80.27370844829986
3471,81.88445770907694
3472,83.28164957724675
3473,84.51296376099552
3474,85.33011065274016
3475,85.77234582284595
3476,86.00715018802441
3477,86.2114299857297
3478,86.2296729057197
3479,85.87506230511255
3480,85.09003658479976
3481,84.06765900447235
3482,83.01840619059746
3483,81.69749399802146
3484,80.15432701440423
3485,78.27756066699911
3486,76.11613779177443
3487,73.81826698589202
3488,71.63294733957723
3489,69.69543814641204
3490,68.19775392895949
3491,67.04859371577957
3492,66.38665956024064
3493,66.22396965786508
3494,66.50347495646712
3495,66.48108872524338
3496,65.80923599389249
3497,64.1187199197002
3498,61.60181448160522
3499,58.31744258560181
3500,54.55897575234519
3501,50.98752707133178
3502,48.12660682052562
3503,46.55774055705828
3504,45.92164974602605
3505,45.98342864239209
3506,46.54007104367244
3507,47.866364051022074
3508,49.866502249907114
3509,52.658411103559374
3510,55.76276277295655
3511,59.64157958399362
3512,64.55132017818133
3513,70.19947819375005
3514,76.06284236286183
3515,81.31054651950797
3516,85.80225206385765
3517,89.34648748782178
3518,92.40968417148946
3519,95.33998575005786
3520,98.18373529879447
3521,100.89331246418709
3522,103.53889670416298
3523,105.71682248814619
3524,107.42379378253158
3525,108.62500190680022
3526,109.03166314665513
3527,108.75608876743608
3528,108.13742265431608
3529,107.86696518590271
3530,107.8196286003016
3531,107.65494589344512
3532,106.99533575531504
3533,106.05642855076852
3534,105.23957928281305
3535,104.41030336571515
3536,103.62948979639202
3537,102.44250358767256
3538,100.71596950621435
3539,98.7447610668543
3540,96.18030077949096
3541,93.2355782579548
3542,89.48753631186216
3543,85.29458533864468
3544,80.90031061549197
3545,76.42106147052968
3546,71.9802294961816
3547,67.98060304579522
3548,64.54998857413146
3549,61.86613070727686
3550,59.5826522411452
3551,57.68674316314983
3552,56.512127611103026
3553,56.595809009770534
3554,58.35379873501464
3555,61.34907753571868
3556,65.52286402981119
3557,70.56870297268468
3558,75.60981080479964
3559,80.10371570515747
3560,83.640016465138
3561,86.4618021461014
3562,88.53975561464333
3563,89.97818041793823
3564,91.12908170661728
3565,92.11244096888258
3566,92.88978023627537
3567,93.27144781870517
3568,93.14688670029562
3569,92.12503095140879
3570,90.38649799452239
3571,88.35201650929943
3572,86.1614124117798
3573,83.84367086290467
3574,81.51588213897307
3575,79.30420639524952
3576,77.51531680989501
3577,76.16589764715431
3578,75.19838204495989
3579,74.15952501072087
3580,73.03148578580954
3581,71.70700180236051
3582,70.36775292107163
3583,69.05542485704957
3584,67.6820752868746
3585,66.17368844439123
3586,64.41942073806739
3587,62.528407004053975
3588,61.00276923717419
3589,59.696248109259656
3590,58.67060144655578
3591,57.778288850003406
3592,56.82169492828207
3593,55.67186972639236
3594,54.26430251412291
3595,52.71854685437679
3596,50.95909891216198
3597,49.01778653966368
3598,47.05443270724223
3599,45.05166117892321
3600,42.747129836201765
3601,40.06473754874108
3602,36.86443975046874
3603,33.54403114492088
3604,30.400581923064202
3605,27.792667644171907
3606,25.775548369924298
3607,23.963661301574234
3608,22.35237325923877
3609,21.66272515944304
3610,22.470584094253283
3611,25.20998643243849
3612,29.518502989508733
3613,35.19330203755719
3614,41.68268047051899
3615,48.28162630011199
3616,54.57342808112045
3617,59.59145499849278
3618,63.71562559240272
3619,66.66785446809266
3620,69.16723551933913
3621,71.86284631994103
3622,74.84309429964102
3623,77.61553202815468
3624,79.49064672401217
3625,80.22872444445704
3626,80.20815371451118
3627,79.383473069794
3628,77.783548229692
3629,75.61564622494151
3630,73.52135478654907
3631,71.52149719074102
3632,70.27044733150191
3633,69.49754055037911
3634,69.20025063832975
3635,69.34307565098625
3636,69.50289505912734
3637,69.70755534546794
3638,69.82807523076242
3639,69.54586535978028
3640,69.35474204005735
3641,69.58840235264256
3642,70.48145154688633
3643,71.81764089475195
3644,73.29507685337845
3645,74.94203966301586
3646,76.295820988109
3647,77.56928305576972
3648,78.67719505463455
3649,79.2550902583393
3650,79.44247743402246
3651,79.45951719034534
3652,79.27609611560713
3653,78.66602389971473
3654,77.77619909667466
3655,76.74958990737545
3656,75.90986381410201
3657,75.15022301478807
3658,74.92221405111235
3659,74.84623648672395
3660,74.7861798339457
3661,74.43079842185685
3662,74.17067237844554
3663,74.23478331006942
3664,74.74245703379756
3665,75.57223052718729
3666,76.70278511328134
3667,77.94217488753425
3668,79.40438980198483
3669,81.03781613061705
3670,82.800218609746
3671,84.78117775852031
3672,86.8711695506719
3673,89.24889221463091
3674,92.02556339626773
3675,95.01334196092195
3676,97.79555225546639
3677,100.49152045658778
3678,102.7989519706332
3679,105.04629288908004
3680,107.19163140031964
3681,109.01233078072944
3682,110.57416236806428
3683,111.7895230542519
3684,112.74096160933533
3685,113.67352211424995
3686,114.54314135947882
3687,115.43905825408044
3688,116.17782286302642
3689,116.80777940256993
3690,117.31418314950491
3691,117.78942259783038
3692,118.05867774751701
3693,118.27211540700122
3694,118.59172221805649
3695,118.89016982483848
3696,118.94742455539543
3697,118.60921551816607
3698,117.80165516567729
3699,116.75287651067667
3700,115.42089050911267
3701,113.97035049468543
3702,112.12847940107034
3703,109.94739662885955
3704,107.72785593457044
3705,105.79685553053893
3706,103.81155139529078
3707,101.830920647156
3708,99.78630910741674
3709,97.64718631756799
3710,95.34611831899983
3711,92.65926514736586
3712,89.1899036487413
3713,85.08589401191631
3714,80.52447604993603
3715,75.54069119018641
3716,70.41513829972035
3717,64.86818462647071
3718,59.477018575052924
3719,54.30910090449768
3720,49.74455445981155
3721,45.673799173585806
3722,42.32597425165599
3723,40.02398846932567
3724,38.85173862064744
3725,39.01201090258304
3726,40.34050099724274
3727,42.6821208216049
3728,45.661654142743615
3729,48.74075082353836
3730,51.57630468524606
3731,53.89444931034808
3732,55.73943041512247
3733,56.99398008758717
3734,57.292976825585285
3735,56.61524573444392
3736,55.156180139889926
3737,53.13909379946455
3738,50.77726054037288
3739,48.161274338223734
3740,45.866898810352474
3741,43.97480209047548
3742,42.84166796839571
3743,41.881272009421494
3744,41.0744829036342
3745,40.38352480939865
3746,39.91671384282165
3747,39.84976037845654
3748,39.87833951671901
3749,40.14614047588441
3750,40.638034203457615
3751,41.10279468552082
3752,41.704015763736905
3753,43.058154384096525
3754,45.54702566179273
3755,49.14430447139438
3756,53.606381316521436
3757,58.48264104239886
3758,63.27630167342074
3759,68.12237267010282
3760,73.066123339465
3761,77.68663185436206
3762,81.7064742623225
3763,85.12574564441283
3764,88.41192658942691
3765,91.66319514950473
3766,94.81346059282302
3767,97.29999362885539
3768,99.10016259340814
3769,100.53036117165736
3770,101.27251184164784
3771,101.31473567413475
3772,100.75057391750114
3773,99.73004347003126
3774,98.3380125032436
3775,96.50856178925483
3776,95.17890869552915
3777,94.62979776540942
3778,95.50849785546103
3779,97.05803670676559
3780,98.53885648547129
3781,99.12015362406754
3782,98.75662120830434
3783,97.6047061826113
3784,95.82787085207524
3785,93.50361038982086
3786,90.83813903017541
3787,87.57578819324088
3788,83.6184301870903
3789,78.70122685895376
3790,73.46148617841669
3791,68.41207706589503
3792,63.48401161982238
3793,58.52648918331991
3794,53.532996517040075
3795,48.928854262732486
3796,45.165089656528906
3797,42.31531720956488
3798,39.99415863533356
3799,37.976474034025635
3800,36.08323022164251
3801,34.31041042883973
3802,32.961365703879224
3803,31.945601547399068
3804,31.308346470358675
3805,30.92338309591347
3806,30.671138334939485
3807,30.582626047116225
3808,30.407418542976682
3809,30.482179224597196
3810,30.765474534712812
3811,31.266778778703497
3812,32.094170177498825
3813,32.83955511684685
3814,33.284494360843865
3815,33.474565515933286
3816,33.878976070895305
3817,34.76772159867026
3818,36.02426137965855
3819,37.11745098911835
3820,37.92297704568598
3821,38.43716352136961
3822,38.47406701011623
3823,38.25655435224015
3824,37.58363839036261
3825,36.507840675279965
3826,35.231823682894195
3827,34.39443519498643
3828,34.076048774746496
3829,34.11220613535608
3830,34.167510776209056
3831,34.28314476172809
3832,34.61625762495761
3833,35.34233957986596
3834,36.148385503652584
3835,36.76527216471102
3836,37.16789876817928
3837,37.40854996210162
3838,37.30285372224307
3839,36.86579077049154
3840,36.0418071155719
3841,34.894521556182866
3842,33.34476835656378
3843,31.28876253698143
3844,28.99439209060677
3845,26.409489555945086
3846,24.25727779557112
3847,22.913699698377865
3848,22.49193960902975
3849,23.149265015055242
3850,24.612671554015336
3851,26.67434615286045
3852,28.91916433511122
3853,31.236182174275207
3854,33.474451002123175
3855,35.647101415510214
3856,37.51661905733302
3857,38.96248456299642
3858,40.02101834638502
3859,40.80748651447595
3860,41.44894909591527
3861,41.70744910394713
3862,41.660386959817764
3863,41.47064202968024
3864,41.12850883802852
3865,40.73107075371023
3866,40.289387577849574
3867,39.91691642084943
3868,39.434378059587324
3869,39.171915872068325
3870,39.31741223670825
3871,39.702274946132505
3872,40.3291622035248
3873,41.0800168215574
3874,41.90298008391592
3875,42.83471495074767
3876,43.64532428489129
3877,44.59051871648186
3878,45.74291521103932
3879,47.077249265981024
3880,48.596187384866305
3881,50.3417348912666
3882,52.24173421431853
3883,54.26429502202555
3884,56.064063220670526
3885,57.655951310546826
3886,58.781923123518375
3887,59.20374464008803
3888,58.846205262466476
3889,58.137590725938466
3890,57.34440309131489
3891,56.8512108150709
3892,56.66529234501115
3893,56.77580190248099
3894,57.202663427643046
3895,57.830175369416835
3896,58.721118999807516
3897,59.8790595892643
3898,61.28535511802495
3899,62.86387479445894
3900,64.61362717240513
3901,66.21287641558618
3902,67.53413189826314
3903,68.412558451681
3904,69.30676899191334
3905,70.36435341507485
3906,71.49879155094004
3907,72.76160164147333
3908,74.42579124004385
3909,76.53686136235248
3910,79.1967834945843
3911,82.30775297497266
3912,85.84654294982906
3913,89.7204202989436
3914,93.91072897389668
3915,97.91575904208548
3916,101.76345925642903
3917,105.09413921884257
3918,108.08866775719288
3919,110.68711217406346
3920,112.89029979170135
3921,114.43799056541252
3922,115.29121493393481
3923,115.73404661954893
3924,116.00496726629348
3925,116.33443379079745
3926,116.65105245966924
3927,116.91030256479766
3928,116.85607149780307
3929,116.704480326831
3930,116.62360265498464
3931,116.75591690053588
3932,117.10657927314267
3933,117.4116555373106
3934,117.97712083941488
3935,118.93784703837356
3936,120.0746144672447
3937,121.19941727021052
3938,122.00673832565192
3939,122.58968793568772
3940,122.74667107928032
3941,122.74496013667968
3942,122.47666868233325
3943,121.88395905711052
3944,120.94658876258451
3945,119.62587635329379
3946,118.28427903786498
3947,117.04766088723537
3948,116.24434053436796
3949,115.82417757791927
3950,115.39598982542698
3951,114.47029584868437
3952,112.10803261115947
3953,107.64788248075354
3954,101.60244937157253
3955,94.58510838502977
3956,86.82985919557942
3957,78.86458641565238
3958,71.093216714423
3959,64.60770414630484
3960,59.275214426196925
3961,55.14991161570725
3962,51.688590452448835
3963,49.16630008069525
3964,47.066897022278205
3965,45.42904677003261
3966,44.27987365118787
3967,43.29468135824232
3968,42.53422855035019
3969,42.03677332794207
3970,41.687026495237916
3971,41.40744268295589
3972,40.84929240137306
3973,40.11868239041467
3974,39.54733900435248
3975,38.95684590408098
3976,38.32944392468064
3977,37.886398376383035
3978,37.807592070449935
3979,38.158409950334644
3980,38.60358813047032
3981,39.28017797688355
3982,40.05941839856422
3983,41.771899712037005
3984,43.94948686220961
3985,46.35551467100805
3986,48.321705509641774
3987,49.56967611572207
3988,49.96332934023387
3989,49.742203045960565
3990,49.54982316994279
3991,49.119379571174235
3992,48.44726521732399
3993,47.935384466988296
3994,47.94923356538848
3995,48.51962047347456
3996,49.413299832710216
3997,50.37467432956682
3998,51.28175466856568
3999,52.38232687045599
4000,53.6696488329801
4001,54.899729952568336
4002,56.366343695653036
4003,57.808129445020725
4004,58.96868254193774
4005,59.604353986848594
4006,59.74043779167917
4007,59.73723023977398
4008,59.745391363643606
4009,60.14323020958293
4010,60.96015313329757
4011,62.37999001559645
4012,64.27800829824697
4013,66.53460040210093
4014,69.00521457430816
4015,71.43341269362257
4016,73.83440447786438
4017,75.98216437041845
4018,78.09749913300095
4019,79.64905164752923
4020,80.87738413151189
4021,81.65692620201847
4022,82.34091067826607
4023,82.63000252708264
4024,82.37712278238027
4025,81.47115379750457
4026,80.06538938223878
4027,78.58962694974846
4028,76.98677127464897
4029,75.57097334326349
4030,74.41524481482475
4031,73.75201379896666
4032,73.72977064961458
4033,73.88068710305511
4034,74.40197614417002
4035,75.0121110326105
4036,75.63470269789354
4037,76.09143302505198
4038,76.1917842225513
4039,75.61528721877457
4040,74.34313344753203
4041,72.5114334269139
4042,70.22651120002536
4043,67.91744558117279
4044,65.64362824633044
4045,63.6804374531753
4046,61.828451290998444
4047,60.217223329904584
4048,58.63654456253081
4049,57.04024209525532
4050,55.37066379597843
4051,53.917429897297026
4052,52.64855534299028
4053,51.35670885894447
4054,49.88974817323914
4055,48.151761182319675
4056,46.25499641081308
4057,44.29347407884032
4058,42.524942277896436
4059,40.75109908031011
4060,39.213682799325824
4061,37.63514347322203
4062,35.988297437944745
4063,34.10117273090026
4064,31.978539091119856
4065,29.91191912686663
4066,28.184221699682034
4067,26.803955475808408
4068,25.715085719323703
4069,24.892640322421443
4070,24.349861607261342
4071,24.120467314884458
4072,24.32375005241763
4073,24.950271278955015
4074,26.07615794328364
4075,27.560224220373314
4076,29.355862615474567
4077,31.3685402076801
4078,33.22791891504522
4079,34.905282908158576
4080,36.20986890830708
4081,37.13794478645488
4082,37.3631949110481
4083,37.016468536256745
4084,36.165341701380406
4085,35.012077138036496
4086,33.71239803852068
4087,32.32984108719106
4088,30.97050290244769
4089,29.671254579866194
4090,28.154028461812786
4091,26.680755454192436
4092,25.274766984558006
4093,23.814059683530985
4094,22.26694877218367
4095,20.694439986528565
4096,19.245251817410058
4097,18.639931187368752
4098,19.02292368800492
4099,20.37539914094686
4100,22.687824072361714
4101,25.631640779470587
4102,28.99512234234251
4103,32.36010524448101
4104,35.28764036934152
4105,38.24959264228379
4106,41.28816447978474
4107,44.43908829131665
4108,47.73366416169195
4109,51.165592189375985
4110,54.678553677937956
4111,57.882038713183334
4112,60.89833744810399
4113,63.81145849970541
4114,66.65908780484894
4115,69.51539808538396
4116,72.14067088441853
4117,74.44232585369753
4118,76.57362410767581
4119,78.54853661228316
4120,80.40587661048055
4121,81.92938616056114
4122,83.0566745511716
4123,83.64407071359079
4124,83.65815468555095
4125,83.10765952354248
4126,82.05542906076927
4127,80.70301960135683
4128,79.10835803927952
4129,77.33307473795593
4130,75.45008123329768
4131,73.5215393358854
4132,71.77501771841635
4133,69.94915457515913
4134,67.97953492350902
4135,65.69751874634058
4136,63.26057568659198
4137,60.830026169352536
4138,58.53439250479605
4139,56.441589929199054
4140,54.607705567755744
4141,53.20522629313673
4142,52.17513366342921
4143,51.48679204225422
4144,50.92281962066479
4145,50.322885878242516
4146,49.51205196407532
4147,48.42029549569172
4148,47.503574212629175
4149,46.87869343559405
4150,45.995643945819324
4151,44.489463379319076
4152,42.24786186879105
4153,39.74071963832242
4154,37.232184167277886
4155,34.865994239920454
4156,32.218002606351035
4157,29.31063930908627
4158,26.35841234855289
4159,23.901024040515964
4160,22.088665213842376
4161,20.51191303463635
4162,19.496984981663275
4163,19.01364165457088
4164,19.001292245417687
4165,19.060268422674778
4166,18.89021304110545
4167,18.31960574578205
4168,17.62984120264252
4169,17.025004253466523
4170,16.801186596206342
4171,16.78445357426145
4172,17.03870329329676
4173,17.583815377871176
4174,18.697496051447338
4175,20.02369562895008
4176,21.56387625277568
4177,23.11755528442695
4178,24.920453900999362
4179,26.901408861767152
4180,29.53327632696856
4181,32.768633593919766
4182,36.79902652716129
4183,41.33708994358797
4184,46.24721528879283
4185,51.47284766569524
4186,56.67606049020135
4187,61.19539685587974
4188,65.12382185642078
4189,68.22684212775678
4190,70.77016521796084
4191,72.84484366773742
4192,74.35802062364078
4193,75.05989595304817
4194,74.95453602481442
4195,74.28329765932622
4196,73.14422364592158
4197,71.99997955843577
4198,70.98952640137934
4199,69.99548821421504
4200,69.0154178606285
4201,67.64718491736916
4202,65.86564201816819
4203,63.69524654335259
4204,61.224410752109584
4205,58.793908162935026
4206,56.51349903438836
4207,54.653681635733435
4208,52.95860708618993
4209,51.63477258148616
4210,50.626734722320535
4211,50.26855510154505
4212,50.62069982049334
4213,51.17205408055831
4214,51.9223284323927
4215,52.49677123163963
4216,52.84013651626812
4217,52.91206640965137
4218,52.974645416894795
4219,52.874901207061654
4220,52.95865708972981
4221,53.594912402309035
4222,54.601824726802235
4223,55.87994789719504
4224,56.69032357898941
4225,56.645745764998125
4226,55.787780720655014
4227,54.059996467530624
4228,51.77377886615808
4229,49.31176554753318
4230,46.90014589090162
4231,44.74714008658596
4232,42.70490919274011
4233,40.97140097165786
4234,39.386196436810934
4235,38.13545267795797
4236,37.52826386691943
4237,38.065049421416376
4238,39.964063915693394
4239,42.62248772643556
4240,46.00019906455155
4241,50.292001912508326
4242,54.94099768312263
4243,59.63038883039347
4244,64.090078247897
4245,68.41772912945682
4246,72.74998705099846
4247,76.75392204109662
4248,80.49559055120717
4249,84.12976980935663
4250,87.60405672783997
4251,91.05895300017434
4252,94.31012903053812
4253,97.14568303661693
4254,99.40663744056002
4255,100.91731257852851
4256,101.84752229549727
4257,102.17378387984976
4258,102.19554402267646
4259,101.84708781624971
4260,101.06991013225777
4261,100.19561804983742
4262,99.23379171058784
4263,98.36752400437211
4264,98.12510157539812
4265,98.4422922124205
4266,99.206960197504
4267,99.9118382739129
4268,100.23959607740127
4269,100.76229513409513
4270,101.60227754206302
4271,102.69841695076305
4272,103.91220054532187
4273,105.18831383683215
4274,106.22787232969408
4275,107.13228821848395
4276,107.70584433221384
4277,107.40291838237815
4278,105.95426810545283
4279,103.58096837046583
4280,100.66741528062538
4281,97.38571410950803
4282,93.7070011595014
4283,89.82878956649918
4284,86.04403148585631
4285,82.62552977542481
4286,79.17768298507309
4287,75.61899971296697
4288,71.73126726770174
4289,67.22593559956174
4290,61.82757187023549
4291,55.61530071311716
4292,49.538463513254996
4293,44.77587071665799
4294,42.230684525036665
4295,42.307447402845
4296,44.57140871356153
4297,48.793469370468884
4298,54.504452981507654
4299,61.043386058208554
4300,67.82858137446283
4301,74.33072002713325
4302,80.51909092799741
4303,85.90432994382546
4304,90.19314265488515
4305,92.96971578562531
4306,94.71681830901821
4307,95.6692355008633
4308,95.96358221497744
4309,95.84533284336328
4310,95.62982579653448
4311,95.69859685150142
4312,96.31222685343215
4313,96.99113847754577
4314,97.47645989746322
4315,97.48975161220982
4316,97.0773271105372
4317,96.46910849520266
4318,96.12540866189933
4319,96.39899151417686
4320,97.14422136953266
4321,98.11128600704426
4322,99.04767013420391
4323,99.95609301893829
4324,100.69096042483787
4325,101.22530731425786
4326,101.1709200622692
4327,100.3726645317277
4328,98.54470488173766
4329,95.98447272280161
4330,93.17223965263007
4331,90.0662082076188
4332,87.363960850459
4333,84.38442506203626
4334,81.19087422928534
4335,78.33646406257861
4336,75.92720165821191
4337,74.08940134348526
4338,72.500362370115
4339,70.84963270608517
4340,69.04643232925447
4341,66.93184744623014
4342,64.39837952832232
4343,61.38102529006693
4344,58.10212287054922
4345,54.776518639808685
4346,51.34457796885482
4347,48.283875399868904
4348,45.24127449870019
4349,42.30987999058602
4350,39.54895385711545
4351,36.904932433898004
4352,34.2508847175566
4353,31.592866911609956
4354,28.927189667153137
4355,26.289513448644776
4356,23.844291505475333
4357,21.70636945317769
4358,20.094323243112836
4359,18.929806860366938
4360,18.132135944911553
4361,17.802987629075684
4362,17.935382098693175
4363,18.672054738792113
4364,20.070300859034006
4365,22.117357126378288
4366,24.9099693597756
4367,27.9302763172674
4368,31.042639063311313
4369,34.04696632148162
4370,37.03360613524522
4371,39.79274590920376
4372,42.220138350956084
4373,44.29923002239541
4374,46.32454157039935
4375,48.598570042303095
4376,51.3305252288351
4377,54.28411113134388
4378,57.27521672140599
4379,59.97962670584657
4380,62.31241818460414
4381,64.13136116317888
4382,65.87148986725693
4383,67.39309252324583
4384,68.65041629166791
4385,69.7592276342766
4386,70.7862657863023
4387,71.93702568299413
4388,73.0103224717949
4389,73.94409067805154
4390,74.89059024400643
4391,75.69555852709618
4392,76.29900581749044
4393,76.76055910530411
4394,76.87292324202954
4395,76.7601444572216
4396,76.70329230089118
4397,76.70072670204985
4398,76.9569485434253
4399,77.06757373229499
4400,77.13912935358536
4401,77.0798805834988
4402,77.09995818235745
4403,77.38413797960612
4404,77.81328628209874
4405,78.46669326303513
4406,79.32182038473792
4407,80.15329068556971
4408,80.53416524366818
4409,80.22462581155514
4410,79.40977314933136
4411,78.1922460823966
4412,76.8810249195249
4413,75.97507930890194
4414,75.18191502798753
4415,74.45892431385649
4416,73.11413615020511
4417,71.14740106288802
4418,69.31255833279945
4419,67.86091317006235
4420,67.13116524027271
4421,67.05520450539473
4422,67.44688923523844
4423,67.3399521094804
4424,66.42265179150863
4425,65.00722555916218
4426,63.37436352743979
4427,61.66952161626161
4428,59.76745236967277
4429,58.204295443253244
4430,57.484924605284576
4431,57.42427036040654
4432,57.716577461165585
4433,57.85635178461297
4434,57.899403537969604
4435,58.341195657337664
4436,58.81850429922568
4437,59.09146216822752
4438,59.21614905455716
4439,59.47327653656118
4440,59.48788540753473
4441,59.52873452006442
4442,59.56396031074357
4443,59.80599107944381
4444,60.41448372044857
4445,61.367532755650075
4446,62.19668541627537
4447,63.23676185209644
4448,64.48953397651093
4449,66.11642635544612
4450,67.73658947036952
4451,68.74773606289655
4452,69.00419362545836
4453,68.59967175580299
4454,67.87331772674371
4455,67.1350609020865
4456,66.72834472465466
4457,66.69889240019968
4458,66.83472578322463
4459,66.64341505576695
4460,66.28052463090074
4461,65.92028489551092
4462,65.61115070813635
4463,65.29989025800664
4464,64.7895357285673
4465,64.00070284965636
4466,62.815182304132435
4467,61.29424246135741
4468,59.4845836451882
4469,57.566147400001796
4470,55.43425140898845
4471,53.09687927937357
4472,50.655196750775275
4473,48.031429026545766
4474,45.11031702219122
4475,42.06822445119131
4476,38.97027599501164
4477,36.60906529544243
4478,35.01879470285397
4479,33.92956664333624
4480,32.57685143133794
4481,31.064222645712363
4482,29.363116884123592
4483,28.0344773338496
4484,27.336823746095675
4485,27.6399248234749
4486,28.633300253672026
4487,29.74550725916827
4488,30.558724666276888
4489,30.54527385845573
4490,30.07107569183252
4491,29.5160243987861
4492,29.13507529595297
4493,28.992573845356276
4494,29.02913370560639
4495,29.21704219217544
4496,29.40441154974857
4497,29.588639886179145
4498,29.59098182333785
4499,29.449438917274378
4500,28.95972828434495
4501,28.617156260679828
4502,28.177675747859382
4503,27.795327701705602
4504,27.687585668523027
4505,27.887552080638685
4506,28.48277976612538
4507,29.36736636587279
4508,30.615839561791958
4509,32.110647599325375
4510,33.832290029290284
4511,35.268299422663944
4512,36.001113932488934
4513,36.09634949791692
4514,35.580789244901254
4515,34.65477586850604
4516,33.65946846058809
4517,32.439924682754615
4518,31.22126845130441
4519,30.14489636005151
4520,29.358513507511013
4521,28.699268007512572
4522,28.036575513744324
4523,27.344510304982172
4524,26.62733555019451
4525,25.88886008586945
4526,25.010945910545246
4527,23.920858785166676
4528,22.90563356225468
4529,22.214441479685682
4530,22.156932932439712
4531,22.546808470597977
4532,23.23663518275366
4533,24.235138616696474
4534,25.26727884304654
4535,26.429593827530947
4536,27.634267034868962
4537,28.89419000186858
4538,30.23481448844444
4539,31.2458426649425
4540,31.8077635458622
4541,32.00252293648953
4542,32.09174619815276
4543,32.3229548398938
4544,32.89785314137062
4545,33.69733347914763
4546,34.7362207430523
4547,36.265898618464504
4548,38.15056301610066
4549,40.21908930465081
4550,42.25734281179423
4551,44.169613298346874
4552,45.983460929743345
4553,47.577978582610704
4554,48.864266819295565
4555,49.717692656752675
4556,50.143900935271446
4557,50.19410464926866
4558,49.90071887431431
4559,49.333747576591854
4560,48.84048254757331
4561,48.13412760299347
4562,47.48236809865804
4563,46.56479733405435
4564,45.36247708819751
4565,44.307648332437424
4566,43.91471353768682
4567,43.83696051182484
4568,43.84388965086533
4569,43.431816587295884
4570,43.013766419652924
4571,42.97068351231176
4572,43.46057264889572
4573,44.65072067409035
4574,45.89869431553973
4575,46.94071143947157
4576,47.54787365562531
4577,47.78111102962379
4578,48.03606052746997
4579,48.45040309564001
4580,49.07391824822425
4581,49.888835660136394
4582,50.864613052107025
4583,51.919821256708246
4584,52.706682359100355
4585,53.07264416044518
4586,53.07485833767181
4587,53.079641327840214
4588,53.45553059951189
4589,54.29431724874552
4590,55.63155749795267
4591,57.48899079358803
4592,59.76706998462636
4593,62.240727448064106
4594,64.7744402886145
4595,67.26583246263408
4596,69.58313493243774
4597,71.76049871559152
4598,73.43285217103983
4599,74.55385637155254
4600,75.19510252772945
4601,75.3011618701433
4602,74.9255661272392
4603,74.04737313623006
4604,72.91119372444106
4605,71.61032532658398
4606,70.19944768580106
4607,68.56411441928108
4608,66.87753139334052
4609,65.30057582622626
4610,63.895035169981284
4611,62.806463613531214
4612,62.15304040369299
4613,61.74149201554985
4614,61.37902771628136
4615,60.99803833506043
4616,60.414337693799695
4617,59.90651813590284
4618,59.2885802520712
4619,58.6211976911995
4620,58.161777797206824
4621,58.06061996900051
4622,58.07233858433095
4623,58.453386108218126
4624,59.064949055247396
4625,59.83447419667637
4626,60.525796757494454
4627,60.86467126571053
4628,60.78249963528813
4629,60.48764330518556
4630,60.19565700893816
4631,60.01019186416541
4632,59.94244931016854
4633,59.69934384262392
4634,59.32195381272009
4635,58.83114921198765
4636,58.451233641068086
4637,58.192152646012644
4638,58.03344150971865
4639,57.962606518255946
4640,57.798740413601834
4641,57.468874929538906
4642,56.852129530079495
4643,56.04092375227766
4644,55.04859254899912
4645,53.58273301718056
4646,51.562530434926686
4647,49.34027101822404
4648,47.120791615509354
4649,44.63604534120827
4650,41.68750571442828
4651,38.3560977840189
4652,35.20521601612323
4653,32.68252013810898
4654,31.02348524446848
4655,30.304271097911894
4656,30.57166644648661
4657,32.103505978830235
4658,34.13212983277829
4659,36.51582041868296
4660,38.99175242001781
4661,41.4556810704598
4662,43.358383536879415
4663,44.181869192620965
4664,44.281514351314364
4665,44.14637031450777
4666,44.4954896016752
4667,45.34834914184716
4668,47.26525299880811
4669,50.03887530102761
4670,53.531089207073364
4671,57.1547880889473
4672,60.05959214840832
4673,62.10700859639243
4674,63.88826090613861
4675,64.39331962537331
4676,64.01300051790983
4677,62.846048778881325
4678,61.059080019683414
4679,58.691511208781364
4680,56.11636843535158
4681,53.55741622656534
4682,51.178084328704195
4683,49.16107146355471
4684,47.70864172886776
4685,46.855946562201936
4686,46.72885972918595
4687,47.683641466325625
4688,49.40320229470781
4689,51.99543281757951
4690,54.83232884913019
4691,57.70341737732846
4692,59.937238751793956
4693,61.28984544651893
4694,61.585561810374145
4695,60.99578536023846
4696,59.546594012211955
4697,57.45648930108483
4698,55.24695957231304
4699,53.58172419480646
4700,52.92397608668171
4701,53.055339592069735
4702,53.60715803214768
4703,54.27944186742466
4704,54.85620554620088
4705,55.45477365258734
4706,56.024880848747884
4707,56.78311411574548
4708,57.74221575253721
4709,59.02251598879834
4710,60.41109257570191
4711,61.70130545668829
4712,62.86452597959651
4713,64.28018118725025
4714,65.82837109276093
4715,67.37582094669351
4716,68.83799993980335
4717,70.5195576504524
4718,72.06129779941654
4719,73.37482040630285
4720,74.17070045938429
4721,74.63869027408253
4722,74.99870379427392
4723,75.2883911835662
4724,75.79262566112794
4725,76.59019339475165
4726,77.68166926948771
4727,78.75261535651286
4728,79.79113458038154
4729,80.80944404433941
4730,81.85339542187326
4731,82.76163312032767
4732,83.53850615494828
4733,84.12022650566425
4734,84.31074416674
4735,84.07925442099767
4736,83.12106684573925
4737,81.72569010524585
4738,80.16955520964909
4739,78.82457295919394
4740,77.51393247074463
4741,76.11370961118885
4742,74.72076243612078
4743,73.53295485562188
4744,72.60873059844909
4745,72.26838532785193
4746,72.49853114390943
4747,73.23790635758263
4748,74.26484120285359
4749,75.39180928367261
4750,76.5238023159549
4751,77.7172992894858
4752,78.994744981874
4753,80.37113184106218
4754,81.82121302318097
4755,83.30955726963921
4756,84.55260801068906
4757,85.54765459948727
4758,86.34045129531599
4759,87.20522344125854
4760,88.14941427176481
4761,88.84895411904913
4762,89.27244640467475
4763,89.4282149119189
4764,89.4408221649345
4765,89.5263526116552
4766,89.6509769336379
4767,89.83534437853098
4768,90.18476920684289
4769,90.4549170536709
4770,90.38398080184871
4771,89.83762996205817
4772,89.09706700644645
4773,88.40156924846914
4774,88.05214775274086
4775,88.07251499786878
4776,88.10642160416683
4777,87.87086177177201
4778,87.30058211613022
4779,86.71268387256094
4780,86.16478015684501
4781,85.85740104767531
4782,85.42547914699625
4783,84.73902110460972
4784,83.88296788699282
4785,82.85490934956684
4786,81.77162481813149
4787,80.75601487434196
4788,79.87243422324508
4789,79.07192362663531
4790,78.36416637290804
4791,77.64321813623225
4792,77.15819433870055
4793,76.87494682482489
4794,76.68398871700988
4795,76.31704992562422
4796,75.75203248991636
4797,74.87240594062024
4798,73.56354851678421
4799,71.83809613734762
4800,69.44883703038514
4801,66.81538689654045
4802,64.1531908529875
4803,61.672942109850865
4804,59.54997977815585
4805,57.882513121801864
4806,56.761038606750425
4807,56.35631185226835
4808,56.89654299108877
4809,58.25701434838891
4810,60.26644354306407
4811,62.80299540689029
4812,65.67472814848585
4813,68.67646655980595
4814,71.90926951674174
4815,75.31997494514745
4816,78.74619464441297
4817,82.09732098919321
4818,85.31017975572746
4819,88.23677787216155
4820,90.99381977101203
4821,93.33374400521961
4822,95.55155515320897
4823,97.47812813044015
4824,99.19734237262142
4825,100.71016057764027
4826,101.78609584035243
4827,102.79762864022828
4828,103.90133202653405
4829,105.17502088552774
4830,106.48525839676434
4831,106.90841000437602
4832,106.34189823524909
4833,104.47209231501313
4834,102.06430007822559
4835,99.79507967062185
4836,97.5859240353775
4837,95.43134422701596
4838,93.16840033606465
4839,90.88774675350436
4840,89.09629885120208
4841,87.5637917106304
4842,86.38618224347962
4843,85.55267469058654
4844,85.25581861749355
4845,84.99755383390266
4846,84.9785019023453
4847,84.55463685912005
4848,83.3982449847166
4849,81.75980196133915
4850,79.94302674571603
4851,78.17619184137733
4852,76.56452540155618
4853,74.83803318288591
4854,72.95628869080988
4855,70.69076031795511
4856,68.1700701538014
4857,65.82543989249255
4858,64.16917570683418
4859,63.039153942892426
4860,62.80344647035215
4861,63.56408872066147
4862,65.00472598898243
4863,66.14044527501767
4864,65.9155230922127
4865,64.01762788878567
4866,60.7509692689472
4867,56.22836488543865
4868,50.855494163548016
4869,45.14925215072144
4870,39.892264730477585
4871,35.479714466438374
4872,31.857460696313822
4873,29.27970242045965
4874,27.68264223553072
4875,26.942491937596785
4876,26.93405992547471
4877,27.544960795689
4878,28.909454818207415
4879,30.750180885985994
4880,32.89850968464819
4881,35.2207119311561
4882,37.95819158794787
4883,41.35733055161218
4884,45.38227255367094
4885,49.79154435801367
4886,54.195205789355256
4887,58.35857840529857
4888,62.08855986642572
4889,65.5764896196381
4890,68.91640845325577
4891,71.95185935744126
4892,74.63227313475183
4893,76.84710704141
4894,78.76525633812282
4895,80.63120941995314
4896,82.64685156249945
4897,84.92064192582171
4898,87.2959101799045
4899,89.36532901775816
4900,90.93619983936541
4901,92.08462723923572
4902,93.08375907712289
4903,93.67045675385953
4904,93.94524760686922
4905,94.40437184782122
4906,94.97126722312738
4907,95.58514079054474
4908,95.69881897064093
4909,94.98741111973361
4910,93.64899059246653
4911,92.08844555051027
4912,90.89010636372927
4913,90.01100145450616
4914,89.15116402596334
4915,87.99151548287531
4916,86.48865071188256
4917,84.61725127863001
4918,82.56015559892347
4919,80.49861647179357
4920,78.42493976292877
4921,76.15944003682594
4922,73.54389971047938
4923,70.59975090360325
4924,67.34303670562632
4925,63.878332707664015
4926,60.252784248823815
4927,56.80646245755465
4928,54.00468223869471
4929,52.04002865455536
4930,50.76724933092808
4931,49.719764769689775
4932,48.872887492422386
4933,48.32698428659637
4934,48.07788300025126
4935,47.78069550176352
4936,47.41251959572349
4937,47.255580493480906
4938,47.2063540876783
4939,47.243554116039505
4940,47.16713446520094
4941,47.05094372331767
4942,46.543144161933625
4943,45.430743020879405
4944,43.70707169432354
4945,41.71460414510416
4946,39.55723801769935
4947,37.31550334263217
4948,35.30284738411282
4949,33.37541345576025
4950,31.83334779294458
4951,30.42561276226143
4952,28.905197310478044
4953,27.467724509219753
4954,26.094720710523774
4955,25.127050127049618
4956,24.44757424536627
4957,24.247989532015907
4958,24.757101825088583
4959,25.200029520061815
4960,26.512462138246548
4961,28.643132999420292
4962,31.034104719200784
4963,33.09229669038359
4964,34.46774201289361
4965,35.243089434715955
4966,35.231066179270705
4967,34.729260493726315
4968,33.889773425684965
4969,33.11649634370586
4970,32.53771907507959
4971,32.14339081444512
4972,31.800409652518677
4973,31.822336241761672
4974,32.292486759482934
4975,33.20702709905947
4976,34.253776683702135
4977,35.338401600494706
4978,36.46983325761068
4979,37.7077218108786
4980,39.02721963940044
4981,40.419506347521434
4982,41.84064471600672
4983,43.10346338146906
4984,44.228791574525104
4985,45.05472869501246
4986,45.903260827075876
4987,46.69862049127623
4988,47.5976020482988
4989,48.51668654427273
4990,49.82024303622502
4991,51.38585382776377
4992,52.87922842992248
4993,54.129700498034836
4994,54.998804038713914
4995,55.92773392479198
4996,57.123362404951536
4997,58.187408418340766
4998,58.890276177193115
4999,59.159567023410645
