,0
0,0.606499554527576
1,0.6465856589341556
2,0.649877425557658
3,0.5963005741094392
4,0.4530449917630024
5,0.3977604714400127
6,0.3507627398774162
7,0.3722089801918917
8,0.45708824842630935
9,0.5507799582299036
10,0.7105441759343952
11,0.8849010624762922
12,1.1326867183086842
13,2.361268592297173
14,3.711530657326733
15,5.002386250800529
16,6.165835045862843
17,7.0490489257389
18,7.561412514521894
19,7.990867962467158
20,8.277357614128016
21,8.515475022428534
22,8.709810440829324
23,8.774561931448291
24,8.572943551554907
25,8.101681579162628
26,7.522748314089932
27,6.876110664757425
28,6.448302410349909
29,6.465068795883743
30,6.800391950536341
31,7.429803581778346
32,8.131512299457436
33,8.683368369445219
34,9.101601151099336
35,9.349257348515302
36,9.723681283696406
37,10.211884558805847
38,10.643712933632457
39,10.990627823039485
40,11.185931025516732
41,11.373060089650272
42,11.726016149760131
43,12.311594885789166
44,12.947796835312227
45,13.636443151840123
46,14.310144472112588
47,14.88846515773525
48,15.405848896526312
49,15.6115936860196
50,15.561808956559766
51,15.228993853411383
52,14.715670484810405
53,14.308814659108902
54,13.969309523049185
55,13.678144143020571
56,13.430935266028605
57,13.215863543045595
58,12.824952336985326
59,12.315716655095427
60,11.91837233970497
61,11.672141545437054
62,11.84040292327508
63,12.290723760957441
64,12.953308454464594
65,13.72971795025512
66,14.383246892443694
67,14.911919407833937
68,15.08126902441404
69,14.845314298975985
70,14.202532464291018
71,13.24352223430721
72,12.11839021749862
73,10.934160882902447
74,9.829825336221678
75,8.851991205541296
76,8.040672784835413
77,7.437040660583066
78,7.006111039135831
79,6.710266529214293
80,6.569694118047071
81,6.590258394736729
82,6.799995068977309
83,7.192174131191054
84,7.7117957150182
85,8.382784887266597
86,9.121129909739361
87,9.895594627134795
88,10.675802985715398
89,11.322182071793677
90,11.838216587774426
91,12.208406411465386
92,12.569139828718269
93,12.910491917603796
94,13.132757043331667
95,13.300109896263617
96,13.331688596495857
97,13.396496422015371
98,13.556036721382842
99,13.809606301359596
100,14.169138416400052
101,14.496879568971439
102,14.857048942638562
103,15.201113329652484
104,15.370205479217741
105,15.36596918068828
106,15.1857193567202
107,14.788408061040462
108,14.308616310808791
109,13.688948809335344
110,12.864131975978918
111,12.013078270487828
112,11.157998450511275
113,10.472844245724758
114,9.876760087560488
115,9.551792958808539
116,9.471905491119093
117,9.658029786505177
118,9.987062864137988
119,10.428808152880777
120,10.881515622968868
121,11.270798972923378
122,11.60845802309722
123,11.928971645048485
124,12.300620397171064
125,12.804930707664765
126,13.49244027661583
127,14.341364549698646
128,15.343320486871928
129,16.36664151418516
130,17.31101214011442
131,18.13026088205169
132,18.71313460566458
133,19.11790914669401
134,19.44295657544199
135,19.670851761400545
136,19.82709535256461
137,19.9417983054945
138,19.96399542348378
139,19.976083183095607
140,20.04295870852181
141,20.17964120710047
142,20.352726387925532
143,20.484495668311027
144,20.47885265232612
145,20.367500047753882
146,20.19099704070519
147,19.996650682363452
148,19.84479109112293
149,19.644164311180294
150,19.379653588622283
151,19.02583842141654
152,18.598510667340975
153,18.21412526720931
154,17.887566212609787
155,17.581405626886582
156,17.280772580437816
157,16.91233066922903
158,16.456738474101968
159,15.976167505544378
160,15.484381060492503
161,14.956693975977803
162,14.367141862979935
163,13.705810314752448
164,13.050484880914949
165,12.332722661680318
166,11.59359494004242
167,10.802515109018115
168,9.950786628117077
169,9.177645483220262
170,8.492980089850478
171,7.897321197618766
172,7.369309252699721
173,6.823097033076555
174,6.316850370417867
175,5.859332162037144
176,5.455346979666758
177,5.120953594415282
178,4.7941403607546205
179,4.4822909984965165
180,4.234461465406011
181,4.104415984742319
182,4.075554911342959
183,4.149187406307634
184,4.31774957302392
185,4.574451845603911
186,4.901214181364231
187,5.312799224708677
188,5.7580381730927215
189,6.190669868524753
190,6.507851389915704
191,6.6737923147579465
192,6.806586330077414
193,6.96160792972376
194,7.226415703949925
195,7.672686293399499
196,8.22360438039072
197,8.791747818493478
198,9.385862671424015
199,9.889287821397577
200,10.286555800733188
201,10.66755460558877
202,10.963917913312283
203,11.196884637362365
204,11.4285023954985
205,11.61406272459093
206,11.805932883468675
207,11.951902526249103
208,12.001124603238678
209,11.979567687060719
210,11.92699123739574
211,11.903701558513061
212,11.8923474882586
213,11.880689476466893
214,11.784724807880696
215,11.653900338126537
216,11.54815737305455
217,11.423749890466576
218,11.331705087500769
219,11.255189806034723
220,11.17510341032479
221,11.1425430106674
222,11.180614785749345
223,11.329824355586926
224,11.5518336824932
225,11.858954702474842
226,12.238317182326272
227,12.675382712144735
228,13.055629723086799
229,13.58266905214737
230,14.201186196372149
231,14.940064772387158
232,15.785780224563668
233,16.61029511120758
234,17.39238246818166
235,18.088351678268886
236,18.656078619473902
237,19.097827699704958
238,19.409010368686584
239,19.495810640976362
240,19.367513669221616
241,19.02512413505835
242,18.481572039934335
243,17.885605016276113
244,17.395979501800273
245,16.998921248958
246,16.84872038666777
247,16.850759109536167
248,16.859155723574332
249,16.890406819642035
250,16.872678629557214
251,16.781785616836693
252,16.61008196941978
253,16.451051256908507
254,16.13452435339913
255,15.803738028151995
256,15.454551584736553
257,15.11191311496137
258,14.876714305904871
259,14.626280239773262
260,14.39106693116368
261,14.142590612800872
262,13.85897295178066
263,13.620237005341245
264,13.502145811212749
265,13.39409740854316
266,13.379231657892138
267,13.339325179815901
268,13.218305775714143
269,12.986693703521537
270,12.57363027123913
271,12.137731907112375
272,11.638477644081995
273,11.198199888031255
274,10.901956675896589
275,10.619942327682569
276,10.406218918518807
277,10.164942777359311
278,9.796585476110613
279,9.336614208019299
280,8.732465605123002
281,8.111724499299529
282,7.616968295091528
283,7.297764638007528
284,7.126301811877309
285,6.977129153144019
286,7.007025174466217
287,7.116473884924966
288,7.172232479460198
289,7.170257029234217
290,7.028826314649533
291,6.809536968638309
292,6.622021645151195
293,6.520179577937315
294,6.5611940092899586
295,6.719847995558245
296,7.063046385550816
297,7.629606367139395
298,8.403936146473171
299,9.383911355676235
300,10.514309297516576
301,11.677108275726773
302,12.831018347282097
303,14.0001324375352
304,15.20799046360034
305,16.44258767411768
306,17.66172555575723
307,18.741963040116413
308,19.64555103768818
309,20.506815070293275
310,21.282774631296185
311,21.978624740134627
312,22.56413903465478
313,22.950865986598085
314,23.19772459779354
315,23.425742433246498
316,23.681624110233525
317,23.9774640605858
318,24.30766264106648
319,24.640266930787288
320,24.958346244084026
321,25.309503242068413
322,25.671049912890798
323,25.855582941408628
324,25.857552498840093
325,25.659863335874615
326,25.260830039383702
327,24.837268148831114
328,24.419043916465228
329,23.986229320843055
330,23.610548877897497
331,23.391617690023452
332,23.310710470351548
333,23.296897098727463
334,23.280810718953788
335,23.140660229336373
336,22.800183885991533
337,22.294870952498666
338,21.724385166001703
339,21.122349546962422
340,20.56936061024637
341,20.170541323148903
342,19.82356854337411
343,19.48033675309979
344,19.19107924257814
345,18.922917692323367
346,18.594494940421086
347,18.170303106514133
348,17.563044377025854
349,16.778078133568723
350,15.865322952593685
351,15.032380225686328
352,14.443605768612215
353,14.190719219063682
354,14.318082677011775
355,14.774185737479486
356,15.473299585286888
357,16.283671813438716
358,17.131348657615685
359,18.042655439769515
360,18.873031819448514
361,19.68543421344785
362,20.450666588218375
363,21.14524644303675
364,21.75750663938546
365,22.257210251871562
366,22.674574051789467
367,22.977351118423762
368,23.223027424925856
369,23.546433057633127
370,23.90909063111669
371,24.23059454783572
372,24.55388921357328
373,24.76070412340567
374,24.77332495037967
375,24.70226193331269
376,24.553494245887943
377,24.25363128867961
378,23.893991984842803
379,23.443037273034268
380,22.894898466196917
381,22.30086796965143
382,21.725248276055655
383,21.24990980348476
384,20.84500929026592
385,20.59246683342963
386,20.40991533586099
387,20.24563001953502
388,20.0884120422416
389,19.8848042614534
390,19.602660741505037
391,19.210721981764742
392,18.680071587411657
393,18.016357950486736
394,17.22917958361945
395,16.388608197270454
396,15.543851095427803
397,14.671719607025524
398,13.928296020887464
399,13.28151750094735
400,12.64653518096908
401,12.101205734132384
402,11.612773133887522
403,11.095380754445662
404,10.687363001935026
405,10.295767118258684
406,9.995612090484132
407,9.780985497631073
408,9.585260344873847
409,9.475773625467724
410,9.437737382481656
411,9.490699588219515
412,9.619855051056291
413,9.813727220574606
414,10.035053670382107
415,10.379756787103132
416,10.810217270964092
417,11.257504804702954
418,11.849237351533938
419,12.42645551050104
420,12.973722107139434
421,13.434149572805936
422,13.762689967230209
423,13.843896441719469
424,13.686721151706312
425,13.384193812218145
426,12.852785857280821
427,12.305251428059961
428,11.663686507754795
429,10.999417826543358
430,10.371001800826132
431,9.71377850271409
432,9.19497977870548
433,8.753015210538969
434,8.322536246323263
435,7.962327534044699
436,7.577776727367735
437,7.2171910830319055
438,6.956885962191362
439,6.696345569324549
440,6.554178801644654
441,6.424324156467892
442,6.300906423259088
443,6.18644630843007
444,6.037812694913091
445,6.000789176433888
446,6.109479032059726
447,6.480363157162356
448,7.011603544570878
449,7.623655805420353
450,8.18504118156585
451,8.608818668740467
452,8.881977554939027
453,8.967883949161669
454,8.996308026078234
455,8.909276444716625
456,8.833558968932024
457,8.68762942396086
458,8.59963754390192
459,8.440830864643196
460,8.240329992607968
461,7.979828326372161
462,7.561492221975718
463,7.047297404248544
464,6.4984976318048755
465,6.001843270143022
466,5.642777600671479
467,5.49179653514612
468,5.5626219560197505
469,5.853070837421372
470,6.27678705542537
471,6.726031589270955
472,7.054887800474955
473,7.182939610309024
474,7.096966341885733
475,6.845095122604727
476,6.609570961655122
477,6.449762329483996
478,6.343726982703203
479,6.25121308302696
480,6.108636574271247
481,5.9538534435047765
482,5.834386815200928
483,5.807463122545836
484,5.832480462998599
485,5.8382663785083
486,5.829180707308928
487,5.862533776809693
488,5.9371176229960385
489,6.062262991227601
490,6.188445787198971
491,6.284043502955152
492,6.398654446471144
493,6.507232573391365
494,6.669982298933595
495,6.893491906547163
496,7.07956985475141
497,7.229692959313187
498,7.372669021229581
499,7.449850490705711
500,7.626552052041993
501,7.929447629256331
502,8.249139229608474
503,8.616660910812183
504,8.949169186580052
505,9.3268366082503
506,9.793861062461573
507,10.309452855114213
508,10.948726895065894
509,11.554047731414386
510,12.139679852216474
511,12.686549061782552
512,13.178281979768794
513,13.606089618416824
514,14.038856295364091
515,14.407367320386268
516,14.733180968843048
517,14.93071876006198
518,15.073305664794463
519,15.191286478849351
520,15.286364067330245
521,15.434929821700171
522,15.52351779321064
523,15.45063506117041
524,15.21890596034016
525,14.759621059555332
526,14.081777943655982
527,13.25725950188319
528,12.364992185115408
529,11.453508047941625
530,10.599639776458552
531,9.919200487629245
532,9.410654623836558
533,9.026050254395516
534,8.798439596638863
535,8.734525037630615
536,8.748104923286528
537,8.878135303336634
538,9.074238364332697
539,9.283308560469395
540,9.623303473171935
541,10.073871036434515
542,10.581564716726888
543,11.121077324160058
544,11.602381015875315
545,12.004693799923022
546,12.38045475238006
547,12.661548933939956
548,12.787214913303277
549,12.764041232267154
550,12.619290513325355
551,12.4092722126913
552,12.206365504523571
553,12.048903380767458
554,11.831147673181322
555,11.65693925144664
556,11.57191864262255
557,11.543715457871443
558,11.576140102417344
559,11.64954630576048
560,11.708750282041587
561,11.839266975167806
562,12.129981479087931
563,12.399718739811755
564,12.607158230788492
565,12.603155140260936
566,12.283263471061726
567,11.798110088458758
568,11.144785225246531
569,10.439069683228867
570,9.825097161673499
571,9.305715312822114
572,8.89902998884385
573,8.633999963738358
574,8.49220461875552
575,8.371363347162031
576,8.306028770495457
577,8.299991363447676
578,8.327354042518882
579,8.448419393339087
580,8.595613185482268
581,8.781099244275058
582,9.012431319765906
583,9.276807478767887
584,9.57220476277547
585,9.844834237210495
586,10.081681148195864
587,10.2862930469492
588,10.477062189744109
589,10.706687109885536
590,10.950222523741967
591,11.168370762808717
592,11.409964881204774
593,11.682269000475038
594,11.984580715377074
595,12.286368883783739
596,12.526489270865653
597,12.699500163674953
598,12.825577635028427
599,12.995784214307296
600,13.229524834628139
601,13.596708640337297
602,14.12923659023046
603,14.774131346369884
604,15.442869414574012
605,16.08725901020802
606,16.630971297229934
607,17.128572238911495
608,17.612095984392138
609,18.05234009616555
610,18.420939039081716
611,18.685629739936623
612,18.80352666862073
613,18.820815451806364
614,18.76850517560186
615,18.653986818412093
616,18.506201050125323
617,18.269158338532883
618,18.04859614829185
619,17.873336581009514
620,17.760287645902736
621,17.702595014740005
622,17.668410101710847
623,17.629031036951133
624,17.647213723073165
625,17.66443887481721
626,17.659837189055736
627,17.655833722443255
628,17.599202804026152
629,17.444522319604708
630,17.3322431061138
631,17.317360078526256
632,17.424992848196524
633,17.63377971260646
634,17.850435782187162
635,18.026868128856815
636,18.17023887118391
637,18.30406051768417
638,18.459033967462418
639,18.63966780390489
640,18.840172676582917
641,19.066475274815655
642,19.344846237035124
643,19.64416070934923
644,19.99195285557825
645,20.36182514503953
646,20.716288167240002
647,21.039006122325286
648,21.323234366971235
649,21.54531180336828
650,21.642290146230895
651,21.535124901354536
652,21.215867544759604
653,20.661640870267583
654,19.934481963021188
655,19.16056937376394
656,18.311314119084646
657,17.49077114935374
658,16.773416807230817
659,16.09996505751534
660,15.547347043263859
661,15.102325600786118
662,14.658100478096602
663,14.339884896796109
664,14.039798251098023
665,13.74074548963473
666,13.49059269635232
667,13.275201387660196
668,13.145585085616458
669,13.128531547075756
670,13.168977184029263
671,13.245432228147836
672,13.297772257885018
673,13.348870367607216
674,13.431532753086694
675,13.539714476727385
676,13.752166633164872
677,14.026517275335708
678,14.31402992480801
679,14.616474951061669
680,14.949372810398952
681,15.265037030856613
682,15.626383335697362
683,15.979440777230334
684,16.28660075136402
685,16.571243902694842
686,16.862038471543134
687,17.212341787480117
688,17.558155100959805
689,17.902240609441247
690,18.278113987180383
691,18.63677120048259
692,19.024645343997214
693,19.342024335848475
694,19.453053215876828
695,19.292210827749983
696,18.80471483864101
697,18.017079731957338
698,16.998647595232622
699,15.817684175183533
700,14.659463712217779
701,13.583844857987913
702,12.663392349861272
703,11.85014904342965
704,11.145426710780711
705,10.537985224107684
706,10.020329158162259
707,9.694446897114682
708,9.568253780078333
709,9.655546529411774
710,9.929816433317049
711,10.317525898780781
712,10.722913135888623
713,11.026775919268198
714,11.266284272202288
715,11.511419804039127
716,11.746146147101692
717,12.112914172775193
718,12.546042527318479
719,12.932331072502167
720,13.265782240688686
721,13.451707940268857
722,13.590557463397953
723,13.68866684684657
724,13.775987688588089
725,13.928577476072073
726,14.11809243155027
727,14.387071966895656
728,14.662154203686285
729,14.882639748337716
730,15.050414326304786
731,15.157748654380029
732,15.293583389779677
733,15.501147566544207
734,15.794867691606015
735,16.17142619013422
736,16.58701997330813
737,17.046345321413998
738,17.389908912579923
739,17.609143650541377
740,17.737828058116147
741,17.849783492706198
742,17.838042717203116
743,17.872221746884964
744,17.94253687693988
745,17.952583854561034
746,17.90429801381304
747,17.753435024012028
748,17.593916261440583
749,17.510282598144915
750,17.467606953940482
751,17.382931817877445
752,17.134518296359836
753,16.656614590299352
754,16.006017758392808
755,15.184764340639587
756,14.337957234012217
757,13.557432038830528
758,12.790148641575449
759,12.154468068866272
760,11.540130967539804
761,10.957145204804645
762,10.57800856115543
763,10.352621529966246
764,10.2535723287507
765,10.177803098038893
766,10.032147121859662
767,9.804267057443395
768,9.546792122897664
769,9.334031198918607
770,9.143284787437349
771,9.025806193140756
772,8.962043732855271
773,8.947203809483952
774,8.97720628900395
775,9.104264616045644
776,9.325810388921987
777,9.614496679946713
778,9.955562418940637
779,10.282973167848668
780,10.659008666626784
781,11.115202044781274
782,11.624356477970732
783,12.155141809932578
784,12.657071087293666
785,13.18963231903799
786,13.77640272169693
787,14.354540176164683
788,14.964276225413155
789,15.516617884883827
790,16.05314639414973
791,16.641015636498064
792,17.274558957128903
793,17.891146457434044
794,18.491320867338377
795,19.057693857655245
796,19.55482328210796
797,20.02247119313131
798,20.429324875721623
799,20.789787492581098
800,21.161577549880967
801,21.487898966108737
802,21.798290955556357
803,22.163697457136184
804,22.433865848274372
805,22.68096532838933
806,22.912618676837916
807,22.94392874563396
808,22.808707347934718
809,22.43071270020989
810,21.730612593432127
811,20.77622721503464
812,19.589731418741835
813,18.19571041235119
814,16.828712597412107
815,15.555918877743636
816,14.602607301210757
817,14.061550285152899
818,13.728465233788176
819,13.676139649676795
820,13.667130159862424
821,13.632131827057604
822,13.684476662355006
823,13.684908417207073
824,13.769906111695894
825,13.990064994690197
826,14.309722243980243
827,14.705934132658426
828,15.065653604159401
829,15.371440852903042
830,15.666934613644134
831,16.00022465301776
832,16.248286025270318
833,16.428123126365392
834,16.39602255236914
835,16.17732841420695
836,16.00138270479733
837,15.84985341804882
838,15.727728857721816
839,15.62991460827931
840,15.489332430192702
841,15.349288121904976
842,15.275618286540759
843,15.322587098637456
844,15.465314548697616
845,15.741724653542986
846,16.037044135307678
847,16.318771353047744
848,16.594416418686627
849,16.767378949766577
850,16.969854108400277
851,17.308562035560087
852,17.752157734063122
853,18.357232237688304
854,19.040231867693617
855,19.63444154579824
856,20.157444397347007
857,20.655137107467862
858,21.091027691979185
859,21.417641512254825
860,21.644575735058748
861,21.731861571865835
862,21.670985066990973
863,21.571018341239316
864,21.419222707278426
865,21.216553321872794
866,20.921604846469492
867,20.513274638707312
868,20.02989429495321
869,19.473854601130437
870,18.94674281135719
871,18.547445194429876
872,18.226465706063543
873,17.978745045286335
874,17.695243671816723
875,17.251791208806598
876,16.661157229379025
877,15.970316380808324
878,15.312110165446166
879,14.672515127101251
880,14.144937068752
881,13.742699290285985
882,13.289530704600182
883,12.875772068025386
884,12.475940232055363
885,12.145266428466453
886,12.048524413930103
887,12.295848222047978
888,12.856801898927229
889,13.559667512356777
890,14.32744098622894
891,15.068805648528393
892,15.657021677719792
893,16.14784602730557
894,16.54105015025086
895,16.762433947612916
896,16.893413845117404
897,16.92373988612297
898,16.842792939481072
899,16.793459679934518
900,16.77658273353162
901,16.693219100715694
902,16.53766789469842
903,16.15873314450214
904,15.683710643698674
905,15.243523268087529
906,14.844866875641264
907,14.446124882813962
908,13.995463590760812
909,13.593752445268533
910,13.349023602358766
911,13.404284508810662
912,13.45236149742381
913,13.754444148286073
914,14.21330995928097
915,14.731386982966578
916,15.325528809945558
917,15.973194910323262
918,16.77853880946933
919,17.702314535976715
920,18.635020480135598
921,19.562955922018876
922,20.345489509060783
923,20.994950491922857
924,21.506398476776525
925,21.894594419011305
926,22.186325363006176
927,22.34964637379034
928,22.488532831561873
929,22.64731005353238
930,22.814636983309544
931,22.925372219725972
932,22.945917054432325
933,22.87838240151184
934,22.657444308816036
935,22.403339953549814
936,22.047688166227605
937,21.483440980932947
938,20.83033168316962
939,20.05849573844968
940,19.198511386796387
941,18.367227844019805
942,17.543731036115396
943,16.715398559446452
944,15.956232069046344
945,15.338746858315758
946,14.804476241205144
947,14.370893673466453
948,13.997717969988695
949,13.581336850259042
950,13.11763173129632
951,12.694353997460194
952,12.270283698132374
953,11.789849362235255
954,11.347157813194567
955,10.939885143119767
956,10.594696685178906
957,10.402094629666065
958,10.203531804563816
959,9.954075679561807
960,9.648602252534554
961,9.363913229934875
962,9.231960942429216
963,9.13967382977033
964,9.103620806166754
965,9.039970091758455
966,9.043614375534606
967,9.18870220797202
968,9.42086786164342
969,9.622851980337536
970,9.939243336110223
971,10.224851081341587
972,10.515600488042331
973,10.788053671174971
974,11.01880625630704
975,11.219611273322528
976,11.347542680386171
977,11.450319047738624
978,11.436527276001344
979,11.276579245669346
980,10.960840480590324
981,10.445194041892758
982,9.763134940231149
983,8.93106413630404
984,8.023763730302502
985,7.137868841524078
986,6.354025368184862
987,5.709102078823235
988,5.224884002492875
989,4.922115165458553
990,4.74340799501171
991,4.731345471510969
992,4.8331613972095635
993,4.940578923475441
994,5.0958964718052995
995,5.235334800036135
996,5.384231482278823
997,5.598046128618942
998,5.862222180068362
999,6.180680756539118
1000,6.536553321296205
1001,6.9224449107090535
1002,7.32538200971442
1003,7.741803463404834
1004,8.151326473881376
1005,8.579470477433002
1006,9.041607920441546
1007,9.533751483598651
1008,10.108612505197325
1009,10.723440667580245
1010,11.338874727868223
1011,11.944348083988409
1012,12.500748199738391
1013,12.999538121525823
1014,13.424133015045665
1015,13.78684688420291
1016,14.074147895634507
1017,14.343676844000841
1018,14.581599562741092
1019,14.793933296269868
1020,14.996390361985396
1021,15.090038561838437
1022,15.113015127180564
1023,15.06612400098645
1024,14.949962586880122
1025,14.79116232079346
1026,14.653006089298062
1027,14.461892217177471
1028,14.226702748129657
1029,13.917607116365378
1030,13.483898655240656
1031,12.907345290150952
1032,12.191591380591666
1033,11.353841411484659
1034,10.513404421695649
1035,9.746817829760229
1036,9.132395696054564
1037,8.688331386708624
1038,8.410158319928007
1039,8.315488741736953
1040,8.352771697252123
1041,8.489942795715503
1042,8.672657363519665
1043,8.826159803167512
1044,8.896031632722693
1045,8.85397666196242
1046,8.752948953116228
1047,8.548946983414892
1048,8.276252098801686
1049,7.9747053110009976
1050,7.5667666964996405
1051,7.105996778013697
1052,6.655893386795493
1053,6.2134088742828935
1054,5.808318290883373
1055,5.430258797455823
1056,5.072451337585708
1057,4.76708856526456
1058,4.595050191636861
1059,4.594746362414624
1060,4.800288816384188
1061,5.230604897749185
1062,5.801055946373598
1063,6.400945519288308
1064,6.932801912614183
1065,7.393790054346504
1066,7.829583774565329
1067,8.295952406418445
1068,8.831214049361547
1069,9.367414976409837
1070,9.875057236275646
1071,10.3452455066222
1072,10.713473622902718
1073,11.022870591919736
1074,11.25212452130576
1075,11.483285416035065
1076,11.74445310347456
1077,12.00313168954299
1078,12.274823995999013
1079,12.516629269412071
1080,12.736193757436325
1081,12.918639111908202
1082,13.092239092983128
1083,13.243271076518313
1084,13.395797541296808
1085,13.550145951249295
1086,13.771910825293341
1087,14.004856446208315
1088,14.245920248001315
1089,14.519948022067044
1090,14.830112002046988
1091,15.205138070154
1092,15.662587015219296
1093,16.202842136333114
1094,16.836909413518434
1095,17.5960498639394
1096,18.474701636876812
1097,19.464860088417154
1098,20.43750069001089
1099,21.37534420934948
1100,22.250061797569682
1101,22.955830085897496
1102,23.598495471447606
1103,24.071260501823826
1104,24.429510077425938
1105,24.68955263934709
1106,24.812312987124084
1107,24.847239360098524
1108,24.732916057718512
1109,24.480018823158787
1110,24.07655665589043
1111,23.518033339324813
1112,22.771731645244333
1113,21.86733417414067
1114,20.887471624122284
1115,19.86256728709512
1116,18.792313438733476
1117,17.7371342676793
1118,16.5903564532687
1119,15.395915518773238
1120,14.254124593379068
1121,13.144531752106902
1122,12.136980917541571
1123,11.23775080829963
1124,10.470078873485907
1125,9.774171693185178
1126,9.150375953128703
1127,8.571231556096187
1128,8.0475999275532
1129,7.5564680191899924
1130,7.090628027742267
1131,6.639078027081288
1132,6.234468832213608
1133,5.98568520420608
1134,5.84169637381109
1135,5.768533116231782
1136,5.677321831725313
1137,5.610176670683245
1138,5.549967492744666
1139,5.509441952017408
1140,5.4741847315846925
1141,5.513803547271511
1142,5.505976281115461
1143,5.562757715685813
1144,5.689243881715997
1145,5.8083717084999025
1146,6.0088600041496765
1147,6.258325278752926
1148,6.5663703005257785
1149,6.966360420641541
1150,7.430274543523424
1151,7.956358176440825
1152,8.587839057798252
1153,9.312982755840403
1154,10.119846468986207
1155,10.911635337722304
1156,11.636291642737536
1157,12.27599758976704
1158,12.844158383627335
1159,13.403083745888313
1160,13.891585294920855
1161,14.327362618693684
1162,14.771912046347381
1163,15.235848235911597
1164,15.7623786805305
1165,16.296783725669314
1166,16.790307438757605
1167,17.20131451495321
1168,17.611349491589767
1169,17.997330271239534
1170,18.267302173898226
1171,18.475937965319318
1172,18.58503908292565
1173,18.660752936148768
1174,18.78783623620413
1175,18.974874357331526
1176,19.205061618420636
1177,19.422679816693414
1178,19.56313635496146
1179,19.601312296259586
1180,19.53817225219014
1181,19.46125691216585
1182,19.37962687695414
1183,19.254384405978524
1184,19.071952934511643
1185,18.772119088147225
1186,18.413136789956827
1187,17.997094830085416
1188,17.497844463667004
1189,16.9752481042902
1190,16.437583661344668
1191,15.888108012096328
1192,15.392555687715408
1193,14.945529727175362
1194,14.525155849269924
1195,14.192391554594398
1196,13.904839717170395
1197,13.654669618611512
1198,13.41761732529826
1199,13.16720377801514
1200,12.896027265233746
1201,12.60380835493617
1202,12.276291383329985
1203,11.985292235367986
1204,11.722268731572493
1205,11.50572617730558
1206,11.418897883203071
1207,11.46793478008166
1208,11.650040795516086
1209,11.980533091120698
1210,12.43626638557879
1211,12.987120725433881
1212,13.608831033910754
1213,14.20318038749831
1214,14.672093623317153
1215,14.927964762368003
1216,15.012359595813447
1217,15.01344134063293
1218,14.928629624752672
1219,14.769414275170183
1220,14.537415538136443
1221,14.22136736366676
1222,13.928014947444726
1223,13.703773849097523
1224,13.49508284900569
1225,13.321407126847419
1226,13.152747967147192
1227,12.968683299063002
1228,12.831167370696344
1229,12.787870676901205
1230,12.798382356789643
1231,12.871195931418587
1232,13.034127187158443
1233,13.203902311872483
1234,13.331319594161009
1235,13.427369056098978
1236,13.444837881539577
1237,13.423921075489579
1238,13.403187409393063
1239,13.357443783541964
1240,13.272515561782036
1241,13.13292673587479
1242,12.989138033049262
1243,12.825033396351264
1244,12.60178096331863
1245,12.325389142007504
1246,11.967146617320775
1247,11.563129721743904
1248,11.15763785885698
1249,10.738701514521273
1250,10.337238307081394
1251,9.928548638289442
1252,9.497318546041853
1253,9.061636861347766
1254,8.68259379566391
1255,8.263365473635575
1256,7.9044370788644835
1257,7.67020705846552
1258,7.58383673923306
1259,7.5983450990627395
1260,7.690680743231621
1261,7.788051057805426
1262,7.892974900805872
1263,8.144756690562831
1264,8.563141597815664
1265,9.18054782263919
1266,10.03772369939112
1267,11.150683297592991
1268,12.479935419433955
1269,14.020274822381868
1270,15.639179223642394
1271,17.16893514146894
1272,18.4961992387532
1273,19.578599329507597
1274,20.415915708758398
1275,21.098611033032377
1276,21.706888060100606
1277,22.317707131312975
1278,22.953778003836103
1279,23.533372319422256
1280,24.07798498128632
1281,24.523631144284725
1282,24.905483956424504
1283,25.24617011849222
1284,25.490045137188346
1285,25.642976524906576
1286,25.686167066158244
1287,25.6112347649503
1288,25.499302929816096
1289,25.372808046677527
1290,25.201706864365864
1291,25.004699242356065
1292,24.750956018079734
1293,24.36243470975282
1294,23.899133602552844
1295,23.42370749851887
1296,22.96624269408856
1297,22.615935884527456
1298,22.348570516024004
1299,22.178065461489698
1300,22.010323067748267
1301,21.79483748816706
1302,21.47741635191244
1303,20.96851918494356
1304,20.340800295761486
1305,19.6440408449857
1306,18.93685628154658
1307,18.186652202057058
1308,17.377907118768917
1309,16.50958426060064
1310,15.588094293121356
1311,14.78639802141438
1312,13.940466184376676
1313,13.013480932686678
1314,12.078065366778251
1315,11.190819378207587
1316,10.41566329107455
1317,9.740322164113271
1318,9.049055019697335
1319,8.327703555990858
1320,7.5839914552078005
1321,6.888559155825046
1322,6.2981423432043675
1323,5.804862277317664
1324,5.395586720771506
1325,5.058979141765569
1326,4.787332388349684
1327,4.649317276901107
1328,4.657590241402191
1329,4.791764012222274
1330,5.082861462120295
1331,5.423042483889716
1332,5.850022065174873
1333,6.37214712989549
1334,6.948793581679707
1335,7.564593572751092
1336,8.194933635365835
1337,8.809038691440378
1338,9.37210789405488
1339,9.920116237424653
1340,10.43303944104982
1341,10.92245164889134
1342,11.351957590309553
1343,11.728830598161142
1344,12.081430832088104
1345,12.410154524148773
1346,12.80588538528307
1347,13.248623793590749
1348,13.707822570666451
1349,14.169817141744025
1350,14.586258498345657
1351,14.956735225083808
1352,15.272740870229732
1353,15.528726708121358
1354,15.781897318806125
1355,16.01183967155466
1356,16.18090389882033
1357,16.34091700241412
1358,16.434947794541923
1359,16.54840479691586
1360,16.718576282151027
1361,16.952447824182126
1362,17.319327712801872
1363,17.731189989268024
1364,18.16177801999432
1365,18.602779240202537
1366,18.96608924843776
1367,19.291905568385623
1368,19.575365766740262
1369,19.82226686725505
1370,20.020380044928462
1371,20.200998016732427
1372,20.399880862880238
1373,20.591957079232387
1374,20.75421281547908
1375,20.930583431276467
1376,21.072238245681422
1377,21.203499753289506
1378,21.333806669204513
1379,21.416697960897757
1380,21.441606912091725
1381,21.42298072389749
1382,21.358764387964527
1383,21.237392799311074
1384,21.05578990692653
1385,20.736646297045617
1386,20.31379257032298
1387,19.807254784484794
1388,19.244841545328917
1389,18.635395335354502
1390,17.89346832089223
1391,16.997479136336956
1392,15.954663762493897
1393,14.894643772019446
1394,13.90485636930408
1395,13.08366464891918
1396,12.55286015919307
1397,12.224214477628381
1398,12.076456745508217
1399,12.031804576335439
1400,11.94193040675129
1401,11.753836063214276
1402,11.444637211413152
1403,11.036335452879483
1404,10.492642392542852
1405,9.952474351832437
1406,9.425787982661209
1407,8.853066392628133
1408,8.338398751119712
1409,7.817295536393634
1410,7.214679112439572
1411,6.651337327485866
1412,6.0219791725700205
1413,5.396947533718729
1414,4.996118259853039
1415,4.716023826093854
1416,4.7023160153918715
1417,4.9620374380196
1418,5.333176014791458
1419,5.855199272809479
1420,6.398387853573217
1421,6.895942749851059
1422,7.4044280879284985
1423,7.978267276721018
1424,8.700364501446943
1425,9.328589086958498
1426,10.055836724200377
1427,10.83070666588277
1428,11.485983660841654
1429,11.826063334553396
1430,11.957064892750646
1431,11.938458136216358
1432,11.833803673990197
1433,11.784315317105863
1434,11.810223977004728
1435,11.881147788809717
1436,12.07478002471622
1437,12.486844497748713
1438,13.067420248370876
1439,13.827851105989309
1440,14.724251483162465
1441,15.640786607543347
1442,16.514661454559207
1443,17.324783516966374
1444,18.076191853721312
1445,18.823090731307115
1446,19.602994480027082
1447,20.421535842240786
1448,21.217535607520198
1449,21.884064324103285
1450,22.44289268513572
1451,22.823180218580855
1452,23.018865928539874
1453,23.07640994375847
1454,22.99249964089253
1455,22.828470935976686
1456,22.670337310126573
1457,22.50907878833837
1458,22.344160408911613
1459,22.109115835530876
1460,21.781231236019245
1461,21.394093397222655
1462,20.974874411505617
1463,20.53680476428452
1464,20.052820637585402
1465,19.51549757708643
1466,18.956182205169725
1467,18.469968289549012
1468,18.10931256752343
1469,17.870977762121676
1470,17.678500751536404
1471,17.47091223587138
1472,17.239919808657834
1473,17.053366080804366
1474,16.96465878614967
1475,16.998846188906835
1476,17.169344838104028
1477,17.3942312976469
1478,17.679914429854524
1479,18.058818638472815
1480,18.446445190177737
1481,18.856156491883276
1482,19.21260532436709
1483,19.50939923797239
1484,19.75880518962066
1485,20.029783637102497
1486,20.36416952599354
1487,20.81327320541401
1488,21.288909095449053
1489,21.70602336485548
1490,22.011073526556935
1491,22.16714452208322
1492,22.100376294748237
1493,21.814783395893038
1494,21.298154046806534
1495,20.583135751914767
1496,19.718275079433916
1497,18.814198551291177
1498,17.956558626108166
1499,17.130680190671633
1500,16.46958367859824
1501,15.905628510211379
1502,15.441558197772645
1503,15.129361546536954
1504,14.933390271588939
1505,14.882598417297798
1506,14.905472152636777
1507,14.914641937255542
1508,14.921454005563778
1509,14.9238269765298
1510,14.985279083003025
1511,15.152166132874319
1512,15.441935159433935
1513,15.8264134481198
1514,16.251486517472323
1515,16.72419403782634
1516,17.14652724441594
1517,17.524120394955
1518,17.834217918741253
1519,18.06650618167289
1520,18.244141967020273
1521,18.413382687688987
1522,18.511769248202853
1523,18.519971768201977
1524,18.486457408333596
1525,18.412772700074235
1526,18.339941432508272
1527,18.30233060542721
1528,18.292457850925395
1529,18.31271194798645
1530,18.385312460376568
1531,18.43274905682618
1532,18.423725512469094
1533,18.367907057779163
1534,18.277810757831755
1535,18.172148449412013
1536,18.04229815066921
1537,17.83931027599486
1538,17.581294310583672
1539,17.35682042067594
1540,17.09067535525321
1541,16.820975363081132
1542,16.520600503579885
1543,16.205842102998773
1544,15.958476529231653
1545,15.710492524085488
1546,15.533580346162257
1547,15.416872418004477
1548,15.302020548413624
1549,15.230970918899338
1550,15.164548971760295
1551,15.099020823996852
1552,15.03520060798891
1553,14.972904289308207
1554,14.931159722351534
1555,14.869684238223318
1556,14.81084071556815
1557,14.770015310113807
1558,14.798593433138928
1559,14.858366163325192
1560,14.889288647113625
1561,14.930855448134297
1562,14.977486535942461
1563,15.098749140240264
1564,15.281210504456602
1565,15.62770333913826
1566,16.13016011199598
1567,16.709265625450392
1568,17.388560612994333
1569,17.97803917204278
1570,18.48574509229077
1571,18.897341150389728
1572,19.29572170628269
1573,19.795405552108345
1574,20.328315337870805
1575,20.921345267495347
1576,21.487389012013224
1577,21.93873949503981
1578,22.32049443924005
1579,22.6683195049254
1580,22.92738567091304
1581,23.161976145837023
1582,23.34411156079366
1583,23.43688428490063
1584,23.425659612148635
1585,23.170392384375226
1586,22.701948192501344
1587,22.107269634423158
1588,21.450986212529187
1589,20.89391369771826
1590,20.359010374083667
1591,19.846126810415544
1592,19.443666648264987
1593,19.08589333944682
1594,18.874839274298058
1595,18.873272345099274
1596,18.871909116696333
1597,19.071968592249494
1598,19.434183859716565
1599,19.90614193818215
1600,20.358161564239115
1601,20.71630565131833
1602,21.095349068399514
1603,21.42873433271192
1604,21.76193172164747
1605,22.093618269945587
1606,22.29825411947104
1607,22.398623572917295
1608,22.382438251328665
1609,22.254104749406327
1610,22.028798183594386
1611,21.773344489554717
1612,21.569320258437525
1613,21.44578448661123
1614,21.419737757452015
1615,21.48454056538251
1616,21.549081179031678
1617,21.598724805061266
1618,21.641736059061188
1619,21.680174395916783
1620,21.7189813425196
1621,21.76022854351727
1622,21.774845285908018
1623,21.764334911268467
1624,21.73085439954034
1625,21.69150736027722
1626,21.64828235644155
1627,21.494606260259197
1628,21.253911261344406
1629,20.9607494508083
1630,20.663254374419004
1631,20.463051086878362
1632,20.334151998996028
1633,20.18253090782663
1634,19.991563440236582
1635,19.714985426166233
1636,19.290845540146563
1637,18.771332157975948
1638,18.14610922470991
1639,17.442277821351823
1640,16.766340364909492
1641,16.043847438996274
1642,15.318619754027734
1643,14.573607810542516
1644,13.806099904327302
1645,13.075970094553474
1646,12.379726407802446
1647,11.715083917127375
1648,11.010473125244298
1649,10.293631171481106
1650,9.523965445437046
1651,8.740567078052388
1652,7.9999448287021435
1653,7.355603471767431
1654,6.826770540799191
1655,6.417095700618068
1656,6.087261692226054
1657,5.883825577161441
1658,5.65471072889612
1659,5.368005993134497
1660,5.025030009284762
1661,4.66863953459783
1662,4.423991287907347
1663,4.328897668915281
1664,4.596669202907202
1665,5.203731738820101
1666,6.1691449266981415
1667,7.483705524619136
1668,8.905589998748345
1669,10.281013026485045
1670,11.493520714628373
1671,12.574071497295144
1672,13.537600908066466
1673,14.501223596610746
1674,15.42510463925532
1675,16.249262701907917
1676,16.98715655974687
1677,17.588828097872852
1678,18.08366269991489
1679,18.46745399923404
1680,18.731048202731614
1681,18.867546072358415
1682,18.961518055376697
1683,19.013569150761963
1684,19.095020486682934
1685,19.15999607616306
1686,19.161801871773946
1687,19.150665396044257
1688,19.138719259705795
1689,19.178132748574775
1690,19.276863866842533
1691,19.462039807604
1692,19.661515165771334
1693,19.86016993117597
1694,20.002851973417638
1695,20.09175810557455
1696,20.108519205563617
1697,20.08230306205834
1698,20.121342355069526
1699,20.125999952556544
1700,20.14504469526009
1701,20.21317671755488
1702,20.333742683068333
1703,20.466606479625767
1704,20.597277952740303
1705,20.662465345644158
1706,20.64734058787142
1707,20.632576704014546
1708,20.672179356367
1709,20.701436040441674
1710,20.726889355586643
1711,20.71620006987544
1712,20.64128476685066
1713,20.429117076291696
1714,20.069300511897833
1715,19.471548918051155
1716,18.6900757738845
1717,17.731304508316956
1718,16.72505446887371
1719,15.839074528256724
1720,15.169173025763675
1721,14.796888612129734
1722,14.76863594740316
1723,15.09233839042372
1724,15.70839776920653
1725,16.489509373695874
1726,17.393041422721065
1727,18.25637980226874
1728,18.970168692331423
1729,19.582080439890063
1730,20.005248868023386
1731,20.263115638447278
1732,20.397192259300148
1733,20.377070578481646
1734,20.305154672383445
1735,20.27186417217598
1736,20.26415576534559
1737,20.299033818520954
1738,20.363239544736228
1739,20.41027252460609
1740,20.44550272486657
1741,20.44291372653219
1742,20.389615550998172
1743,20.26354013761988
1744,20.121609194996427
1745,19.952538553740133
1746,19.71126658929535
1747,19.409696903191833
1748,18.943401109642192
1749,18.40853174744211
1750,17.858014232682965
1751,17.3507243779803
1752,17.009525651674508
1753,16.745913219524056
1754,16.54949913446217
1755,16.334003521669654
1756,16.07750154427321
1757,15.825160919805278
1758,15.61763093215521
1759,15.498488189827095
1760,15.453575348075972
1761,15.573738278905036
1762,15.785582671328632
1763,16.009447245586685
1764,16.27343334612101
1765,16.504276806029143
1766,16.81701089933933
1767,17.089089560519195
1768,17.447953114106948
1769,17.838057448724413
1770,18.07919395126214
1771,18.06075534086016
1772,17.86739239919284
1773,17.534869063481207
1774,17.19175535686975
1775,16.87700874806784
1776,16.56122546266027
1777,16.226913827409295
1778,15.903487231249336
1779,15.576071343500942
1780,15.2559722039556
1781,14.936308226310754
1782,14.658243237425705
1783,14.418004014224461
1784,14.24727063199568
1785,14.221430809004929
1786,14.26676151880768
1787,14.447464547234578
1788,14.744465878773381
1789,15.044095027270746
1790,15.419461937869157
1791,15.803338017996845
1792,16.103155744462555
1793,16.38692006990029
1794,16.571501548227868
1795,16.724883854707954
1796,16.851923036207307
1797,16.869716489667354
1798,16.808719070438197
1799,16.603686582653726
1800,16.35157301173965
1801,16.129733804362477
1802,16.006517119128596
1803,15.990400104023422
1804,16.022331760334204
1805,16.06886588395767
1806,16.089356284150313
1807,16.039736755652754
1808,15.878411860381973
1809,15.656392082647152
1810,15.274946319031496
1811,14.753455885934919
1812,14.22544747404558
1813,13.655128633853904
1814,13.165453062234654
1815,12.817161746437737
1816,12.499838008451363
1817,12.250166929317116
1818,11.9926483760823
1819,11.647139118128425
1820,11.249423332671443
1821,10.814987787336083
1822,10.419286445336983
1823,10.084702652202118
1824,9.793614752174786
1825,9.514901254985482
1826,9.189590192501283
1827,8.792425864826212
1828,8.344514473837235
1829,7.919383181381484
1830,7.527243559703374
1831,7.226297142517476
1832,7.019471440666566
1833,6.90359624117823
1834,6.88311777713021
1835,6.905326236999949
1836,6.966618489390451
1837,7.064299423174011
1838,7.199591629251204
1839,7.359856138858071
1840,7.548267460004807
1841,7.704917404594801
1842,7.791757792977004
1843,7.842138384431253
1844,7.84577573749859
1845,7.885771078757615
1846,7.97448677500133
1847,8.078423796914675
1848,8.166808249482234
1849,8.22551485479182
1850,8.263373265110246
1851,8.306462428699255
1852,8.385840765594534
1853,8.457844540862155
1854,8.545278387111589
1855,8.67239247076833
1856,8.81060953905919
1857,9.002953145014523
1858,9.259359250136278
1859,9.424332286829149
1860,9.561842560099674
1861,9.655400213944564
1862,9.7092114503088
1863,9.83272802525007
1864,9.938682703257925
1865,10.038407884890075
1866,10.14633185089442
1867,10.166861052471987
1868,10.246763138004095
1869,10.378022406567226
1870,10.551705989138606
1871,10.880117550617834
1872,11.329900014151486
1873,11.821790710563665
1874,12.331217756237795
1875,12.814292628769127
1876,13.238141519398422
1877,13.56377472970804
1878,13.712920904988533
1879,13.72493588428275
1880,13.591812827589877
1881,13.475995768267076
1882,13.323902797047227
1883,13.214836745598488
1884,13.09054475203864
1885,12.9143997714269
1886,12.630107278993638
1887,12.16552754326029
1888,11.605222982324324
1889,11.022623960621479
1890,10.551761325472095
1891,10.366517741856844
1892,10.478714553978206
1893,10.965377038735019
1894,11.801513452461283
1895,12.912259823470814
1896,14.150052783808388
1897,15.296795050615476
1898,16.200893591113406
1899,16.828816181935867
1900,17.199184934793983
1901,17.355738766894255
1902,17.373630389562866
1903,17.292463225753657
1904,17.169663060769814
1905,17.129367475316226
1906,17.142166034040407
1907,17.160430925492022
1908,17.281103525008923
1909,17.334384946728424
1910,17.43318156215155
1911,17.618622675740966
1912,17.82940960727431
1913,18.206060084748245
1914,18.642088949889505
1915,19.089428390524258
1916,19.60454286616053
1917,20.091225955509554
1918,20.503717113634345
1919,20.859299170477986
1920,21.163262547131744
1921,21.399852338805402
1922,21.56499116174115
1923,21.67005805696891
1924,21.66980233234571
1925,21.633644440849185
1926,21.603745153386107
1927,21.619019284069736
1928,21.6933190519366
1929,21.76073051188537
1930,21.917336171736036
1931,22.08807542410552
1932,22.2270182494116
1933,22.271932304649763
1934,22.110230274896523
1935,21.780983767573836
1936,21.366330904392044
1937,20.990946988955553
1938,20.66436298252581
1939,20.404051666420624
1940,20.183557678593935
1941,19.948571119868326
1942,19.644029346921883
1943,19.376462827432128
1944,19.17605360031991
1945,18.937441066374895
1946,18.694458865260714
1947,18.43556174631997
1948,18.256362094999254
1949,18.268684522422262
1950,18.469241172349385
1951,18.886137006463617
1952,19.389602796444592
1953,19.876301439474958
1954,20.344323753630317
1955,20.79393074968079
1956,21.146406173391036
1957,21.46154272901336
1958,21.724337886727675
1959,21.877116733113354
1960,21.980317890456213
1961,22.130527521388096
1962,22.35863200223048
1963,22.634778312253722
1964,22.964412597180676
1965,23.213308487874173
1966,23.33006013482221
1967,23.307366139293286
1968,23.23946358191699
1969,23.10544980092364
1970,23.02470796173305
1971,22.950428843474263
1972,22.866893482990708
1973,22.88361737069698
1974,22.920704089561802
1975,23.024947415599968
1976,23.078304000840227
1977,23.00849190691401
1978,22.898518495663915
1979,22.721623827869823
1980,22.60308040857395
1981,22.587541067867633
1982,22.548405081170863
1983,22.549108604121834
1984,22.615539234591196
1985,22.68387701134809
1986,22.872900641989013
1987,23.19613203672123
1988,23.49505793560372
1989,23.663613284526743
1990,23.639527822697843
1991,23.416136004932525
1992,23.086832456524643
1993,22.77376629315855
1994,22.444362892971085
1995,22.157781934807993
1996,21.816241600930184
1997,21.414905254850613
1998,20.99893100440348
1999,20.57637814654045
2000,20.255927061508388
2001,20.066743000890156
2002,20.011908804376297
2003,20.11250228153834
2004,20.246094669427425
2005,20.34960013060322
2006,20.38157716834938
2007,20.336750288553006
2008,20.20616452690669
2009,20.00404590199985
2010,19.748375250077984
2011,19.40489006035122
2012,19.016627427786315
2013,18.614531203533172
2014,18.189279471148524
2015,17.823188495670124
2016,17.487268175382464
2017,17.127697328198362
2018,16.767045171776765
2019,16.29305579116114
2020,15.67623903777837
2021,15.001302303172025
2022,14.218700443630166
2023,13.389248599652236
2024,12.622712908105273
2025,11.856369251195689
2026,11.167981358539166
2027,10.593676761199847
2028,10.082522018620427
2029,9.720381682048483
2030,9.485588975971257
2031,9.341524177377517
2032,9.295282490192163
2033,9.238719152082762
2034,9.191486953190552
2035,9.16155340829082
2036,9.17041745713962
2037,9.330150369062869
2038,9.618351915715994
2039,10.061927461520009
2040,10.639624156630596
2041,11.221299715837562
2042,11.77468411737326
2043,12.216527715800433
2044,12.501755888558185
2045,12.777510485887152
2046,13.03746189298476
2047,13.450625116758118
2048,14.03294601329275
2049,14.78846119290152
2050,15.774092080218267
2051,16.842221328015683
2052,17.771493773599435
2053,18.766404468988522
2054,19.754882870938808
2055,20.60696805001665
2056,21.3015494410742
2057,21.947814344163525
2058,22.460680760592734
2059,23.000772945172407
2060,23.618947755610172
2061,24.156727475119425
2062,24.59516499546909
2063,24.7945932868679
2064,24.727195614454875
2065,24.37471793384608
2066,23.797670642135195
2067,23.196645616239387
2068,22.653710267844556
2069,22.335697382217283
2070,22.243987483327473
2071,22.22980106534364
2072,22.231569631810295
2073,22.227834834584467
2074,22.115502473810686
2075,21.94666962399361
2076,21.712945979542095
2077,21.362940334358473
2078,20.97245778696848
2079,20.46746810966901
2080,19.79548450533954
2081,19.025081886086
2082,18.173837635846024
2083,17.415956522300107
2084,16.921405112623805
2085,16.575875931701454
2086,16.355704200478964
2087,16.254533350997626
2088,16.30652611222623
2089,16.59581183364037
2090,17.126111570025703
2091,17.647754690951437
2092,18.07931159121614
2093,18.371497470517188
2094,18.552393948637615
2095,18.734428285145118
2096,18.810512923031432
2097,18.87993330805971
2098,18.892386792103146
2099,18.85359027582649
2100,18.82796448588578
2101,18.778700141121288
2102,18.77545501970681
2103,18.92067054458323
2104,19.149614007503725
2105,19.413343872750822
2106,19.74784180946406
2107,20.03028419421902
2108,20.27465361245975
2109,20.48725500632919
2110,20.594652958224483
2111,20.460358992240586
2112,20.2320387623803
2113,19.917937577763844
2114,19.649734067103708
2115,19.55452130187258
2116,19.512315181940124
2117,19.64350235406225
2118,19.68206652063123
2119,19.533808962618664
2120,19.195851628795218
2121,18.488791868203013
2122,17.58566177011941
2123,16.406228767164514
2124,15.089208686863307
2125,13.826435442712805
2126,12.728611924732315
2127,11.943971922683987
2128,11.522700977810285
2129,11.456913617165034
2130,11.725785892783446
2131,12.26221607590563
2132,12.868412235484389
2133,13.527652207780212
2134,14.154331190495618
2135,14.846213588532624
2136,15.637242239706424
2137,16.45914140807404
2138,17.330499039869608
2139,18.177082629029186
2140,18.93740510008188
2141,19.63653361627917
2142,20.242282355634668
2143,20.76811849734335
2144,21.238607693527587
2145,21.587834149616285
2146,21.78834549762277
2147,21.845551644072554
2148,21.748143373064984
2149,21.563326144114733
2150,21.31823308105689
2151,21.04604630553451
2152,20.710929644527894
2153,20.305120439183305
2154,19.867178940273536
2155,19.400766735170386
2156,18.949068480115592
2157,18.434350547083973
2158,17.88765746139585
2159,17.280302523964465
2160,16.644938528793112
2161,16.056015983861517
2162,15.521012508784649
2163,14.997288207451838
2164,14.452820701080862
2165,13.880205794276112
2166,13.38203082535598
2167,12.831359630377023
2168,12.272826286901422
2169,11.717265230746108
2170,11.21974276835672
2171,10.783431591030446
2172,10.387757118214955
2173,10.041009370070157
2174,9.698030181349228
2175,9.380765729909902
2176,9.135905841353063
2177,8.977555797320967
2178,8.917649796860324
2179,8.940021569266486
2180,9.033482112562918
2181,9.20100924830195
2182,9.462788892230035
2183,9.904838386597199
2184,10.484479516989841
2185,11.23513327523078
2186,12.138684486274677
2187,13.13879021819674
2188,14.312907935875153
2189,15.520772912194985
2190,16.744668753595857
2191,17.858990758752675
2192,18.801008423072997
2193,19.6227140211955
2194,20.351696363950193
2195,21.062759335310346
2196,21.771112878739444
2197,22.5107681442346
2198,23.244137346128607
2199,23.996145399784996
2200,24.695712453743486
2201,25.339130140204777
2202,25.899634624168016
2203,26.284040769955
2204,26.54292409593534
2205,26.647539052997594
2206,26.625202481673572
2207,26.525336669160378
2208,26.31598220173383
2209,25.932369577379067
2210,25.265620999513885
2211,24.27992541711433
2212,22.93925441903691
2213,21.47849850911976
2214,19.964326058544273
2215,18.51160293110008
2216,17.155976054877137
2217,15.830996392418266
2218,14.494058025360115
2219,13.177440688165206
2220,11.924240783716742
2221,10.800098510084112
2222,9.883813848280642
2223,9.086646192511623
2224,8.447784478792302
2225,7.979229249020243
2226,7.530869676404439
2227,7.110545449456908
2228,6.659254547167314
2229,6.202300331089182
2230,5.803494031177385
2231,5.4736712443043904
2232,5.251013853510142
2233,5.144776740884122
2234,5.142830093227638
2235,5.273186798586669
2236,5.51663882811406
2237,5.86052049293971
2238,6.298268938654406
2239,6.890822352795002
2240,7.58604384903705
2241,8.361686564871356
2242,9.230808762769566
2243,10.084731180599498
2244,10.956894156629692
2245,11.766010406365476
2246,12.51706866058286
2247,13.14865458336575
2248,13.70331672687823
2249,14.330973386053632
2250,15.018246081311496
2251,15.813810829324563
2252,16.638594578113015
2253,17.434737772069305
2254,18.16333441679693
2255,18.772931448696156
2256,19.34143692044512
2257,19.85223013838056
2258,20.27445693745682
2259,20.578971478911075
2260,20.67316674402746
2261,20.564552478288128
2262,20.267558301069528
2263,19.976430626620115
2264,19.754271450141076
2265,19.609154426229786
2266,19.572785470971105
2267,19.514964386269476
2268,19.4431606539663
2269,19.443396048970655
2270,19.51506092231096
2271,19.658690167164142
2272,19.875681318244737
2273,20.02459584105336
2274,20.094951714929778
2275,20.16151829694602
2276,20.310004054146567
2277,20.58856736612207
2278,21.00812452734348
2279,21.589185316613527
2280,22.09470820327847
2281,22.65322458014525
2282,23.212669576515506
2283,23.73883607160617
2284,24.171199210364023
2285,24.454430721357078
2286,24.684882092902832
2287,24.893589310062488
2288,25.066314723059058
2289,25.239300930367257
2290,25.33883569291268
2291,25.302444542137145
2292,25.13711804534463
2293,24.83175448846351
2294,24.395876485336125
2295,23.93917171646429
2296,23.507849740449554
2297,23.127980703966422
2298,22.805534287492524
2299,22.498776816731812
2300,22.11395836500726
2301,21.707239456124594
2302,21.29126136522624
2303,20.851506825231763
2304,20.397838501941752
2305,19.94381357362191
2306,19.483836087945516
2307,18.97843135912225
2308,18.53116003922418
2309,18.1103688542105
2310,17.675610687235924
2311,17.267851973370497
2312,16.892946730542796
2313,16.600663025626545
2314,16.414535805225658
2315,16.37166410048509
2316,16.447288773447394
2317,16.576907608022236
2318,16.717953070431932
2319,16.852292890568023
2320,16.974635913137355
2321,17.06341622136476
2322,17.110114464355178
2323,17.096319556776283
2324,17.048254316270388
2325,17.062608606069485
2326,17.21448573293184
2327,17.4441337467065
2328,17.682978294169956
2329,17.830147297133887
2330,17.87558754430915
2331,17.891506979574597
2332,17.84878924808606
2333,17.739143385093733
2334,17.581973502238316
2335,17.335771072995755
2336,17.070469622983385
2337,16.839657361472625
2338,16.614628655692027
2339,16.367220065761867
2340,16.146210103498028
2341,15.967560004511308
2342,15.84099584738307
2343,15.816934598221303
2344,15.849688617268734
2345,15.895571567590332
2346,15.908199461866943
2347,15.833388791616017
2348,15.681131574585553
2349,15.421341438295089
2350,15.088812265028023
2351,14.6875326961568
2352,14.279898821127341
2353,13.91305561805987
2354,13.551219547574215
2355,13.219053691181609
2356,12.937488022960975
2357,12.705704847477849
2358,12.487396663299888
2359,12.251172223034814
2360,11.96227631626297
2361,11.638385919177457
2362,11.401576602504441
2363,11.300495769468913
2364,11.343171754581206
2365,11.442835925980257
2366,11.519576322312668
2367,11.599673563551326
2368,11.664254274720841
2369,11.716503205848637
2370,11.840794547293275
2371,11.97767161672918
2372,12.148176855516088
2373,12.499561910291265
2374,12.934101735937563
2375,13.499277867246944
2376,14.112819957640196
2377,14.66678412336013
2378,15.233655756100031
2379,15.695555080782123
2380,16.09818204184766
2381,16.471545767036147
2382,16.728242538437037
2383,16.965015748272247
2384,17.132454341783507
2385,17.2411641119514
2386,17.398940880028167
2387,17.639157647887785
2388,17.944602970802446
2389,18.29132778230166
2390,18.63060518717779
2391,18.90114803296673
2392,19.187024465929053
2393,19.449822635624308
2394,19.678457043259183
2395,19.9659617339084
2396,20.346512361134483
2397,20.7902972975606
2398,21.28166332005568
2399,21.797453099228445
2400,22.343722291207495
2401,22.937266357175595
2402,23.63422580656601
2403,24.15788730325514
2404,24.360716539466743
2405,24.06648383692872
2406,23.158388940389344
2407,21.741608682876496
2408,19.86356292260078
2409,17.81624853377901
2410,15.833578400346703
2411,14.096638577163034
2412,12.718392516871281
2413,11.644319290933185
2414,10.748184732594964
2415,9.97952280816217
2416,9.32468754538176
2417,8.764188874242246
2418,8.325545443192851
2419,8.047280320191144
2420,7.907543785703836
2421,7.860906339078947
2422,7.867605455570001
2423,7.9293177593065405
2424,8.038862977917946
2425,8.220037017479143
2426,8.512565100847029
2427,8.878868471549902
2428,9.325562750219465
2429,9.78077942281032
2430,10.21427896644176
2431,10.67709727100684
2432,11.184029515539404
2433,11.781529546827294
2434,12.456016518973128
2435,13.14258310586483
2436,13.803124689125307
2437,14.418563146119766
2438,15.012406438398877
2439,15.599085806094607
2440,16.18218439995353
2441,16.784715597295463
2442,17.36990644078325
2443,17.909809325444243
2444,18.39715768719181
2445,18.813358320503298
2446,19.18702793773738
2447,19.564762942858234
2448,19.952263504929153
2449,20.351594573175603
2450,20.707825514541977
2451,21.01774643353072
2452,21.233849909679744
2453,21.384476506453055
2454,21.49047070403897
2455,21.617278904014015
2456,21.801746886165702
2457,22.017947929121025
2458,22.267027506281863
2459,22.500624715198715
2460,22.68028602403956
2461,22.664628223315468
2462,22.36011791995481
2463,21.707774536907543
2464,20.725540513863994
2465,19.479453859598113
2466,18.119479836994163
2467,16.851022505731496
2468,15.72374315479591
2469,14.806092675006283
2470,14.097304759565775
2471,13.533386453613637
2472,13.033120989982667
2473,12.57375980535506
2474,12.125074927444203
2475,11.654497682105564
2476,11.281929010779184
2477,11.080451683569263
2478,11.02316270294526
2479,11.015795238924968
2480,10.914304244310015
2481,10.617196902623276
2482,10.229643735105332
2483,9.84924999762258
2484,9.520380147305078
2485,9.377332516334537
2486,9.415759624276415
2487,9.607565414780868
2488,9.901882652636658
2489,10.265068218075463
2490,10.588730920428851
2491,10.960286005682889
2492,11.529953046753532
2493,12.336119742726574
2494,13.458082779693298
2495,14.785453139578312
2496,16.253533179440886
2497,17.683189826346812
2498,18.95703238932891
2499,19.992246445091226
2500,20.71360731930803
2501,21.1689206329814
2502,21.34341157364547
2503,21.367103379366498
2504,21.218266930380583
2505,20.97429274168989
2506,20.693030074053635
2507,20.28744686494666
2508,19.934589473023593
2509,19.455912945895285
2510,18.858771692908057
2511,18.185913599535755
2512,17.589782736931305
2513,17.18149854207354
2514,16.87093307487931
2515,16.714630910275083
2516,16.634594610762026
2517,16.586219799990108
2518,16.629035773683718
2519,16.652697120962674
2520,16.65504478396923
2521,16.636142572128637
2522,16.600893554367076
2523,16.48493019357783
2524,16.354058877694385
2525,16.13947664131237
2526,15.822641629446053
2527,15.373638920054216
2528,14.751278994079215
2529,14.036349897927026
2530,13.338695975937405
2531,12.73146118747932
2532,12.122739125101086
2533,11.524738786731739
2534,10.93699320505864
2535,10.370586170498989
2536,9.894661535231569
2537,9.523999524897102
2538,9.229161570578476
2539,9.087713292507354
2540,9.121532133428786
2541,9.32826399395621
2542,9.690150756939198
2543,10.214928517367444
2544,10.764520272101054
2545,11.268933795822537
2546,11.732076727784994
2547,12.082088921845525
2548,12.508274532292024
2549,13.02235741296578
2550,13.475226609140286
2551,13.870001328666904
2552,14.24962129691037
2553,14.642750962924868
2554,15.039707738858317
2555,15.488916995742096
2556,15.78059529864139
2557,15.85382064297909
2558,15.800530514176538
2559,15.664299078491453
2560,15.47561204659309
2561,15.416323165790999
2562,15.499271530163142
2563,15.580754838262786
2564,15.713139951009682
2565,15.828314999099481
2566,15.909936666192827
2567,16.02272933920362
2568,16.205132934251505
2569,16.427926701745193
2570,16.68021858168583
2571,16.801584042051996
2572,16.759502266313696
2573,16.608538533582223
2574,16.298815558626515
2575,15.88473447494577
2576,15.4021198016117
2577,14.83483406885133
2578,14.163407995739945
2579,13.433807276761291
2580,12.76026205523959
2581,12.136610256392771
2582,11.579667466791925
2583,11.142151503730975
2584,10.666468032498155
2585,10.19382262953992
2586,9.832835054350468
2587,9.50253560334306
2588,9.29184856894031
2589,9.238672785322974
2590,9.215249779908804
2591,9.316295960664823
2592,9.502581729257884
2593,9.768914003512235
2594,10.149341435962622
2595,10.59062513688466
2596,11.06358336423703
2597,11.503416430872415
2598,11.867955767473582
2599,12.1631946639968
2600,12.37151042211697
2601,12.576567509426662
2602,12.795864177300112
2603,13.104338502768764
2604,13.592507315593274
2605,14.142663804799726
2606,14.787937726714457
2607,15.389599597992412
2608,15.884319597461232
2609,16.32166875678497
2610,16.66911743417411
2611,17.011111993857554
2612,17.32467128536191
2613,17.66478739154331
2614,18.097087467428743
2615,18.575536391587704
2616,19.180548151086324
2617,19.824780258169604
2618,20.458389308376486
2619,21.106307236073057
2620,21.72920591181988
2621,22.247893557442797
2622,22.699151809134737
2623,23.05683844939796
2624,23.26750194356937
2625,23.324402606869153
2626,23.359059842884864
2627,23.404471932132047
2628,23.526053466309097
2629,23.86187367348677
2630,24.35679194215569
2631,24.944162963409816
2632,25.521589014884043
2633,25.94501605590153
2634,26.163298854345665
2635,26.198550853192604
2636,26.10191120323275
2637,25.950803553690868
2638,25.72631957526967
2639,25.47418219797825
2640,25.176593353150835
2641,24.761918826564802
2642,24.299928252965728
2643,23.803299555364966
2644,23.351587527612402
2645,22.941347369577493
2646,22.573882493507316
2647,22.20048387352412
2648,21.702601360937475
2649,21.0878495862093
2650,20.325415446957724
2651,19.37913015905512
2652,18.4002055965952
2653,17.362832730263513
2654,16.39569878824163
2655,15.58282407817213
2656,14.806078154236257
2657,14.12207955782274
2658,13.372031844103164
2659,12.533035988599172
2660,11.65772952878903
2661,10.722960821853182
2662,9.902539219056393
2663,9.20188336678087
2664,8.590627139932629
2665,8.12068471383016
2666,7.749872709792318
2667,7.4311677291374165
2668,7.204821109962287
2669,7.0573012401204105
2670,7.044195901093473
2671,7.207269913372162
2672,7.483995157198483
2673,7.8225965478817345
2674,8.163454838221696
2675,8.568052175439705
2676,9.053685648923993
2677,9.655436839923048
2678,10.325533060394548
2679,10.908516772204752
2680,11.583673270635542
2681,12.401156921475945
2682,13.275460620838766
2683,14.086295735725223
2684,14.704510090777736
2685,15.096922242760783
2686,15.297828856191261
2687,15.440571286333466
2688,15.457471399732801
2689,15.316252175770154
2690,14.914512214422455
2691,14.20402298416941
2692,13.297803430114795
2693,12.191551381423626
2694,11.106829775782185
2695,10.15053644255081
2696,9.35700137072649
2697,8.871460800289304
2698,8.652155972051686
2699,8.65812493079364
2700,8.82906489742376
2701,9.058896320616373
2702,9.232554770497847
2703,9.316934120708037
2704,9.413448296630204
2705,9.55438044003679
2706,9.761450102334695
2707,10.02571835875406
2708,10.277706182135582
2709,10.517723845949698
2710,10.819632253328692
2711,11.221569569185252
2712,11.780653705566959
2713,12.428600721969575
2714,13.186459848967267
2715,14.031547441259354
2716,14.903857684641935
2717,15.804210206518722
2718,16.614639718529197
2719,17.335047274342053
2720,17.94767262033406
2721,18.52110237841777
2722,19.119368797937376
2723,19.70193577321362
2724,20.280128236830755
2725,20.794698915323615
2726,21.197154924047492
2727,21.51123867796332
2728,21.77870602754698
2729,21.994405447727594
2730,22.207620956518134
2731,22.386598480972296
2732,22.486389384406895
2733,22.487489843259343
2734,22.439908380349205
2735,22.38234418265457
2736,22.332263330660236
2737,22.292500672819873
2738,22.28605737171475
2739,22.195382440454626
2740,22.003814747757684
2741,21.69488955221827
2742,21.33655959081603
2743,20.994055904492388
2744,20.705891017296082
2745,20.51713037499634
2746,20.43887405463384
2747,20.485074518681593
2748,20.68212582942495
2749,21.018835252214693
2750,21.47365086100192
2751,21.97795661228383
2752,22.42791431530587
2753,22.71846240686629
2754,22.842351440800282
2755,22.81940071208454
2756,22.717437842810483
2757,22.583965365097086
2758,22.408658409040164
2759,22.240859485957444
2760,22.06191908843833
2761,21.921988994283325
2762,21.67889020994021
2763,21.24221902521131
2764,20.627931657016834
2765,19.830914126780925
2766,19.053928632565928
2767,18.38770341732133
2768,17.93506718142571
2769,17.723708096956727
2770,17.664663125174307
2771,17.710704380828577
2772,17.726420060475466
2773,17.666429909114417
2774,17.506025966413894
2775,17.204336166953105
2776,16.7540163176433
2777,16.20193702472929
2778,15.612998940041573
2779,15.039384341181137
2780,14.575814670521826
2781,14.165718129215392
2782,13.719840105036534
2783,13.295514249904253
2784,12.77521583288325
2785,12.269169783914048
2786,11.845649792660392
2787,11.517647785239499
2788,11.370380027114617
2789,11.33404246835836
2790,11.427047200281416
2791,11.623181879102926
2792,11.883820696861047
2793,12.110576468310612
2794,12.351485432463775
2795,12.620816550244177
2796,12.88707543835685
2797,13.186993825455852
2798,13.51633460935128
2799,13.893286062155003
2800,14.305269825951674
2801,14.708245830907938
2802,15.073904216827195
2803,15.319802952144094
2804,15.414010133594743
2805,15.344540826062447
2806,15.150856714067498
2807,14.830446162855882
2808,14.404148558570864
2809,13.941495672408669
2810,13.499127543016598
2811,13.060677022076272
2812,12.673769781720356
2813,12.366506831776974
2814,12.078136400080956
2815,11.98089878123994
2816,12.104015116946448
2817,12.37533746246736
2818,12.865076720608467
2819,13.413082011103011
2820,13.882228050853637
2821,14.246927954029061
2822,14.5006557750606
2823,14.67076620656185
2824,14.783940441357977
2825,14.90470910372809
2826,14.951518692993925
2827,14.877946602591024
2828,14.765983146145796
2829,14.631755699611258
2830,14.581367750425454
2831,14.73866245231144
2832,15.008165622883212
2833,15.276008911930042
2834,15.447388285521425
2835,15.503376389712448
2836,15.488672181689564
2837,15.483449441518
2838,15.541050692592169
2839,15.658271409866858
2840,15.853860594055522
2841,16.170907443500116
2842,16.58473949333889
2843,17.04592920033042
2844,17.562859115662846
2845,17.958498037265798
2846,18.163425900918853
2847,18.2170600574469
2848,18.095837289727818
2849,17.91720127518537
2850,17.76178794253344
2851,17.55337682863544
2852,17.275373769205256
2853,16.9664653738794
2854,16.520133244396803
2855,15.987624398163746
2856,15.440516933181048
2857,14.790766820883228
2858,14.16719704626145
2859,13.589548096884746
2860,12.974241396457161
2861,12.406755843106374
2862,11.869476831746798
2863,11.356789857455334
2864,10.870372215905267
2865,10.445597296823411
2866,10.011919714266954
2867,9.55059171275935
2868,9.126268204359583
2869,8.750918272902627
2870,8.532674423485426
2871,8.486896238754523
2872,8.601848225727405
2873,8.86011146893189
2874,9.183968007701653
2875,9.648909655219505
2876,10.23297557285557
2877,10.92813663038891
2878,11.716373372536811
2879,12.460845139216856
2880,13.058069093270179
2881,13.515155252290818
2882,13.924630196842848
2883,14.270195136528098
2884,14.589927086355353
2885,14.773081760234723
2886,14.763951006292258
2887,14.625578393798948
2888,14.432339854040013
2889,14.27216706675998
2890,14.185081504252432
2891,14.132992968448798
2892,14.06805393800699
2893,13.944273282854631
2894,13.841599100343112
2895,13.758930116691321
2896,13.628897684079181
2897,13.526577291256707
2898,13.25379377289353
2899,12.925011963487906
2900,12.65266613366421
2901,12.382983328758133
2902,12.202620337638884
2903,12.083385321512413
2904,12.037976275442894
2905,12.058527738421644
2906,12.12583984145526
2907,12.184401371094506
2908,12.171699405876254
2909,12.036266678035307
2910,11.837676146288029
2911,11.545706217837445
2912,11.301206503263977
2913,11.130643589788486
2914,10.95987471098484
2915,10.845855359205913
2916,10.743861944738477
2917,10.632884968458107
2918,10.552750541524965
2919,10.505821125180635
2920,10.489873452826307
2921,10.496826821779472
2922,10.563241303105812
2923,10.688652692924357
2924,10.8442871624489
2925,11.042963479089781
2926,11.181996331414688
2927,11.225551186498494
2928,11.208838522369824
2929,11.107495504057024
2930,11.067470822481464
2931,11.12531158887087
2932,11.31875025530182
2933,11.665562120347433
2934,12.113559251645288
2935,12.641933482682152
2936,13.18839338746651
2937,13.77997836212868
2938,14.37636335449892
2939,15.017966840821714
2940,15.703788717846088
2941,16.469979231140385
2942,17.33780133533489
2943,18.2746776410414
2944,19.30884598970009
2945,20.309056663002217
2946,21.257781328224105
2947,22.100851424073856
2948,22.727253768768037
2949,23.176112470112376
2950,23.5225466055308
2951,23.877047704140715
2952,24.273788948545338
2953,24.77671708444007
2954,25.341428457652473
2955,25.84312117617474
2956,26.334339188405153
2957,26.715620791038546
2958,26.917204123849135
2959,26.947530504078063
2960,26.838944889443603
2961,26.599582772759007
2962,26.26848001993812
2963,25.8788758197403
2964,25.539920165568198
2965,25.14201614781353
2966,24.771889492895298
2967,24.449167935011964
2968,24.238779288489482
2969,24.092705374323934
2970,23.95109307864027
2971,23.851912613250043
2972,23.766655996544284
2973,23.683331417660693
2974,23.59942180801624
2975,23.431136585952082
2976,23.16472709737927
2977,22.787874582013206
2978,22.31651402897274
2979,21.847014521327434
2980,21.405871691052624
2981,20.97309070568872
2982,20.57850932934994
2983,20.21300179466416
2984,19.894496513299366
2985,19.720608716483433
2986,19.692688388318455
2987,19.71242363519709
2988,19.80180459221261
2989,19.955848809838344
2990,20.132885968967138
2991,20.400565911819502
2992,20.684195901809144
2993,20.979843332456287
2994,21.311386269249894
2995,21.66991813772005
2996,22.039290294349072
2997,22.294535361773686
2998,22.459164259871123
2999,22.52657280949737
3000,22.631732287761395
3001,22.87509017228984
3002,23.19472066069256
3003,23.551450980130753
3004,23.731098932389067
3005,23.72667058208425
3006,23.606865516934697
3007,23.338518207672063
3008,23.121732040160378
3009,22.923568877102774
3010,22.69549562849802
3011,22.506644146453134
3012,22.18920133400482
3013,21.756199808631774
3014,21.18481124237722
3015,20.48781371453954
3016,19.723465495327623
3017,18.920947349542757
3018,18.155199113149493
3019,17.435199483584864
3020,16.76232281366584
3021,16.176920110836292
3022,15.666865181982617
3023,15.161239017407183
3024,14.615921495979734
3025,14.04293304851931
3026,13.363039570894642
3027,12.662234824686836
3028,11.896173453891624
3029,11.107281873724371
3030,10.436481246479554
3031,9.937702001516831
3032,9.738791951345046
3033,9.879999452221755
3034,10.311685902978233
3035,10.991836886115165
3036,11.724770304093468
3037,12.350758854159782
3038,12.757775113831155
3039,12.86788310206185
3040,12.942876648106498
3041,13.06756812154559
3042,13.287189974777965
3043,13.577600474416387
3044,13.823617626875027
3045,13.96744572905544
3046,14.082363600467323
3047,14.18681313696999
3048,14.321076443504262
3049,14.572987665432835
3050,14.842194151351624
3051,15.216561318930662
3052,15.595121906907677
3053,15.944354410471767
3054,16.32815368701578
3055,16.698711869837325
3056,17.003221563903384
3057,17.251334663068466
3058,17.38262813083554
3059,17.386200273543732
3060,17.337453349522374
3061,17.223480735681726
3062,17.141459207615434
3063,17.055845978914096
3064,17.03274315378501
3065,17.10910461692652
3066,17.214289540385096
3067,17.44272549832034
3068,17.79763616407832
3069,18.226499507048985
3070,18.682256178998678
3071,19.15308026380021
3072,19.530522618569027
3073,19.774121283823316
3074,19.94943677512037
3075,20.01730109795771
3076,20.045442044829066
3077,20.071013647627836
3078,20.093260942062766
3079,20.11691276490069
3080,20.19105286241188
3081,20.27771037125671
3082,20.47834495902594
3083,20.684413066510007
3084,20.86257730946854
3085,20.98260023246119
3086,20.976608722192374
3087,20.951869702870578
3088,20.88987882540366
3089,20.85458742515316
3090,20.851334687219783
3091,20.876443214402727
3092,20.921499177128037
3093,20.918164117629672
3094,20.853178903525684
3095,20.732592387452655
3096,20.568112961964232
3097,20.364348542700007
3098,20.135111082683597
3099,19.840287953816024
3100,19.429628828276957
3101,18.98037816638103
3102,18.47399941377403
3103,17.976599689433467
3104,17.571014791808082
3105,17.27562058952791
3106,17.128870215300275
3107,17.055839514543308
3108,16.999406022243086
3109,16.924298765571933
3110,16.882635998469546
3111,16.83426534785307
3112,16.750704339326752
3113,16.588193640994167
3114,16.280629762272092
3115,15.848054429570881
3116,15.304983688119913
3117,14.67485588670763
3118,13.987860722805
3119,13.30203520596128
3120,12.664806330844453
3121,12.146845764106043
3122,11.754002059899403
3123,11.515100431297947
3124,11.434090458898162
3125,11.465510679471851
3126,11.555448487424501
3127,11.716170946737124
3128,12.019021931558393
3129,12.425714915746147
3130,12.883230714878728
3131,13.418399362172899
3132,13.888780308143744
3133,14.351873433657289
3134,14.819901055779912
3135,15.227085087026595
3136,15.534394032414854
3137,15.793073234737406
3138,15.987215253670584
3139,16.257599295290913
3140,16.554197496485333
3141,16.77014200952144
3142,16.94033181428104
3143,16.970175744526536
3144,16.909938674369315
3145,16.85537754477091
3146,16.736807719556847
3147,16.512178535040903
3148,16.199676418912254
3149,15.800351375974609
3150,15.329958949218868
3151,14.846916736648268
3152,14.485648784031964
3153,14.354652666540364
3154,14.467261821398663
3155,14.791420326591311
3156,15.132877801302532
3157,15.359973357239108
3158,15.397465844671132
3159,15.351757190237368
3160,15.315806009488536
3161,15.361176155062747
3162,15.526316564023332
3163,15.649037352419871
3164,15.676892979571575
3165,15.519964059988114
3166,15.14735232430848
3167,14.663909430491556
3168,14.121575917232631
3169,13.513439511682801
3170,12.900992968589964
3171,12.307063578945378
3172,11.708010751494466
3173,11.157338761248786
3174,10.728366915731993
3175,10.410369019289364
3176,10.230137680353437
3177,10.116977029106234
3178,9.994992783627941
3179,9.876134687281091
3180,9.724141826138503
3181,9.618450331152935
3182,9.630584658588418
3183,9.81462758086183
3184,10.244323501599036
3185,10.853745124672157
3186,11.586272706687549
3187,12.346985046999496
3188,13.183574457637919
3189,14.153014730154954
3190,15.156477668476771
3191,16.19140309718956
3192,17.091788220169686
3193,17.923166420372585
3194,18.60166074803128
3195,19.215150055780796
3196,19.696519612963655
3197,20.03781967488445
3198,20.32122372865995
3199,20.5335727124778
3200,20.7195841313836
3201,20.857550558109498
3202,20.911940600257616
3203,20.855705148521515
3204,20.665681997184663
3205,20.36548181691046
3206,19.964702121757895
3207,19.5454875103067
3208,19.16089519396239
3209,18.788579842654784
3210,18.405885841219597
3211,17.991290074065862
3212,17.542590083821768
3213,17.0757050533635
3214,16.530059982543463
3215,15.881323561613648
3216,15.171164824453905
3217,14.44295511466032
3218,13.761931250677874
3219,13.143392180098298
3220,12.62287942277936
3221,12.275527571748327
3222,12.179754460934962
3223,12.399407478932464
3224,12.796852002894738
3225,13.229508487294305
3226,13.580833595259378
3227,13.738151331759752
3228,13.752070609674645
3229,13.725005238934585
3230,13.766067475737682
3231,13.908312860101068
3232,14.106871721772162
3233,14.203884469688406
3234,14.190196046464866
3235,14.01776693275449
3236,13.745235584091906
3237,13.483193472199698
3238,13.244420985076243
3239,13.025007699475614
3240,12.81149188650558
3241,12.618581027054004
3242,12.460905418389252
3243,12.399175151042817
3244,12.49911088636641
3245,12.75782490513448
3246,13.164524680927153
3247,13.698270661650087
3248,14.27792296471502
3249,14.78222046838151
3250,15.306899329010854
3251,15.80912579583347
3252,16.28489832341798
3253,16.777061276377008
3254,17.332716327320774
3255,18.06900747742422
3256,19.043770545327178
3257,20.135946738962232
3258,21.238672748192805
3259,22.046799457375347
3260,22.458847293243757
3261,22.374478504471057
3262,21.814996751922074
3263,20.892063402774422
3264,19.68340213874956
3265,18.443591904632832
3266,17.248155335052314
3267,16.180910480547844
3268,15.23508085491915
3269,14.352238109937215
3270,13.527918922159426
3271,12.839000757750556
3272,12.26623651028724
3273,11.797434691662106
3274,11.447070099079175
3275,11.105377786017183
3276,10.793357733102066
3277,10.54278733029039
3278,10.30656728994296
3279,10.141475859429221
3280,10.120256588201133
3281,10.223110320855536
3282,10.46400063691341
3283,10.862239029939635
3284,11.320146837508142
3285,11.818751607051375
3286,12.40268492008361
3287,13.058682670019788
3288,13.785583201472793
3289,14.579316571365744
3290,15.349855794593697
3291,16.060071716862865
3292,16.69291145815415
3293,17.23957899913457
3294,17.772631449863855
3295,18.31020769900548
3296,18.872560090580695
3297,19.472166164788394
3298,20.041330173604024
3299,20.559456723232962
3300,20.9488541309059
3301,21.21736331584942
3302,21.44081819550716
3303,21.622858237838003
3304,21.829131724974882
3305,22.02983949961192
3306,22.204455263546144
3307,22.32910807746692
3308,22.372899304635254
3309,22.39386490640136
3310,22.334623677681517
3311,22.21321207307833
3312,22.09699980269761
3313,21.94664016706274
3314,21.818414617106363
3315,21.58184984320629
3316,21.132052139770753
3317,20.410868713357665
3318,19.330090257875597
3319,17.98906545529343
3320,16.44144767166996
3321,14.96975358197297
3322,13.85221753877242
3323,13.071649020153469
3324,12.626368673702958
3325,12.265508290171287
3326,11.833931244487854
3327,11.44627042538658
3328,11.209191715672658
3329,11.125227854802285
3330,11.194976806251113
3331,11.473374867380162
3332,11.870056098254711
3333,12.423776358694017
3334,13.110586718320448
3335,13.68976431107386
3336,14.1439385786809
3337,14.450515931432976
3338,14.756327074141282
3339,15.177719658127874
3340,15.77454024455212
3341,16.489283899386415
3342,17.211058517119177
3343,17.81620711127971
3344,18.08388335343429
3345,17.948503992481612
3346,17.41770291691418
3347,16.67055466482592
3348,16.026720051157334
3349,15.566189390680261
3350,15.236538565022578
3351,15.098044651553256
3352,14.986456352712727
3353,15.054779151821291
3354,15.319929676321596
3355,15.67870353862165
3356,15.97923341892536
3357,16.11794833641272
3358,16.104398094824873
3359,16.010588840910525
3360,15.9448025259192
3361,15.918092180296302
3362,15.82501493136619
3363,15.744037724796994
3364,15.543489394189653
3365,15.438305866797275
3366,15.267794302727012
3367,15.097270099767357
3368,14.866281102832676
3369,14.376977790138177
3370,13.775733048512482
3371,13.12146933151894
3372,12.475539394067
3373,11.919229285999052
3374,11.502196437366063
3375,11.213305715477395
3376,11.062617023589294
3377,11.022378834758351
3378,10.991394250973253
3379,10.968556929802919
3380,10.90729724069007
3381,10.8274330975169
3382,10.766370988717522
3383,10.755227772199202
3384,10.755664088794584
3385,10.746612264443096
3386,10.776969382941733
3387,10.756749895895021
3388,10.745272940389423
3389,10.810506287628773
3390,10.882943603775978
3391,10.974253340663052
3392,11.117147725873084
3393,11.309296310933952
3394,11.62580232331805
3395,12.070958640771511
3396,12.582591160027983
3397,13.074891435547102
3398,13.526630403195819
3399,13.915777064539418
3400,14.2761363888774
3401,14.652953532487098
3402,15.043680613417546
3403,15.520045347699831
3404,16.116901159302444
3405,16.793841483807142
3406,17.583631508458147
3407,18.39669538418211
3408,19.149700695263626
3409,19.895563609628642
3410,20.560571566804732
3411,21.122172861962564
3412,21.59033469755824
3413,21.94722552959537
3414,22.156006944322478
3415,22.279728381925896
3416,22.283840187058033
3417,22.175293718440166
3418,22.001762374582324
3419,21.854906731624176
3420,21.727142322250586
3421,21.737323128379952
3422,21.83840937268839
3423,22.033138826242183
3424,22.195426076781487
3425,22.2653837201233
3426,22.269444856883105
3427,22.29853205490968
3428,22.412683892503097
3429,22.561471201490857
3430,22.708247033192336
3431,22.733759162369385
3432,22.627787938943783
3433,22.406655609444655
3434,22.075868600818175
3435,21.65109301982229
3436,21.196345617813268
3437,20.798762871292283
3438,20.577961237602462
3439,20.59042288741699
3440,20.681458518737607
3441,20.798850326618403
3442,20.891301419829105
3443,20.92170712764403
3444,20.9914968589958
3445,21.05081807999593
3446,21.108396415005096
3447,21.164638211558916
3448,21.15374428287624
3449,21.12563610992843
3450,21.038455076331477
3451,20.97079861006816
3452,21.01643707372424
3453,21.19526390180531
3454,21.493768852791362
3455,21.768858693566067
3456,21.99919241270705
3457,22.091798248243855
3458,21.993105415451655
3459,21.821290235590723
3460,21.497510635630043
3461,21.0888799647993
3462,20.66052671088737
3463,20.108864035268866
3464,19.557940589164843
3465,18.96652566840026
3466,18.39713059876904
3467,17.884902914524602
3468,17.432707964438865
3469,17.084937496785987
3470,16.81316586801132
3471,16.739116913120164
3472,16.73231816403719
3473,16.783235492024684
3474,16.822357302784006
3475,16.64227903621527
3476,16.275781311019866
3477,15.956928290099862
3478,15.480793162150707
3479,14.957331446643906
3480,14.49599567580035
3481,14.151821749457419
3482,13.982278032077653
3483,13.932140859350307
3484,13.95205950500409
3485,14.02878608978342
3486,14.037720477620704
3487,13.91630761592578
3488,13.68478602650441
3489,13.301102422223156
3490,12.780568516712114
3491,12.150724315739552
3492,11.443564002440176
3493,10.666037050203549
3494,9.972918426849407
3495,9.470997333456644
3496,9.231264549069007
3497,9.342623828816873
3498,9.73198479630186
3499,10.238910373439296
3500,10.884334243405899
3501,11.619242671228225
3502,12.379933028675492
3503,13.214210354447804
3504,13.990733978131376
3505,14.681160969548422
3506,15.306552303763668
3507,15.839603438332471
3508,16.286146952050593
3509,16.60093811415739
3510,16.808685929250263
3511,17.0113719341142
3512,17.256842259934977
3513,17.624557761285065
3514,18.160365338941272
3515,18.806935525154124
3516,19.465638651546822
3517,20.140875204735863
3518,20.60191196129586
3519,20.84152794218195
3520,20.939144154275425
3521,20.902287909101865
3522,20.823447526585014
3523,20.577320015486123
3524,20.20235079802634
3525,19.598504342833195
3526,18.862837642274357
3527,18.180992320821062
3528,17.51124385384831
3529,16.908021917394898
3530,16.313249961770424
3531,15.631125012896366
3532,14.840459493118242
3533,13.982553704762
3534,13.236175668892068
3535,12.394669541371902
3536,11.575390436123852
3537,10.821959662394228
3538,10.134345697108357
3539,9.498707736472857
3540,8.88955078025812
3541,8.380055187520544
3542,7.9957748747252575
3543,7.816238304281262
3544,7.9081800328839265
3545,8.360781603641106
3546,9.261596656908212
3547,10.532999240246614
3548,12.202591121248348
3549,14.039332834827096
3550,15.823022951152467
3551,17.44404855795871
3552,18.740397006213392
3553,19.723774197202324
3554,20.443275919897996
3555,21.03452068689975
3556,21.494324550901005
3557,21.774737624146685
3558,21.911662888305187
3559,21.94310382335031
3560,21.84653693641736
3561,21.698837572103223
3562,21.45908604498756
3563,21.115856385232036
3564,20.692678578691474
3565,20.245140186073805
3566,19.782248917923106
3567,19.273690512881814
3568,18.749060440435944
3569,18.103298969950718
3570,17.467170620786415
3571,16.90555891871102
3572,16.413208657994257
3573,15.940778659317953
3574,15.452848560465947
3575,14.975930251913576
3576,14.455553538325132
3577,14.021856696011042
3578,13.658105128539084
3579,13.335366104093177
3580,13.086894248150916
3581,12.927284094787748
3582,12.781788648769078
3583,12.585562276725403
3584,12.398231444277108
3585,12.15968642865918
3586,11.911770534029808
3587,11.632796148869069
3588,11.282565253057767
3589,10.893576000532992
3590,10.459511650622256
3591,10.081875666199915
3592,9.740552481113944
3593,9.40218345383848
3594,9.024311392607723
3595,8.67817360319763
3596,8.288242205113008
3597,7.978830695365477
3598,7.773747164530031
3599,7.609785352370574
3600,7.594447866494486
3601,7.678346861537706
3602,7.927475882133155
3603,8.375521159022899
3604,8.98039108998792
3605,9.738718360100448
3606,10.57454958701356
3607,11.47909831753583
3608,12.320693710761837
3609,13.04590792436191
3610,13.656295392186633
3611,14.15371505981744
3612,14.562913580445056
3613,14.880449289310537
3614,15.173607908294594
3615,15.314578490315606
3616,15.40115216116017
3617,15.43069223576716
3618,15.43405686851473
3619,15.46994257455072
3620,15.58072423779862
3621,15.875751388434331
3622,16.28153396677575
3623,16.832070583908532
3624,17.527744851166286
3625,18.190285514198056
3626,18.747416857148156
3627,19.15506081000322
3628,19.327487243524338
3629,19.262100318312314
3630,19.046171584086853
3631,18.744110851019556
3632,18.376550647069905
3633,18.098952652513546
3634,17.910198087332382
3635,17.757819855745396
3636,17.726405036375176
3637,17.647533170114468
3638,17.446855346789107
3639,17.276186397233296
3640,17.07646274124114
3641,16.927272012677946
3642,16.92861219009535
3643,17.026240294656176
3644,17.204910874617063
3645,17.418308251872805
3646,17.55034975943872
3647,17.554393952835575
3648,17.55791240109084
3649,17.408912659474055
3650,17.20251585707295
3651,17.07241484726314
3652,17.11273557976626
3653,17.374771504877835
3654,17.754002286834407
3655,18.25313777278238
3656,18.762270834781695
3657,19.15691114370823
3658,19.482139100067307
3659,19.632020959613143
3660,19.581790890914956
3661,19.386911888404057
3662,19.044705903289618
3663,18.64872761659117
3664,18.343529433940148
3665,18.21379627351567
3666,18.28915569157174
3667,18.55521201593553
3668,18.919410721933062
3669,19.358356427787328
3670,19.8227192373172
3671,20.293657596418985
3672,20.762787406338195
3673,21.243691022440498
3674,21.78241605628094
3675,22.323864463894687
3676,22.785054864892913
3677,23.10821400151867
3678,23.26544686625625
3679,23.269154488045398
3680,23.165475143369093
3681,23.053746712793078
3682,22.97433471095037
3683,22.950029584519925
3684,23.08387431485379
3685,23.27464001636881
3686,23.56741747350457
3687,23.949854364503548
3688,24.35772437182213
3689,24.742850790335243
3690,24.991690938766162
3691,25.081088451345103
3692,24.971169716655176
3693,24.760408724030782
3694,24.54302775140743
3695,24.308010306410143
3696,24.0925150674114
3697,23.801034667396515
3698,23.370413429596326
3699,22.8471470995021
3700,22.173297974920214
3701,21.422316209077145
3702,20.612671771123388
3703,19.663752634941968
3704,18.59823342806287
3705,17.671231718078054
3706,16.570686267576086
3707,15.294220088114736
3708,14.006278540784878
3709,12.768213652691022
3710,11.561360511191495
3711,10.47285254818296
3712,9.516382907727307
3713,8.677437171942353
3714,8.071049394031249
3715,7.672905686958787
3716,7.4456449290985915
3717,7.408555615313014
3718,7.538081733312925
3719,7.819967864704639
3720,8.27629579200443
3721,8.86414119026848
3722,9.569344024243257
3723,10.394439975492583
3724,11.195701840015811
3725,12.048240569660361
3726,12.927864598894791
3727,13.940545038475733
3728,15.095235278795215
3729,16.352104338432333
3730,17.57879634549336
3731,18.51348575670981
3732,19.149382639196624
3733,19.355407513948833
3734,19.242906117524445
3735,18.806078330791358
3736,18.154438993698385
3737,17.351138518587636
3738,16.505429652698968
3739,15.75927790969396
3740,15.051017055396812
3741,14.384558704202846
3742,13.77049685965739
3743,13.278996644170835
3744,13.04591986399279
3745,13.213054304888828
3746,13.701307933684735
3747,14.409461107013321
3748,15.200607458868046
3749,16.061067750840696
3750,16.888788311075675
3751,17.656929759151986
3752,18.436134625826057
3753,19.11189280849773
3754,19.716282172806196
3755,20.214069124098085
3756,20.580269547301974
3757,20.85990872449044
3758,21.04898757267391
3759,21.223696851871704
3760,21.281686616251136
3761,21.182410231735684
3762,21.096039777207242
3763,20.83753246620371
3764,20.369926727232983
3765,19.84417221476566
3766,19.184896560268925
3767,18.48265882535495
3768,17.871608655940964
3769,17.361629629580655
3770,17.038725098857984
3771,16.854846241298603
3772,16.714118436677605
3773,16.532425711543482
3774,16.299493696439804
3775,16.015240741919513
3776,15.674195955046542
3777,15.281142873065722
3778,14.873938761078975
3779,14.47173445047801
3780,14.064913003966762
3781,13.662526443177772
3782,13.210104129239319
3783,12.698962308040038
3784,12.133416281209415
3785,11.511411715887824
3786,10.823741912840232
3787,10.102450014225994
3788,9.455075293621292
3789,8.91550817720953
3790,8.531704965628204
3791,8.344907048815354
3792,8.262852878452101
3793,8.228499005032297
3794,8.263850057434121
3795,8.314611744383683
3796,8.380605994504968
3797,8.416954596949282
3798,8.371615316134504
3799,8.250294454493782
3800,8.045517322129172
3801,7.852537838803032
3802,7.682641014287504
3803,7.506954285794128
3804,7.286527313109183
3805,6.932383043722003
3806,6.488080018866405
3807,5.957441526113559
3808,5.48259845228546
3809,5.1026363754914605
3810,4.825955115789178
3811,4.714445434254042
3812,4.72875038262814
3813,4.822016064541405
3814,4.934635296938174
3815,5.030028169728883
3816,5.098986795202398
3817,5.227835565833438
3818,5.426209276458438
3819,5.598794404702189
3820,5.887741351224539
3821,6.194487230458257
3822,6.524671788204362
3823,6.907022328786176
3824,7.175351076357497
3825,7.359410057222787
3826,7.439306298665894
3827,7.399655772747037
3828,7.366921054157397
3829,7.376739470349505
3830,7.432271931944508
3831,7.521571866579248
3832,7.641463391049092
3833,7.793362064877014
3834,7.930692586539259
3835,8.086553449179732
3836,8.251520632521977
3837,8.465834993529718
3838,8.704679937620137
3839,8.948375687359881
3840,9.231249150311793
3841,9.426535684062145
3842,9.628632027116073
3843,9.768023385447758
3844,9.814269945493544
3845,9.800474451401065
3846,9.71944588394546
3847,9.691902141294491
3848,9.658185154019142
3849,9.671936150712158
3850,9.674184435890915
3851,9.638269794767597
3852,9.613928684671322
3853,9.561885220517212
3854,9.556514754739462
3855,9.517468515898843
3856,9.460453493641419
3857,9.407504068324652
3858,9.380569809211273
3859,9.497088510746735
3860,9.727130964627623
3861,10.032641802557514
3862,10.34999782632759
3863,10.61117078455614
3864,10.81988282333335
3865,11.029449290894652
3866,11.195499028396176
3867,11.299094631189664
3868,11.39151057404155
3869,11.458915296697917
3870,11.582017292323645
3871,11.731765883561035
3872,11.949034038397741
3873,12.307893792632601
3874,12.77523035217001
3875,13.337347920464433
3876,13.826390204880582
3877,14.275167694883113
3878,14.604969935545
3879,14.888129934903727
3880,15.1398358090455
3881,15.455933496584827
3882,15.836814638850424
3883,16.115610592397097
3884,16.329821933921778
3885,16.46375360345916
3886,16.537731800656147
3887,16.66543412151054
3888,16.857170132687905
3889,17.096454561433468
3890,17.38559160552904
3891,17.69877136007162
3892,17.983003975336523
3893,18.159679069131187
3894,18.177340797833278
3895,18.075337995987105
3896,17.962932253926155
3897,17.95625661050426
3898,18.071094757641553
3899,18.34442636707083
3900,18.686424816880642
3901,19.02763207904354
3902,19.36313507586648
3903,19.601818717008864
3904,19.863570185113314
3905,20.198855908492387
3906,20.59694466669631
3907,21.079283831069986
3908,21.490570013260353
3909,21.820778018852614
3910,22.13185753128636
3911,22.374935575222892
3912,22.632490593220414
3913,22.935089367083556
3914,23.253620536942513
3915,23.63676976245151
3916,24.071310007356715
3917,24.497177241901838
3918,24.92352362494923
3919,25.280071470229707
3920,25.50245321730319
3921,25.624357439453405
3922,25.664339738797466
3923,25.70973443292852
3924,25.69907432909787
3925,25.586656952187496
3926,25.338367522771613
3927,24.96354590454288
3928,24.508091186225567
3929,24.027302767040574
3930,23.537986707977726
3931,23.01514209613271
3932,22.55976460160851
3933,22.163586181372455
3934,21.836963947442868
3935,21.6741292813387
3936,21.670146880644765
3937,21.802365167268412
3938,22.051685736086633
3939,22.261388215210598
3940,22.435310369349992
3941,22.554857129337243
3942,22.576210390098012
3943,22.492626599226668
3944,22.26283680982712
3945,21.879396588408255
3946,21.34249622231746
3947,20.714596639386286
3948,20.223953275537166
3949,19.91006651719082
3950,19.95062669557504
3951,20.1588140455597
3952,20.261842061501298
3953,20.21943049280441
3954,19.74784130355713
3955,19.089339331333495
3956,18.315194341865283
3957,17.477410735125208
3958,16.604070405474072
3959,15.663515467411818
3960,14.73359609692723
3961,13.833447222696302
3962,13.230249663854375
3963,12.841872512701986
3964,12.534257601533769
3965,12.288346239374887
3966,11.919262338075793
3967,11.52209810068833
3968,11.137113552302782
3969,10.73244410894484
3970,10.453532589798339
3971,10.30571897702346
3972,10.314514319041022
3973,10.485365456099478
3974,10.833734519482258
3975,11.144355816670753
3976,11.449565898498943
3977,11.717623118978475
3978,11.855825241726635
3979,11.926260242023202
3980,11.860216476992775
3981,11.755497277548049
3982,11.535530674832573
3983,11.276562345676894
3984,11.100425221820817
3985,10.964144237424632
3986,10.9190266981068
3987,11.038187522120719
3988,11.21632296814862
3989,11.447781415947794
3990,11.649150265533077
3991,11.996347982737609
3992,12.351471803838896
3993,12.786323422678517
3994,13.152466569252308
3995,13.297330565964177
3996,13.377657729844463
3997,13.304677075329241
3998,13.207413558489439
3999,13.17580783411728
4000,13.203517028872662
4001,13.356342137624157
4002,13.692104873490276
4003,14.186128845166651
4004,14.796006335932198
4005,15.432122997967646
4006,15.994860983399477
4007,16.41503652025915
4008,16.635273164420017
4009,16.723631724989666
4010,16.734357959871694
4011,16.703920002691344
4012,16.6574986184641
4013,16.577045639552537
4014,16.38386560894496
4015,16.133988433536054
4016,15.948383564128237
4017,15.877076400744324
4018,16.000960666545794
4019,16.22441453894325
4020,16.44523829491853
4021,16.59456248764426
4022,16.690724533880978
4023,16.794416424760747
4024,16.895353653541143
4025,17.03145119994546
4026,17.102455518619607
4027,17.11157769124748
4028,17.06181912537255
4029,16.94558976094507
4030,16.844866642619234
4031,16.717989189785133
4032,16.617811691624624
4033,16.51986907073015
4034,16.379976333896195
4035,16.24022192213989
4036,16.088793132537816
4037,15.908295296945232
4038,15.709066479985847
4039,15.414168758377127
4040,15.028666629903075
4041,14.669548973253846
4042,14.295513705575328
4043,14.095523042160176
4044,14.044620849222587
4045,14.0712721429211
4046,14.142235554721761
4047,14.203973722988337
4048,14.217862353179324
4049,14.066191890188879
4050,13.67155198745056
4051,13.102454118368318
4052,12.375638320430454
4053,11.536910533248406
4054,10.660582884482654
4055,9.806525839306701
4056,8.978386423566139
4057,8.270056165677126
4058,7.712468712025192
4059,7.316332151415248
4060,7.060351004723881
4061,6.927185726858976
4062,6.9345649601665365
4063,7.056904799078671
4064,7.248723705115575
4065,7.5336075649756395
4066,7.818513775015449
4067,8.06606194696121
4068,8.227064080859305
4069,8.268952500169643
4070,8.211188052625907
4071,8.025274807777361
4072,7.77867546259975
4073,7.459228661992403
4074,7.068716515390371
4075,6.728495011368907
4076,6.41917661163481
4077,6.199493974936434
4078,6.116260158555965
4079,6.080379166359462
4080,6.078495614718292
4081,6.036807501728078
4082,5.900127609222713
4083,5.6578881538046355
4084,5.370785638717615
4085,5.020892430593485
4086,4.625266901640378
4087,4.236561204334805
4088,3.8125276764787737
4089,3.4481879584262014
4090,3.2307164565191044
4091,3.1757453235865607
4092,3.306063966296017
4093,3.560318013354387
4094,3.8622441030289543
4095,4.182132249529029
4096,4.5335059824294355
4097,4.913807446290352
4098,5.298807453304232
4099,5.721375975123285
4100,6.164386181596738
4101,6.677285990129501
4102,7.274763271916333
4103,7.946707960968801
4104,8.531299840444447
4105,9.208538125762699
4106,9.907054098167942
4107,10.64630182942788
4108,11.353019575336468
4109,12.009732045675165
4110,12.598666282512943
4111,13.115331155482588
4112,13.569726423606268
4113,13.915111185042829
4114,14.116322912961346
4115,14.142922088043221
4116,13.902811299232303
4117,13.464853061136871
4118,12.841677117302828
4119,12.134498750675347
4120,11.392268516056253
4121,10.64666794655112
4122,10.027731268839979
4123,9.480506871315095
4124,9.073196164044615
4125,8.854993362458426
4126,8.750002855786766
4127,8.750702713938782
4128,8.841195287941249
4129,9.005689409163654
4130,9.242589005790403
4131,9.576174549331975
4132,9.944395792856684
4133,10.307583175290173
4134,10.627578085599998
4135,10.915542496941253
4136,11.2443358777281
4137,11.58891175219198
4138,11.930225838550596
4139,12.176303534104306
4140,12.355497555308963
4141,12.429666026794884
4142,12.422526972097216
4143,12.314620935571305
4144,12.030005697228894
4145,11.527965144375568
4146,10.915248598217257
4147,10.276624496516751
4148,9.614209213695345
4149,9.02748101521555
4150,8.482836018982663
4151,7.981140487833981
4152,7.569984807866334
4153,7.21418392749014
4154,6.939353142953452
4155,6.807350080548636
4156,6.8670291259308485
4157,7.106005191750258
4158,7.499399577773949
4159,7.909114658777779
4160,8.310468285535606
4161,8.659645940814915
4162,9.038835451802088
4163,9.46574571429522
4164,9.916113483243905
4165,10.397104260406353
4166,10.850692788964796
4167,11.2120452474446
4168,11.603832883467415
4169,12.0118471880205
4170,12.484752985220466
4171,12.990664260530988
4172,13.542755773281112
4173,14.122962203439947
4174,14.776056269733344
4175,15.565959165988959
4176,16.34828538536015
4177,17.129913175704374
4178,17.85647541922733
4179,18.509489463424323
4180,19.124538677521556
4181,19.64275919927347
4182,20.00374850697397
4183,20.153652794029433
4184,20.179861374815363
4185,20.050118706175308
4186,19.843419867023613
4187,19.57493860851666
4188,19.229594791518288
4189,18.891888554037394
4190,18.60588473559519
4191,18.407201628651027
4192,18.32402060344721
4193,18.275293711463462
4194,18.172798200358763
4195,18.01859527543354
4196,17.734882282677017
4197,17.40038199804249
4198,17.042501521567473
4199,16.657954331463074
4200,16.32294684572435
4201,16.06431472763142
4202,15.82231642284098
4203,15.586959413660725
4204,15.266688193987182
4205,14.868774361373566
4206,14.479596098770454
4207,14.156709378740926
4208,13.96573085621301
4209,13.883313151290913
4210,13.888538164546791
4211,13.944930274120507
4212,14.053788469115617
4213,14.201732206089272
4214,14.315559636672463
4215,14.413480921119179
4216,14.42553761404654
4217,14.28488294609188
4218,14.162513384971327
4219,13.935978587155702
4220,13.606174760073776
4221,13.19565504224039
4222,12.744161046763963
4223,12.291356352429563
4224,11.785918575635737
4225,11.310089442704065
4226,10.924867244660023
4227,10.67236185474968
4228,10.621764851480577
4229,10.760723619675542
4230,11.047195914165005
4231,11.457368827766345
4232,11.969378248072648
4233,12.538522814063754
4234,13.217430243594515
4235,13.92575738766634
4236,14.60365075886667
4237,15.238740174675698
4238,15.78821273020141
4239,16.21359011801397
4240,16.533427800672403
4241,16.690304146783042
4242,16.679789361538766
4243,16.55840302225341
4244,16.29070977654054
4245,15.873721418332076
4246,15.328635893407235
4247,14.72900055742727
4248,14.14019396614384
4249,13.672487781881117
4250,13.354870345695009
4251,13.210804547535858
4252,13.21535088754957
4253,13.388549715247665
4254,13.71008121360748
4255,14.052592876926983
4256,14.400641308546284
4257,14.635142984893356
4258,14.721570556553191
4259,14.685729291502621
4260,14.587293328008013
4261,14.549776599055289
4262,14.596663056475737
4263,14.779619119559795
4264,15.049912923258693
4265,15.351760396135354
4266,15.665905982023862
4267,15.912690273130565
4268,16.101962510788393
4269,16.267684209769076
4270,16.395167957003366
4271,16.41780896658286
4272,16.32369196024359
4273,16.0798995598174
4274,15.714454308599954
4275,15.396516940040778
4276,15.090897441518738
4277,14.817325212582427
4278,14.491341008567437
4279,14.03961342923769
4280,13.512066193111119
4281,12.883615727489634
4282,12.26624793615584
4283,11.755246061667862
4284,11.380400289157048
4285,11.26022055380931
4286,11.43748097622025
4287,11.936218997824186
4288,12.700970778684008
4289,13.715232649043202
4290,14.906339882330835
4291,16.186323691206574
4292,17.427141636049527
4293,18.615510627962035
4294,19.66793712610843
4295,20.574688537403873
4296,21.36481097059035
4297,21.970697643969544
4298,22.426953524842666
4299,22.76159667830705
4300,23.04587849504765
4301,23.253587201537773
4302,23.36229633783345
4303,23.400396809837126
4304,23.3453539629938
4305,23.177573841617203
4306,23.00288373275272
4307,22.891962897505326
4308,22.91061323342146
4309,23.163790326703694
4310,23.575792025531467
4311,24.11672722472164
4312,24.69723438897183
4313,25.16529586648543
4314,25.538104593523766
4315,25.769222240817967
4316,25.8103609924529
4317,25.75087981711859
4318,25.623067441986347
4319,25.442540253915887
4320,25.338482606068865
4321,25.32339929965522
4322,25.305565491725716
4323,25.191505059727547
4324,24.971139145032538
4325,24.612978797504528
4326,24.143120185671123
4327,23.577095528236704
4328,22.88500136999521
4329,22.150143814354372
4330,21.42260750053923
4331,20.6983419417536
4332,20.068230905610104
4333,19.451546503114805
4334,18.780100813207063
4335,18.04892102051306
4336,17.292594486302665
4337,16.484986493877877
4338,15.6320563756992
4339,14.772338959040244
4340,13.963701914873061
4341,13.209600181833922
4342,12.536563833570996
4343,11.922853671313252
4344,11.351882851207511
4345,10.816171651717722
4346,10.311147017394385
4347,9.799595021854863
4348,9.297967327085672
4349,8.839250374321026
4350,8.508662653114957
4351,8.359158827894912
4352,8.425768416995908
4353,8.703166283342787
4354,9.107384452099474
4355,9.630841662574577
4356,10.203780788335623
4357,10.788047312031752
4358,11.38016499174254
4359,11.99674390387694
4360,12.619987313719193
4361,13.2306214696759
4362,13.790236882313463
4363,14.310989560743026
4364,14.861477222802012
4365,15.492674070880733
4366,16.21826526923754
4367,16.9480262572241
4368,17.690496194538206
4369,18.40931796478676
4370,19.033348002392003
4371,19.553640458685408
4372,19.935758460630893
4373,20.149510777521975
4374,20.278749770890997
4375,20.36395936129354
4376,20.40541194805398
4377,20.43045009657473
4378,20.443874934313115
4379,20.440713758841103
4380,20.413370092456184
4381,20.400003126331725
4382,20.487840108884484
4383,20.71062090383126
4384,21.060632196792078
4385,21.519320374653
4386,21.995211916267085
4387,22.488919201121515
4388,22.9804754195964
4389,23.408129329669546
4390,23.79303805528176
4391,24.196277574271647
4392,24.574502973332542
4393,24.91828091121213
4394,25.24687089442584
4395,25.518576170549153
4396,25.749231054651894
4397,25.985458290353932
4398,26.12203466079052
4399,26.1506781093099
4400,25.911244310912064
4401,25.416185528547935
4402,24.682011009093358
4403,23.685311966368054
4404,22.666957179994803
4405,21.61198096166542
4406,20.66741552338754
4407,19.957127601155953
4408,19.411342572495894
4409,19.10450701943151
4410,19.084856315247706
4411,19.23548466042587
4412,19.53334955620005
4413,19.91683886988894
4414,20.143717041099453
4415,20.221808878385627
4416,20.212220720572695
4417,20.037543722988588
4418,19.82078372608997
4419,19.58194420795495
4420,19.319186420752835
4421,19.074343623035237
4422,18.89612548617457
4423,18.69524932607975
4424,18.561713173878488
4425,18.46429322436329
4426,18.430564797812114
4427,18.557153314747726
4428,18.696083876906883
4429,18.865591617900467
4430,19.12830089043859
4431,19.481358866319894
4432,19.89681659607455
4433,20.376364007724284
4434,20.825826568984663
4435,21.14853036671962
4436,21.33743190109554
4437,21.383450816146897
4438,21.27128833314846
4439,20.980508101002506
4440,20.547246202045713
4441,20.041391816928076
4442,19.4445827317207
4443,18.796095801543007
4444,18.055868101865713
4445,17.200598445015995
4446,16.45651384355674
4447,15.576068667203122
4448,14.717287622054942
4449,14.041146969431344
4450,13.534123769932718
4451,13.363205695717623
4452,13.47826802718609
4453,13.762907491472566
4454,14.211977250492724
4455,14.613002331762118
4456,14.859454796796419
4457,14.894578814918876
4458,14.696202775945205
4459,14.29719212712852
4460,13.71336011656999
4461,13.087391010753132
4462,12.38780674946234
4463,11.672593911422883
4464,10.9950313345203
4465,10.271026646312706
4466,9.590181561402321
4467,8.99975318703588
4468,8.401872244155216
4469,7.8015504447849535
4470,7.213638388107109
4471,6.6886583452892285
4472,6.294080642608018
4473,6.088778611665315
4474,6.025656732012581
4475,6.018890646578251
4476,6.017358769227242
4477,5.996551266843054
4478,6.013639035530188
4479,6.022283013168743
4480,6.152714632268408
4481,6.315818641172204
4482,6.461271471269161
4483,6.609166604782404
4484,6.738908626326997
4485,6.875372446248364
4486,7.075714157109085
4487,7.302354894116146
4488,7.4805193728494945
4489,7.623777050671914
4490,7.698542725988814
4491,7.710309608925206
4492,7.733439794424585
4493,7.817680942408996
4494,7.891218743624554
4495,8.025213534815709
4496,8.169714183154282
4497,8.322134450767269
4498,8.494587755229094
4499,8.714525406020465
4500,8.964768436997085
4501,9.253820156356557
4502,9.550906331203489
4503,9.809371303320322
4504,9.990837728011464
4505,10.107379041591544
4506,10.15237908773872
4507,10.185225964014693
4508,10.337842231025078
4509,10.583318336083078
4510,10.828163501010883
4511,11.06548735715512
4512,11.183233604467535
4513,11.204160246228577
4514,11.193141559065953
4515,11.147981221773877
4516,11.066757707064001
4517,10.96410013803362
4518,10.810574256925022
4519,10.66380701362125
4520,10.511274501964811
4521,10.270484484239784
4522,9.945809678234287
4523,9.431065525643795
4524,8.765130430117823
4525,8.144533913647358
4526,7.6923720399281805
4527,7.4711444533701625
4528,7.513104747575193
4529,7.694917894055111
4530,7.927778887423088
4531,8.273777423675057
4532,8.69922139175889
4533,9.13937261070636
4534,9.590555997656542
4535,10.014225877393795
4536,10.46471814785477
4537,10.978470354124616
4538,11.5902655525912
4539,12.209322648896935
4540,12.794436349274651
4541,13.312037920744926
4542,13.668284739092787
4543,13.905284639854582
4544,14.006224397992131
4545,14.010375161234439
4546,13.958089809376524
4547,13.876297882153894
4548,13.77791257012881
4549,13.68750816077684
4550,13.701459921743846
4551,13.793442504897126
4552,13.942013079381836
4553,14.214551863928317
4554,14.5316432607491
4555,14.90423040969711
4556,15.349812815594962
4557,15.783750467555727
4558,16.17427407065351
4559,16.508125205868474
4560,16.79857569350549
4561,17.070773063536937
4562,17.302222956185602
4563,17.487870081602672
4564,17.70427294256727
4565,17.84865411660297
4566,17.96920824613236
4567,18.07988063293773
4568,18.118887011149894
4569,18.069968897501973
4570,17.886882245846213
4571,17.5523819726453
4572,17.016582684931883
4573,16.314932618752508
4574,15.465348066457688
4575,14.574277674497774
4576,13.698146082788677
4577,12.901748355730813
4578,12.217362989568583
4579,11.641172514864532
4580,11.161694145017114
4581,10.76494424165591
4582,10.4366452716085
4583,10.128159040054616
4584,9.851995379156348
4585,9.645124376047946
4586,9.513006322735833
4587,9.487184046170256
4588,9.546650436002189
4589,9.621819059820055
4590,9.720967872661184
4591,9.815467238648045
4592,9.9806204577072
4593,10.163228099926737
4594,10.374032826720693
4595,10.529791574785678
4596,10.549474117513398
4597,10.468728324806627
4598,10.293358481677835
4599,10.044774258521604
4600,9.776655726433274
4601,9.56742963631817
4602,9.349143880424993
4603,9.165712569567111
4604,9.015979850614638
4605,8.869550094729819
4606,8.798148735948114
4607,8.747528383825548
4608,8.7034792294822
4609,8.623939991296183
4610,8.462109951656263
4611,8.282179698746749
4612,8.108364392743162
4613,7.988110867451714
4614,7.9343418910158245
4615,7.942803264976521
4616,7.989598553370996
4617,8.030310454274188
4618,8.085730922978643
4619,8.175145682869474
4620,8.27949099096425
4621,8.340932272271344
4622,8.381309723995166
4623,8.332339924625892
4624,8.164235089685274
4625,7.956497023362731
4626,7.774862995720422
4627,7.791811093478832
4628,8.167253760589691
4629,8.944641711949163
4630,10.048568069633681
4631,11.459254705157099
4632,12.915019319453258
4633,14.323165719733158
4634,15.455302840016643
4635,16.154546052588735
4636,16.49985900525815
4637,16.328346133013174
4638,15.870962881852455
4639,15.086731720162998
4640,14.023695633859386
4641,12.864260166842604
4642,11.701090447283768
4643,10.558431118444721
4644,9.499306463010138
4645,8.542640259295567
4646,7.620922766499854
4647,6.925314410391199
4648,6.470090146972667
4649,6.239742663331498
4650,6.208238863103143
4651,6.2606173924526445
4652,6.291713730589465
4653,6.405540370102593
4654,6.55998891125516
4655,6.8356473580847075
4656,7.2616878284581095
4657,7.647770113206655
4658,8.065830833298504
4659,8.384204839374728
4660,8.663227090579843
4661,9.00407467474451
4662,9.239083216996514
4663,9.41813752065386
4664,9.46955550585951
4665,9.317043731154673
4666,9.01319143293537
4667,8.681215958412922
4668,8.378397122298049
4669,8.20549589483562
4670,8.161674967500067
4671,8.102651330495027
4672,8.071439778086097
4673,8.124634516389964
4674,8.170913938714328
4675,8.50054105876141
4676,9.150505494695711
4677,10.151609831267889
4678,11.370210425658644
4679,12.54499887290341
4680,13.667595811936767
4681,14.623608887172583
4682,15.42550605573507
4683,16.109828129271477
4684,16.626599331671304
4685,16.928998999205167
4686,16.971503064184674
4687,16.809269674950116
4688,16.433358422434463
4689,15.924969537318008
4690,15.395647608730599
4691,14.930413880829729
4692,14.66298337860295
4693,14.536046936755536
4694,14.543368250784308
4695,14.6472802876781
4696,14.81180723636547
4697,15.020695947068134
4698,15.248771339240799
4699,15.466736937311548
4700,15.602663388734522
4701,15.688247282428549
4702,15.719929235658721
4703,15.730352686148859
4704,15.799182260501313
4705,15.919218769729149
4706,16.071506024821225
4707,16.25437974066316
4708,16.474620728203156
4709,16.75452385208774
4710,17.041994783898428
4711,17.304219067068995
4712,17.458886699295174
4713,17.484948330796147
4714,17.426141807451575
4715,17.36967866891903
4716,17.330315763849306
4717,17.288467898071097
4718,17.229528594218987
4719,17.114777575680673
4720,16.986328055604353
4721,16.913340947242872
4722,16.883348804433677
4723,16.875853403083145
4724,16.919548551258437
4725,16.95375991819317
4726,17.003245341659234
4727,17.04688312397866
4728,16.942181488617685
4729,16.797988930170924
4730,16.622995982035693
4731,16.470752117158042
4732,16.322370811579
4733,16.28050888829909
4734,16.284190141896463
4735,16.41827402674052
4736,16.630288433789367
4737,16.89527194722065
4738,17.217509006716796
4739,17.5039420031341
4740,17.75469408056756
4741,17.950231450960896
4742,18.033382461300565
4743,18.00557734144856
4744,17.869716857628028
4745,17.636842385341684
4746,17.36283127923563
4747,17.031855308727454
4748,16.715278681771334
4749,16.490942580521157
4750,16.29099469587052
4751,16.166046666711956
4752,16.004053244348274
4753,15.716503829853552
4754,15.40641445360667
4755,15.067036447163867
4756,14.813166147636027
4757,14.682917752559094
4758,14.5727142170867
4759,14.509125396054658
4760,14.4613464998097
4761,14.418586227512137
4762,14.390217023894987
4763,14.296040838635495
4764,14.200048084910923
4765,14.064017257880993
4766,13.951203857442579
4767,13.932841631700102
4768,13.959455476407292
4769,14.04810614636895
4770,14.177525773578218
4771,14.322016166961493
4772,14.498106369147834
4773,14.646341476013513
4774,14.76478246952654
4775,14.863840247004877
4776,14.893836675082415
4777,14.931374821893353
4778,15.049000297824385
4779,15.19646743007467
4780,15.372265553062217
4781,15.56462995267009
4782,15.666164708125184
4783,15.661462671455666
4784,15.535226804081958
4785,15.284078278779589
4786,14.863702833546947
4787,14.321886599432881
4788,13.850506475753644
4789,13.263931430035006
4790,12.561144286101364
4791,11.846601426654152
4792,11.11111713180379
4793,10.421337987322964
4794,9.826015073329293
4795,9.423084830805998
4796,9.221406588690925
4797,9.194154253723159
4798,9.345848005177407
4799,9.581604775367717
4800,9.947459436148499
4801,10.410529239774863
4802,10.972736601844836
4803,11.60775703140191
4804,12.26227698973921
4805,13.002457091728687
4806,13.79613304751042
4807,14.60701102138215
4808,15.48227211076817
4809,16.372878054666415
4810,17.233232430068124
4811,18.0171699486006
4812,18.695569552043775
4813,19.278645330482657
4814,19.758489824214813
4815,20.19664270443039
4816,20.642010197594793
4817,21.064084562216184
4818,21.533861755033282
4819,22.105285344918205
4820,22.664887576133943
4821,23.21637871899981
4822,23.754593520162775
4823,24.304337707462267
4824,24.816887784467426
4825,25.252044158964445
4826,25.557948561192838
4827,25.671174958044134
4828,25.632217618158112
4829,25.46362067160282
4830,25.196037619643995
4831,24.883699567145626
4832,24.53865033448294
4833,24.189694717309674
4834,23.825441863811413
4835,23.420136655218116
4836,23.06249348951373
4837,22.758327029158004
4838,22.48206661558693
4839,22.18492444866093
4840,21.855550208321112
4841,21.506160560299808
4842,21.165341307183724
4843,20.836494379238353
4844,20.50728710320228
4845,20.220876773050897
4846,19.888209270780308
4847,19.527867483608073
4848,19.14137878661456
4849,18.750192731767818
4850,18.39452777416441
4851,18.128952507785733
4852,18.024914287115433
4853,18.051898065596113
4854,18.093029296134507
4855,18.038155401218738
4856,17.767751949872313
4857,17.24119280576166
4858,16.507954701503895
4859,15.58918969549335
4860,14.636715686868513
4861,13.75767063725424
4862,12.963027332543756
4863,12.308342153501524
4864,11.70505413515879
4865,11.152553797978248
4866,10.689232589232084
4867,10.277005844732097
4868,9.955046984924447
4869,9.624635933608007
4870,9.26806041016266
4871,8.944831177690325
4872,8.721634504391718
4873,8.615958789703305
4874,8.710921855848868
4875,8.941152171416853
4876,9.227755311097036
4877,9.608906286385817
4878,10.063503748419068
4879,10.558701900709119
4880,11.093091022604977
4881,11.588727423743382
4882,11.96119813300584
4883,12.274891556986866
4884,12.596939962766653
4885,12.990483891465404
4886,13.483290697427101
4887,14.087807807287632
4888,14.722778873367837
4889,15.352034862828319
4890,16.028226207717704
4891,16.727881626317988
4892,17.40120706094365
4893,18.046847333013687
4894,18.567201281854235
4895,18.969390893770196
4896,19.23315070879263
4897,19.349554199562434
4898,19.372179238197813
4899,19.296951985312045
4900,19.25768448809026
4901,19.2618223100951
4902,19.265422215239308
4903,19.24837490407506
4904,19.230038645685518
4905,19.14923125806355
4906,19.088096138524676
4907,19.131813516362254
4908,19.29966281993285
4909,19.603157622791173
4910,19.966659474624894
4911,20.284663945367445
4912,20.44989971077664
4913,20.371415619210772
4914,20.021530902577254
4915,19.42492656195981
4916,18.60601530832114
4917,17.641971458284246
4918,16.678657227431067
4919,15.756989356562947
4920,14.943684162232636
4921,14.303222967275936
4922,13.75547686305458
4923,13.321366511108373
4924,12.910796799912637
4925,12.496324109791967
4926,12.088824448765592
4927,11.702212774313693
4928,11.476298375974773
4929,11.361461458631375
4930,11.322228945259214
4931,11.358886756236828
4932,11.376512928981695
4933,11.361750790675337
4934,11.366471964250199
4935,11.27127324302303
4936,11.115391626213185
4937,10.862430421302587
4938,10.44244256005749
4939,9.951125508666848
4940,9.362534404470102
4941,8.812174976285693
4942,8.296975308110358
4943,7.86796024996439
4944,7.566293549355192
4945,7.349612097076138
4946,7.216737994403582
4947,7.06323753520865
4948,6.881255351798844
4949,6.58436640166685
4950,6.191154560711909
4951,5.8214864037158005
4952,5.479245037111866
4953,5.153003147434099
4954,4.899199032980261
4955,4.74553577035504
4956,4.725261115706992
4957,4.895155526187977
4958,5.21322384387707
4959,5.489943280266581
4960,5.688873370858444
4961,5.791926495075507
4962,5.798768853200971
4963,5.6904724707618835
4964,5.638275112478664
4965,5.766900682261667
4966,6.107426806085639
4967,6.654024399462981
4968,7.319214684309076
4969,7.889688685910325
4970,8.31500386320678
4971,8.576598786377671
4972,8.701565282350614
4973,8.716605291902141
4974,8.718899988939059
4975,8.764432300710729
4976,8.974192995108327
4977,9.356357148977219
4978,9.790320122287275
4979,10.304928370363996
4980,10.737276904275028
4981,11.098395837066565
4982,11.462280480434096
4983,11.7513276145648
4984,11.966929501896177
4985,12.063866315505521
4986,12.021300773633769
4987,11.912331062177383
4988,11.727946528820848
4989,11.529518569442164
4990,11.350567400240532
4991,11.175709695235977
4992,11.10393258671173
4993,11.159929442182328
4994,11.339312550487037
4995,11.639475811353206
4996,11.972794916177238
4997,12.341235089636541
4998,12.705190193308187
4999,12.994374599008285
