,0
0,1.5620453693580076
1,3.2624182285910726
2,4.382264810841619
3,5.082970284607851
4,5.688993632084626
5,6.211001209769247
6,6.709400437576201
7,7.368203943215334
8,8.17225673160793
9,9.011577182691177
10,9.630005617455971
11,9.812691064969373
12,9.55482492662938
13,9.092414848588295
14,8.739966674205306
15,8.54010481347893
16,8.487901621847378
17,8.783955502706643
18,9.531752989809425
19,10.738889081678714
20,12.382688348646273
21,14.449770892835385
22,16.926052808748317
23,19.36054130073858
24,21.281403852046097
25,22.645295297696762
26,23.450413807385424
27,24.089012829700486
28,24.706455657253365
29,25.07467757859395
30,25.123245130669215
31,25.064511203647918
32,24.30193932907128
33,22.7463035760846
34,21.061711391914862
35,19.747271926937522
36,19.013428149316823
37,19.233433163559155
38,20.371875586570226
39,21.774526402539855
40,23.259468970147974
41,24.286701645584216
42,25.076714652084977
43,26.09042072928461
44,27.44211452105816
45,29.138297905787912
46,30.56802507509221
47,31.454107461684412
48,32.181381561798084
49,33.10677249823345
50,34.3444406809836
51,35.961449231140065
52,37.63648321094031
53,39.154201793532685
54,40.68729688009272
55,41.991392570118286
56,42.74565554165976
57,43.40186432690084
58,43.27600311174157
59,42.525390600373214
60,41.22768577288764
61,39.627258039851256
62,38.33425207653896
63,37.28438427113939
64,35.992219863602784
65,34.78250463998851
66,33.505661531896905
67,32.28765613257203
68,31.921217016986347
69,32.37412742853589
70,33.80088703291881
71,35.655774985379374
72,37.67835527667469
73,39.860461410894445
74,41.6460780419082
75,42.72574564194805
76,42.50405058343628
77,41.11878344275175
78,38.72147722432926
79,35.56158505840492
80,32.20860961166444
81,28.796614411959784
82,25.853822338994263
83,23.47135438130062
84,21.580170687210057
85,20.19064233213708
86,19.332681172999052
87,18.889282377972236
88,18.757210164673435
89,19.13918858124768
90,19.919718545895428
91,20.923868658579607
92,22.114000403680063
93,23.64354679951553
94,25.565218127165416
95,27.513508526585195
96,29.262544457040658
97,30.707686384933396
98,31.794222090657424
99,32.630641996598705
100,33.50236418577425
101,34.38783296282156
102,34.996681573764576
103,35.37397461342206
104,35.68353169558061
105,36.338256452460676
106,37.163023903629764
107,38.046801847871194
108,39.094760577711796
109,40.127379465030685
110,41.08321912470084
111,41.855887799930514
112,41.99458442529118
113,41.48808865919051
114,41.047437342682926
115,40.186185447358355
116,38.76817993134397
117,37.15700167348817
118,35.410591977410625
119,33.338557317309466
120,31.27434850131881
121,29.288231759816867
122,27.54578799445676
123,26.395096782483243
124,25.804425498500912
125,25.869586848438182
126,26.295798248712806
127,26.944222619442584
128,27.663673278688265
129,28.2980919582234
130,28.821749493043107
131,29.430875286851688
132,30.433475288567116
133,31.867765858324795
134,33.879384810865425
135,36.345515610644796
136,39.20960142011697
137,42.13491540482114
138,44.75256222343897
139,47.100528171879716
140,48.917890517063
141,50.12812026066075
142,50.9637255553769
143,51.47332772229845
144,51.612346351226066
145,51.655609152869985
146,51.74659583878784
147,51.86695940443754
148,52.141075083937395
149,52.50374611122882
150,52.77477748298368
151,52.94172066209981
152,52.80872372706341
153,52.561633319683665
154,52.421331835306226
155,52.28685577840545
156,52.20497865338372
157,51.88356549103477
158,51.29428880689022
159,50.452947351605346
160,49.4299427863248
161,48.45221702549871
162,47.507268140881266
163,46.38638175958849
164,45.07423241043898
165,43.66746485578582
166,42.29062568527168
167,40.97924921461118
168,39.72942220660238
169,38.32081826333314
170,36.72409590195531
171,35.33494744755659
172,33.8534692744976
173,32.489800586633784
174,31.06554618719106
175,29.279356985971447
176,27.22428793909542
177,25.06510108927535
178,23.16386796892361
179,21.512915017751475
180,19.950004409584395
181,18.27799836577773
182,16.781030194052835
183,15.518571112379488
184,14.273482691770663
185,13.103860726762342
186,12.137466918810254
187,11.397692295158446
188,10.90370851666379
189,10.737533769035174
190,10.843048808420779
191,11.217021797498237
192,11.802722774115164
193,12.627873858771196
194,13.630719221659229
195,14.745813498882887
196,15.825274333584474
197,16.683211220452186
198,17.246640085239854
199,17.561999333827675
200,17.926291667842452
201,18.677162907410384
202,19.68224177561048
203,20.981336672745385
204,22.585675958632926
205,24.152169239265927
206,25.628704580986252
207,26.933481117370636
208,28.062111734131054
209,29.14989125367977
210,30.02530489215666
211,30.679255588176055
212,31.27958318936841
213,31.88302316603663
214,32.45854473321931
215,32.761105130830884
216,32.811876502913464
217,32.83302886069969
218,32.80898149288749
219,32.70312679897148
220,32.44407687170066
221,32.052508788962854
222,31.540714451208217
223,31.029259556164025
224,30.67631305903472
225,30.449140873705744
226,30.21905902189228
227,29.96223619826258
228,29.73880034170474
229,29.55273517915105
230,29.42649496556753
231,29.487827337798407
232,29.88361218201834
233,30.525226279539975
234,31.43296528051574
235,32.56336303782803
236,33.855243882189846
237,35.53367808204864
238,37.40938649149193
239,39.4628698906768
240,41.74009336380323
241,44.00401392166889
242,46.02115122928566
243,47.82436830098388
244,49.475501073759645
245,50.7011532978283
246,51.36211570967902
247,51.41169345521986
248,50.76109770921231
249,49.55571184367328
250,47.91299599375962
251,46.24614716580696
252,45.18069568406408
253,44.59090817058643
254,44.44445904729791
255,44.493721404942164
256,44.280703004358415
257,43.90487124270321
258,43.398414086830414
259,42.79324408570312
260,42.127998035023055
261,41.51593191133951
262,40.712697481168675
263,39.91238386278822
264,39.29411173496575
265,38.969239117613974
266,38.828544644337114
267,38.49727761811628
268,38.05495217484619
269,37.553991630856245
270,37.146075381098164
271,36.79700258340898
272,36.78793212599589
273,36.86565543170503
274,36.86505712481389
275,36.72848292799284
276,36.398460232692756
277,35.79444693764398
278,34.747363257371305
279,33.58341065509577
280,32.49249192610227
281,31.47075866187974
282,30.624685782112365
283,29.806088498284826
284,29.00666699215762
285,28.311170281826953
286,27.62644424236261
287,26.45920222942662
288,24.93237363919904
289,23.1621736859251
290,21.396608423136414
291,20.173047843230986
292,19.619695739818457
293,19.367976629717372
294,19.44746157812365
295,19.850050781567695
296,19.89027738401741
297,19.62531015535515
298,19.122349088508994
299,18.58956367999783
300,18.288232535763438
301,18.095533801507706
302,18.297799346093615
303,18.94713690131604
304,20.160614720178458
305,21.99196156614137
306,24.395747318295957
307,27.280200900294144
308,30.42171035692148
309,33.538764018955426
310,36.68588936785615
311,39.98574534605136
312,43.42710730591601
313,46.95615821463223
314,50.129107054328045
315,52.78132857753901
316,55.05267251261857
317,57.14935325838694
318,59.07915778358864
319,60.74462585473873
320,62.15895529224727
321,63.29103048588502
322,64.08584109658025
323,64.69619473102193
324,65.37113055723238
325,65.95707972269712
326,66.52089976853868
327,67.11492996084505
328,67.81499513413736
329,68.68312674462646
330,69.56322136403278
331,69.94553916749223
332,69.78053078926536
333,69.48511146186235
334,68.8498112424757
335,68.00131814526688
336,67.083279884504
337,66.17664289566751
338,65.31657662811978
339,64.84757653173772
340,64.69648246859677
341,64.503231256188
342,64.33510270139237
343,64.03419156593216
344,63.53330710088496
345,62.74772000820818
346,61.40711507652367
347,59.81467818812625
348,58.139407276798735
349,56.431706158818216
350,54.94429237142852
351,53.4979515423294
352,52.07788427371107
353,50.80302440852097
354,49.41521744530645
355,47.68563535980509
356,45.55488255541454
357,43.09965003309935
358,40.51505175336099
359,38.25046087434983
360,36.772423457930074
361,36.295738041006345
362,36.889649006205275
363,38.28787010726267
364,40.36693142268701
365,42.835880302306734
366,45.30422556808243
367,47.96393182536386
368,50.46707064586016
369,52.79564462929406
370,54.97303477082996
371,57.07268806178888
372,58.828008875681476
373,60.083069243248744
374,61.20193462261686
375,62.01240452881492
376,62.84405668543174
377,63.907433992105595
378,65.1186957614146
379,66.13689905176429
380,66.68216883240078
381,66.79096623830128
382,66.42375672919553
383,65.64752591955857
384,64.99900615652608
385,64.31048329446384
386,63.41414034948167
387,62.522463813958126
388,61.519925882189185
389,60.28849995573509
390,59.09310868374497
391,58.24415665045093
392,57.47444270857302
393,56.85404661805813
394,56.17878309826537
395,55.36883765234511
396,54.56444671673097
397,53.65643998671953
398,52.46103186730713
399,51.42102680341833
400,49.99695610579258
401,48.21912020879813
402,46.198275010413134
403,43.982497514528816
404,41.773560246158176
405,39.6784302553929
406,37.40909925374987
407,35.276719548072506
408,33.273290527516146
409,31.437207126459978
410,29.90320520084512
411,28.49175285210085
412,27.43277524655464
413,26.56698949910554
414,25.766821767849734
415,25.147088384264585
416,24.739094656911647
417,24.59235136513285
418,24.650217798984453
419,24.868887318958457
420,25.262242777195937
421,25.853993475666094
422,26.503396108585555
423,27.656567160212333
424,29.249268511870078
425,30.939323115793552
426,32.94025577996257
427,34.92737533623143
428,36.72352439883858
429,37.984383375161144
430,38.699644096469044
431,38.78346788016894
432,37.878526702045725
433,36.486449567422405
434,34.811175097114806
435,33.02702219045109
436,31.141761199438704
437,29.26374143436244
438,27.598841612149528
439,26.056418980673463
440,24.78323947408073
441,23.67280972029684
442,22.491305832357114
443,21.27879878735635
444,20.019298213977258
445,18.716295536209927
446,17.763520185690403
447,16.918502294828837
448,16.39225990998436
449,16.06125489841598
450,15.755586527060778
451,15.491959217882837
452,15.169550118279824
453,15.321939081501903
454,15.91074172089128
455,17.03733585622507
456,18.017472753965464
457,19.5265379716733
458,21.215589413010832
459,22.730948874114006
460,23.957512014565744
461,24.7156114074068
462,24.92393812125167
463,25.069920142457875
464,25.147885957179106
465,24.88743987979541
466,24.745865461697605
467,24.64097819505865
468,24.119907532163772
469,23.24175313421096
470,22.03324655520895
471,20.539075628714716
472,18.956332838345038
473,17.52867265714901
474,16.51899843884621
475,16.099024135333593
476,16.11406293839898
477,16.471881493771605
478,17.16095565119317
479,17.916111173049398
480,18.329968692872555
481,18.203209406363925
482,17.669559553577223
483,16.917735287596567
484,16.338691942489326
485,16.11317808837714
486,15.897081498080421
487,15.543336909762353
488,14.932734949293476
489,14.3413089555581
490,14.039243398645478
491,13.916506996670915
492,13.977152810732917
493,14.034844652925816
494,14.079093335659493
495,14.456320887634766
496,14.947196931981388
497,15.425447369820702
498,15.930193049047205
499,16.4276336500152
500,17.031744606008086
501,17.536287259040996
502,18.036242351046972
503,18.651798772295525
504,19.21504223835892
505,19.516925114951007
506,19.78426766461882
507,20.187695254125053
508,20.72831622725794
509,21.49021995983459
510,22.339085338595737
511,23.25585822566191
512,24.312017598056983
513,25.230876252040694
514,26.370698561899076
515,27.602951895953595
516,28.759458800912423
517,30.19416420821076
518,31.802056084904486
519,33.370848828413344
520,34.92274984588734
521,36.47492965382908
522,37.98368169949454
523,39.25601545177376
524,40.231511380913844
525,40.768592327209475
526,41.180188149890014
527,41.5231606025048
528,41.83625884816203
529,42.344169867181186
530,42.66376122969734
531,42.4254708530553
532,41.446277224074365
533,39.81705832432759
534,37.676833763490556
535,34.84676709362243
536,31.993804997791464
537,29.43628650626561
538,26.91108381428328
539,24.825636734185863
540,23.27290539031039
541,22.08621671859983
542,21.26729876406929
543,21.06905639182432
544,21.27139368777396
545,21.749361949013256
546,22.42754095458509
547,23.31176782793005
548,24.58185222970065
549,26.225124563012887
550,28.053564145885886
551,29.626280877804284
552,30.973107794996928
553,32.108336260827954
554,32.96331066384234
555,33.6916106415354
556,34.13192069441718
557,34.23461734852449
558,34.27611390011337
559,33.979169552958005
560,33.40825000748151
561,32.749775034591146
562,31.861294755798397
563,31.075183902865774
564,30.67615075996823
565,30.50532133037683
566,30.354262363115797
567,30.3623478142661
568,30.669653420349164
569,31.360298577262572
570,31.96115986377724
571,32.77624704902769
572,33.26452404376677
573,33.21902490685134
574,32.55738053691459
575,31.062269759439083
576,29.22711162287475
577,27.334939637805956
578,25.635011914026606
579,24.379450424127903
580,23.402566829271123
581,22.683273995622216
582,22.075731156608846
583,21.480450378173813
584,21.038052932890842
585,20.916447943388928
586,20.9307256731229
587,21.216747657121747
588,21.75050322953927
589,22.340197890523527
590,23.00768286823795
591,23.734329407927095
592,24.535880219744424
593,25.2730420422638
594,25.98028783228198
595,26.672513947058377
596,27.475882052181376
597,28.530012072992378
598,29.537445820147
599,30.539824545999277
600,31.719670604209327
601,32.949297943849785
602,34.09567071747434
603,34.98478588398981
604,35.62107060658805
605,36.105933253304265
606,36.49543494445007
607,36.9879784696467
608,37.79427597218641
609,39.197305945397744
610,40.87081222271361
611,42.47996357123881
612,43.92842376685206
613,45.11814401731373
614,46.27274045067732
615,47.32678637311399
616,48.37665545067351
617,49.55471651312496
618,50.587287241321064
619,51.313535915333205
620,51.686473516822105
621,51.82943983871996
622,51.75223285046437
623,51.47507367621516
624,51.11889502694281
625,50.431096633773805
626,49.73857360406925
627,49.13607856822629
628,48.94268432418972
629,48.79105996131051
630,48.8723828870429
631,49.17326542690229
632,49.341801163863096
633,49.50402185330516
634,49.35905035184289
635,48.81853000615985
636,48.18885544347849
637,47.59650315839808
638,47.21919371958025
639,47.24158277899493
640,47.64034433098264
641,48.16416196721025
642,48.69523043921927
643,49.20071678300917
644,49.64394129783003
645,50.10312178170329
646,50.597427522390234
647,51.16595860535126
648,51.79997682341702
649,52.49571928608947
650,53.327583366260754
651,54.240606780678476
652,55.1135374692673
653,56.06665502488178
654,56.90463017139594
655,57.58240923298011
656,58.14874395332545
657,58.38887599029971
658,58.153581938481665
659,57.17911200429732
660,55.71094217893571
661,53.96035945871439
662,51.97809509476847
663,49.89646324479298
664,47.82066812664625
665,45.6966630732711
666,43.76914200188368
667,42.075696785094564
668,40.51657801554343
669,39.35683652521
670,38.25118831179971
671,37.33481518579093
672,36.526242638146954
673,35.711552025498236
674,35.172099501367256
675,34.79876448304373
676,34.61860919026731
677,34.63800656447542
678,34.68292143095238
679,34.77230970181806
680,34.91527236222757
681,35.06284024827514
682,35.35442402704163
683,35.7465136475565
684,36.087631617404426
685,36.5299397491314
686,37.120764853251416
687,37.68807709586848
688,38.16093384248394
689,38.91399453727139
690,39.87840231268673
691,40.79917847564887
692,41.78107737215008
693,42.8327227226178
694,43.901090456497876
695,45.16951440323149
696,46.378005959608714
697,47.47350386145904
698,48.73503471499484
699,50.00247339071528
700,51.23111471441329
701,52.08522600666624
702,52.17937223892487
703,51.50151360269637
704,50.11576049822477
705,47.987724004836736
706,45.34262374616422
707,42.37902312968721
708,39.398582666236386
709,36.61854884457765
710,33.986465361896684
711,31.475431514506433
712,29.28342049488243
713,27.48235772981804
714,26.088758255461975
715,25.293175277948173
716,25.137929971487026
717,25.67624252753437
718,26.587426829119327
719,27.6071221404069
720,28.663365055940893
721,29.460159794703998
722,30.11780938323985
723,30.979191789969548
724,31.924222363644976
725,32.90338281736278
726,33.81335165635066
727,34.4764187274089
728,35.04020434276436
729,35.50297942500413
730,35.98351190395161
731,36.507108607044856
732,36.954355517637794
733,37.53647139909454
734,38.280659779706895
735,39.13641304168735
736,39.69469323510039
737,39.80882273266384
738,39.90972833342387
739,39.99299153015906
740,40.271149614410426
741,40.51314714770912
742,40.98676625182445
743,41.68281686271733
744,42.634217257111416
745,43.53641561915086
746,44.50686093143561
747,45.386906055290325
748,45.955624530768795
749,46.429187050681264
750,46.7486563207992
751,47.02331369860936
752,47.27476296870301
753,47.298449524102686
754,47.134540029217135
755,46.961117577916795
756,46.99960690182321
757,47.22950286934611
758,47.25092005396877
759,46.775296773570176
760,45.78286565255541
761,44.17879636370718
762,42.12694654440651
763,39.71891607411914
764,37.27789256853001
765,35.08640329223466
766,33.03314244350113
767,31.16803320013831
768,29.51091748039712
769,28.094268521822052
770,27.16452690871415
771,26.816760706499885
772,26.666541053559854
773,26.34621514184608
774,25.905286219589108
775,25.35810919371095
776,24.66104332708707
777,23.927400524157726
778,23.286346984207853
779,22.83569077612883
780,22.63917746545208
781,22.54881600354597
782,22.60630209678714
783,23.06890220101267
784,23.814544927191477
785,24.668231135243204
786,25.523194524177526
787,26.479359614709466
788,27.560126898217625
789,28.74991884856272
790,29.98613052964995
791,31.156762809565848
792,32.423316022590484
793,34.04370799292409
794,35.938085724519645
795,37.76938403225589
796,39.67911344880432
797,41.518078325202126
798,43.117977767668215
799,44.606291473688515
800,46.2201212446122
801,47.87765428678809
802,49.40015295402282
803,50.83623492865369
804,52.28520200968488
805,53.59859180347175
806,54.75184735035613
807,55.70924941959171
808,56.676998364356514
809,57.603916997842695
810,58.30815135254841
811,59.12952325207237
812,59.79796261596624
813,60.19596470388749
814,60.59598882603248
815,60.55533986406424
816,59.88649574962464
817,58.60972731099419
818,56.55325796403743
819,53.86480697532579
820,50.67338479134537
821,47.10421039464027
822,43.56082561654161
823,40.529424153354924
824,38.32441959112518
825,37.05891426291687
826,36.34839389709301
827,36.119702855556675
828,36.096754515711076
829,35.91913792831767
830,35.950353349226525
831,36.09665108450833
832,36.44168419790897
833,37.2172138063463
834,38.2204644259705
835,39.186719106921664
836,39.91981080972474
837,40.515487897232255
838,41.20298660714744
839,41.81405234187041
840,42.107625149640654
841,42.24557978576124
842,42.091988171191346
843,41.78981531106237
844,41.679548322931865
845,41.62715946912622
846,41.589133697952235
847,41.49276911183742
848,41.29448878582747
849,41.23650400672264
850,41.297890828876476
851,41.48108486927728
852,41.915318104415036
853,42.69073820413946
854,43.48239304977878
855,44.17113276548499
856,44.71518373239369
857,45.18207605189312
858,45.6210238242018
859,46.15129486351207
860,47.02631132049818
861,48.22443973876234
862,49.4521986036603
863,50.71681415628596
864,51.916127600272674
865,53.26252816903255
866,54.692634490280156
867,56.011560090555456
868,56.96150957027527
869,57.445305844071726
870,57.67839921640584
871,57.63031542941519
872,57.28291715266624
873,56.73421341111488
874,55.92185206762155
875,54.75338662985854
876,53.36844118217241
877,51.7296814238188
878,50.24926116790324
879,49.288337166771875
880,48.54906555885034
881,47.89754044206211
882,47.017280200227944
883,45.705659706548886
884,44.1192928522718
885,42.33047281765919
886,40.709791129812245
887,39.06078529863207
888,37.38768771549235
889,35.91366196245748
890,34.389056333337464
891,33.09352101813454
892,32.172474471754626
893,31.93154866155944
894,32.512392564046195
895,33.99922263706222
896,36.0945739123429
897,38.22455012530611
898,40.18744432880489
899,41.92323257708057
900,43.24189152176929
901,44.02765232193579
902,44.54585327746449
903,44.89198077609857
904,44.98331763644507
905,44.825251590958786
906,44.531445603758584
907,44.40016799314742
908,44.42437240914232
909,44.01302488189253
910,43.097441839373
911,41.921081145493396
912,40.897647341818136
913,39.77964407223287
914,38.6863653625775
915,37.65501849716303
916,36.513169452220154
917,35.43864800392209
918,34.77220808575527
919,34.71407002217796
920,35.4093898459315
921,36.57843797696457
922,37.97371345152209
923,39.53322788479436
924,41.31125517930384
925,43.22846480048386
926,45.442231515859405
927,47.81716925240936
928,50.01881908356236
929,51.961965401311346
930,53.58392721064012
931,54.97770145540877
932,56.17634578882925
933,57.173090390630534
934,58.017816214168974
935,58.67161088742611
936,59.339684098230705
937,60.118030231169186
938,60.757115081134444
939,61.00229146618312
940,60.83144188351311
941,60.63286953245586
942,60.18430518881008
943,59.45487589984765
944,58.50763768718194
945,57.061077944776414
946,55.30408275225247
947,53.29895366671265
948,51.142881320743214
949,48.77644526021324
950,46.28086166709132
951,43.80979511378442
952,41.64645672828148
953,40.164971467759074
954,39.21397745609129
955,38.33615279542151
956,37.34132092460379
957,36.38719346054704
958,35.082022002738505
959,33.71407617375517
960,32.42752659684067
961,31.074001740151807
962,29.87717194333002
963,28.950303879504357
964,28.485819931957558
965,28.08205709460918
966,27.34137118394041
967,26.382343546672914
968,25.27328682964825
969,24.30840748583679
970,23.547774928081168
971,23.119878525382276
972,22.57116317724357
973,22.01921897253223
974,21.64257746977546
975,21.738535018239403
976,22.189535350792358
977,22.706045922181595
978,23.447322110106622
979,24.065679147755336
980,24.657328074294902
981,25.264676559684517
982,25.89357658148156
983,26.569220629881215
984,27.18334658175887
985,27.71721205603055
986,27.912526388503103
987,27.765671711388965
988,27.153848019060433
989,26.037286599768432
990,24.464019444382572
991,22.45833003154776
992,20.211208197760264
993,18.017855917419915
994,15.999754689167753
995,14.183417195918171
996,12.837255270159773
997,12.083303060995046
998,11.780285919988774
999,11.80613080880729
1000,12.023870437268112
1001,12.325148393643573
1002,12.781439129079288
1003,13.422867326453325
1004,14.24400259710982
1005,15.234709817514151
1006,16.30150600790391
1007,17.342510716937042
1008,18.321460587067556
1009,19.43429019826594
1010,20.61729742759971
1011,21.786054488414543
1012,22.944520877233032
1013,24.116651071624435
1014,25.445948628015998
1015,26.868307345930255
1016,28.364524967252805
1017,29.96076579181237
1018,31.462894978895633
1019,32.8235661245191
1020,34.07072427997477
1021,35.27697180563068
1022,36.22524052679327
1023,36.85684379155478
1024,37.461809686821866
1025,38.16710755476573
1026,38.78071669987689
1027,39.480854082582994
1028,40.14687214021422
1029,40.80884072898338
1030,41.311782710796635
1031,41.58520143857184
1032,41.64455481058255
1033,41.455300435664284
1034,41.10882446619475
1035,40.48770664756877
1036,39.63184321303345
1037,38.64251083642949
1038,37.25174909994169
1039,35.44608856949705
1040,33.35266877878704
1041,30.988134870765755
1042,28.543431671216794
1043,26.355579979042894
1044,24.64464850058472
1045,23.48905461800007
1046,22.888091226820322
1047,22.764324555729857
1048,23.083561547634137
1049,23.56885256046648
1050,23.96000966183415
1051,24.297508982657064
1052,24.41281526306831
1053,24.21781572582796
1054,23.848361310599728
1055,23.294255646351573
1056,22.375127395539238
1057,21.264142679250256
1058,19.897716342342466
1059,18.22155965144914
1060,16.62844510130229
1061,15.163813919015038
1062,13.793003273806391
1063,12.449351162873883
1064,11.36058283219413
1065,10.577844499040554
1066,10.28106048569778
1067,10.55031574268676
1068,11.352618499124308
1069,12.898550345513307
1070,14.709231196804726
1071,16.317745172633465
1072,17.734374917051976
1073,19.108578978101022
1074,20.58233010613236
1075,22.15191976097578
1076,23.711628071113967
1077,25.400271492150303
1078,26.944602833858177
1079,28.274381466998967
1080,29.30635838751924
1081,29.891254766915402
1082,30.368870890434955
1083,30.784396917896967
1084,31.187118823075476
1085,31.68324674286695
1086,32.394691898953155
1087,33.04314716582162
1088,33.56947339817878
1089,34.004805996594555
1090,34.25654533962571
1091,34.42893748326928
1092,34.58766296975024
1093,34.73692448815481
1094,35.00878888099631
1095,35.42991549693046
1096,35.91874811017034
1097,36.66395173295043
1098,37.614808763975674
1099,38.659690580294004
1100,39.85739905589291
1101,41.2794314785949
1102,43.1154602346274
1103,45.47055871490835
1104,48.219637290706096
1105,51.29423258714929
1106,54.264430737549795
1107,56.97197534528074
1108,59.44242731744623
1109,61.43527577329715
1110,63.17572355720552
1111,64.55244043480037
1112,65.62743356507227
1113,66.34028227759288
1114,66.53512057884022
1115,66.34492708342285
1116,65.63271693005352
1117,64.49531292884748
1118,63.086289863020944
1119,61.31948478398901
1120,59.162436536597355
1121,56.66817940041523
1122,54.02028109500125
1123,51.38092199852506
1124,48.52141652342707
1125,45.5659039448324
1126,42.49171082380035
1127,39.31516122981492
1128,36.369282067682974
1129,33.655420261290764
1130,31.21939397399104
1131,29.138026742571327
1132,27.30402493112778
1133,25.616396437582008
1134,23.955158612022277
1135,22.375121219901168
1136,21.099394177940784
1137,19.89550674860983
1138,18.640534192779672
1139,17.396866302983845
1140,16.314875238861475
1141,15.438987437126972
1142,15.006910814394995
1143,14.769626283615466
1144,14.577681014629876
1145,14.482722997617882
1146,14.616915094249178
1147,14.876864416761787
1148,14.943809633453364
1149,15.0379190191222
1150,15.30407945370051
1151,15.615745055095987
1152,16.093835535739956
1153,16.68266461820442
1154,17.281803356199646
1155,18.08949864000052
1156,18.958739822658295
1157,19.925151007318618
1158,21.17269693477885
1159,22.620036870740215
1160,24.330736953901898
1161,26.249790445888756
1162,28.348847170235747
1163,30.375334224615614
1164,32.29929069320026
1165,34.20762487622266
1166,36.08923825466775
1167,37.86415436601709
1168,39.257265679074635
1169,40.40872055323473
1170,41.63635729344781
1171,42.96261693123685
1172,44.18170290483188
1173,45.23295273180533
1174,46.319064418359645
1175,47.43141759710083
1176,48.53021198565145
1177,49.581539873099516
1178,50.38436219064572
1179,50.956147955114986
1180,51.40100010389749
1181,51.72269577825659
1182,52.05950155373165
1183,52.57447935935088
1184,53.1960349158486
1185,53.72033946963932
1186,54.003290545040414
1187,54.08723006309805
1188,54.03537306115711
1189,54.011605582015264
1190,53.94347052307072
1191,53.6110837020715
1192,53.02062769564455
1193,52.071594123875244
1194,50.97188526307298
1195,49.69887064176469
1196,48.160581063511565
1197,46.82226913043135
1198,45.42058229901973
1199,44.059080925851845
1200,42.779670657786326
1201,41.362318317381636
1202,39.941227901927164
1203,38.58139432224009
1204,37.307967181783
1205,36.17254232999802
1206,35.24483251670071
1207,34.47799370102433
1208,33.78663375513705
1209,33.0592996065323
1210,32.18689654790043
1211,31.44332645155002
1212,30.890238443588682
1213,30.43301199404502
1214,30.24978577968739
1215,30.528942507828127
1216,31.17348312609948
1217,32.18899278920176
1218,33.59063557319175
1219,35.394227073491365
1220,37.37015372954679
1221,39.024058758438684
1222,40.14929768190106
1223,40.68980448976086
1224,40.7731400126696
1225,40.59149330160453
1226,40.083245348862384
1227,39.35272549548818
1228,38.486116136865974
1229,37.60382492119308
1230,36.83944893031841
1231,36.21999281357131
1232,35.60853692564054
1233,35.06855324256581
1234,34.64165413426417
1235,34.230978875299414
1236,33.8689593187685
1237,33.595264921943546
1238,33.42033949216593
1239,33.35055519596189
1240,33.63042291735288
1241,34.0998912666319
1242,34.38913989470165
1243,34.51099592173049
1244,34.507150129285534
1245,34.518162156449556
1246,34.5150243926061
1247,34.46699727755434
1248,34.353988026707555
1249,34.13241080590171
1250,33.88353930927728
1251,33.47389277094044
1252,32.8370863894788
1253,31.99052079860313
1254,31.254008734541294
1255,30.386800110248974
1256,29.5467413479113
1257,28.638210201792987
1258,27.577351500752386
1259,26.442653279153582
1260,25.252470168607708
1261,23.967027140281406
1262,22.708000508309624
1263,21.525954441003638
1264,20.60410872880903
1265,20.18283542855204
1266,20.125646190222703
1267,20.21603710861747
1268,20.36675670601504
1269,20.518699756101448
1270,20.614641481761804
1271,21.104405553458516
1272,22.18068881733446
1273,23.908780179865804
1274,26.351287292030563
1275,29.669314446612006
1276,33.753053555732144
1277,38.14354484374341
1278,42.59550171640777
1279,46.6605239202018
1280,50.09104586534476
1281,52.94109326808955
1282,55.19674585479244
1283,57.05882046130701
1284,58.83106635041807
1285,60.703791733223596
1286,62.513969597601395
1287,64.077098983441
1288,65.5009949952969
1289,66.76946075462592
1290,67.90446148201104
1291,68.86922307608116
1292,69.47259414801647
1293,69.62775894984033
1294,69.3677868095966
1295,68.85739707042976
1296,68.44569738883985
1297,68.20002022101565
1298,67.8334841887616
1299,67.20511432526138
1300,66.39536419587512
1301,65.41542780310273
1302,64.27340014039241
1303,63.218043587226305
1304,62.435909599707756
1305,61.739644516986594
1306,61.0962480723623
1307,60.65624552053522
1308,60.18024352634433
1309,59.50849442943018
1310,58.547990508813044
1311,57.712352097876135
1312,56.37538609248364
1313,54.79918921429423
1314,53.157986212328126
1315,51.334787924228124
1316,49.22376890686876
1317,46.899259558816794
1318,44.52550768624303
1319,42.073467535463394
1320,39.426623092090466
1321,36.5436939872142
1322,33.6480379407312
1323,30.960619556288744
1324,28.577923644751483
1325,26.307371410076662
1326,24.100777683937345
1327,22.10087582151794
1328,20.305745688937165
1329,18.78484685218423
1330,17.478695657419536
1331,16.359873832902707
1332,15.401980019229464
1333,14.582428004643795
1334,13.862236478702378
1335,13.486848533661469
1336,13.550422624592155
1337,13.884660243882006
1338,14.552329150590483
1339,15.392238917279016
1340,16.53351983333359
1341,17.926697157242447
1342,19.37200478052401
1343,20.844966535289963
1344,22.208713365890134
1345,23.526267137940568
1346,24.72211804747304
1347,25.80946381305514
1348,26.896656758215197
1349,28.00174482256476
1350,28.966780585477593
1351,29.937729127149936
1352,31.13980916452948
1353,32.46760071294101
1354,33.87531726312204
1355,35.272855758225084
1356,36.71985103820394
1357,38.083626574968164
1358,39.31998643696415
1359,40.46022472441185
1360,41.38001336405283
1361,42.12466938373055
1362,42.671795219476714
1363,43.01726071167774
1364,43.14013203074632
1365,43.202595906038326
1366,43.20717860059596
1367,43.37126076986533
1368,43.514012257129686
1369,43.97905310706234
1370,44.66537470071795
1371,45.73861006522897
1372,46.97377225640095
1373,48.13441649960578
1374,49.25987069537291
1375,50.273090221762764
1376,51.029775779295655
1377,51.6001187791737
1378,52.12257499695663
1379,52.59464369915075
1380,53.19809894682513
1381,53.902376943315694
1382,54.54166699169164
1383,55.20431939873809
1384,55.89895592305971
1385,56.49051986974028
1386,56.92808993640461
1387,57.26491561718893
1388,57.49074061163887
1389,57.625780885530666
1390,57.68707364029646
1391,57.61627311765288
1392,57.33208370776627
1393,56.55882556006458
1394,55.55288865282306
1395,54.459514787521314
1396,53.13817530555022
1397,51.634117705478275
1398,49.43178610473291
1399,46.76716051609699
1400,43.954197613191596
1401,41.08939538199826
1402,38.52884720460446
1403,36.253242721056175
1404,34.71582991860681
1405,33.911328952526745
1406,33.53129776881728
1407,33.480689444736
1408,33.37859852350343
1409,32.72874064023376
1410,31.390398784493335
1411,29.722202029827653
1412,27.892864440906017
1413,26.102290305014265
1414,24.524444834640413
1415,23.031481269230255
1416,21.495571129291797
1417,20.105181135798045
1418,18.432423705556094
1419,16.63623514419963
1420,14.902197270535595
1421,13.330585226498254
1422,12.504050860714093
1423,12.204811323379893
1424,12.51126977337921
1425,12.777888624878617
1426,13.627410519389409
1427,14.847147266657268
1428,16.208808352386953
1429,17.62282617878452
1430,19.16915730589902
1431,20.835849772209976
1432,22.74391442984778
1433,24.974005765909016
1434,27.02209441615642
1435,28.697195095263027
1436,30.015241195887466
1437,30.449628700305126
1438,30.499961637294522
1439,30.481275843236034
1440,30.25156163169067
1441,29.985626437906824
1442,29.888810629594012
1443,30.097013551546787
1444,30.703154106215017
1445,31.929585546309717
1446,33.73275893945629
1447,35.95572696496765
1448,38.49091165033073
1449,41.038588670726114
1450,43.42994295524793
1451,45.675305201941256
1452,47.777011127570816
1453,49.882282975607055
1454,52.04345349630785
1455,54.18823683774701
1456,56.31302943845395
1457,58.20023094385312
1458,59.80363331666525
1459,61.03178994246761
1460,61.528104019009916
1461,61.466189360038
1462,60.97622658797481
1463,60.33041827973187
1464,59.84271729210137
1465,59.44053378860045
1466,59.069710347333
1467,58.55190838078975
1468,57.72578975136922
1469,56.712489361704414
1470,55.70163869093965
1471,54.53590332648322
1472,53.08789491825978
1473,51.397011693610736
1474,49.690475589222004
1475,48.312537078094394
1476,47.211543921116046
1477,46.30560960517607
1478,45.47016915782541
1479,44.65842562518668
1480,43.978448542594364
1481,43.6118868115726
1482,43.29297810558366
1483,43.332918319728776
1484,43.6736558607784
1485,44.25548757070236
1486,45.026672527869636
1487,45.99915259772327
1488,47.15592576633189
1489,48.44658388611146
1490,49.63207170204852
1491,50.68341331101129
1492,51.68730345675596
1493,52.69844248544412
1494,53.79718317902291
1495,55.138995186405594
1496,56.5878165655362
1497,57.809909794391274
1498,58.768050696825206
1499,59.256802722537785
1500,59.14757354326138
1501,58.387070792979
1502,57.11095064959612
1503,55.411806967336254
1504,53.230160620633924
1505,50.79867411835284
1506,48.57530112058302
1507,46.66111912886733
1508,45.11484336529119
1509,43.96864954837564
1510,43.07100870689813
1511,42.58035423508662
1512,42.370066930037424
1513,42.24527808874676
1514,42.03104888784618
1515,41.6428927404764
1516,41.4411508597459
1517,41.55347241012483
1518,42.07627459077632
1519,42.8589654022981
1520,43.74263124143387
1521,44.76830593429274
1522,45.7087480406156
1523,46.607729474350535
1524,47.47707160274925
1525,48.246883397867556
1526,48.873822097982114
1527,49.56971402130142
1528,50.24542142258291
1529,50.901784264491155
1530,51.246903061014486
1531,51.04317090934114
1532,50.62540090796266
1533,50.12715184113638
1534,49.69032092728696
1535,49.34698176767159
1536,49.309940899642186
1537,49.571572998275954
1538,49.74691333293686
1539,49.89945942409186
1540,49.811234880660834
1541,49.64202944478147
1542,49.577410634126174
1543,49.68803727924852
1544,49.70817945136352
1545,49.48166473450925
1546,48.94532802201107
1547,48.15297321428902
1548,47.26019115056749
1549,46.36445085351218
1550,45.539600407716705
1551,44.77628992900683
1552,44.186549255856434
1553,43.74005260727945
1554,43.5427609519204
1555,43.620183125279425
1556,43.79809765285009
1557,43.93376700047178
1558,43.90192815654104
1559,43.711399893893045
1560,43.322149371432964
1561,42.802612686631576
1562,42.27921195407043
1563,41.81715348732109
1564,41.43268715384044
1565,41.29099971896274
1566,41.384350564172195
1567,41.49692280997033
1568,41.458232375898916
1569,41.39580160041939
1570,41.66737872304559
1571,42.017983935888395
1572,42.35374871972094
1573,43.22997775081022
1574,44.7363517920163
1575,46.471842111357866
1576,48.0816743588568
1577,49.41320577330502
1578,50.5418097476293
1579,51.3924189815108
1580,52.185847012144855
1581,53.380126241203264
1582,55.00215307079487
1583,56.624552718918395
1584,58.04063434080027
1585,59.34431192540552
1586,60.591954863248255
1587,61.59989276327339
1588,62.1303212479874
1589,62.340804503972365
1590,62.292622141987515
1591,61.91314245928711
1592,60.965670895534046
1593,59.516454972196975
1594,57.813421273397346
1595,56.12216287799889
1596,54.65076807400223
1597,53.13479361477496
1598,51.78812230511839
1599,50.82287026436039
1600,50.0178156377921
1601,49.61728231764053
1602,49.53955529674228
1603,49.77938476004486
1604,50.50030616637291
1605,51.59811124985343
1606,52.91504622712087
1607,54.38978486879731
1608,55.82372128215617
1609,56.9653691953676
1610,58.12692546588123
1611,59.202310229054156
1612,60.11245390917478
1613,60.86585570988346
1614,61.264126268006606
1615,61.3540553356651
1616,61.118125409470345
1617,60.65275429349275
1618,59.965948421559624
1619,59.353674742060726
1620,58.95428472874019
1621,58.7526085967924
1622,58.72702853105376
1623,58.91731418607155
1624,59.2555562569367
1625,59.47976446760258
1626,59.621970033007585
1627,59.75435083469064
1628,59.80841037218045
1629,59.742842042369745
1630,59.59901543133654
1631,59.48696951452354
1632,59.4286070379828
1633,59.31604517019821
1634,59.13562697879691
1635,58.73500935265953
1636,58.07694967816947
1637,57.42270415241727
1638,56.84636647394454
1639,56.32349113354442
1640,55.784516705497424
1641,55.1101949571547
1642,54.30118658096982
1643,53.28632707174845
1644,51.82191987662014
1645,49.951397905403866
1646,47.970349758076566
1647,45.99412122840498
1648,44.08511992344254
1649,42.02525417278029
1650,39.79674236728667
1651,37.53890304277451
1652,35.28938711288876
1653,33.332308253888165
1654,31.490730728320884
1655,29.80954271199446
1656,28.195703110931994
1657,26.421435727813577
1658,24.452891314483473
1659,22.37095317508618
1660,20.305954317230366
1661,18.439005630131028
1662,16.93699835012997
1663,15.831826224208312
1664,14.964540213545234
1665,14.346566001993299
1666,13.797150904850566
1667,13.051302044280717
1668,12.054303036799965
1669,10.96749505929271
1670,10.181520095583739
1671,9.955619447839183
1672,10.903474128964122
1673,13.127739269239424
1674,16.465190947743437
1675,20.466513913478636
1676,24.445073058555103
1677,28.13499450244725
1678,31.22543489299555
1679,34.06734623319648
1680,36.80409352681591
1681,39.42398175429223
1682,41.85222512529441
1683,43.91983234421194
1684,45.68674609491066
1685,47.29359885681458
1686,48.53915414630826
1687,49.40028938859665
1688,49.961427560462255
1689,50.23385235854583
1690,50.5467045314789
1691,50.88392942248505
1692,51.36455572886955
1693,51.7796453394701
1694,51.90939769539663
1695,51.92234337716843
1696,51.891727233118345
1697,51.98323508129434
1698,52.078566527507036
1699,52.291466096369284
1700,52.726723366508736
1701,53.15734105050251
1702,53.499961091228656
1703,53.798264727017624
1704,54.101319350179416
1705,54.23898541195641
1706,54.385866010805614
1707,54.6638985584333
1708,54.84826966650071
1709,55.12456484629084
1710,55.36494165270824
1711,55.75853891041289
1712,56.03555140010029
1713,56.15175749139528
1714,56.11292092608546
1715,55.99747328774295
1716,55.823221078434756
1717,55.71106566676987
1718,55.45541618528671
1719,55.0025666373847
1720,54.516640240294564
1721,53.75465671155198
1722,52.62907428053646
1723,50.80937724392003
1724,48.43982477892713
1725,45.73849132350719
1726,42.795310040632216
1727,40.26508700536737
1728,38.634604388246444
1729,37.892151620629306
1730,38.1116659911079
1731,39.31186334410457
1732,41.26195818323754
1733,43.576594137764076
1734,46.086599371619805
1735,48.59283514424055
1736,50.67207879713982
1737,52.5043783779464
1738,53.957560094509006
1739,54.849695361290586
1740,55.343208307019665
1741,55.41580294058703
1742,55.190443269288245
1743,55.07111847694689
1744,54.97795987956011
1745,54.81539973408427
1746,54.67334858810895
1747,54.550096714017556
1748,54.47163942402301
1749,54.1691069587351
1750,53.85988991563272
1751,53.58045956043577
1752,53.35061446074036
1753,53.10618302553487
1754,52.538600203686094
1755,51.70095655275331
1756,50.332266860550014
1757,48.59895073940153
1758,46.800744168983904
1759,45.088113024654305
1760,43.704803478147994
1761,42.665210955599576
1762,41.97726107664777
1763,41.48469002812997
1764,41.123057514700335
1765,40.78056215139746
1766,40.49844255863747
1767,40.25299851293627
1768,40.249383724150604
1769,40.483172340976026
1770,41.07750982234111
1771,41.941671110918776
1772,42.55464935884408
1773,43.18994926936156
1774,44.000640412054196
1775,45.02972391631137
1776,46.307744165863696
1777,47.40179703001091
1778,47.86908794084441
1779,47.65048525803637
1780,47.251981373233036
1781,46.74990978913256
1782,46.192100728835705
1783,45.59630498773808
1784,44.807539969025484
1785,43.88589588794247
1786,42.992912286527044
1787,42.12298449115255
1788,41.27919522106417
1789,40.45312572779851
1790,39.673411672273005
1791,38.98541114278822
1792,38.46310218878955
1793,38.288316348486504
1794,38.43009931053601
1795,38.88327872082377
1796,39.696344557717055
1797,40.53053778024011
1798,41.37680054734992
1799,42.26270857629426
1800,42.89501303723628
1801,43.37821031664107
1802,43.80256261427613
1803,44.23808197593678
1804,44.63754314067951
1805,44.690211363103565
1806,44.42327640815025
1807,43.900826670154686
1808,43.19959953856708
1809,42.59502830263828
1810,42.24136764809593
1811,42.09336319516346
1812,42.07753728849329
1813,42.041273589793704
1814,41.99795667980042
1815,41.95496729918614
1816,41.55694203665938
1817,40.888428765865555
1818,39.87916444245828
1819,38.35206540175865
1820,36.86779592312361
1821,35.53975122218239
1822,34.36212544561082
1823,33.52252788362838
1824,32.79207800470365
1825,32.088065897924054
1826,31.36222328065559
1827,30.549879180277145
1828,29.519992977587304
1829,28.25791593417756
1830,27.072492727734225
1831,26.217077051357077
1832,25.404246132059725
1833,24.52299194034401
1834,23.53130335737862
1835,22.500538070418635
1836,21.514606243711647
1837,20.55461581938146
1838,19.659761635444482
1839,18.980335625892423
1840,18.55610431586839
1841,18.32550004143991
1842,18.2399278495635
1843,18.270926407266142
1844,18.412061773598886
1845,18.642129547116134
1846,18.956579091571125
1847,19.292607699516466
1848,19.584910605647238
1849,19.678802030717595
1850,19.603289430065196
1851,19.51415625349791
1852,19.465477897507807
1853,19.555994706315552
1854,19.692368319044803
1855,19.789659021165384
1856,19.7265387407243
1857,19.597179207708358
1858,19.403213930248683
1859,19.353904571399614
1860,19.57461057379636
1861,19.72853614914576
1862,19.893812002462955
1863,20.261164459206793
1864,20.68318607436983
1865,21.135561426855247
1866,21.837627863442684
1867,22.218300924468615
1868,22.354319968103166
1869,22.603343212835266
1870,22.70085282439771
1871,22.87929260683672
1872,23.172648033953195
1873,23.44577006088259
1874,23.933617364841055
1875,24.299499632068056
1876,24.646666692580144
1877,25.143204435096276
1878,25.685849638521987
1879,26.53789172826564
1880,27.729405294760312
1881,28.766022097610673
1882,29.858759235461314
1883,30.941412382861063
1884,32.09167217068024
1885,33.17187446249865
1886,33.98023332137937
1887,34.26494663119774
1888,34.158375151906824
1889,33.91195344871153
1890,33.5959347645883
1891,33.14823223928754
1892,32.6055700025005
1893,31.607203887937253
1894,30.3522923444546
1895,28.84364491078069
1896,27.211476696236943
1897,25.890649795064938
1898,24.917195093679226
1899,24.760104830072876
1900,25.58662231535623
1901,27.506693741302215
1902,30.48576648424536
1903,34.150911756310805
1904,37.97524127496566
1905,41.403182320160624
1906,44.080385262841716
1907,46.01205176299365
1908,47.06866145268155
1909,47.574219739400704
1910,47.663597377087285
1911,47.6119340124583
1912,47.65080778001977
1913,47.652877812665814
1914,47.639477846622505
1915,47.40682025934438
1916,47.272938531731754
1917,47.13483967823869
1918,47.09033579145437
1919,47.368852125569894
1920,48.026957792004595
1921,49.17024474462028
1922,50.4487110270958
1923,51.69945780072007
1924,52.91668867511533
1925,54.06998511028323
1926,54.804733378696426
1927,55.24086188215541
1928,55.93334755249618
1929,56.51373890762298
1930,56.654542181947576
1931,56.57087746639078
1932,56.52955748214224
1933,56.6391503503601
1934,56.7305291666639
1935,56.87271148022937
1936,57.14006836561835
1937,57.391427782046065
1938,57.61011047433817
1939,57.80975529116816
1940,58.01218047534615
1941,58.22298920108079
1942,58.180504920597016
1943,57.68875515199508
1944,57.01468192809608
1945,56.43764107023357
1946,55.889280945257624
1947,55.21260866466473
1948,54.31566400771024
1949,53.37558689636227
1950,52.413628294219706
1951,51.66332841796408
1952,51.17788589421171
1953,50.714254316065826
1954,50.18164399352506
1955,49.670023269413804
1956,49.66454356056145
1957,50.14386559902875
1958,50.828828971283045
1959,51.92293755641737
1960,53.35092007615538
1961,54.603275017049825
1962,55.560914730756664
1963,56.53132012264163
1964,57.28742007271529
1965,57.75383716652705
1966,58.186076865593066
1967,58.40572842260586
1968,58.56135045664284
1969,58.87630761297053
1970,59.34960836588213
1971,59.95837502209746
1972,60.619267613851974
1973,61.32448807168632
1974,61.943232594331974
1975,62.338245802806796
1976,62.85322709269131
1977,63.2887928961797
1978,63.52849666618789
1979,63.544748695087975
1980,63.27258146274872
1981,63.047751208071496
1982,62.810717231650585
1983,62.512000920942356
1984,62.094657032748984
1985,61.489552407161895
1986,60.92399030465202
1987,60.48839172172798
1988,60.240588594669006
1989,60.15112556462263
1990,60.17522332561458
1991,60.27681507105391
1992,60.60164644797979
1993,61.20556487003593
1994,61.84102501151371
1995,62.39387533459939
1996,63.16595191220037
1997,63.853618353584096
1998,63.94391643081368
1999,63.53792406609948
2000,62.90954099981454
2001,62.15886230466286
2002,61.24162785973998
2003,60.054294105595474
2004,58.73107303325208
2005,57.31014530913896
2006,56.035715201355536
2007,54.82680165003967
2008,53.89700743170877
2009,53.50627822746692
2010,53.41923160557805
2011,53.613562096684845
2012,53.894541525703715
2013,54.178493074114755
2014,54.31084484564143
2015,54.290620898512174
2016,54.11182926608387
2017,53.80858895592908
2018,53.42750022228764
2019,52.73310010666705
2020,51.73980559695146
2021,50.559398876268176
2022,49.26834086085154
2023,48.14507438322303
2024,47.24286890663569
2025,46.447541928427626
2026,45.45256193987026
2027,44.15547112061776
2028,42.36819480303117
2029,40.385086092034115
2030,38.38707725983596
2031,36.21933766925801
2032,34.08234080775853
2033,32.073375894460575
2034,30.121042885310853
2035,28.342540479187655
2036,26.873107522816884
2037,25.82635745490728
2038,25.437686934746367
2039,25.226766785614696
2040,25.171888587815438
2041,25.29477447323803
2042,25.365999595905024
2043,25.700152011115726
2044,26.33799759516375
2045,27.311175840751723
2046,28.774365897058864
2047,30.32124027234458
2048,31.951626005108455
2049,33.43339554615085
2050,34.564821189303075
2051,35.289779929541496
2052,35.92049403354892
2053,36.15657715645792
2054,36.51574789850132
2055,37.01286028635841
2056,37.92125781922272
2057,39.386907612100515
2058,41.543491456622334
2059,44.36302075756238
2060,47.39783661953027
2061,50.36948416382323
2062,53.18514015058717
2063,55.67116683976772
2064,57.57868587549145
2065,59.298865692962906
2066,60.893322087649445
2067,62.36125305794082
2068,63.90032784810713
2069,64.97748117210959
2070,65.51148215715136
2071,65.51396393850237
2072,64.99050656515237
2073,63.99199250113156
2074,62.55742853147072
2075,61.17971435556102
2076,60.017275264922404
2077,59.165208001301394
2078,58.68789598146211
2079,58.55231068715843
2080,58.70555761002012
2081,59.01645697826862
2082,59.16333637614922
2083,58.972405810994225
2084,58.45733270351015
2085,57.50499395956846
2086,56.15839809518583
2087,54.470124739015176
2088,52.429960143081374
2089,50.3170662474899
2090,48.242662443218265
2091,46.36117720273794
2092,44.912377320767945
2093,43.77002227340722
2094,42.85237143898728
2095,42.391439616424954
2096,42.7478418605401
2097,43.69584854065681
2098,44.7171237950041
2099,45.60284471284049
2100,46.35022878989958
2101,47.00050551168724
2102,47.57753077709967
2103,47.99239406644414
2104,48.09016905259919
2105,48.189607197060404
2106,48.271017908245355
2107,48.21118596676669
2108,48.24406374144941
2109,48.27266740542338
2110,48.38370401735098
2111,48.8040929251606
2112,49.622588505097255
2113,50.654340053506935
2114,51.54140827317448
2115,52.31915308856328
2116,53.071205076342636
2117,53.44486285375528
2118,53.59075189068895
2119,53.349784092206846
2120,53.05140123758029
2121,52.866138204514264
2122,52.55033838706004
2123,52.39867267833061
2124,52.24225948202873
2125,52.193558691566466
2126,51.71117154666826
2127,50.41823713067511
2128,48.63556894450784
2129,46.21894319986815
2130,43.146369033390954
2131,39.52673513363868
2132,35.85742054643045
2133,32.799709950990895
2134,30.455537392637172
2135,28.850770030843492
2136,28.313187032831827
2137,28.881570738046726
2138,30.315012475453003
2139,32.14588037676669
2140,33.962922966006744
2141,35.97676139547799
2142,37.99800270645148
2143,40.05825336412252
2144,42.35402845732204
2145,44.65630951755924
2146,46.86048291957622
2147,48.956625464683114
2148,50.943866769119026
2149,52.90095481281862
2150,54.74344397832988
2151,56.21397078005951
2152,57.32662351508756
2153,58.02571067825144
2154,58.25521506657616
2155,58.1734576596861
2156,57.976531818076
2157,57.73454330244578
2158,57.36039572406473
2159,56.88229847747628
2160,56.16238192295559
2161,55.1318816309356
2162,54.01453852419665
2163,52.794404129743384
2164,51.30938292307691
2165,49.47651916992706
2166,47.88192770468669
2167,45.96249338403909
2168,43.91868922674148
2169,41.94772690023841
2170,40.09643754623429
2171,38.50339569327707
2172,37.10947295336854
2173,35.75709636542612
2174,34.37993717482047
2175,32.97316120189158
2176,31.553559183249888
2177,30.059881212327937
2178,28.815133228534727
2179,27.802418997933472
2180,26.696888202394867
2181,25.63177610225416
2182,24.602326943597784
2183,23.779659612077623
2184,23.27918421034117
2185,23.023929287179737
2186,23.03604915475617
2187,23.301778667240548
2188,23.771386492418813
2189,24.45267293414458
2190,25.386543758356275
2191,26.898201651431133
2192,28.916267723640964
2193,31.172657591174435
2194,33.74613598262904
2195,36.634634797508326
2196,39.783894427074
2197,43.00845026260966
2198,46.13064563682002
2199,48.97166797748273
2200,51.414960929374914
2201,53.555730633644345
2202,55.47971372788368
2203,57.239823847325574
2204,58.94202045448953
2205,60.50081690295077
2206,62.10456976180164
2207,63.89477536322144
2208,65.57530748173735
2209,67.1021214784244
2210,68.45657827254524
2211,69.42086265121266
2212,70.04008693479219
2213,70.44624737748023
2214,70.51780003317924
2215,70.20660802935171
2216,69.47351995448156
2217,67.97468582024254
2218,65.66405039331265
2219,62.74407916372841
2220,59.17683168861289
2221,55.484909400037
2222,51.9365212719611
2223,48.84942360053508
2224,45.634584054193866
2225,42.339632075290595
2226,39.11714507506234
2227,35.84545527651092
2228,32.61289790270199
2229,29.72038149544904
2230,27.189396194850197
2231,25.110216719787786
2232,23.351079022903985
2233,21.888163141472837
2234,20.48800646934032
2235,19.056168035622896
2236,17.860072896872218
2237,16.814607637913596
2238,16.192376350556955
2239,15.986598168347825
2240,16.01436238994998
2241,16.355477072308332
2242,16.82270852665035
2243,17.436141169501532
2244,18.166769862203935
2245,18.982043413323762
2246,20.01024155911076
2247,21.40470378096414
2248,23.07117822671761
2249,24.697792656127554
2250,26.335954542603048
2251,28.00511271964939
2252,29.686863918267907
2253,31.444133172794622
2254,33.36654911565232
2255,35.35652267683733
2256,37.188173790971845
2257,39.17667413342534
2258,41.25858145319597
2259,43.3645359616483
2260,45.537751599215056
2261,47.57042428864908
2262,49.47839754378849
2263,51.01603607628459
2264,52.3432393248066
2265,53.69209701527491
2266,54.738660939291606
2267,55.25445368870703
2268,55.19362250378234
2269,54.6692773442325
2270,53.90745774058449
2271,53.39284365599413
2272,53.19590989798894
2273,53.1569920806251
2274,53.32386503249707
2275,53.42887538300383
2276,53.365052414755
2277,53.51916331145668
2278,53.9680212538056
2279,54.33117850269097
2280,54.647125309221245
2281,54.99487061101797
2282,55.32512547458117
2283,55.412510365354336
2284,55.577613628235184
2285,56.112958326274594
2286,56.90612910118975
2287,57.94561840897775
2288,59.40802643965176
2289,61.126800867894275
2290,62.834650689495696
2291,64.4960459217701
2292,65.97787186168406
2293,67.00531688955674
2294,67.81504670321834
2295,68.39217719725403
2296,68.70622967518095
2297,68.86722048499648
2298,68.76852906423213
2299,68.38555323775948
2300,67.73969245978262
2301,66.87424579483523
2302,65.79937946693548
2303,64.66661519524328
2304,63.782027537660085
2305,62.99827467682542
2306,62.14388583470516
2307,61.273455933650865
2308,60.069813956140706
2309,58.63024169796475
2310,57.20215330451509
2311,55.862132080823706
2312,54.46878686417701
2313,53.140659599078276
2314,51.896327533075706
2315,50.53501391679333
2316,49.285294355115376
2317,48.12275043685456
2318,46.97280476601163
2319,45.73249751175915
2320,44.684115728905454
2321,44.14097140489242
2322,43.911395704436785
2323,43.92295243371322
2324,44.21961997891634
2325,44.66662047603782
2326,45.04590863125095
2327,45.42676981840259
2328,45.928028451952244
2329,46.411405843623335
2330,46.626052477589255
2331,46.542063767743144
2332,46.40777509558708
2333,46.632881650213356
2334,47.24531185294796
2335,47.9058322148573
2336,48.551632081867474
2337,49.11347796616633
2338,49.508898311980836
2339,49.61841789890494
2340,49.59177850114632
2341,49.28140338210676
2342,48.74708395701777
2343,48.16992556516534
2344,47.44580540446651
2345,46.711952554792646
2346,46.04330557648632
2347,45.29620194683271
2348,44.55756320989227
2349,43.978958625029634
2350,43.531621045732834
2351,43.293964874886285
2352,43.06173749604925
2353,42.74000570766562
2354,42.24511044426666
2355,41.44825047904495
2356,40.48163374842772
2357,39.28773575460606
2358,37.925610449110025
2359,36.423415789941274
2360,35.058433479265396
2361,33.9772734180157
2362,33.01922097702267
2363,32.195389985693964
2364,31.637472936442137
2365,31.261314197557308
2366,30.855128627638425
2367,30.32862716783415
2368,29.648879637635165
2369,29.07341003918736
2370,28.73287038113468
2371,28.703139433481816
2372,29.019659057013833
2373,29.39308593729281
2374,29.560630457176376
2375,29.63847152477711
2376,29.806252283428236
2377,29.90340435706424
2378,30.015832081619962
2379,30.24118442353636
2380,30.570226802358437
2381,31.387690617860223
2382,32.676737111585
2383,34.20092364818512
2384,35.921812086912624
2385,37.541234111730525
2386,39.1763099672751
2387,40.61303940446017
2388,41.740290620251045
2389,42.82572252794173
2390,43.57453238480367
2391,44.14788590164096
2392,44.57168473623214
2393,44.84929194518631
2394,45.090810216976436
2395,45.56471441096355
2396,46.40191481324635
2397,47.40438148077954
2398,48.43274057435322
2399,49.50106130483492
2400,50.49186213797097
2401,51.49932095111072
2402,52.455207457883255
2403,53.505149910808946
2404,54.63856361802317
2405,55.70089114763417
2406,56.653827940421735
2407,57.70111098592176
2408,59.081641427611785
2409,60.666365582238214
2410,62.385051676022655
2411,63.36939414406609
2412,63.18580528934528
2413,61.674095970252154
2414,58.757548668772
2415,54.67708540276965
2416,49.57295414153661
2417,44.341130715580775
2418,39.56785717225394
2419,35.419329050552975
2420,31.97634163271627
2421,29.250608682877093
2422,27.02828817116098
2423,25.08960240617546
2424,23.40850740545305
2425,21.963441378033068
2426,20.801590341583637
2427,19.96563466237981
2428,19.498084467132553
2429,19.276202333062685
2430,19.237601655736363
2431,19.45310083140868
2432,19.885876446409576
2433,20.457054388836738
2434,21.29283506937992
2435,22.35634409750096
2436,23.575431568387337
2437,24.796245199091985
2438,25.979272367046494
2439,27.26438508764863
2440,28.79762466271043
2441,30.56739668915629
2442,32.4671090805365
2443,34.5040697550412
2444,36.49134695079748
2445,38.28540941652214
2446,39.941183828164824
2447,41.53671218316782
2448,43.09373545880136
2449,44.609552529092014
2450,46.054057307241536
2451,47.31077646423162
2452,48.453642265937816
2453,49.559356170184614
2454,50.52132697475143
2455,51.41794520532852
2456,52.38702204915025
2457,53.40300614663842
2458,54.44798266143653
2459,55.37035484138236
2460,56.129695526554684
2461,56.749002716751306
2462,57.36467017574821
2463,57.91933984889722
2464,58.449168493221286
2465,59.015996754454534
2466,59.59377395483576
2467,60.144836496438
2468,60.35938313735575
2469,59.94400712180261
2470,58.62331064215908
2471,56.35920355392261
2472,53.52957077277915
2473,50.17240783853623
2474,46.55681344777321
2475,43.37010163457397
2476,40.58544487280477
2477,38.197297825950685
2478,36.18316230623073
2479,34.70402652802619
2480,33.34973594225473
2481,31.915969918117106
2482,30.574751738279055
2483,29.325795278442627
2484,28.330104472996183
2485,27.600470491900044
2486,27.263608988886055
2487,26.723116251806662
2488,25.961703507935276
2489,24.933578774318107
2490,23.833316547069863
2491,23.230431437712713
2492,23.00364484827819
2493,23.24393254742858
2494,23.939979389414535
2495,24.844158536861503
2496,25.518404666901354
2497,26.086468697972116
2498,26.970708829126508
2499,28.366566494617423
2500,30.351562015421926
2501,33.0203884233767
2502,36.440010682159865
2503,40.14670673565322
2504,44.11090983229446
2505,47.899229363912
2506,51.19899249831728
2507,53.80869920182849
2508,56.07914403388324
2509,57.6207836779834
2510,58.3854328995771
2511,58.34565004325324
2512,57.984227692870306
2513,57.0817124209367
2514,55.93202901569808
2515,54.7230413060941
2516,53.02245938581503
2517,50.82524749239775
2518,48.5027706827149
2519,46.35335575676547
2520,44.62806253290053
2521,43.581774137102784
2522,42.667971535742076
2523,42.21852422073064
2524,42.3602982552048
2525,42.6038205760555
2526,42.99253862633869
2527,43.21485225418427
2528,43.265325067644255
2529,43.14831443305037
2530,42.89685962233868
2531,42.40851329482255
2532,41.77367197631444
2533,41.10908339840347
2534,40.180160182059396
2535,38.83336239807874
2536,37.256433387044794
2537,35.66249373160073
2538,34.198973672449526
2539,32.87423192877317
2540,31.3437163751357
2541,29.585510262468368
2542,28.01516477225293
2543,26.60965375522279
2544,25.244816501378722
2545,24.133604110643404
2546,23.56785651551533
2547,23.7042216245511
2548,24.354834239986985
2549,25.536867317791085
2550,27.052602696368922
2551,28.85605700534378
2552,30.654875680865366
2553,31.9727935851852
2554,33.27840249751813
2555,34.56782755051137
2556,36.03065470307189
2557,37.58700184471294
2558,38.75453685717444
2559,39.56274368951085
2560,40.42943008013589
2561,41.49194579382946
2562,42.28696017814218
2563,43.00438496834312
2564,43.59368558837712
2565,44.1063771278067
2566,44.20744725609221
2567,43.904611836509154
2568,43.66331379183889
2569,43.35956263922982
2570,43.007875219305866
2571,42.95836743655254
2572,42.87527136910239
2573,42.90668904691897
2574,43.22092271736139
2575,43.822455462932695
2576,44.513651585801576
2577,45.01469581442797
2578,45.3148566326774
2579,45.3516471918462
2580,45.01951533808209
2581,44.530434631138746
2582,43.93482665479608
2583,43.042509702856734
2584,41.8484605026199
2585,40.34234573651852
2586,38.544106152896674
2587,36.4588656645005
2588,34.6022630207821
2589,33.00199671619294
2590,31.427513284081087
2591,30.0255524374477
2592,28.532833317448087
2593,27.062846464245602
2594,25.949623230725496
2595,25.07273057691919
2596,24.428483528119287
2597,24.163851807850484
2598,24.05588199128774
2599,24.204732382322327
2600,24.624752646646115
2601,25.346557716794536
2602,26.299539234815754
2603,27.330222451382298
2604,28.46903104665838
2605,29.52510709945024
2606,30.35434439162818
2607,31.032178397507806
2608,31.582807183100215
2609,32.178777079584485
2610,32.963164494634924
2611,33.92759517471677
2612,35.19853138448547
2613,36.57855272889983
2614,38.05057278915993
2615,39.47889988868607
2616,40.86837229386918
2617,42.21674514963708
2618,43.40842873678872
2619,44.45473709866292
2620,45.29650462414799
2621,46.230823314338096
2622,47.043680574803496
2623,48.11311327600441
2624,49.47133730446386
2625,51.06071399062213
2626,52.83839074005209
2627,54.63552985985447
2628,56.36206403463377
2629,58.05599641391081
2630,59.40198689475404
2631,60.24604733714433
2632,60.7070624712638
2633,60.908932115458
2634,61.032962213934574
2635,61.39494120146794
2636,62.04890240471798
2637,63.28119486803921
2638,64.94314674563792
2639,66.51907361156395
2640,67.81204205878879
2641,68.75791993123255
2642,69.38100720669378
2643,69.65666512422817
2644,69.71360231183459
2645,69.78071558040001
2646,69.64414978524925
2647,69.15172555874078
2648,68.39275669177927
2649,67.31180443425927
2650,66.02560689579272
2651,64.63918171086465
2652,63.35481851369961
2653,62.21700744529315
2654,61.0748052503275
2655,60.01669616029266
2656,58.697046513242896
2657,57.083396979928224
2658,55.20957679328235
2659,52.83359132398948
2660,50.45876533090255
2661,48.08668170197012
2662,45.77710473480584
2663,43.81136242173345
2664,41.75740440235464
2665,39.549242621521515
2666,37.24918990568776
2667,34.718995759651875
2668,32.27525348947879
2669,29.902594704662768
2670,27.79740253359492
2671,25.969339338905268
2672,24.159062862104623
2673,22.667112440815373
2674,21.624607487133034
2675,20.83625466417562
2676,20.287020204787154
2677,20.116708604532135
2678,20.357648018197068
2679,20.56726530808556
2680,21.262124068638002
2681,22.039709777702363
2682,22.749176679443764
2683,23.668227636234178
2684,24.85470453638783
2685,26.326632036226663
2686,28.008597355238436
2687,29.82011715555224
2688,31.891295048782
2689,34.2200986113455
2690,36.47374893112025
2691,38.47230970127091
2692,40.02787625985479
2693,41.210637896481884
2694,42.110648296437695
2695,42.893298918143074
2696,43.13869221208421
2697,42.80204322832997
2698,41.77922183300776
2699,39.7591148027458
2700,37.27823128106071
2701,34.18396305967629
2702,30.985474935698523
2703,28.223822665051024
2704,25.953952531504335
2705,24.517288831034353
2706,23.866574045898684
2707,23.82826557656123
2708,24.14191153686773
2709,24.503944106865987
2710,24.69254927936971
2711,24.764152321481234
2712,24.943533497023783
2713,25.40763261952474
2714,26.145183099242182
2715,26.886768963035593
2716,27.68122577184726
2717,28.60993600277768
2718,29.618924464737496
2719,30.928601632267302
2720,32.596433296710025
2721,34.39330676303113
2722,36.316623000148674
2723,38.384669489944805
2724,40.49581583177536
2725,42.64218139366934
2726,44.68882860275447
2727,46.57536222201334
2728,48.40487405491345
2729,50.21207064105904
2730,52.068393459511256
2731,53.840746333969
2732,55.41613468446835
2733,56.6464340563504
2734,57.46961019633167
2735,57.989132346466995
2736,58.44111661708474
2737,58.948487879219385
2738,59.47099191530073
2739,59.90847432658562
2740,60.41723387114682
2741,60.781547319577896
2742,61.001681625863014
2743,61.163421301651766
2744,61.238172330404154
2745,61.25054985591113
2746,61.0468589263528
2747,60.49539511355293
2748,59.68121883119983
2749,58.718517821757175
2750,57.81652955220185
2751,56.961006859177346
2752,56.151491515412104
2753,55.49008914306891
2754,55.09155884630787
2755,55.03856957035421
2756,55.37703524978461
2757,56.07857593351174
2758,57.077101379855876
2759,58.12507857489829
2760,58.93233250799753
2761,59.52351899148731
2762,59.948363616017744
2763,60.21113578629645
2764,60.33171853007421
2765,60.197588989406235
2766,59.82964430470416
2767,59.33482737270313
2768,58.76663301253035
2769,58.15848899327469
2770,57.18394166523313
2771,55.72752604989827
2772,54.01333805357082
2773,52.1289432849634
2774,50.408791120180744
2775,48.93359206425739
2776,47.811803159249955
2777,47.35264627068935
2778,47.19541945822391
2779,47.114593676222256
2780,47.01355240765018
2781,46.64616113536182
2782,45.91906114222887
2783,44.74106307675039
2784,43.0462341628449
2785,41.168590476995206
2786,39.370763521114014
2787,37.74976252942485
2788,36.44330032333545
2789,35.535058283847135
2790,34.549329561636355
2791,33.34182534469561
2792,32.0877811618524
2793,30.99676272277881
2794,29.917833051716634
2795,29.042199477376087
2796,28.471513225474546
2797,28.298567509815157
2798,28.572651764661266
2799,29.198094773724165
2800,29.960298577712457
2801,30.75646274715371
2802,31.411159275290565
2803,32.118296308732425
2804,33.09406833347212
2805,34.22367478944761
2806,35.43735974819503
2807,36.72800655847348
2808,37.92607300678311
2809,38.954160913795874
2810,39.663115672551726
2811,39.942954693846715
2812,39.80390077301027
2813,39.23988809689105
2814,38.31796401461423
2815,37.07812119643873
2816,35.72042102683405
2817,34.41810922051909
2818,33.44851788102662
2819,32.708004908114894
2820,32.00153896810085
2821,31.39877322244771
2822,30.893317431196905
2823,30.617603690418917
2824,30.75339611060221
2825,31.31930157418312
2826,32.11857133968975
2827,33.118238574170626
2828,33.847730011565
2829,34.31036226429576
2830,34.9044030786772
2831,35.53394720142688
2832,36.12845251294782
2833,36.700005075569216
2834,37.12665088778337
2835,37.22496200426146
2836,37.209264424305445
2837,37.344176796575354
2838,37.73150201771674
2839,38.52400100973503
2840,39.398529882147926
2841,39.971221898482746
2842,40.39611940528974
2843,40.73788088646255
2844,40.926066727980356
2845,41.01547028325694
2846,41.247922400300816
2847,41.62127499670067
2848,42.26144100087592
2849,43.26223073755251
2850,44.132917808461144
2851,45.29062178598092
2852,46.656782621982344
2853,48.07646738685053
2854,49.122583020139054
2855,49.49281253466487
2856,49.5451714084399
2857,49.212155268611255
2858,48.56264262834483
2859,47.74951163220214
2860,46.80161049341194
2861,45.88075554369649
2862,44.76876634432736
2863,43.37460844989392
2864,42.009837258802534
2865,40.586994527545954
2866,39.09458778727259
2867,37.646770795452994
2868,36.16562866042404
2869,34.74753383673531
2870,33.36859730187138
2871,32.031875412772344
2872,30.7240841928909
2873,29.48271097611141
2874,28.25085647322615
2875,26.822739862453226
2876,25.504634558194752
2877,24.53840751351988
2878,23.918410675056762
2879,23.690436363208928
2880,24.00426227041168
2881,24.83091731747464
2882,25.86970123201054
2883,27.181385449957098
2884,28.729682703927523
2885,30.545316521054414
2886,32.3163027673278
2887,33.79885897348552
2888,34.94630234143758
2889,35.82139688913307
2890,36.8412664037767
2891,37.77433923453805
2892,38.45893957304611
2893,38.80050685071285
2894,38.64258827657747
2895,38.166856353274994
2896,37.48597351876262
2897,36.833804386130375
2898,36.422055668354375
2899,35.97155511638016
2900,35.51866633378304
2901,34.98664662428523
2902,34.58132875198604
2903,34.31669617200735
2904,33.72864262318278
2905,33.087156385160704
2906,32.34755848609896
2907,31.70410831391525
2908,31.078763288867528
2909,30.8740934479026
2910,30.896467573235064
2911,30.898997784659283
2912,30.98872352931172
2913,31.174969489678332
2914,31.310897510192454
2915,31.317959062714642
2916,30.97004644413049
2917,30.33068453912233
2918,29.707029170922603
2919,28.970254263955077
2920,28.25291939371789
2921,27.73329019213588
2922,27.254485091032915
2923,26.77875915858569
2924,26.374981967350855
2925,26.07585399371361
2926,25.909586579260008
2927,25.872881032628698
2928,25.94880890402851
2929,26.12151049659136
2930,26.404926114897037
2931,26.80721357572845
2932,27.164300847513083
2933,27.583479863511897
2934,28.002980113295695
2935,28.392632916318355
2936,28.898259932526067
2937,29.24907567459711
2938,29.771894244246944
2939,30.3705706495034
2940,31.060490746840575
2941,32.16181575358112
2942,33.537585219883695
2943,35.157190412695094
2944,36.87847439938433
2945,38.6926583393995
2946,40.55554031248913
2947,42.56710917545168
2948,44.731859147821346
2949,47.195899893549466
2950,49.91559814306157
2951,52.58386417724404
2952,55.24913933603841
2953,57.71703184096579
2954,60.02701337870599
2955,62.13061269719863
2956,63.69414812435649
2957,64.7226785063162
2958,65.56370893813221
2959,66.60210761923351
2960,67.67767757236467
2961,68.88977098191532
2962,70.38111615311733
2963,71.69749405049927
2964,72.84274282122156
2965,73.74710363241823
2966,74.24996753190666
2967,74.2452667331203
2968,73.90725980284881
2969,73.33936642066398
2970,72.53429874737789
2971,71.43843462463224
2972,69.94960766185329
2973,68.24553086064128
2974,66.73500335483666
2975,65.51581167485705
2976,64.63232948763965
2977,63.9422074125699
2978,63.324038512295004
2979,62.91884186000938
2980,62.74881098509047
2981,62.64861267712112
2982,62.47155293543228
2983,62.01339428390209
2984,61.288123485990155
2985,60.24820432389177
2986,58.90881126195035
2987,57.69993397407838
2988,56.63871366177171
2989,55.543724901094514
2990,54.60163279121139
2991,53.92518290529003
2992,53.46881663963708
2993,53.280880771719225
2994,53.21730326280013
2995,53.16262690202157
2996,53.248691823053356
2997,53.52735842065467
2998,53.96138950283192
2999,54.53881187643552
3000,55.338854213017015
3001,56.24467713999206
3002,57.273769008622764
3003,58.29969231155454
3004,59.20537248020591
3005,59.79183620305848
3006,60.0847150568147
3007,60.369992107866125
3008,60.925278004793626
3009,61.90250963661337
3010,62.996415802735214
3011,63.963573524278765
3012,64.43722250246957
3013,64.31751215705982
3014,63.9750733884043
3015,63.41397919078857
3016,62.8143878894695
3017,62.29309413638842
3018,61.688481353897515
3019,61.02136372107647
3020,60.09386389617333
3021,59.28693904850761
3022,58.011246072077284
3023,56.29464019821554
3024,54.33624901841519
3025,52.14727569589151
3026,49.87121306935987
3027,47.63288339376858
3028,45.59838585431589
3029,43.683768913194754
3030,41.96748243016559
3031,40.41599663949991
3032,38.743066986504445
3033,36.92349328499192
3034,34.93162008741691
3035,32.89890974610166
3036,30.73109482730704
3037,28.536446335652997
3038,26.686070214134286
3039,25.505593449131545
3040,25.216467467697377
3041,25.792235618791192
3042,27.14444085266883
3043,29.196755089551942
3044,31.433690055046213
3045,33.26296916945773
3046,34.47024636490261
3047,35.140973472154116
3048,35.621733938197984
3049,36.086548954236505
3050,36.46924713882955
3051,36.695289162403775
3052,36.78881573205669
3053,36.86647794987634
3054,37.10836965457244
3055,37.57312831216228
3056,38.31344365030874
3057,39.23452741197379
3058,40.12184047830919
3059,41.06678273396575
3060,42.08904760261728
3061,43.10402433911179
3062,44.16853705746884
3063,45.322503178344164
3064,46.168249079224616
3065,46.698879325655255
3066,47.127978253491506
3067,47.33757206921288
3068,47.53154291032198
3069,47.620547742161435
3070,47.6238238689636
3071,47.58947067934543
3072,47.60331390249854
3073,47.87618221954331
3074,48.40431646963019
3075,49.18859089095213
3076,50.25203883616587
3077,51.38957544168984
3078,52.3792322884957
3079,53.225921457137545
3080,54.14591588426106
3081,54.989285552469006
3082,55.5066432608278
3083,55.687783508268836
3084,55.805674070025674
3085,55.83071427236198
3086,55.66608320096228
3087,55.46298823895846
3088,55.3724556244632
3089,55.54570067649668
3090,55.99126881408274
3091,56.5042350343262
3092,56.86603389416474
3093,56.89513506771998
3094,56.539084519644774
3095,56.027386274272736
3096,55.5257800263224
3097,55.19146021782572
3098,55.01726764158283
3099,54.999789958167355
3100,55.107998189385924
3101,55.03059531447424
3102,54.74985597043529
3103,54.38154247226888
3104,54.00997190368941
3105,53.54684647085831
3106,52.88265648445086
3107,52.00731413053808
3108,50.871187885037926
3109,49.57657083207041
3110,48.27688999895291
3111,47.12514658986653
3112,46.18677145836752
3113,45.693967259330236
3114,45.55515074111983
3115,45.51910130236267
3116,45.52320925519862
3117,45.45788686109351
3118,45.41170848564006
3119,45.316644905382844
3120,44.90472722179753
3121,44.2033720341383
3122,43.32105134200694
3123,42.15465707757055
3124,40.56190319947319
3125,38.68439129831399
3126,36.79071322279774
3127,34.98754061916057
3128,33.371312498462274
3129,32.165525887790274
3130,31.410947719302932
3131,31.03649111674316
3132,31.029985997824127
3133,31.206951654722587
3134,31.49051851495162
3135,31.737221683350878
3136,32.34704007071632
3137,33.56525203275101
3138,35.160002692526476
3139,36.760002279823524
3140,38.28660302053365
3141,39.73657603782554
3142,41.108004064562635
3143,42.343641415903505
3144,43.45591831986496
3145,44.328905145863644
3146,45.07710570302308
3147,45.96865698371211
3148,46.80385465708896
3149,47.22814748010266
3150,47.43079609770437
3151,47.521793184478405
3152,47.336399798925555
3153,46.92517916512403
3154,46.283380350778145
3155,45.26405043495875
3156,43.90046550849124
3157,42.26791244559888
3158,40.57632230508044
3159,38.99319339998317
3160,37.89742049330626
3161,37.78490752331324
3162,38.30800411221131
3163,39.018402971918036
3164,39.49311918793361
3165,39.44203612885712
3166,38.96429357867676
3167,38.46721746081411
3168,38.33665405200243
3169,38.56509654137429
3170,38.906258703012895
3171,39.172347053049705
3172,39.01187219808598
3173,38.32053969217053
3174,37.18316427867648
3175,35.84288916528679
3176,34.5019988049712
3177,33.18193894261462
3178,31.88946968086787
3179,30.652401157000583
3180,29.464690651169903
3181,28.12638893889171
3182,27.013123074966423
3183,26.24922508945669
3184,25.847394938799646
3185,25.600078173594916
3186,25.21132191032811
3187,24.88866763714337
3188,24.590667716747983
3189,24.453614898490244
3190,24.659540066817556
3191,25.567619623550307
3192,26.3576488379078
3193,27.916804840215242
3194,29.807799016836768
3195,31.921038461804272
3196,34.22633626158965
3197,36.72179459162014
3198,39.36283782892126
3199,41.91250679327388
3200,44.285740632749125
3201,46.68712490985928
3202,49.016905635445525
3203,51.14139857634294
3204,53.04507317870309
3205,54.65393619682229
3206,55.85763414229818
3207,56.665486597622944
3208,57.200019956141034
3209,57.34498071188113
3210,57.15757258110173
3211,56.74745197202685
3212,56.08870571903128
3213,55.2200753503833
3214,54.16664333774707
3215,52.99670546920841
3216,51.86342236776963
3217,50.737935352854166
3218,49.29176479589458
3219,47.73849710949571
3220,46.28398852432632
3221,44.70633362211047
3222,42.929195025878784
3223,40.98174108220309
3224,39.06349777391588
3225,37.377653534015074
3226,35.75023356995548
3227,34.246755187960936
3228,33.288037620520534
3229,32.9313627583129
3230,33.22046062329328
3231,34.19988903443427
3232,35.52937898357638
3233,36.788767218349804
3234,37.63228601343313
3235,38.04360378579443
3236,38.06411953302603
3237,37.913560349820536
3238,37.94188386008878
3239,38.03899559198311
3240,38.08342823820337
3241,37.80168403714703
3242,37.17209831797469
3243,36.31253708821205
3244,35.317054314794134
3245,34.34467629209658
3246,33.46177098368059
3247,32.77029049335103
3248,32.13716329252923
3249,31.58634262781427
3250,31.28396234510879
3251,31.349187145295517
3252,31.63804193353531
3253,32.303476891310446
3254,33.4918447459609
3255,35.04044630055087
3256,36.73792474646976
3257,38.5709549121734
3258,40.26967907340768
3259,41.92425468528477
3260,43.49108510979573
3261,45.016979838771434
3262,46.828430130350554
3263,49.06668867474159
3264,51.902979302545745
3265,54.876779445267815
3266,57.406635160862166
3267,58.92391647129608
3268,59.281568712988204
3269,58.448621559928796
3270,56.33687844075376
3271,53.363887078244176
3272,49.88138149979574
3273,46.52100534869925
3274,43.609606754725235
3275,41.03621661427331
3276,38.85171808689631
3277,36.89740592477716
3278,35.01380109969175
3279,33.36135923248032
3280,31.92508012389947
3281,30.520080596307345
3282,29.335577511779555
3283,28.29418456089887
3284,27.33481200513001
3285,26.51928581357351
3286,25.81715260025493
3287,25.27431683471297
3288,25.15458454670432
3289,25.528956559618564
3290,26.168110410462887
3291,27.20505349335054
3292,28.465225444622412
3293,29.81444172801345
3294,31.43232419502487
3295,33.35265097734607
3296,35.46075228176123
3297,37.71702987886504
3298,39.796958267756395
3299,41.57125876976353
3300,43.20463071751426
3301,44.603491826023834
3302,46.08521261763242
3303,47.756411605957254
3304,49.51108338056237
3305,51.175592950783965
3306,52.62371627687676
3307,53.81578206127752
3308,54.79124896457793
3309,55.44237236566293
3310,55.98952429568319
3311,56.7052731198484
3312,57.54183936530556
3313,58.43082931694484
3314,59.190364725227404
3315,59.6760244714251
3316,59.867741228807006
3317,59.932487361537426
3318,59.70099237083556
3319,59.192379547703645
3320,58.64699362101354
3321,58.12547516003523
3322,57.539638183459004
3323,56.514961507451616
3324,54.89541510493114
3325,52.643334561648004
3326,49.56627175721089
3327,45.93071528693143
3328,41.92059704459259
3329,38.37283844176167
3330,36.020228989872116
3331,34.40313551969631
3332,33.35081566109098
3333,32.53614243177735
3334,31.79581873524725
3335,31.361716750299113
3336,31.334367490061823
3337,31.75923327324883
3338,32.36818653168701
3339,33.2939209782558
3340,34.67209254997272
3341,36.18161665280228
3342,38.032845740627536
3343,39.7851068328183
3344,41.162174445436506
3345,42.187237402100095
3346,43.046002225417645
3347,44.028981253696585
3348,45.16267169091279
3349,46.59010094598492
3350,48.19341390760361
3351,49.37475876556621
3352,49.43160146561693
3353,48.27001368194051
3354,46.184888623291826
3355,44.0647384679599
3356,42.80520735080738
3357,42.14469593110632
3358,41.787986247062676
3359,41.8525274028046
3360,42.113965286874894
3361,42.544023257301475
3362,43.31245965576929
3363,43.980999322436276
3364,44.92564315065058
3365,45.540683928787075
3366,45.72340395691695
3367,45.80693215946113
3368,45.85988206395477
3369,45.69704255609836
3370,45.31053025413467
3371,44.623681466111286
3372,43.54107447719102
3373,42.767447585184954
3374,42.01909959604566
3375,40.78315350859883
3376,39.38803738774074
3377,37.712146196115036
3378,35.82120019078668
3379,34.0112064879181
3380,32.414869604213166
3381,31.16479927082029
3382,30.241676252659424
3383,29.609166439634485
3384,29.24136121504046
3385,29.114728373616938
3386,28.966231317330536
3387,28.81135869264721
3388,28.726583607018437
3389,28.706861991539085
3390,28.71685293501415
3391,28.845193779112492
3392,28.956265565888536
3393,28.91836541525857
3394,29.050027930729183
3395,29.158843616729797
3396,29.26136177193782
3397,29.579825814351437
3398,29.859539534079374
3399,29.935441023647343
3400,30.12521983837353
3401,30.68121198752244
3402,31.670534771533987
3403,32.94315602079111
3404,34.234522004693176
3405,35.58246847235864
3406,36.964428947098256
3407,38.056060838942706
3408,39.03903442380033
3409,40.032852145070734
3410,41.18213828927108
3411,42.621569932897756
3412,44.309175329980945
3413,46.34115627791016
3414,48.53996102387288
3415,50.774771928869164
3416,52.89124269127811
3417,54.967896846590904
3418,56.83843387311086
3419,58.23333633790729
3420,59.44690148228018
3421,60.261306524654756
3422,60.870621533680186
3423,61.262209604722884
3424,61.225655106147
3425,60.72755869002904
3426,59.931339287242636
3427,59.09400587696061
3428,58.47261439751044
3429,58.41348257552071
3430,58.81353018524533
3431,59.44917583086749
3432,60.08989215302502
3433,60.40827387694124
3434,60.457043429219155
3435,60.507455214144066
3436,60.600919008572454
3437,60.64456915626905
3438,60.57879226291519
3439,60.24790226554064
3440,59.63617526909986
3441,58.79449421897615
3442,57.73709430639946
3443,56.64719071769783
3444,55.66318814036732
3445,55.11583777811698
3446,55.098043413405435
3447,55.48090829188735
3448,55.86379685065348
3449,55.988577536890666
3450,56.23731310878546
3451,56.592984465585936
3452,56.92753688251593
3453,57.12775414088402
3454,57.32454304665527
3455,57.43103463857804
3456,57.343557670392286
3457,57.122514861219656
3458,56.871650426202976
3459,56.921437433688695
3460,57.28797526513573
3461,57.84427715624405
3462,58.539826383879145
3463,59.0796184592661
3464,59.403020073992025
3465,59.472139072336404
3466,59.1492230939933
3467,58.65377907517824
3468,57.985358753661004
3469,57.11665263867481
3470,56.12398386313663
3471,54.8410357637355
3472,53.261245805636904
3473,51.42331834753956
3474,49.56939127006512
3475,47.980964878470566
3476,46.66742869390636
3477,45.5246522133355
3478,44.74028720965714
3479,44.23618392734799
3480,44.11522639759073
3481,44.125409206009266
3482,43.976436494048144
3483,43.76662572269845
3484,43.04842373212979
3485,41.73294847406983
3486,40.31127309559742
3487,39.105299857659645
3488,38.234691198020826
3489,37.591632018017755
3490,37.360295815456986
3491,37.51205085124861
3492,37.77200057123606
3493,38.075539968914335
3494,38.02870063317931
3495,37.59808088575754
3496,36.7210025585359
3497,35.2342716461317
3498,33.28841872252893
3499,30.977624496417604
3500,28.460463503321005
3501,25.80057536898641
3502,23.586090602464957
3503,22.28571860758244
3504,21.92540005941118
3505,22.500931305000474
3506,23.690656356672342
3507,25.214268963871245
3508,27.08191791641544
3509,29.359159947338142
3510,31.84211328924103
3511,34.263404603957824
3512,36.55163399833917
3513,38.62475197797579
3514,40.31453470786144
3515,41.76565802629014
3516,42.88255791743611
3517,43.50256148296427
3518,44.09985296609523
3519,44.83705755903358
3520,45.699427648545935
3521,46.64856408011639
3522,47.85432469492833
3523,49.4276652916939
3524,51.01711376859817
3525,52.54706443556596
3526,53.54383182231286
3527,53.9037761494632
3528,54.07612251379523
3529,54.04082943838364
3530,53.920161251383604
3531,53.32565571727915
3532,52.31538780438801
3533,50.90736537021729
3534,49.682385852488764
3535,48.064777105081745
3536,46.584492396778074
3537,45.16600751185925
3538,43.607642901905905
3539,41.84379901667724
3540,39.789258838711774
3541,37.524589158538554
3542,35.21970880738
3543,32.78783715593899
3544,30.53238794994806
3545,28.503085317595833
3546,26.533167223217703
3547,24.72412721903713
3548,23.037741599787466
3549,21.698757012242318
3550,20.952203683188735
3551,20.594548026615048
3552,20.92722091760535
3553,22.5073973407222
3554,25.27200121492378
3555,28.8378847992352
3556,33.359942397016624
3557,38.335050303677924
3558,43.039877367968586
3559,47.15930010672286
3560,50.449849527968944
3561,53.11864947666152
3562,55.16959042563299
3563,56.680385251632785
3564,57.74086226834818
3565,58.38931601627887
3566,58.71285048218897
3567,58.934133123381336
3568,58.96120421770935
3569,58.698944344463996
3570,58.04414924738602
3571,57.11440887544956
3572,56.02292971978625
3573,54.763797412858466
3574,53.455792711856176
3575,51.84497451789103
3576,50.12973443398454
3577,48.28908728268692
3578,46.552699563709936
3579,45.26267247960902
3580,44.24607748607415
3581,43.1592065422422
3582,41.870464120048595
3583,40.73213659439112
3584,39.583661435591914
3585,38.39964086560752
3586,37.37283039784588
3587,36.6161158148368
3588,36.041582898043785
3589,35.632727968988995
3590,35.27810264140393
3591,34.96957860640492
3592,34.349526537730746
3593,33.70014900915133
3594,33.07940496278723
3595,32.380077864768296
3596,31.597536951264914
3597,30.69357767550094
3598,29.621035870336364
3599,28.529101596565724
3600,27.49155116170877
3601,26.455966377861817
3602,25.3648404535911
3603,24.339176541258567
3604,23.45111384400878
3605,22.82201405161467
3606,22.516627390803507
3607,22.307837148641696
3608,22.450882206117427
3609,23.03641303710216
3610,23.98467062364933
3611,25.356691186052352
3612,27.09348921116858
3613,29.14095349779155
3614,31.37544682391503
3615,33.69569811864494
3616,35.76071231149774
3617,37.41900039242448
3618,38.803479545016636
3619,39.99440065106214
3620,40.94793751433912
3621,41.722992379748064
3622,42.43366511277469
3623,42.75212266306933
3624,42.837956195269754
3625,42.65848387914079
3626,42.40898760958967
3627,42.178405506440384
3628,42.000306828951096
3629,42.5136049689833
3630,43.690839650591926
3631,45.33293758463877
3632,47.489636857146
3633,49.629771914648074
3634,51.23563776346474
3635,52.176266839362825
3636,52.38723166707266
3637,51.7748422103954
3638,50.57130741137587
3639,49.39252005207182
3640,48.25190705177184
3641,47.3836366663416
3642,46.8997581848118
3643,46.5356564973018
3644,46.42371790877711
3645,46.35970967034024
3646,45.82349267045128
3647,45.16293311348718
3648,44.58824629892841
3649,44.20696560185223
3650,43.85655840741485
3651,43.886539905900065
3652,44.384917461279535
3653,45.16772742384558
3654,45.80453860482552
3655,46.00868763992192
3656,45.91796625189035
3657,45.50552115052005
3658,45.21252735056012
3659,45.26972395930082
3660,45.83877491891732
3661,47.05743020569314
3662,48.459207123786214
3663,50.05183817839179
3664,51.81377488384926
3665,53.322106552224454
3666,54.392197671368294
3667,54.91790939236531
3668,54.8945508977516
3669,54.37897359201314
3670,53.33049581769441
3671,52.112353254400574
3672,51.18435382086004
3673,50.75814669371867
3674,50.724355765096576
3675,50.953606778883525
3676,51.50351844692111
3677,52.337216259791106
3678,53.37107480763615
3679,54.495532106116826
3680,55.84444413867914
3681,57.35005216358393
3682,58.974820492333684
3683,60.535797798660866
3684,61.68619146556409
3685,62.514810281639555
3686,62.79828071949136
3687,62.67155987320224
3688,62.31246004385349
3689,61.96037367101019
3690,61.91958384254332
3691,61.9991569814086
3692,62.48845671840915
3693,63.336962505935816
3694,64.46923679392
3695,65.78745335531953
3696,66.9926598866694
3697,67.88420234393105
3698,68.22678456916908
3699,68.18234806408361
3700,67.81714130052131
3701,67.34488343768218
3702,66.88831062419493
3703,66.17676659677808
3704,65.4215497852654
3705,64.76451115924938
3706,63.874378782076455
3707,62.581965644160626
3708,60.99782647602158
3709,59.03569670769153
3710,56.77218543590826
3711,54.380839487120525
3712,51.687205650682785
3713,48.595106729797436
3714,45.198262700814176
3715,41.44909705426268
3716,37.78868370666069
3717,34.37422327782957
3718,31.11421347405683
3719,28.140870906979814
3720,25.683952473454454
3721,23.634204873832275
3722,22.061314062563575
3723,21.0732515246263
3724,20.526096657257483
3725,20.458426481882142
3726,20.808025618002137
3727,21.503762778384086
3728,22.64363510322837
3729,24.202183030077684
3730,26.189296120974
3731,28.5032901445484
3732,30.82982616042296
3733,33.23491503546822
3734,35.8733306715265
3735,38.91726467751701
3736,42.40412729958655
3737,45.82513317456787
3738,48.668781086831814
3739,50.65912747494728
3740,51.72700959210657
3741,52.08675709328464
3742,51.83220721175738
3743,50.938750908945174
3744,49.43881038906407
3745,47.5812120242708
3746,45.546565460576616
3747,43.64784017337351
3748,41.79483401286532
3749,39.907395048522446
3750,38.513497900120605
3751,37.66958980113254
3752,37.47224507535193
3753,38.02886872795246
3754,39.184062987293984
3755,40.66360317321556
3756,42.27088129098523
3757,44.259455828158025
3758,46.361138661539975
3759,48.04335426022911
3760,49.57357163816975
3761,51.0782344065134
3762,52.38729101497237
3763,53.39283340893465
3764,54.266891514900166
3765,55.17902011935999
3766,56.0689159852148
3767,56.7757858825976
3768,57.26974012477112
3769,57.279394348965816
3770,56.81786818066126
3771,56.1168549467002
3772,54.87025236606182
3773,53.5087131727021
3774,51.87633352280124
3775,49.95211696101202
3776,48.33181091366047
3777,47.04582409697589
3778,46.13097319853608
3779,45.26069038834865
3780,44.28725709705117
3781,43.312868956765286
3782,42.28428798166606
3783,41.1948029137571
3784,40.026134135340904
3785,38.869458461717706
3786,37.82501323240986
3787,36.74107012838701
3788,35.63778366295683
3789,34.45659950025384
3790,33.13681310696714
3791,31.691771734518184
3792,30.13178503055407
3793,28.529091804489624
3794,26.828573024598754
3795,25.07770104484499
3796,23.56217921880245
3797,22.498793935356538
3798,21.771992072740634
3799,21.518024491816433
3800,21.59494283023887
3801,21.752585473401673
3802,21.89319121090606
3803,22.085416325445017
3804,22.202937838193925
3805,22.00922886527062
3806,21.625286949973663
3807,21.10486039117265
3808,20.41417967484356
3809,19.66966495191526
3810,18.848598946326838
3811,17.873645869025555
3812,16.81718085749261
3813,15.637848863652817
3814,14.410844948468892
3815,13.15356554154733
3816,12.027066335213505
3817,10.969214473559973
3818,10.05702523557191
3819,9.263420598522297
3820,8.83394192697775
3821,8.911279247946382
3822,9.260598921210995
3823,9.681514165106762
3824,10.213702063549984
3825,10.880301441262334
3826,11.729266460287825
3827,12.658749117044504
3828,13.762983684819211
3829,14.834461918819201
3830,15.969531955877386
3831,17.135333835592277
3832,18.047506163387304
3833,18.54836711482607
3834,18.698747890996017
3835,18.762826349801866
3836,18.78593135659917
3837,18.88589035074199
3838,19.143770682071843
3839,19.556854841932683
3840,20.118613143910377
3841,20.861252336292505
3842,21.64002903454536
3843,22.403119177245813
3844,23.127739758062486
3845,23.88325374328053
3846,24.50851785959214
3847,24.940037058385432
3848,25.43590574385111
3849,25.785273070903663
3850,25.977896489424374
3851,25.99761509267328
3852,25.865795047303855
3853,25.592053338365837
3854,25.32297756400456
3855,25.388762234853687
3856,25.466299089409667
3857,25.55146886477248
3858,25.601150155923282
3859,25.469408140472737
3860,25.259887206615616
3861,24.84175128287768
3862,24.486688690347734
3863,24.294245593724725
3864,24.145845795070144
3865,24.170712281098083
3866,24.39257295146662
3867,25.02808029739422
3868,26.02262322154008
3869,26.954733779968016
3870,27.87863160900409
3871,28.75979781252346
3872,29.558705532541772
3873,30.363101725377014
3874,31.136886831167224
3875,31.723230229215147
3876,32.23334898551684
3877,32.758671491290976
3878,33.43028902456335
3879,34.05003048920142
3880,34.561462486427914
3881,35.02696067916399
3882,35.78213787223682
3883,36.854241267045616
3884,38.09872034553676
3885,39.217354555603514
3886,40.1164386226008
3887,41.098282532182175
3888,42.01694186077924
3889,42.87953749921599
3890,43.83899750553138
3891,44.41893886361131
3892,44.610344906828985
3893,44.71854863730317
3894,44.78193029220842
3895,45.056518704686454
3896,45.547724188964295
3897,46.157615771158405
3898,46.92182480031819
3899,47.762656666432264
3900,48.48994567055708
3901,48.73151443805835
3902,48.54083513791345
3903,48.19290246697168
3904,47.93029384973018
3905,47.93308242283791
3906,48.123184964885525
3907,48.65599523303402
3908,49.4505093328441
3909,50.32222330713539
3910,51.15535125245534
3911,51.87693277124021
3912,52.70849936549232
3913,53.79353864166052
3914,54.95838550583436
3915,56.12020102663085
3916,57.188397175915426
3917,58.06031446774619
3918,58.7944093434964
3919,59.35367770367748
3920,59.95276459414364
3921,60.772846104697194
3922,61.914748748449405
3923,63.31309044999864
3924,64.70905150975418
3925,65.94333060033051
3926,67.00276705309174
3927,67.77526609557802
3928,68.22164204258246
3929,68.46446023492399
3930,68.70131478384974
3931,68.92959190565917
3932,68.78193352185123
3933,68.65347072793833
3934,68.05620685975364
3935,67.08870318977587
3936,66.07549910185146
3937,64.8718519679031
3938,63.542976036681296
3939,62.34463887092551
3940,61.11122348013551
3941,60.15068428925033
3942,59.50062576941535
3943,59.32803054525333
3944,59.681777028355555
3945,60.178101695784804
3946,60.69713498841358
3947,61.10867922830411
3948,61.3522866687083
3949,61.490943059292576
3950,61.49437333909805
3951,61.24371790059983
3952,60.64022218841974
3953,59.7059711704569
3954,58.46164190569368
3955,56.94407238399525
3956,55.89917171221473
3957,55.56663702536536
3958,55.94242737022814
3959,56.51160398203333
3960,56.43470784175069
3961,55.760905986069744
3962,54.23381596957026
3963,52.16757235175098
3964,49.98827429699117
3965,47.786174201199614
3966,45.440113585160525
3967,43.05443807020336
3968,40.88651971750099
3969,38.987579178695825
3970,37.70552379775557
3971,36.75074895159359
3972,35.72724308338287
3973,34.74060276236942
3974,33.7085998780203
3975,32.6793160124615
3976,31.758767884107073
3977,30.840457203906155
3978,30.16145428866387
3979,29.885263240839542
3980,29.893511487135427
3981,30.144733140167542
3982,30.970356671218667
3983,31.71963421690712
3984,32.09127113629728
3985,32.322578299491276
3986,32.504963944448996
3987,32.63642915409771
3988,32.48804091746584
3989,32.35243411266936
3990,32.234456192496424
3991,31.948863641221365
3992,31.342585398991822
3993,30.72042410946314
3994,30.325701707684317
3995,30.2160684918801
3996,30.48506526513021
3997,31.02796988809559
3998,31.82253964855321
3999,32.864024272572166
4000,34.015621308530754
4001,35.116574862635275
4002,35.97573856371285
4003,36.34377395197723
4004,36.44773124266689
4005,36.413991853538484
4006,36.16117501501979
4007,35.98344224664704
4008,36.080835336991825
4009,36.55187942121991
4010,37.38903797969763
4011,38.54712372775596
4012,39.95029456056749
4013,41.40330058621862
4014,42.69126462498313
4015,43.49345553891865
4016,43.95022684051363
4017,44.018747078441486
4018,43.92247065491112
4019,43.81557871756381
4020,43.519720618905936
4021,43.053594625439516
4022,42.41279406577709
4023,41.90946856059887
4024,41.87768315483726
4025,42.43486621216442
4026,43.11841496048294
4027,43.60705178673349
4028,43.99948130288719
4029,44.33368187355557
4030,44.81561690556738
4031,45.412979701890634
4032,45.79522137209007
4033,46.124054193691634
4034,46.12824902986621
4035,45.845099160688335
4036,45.51004261415928
4037,44.96535681213874
4038,44.46107848419952
4039,44.18834855192752
4040,43.924531810048954
4041,43.74079298473581
4042,43.61487151793823
4043,43.47681695974552
4044,43.415643223785324
4045,43.12433069405817
4046,42.49966552461481
4047,41.95620682719909
4048,40.95272006006404
4049,39.94054568414526
4050,39.37586273177992
4051,39.048299936265224
4052,39.085848922423686
4053,39.42628154270656
4054,39.81151226961039
4055,39.886024867916035
4056,39.751900620369724
4057,39.23045987624268
4058,38.22814569939223
4059,36.895095766193926
4060,35.133240211606065
4061,33.1190000167191
4062,30.74948983156665
4063,28.362644039128057
4064,26.313699927982313
4065,24.58978512135583
4066,23.19825460669556
4067,22.15048340842243
4068,21.401307666465883
4069,20.888301027222262
4070,20.6724775234087
4071,20.71598841721537
4072,20.98863430105841
4073,21.459688486799735
4074,22.014351928758405
4075,22.471023193774364
4076,22.584508653592806
4077,22.389218818027075
4078,22.03261128267038
4079,21.43254748285954
4080,20.547685397634538
4081,19.575875756393202
4082,18.375340544139487
4083,17.22981057442259
4084,16.382303052907435
4085,15.810529648165108
4086,15.681968512607025
4087,15.703824641075778
4088,15.565546825639458
4089,15.241887432207154
4090,14.683198090586693
4091,13.836430203304605
4092,12.908383346473242
4093,11.880608670690831
4094,10.770188471842228
4095,9.833902733997368
4096,9.009808908261427
4097,8.438369415993398
4098,8.31149079400737
4099,8.572399670887636
4100,9.182612954788976
4101,9.939125319134313
4102,10.768564764838663
4103,11.68246029657556
4104,12.477549409186658
4105,13.309862210596547
4106,14.20399404336504
4107,15.058190638675011
4108,15.981410202209764
4109,17.068163874216165
4110,18.39394017361797
4111,19.95965121310089
4112,21.755583074224326
4113,23.863134991456654
4114,25.975029998140016
4115,28.010029644018985
4116,29.974759307977376
4117,31.700586766631236
4118,33.12760220999483
4119,34.3744351859534
4120,35.44079096565913
4121,36.20204616585322
4122,36.534628590454346
4123,36.429696330638215
4124,35.6920225919847
4125,34.464057250788315
4126,32.90669310959106
4127,31.162600073820176
4128,29.339508214826587
4129,27.429252254450404
4130,25.733386547049925
4131,24.356070345621735
4132,23.301924620067815
4133,22.853347156753742
4134,22.952619298616078
4135,23.24605643750659
4136,23.664180814764634
4137,24.337891207641007
4138,25.295637442874032
4139,26.407491010246048
4140,27.495067625376564
4141,28.46469923700606
4142,29.187075346733813
4143,29.837277089821967
4144,30.56585021348554
4145,31.339768850006585
4146,32.062019795143186
4147,32.593899599900666
4148,33.01375189632063
4149,33.24652432201652
4150,33.16401095923077
4151,32.583800416250966
4152,31.54488919079536
4153,29.952315555992598
4154,28.157630610015268
4155,26.54514066160165
4156,24.873322756139096
4157,23.261736738313218
4158,21.91510688967744
4159,20.780942607079567
4160,19.85040142571171
4161,19.040830597921673
4162,18.3820851834258
4163,18.00312297984737
4164,18.090179566920234
4165,18.661055165400043
4166,19.5255966379748
4167,20.55331485598317
4168,21.605241996922285
4169,22.616544483480496
4170,23.827383506364058
4171,25.272591167094916
4172,26.624525208297406
4173,27.988824672464357
4174,29.288420972528947
4175,30.34213550050535
4176,31.382035323179302
4177,32.47982870444527
4178,33.71012862688108
4179,34.995384821476776
4180,36.45282436701713
4181,38.18373617916039
4182,40.17937588491088
4183,42.557888226531176
4184,44.8754547281609
4185,47.06592497021613
4186,49.05159847217939
4187,50.89117311241818
4188,52.61389922743112
4189,53.828217395276944
4190,54.63000407973725
4191,54.93887526694914
4192,55.044940878227365
4193,55.05939344385439
4194,54.8467334407779
4195,54.31451531509109
4196,53.308109110838046
4197,52.109531425077705
4198,50.9754007040157
4199,50.20492908984798
4200,49.91557795519935
4201,49.79469678868008
4202,49.645746647659855
4203,49.27779504809902
4204,48.636729322241045
4205,47.666334102410275
4206,46.46237912289617
4207,45.284610624797565
4208,44.3218661816436
4209,43.75233725561341
4210,43.29053923631342
4211,42.65563625383895
4212,41.68400604044253
4213,40.599823462826826
4214,39.589514198346734
4215,38.79436704417925
4216,38.327457800948935
4217,37.927062370726674
4218,37.5787183464333
4219,37.295948410590405
4220,37.17942578308245
4221,37.23033221153357
4222,37.46757990189717
4223,37.61168897581511
4224,37.48606009042501
4225,37.10328726101962
4226,36.302169655838334
4227,35.197001493065045
4228,34.12614551596951
4229,33.17609897767046
4230,32.14278862793953
4231,31.06841165361029
4232,29.873094096013467
4233,28.670868403450292
4234,27.67202797581986
4235,27.08804640798031
4236,27.047107213932772
4237,27.408416746096826
4238,28.108401962767992
4239,29.160424547237838
4240,30.59662689852192
4241,32.296327946989564
4242,34.32536336892499
4243,36.414285225066806
4244,38.45676905529046
4245,40.38287640630443
4246,41.997000434631545
4247,43.16687703905056
4248,43.71582148083628
4249,43.693679088599424
4250,43.2458713204119
4251,42.60254620067012
4252,41.55252845699644
4253,40.17672646285875
4254,38.615824578590235
4255,37.15550490934231
4256,35.95034039252042
4257,35.00154757523329
4258,34.56226337508808
4259,34.632367940916346
4260,35.09299876149883
4261,35.859125013521
4262,36.854864912335266
4263,37.767823850754546
4264,38.584885610797016
4265,39.14033903102107
4266,39.3256668027601
4267,39.272311308019006
4268,39.0035620321544
4269,38.91714650304808
4270,39.12119064645704
4271,39.67833272011117
4272,40.500905125794404
4273,41.416351988842976
4274,42.47579386022739
4275,43.39750828833183
4276,44.12076979593516
4277,44.69394457998303
4278,45.22177261131285
4279,45.544187981394956
4280,45.373547051204724
4281,44.64111548579805
4282,43.61620743088602
4283,42.499829602039284
4284,41.51623427008813
4285,40.698330612053425
4286,39.768327305492164
4287,38.49734897677945
4288,37.108107724587626
4289,35.4857082673547
4290,33.72670587782423
4291,32.059104111402235
4292,30.78058707797336
4293,30.353737402987363
4294,30.79741570269273
4295,32.1683082630628
4296,34.339989979473984
4297,37.2043098651191
4298,40.47468337632053
4299,43.78854838661818
4300,46.74765668679805
4301,49.53483848041312
4302,52.24233427212541
4303,54.60125372548013
4304,56.639862887781476
4305,58.24389435232566
4306,59.4484866621919
4307,60.233871038774225
4308,60.86882536804162
4309,61.36183467010653
4310,61.56107608408934
4311,61.57930760208282
4312,61.4274150212499
4313,61.18770158001294
4314,60.92164620729083
4315,61.0192422790238
4316,61.75990831191007
4317,62.85468513628666
4318,64.17524838321027
4319,65.6153105324771
4320,67.04879137362536
4321,68.20068317093134
4322,68.94989432605755
4323,69.40315085324328
4324,69.40456889928831
4325,68.96118797208268
4326,68.38831863670543
4327,67.88872900096081
4328,67.66518373670966
4329,67.6330670148523
4330,67.55801181363594
4331,67.23397158760656
4332,66.95205659096098
4333,66.43030899489801
4334,65.82048358454318
4335,64.73138123979895
4336,63.1252183167429
4337,61.255858226248066
4338,59.33846375471381
4339,57.478956421109444
4340,55.49776185662504
4341,53.421465173379445
4342,51.29459531326883
4343,49.17704386905501
4344,47.01123804511248
4345,44.72178617875253
4346,42.382104918335614
4347,39.98722132513464
4348,37.68404400531348
4349,35.548643281457636
4350,33.587834892443446
4351,31.777256002216333
4352,30.073305973747438
4353,28.456799108656007
4354,26.918980135043704
4355,25.42851822315876
4356,24.049590986733318
4357,22.934316393911047
4358,22.328259135996475
4359,22.31411189472483
4360,22.78181803419446
4361,23.79020750147108
4362,25.1950214452145
4363,26.843279301886042
4364,28.624099695831113
4365,30.456650519739213
4366,32.24150236050886
4367,34.10555622497367
4368,36.002569039844516
4369,37.7163918625771
4370,39.251108132258786
4371,40.714715142558134
4372,42.393765236385875
4373,44.302326832061944
4374,46.34917480628489
4375,48.27303098240212
4376,50.15648770725966
4377,52.089866765748695
4378,53.679797617062405
4379,54.8250213384822
4380,55.66016969023506
4381,56.09551676391996
4382,56.238890209375086
4383,56.24022686916388
4384,56.203389296864216
4385,56.267776501531316
4386,56.37725077767591
4387,56.42724436503583
4388,56.49647526976584
4389,56.55670615688096
4390,56.60344761093461
4391,56.98032409460494
4392,57.79658939993786
4393,58.798791766996516
4394,60.126564494192934
4395,61.467441191913274
4396,62.83490079112062
4397,64.1892621104132
4398,65.34841112452636
4399,66.53860197372776
4400,67.70995972127204
4401,68.67413699064977
4402,69.36999557627844
4403,70.00637574810905
4404,70.66137508741053
4405,71.3476439370321
4406,71.80869235559823
4407,71.81078718908283
4408,71.02324396577957
4409,69.58597131208217
4410,67.63059846857416
4411,64.989105558743
4412,62.40336627383587
4413,59.84638619019323
4414,57.3337617483665
4415,55.38628895890989
4416,53.88233541328515
4417,52.99824870232305
4418,53.07209337284722
4419,53.794821306467796
4420,54.70047319807818
4421,55.62914530517202
4422,56.18920754259747
4423,56.097956474684636
4424,55.89370979896432
4425,55.38607046666729
4426,54.36312452516245
4427,53.10036963747115
4428,51.789654961574726
4429,50.738332604722345
4430,49.81191570357622
4431,48.929490445382754
4432,48.42911695368025
4433,48.31754234130996
4434,48.5483173148964
4435,49.11709977612331
4436,49.92512960812111
4437,50.630088132682204
4438,51.415665900404356
4439,52.6531188077231
4440,53.75273777505066
4441,54.824936998756556
4442,55.963719707236805
4443,56.704298493321616
4444,57.01337913703921
4445,56.87571923933328
4446,56.75595512832911
4447,56.18207601501918
4448,55.24609613125351
4449,53.88924111072301
4450,52.47829581850187
4451,50.972213344363155
4452,49.044353066207236
4453,46.63908124137618
4454,43.99421485430592
4455,41.44816156921405
4456,39.32607171299552
4457,37.89750618729705
4458,37.02680770263018
4459,36.94246057859327
4460,37.71453164497292
4461,39.08816844397731
4462,40.73871654214109
4463,42.14651658594655
4464,42.905222761509265
4465,42.8929339874523
4466,42.104905772403995
4467,40.61587619567229
4468,38.51075825938155
4469,36.158461435601964
4470,33.75904468416758
4471,31.380825531891247
4472,29.193302493542376
4473,27.033143316169728
4474,24.9990623724619
4475,23.255139644668834
4476,21.47837348805603
4477,19.69283165545933
4478,18.03257287125526
4479,16.730414901058243
4480,15.935020826623983
4481,15.39276616760493
4482,15.237341088065753
4483,15.33629875798061
4484,15.237665923960844
4485,14.998524300680877
4486,14.971917616456047
4487,15.004600711942214
4488,15.367216790366278
4489,16.00193299964867
4490,16.529650969508296
4491,17.022346636796225
4492,17.467986759610202
4493,17.815310799452618
4494,18.149604917755
4495,18.587800473258948
4496,18.971151309448878
4497,19.24114767090316
4498,19.529808414957643
4499,19.72295184003788
4500,19.836523896974715
4501,20.063153032302758
4502,20.168563735753285
4503,20.260271047755246
4504,20.54283421346519
4505,21.004981038277368
4506,21.59694685669044
4507,22.418058088577975
4508,23.332701346466138
4509,24.42208095074576
4510,25.467913274708444
4511,26.318828634688188
4512,26.91732598420039
4513,27.37817035076157
4514,27.91227846370213
4515,28.48550932182735
4516,29.31876258630217
4517,30.19098882649657
4518,30.719700352926154
4519,31.106849242533702
4520,31.32218959341452
4521,31.32942781919094
4522,31.168814432084826
4523,30.874895587380962
4524,30.47321554014342
4525,29.97168508908765
4526,29.455414233942584
4527,29.01178237178208
4528,28.70941652176303
4529,28.088905842927332
4530,26.942977426716304
4531,25.328517013571755
4532,23.153304504139122
4533,21.237637368440545
4534,20.074998937778407
4535,19.516139804762858
4536,19.776693255802424
4537,20.515219403072685
4538,21.326419954647914
4539,22.404084036158537
4540,23.74127651649097
4541,25.08342123959186
4542,26.389684797898298
4543,27.785031537909315
4544,29.39366176623607
4545,31.018700123154883
4546,32.74438608216036
4547,34.442919307048584
4548,36.055168045561324
4549,37.40255161586503
4550,38.22107433429311
4551,38.557176895380245
4552,38.5187806746936
4553,38.212704800200726
4554,37.704810439186915
4555,37.14904321278337
4556,36.623018514178554
4557,36.28099065962014
4558,36.2982067757323
4559,36.787148034190885
4560,37.21252692904986
4561,38.049336914865485
4562,39.206546193377996
4563,40.45552868688511
4564,41.78627439737424
4565,43.150774439727456
4566,44.57419057626251
4567,45.81474991779068
4568,46.71524471675742
4569,47.625018476969416
4570,48.37663650076233
4571,48.97846829291561
4572,49.54867799122359
4573,49.932328085087086
4574,50.224956414071805
4575,50.36021005693808
4576,50.457371401889574
4577,50.331232636848355
4578,49.705405655462826
4579,48.596031071792325
4580,46.91386589131629
4581,44.72888735426048
4582,42.13745338049898
4583,39.40671144507823
4584,36.8048935503451
4585,34.42197542987902
4586,32.317489782938985
4587,30.576122384214408
4588,29.16217577745541
4589,27.972888348211974
4590,27.000699228155604
4591,26.163719147734476
4592,25.33337560020665
4593,24.712381650487057
4594,24.37172676232263
4595,24.286034285366412
4596,24.491412115958305
4597,24.753411687378957
4598,25.02307917956791
4599,25.386256538844513
4600,26.016245162682246
4601,26.621745899147776
4602,27.135962639516
4603,27.44121591448277
4604,27.34088529095275
4605,27.034820916427666
4606,26.605510434866666
4607,26.115756603367082
4608,25.639877819737272
4609,25.347578307644106
4610,25.073520870863156
4611,24.634206523926217
4612,24.189380258760004
4613,23.87298299211637
4614,23.662241530837058
4615,23.375526812694027
4616,23.028527872094564
4617,22.726638793773027
4618,22.337087378789725
4619,21.68275116053166
4620,20.99204792163447
4621,20.40683556660162
4622,19.958283099271213
4623,19.736237064814013
4624,19.635815912170386
4625,19.631629211357637
4626,19.79577869006857
4627,20.031370800063353
4628,20.243562501650146
4629,20.409167935114496
4630,20.439187926821372
4631,20.287441763933266
4632,19.83567063714238
4633,19.224957881739424
4634,19.057143873202854
4635,19.631794739888395
4636,21.221922010427143
4637,23.87730907282737
4638,27.29937470900773
4639,31.451162830918136
4640,35.7734587945478
4641,39.737200192711505
4642,42.73623246207844
4643,44.4079749165341
4644,44.78264756492097
4645,43.76415818562842
4646,41.85292770807082
4647,39.2199417893233
4648,36.062061060951486
4649,32.97462204773738
4650,30.226082900205338
4651,27.694236386257508
4652,25.207252338072124
4653,22.778187027267542
4654,20.467555241448625
4655,18.612366425973097
4656,17.154483008926157
4657,16.173442240391775
4658,15.723146485420838
4659,15.562189053373988
4660,15.69814903418489
4661,16.227545441707363
4662,16.80097497280506
4663,17.669680920148295
4664,18.907772452246803
4665,19.867227270723486
4666,20.90056113834015
4667,21.85409890970419
4668,22.66091315138423
4669,23.677248594977296
4670,24.48955984653431
4671,24.705472815729273
4672,24.395774138315467
4673,23.631011851362352
4674,22.96566866171314
4675,21.760409610183878
4676,20.900443417327075
4677,20.70312491903994
4678,20.924048842544565
4679,21.271643751799676
4680,21.446131887201986
4681,21.561468601208944
4682,22.102253429839475
4683,23.61936171976992
4684,25.918714651980096
4685,29.087860902225223
4686,32.70672543644406
4687,35.978588013831
4688,38.77139212047295
4689,41.38309629263693
4690,43.84875536128242
4691,45.87371791797017
4692,47.27731859394699
4693,47.976994250333625
4694,47.80719834369458
4695,46.87411551568899
4696,45.29323500736547
4697,43.34489030988432
4698,41.44016744138314
4699,39.930251484294686
4700,38.98214924585355
4701,38.461420028720305
4702,38.36066760468799
4703,38.65157401822522
4704,39.1888356469926
4705,39.70517632279197
4706,40.092575115893595
4707,40.39411843156438
4708,40.53549634165675
4709,40.562789565500424
4710,40.64289854815111
4711,40.8156991106826
4712,41.15346730378013
4713,41.632997738036394
4714,42.017842268854466
4715,42.43346117790135
4716,43.07092570231937
4717,43.81943871652274
4718,44.463118564066306
4719,44.929716138522316
4720,45.12287185010463
4721,45.15145678837419
4722,45.147600393802286
4723,45.20376591341081
4724,45.36110721820799
4725,45.35201538712304
4726,45.092346025759646
4727,44.79153128110105
4728,44.58121393520881
4729,44.54044347428149
4730,44.59828892328738
4731,44.6486144639225
4732,44.67488450519086
4733,44.96914231417527
4734,45.273692585285744
4735,45.38250849490723
4736,45.376103862282164
4737,44.91276668334046
4738,44.30743732846097
4739,43.87336185551547
4740,43.54790850951247
4741,43.46647762826419
4742,43.655486609881635
4743,44.1152515647125
4744,44.843976505008555
4745,45.66624866243298
4746,46.51582743790504
4747,47.38481472215456
4748,48.002859240455265
4749,48.33661767631368
4750,48.36175422724342
4751,48.11949115130899
4752,47.66959579031089
4753,46.975147906187146
4754,46.162568022899265
4755,45.2411601020009
4756,44.34090179021538
4757,43.682326952871314
4758,43.15313442362732
4759,42.621738539549554
4760,41.99074121676823
4761,41.1283101519261
4762,40.176088028439466
4763,39.34341099520865
4764,38.713315149786624
4765,38.27177858553741
4766,37.82251632824267
4767,37.354856331611344
4768,37.03792515232395
4769,36.79767293109767
4770,36.47695484861663
4771,36.07501643830708
4772,35.73358637828154
4773,35.56638621776836
4774,35.47676891348594
4775,35.59074101502286
4776,35.89601669169895
4777,36.14590912930324
4778,36.414790648728584
4779,36.76021287669927
4780,37.223330768071364
4781,37.659165995051914
4782,37.89978358283298
4783,38.167985499940684
4784,38.48687768664742
4785,38.76147017694795
4786,39.1642124620781
4787,39.67097669839315
4788,40.11186158398725
4789,40.44135256182689
4790,40.7723496148897
4791,40.910817620051546
4792,40.672986207618514
4793,40.179546630402726
4794,39.351222198116126
4795,38.14799675484693
4796,36.57969931818555
4797,34.821110430934866
4798,32.92454792736204
4799,30.950014968569043
4800,29.018390041629907
4801,27.23108384421159
4802,25.80510259544199
4803,24.958557200237813
4804,24.58787700221267
4805,24.5685431068338
4806,24.90360940135159
4807,25.529890616739767
4808,26.50142661979634
4809,27.794562552201718
4810,29.32134161832195
4811,30.96629752266881
4812,32.653762533607946
4813,34.66789109142414
4814,36.9167835483138
4815,39.42127182397371
4816,42.094193319315906
4817,44.75613154950267
4818,47.3742911477937
4819,49.41180079932631
4820,51.02650603944588
4821,52.50580614004721
4822,53.61645472214326
4823,54.413090632284025
4824,55.26370015916595
4825,56.33921574408684
4826,57.60865415017112
4827,59.223206046054386
4828,60.89280857364297
4829,62.443251060714985
4830,64.14490114958879
4831,66.01718448045278
4832,67.7324038792897
4833,68.9112435985698
4834,69.45060179105849
4835,69.34782269079743
4836,68.8783979535989
4837,68.1658055613331
4838,67.33278228378177
4839,66.639478033205
4840,65.78791923636086
4841,64.73116886258892
4842,63.771757519955855
4843,62.849824775141116
4844,62.06549508159159
4845,61.383128248203505
4846,60.87156074644684
4847,60.25671297047296
4848,59.407753652131284
4849,58.47023652594733
4850,57.57427903626499
4851,56.549811215002634
4852,55.43320397223526
4853,54.34922958319822
4854,53.30665277134128
4855,52.37979308212948
4856,51.38471932905371
4857,50.47750820345894
4858,49.85640867280296
4859,49.41463739822203
4860,49.31169980801684
4861,49.35866517682159
4862,49.10215974116829
4863,48.43408548053068
4864,47.19616513985544
4865,45.350625391173594
4866,43.03328226558929
4867,40.274391520915145
4868,37.666333926336875
4869,35.523562013258406
4870,33.748790987384965
4871,32.18449794372907
4872,30.6991993980541
4873,29.31904992021019
4874,28.0695308556744
4875,27.022444371987884
4876,26.135411959256352
4877,25.351935716994348
4878,24.67242329332982
4879,24.15485696856681
4880,23.99966830622589
4881,24.23176371929241
4882,24.786207924101024
4883,25.61858417376868
4884,26.480519239426666
4885,27.363977190520234
4886,28.341574504977547
4887,29.348583056744907
4888,30.337920710993714
4889,31.298553223853368
4890,32.080761859086095
4891,32.771100385297515
4892,33.69250876240352
4893,35.000931951857154
4894,36.57243401125139
4895,38.318996635391784
4896,40.17986206619639
4897,41.93033102907674
4898,43.69409312197439
4899,45.514811082573814
4900,47.129879428822846
4901,48.61122027646145
4902,49.899986813907034
4903,50.963123749448265
4904,51.776823492775655
4905,52.28271237481134
4906,52.321078957959685
4907,52.12226318555966
4908,51.785739104608524
4909,51.619062271741655
4910,51.48912011578675
4911,51.13254176370708
4912,50.79683572526724
4913,50.50530124848015
4914,50.48046298867294
4915,50.80970528550569
4916,51.464292188405494
4917,52.3133648422809
4918,53.157738138673146
4919,53.69619621912702
4920,53.63417821819117
4921,52.91450734257495
4922,51.52340369028248
4923,49.55355066068961
4924,47.06285591493409
4925,44.292375534842165
4926,41.680437925636795
4927,39.42267812426849
4928,37.538054476306925
4929,36.10573877561141
4930,34.92460798475529
4931,33.79491545811066
4932,32.547956270930015
4933,31.330682916150202
4934,30.344453067624432
4935,29.535562240288566
4936,28.920054671507412
4937,28.509436461981288
4938,28.186711761323828
4939,28.049015700506853
4940,28.05571542770685
4941,28.000546496396467
4942,28.003051687806227
4943,27.8821926905716
4944,27.491735711648648
4945,26.799989381039218
4946,25.742237257472258
4947,24.475574620854815
4948,23.090197820508905
4949,21.85150012039903
4950,20.693217095523345
4951,19.671805727540125
4952,19.011485956667244
4953,18.668813717027536
4954,18.374726222912273
4955,17.964452678925955
4956,17.338230997367443
4957,16.520349678517917
4958,15.538952813226246
4959,14.685137540422495
4960,13.729112863228941
4961,12.835928640223994
4962,11.877255979130757
4963,11.045365605836054
4964,10.713452040261068
4965,11.055628185086942
4966,11.636263902070763
4967,12.376962889376674
4968,12.963258068305636
4969,13.18346453077345
4970,13.35998217151326
4971,13.348498503336518
4972,13.33058798144231
4973,13.994948358900107
4974,15.318593855820254
4975,16.893382156876115
4976,18.46803055247387
4977,19.781967116430366
4978,20.812205535417636
4979,21.581054254726304
4980,22.11226776335358
4981,22.459627113105586
4982,22.847377352561367
4983,23.331507059271306
4984,24.132730247492553
4985,25.25049131097427
4986,26.407868380972154
4987,27.67711564333948
4988,28.897065332696705
4989,29.937467756497213
4990,30.976258668023164
4991,31.919370042417313
4992,32.56420735381457
4993,32.834991413924854
4994,32.89031489773355
4995,32.86184291795631
4996,32.56196925220689
4997,32.07753731543477
4998,31.52134939155868
4999,31.018910803151773
