,0
0,483.5106338343491
1,894.3714474516853
2,1243.6690031658557
3,1541.4816275064848
4,1796.4144826602012
5,2015.8276862740968
6,2204.6619982141597
7,2371.555302434535
8,2516.1205106280026
9,2640.4462115248525
10,2747.924699891321
11,2840.4563743866865
12,2919.1795487273107
13,2986.8475018894515
14,3042.1322936075976
15,3086.657759091221
16,3121.9049326903337
17,3146.8786891197133
18,3162.558258622372
19,3168.517267989993
20,3167.907666694111
21,3163.521039896395
22,3157.6697318300016
23,3150.8755738190366
24,3142.0882547629353
25,3130.924315052777
26,3117.7387894033304
27,3102.8679813453696
28,3088.916542488014
29,3075.97351916319
30,3064.012061098049
31,3055.1508832703275
32,3048.992804795742
33,3046.8062195119637
34,3046.0008203870566
35,3046.6587980329773
36,3052.7764353432444
37,3061.7919438790614
38,3073.5573959807757
39,3087.6939139564593
40,3109.014434363425
41,3130.4027117403843
42,3152.0769924070446
43,3172.9800657367637
44,3193.2846900672075
45,3215.2189941798724
46,3235.8926757301906
47,3258.6108642422228
48,3284.209967064335
49,3312.7814994207
50,3342.582247624774
51,3374.172348974227
52,3409.8396414439935
53,3445.485288478328
54,3480.1369647019105
55,3513.742167813228
56,3544.093197701126
57,3570.498593703597
58,3590.629669046062
59,3602.256631147792
60,3605.711219462964
61,3600.6332650677023
62,3589.7328901690566
63,3571.653788411807
64,3544.7166850404496
65,3514.9219006499447
66,3483.121816669036
67,3450.393552408782
68,3417.3373693229687
69,3384.501805891102
70,3351.3151966721157
71,3320.1574111014966
72,3291.9719214468755
73,3268.5371573793764
74,3251.4325498314497
75,3237.526569788072
76,3227.6220989657827
77,3224.618252788851
78,3221.588880613567
79,3222.007474364976
80,3225.487935839524
81,3232.1611944097654
82,3239.3956002568543
83,3247.4799767166405
84,3257.906352728064
85,3270.4693702947607
86,3282.5893525811816
87,3292.9743855783718
88,3304.9382066765156
89,3312.24938708385
90,3316.7149825753727
91,3320.153914929437
92,3321.912436864762
93,3324.7106803841557
94,3327.9248179391748
95,3331.907236550508
96,3337.7629864904743
97,3343.274302784365
98,3350.0405252207884
99,3359.0511186614485
100,3366.372069258418
101,3372.481755949227
102,3378.1937034843804
103,3380.4080022432995
104,3381.497049850422
105,3381.003921601513
106,3378.8728152077147
107,3375.470125803899
108,3371.7888875950903
109,3368.1976915465784
110,3369.1621119812703
111,3374.748980796665
112,3385.8136204780976
113,3403.4833133181137
114,3418.8559460889273
115,3440.8564928845235
116,3469.362116494077
117,3504.995946248003
118,3546.919875808587
119,3594.249931719601
120,3647.7713448097975
121,3706.5352507869256
122,3767.095107406294
123,3828.6906505497723
124,3891.184732590354
125,3953.3625175383577
126,4015.9754123527014
127,4078.432344663148
128,4141.435207085192
129,4200.917286919856
130,4255.670596853729
131,4308.53690360193
132,4359.418301422931
133,4407.708429055472
134,4453.985464323169
135,4501.208097794248
136,4545.845199380476
137,4589.080927784156
138,4630.3922423970125
139,4672.128751882011
140,4711.676168853014
141,4749.807015250027
142,4785.962177916294
143,4821.961128632125
144,4858.057880924863
145,4892.598837399197
146,4924.666514743561
147,4956.970959878262
148,4986.557910204517
149,5013.833667593622
150,5038.718235049287
151,5062.833110013156
152,5085.6140205370775
153,5105.083822753796
154,5120.902207271929
155,5132.324844967637
156,5139.062449474961
157,5142.025623784879
158,5138.864364527669
159,5131.701201011075
160,5119.628706382192
161,5103.501672260877
162,5084.776074182113
163,5062.965588288528
164,5039.5539837001215
165,5013.5507152074415
166,4982.709202818745
167,4946.0787538630775
168,4903.282710572581
169,4854.2947017093065
170,4798.073606614554
171,4749.161253882119
172,4692.627617469618
173,4630.55565916762
174,4564.169215759866
175,4494.842578666778
176,4425.249955798605
177,4354.654698523291
178,4284.192909804117
179,4214.346508616637
180,4144.903694758718
181,4076.0560326768673
182,4007.9287318260854
183,3940.600255660827
184,3873.7983203285685
185,3809.0069202994114
186,3745.478209359122
187,3682.265378754094
188,3620.2452959603834
189,3558.8133110033987
190,3498.940406134289
191,3440.731020827629
192,3385.85304596358
193,3335.4461020120843
194,3286.2633215492424
195,3240.7789172693806
196,3198.3979497080863
197,3160.3704669624676
198,3126.025602594352
199,3095.627000710432
200,3069.7009913302163
201,3046.9805331440666
202,3027.8607342216105
203,3012.08812634353
204,2999.8078139388836
205,2990.1740832160717
206,2984.1345814080946
207,2981.809488987269
208,2982.0948118805463
209,2984.4501932086628
210,2988.766327702995
211,2995.6526020821125
212,3004.0003107477105
213,3015.028390268625
214,3030.9670183542808
215,3050.5816177583124
216,3075.897223586295
217,3107.104810818506
218,3142.561739380284
219,3183.8066402519457
220,3230.464575588101
221,3283.598280368863
222,3342.6778637469424
223,3407.041715781772
224,3475.521395656189
225,3547.731947216562
226,3622.493483304214
227,3698.9562937110995
228,3765.4789387650903
229,3836.19998162112
230,3906.52217962169
231,3975.441577651514
232,4041.3329279817312
233,4105.227472932062
234,4164.569867422051
235,4219.707008562177
236,4270.158821946444
237,4316.521329414073
238,4360.194229665066
239,4399.922022067373
240,4435.0727839112515
241,4467.6082358573185
242,4497.497318347838
243,4524.569967646275
244,4551.279571063352
245,4577.651402061773
246,4605.183620924514
247,4632.922170755039
248,4659.322705258405
249,4683.534410618806
250,4705.885915946872
251,4726.467056850899
252,4744.5994974435625
253,4760.864264598827
254,4776.340717278959
255,4793.274773011622
256,4811.735804650543
257,4828.793731766391
258,4840.384862723154
259,4849.258145189672
260,4856.211950685158
261,4858.38530964646
262,4859.8412498535
263,4861.634040028186
264,4862.926902892992
265,4864.726335492493
266,4866.22973008942
267,4864.826388732548
268,4860.678645594553
269,4852.802030846286
270,4842.78308846669
271,4827.341741046702
272,4807.875125385387
273,4782.762317429603
274,4752.2324003093545
275,4715.947160571948
276,4672.935186012221
277,4625.863056600691
278,4576.272019748424
279,4525.941658899559
280,4471.169911118593
281,4415.894368961941
282,4363.425062846273
283,4313.379643269683
284,4268.452421705648
285,4229.365738944937
286,4196.8972115994675
287,4168.898019743565
288,4143.701594738835
289,4123.712314143055
290,4108.497964232653
291,4096.510444125779
292,4087.9417212801113
293,4079.8808368948417
294,4073.486073848649
295,4068.7947603884127
296,4068.1843780066765
297,4072.1548247677247
298,4080.5279507973282
299,4091.7096944868686
300,4104.508238316898
301,4121.2755691276425
302,4140.204579807178
303,4164.873962083888
304,4192.103466919055
305,4221.645769521302
306,4254.898797753605
307,4286.908059158111
308,4318.609872862362
309,4348.394988247062
310,4377.173953463838
311,4405.3757863224155
312,4433.281652881709
313,4464.103874714812
314,4496.01910990965
315,4528.289118504958
316,4562.771506132578
317,4596.213578097533
318,4629.540658985294
319,4660.613603914142
320,4690.255503829689
321,4722.404177067987
322,4754.251344100016
323,4783.718077979564
324,4812.483523515208
325,4841.77942650491
326,4868.614595274437
327,4894.391940204625
328,4919.020952851424
329,4941.801058760754
330,4963.730271978984
331,4984.785325662257
332,5004.687437627122
333,5020.814560737317
334,5034.488510195144
335,5047.248134010309
336,5056.741815470518
337,5063.491356881008
338,5068.009166969055
339,5066.677756804443
340,5061.996700355339
341,5053.49285954261
342,5046.094518035537
343,5033.463553576219
344,5020.860071037844
345,5008.965188069498
346,4996.576091350899
347,4987.598465822745
348,4982.587522510846
349,4982.738817264738
350,4986.856370052675
351,4993.771860252917
352,5002.246397542199
353,5010.403832218586
354,5017.691375069288
355,5025.2390339948815
356,5033.296126861942
357,5037.915258721314
358,5037.005214898214
359,5033.106684367523
360,5027.020123190082
361,5018.872781537159
362,5009.513214650498
363,4998.855283570447
364,4988.893892165104
365,4975.669774633372
366,4961.726041490655
367,4947.463744229648
368,4929.840356813712
369,4911.478945398066
370,4891.06219592694
371,4869.917370459033
372,4846.55337702612
373,4822.53684503929
374,4797.904107677624
375,4770.430321808343
376,4740.727690244876
377,4708.306716661783
378,4675.116829328062
379,4639.325817726484
380,4602.584215226175
381,4563.808338983129
382,4524.729564801896
383,4483.752697423505
384,4442.920861146618
385,4402.350000675514
386,4361.068088761767
387,4317.726230866256
388,4274.880656243649
389,4233.611210153162
390,4195.642693669187
391,4160.0319824446615
392,4126.655636569663
393,4095.3085999327395
394,4066.6600354656503
395,4038.8262576991074
396,4007.2900632615747
397,3972.5201155187233
398,3932.08753175647
399,3896.911183883309
400,3856.6948331827784
401,3812.842259044581
402,3766.2074949339685
403,3718.9993063423913
404,3671.3942954591466
405,3626.2275147400724
406,3582.255281332291
407,3541.4056424271716
408,3501.294528292951
409,3463.7980387680004
410,3429.276745890265
411,3400.557224230685
412,3378.2409817124385
413,3360.22398732305
414,3348.2337361629484
415,3341.131194147617
416,3338.2558791788747
417,3339.2647212544807
418,3343.3644600143602
419,3346.9592100885484
420,3349.8177928452287
421,3353.6676901094743
422,3361.5890970742385
423,3369.776047260413
424,3381.055343070715
425,3396.843937455301
426,3415.9516303460205
427,3435.1119518243495
428,3454.5805399028336
429,3475.0074994689626
430,3494.61944935634
431,3516.6719418167318
432,3538.5358293149934
433,3558.102929615175
434,3580.7945189658008
435,3601.6319408398463
436,3624.039175950272
437,3647.098903974077
438,3671.9769222956666
439,3697.2269647922885
440,3720.2577663400652
441,3744.9701037735563
442,3767.010208560236
443,3788.4612931113543
444,3808.1800258656585
445,3828.2034207621277
446,3846.845961156142
447,3861.784108224617
448,3874.5795407218066
449,3889.4548171670895
450,3903.8342994193576
451,3916.356330085962
452,3928.2621938980465
453,3936.338819450178
454,3941.52433407742
455,3945.0242831558107
456,3948.0692388540106
457,3947.1682239074007
458,3944.1053891674133
459,3939.7213583575835
460,3934.157797535589
461,3926.740435308899
462,3916.637087084876
463,3905.274828778046
464,3891.8954347918066
465,3877.380029807157
466,3860.03011538976
467,3839.640083563377
468,3817.549958640876
469,3793.5995873645084
470,3766.3185056826223
471,3738.5552866742746
472,3709.4228296188903
473,3680.5377182681746
474,3650.8966012517362
475,3621.6042184506723
476,3589.308063435808
477,3557.39142524251
478,3526.669334095116
479,3499.328947507728
480,3475.9939585252987
481,3453.5753280975564
482,3431.290937139065
483,3410.4070648479255
484,3390.5566664899925
485,3371.785240025979
486,3355.900086431246
487,3342.0149583415846
488,3332.7409072356704
489,3327.621799352984
490,3325.634634383838
491,3326.1899764432965
492,3327.3048011093247
493,3326.7532770338676
494,3329.138155275489
495,3331.6452205476785
496,3334.2006951088306
497,3337.1682900913784
498,3344.3795378801715
499,3355.143507001814
500,3371.1154112306517
501,3388.6371470979125
502,3408.0513265836958
503,3430.8904817971716
504,3459.5563656072095
505,3490.5273655537535
506,3523.8936506006435
507,3559.4590871914224
508,3596.2060341041083
509,3634.5938808027017
510,3671.618663109253
511,3707.297308534959
512,3741.108923124657
513,3770.5250278176945
514,3800.6010584084356
515,3827.0440934948474
516,3853.298790341133
517,3876.4870788766248
518,3897.702890672845
519,3916.3923641120027
520,3930.4868146400954
521,3942.032742925569
522,3953.7272880778482
523,3967.049252242386
524,3980.5192498977217
525,3994.365688033471
526,4010.815097846803
527,4028.596129398379
528,4044.547269629701
529,4059.8282783616064
530,4074.9600215140395
531,4088.760902682639
532,4103.785985516155
533,4121.323670592519
534,4139.738362997731
535,4161.001411166297
536,4184.736350156817
537,4210.3227658203605
538,4237.483949972574
539,4262.712924759268
540,4285.242069466776
541,4305.002501286614
542,4323.472726278227
543,4335.491663544688
544,4346.068020520804
545,4354.6545092658425
546,4361.716343962315
547,4367.444555303338
548,4371.4007847867415
549,4372.902561475704
550,4373.46940717941
551,4372.800217229029
552,4371.371712439236
553,4369.780677118292
554,4368.567856101698
555,4367.657965988011
556,4361.238306753341
557,4351.999435691654
558,4338.938122582541
559,4320.393595039468
560,4299.656151662894
561,4276.627185289504
562,4251.131153920982
563,4225.176640034852
564,4195.365728214162
565,4163.452555740365
566,4130.746493909252
567,4098.195742217467
568,4062.972512863945
569,4028.1278935860573
570,3997.8130748142944
571,3969.6641155134525
572,3945.182337552721
573,3923.5033315353794
574,3902.5958780056244
575,3885.4688293872773
576,3870.199382325268
577,3856.3271506800215
578,3842.159599174651
579,3827.6712187166822
580,3814.146702686682
581,3803.4215386861083
582,3791.9115905138024
583,3780.304963250629
584,3767.960071322137
585,3756.459408893115
586,3741.143735890845
587,3724.559981376135
588,3706.633263648145
589,3689.138806730149
590,3672.910982196563
591,3657.514207397624
592,3644.146283315126
593,3632.5360664947134
594,3623.8335835289035
595,3619.8815547346226
596,3620.5360116161564
597,3624.260648737396
598,3630.0307256259894
599,3639.402511106763
600,3651.481574798937
601,3665.2081033253753
602,3678.9754968757034
603,3692.711730379195
604,3705.8580957920967
605,3719.3045069334094
606,3730.8607381761303
607,3741.7253348022655
608,3752.156183804309
609,3764.275155182265
610,3777.8807879726755
611,3792.0987440658205
612,3806.5522280263276
613,3820.1582446092007
614,3835.5116812013302
615,3851.8438193295733
616,3868.773766850737
617,3886.1001863519355
618,3902.007248228242
619,3920.2595014085064
620,3941.6500318467606
621,3961.5744188561725
622,3979.799051117802
623,3994.6966230469257
624,4005.227268719496
625,4015.0829654020617
626,4024.153522024833
627,4032.044906286644
628,4039.4579283505523
629,4047.2610644327024
630,4053.917972020331
631,4064.018740736301
632,4077.2509420383462
633,4094.5553201908997
634,4117.129268092314
635,4142.223776303718
636,4170.62926184346
637,4202.276505271111
638,4235.170161821928
639,4269.573105486168
640,4304.90356376951
641,4341.974387412134
642,4380.290334942152
643,4419.488017859325
644,4456.394748609948
645,4493.794810164702
646,4527.8348352578505
647,4557.8345541061735
648,4584.5854417802975
649,4604.174021430517
650,4622.186598051414
651,4638.082395866479
652,4649.141474227121
653,4656.207361985887
654,4659.3279951042705
655,4660.915233831894
656,4658.249432451954
657,4654.244973884749
658,4648.978290820328
659,4642.626216459063
660,4637.008700815832
661,4628.246471106956
662,4616.933567954915
663,4603.62963115097
664,4590.12613826036
665,4575.954952186188
666,4562.645066015489
667,4551.328220387151
668,4538.5556639803945
669,4526.2666386742285
670,4513.9884857637535
671,4501.323546017949
672,4490.071556748321
673,4480.226785694358
674,4474.088543620749
675,4473.5068623999905
676,4477.327445986671
677,4488.017585249257
678,4503.025791783391
679,4520.933462105637
680,4539.930149492463
681,4559.469315576023
682,4577.993389744852
683,4594.025659825662
684,4607.973734795966
685,4619.247451021135
686,4629.9165632484255
687,4635.63405672748
688,4635.50359092193
689,4628.189880805606
690,4612.941249778194
691,4590.413158753682
692,4560.7746841557655
693,4524.438118404654
694,4484.63999426888
695,4441.507133233122
696,4393.926800011573
697,4344.234417771881
698,4292.099466288931
699,4240.503379341947
700,4189.295240320291
701,4140.565972514233
702,4096.417364429314
703,4057.8092908921894
704,4023.532367012521
705,3991.4872099734807
706,3963.0925734668976
707,3938.640310040961
708,3917.7164352622294
709,3901.495365609614
710,3889.5662001407213
711,3883.5291488976086
712,3879.437515049501
713,3878.401525571012
714,3879.512754004351
715,3878.9911853324
716,3881.9053038955867
717,3884.539007208999
718,3887.7710402715265
719,3894.520996734572
720,3906.0681416808943
721,3920.5108586637275
722,3934.4994355476447
723,3947.102514008821
724,3956.368170417805
725,3963.7864594308007
726,3969.0776156044158
727,3972.482645888879
728,3975.6708699285946
729,3977.815208175018
730,3980.8153940105262
731,3984.6742238379616
732,3984.027916427104
733,3981.88871734141
734,3977.30329831173
735,3968.498799511609
736,3957.8451559193595
737,3949.516383971975
738,3940.894739613218
739,3939.6619490306243
740,3946.9009300358316
741,3953.198843510362
742,3968.431484599131
743,3992.0134094250857
744,4020.5849798494805
745,4050.801724819238
746,4082.3311827946286
747,4112.3196750523275
748,4140.0026306887685
749,4164.537395140254
750,4189.201854131103
751,4212.549569633057
752,4235.3939534588535
753,4256.450992948423
754,4275.4521087587445
755,4294.684400233533
756,4313.201275844438
757,4331.898608189851
758,4349.247669673756
759,4366.522303577199
760,4382.305247344839
761,4395.775173774199
762,4405.787162934284
763,4411.094248357489
764,4414.750269632129
765,4413.174980804906
766,4406.575239172012
767,4397.145712120659
768,4384.989286735296
769,4368.809029969934
770,4350.774466756065
771,4328.3135967665385
772,4303.502222747817
773,4279.271926006046
774,4258.560746866958
775,4239.131069781488
776,4221.646456322631
777,4205.8328182738605
778,4193.170122437775
779,4183.133765962481
780,4173.457576652838
781,4165.233489561827
782,4159.564793937049
783,4155.360535697396
784,4152.772891392016
785,4153.212022002887
786,4155.104603992517
787,4158.514665930736
788,4162.183601231253
789,4165.962936104413
790,4166.718385724134
791,4165.983153892275
792,4165.261735522414
793,4165.789681774063
794,4166.56304598391
795,4169.51218447131
796,4175.164191396269
797,4184.9275116329345
798,4193.421600238834
799,4205.177921953258
800,4217.379801645241
801,4229.229260115414
802,4241.381057612008
803,4249.893353262984
804,4257.112887603249
805,4260.685488854955
806,4259.219586122247
807,4254.5187100953
808,4248.81596764099
809,4240.629167670252
810,4232.129952527903
811,4223.960022616877
812,4215.888018907267
813,4210.172130327863
814,4204.924037736774
815,4202.006212856421
816,4202.316423371164
817,4205.811492872971
818,4215.109874259945
819,4227.978922718302
820,4242.618977011803
821,4259.613378228798
822,4281.7387527302235
823,4302.775924258135
824,4326.143007568989
825,4349.796005948829
826,4371.613260910188
827,4390.742337895041
828,4406.795977637388
829,4421.143274296547
830,4433.361711103104
831,4442.363482244537
832,4449.406872990019
833,4455.588477245605
834,4458.305980764238
835,4457.850834332979
836,4454.276754300437
837,4446.628196576255
838,4437.021165307127
839,4424.2336599370265
840,4410.064302744103
841,4396.922158962149
842,4384.430129655201
843,4372.790669795732
844,4363.172472894455
845,4355.60764521415
846,4346.88997757869
847,4337.660474062666
848,4325.728887666054
849,4312.7261744547295
850,4299.984534660844
851,4290.400915568513
852,4285.28319263174
853,4283.4275431215965
854,4286.76648643519
855,4289.671367118017
856,4297.005719814481
857,4308.6858366309425
858,4322.364038705043
859,4336.874153386769
860,4350.394306345372
861,4362.026970496137
862,4370.4818989379355
863,4377.1563525602705
864,4384.0966403999455
865,4390.2356708880625
866,4393.462284519142
867,4393.99162533313
868,4391.724035572756
869,4386.969746243705
870,4383.0039336712725
871,4374.263981758768
872,4361.840659589445
873,4347.320270905509
874,4328.386643716479
875,4310.643204961201
876,4292.140354382346
877,4273.099339044926
878,4252.862081260608
879,4234.99516859546
880,4217.669450287975
881,4201.234758295011
882,4188.105774706487
883,4177.007987655414
884,4167.449983487572
885,4158.257123008854
886,4148.255191242093
887,4139.951621885744
888,4133.857828564614
889,4127.982737988793
890,4123.772501203117
891,4119.933134859604
892,4117.459067340105
893,4115.782049362611
894,4111.657275161183
895,4106.566803965408
896,4103.459219011854
897,4099.7021215465875
898,4095.3025295233615
899,4088.1306827101403
900,4077.9701001119743
901,4067.4307093404814
902,4053.5024982866876
903,4039.102994942925
904,4025.5208118717337
905,4011.347652659492
906,3998.025240137186
907,3983.5065615081558
908,3969.930241961227
909,3958.597818357028
910,3951.228066310409
911,3949.5183975025193
912,3948.0309856396557
913,3951.743350361127
914,3961.1655616385174
915,3973.743228843889
916,3991.531689859339
917,4016.412310904562
918,4047.4060915732753
919,4084.0458422972047
920,4124.57349510714
921,4167.663556874045
922,4214.161697184058
923,4263.784289749386
924,4312.675179162487
925,4361.417523149593
926,4407.443476471732
927,4451.4786816967435
928,4491.267890774806
929,4528.66918123238
930,4560.321583135743
931,4586.918320942302
932,4607.326410959806
933,4622.6320119430775
934,4636.059229038897
935,4646.979446462363
936,4653.295987782805
937,4657.0946675765135
938,4659.230419888259
939,4660.028692186381
940,4658.011400053779
941,4655.1633883862705
942,4650.854879282696
943,4646.452875034602
944,4637.455736949959
945,4627.514876718056
946,4615.7520777654645
947,4603.496999762453
948,4588.847249203555
949,4573.502509433185
950,4559.236231035645
951,4543.612836933414
952,4528.3172228955555
953,4513.345762168529
954,4498.213931736171
955,4482.1420154899315
956,4465.415668468172
957,4446.944811128715
958,4427.693156074759
959,4408.734180450328
960,4390.082330481405
961,4370.75280694162
962,4350.454455548004
963,4332.599083025172
964,4313.445150649392
965,4293.825099628981
966,4271.655116052299
967,4246.543872490295
968,4216.733861444342
969,4190.799151834363
970,4161.7403936771
971,4128.68697523063
972,4092.844222284564
973,4054.3076843706713
974,4011.7390846544126
975,3964.245231242121
976,3913.2702026281645
977,3858.86996477849
978,3805.2047703665476
979,3753.3808227747054
980,3703.7303310813636
981,3657.7261222267443
982,3614.350805322546
983,3575.3249717463063
984,3538.337268099346
985,3505.055660139323
986,3473.3453431978123
987,3443.989811122195
988,3418.018250122491
989,3395.8201328178443
990,3377.485186033012
991,3362.0664658195064
992,3349.0213590550243
993,3338.711925922031
994,3331.880211197896
995,3328.3974013760553
996,3330.117101836895
997,3335.4225922616392
998,3342.8692430624424
999,3352.9927231565944
1000,3365.461871516725
1001,3383.8781376390994
1002,3405.931550792337
1003,3430.8149976666245
1004,3458.214242222497
1005,3488.847655770337
1006,3520.446017552578
1007,3553.4201602124963
1008,3587.8547125568753
1009,3621.431270518573
1010,3656.5373747648805
1011,3692.302524878394
1012,3728.402974207291
1013,3764.407095354293
1014,3797.7461329944495
1015,3829.5051094891346
1016,3858.279871695176
1017,3883.8353570367467
1018,3905.511674943079
1019,3924.2414542992196
1020,3939.752129700557
1021,3953.998276276779
1022,3964.212291936015
1023,3970.47320766974
1024,3974.866371664269
1025,3975.5641352180924
1026,3976.171189509919
1027,3974.9745817754
1028,3973.1522246225427
1029,3971.261708152358
1030,3971.2746462890573
1031,3972.293488531776
1032,3974.935304769722
1033,3978.7576811415274
1034,3982.796030383331
1035,3988.850551545958
1036,3995.572117375473
1037,4004.4274325252713
1038,4014.566085901467
1039,4025.758413919639
1040,4036.4053155308193
1041,4045.3669113563997
1042,4051.8419788040774
1043,4057.176969533942
1044,4059.0209127966878
1045,4057.0274315344745
1046,4052.409571090361
1047,4045.537451540263
1048,4034.319226798693
1049,4019.1441408112187
1050,4000.294190917061
1051,3976.595162885558
1052,3951.113063885351
1053,3922.619947558115
1054,3892.481556636183
1055,3862.450490883058
1056,3830.8606621907084
1057,3799.718296477313
1058,3768.0745841750822
1059,3738.1993977166867
1060,3710.2899341685015
1061,3684.823487447957
1062,3660.68372054679
1063,3635.997568060107
1064,3613.367366654328
1065,3592.4316760755773
1066,3572.917962577521
1067,3553.823049123322
1068,3535.9316519252006
1069,3521.7664147493338
1070,3510.0605115118087
1071,3501.8064603111316
1072,3498.177836442653
1073,3500.513997680799
1074,3507.562938186241
1075,3520.8042238514154
1076,3541.205729881572
1077,3568.5707134177114
1078,3602.749849795572
1079,3642.0705700143994
1080,3684.728529780167
1081,3729.250657693614
1082,3773.824910430805
1083,3812.6045103121614
1084,3852.0994882358686
1085,3892.843888926585
1086,3935.085497299259
1087,3979.5340660081793
1088,4027.2387708733772
1089,4077.28554732515
1090,4128.9959959652615
1091,4182.461727346143
1092,4236.731476911918
1093,4293.192084964261
1094,4350.9426224608105
1095,4410.670778142296
1096,4471.813209703534
1097,4534.71868572191
1098,4598.500747288389
1099,4661.473209956409
1100,4725.285500337941
1101,4787.393814743181
1102,4847.599118201741
1103,4905.059488549318
1104,4958.380875063899
1105,5008.24624662641
1106,5054.380596940658
1107,5096.309977877574
1108,5136.068337097093
1109,5172.47675748771
1110,5204.226901325076
1111,5231.03628009618
1112,5253.663280060717
1113,5272.655453043165
1114,5289.007020287144
1115,5302.21149882019
1116,5311.24532609646
1117,5316.134111051904
1118,5315.529634196886
1119,5312.460160005679
1120,5303.90741703393
1121,5289.971630030642
1122,5270.422370366034
1123,5244.909177279264
1124,5214.373628871204
1125,5179.856207276927
1126,5138.752544017391
1127,5092.206214140911
1128,5042.033839695942
1129,4987.541500440424
1130,4930.843213561588
1131,4873.237025047747
1132,4814.169242521767
1133,4752.176727946431
1134,4689.635345813511
1135,4624.588054171112
1136,4558.420478947268
1137,4490.211346583845
1138,4419.818792604312
1139,4347.7526161606
1140,4285.055042654571
1141,4219.2669733573985
1142,4151.632587239867
1143,4081.954832658608
1144,4011.1023751176253
1145,3939.46600071324
1146,3870.0993057213745
1147,3803.042112355703
1148,3737.824641546603
1149,3674.9105061915443
1150,3616.2712936193693
1151,3561.0340371500074
1152,3508.5297970937877
1153,3461.3426783387276
1154,3418.9812147774455
1155,3380.9938968730103
1156,3349.312083971623
1157,3321.4602940461027
1158,3297.2078589707075
1159,3274.8981749221034
1160,3255.1433778488044
1161,3238.730790883236
1162,3225.169710270642
1163,3214.775455265179
1164,3207.5832095494197
1165,3203.4810109510586
1166,3200.530965933718
1167,3198.933042418902
1168,3199.664944873619
1169,3202.94997317822
1170,3210.67206765764
1171,3221.8594761583117
1172,3236.0808890714316
1173,3252.683209000623
1174,3270.8245445979537
1175,3290.92082892876
1176,3309.868651430359
1177,3329.2319548302403
1178,3348.587938625334
1179,3366.5470707854215
1180,3384.8099265962855
1181,3401.4756871917007
1182,3417.498663808011
1183,3433.355638676572
1184,3449.1976181044333
1185,3463.61641815437
1186,3476.2065974455036
1187,3487.8901658599393
1188,3499.7962984384612
1189,3510.3201640890684
1190,3522.711766428839
1191,3535.409367103164
1192,3547.384753289214
1193,3559.017309908535
1194,3568.780647385482
1195,3576.864368971793
1196,3583.332554414654
1197,3588.9598757499434
1198,3592.84908291551
1199,3596.1798478735277
1200,3601.3314933772713
1201,3608.9897674761496
1202,3619.1360196896967
1203,3632.404152929228
1204,3650.1410691700708
1205,3669.3229099273576
1206,3689.784005544494
1207,3710.3667032574995
1208,3732.3440113353704
1209,3756.4005805089855
1210,3781.2655856000792
1211,3806.4317036786165
1212,3832.9664821203196
1213,3858.378493622852
1214,3882.158088458426
1215,3905.162979093243
1216,3926.7227256104825
1217,3948.3295092683115
1218,3970.5477292199744
1219,3993.5411114478593
1220,4015.5986448545614
1221,4036.8306770408526
1222,4055.6645582897822
1223,4073.7634946745306
1224,4089.77196621957
1225,4103.241843071055
1226,4114.7736343513725
1227,4125.741911711765
1228,4138.069748080851
1229,4151.288608497307
1230,4164.698392896686
1231,4177.71314626803
1232,4189.864833562866
1233,4200.952909717198
1234,4209.843023325747
1235,4217.0055663511475
1236,4222.83969162211
1237,4227.913773505637
1238,4231.952947864913
1239,4235.255976779939
1240,4237.5748013076345
1241,4237.70267301036
1242,4235.6663771884305
1243,4229.886687775399
1244,4220.00562177087
1245,4208.263989206923
1246,4196.02495766339
1247,4184.277729850947
1248,4175.0070143768025
1249,4168.060934373554
1250,4162.359477840399
1251,4154.776962336966
1252,4142.613182161564
1253,4123.992781840556
1254,4107.793033561279
1255,4085.8883335184773
1256,4060.096194802022
1257,4033.853830430076
1258,4008.9570432773885
1259,3988.300585418454
1260,3972.8021293876322
1261,3961.8022216685204
1262,3954.102471167754
1263,3949.471672303469
1264,3947.2948380795756
1265,3949.157581839673
1266,3955.0576367772715
1267,3965.7928320223778
1268,3980.6258457052104
1269,3997.9396614708203
1270,4015.5771594551193
1271,4033.4105792607074
1272,4051.6066731432065
1273,4066.9549170953114
1274,4082.8588401426105
1275,4099.258378396534
1276,4118.636132161034
1277,4137.451993627961
1278,4156.251743308161
1279,4175.965597134865
1280,4194.715948003771
1281,4211.761030751824
1282,4228.180838581958
1283,4245.814989403875
1284,4264.686779316281
1285,4283.595344515283
1286,4303.095346208208
1287,4322.586595335044
1288,4341.713723083034
1289,4361.387966621222
1290,4381.10067634154
1291,4400.200525820145
1292,4419.660998189758
1293,4439.626878705966
1294,4457.368643670987
1295,4474.530545137203
1296,4490.100525644675
1297,4504.879624654432
1298,4519.309899191482
1299,4531.805621522519
1300,4542.207998834522
1301,4550.8974254878885
1302,4559.11658612548
1303,4565.4175962893705
1304,4570.872764864138
1305,4577.654849851656
1306,4581.605748312746
1307,4582.977982446786
1308,4580.043626704336
1309,4572.067478552993
1310,4558.988415338847
1311,4547.60963034254
1312,4528.788100205302
1313,4502.191053098309
1314,4470.766072678006
1315,4434.703282648285
1316,4393.995852741977
1317,4349.311165767374
1318,4301.636086916933
1319,4250.1157600981605
1320,4198.155206357389
1321,4143.317756285842
1322,4087.3257932231186
1323,4032.898194109214
1324,3978.7013901794094
1325,3926.936598679204
1326,3875.761039458618
1327,3827.4896419647325
1328,3783.2406027532593
1329,3742.6927376663266
1330,3705.9720594771366
1331,3672.0764338749427
1332,3642.631852907717
1333,3616.589551067733
1334,3594.3955961218653
1335,3575.549337026385
1336,3559.0468961803613
1337,3545.9441661574097
1338,3535.3872490783574
1339,3527.0263381298023
1340,3522.0712922249627
1341,3519.7580870274614
1342,3520.1224733029153
1343,3522.916231492878
1344,3526.560646746673
1345,3531.705603560842
1346,3537.527297902849
1347,3545.703869402514
1348,3557.756983136823
1349,3571.4523661048825
1350,3589.0829105840367
1351,3609.1421637568733
1352,3633.4974059736855
1353,3664.0198080387777
1354,3700.15306175275
1355,3741.2555977702305
1356,3786.340970748812
1357,3835.919538616923
1358,3889.4873768288276
1359,3947.3811830823574
1360,4006.6641602114946
1361,4068.7187410197503
1362,4133.585314146033
1363,4201.977980023483
1364,4272.648834355406
1365,4344.229895237064
1366,4416.958598037635
1367,4491.223935726176
1368,4555.834779515206
1369,4622.582367862168
1370,4691.495552479007
1371,4761.625794663229
1372,4831.7313038962
1373,4901.753960038589
1374,4971.444314138228
1375,5039.248487876162
1376,5103.5892939402365
1377,5166.224838429991
1378,5226.493392257948
1379,5283.384709683257
1380,5335.848655153003
1381,5383.445759758047
1382,5426.066228626153
1383,5461.76105412699
1384,5491.024442457461
1385,5514.701283401127
1386,5534.380002422553
1387,5547.77991568862
1388,5555.177814610827
1389,5559.777674327892
1390,5560.99803732595
1391,5558.233335997604
1392,5554.820315700363
1393,5549.203727760268
1394,5542.380320715998
1395,5533.449535851133
1396,5522.942492699997
1397,5509.075780703743
1398,5491.440879874315
1399,5470.644461771065
1400,5445.462882877641
1401,5417.279598855094
1402,5386.278431007674
1403,5351.704460306721
1404,5314.07495553381
1405,5271.1050939574725
1406,5221.398985978476
1407,5165.229231642846
1408,5101.781417546445
1409,5034.474097390188
1410,4967.158210031029
1411,4898.501420870622
1412,4827.695651524071
1413,4756.271601432053
1414,4684.611757007844
1415,4611.785157663041
1416,4539.814560374123
1417,4467.420327874041
1418,4395.127394367554
1419,4322.5831563026995
1420,4249.637207227008
1421,4174.581152635756
1422,4099.697767259965
1423,4024.307953255655
1424,3949.7603409803373
1425,3884.9039183008113
1426,3819.4934550930748
1427,3755.0344099491886
1428,3694.374025695339
1429,3640.6075594802687
1430,3595.304051942779
1431,3557.478348756091
1432,3529.5215588761653
1433,3507.938927662417
1434,3492.9314780872487
1435,3484.73251213372
1436,3482.452733794922
1437,3483.5507110264884
1438,3490.082201310456
1439,3500.9962681530674
1440,3516.9267204072066
1441,3535.371321405809
1442,3559.9235695585303
1443,3587.285833593129
1444,3616.463254559001
1445,3644.929299653127
1446,3673.4229012410083
1447,3703.23219074088
1448,3732.83817228107
1449,3764.8248734627427
1450,3797.103020289522
1451,3828.3771776629865
1452,3857.603099420455
1453,3884.6336378374913
1454,3910.632550850928
1455,3935.382219724056
1456,3961.0277002755597
1457,3985.5946330446527
1458,4008.9481142184354
1459,4032.685781098894
1460,4055.0783487641056
1461,4075.4783186344353
1462,4095.162334541923
1463,4114.840148723712
1464,4133.73354691411
1465,4150.939837613304
1466,4168.981432972641
1467,4185.837725775861
1468,4203.834099691275
1469,4223.123519989726
1470,4243.296367214791
1471,4266.209912292615
1472,4290.338606773954
1473,4317.627162165698
1474,4346.865945546406
1475,4378.836698817158
1476,4413.023921735843
1477,4448.665293465152
1478,4481.902385640743
1479,4511.442283030916
1480,4538.969995751134
1481,4561.444515290411
1482,4580.997347289582
1483,4595.217795057091
1484,4603.385276975886
1485,4605.794303512951
1486,4601.621942354179
1487,4590.333451927847
1488,4571.965891230138
1489,4546.9013994586285
1490,4516.069378730991
1491,4481.6230448891165
1492,4443.7901651581205
1493,4404.612812647832
1494,4365.188832465957
1495,4325.550356093508
1496,4286.859528996563
1497,4250.225011489751
1498,4215.974621824201
1499,4183.6287432731815
1500,4152.948101903194
1501,4124.379186324192
1502,4099.664511742881
1503,4078.7042813604835
1504,4059.872094168397
1505,4043.9206184263917
1506,4032.071236338122
1507,4022.9331666625044
1508,4017.407213892764
1509,4016.0227895935936
1510,4018.36790835989
1511,4023.9709726915453
1512,4032.132708342542
1513,4043.6433121513364
1514,4057.0165393956645
1515,4071.642522031745
1516,4086.701884742093
1517,4103.356977330709
1518,4120.308105610072
1519,4138.611925124377
1520,4158.198057904688
1521,4176.166876985558
1522,4193.064007022705
1523,4207.5353123620225
1524,4219.579863266835
1525,4228.9223262230225
1526,4236.762590360458
1527,4241.784564360879
1528,4245.537194379938
1529,4247.186976895202
1530,4245.171439294146
1531,4240.320173269293
1532,4234.2845227459065
1533,4226.21688654263
1534,4215.164661609536
1535,4202.575242970342
1536,4189.97976754205
1537,4176.056542616751
1538,4163.883786640243
1539,4153.293488940681
1540,4144.766626670565
1541,4136.152492853177
1542,4126.015719412309
1543,4116.4926619005455
1544,4107.707180130845
1545,4099.174900036225
1546,4089.926750484358
1547,4078.6954663355923
1548,4067.7051290514955
1549,4056.9402518258444
1550,4047.3295753992143
1551,4037.2379981056774
1552,4026.0544098427226
1553,4014.083020566178
1554,3999.87052521655
1555,3986.940577799502
1556,3975.192596508166
1557,3963.572301966939
1558,3953.248260338949
1559,3945.7093797198822
1560,3938.7580145775414
1561,3932.9479019370065
1562,3928.6130340355635
1563,3924.2591424533784
1564,3919.4374555385994
1565,3913.3742058668545
1566,3906.656104989971
1567,3900.9649743039954
1568,3895.0018307744126
1569,3890.9998705512417
1570,3890.5518892341015
1571,3893.09496096963
1572,3899.6692957333353
1573,3908.208696251603
1574,3918.6097022625645
1575,3928.4374445834173
1576,3937.8568579875846
1577,3947.0334430160447
1578,3957.4437389188533
1579,3967.8676668208886
1580,3979.5815102331294
1581,3993.923790319922
1582,4012.5898785798877
1583,4033.6514944779333
1584,4056.2013498412257
1585,4081.645298034475
1586,4110.632175489455
1587,4141.830090194169
1588,4174.417568205398
1589,4210.2674003412485
1590,4247.957332739052
1591,4287.1255495419655
1592,4325.714844898064
1593,4364.090494513348
1594,4399.64887854593
1595,4433.991039637611
1596,4463.868719787374
1597,4492.720210144147
1598,4524.533156901689
1599,4557.081380059898
1600,4590.378636338674
1601,4624.9380580333245
1602,4663.582463578446
1603,4704.2608345045755
1604,4747.496734409073
1605,4793.699110216222
1606,4841.4733895351665
1607,4889.419324600042
1608,4939.014818218805
1609,4987.9158286728525
1610,5033.288032867626
1611,5074.457782068937
1612,5111.122913520912
1613,5144.312943580581
1614,5173.105843029368
1615,5199.715314159328
1616,5222.705965717225
1617,5241.52326131368
1618,5256.2458591039585
1619,5267.175221594731
1620,5276.2946844052085
1621,5281.962612580758
1622,5285.908213256394
1623,5288.728248005478
1624,5290.7202386455465
1625,5292.027004697864
1626,5292.433986643126
1627,5290.945698563396
1628,5285.853659767921
1629,5278.927602318875
1630,5271.451454240973
1631,5262.075803580009
1632,5249.445973528504
1633,5234.786618466382
1634,5219.455228310255
1635,5202.11423355995
1636,5181.936640071963
1637,5159.281813737625
1638,5135.332243417143
1639,5107.850339399182
1640,5079.859790376396
1641,5052.552142168072
1642,5025.489808898676
1643,5001.167048099093
1644,4976.911399891324
1645,4955.079883768727
1646,4934.6475014501375
1647,4914.379421273554
1648,4892.70937921545
1649,4871.319997977469
1650,4849.614443803174
1651,4825.232210179771
1652,4798.502789669808
1653,4775.24819382614
1654,4747.287208761303
1655,4714.28943874886
1656,4678.790819688484
1657,4643.048209330532
1658,4609.3548485736155
1659,4576.698597876115
1660,4548.209960332049
1661,4522.167373531162
1662,4500.523231536779
1663,4482.478129503505
1664,4470.841673871008
1665,4462.012310773173
1666,4458.464421753022
1667,4459.167227503765
1668,4463.196273505547
1669,4467.963050726634
1670,4475.039364779131
1671,4483.141776411522
1672,4492.992098601629
1673,4504.4271741549455
1674,4518.76997189415
1675,4534.742095330587
1676,4549.563736116727
1677,4564.649957626627
1678,4579.2172537473425
1679,4592.231785894678
1680,4603.128254568498
1681,4613.691384335805
1682,4625.74245810632
1683,4639.9191773180955
1684,4655.323665473321
1685,4672.19657770032
1686,4691.411593691457
1687,4710.45977962282
1688,4728.768717353396
1689,4747.083509038315
1690,4765.931321635027
1691,4785.871227528197
1692,4805.674917798029
1693,4825.357241539356
1694,4844.90212191062
1695,4863.464243942176
1696,4881.38007486797
1697,4898.053977202313
1698,4913.768669054791
1699,4927.582454030149
1700,4938.989853718869
1701,4948.375319882125
1702,4954.622688778831
1703,4957.571536063773
1704,4956.970824117705
1705,4952.441841374496
1706,4943.300611816753
1707,4927.641312594608
1708,4908.639926788544
1709,4884.6337638458035
1710,4863.748402085618
1711,4840.235618297067
1712,4815.973225692519
1713,4789.20821053719
1714,4761.47717694117
1715,4735.432996039548
1716,4711.772855917342
1717,4691.797507334583
1718,4673.237486514115
1719,4658.357777550959
1720,4642.178539409231
1721,4624.037743999287
1722,4604.693076560308
1723,4584.894247148241
1724,4565.07721317874
1725,4543.654691817766
1726,4520.789692841946
1727,4497.725284707686
1728,4474.324440780914
1729,4449.059622338927
1730,4422.8844777623135
1731,4399.460614603836
1732,4377.922394297374
1733,4355.259178681567
1734,4332.544679571332
1735,4310.641297999301
1736,4288.767015633242
1737,4263.5573592020855
1738,4237.54216790893
1739,4210.683331081824
1740,4183.703838788549
1741,4157.532535968037
1742,4133.200478922696
1743,4109.98716374203
1744,4084.9978346187
1745,4060.4951623308352
1746,4038.789951609039
1747,4018.6217087274154
1748,3999.2182241975383
1749,3979.910080420343
1750,3961.943348722672
1751,3945.9387971803285
1752,3935.7656915770613
1753,3930.96703396317
1754,3932.3206413099274
1755,3939.4406383086452
1756,3952.195387779728
1757,3972.8735886983495
1758,3998.2224676822766
1759,4027.1972404019957
1760,4058.751171725326
1761,4095.5184981310395
1762,4133.305448615799
1763,4169.804926124988
1764,4202.664722696023
1765,4233.345844777701
1766,4258.592156181838
1767,4280.556447103438
1768,4299.690838959054
1769,4313.904273372948
1770,4323.204342977684
1771,4330.335720635868
1772,4335.640430698505
1773,4338.410961228516
1774,4340.440605800127
1775,4340.571497551482
1776,4344.094116828131
1777,4350.267615322707
1778,4357.4822658560815
1779,4364.637386399574
1780,4372.16503627516
1781,4379.185437258568
1782,4385.990670333957
1783,4391.115230622603
1784,4395.5455982875965
1785,4398.822843709757
1786,4399.773215192037
1787,4400.05051311666
1788,4400.31688150143
1789,4400.266783146769
1790,4400.638008796179
1791,4402.784346308779
1792,4403.641653015748
1793,4403.683086925624
1794,4402.459751059115
1795,4400.096526844897
1796,4396.378610991955
1797,4392.537025168186
1798,4388.657911697384
1799,4382.834477876442
1800,4376.18864292433
1801,4367.734946775203
1802,4356.757666636345
1803,4342.019237505651
1804,4323.5588246125435
1805,4300.054029909233
1806,4272.203363710141
1807,4242.903196778055
1808,4211.31499405856
1809,4177.186197202802
1810,4140.976289797949
1811,4103.027918340126
1812,4064.653478207139
1813,4026.1254141439535
1814,3987.884681379764
1815,3952.4546453635385
1816,3919.682254282962
1817,3889.365014171351
1818,3861.6230416387702
1819,3836.3483960047024
1820,3811.4504306821223
1821,3785.6820122864933
1822,3758.3178668700343
1823,3728.6967856483725
1824,3702.9264449855264
1825,3674.8427914276704
1826,3645.728856807415
1827,3615.487584952455
1828,3586.735341764348
1829,3560.049236744117
1830,3537.119829633152
1831,3517.4142141875095
1832,3500.60683440065
1833,3486.6747012637293
1834,3475.203337373205
1835,3466.1513734875352
1836,3459.500779004253
1837,3455.3652392564727
1838,3453.5173136127028
1839,3451.231144082714
1840,3446.575286652324
1841,3440.99378630493
1842,3432.8590223186766
1843,3423.628434106557
1844,3414.7116841522957
1845,3407.115890191232
1846,3400.7284340529964
1847,3394.8609888443025
1848,3388.691863285383
1849,3380.173690658671
1850,3371.873018107614
1851,3363.140935191106
1852,3354.6278962745337
1853,3347.317770646591
1854,3343.5740538575615
1855,3344.204206652394
1856,3346.7922625708143
1857,3354.48584776042
1858,3363.49386665512
1859,3374.176709091601
1860,3383.8029450229897
1861,3396.0296439705608
1862,3409.722819503572
1863,3425.1785010778235
1864,3442.3584130210415
1865,3462.379166394522
1866,3484.2752736606903
1867,3506.338554465912
1868,3530.5350124946317
1869,3554.881171410117
1870,3580.5225513077185
1871,3607.798924993026
1872,3637.892948839155
1873,3670.9255119166114
1874,3708.4736241534915
1875,3749.2486906287268
1876,3792.021315291618
1877,3835.983301093798
1878,3879.364336759501
1879,3918.8015051313514
1880,3952.635118028441
1881,3982.0703612489087
1882,4007.351703936657
1883,4030.9777256671578
1884,4054.1381008675976
1885,4074.2883343665044
1886,4092.67891656757
1887,4109.9907410171845
1888,4127.530516846485
1889,4144.676593932902
1890,4163.82047499053
1891,4184.446181309638
1892,4206.221601987817
1893,4229.091407042128
1894,4255.49233020217
1895,4285.39930476267
1896,4314.958945013767
1897,4343.686614594733
1898,4372.117756318241
1899,4399.7085649187375
1900,4428.227365309192
1901,4455.74038335818
1902,4482.834308830004
1903,4507.879538406058
1904,4530.325263174786
1905,4550.529740860043
1906,4568.716678884365
1907,4585.204459686631
1908,4599.182927722912
1909,4610.496667072866
1910,4622.750607898497
1911,4634.029363963552
1912,4645.186145563561
1913,4653.888204048842
1914,4662.383655022777
1915,4671.2995086727105
1916,4677.277056703799
1917,4681.807834078696
1918,4684.009481319661
1919,4684.333234609068
1920,4681.561206991824
1921,4676.838713908901
1922,4670.8396989945995
1923,4662.330768943462
1924,4654.556358278449
1925,4644.322326534022
1926,4634.344317702312
1927,4625.310786015772
1928,4614.1181916589685
1929,4604.097578523399
1930,4593.684573529106
1931,4587.2015312421145
1932,4581.737608846665
1933,4576.822318371451
1934,4570.369554839181
1935,4564.2053647401935
1936,4554.862375631929
1937,4540.712050090797
1938,4528.401266870011
1939,4514.182003491369
1940,4500.742910511046
1941,4487.822743519056
1942,4477.345011458795
1943,4468.105896654879
1944,4463.343601921544
1945,4461.906049775408
1946,4460.70939065154
1947,4459.614649724386
1948,4458.205950860644
1949,4454.793761799126
1950,4452.85677112172
1951,4449.412275507118
1952,4446.205387471804
1953,4442.858632538554
1954,4441.784809718336
1955,4442.8136471416865
1956,4444.518231386333
1957,4446.286189436041
1958,4452.744085462776
1959,4462.042671198019
1960,4474.048616247782
1961,4489.694363367391
1962,4508.114230373595
1963,4528.861983698657
1964,4552.319938350756
1965,4575.736047364123
1966,4600.723876740577
1967,4625.374312873827
1968,4648.764352897687
1969,4672.9180601952585
1970,4696.101650837086
1971,4722.929672494618
1972,4750.78168368241
1973,4778.277645636153
1974,4804.92553950645
1975,4828.081142074069
1976,4849.019352039695
1977,4867.300594624832
1978,4886.021247979955
1979,4905.147675683656
1980,4922.0939898976485
1981,4938.544358088625
1982,4952.719283938155
1983,4967.064933200206
1984,4976.2970236997235
1985,4983.484478814076
1986,4988.102355417651
1987,4991.3810393169715
1988,4992.305820372643
1989,4991.405364984112
1990,4988.946608764186
1991,4987.888525306986
1992,4983.92251953822
1993,4982.154230950708
1994,4981.921338733825
1995,4981.718722505137
1996,4980.2323876973105
1997,4975.732017789435
1998,4968.871034072922
1999,4961.562819444956
2000,4954.914267634604
2001,4949.506300107285
2002,4944.387763758533
2003,4940.53777353503
2004,4935.8740420806125
2005,4928.03692308238
2006,4917.930189778105
2007,4905.249688069695
2008,4886.124803070817
2009,4862.197377719729
2010,4834.989493998617
2011,4805.861019573148
2012,4774.187000758927
2013,4741.209865648388
2014,4706.010706017965
2015,4670.591437663699
2016,4633.213319204386
2017,4591.555505902279
2018,4545.023290602152
2019,4496.414144862278
2020,4443.990076334015
2021,4388.797783865351
2022,4330.748679518707
2023,4273.163718908355
2024,4217.174253124157
2025,4160.11425803641
2026,4104.517204524639
2027,4050.3609769295704
2028,3998.6391343383925
2029,3947.3371204408486
2030,3898.142824396223
2031,3850.9085928706336
2032,3805.9160458710057
2033,3763.0712393136223
2034,3721.105851781836
2035,3681.5390519220864
2036,3643.2081539311607
2037,3607.009574094813
2038,3576.681899501049
2039,3551.5614354152444
2040,3534.8697221958537
2041,3522.8402881043016
2042,3516.5831546581658
2043,3514.3982814038104
2044,3515.5957020934875
2045,3520.466052482698
2046,3530.1373175536196
2047,3545.2818438175286
2048,3564.4878389343917
2049,3588.0859922646478
2050,3615.2440661774053
2051,3645.8446098753866
2052,3672.46708289263
2053,3705.4477794847594
2054,3741.3908706506786
2055,3778.08259494118
2056,3813.086867180165
2057,3848.6850381853296
2058,3882.452904076119
2059,3911.262377668134
2060,3936.5081008091997
2061,3959.267543244017
2062,3980.6639991197985
2063,4001.9755752191827
2064,4023.709923806409
2065,4046.667587386728
2066,4072.6213262339857
2067,4103.534758977655
2068,4136.630339332831
2069,4173.690705481289
2070,4214.343327054039
2071,4258.279517984041
2072,4303.38754920034
2073,4349.91114084263
2074,4394.986407622413
2075,4437.875968477619
2076,4479.448261190666
2077,4518.255304614613
2078,4553.773702146928
2079,4587.806200753787
2080,4620.444580534744
2081,4653.031983736959
2082,4683.279410920954
2083,4711.768339271529
2084,4741.322913214281
2085,4769.080860165017
2086,4795.636130059059
2087,4822.641071021954
2088,4848.53511763319
2089,4873.306424710641
2090,4900.167689104504
2091,4928.403344009052
2092,4955.598925103354
2093,4984.5714007794595
2094,5010.460492782421
2095,5031.7672019485735
2096,5048.664437897971
2097,5060.949293912221
2098,5068.343352316848
2099,5066.224801448748
2100,5057.953714781834
2101,5045.28212121451
2102,5026.3862475922415
2103,5001.104468019251
2104,4970.309333983693
2105,4936.500119629192
2106,4902.223782750194
2107,4870.240547988728
2108,4842.435586977851
2109,4818.245270898387
2110,4800.723490714816
2111,4788.32645911714
2112,4777.907474006296
2113,4767.768691092153
2114,4753.686304272602
2115,4738.1875172815935
2116,4721.3696109489765
2117,4702.5268257870885
2118,4683.824865611636
2119,4665.5672932015605
2120,4646.842462410582
2121,4628.917359282303
2122,4613.218957655405
2123,4599.451596875269
2124,4588.146880145497
2125,4578.013262891309
2126,4570.661549286949
2127,4568.753791844046
2128,4571.687223605953
2129,4578.297153695099
2130,4590.788630834786
2131,4607.406417392792
2132,4629.534712274928
2133,4655.094203282216
2134,4682.717456182408
2135,4712.910643547763
2136,4745.4121027319925
2137,4781.253199215738
2138,4815.9039058181015
2139,4851.302002811125
2140,4886.39340856457
2141,4918.455809993114
2142,4946.400820192789
2143,4972.7364591650785
2144,4995.68482461211
2145,5015.489084555336
2146,5033.728100957283
2147,5050.628169165187
2148,5064.648312706638
2149,5075.240001088305
2150,5081.284845422898
2151,5082.863705037287
2152,5079.414994141493
2153,5069.780401728642
2154,5054.301578422006
2155,5035.923237543989
2156,5014.750417680514
2157,4991.201225620469
2158,4965.069624713382
2159,4935.578027115115
2160,4903.842389005021
2161,4870.465422429657
2162,4834.779059529121
2163,4796.856052019462
2164,4756.145716788947
2165,4713.646238123769
2166,4676.6716916850655
2167,4637.963597430226
2168,4598.003512817362
2169,4556.517632405372
2170,4514.2301787755
2171,4471.20738765729
2172,4430.190033009646
2173,4389.014741451083
2174,4347.8193959643895
2175,4306.600076348528
2176,4265.208622914707
2177,4224.448860042985
2178,4185.651007923188
2179,4147.000613327294
2180,4110.309915396992
2181,4074.949574619432
2182,4042.10208153446
2183,4008.311020473211
2184,3974.4679522645747
2185,3941.253182956206
2186,3909.3407900258717
2187,3881.1493524428333
2188,3855.6284771445467
2189,3833.897856425397
2190,3817.159250327266
2191,3803.3191744478536
2192,3793.3670728782167
2193,3786.598286764831
2194,3782.310898003357
2195,3780.4178313758566
2196,3780.5321785528354
2197,3783.591599201207
2198,3788.381815557528
2199,3797.0493382151312
2200,3806.0071975083483
2201,3817.3029923817026
2202,3831.048804705186
2203,3844.50523972311
2204,3857.5861274661365
2205,3870.455803160285
2206,3882.77884840485
2207,3892.9860173593484
2208,3900.0419846502277
2209,3905.653133389206
2210,3908.167224902753
2211,3908.834056107869
2212,3905.788697390069
2213,3899.6401035755107
2214,3891.51197905217
2215,3880.921476030168
2216,3868.1153196308355
2217,3853.3073367309485
2218,3838.000866490406
2219,3820.8554172440145
2220,3802.2452746139434
2221,3782.935669699519
2222,3763.283427126922
2223,3746.185976088763
2224,3727.355381831906
2225,3706.754673552678
2226,3686.0481746167065
2227,3665.088026756571
2228,3645.2685388890454
2229,3626.348628036205
2230,3606.8231506684074
2231,3588.3920644650098
2232,3570.621287198921
2233,3553.0238091231136
2234,3536.1369324859356
2235,3519.2415509183897
2236,3502.2123565182687
2237,3485.98918761359
2238,3470.8701014310927
2239,3455.9622667144695
2240,3440.866410220308
2241,3426.440137006635
2242,3412.9675208433036
2243,3399.1703333123696
2244,3385.6990419250187
2245,3373.675349584928
2246,3363.4404153940645
2247,3354.903927479279
2248,3346.985048249898
2249,3339.8017989429864
2250,3334.584347937522
2251,3330.296685626762
2252,3329.8579954439497
2253,3332.744532737168
2254,3339.0594663089637
2255,3348.2745396912783
2256,3361.3441960319324
2257,3376.028197740266
2258,3393.2130520993655
2259,3413.1535097546293
2260,3436.384152557447
2261,3463.6003123275173
2262,3494.5238758509586
2263,3527.991650645024
2264,3564.945277227207
2265,3604.5521900290123
2266,3648.4257400882016
2267,3697.4712036333062
2268,3751.281488738703
2269,3809.578224569372
2270,3873.240267909321
2271,3940.6126257615465
2272,4011.7356798534497
2273,4085.2183805450504
2274,4161.151081182215
2275,4240.68225127091
2276,4322.033289961588
2277,4403.855852748603
2278,4482.687295079534
2279,4560.611542004365
2280,4628.405636828969
2281,4694.920582639281
2282,4758.607935555028
2283,4820.619425720931
2284,4879.285308456552
2285,4933.079615053307
2286,4980.733863592543
2287,5023.721969360761
2288,5061.253007544549
2289,5094.644360539952
2290,5123.388009021218
2291,5148.066584244479
2292,5169.592651059402
2293,5187.6230614458
2294,5200.690427692371
2295,5209.889532328736
2296,5215.993356028758
2297,5217.509685340035
2298,5214.985825728379
2299,5207.070351388253
2300,5194.100226876789
2301,5173.677096501606
2302,5146.783950107166
2303,5115.431943293567
2304,5080.791881366081
2305,5043.212646380823
2306,5003.509190279181
2307,4964.7616501726825
2308,4926.648242340134
2309,4889.708803380476
2310,4852.816273891201
2311,4815.56253537885
2312,4781.115824700318
2313,4748.569812824805
2314,4720.553636762712
2315,4698.052012872634
2316,4680.206899516571
2317,4666.967328577185
2318,4657.468488849046
2319,4648.238437830733
2320,4639.281610153162
2321,4630.908227595568
2322,4622.0184927257915
2323,4613.0663850112405
2324,4605.214444462323
2325,4595.968646216055
2326,4586.398048274969
2327,4578.420558781284
2328,4571.26731573598
2329,4565.559165825102
2330,4560.596912733386
2331,4556.998014488046
2332,4554.7127359693
2333,4553.38826717645
2334,4553.954474940051
2335,4559.697055221669
2336,4568.816843232764
2337,4576.751058802417
2338,4588.795295283331
2339,4602.630047813934
2340,4617.823489834064
2341,4633.5545973637145
2342,4648.956271972793
2343,4665.059878575179
2344,4681.369421078462
2345,4698.634014811636
2346,4717.54243239426
2347,4736.681847712645
2348,4756.183282052373
2349,4776.457711923077
2350,4794.8858834961975
2351,4812.333333542592
2352,4830.618456410086
2353,4850.3206533412085
2354,4869.8164112500635
2355,4888.428323432292
2356,4907.354099521384
2357,4924.655444417993
2358,4940.411972389263
2359,4954.511760123624
2360,4967.578665188986
2361,4977.899911709796
2362,4984.562603734175
2363,4988.774629760704
2364,4989.842045373471
2365,4988.447244795334
2366,4984.952538106331
2367,4980.483898102171
2368,4973.82407073629
2369,4965.068797632645
2370,4955.0586047017
2371,4944.374640427713
2372,4932.4862763106175
2373,4918.714921532465
2374,4903.780789238346
2375,4888.570982703991
2376,4873.561240115872
2377,4858.717103743972
2378,4844.23490198501
2379,4828.521114941587
2380,4811.914234573514
2381,4795.695442906176
2382,4779.7183589292135
2383,4765.444609320613
2384,4750.753266310933
2385,4736.191868555462
2386,4722.497274213787
2387,4709.662425509708
2388,4695.121403935804
2389,4680.757228409617
2390,4670.058193818843
2391,4661.08289026743
2392,4654.395105696089
2393,4651.366308992714
2394,4648.731255860779
2395,4650.294531634797
2396,4651.176016253235
2397,4649.850908658624
2398,4643.208942196657
2399,4629.279794170011
2400,4610.541819731706
2401,4584.137473420337
2402,4552.887130240923
2403,4517.5535588568955
2404,4478.834137591726
2405,4438.64610049657
2406,4397.594201952534
2407,4353.141830097736
2408,4307.145360176096
2409,4261.120863944647
2410,4215.796547210746
2411,4170.312033077375
2412,4128.726456519465
2413,4090.118208592566
2414,4055.157769117945
2415,4022.770609819161
2416,3991.530581190262
2417,3962.1816842930066
2418,3933.564324298788
2419,3906.907535937012
2420,3883.827908852474
2421,3863.7597592983348
2422,3845.18019182608
2423,3827.2811126358274
2424,3809.6739742774553
2425,3793.226516857974
2426,3777.861462867733
2427,3764.423377509741
2428,3753.4043485732336
2429,3747.0964752811365
2430,3746.0284133571645
2431,3748.2995610991293
2432,3753.6342116845576
2433,3763.6234070576456
2434,3775.973444513582
2435,3791.1100021338307
2436,3808.7563722891605
2437,3826.2326749528343
2438,3845.722590754866
2439,3867.9482313809726
2440,3890.955695528627
2441,3915.5054697995342
2442,3939.8227015453435
2443,3966.057791775576
2444,3991.8455209893395
2445,4016.904910305542
2446,4042.18241207141
2447,4070.0504571724505
2448,4102.53729917423
2449,4140.49744026681
2450,4185.667446805263
2451,4224.965352493717
2452,4272.019844274568
2453,4325.063093008568
2454,4379.237309613974
2455,4432.1101587766625
2456,4481.669849869903
2457,4527.594622340347
2458,4568.328999091012
2459,4604.363184462538
2460,4635.58387526391
2461,4661.961376552505
2462,4683.568001917255
2463,4699.130436871673
2464,4707.894394189567
2465,4712.876126353064
2466,4715.089775709697
2467,4717.07598167199
2468,4716.2475987897715
2469,4713.708201710789
2470,4709.320094097099
2471,4701.911839291782
2472,4691.9215017466595
2473,4678.10458384063
2474,4660.593814357215
2475,4639.994848855292
2476,4618.364076083351
2477,4595.464323520729
2478,4571.505947220671
2479,4545.928401967132
2480,4519.763201479742
2481,4493.552545182366
2482,4464.263939067464
2483,4438.660103135523
2484,4416.374774492794
2485,4400.312869121692
2486,4388.985080926475
2487,4380.703290259696
2488,4377.99884999169
2489,4376.87345431336
2490,4374.526331837325
2491,4372.614894005454
2492,4371.529434175887
2493,4369.007663622804
2494,4362.89860228516
2495,4353.839690513803
2496,4340.317225888111
2497,4325.746399618739
2498,4307.09678371596
2499,4281.94641739108
2500,4249.936249122541
2501,4209.79874784164
2502,4164.857960057418
2503,4117.791776889261
2504,4069.65186960847
2505,4021.4063431165655
2506,3974.7784239870407
2507,3934.5340687025123
2508,3899.521479604973
2509,3866.8209519207335
2510,3839.49224224918
2511,3816.737812133176
2512,3799.6458972335163
2513,3788.9762822719745
2514,3784.049260229734
2515,3783.308316434459
2516,3785.2752215607957
2517,3788.8150654844057
2518,3793.070983074825
2519,3797.1295266257057
2520,3801.4968896148293
2521,3805.5496497338554
2522,3809.874123840835
2523,3814.178400638275
2524,3820.851347720802
2525,3829.027879578899
2526,3840.5805583247247
2527,3854.4741236018444
2528,3870.412278286816
2529,3885.919234803264
2530,3900.4628527467235
2531,3915.3332272249695
2532,3932.880364817688
2533,3951.760718897126
2534,3969.201762749096
2535,3986.8318924689243
2536,4000.442674364519
2537,4013.294959997182
2538,4023.447089749413
2539,4031.029429766032
2540,4038.689851972805
2541,4045.5837736926255
2542,4049.8948197489126
2543,4049.5197043501644
2544,4045.731508516404
2545,4039.689535162928
2546,4030.445541256442
2547,4019.673305387585
2548,4007.6596023527
2549,3994.520526683177
2550,3981.078603499886
2551,3967.574995286079
2552,3955.551777080953
2553,3946.8086898059037
2554,3938.2418638540335
2555,3932.0549480596223
2556,3929.7351304574922
2557,3927.4795150172436
2558,3928.481213096964
2559,3933.626524474578
2560,3944.4011815646027
2561,3957.5669449981756
2562,3972.175239927126
2563,3986.625304273422
2564,4002.6141316998305
2565,4016.524411560806
2566,4031.440902649893
2567,4042.548727314305
2568,4048.795887798823
2569,4053.2618830982947
2570,4054.9032785667796
2571,4051.728981155701
2572,4045.775893025207
2573,4036.7837189820407
2574,4023.217243965846
2575,4006.982913451816
2576,3987.7922597351812
2577,3968.4643418680357
2578,3945.7708533504756
2579,3921.2797569668246
2580,3896.6690454785494
2581,3872.8594310466187
2582,3851.551192297808
2583,3832.064624528351
2584,3813.3365462144507
2585,3794.981252749997
2586,3775.5010392602576
2587,3756.8620872469814
2588,3737.1753993184116
2589,3718.2426707996888
2590,3699.549370028313
2591,3679.296630545392
2592,3657.950489434808
2593,3634.6665368370855
2594,3611.9569742237263
2595,3587.98048777219
2596,3562.3888797776417
2597,3535.46698622646
2598,3510.160869296805
2599,3485.845193028128
2600,3464.339497884797
2601,3444.0296627491284
2602,3424.96786387957
2603,3405.9408032243914
2604,3388.173471337596
2605,3371.627168484316
2606,3358.76571839051
2607,3351.800023296141
2608,3348.82694477331
2609,3348.2060224205193
2610,3348.7833250600365
2611,3350.864560715446
2612,3353.421943948869
2613,3356.64304613427
2614,3360.633388819334
2615,3365.2423715319605
2616,3369.383980501581
2617,3373.148642101459
2618,3377.767942322825
2619,3384.7107067013067
2620,3397.0505766177316
2621,3416.095275041248
2622,3432.6641626697074
2623,3457.1425979813557
2624,3487.200443452496
2625,3522.174924473129
2626,3561.912815376245
2627,3606.8602070944903
2628,3656.8658263035777
2629,3710.7414980076537
2630,3767.454159166044
2631,3826.594272805767
2632,3886.955240429624
2633,3948.634988208097
2634,4012.382001159155
2635,4077.028952064283
2636,4142.616666452948
2637,4208.669338712569
2638,4274.345912329595
2639,4336.150704035914
2640,4394.820513404333
2641,4451.437918541385
2642,4504.53461686396
2643,4556.019939715976
2644,4605.41749865851
2645,4652.310953080998
2646,4695.992112575115
2647,4734.472808832433
2648,4770.334528868356
2649,4800.424101431525
2650,4824.815974390063
2651,4842.719552116387
2652,4854.5782220514775
2653,4862.03930873809
2654,4865.418826019253
2655,4863.926362680372
2656,4858.8114725812475
2657,4850.005920230117
2658,4834.797286459076
2659,4817.448162385931
2660,4797.75576239648
2661,4775.905749290644
2662,4752.617158281305
2663,4731.015988436902
2664,4708.083640099462
2665,4684.752767604831
2666,4659.8901484104845
2667,4635.611590594786
2668,4611.677119218983
2669,4590.2845488600115
2670,4571.340776710278
2671,4556.210887508595
2672,4544.137949227285
2673,4536.638768482759
2674,4532.300010208457
2675,4529.04581503179
2676,4525.653359355098
2677,4520.482525852733
2678,4514.391456011083
2679,4509.092225248848
2680,4501.782810625676
2681,4490.206675804057
2682,4473.350612597565
2683,4451.412416191007
2684,4423.299842126355
2685,4389.110141584244
2686,4347.178586773796
2687,4299.147321357424
2688,4244.874650981411
2689,4188.5704718419
2690,4127.315079312048
2691,4064.9862270093085
2692,4001.284591857817
2693,3935.981800406763
2694,3871.2192525449996
2695,3806.5141934959806
2696,3744.639451875848
2697,3686.8782206606643
2698,3634.572656604626
2699,3587.6702603635235
2700,3544.696531530304
2701,3505.1092929175143
2702,3470.781326406359
2703,3441.482779893819
2704,3420.797735484974
2705,3405.08077721823
2706,3395.06724633989
2707,3391.9003646977094
2708,3394.6896274900973
2709,3400.347667237541
2710,3410.7092744421248
2711,3424.9049857160294
2712,3441.5278198640826
2713,3462.5371539150724
2714,3486.5511387275756
2715,3514.212711034898
2716,3546.9248734701537
2717,3581.2927868296815
2718,3618.3486235803834
2719,3657.806016802487
2720,3700.1764809268184
2721,3743.6738580337246
2722,3787.328856951125
2723,3833.4326867928544
2724,3879.065334944882
2725,3922.9151567995027
2726,3965.0205808166884
2727,4006.029614405699
2728,4045.6023464713403
2729,4082.382568890191
2730,4116.523154063235
2731,4148.5235216205
2732,4181.045289125636
2733,4214.739416533557
2734,4249.124152700178
2735,4288.41096574826
2736,4322.590493100092
2737,4362.027618371034
2738,4406.759550906959
2739,4454.484896883247
2740,4504.918376195959
2741,4557.865912251623
2742,4612.264335804686
2743,4668.365287171937
2744,4725.101407814017
2745,4781.128922382652
2746,4835.553085951612
2747,4889.745117955591
2748,4945.900371366218
2749,5001.993349521179
2750,5058.219768253438
2751,5115.555421747993
2752,5172.883097473444
2753,5226.136194983838
2754,5275.957335917002
2755,5323.979396078409
2756,5368.659931444562
2757,5411.022106233999
2758,5451.302578769754
2759,5487.727193984335
2760,5521.22744925209
2761,5550.116170077406
2762,5574.404189708903
2763,5594.527525990189
2764,5611.705680089758
2765,5624.9039539542055
2766,5632.182612666355
2767,5635.797018115261
2768,5634.803294920329
2769,5627.079472115455
2770,5613.9206512252795
2771,5596.727698595764
2772,5576.050042964038
2773,5550.876752823976
2774,5521.70165359368
2775,5490.697886560671
2776,5458.761405909054
2777,5425.2636115087425
2778,5391.760178970378
2779,5355.151749317552
2780,5316.106153244341
2781,5277.909177604967
2782,5239.848258372461
2783,5202.327125272193
2784,5165.794357674215
2785,5128.768938129006
2786,5093.200379427681
2787,5057.960841776984
2788,5023.670658269177
2789,4989.5154782722075
2790,4954.9896124908655
2791,4924.321611816547
2792,4894.729493899416
2793,4868.984351311512
2794,4844.538055052211
2795,4821.478557712726
2796,4798.505997285716
2797,4776.829981489484
2798,4755.592959432433
2799,4735.160482095371
2800,4715.014444383491
2801,4697.693914141629
2802,4682.073257699247
2803,4667.42158616664
2804,4652.623112213826
2805,4637.380735005011
2806,4621.629281431948
2807,4605.435211635886
2808,4587.838903047645
2809,4570.9049375075465
2810,4554.700768308827
2811,4536.847298689416
2812,4520.606431270915
2813,4503.91901321212
2814,4488.285915410635
2815,4474.834554883907
2816,4464.824458884999
2817,4458.246068792754
2818,4454.658603497739
2819,4452.108250042408
2820,4451.747506121099
2821,4453.260813644781
2822,4457.121966614011
2823,4463.8708991831245
2824,4472.499126616626
2825,4483.557169236567
2826,4495.489354186285
2827,4509.532858047677
2828,4524.5243581953955
2829,4541.569721773088
2830,4560.624963323329
2831,4580.086119109507
2832,4596.960335758474
2833,4611.733218679976
2834,4625.271638923286
2835,4639.230543101198
2836,4653.781307418181
2837,4667.321525058525
2838,4681.995040981243
2839,4694.8230634725505
2840,4705.638589033213
2841,4716.913110048582
2842,4724.69440893152
2843,4728.886006071898
2844,4727.01680294316
2845,4721.274931137054
2846,4712.519416935098
2847,4701.069965524917
2848,4685.059674478004
2849,4665.955503687519
2850,4649.3348750997975
2851,4631.854952669445
2852,4611.9949362484385
2853,4587.937269646233
2854,4559.585836457549
2855,4529.563158610165
2856,4499.373420247217
2857,4468.271075241908
2858,4436.665953035605
2859,4405.771994333327
2860,4376.490213951857
2861,4350.267297765384
2862,4325.016521122068
2863,4301.534833071506
2864,4280.0033141218355
2865,4258.468269689771
2866,4235.079148350068
2867,4213.783928331944
2868,4192.010178967134
2869,4172.218717992941
2870,4155.205673156292
2871,4140.04260048734
2872,4125.617390346381
2873,4111.855058827682
2874,4099.672638929883
2875,4089.259457128496
2876,4081.3846560847815
2877,4077.091255486023
2878,4073.252337466919
2879,4071.138416211309
2880,4069.97975918468
2881,4069.6520735212607
2882,4067.528153561251
2883,4066.446765690571
2884,4064.859500378341
2885,4062.6073379554164
2886,4059.7740982256146
2887,4053.8967531803332
2888,4044.7436182568745
2889,4034.9046739235528
2890,4022.3950761634565
2891,4007.965790589497
2892,3991.650113566244
2893,3975.779245527578
2894,3961.0302354480978
2895,3949.0409801331148
2896,3940.0309918742355
2897,3934.174239018878
2898,3930.5576657292186
2899,3929.8358097139403
2900,3932.8094699202147
2901,3937.834499773168
2902,3945.878138068155
2903,3955.0552950181154
2904,3966.75537406169
2905,3979.6277678901515
2906,3995.4060565004625
2907,4009.133167591433
2908,4024.5051871885853
2909,4042.6559800380946
2910,4061.4170567801084
2911,4083.3339566510504
2912,4105.854902125948
2913,4129.218865026733
2914,4154.161262524308
2915,4179.17465814193
2916,4203.250275297919
2917,4226.94732193624
2918,4250.0795559893195
2919,4271.865755895531
2920,4291.959755507475
2921,4311.499038502347
2922,4330.0552924323765
2923,4348.098601872851
2924,4365.683973699228
2925,4381.763704841899
2926,4396.296423111422
2927,4407.910994039873
2928,4417.751013583968
2929,4425.5971697899295
2930,4429.813316351156
2931,4431.654376342453
2932,4434.61266352556
2933,4436.934318926634
2934,4440.0015564274145
2935,4443.3011068388205
2936,4446.830681322607
2937,4453.660164928358
2938,4462.415666816175
2939,4473.988279757917
2940,4487.034730326118
2941,4501.356925482311
2942,4516.0392283627425
2943,4528.219451432045
2944,4540.722960585244
2945,4553.572730893171
2946,4565.414118940346
2947,4578.90019031926
2948,4593.28784180391
2949,4605.578304383391
2950,4615.804957033765
2951,4625.2242859293565
2952,4630.744957203418
2953,4633.453545360835
2954,4632.084422525571
2955,4627.702035246502
2956,4621.567945156655
2957,4614.1288284556485
2958,4605.194678983995
2959,4596.640785076232
2960,4587.640002046349
2961,4576.949994968197
2962,4565.892701667745
2963,4554.038230502572
2964,4543.724840588872
2965,4533.257712843037
2966,4523.3001071391745
2967,4513.115439974231
2968,4504.385951788152
2969,4494.869613989088
2970,4486.62150973507
2971,4481.0037743551275
2972,4478.059187607836
2973,4478.66762364118
2974,4479.382312466712
2975,4482.396449595758
2976,4486.479185902923
2977,4492.292892989355
2978,4499.087712285748
2979,4506.779381700166
2980,4514.94618212641
2981,4523.458370146772
2982,4529.738700846023
2983,4535.050840867828
2984,4541.09488841464
2985,4549.309372316432
2986,4561.000880156363
2987,4574.435643655572
2988,4589.016938648447
2989,4606.2152453931285
2990,4624.330191020222
2991,4642.729548731389
2992,4664.074101134552
2993,4687.9692411282385
2994,4714.541500161511
2995,4743.16548764381
2996,4771.422934716906
2997,4798.7639702420565
2998,4823.4140432600225
2999,4847.558072439457
3000,4870.652641136128
3001,4891.819208767154
3002,4911.756711876362
3003,4931.128157834432
3004,4947.976098041286
3005,4960.703005495076
3006,4968.83898411248
3007,4972.451471727817
3008,4970.8791979887355
3009,4965.615428405988
3010,4955.590774007221
3011,4940.647967132647
3012,4922.917675764526
3013,4903.546869689024
3014,4881.834662549581
3015,4858.624768204758
3016,4832.9195943842615
3017,4805.29963583537
3018,4774.992982272629
3019,4742.166481047076
3020,4706.231826406458
3021,4674.96867686912
3022,4638.721408744697
3023,4599.240554829619
3024,4558.30008426788
3025,4518.923522871732
3026,4480.889365379775
3027,4444.69481127422
3028,4411.738879626625
3029,4381.117127513811
3030,4353.142582056988
3031,4327.8966502205685
3032,4305.517088255657
3033,4284.862155115467
3034,4265.684145168621
3035,4248.180061116262
3036,4229.829085754238
3037,4210.921942313694
3038,4190.783351459389
3039,4171.154711532509
3040,4149.525492069843
3041,4123.93451879171
3042,4096.873516136111
3043,4069.358875672861
3044,4039.324981256931
3045,4007.52079413259
3046,3974.4930023983798
3047,3940.6459875938162
3048,3906.9655036280406
3049,3874.0185590176607
3050,3843.0714601081536
3051,3814.299205676488
3052,3785.871611399446
3053,3759.2325645011174
3054,3734.016045354196
3055,3707.3311654303457
3056,3684.192715909508
3057,3663.887214469839
3058,3646.027382981198
3059,3633.6192529498235
3060,3624.784468892645
3061,3619.1549669340725
3062,3618.1670504276103
3063,3623.3049846236577
3064,3632.818874021579
3065,3647.8121546160387
3066,3667.7303045376325
3067,3692.0971000735112
3068,3721.6707719478864
3069,3757.9954080737084
3070,3799.837202907597
3071,3845.674276800369
3072,3896.2715078808938
3073,3948.4129047491033
3074,3999.57003857361
3075,4047.0783569458526
3076,4091.7488161150554
3077,4131.949856995439
3078,4166.9247625613725
3079,4196.301054957047
3080,4221.709734632509
3081,4244.122635584042
3082,4261.687744311887
3083,4277.972322494816
3084,4291.303145630293
3085,4302.167438179966
3086,4312.249219198362
3087,4321.829607510892
3088,4329.092572147881
3089,4335.637800984883
3090,4341.152764776169
3091,4345.267883953062
3092,4349.168491753176
3093,4352.240226693344
3094,4354.928125796106
3095,4356.985590069585
3096,4359.124326835639
3097,4360.03378944487
3098,4359.345933041644
3099,4355.902180194823
3100,4348.3940182666165
3101,4338.099620785683
3102,4324.4871361621545
3103,4309.424495069418
3104,4293.872971273599
3105,4278.159872991956
3106,4261.122842992113
3107,4244.279166849219
3108,4226.9888323800205
3109,4208.20874045853
3110,4188.023883090436
3111,4166.761084462715
3112,4142.929434491065
3113,4115.777562833885
3114,4086.6695545869857
3115,4054.610475842467
3116,4019.167205021418
3117,3984.079839918734
3118,3947.7063888098623
3119,3909.1341913377305
3120,3870.205512404272
3121,3830.825537125601
3122,3791.766193333565
3123,3752.1250976136826
3124,3711.6914801027083
3125,3671.2223446314724
3126,3630.4257693679583
3127,3588.297415518714
3128,3547.1540237534286
3129,3506.6155724453574
3130,3470.553615258375
3131,3436.744976470598
3132,3406.3945287550805
3133,3378.5624807216263
3134,3354.214265956421
3135,3333.0313191106925
3136,3315.8145539348116
3137,3301.430083792944
3138,3288.198099565338
3139,3274.2464958788705
3140,3259.2556846805624
3141,3245.1189849357393
3142,3231.428426836822
3143,3216.950483407387
3144,3202.3023975729434
3145,3188.6327184171655
3146,3173.0174025048013
3147,3156.734396692901
3148,3141.8700717204915
3149,3127.2067683387627
3150,3112.2119401770155
3151,3099.7478421843443
3152,3085.9004134697925
3153,3073.4775974864015
3154,3063.5539191355265
3155,3057.5285426470555
3156,3055.6037113144585
3157,3055.3481971272977
3158,3057.855168633933
3159,3061.2607309568857
3160,3063.112354021166
3161,3066.8449801040197
3162,3071.398475522902
3163,3074.4596541503115
3164,3075.459519352477
3165,3076.2017900536534
3166,3077.6526193107857
3167,3079.1277661501663
3168,3081.273470413362
3169,3085.598391895326
3170,3091.4352789578497
3171,3097.546154092412
3172,3104.269123667116
3173,3111.9073890934346
3174,3120.8581904936514
3175,3132.203325058394
3176,3145.641509713663
3177,3162.079834034949
3178,3181.3883519626384
3179,3202.928543070255
3180,3226.5742307201776
3181,3252.4107943053746
3182,3277.7276663518373
3183,3302.5191247157054
3184,3326.6711676267887
3185,3352.5505825837377
3186,3382.6534324015893
3187,3412.8384639152423
3188,3447.155235710012
3189,3484.6853738865725
3190,3523.9212251495655
3191,3569.4157974108166
3192,3608.9960752781044
3193,3654.5174562852485
3194,3705.643053101802
3195,3760.1102520035374
3196,3817.104660608599
3197,3874.3704446253555
3198,3928.8407327264235
3199,3983.281261842577
3200,4032.873828789449
3201,4080.4905941471775
3202,4123.343799817228
3203,4161.9878745534015
3204,4196.692868157605
3205,4224.383272195684
3206,4245.928663982915
3207,4263.5191949875025
3208,4277.852125272619
3209,4287.461216383997
3210,4296.387807880229
3211,4303.317762786506
3212,4306.483819366225
3213,4311.427398606292
3214,4317.244366611502
3215,4323.531274771781
3216,4331.789247589215
3217,4341.317674692326
3218,4348.877376500356
3219,4353.114028404734
3220,4356.4349308963665
3221,4354.989945105123
3222,4346.616468799545
3223,4336.682951280685
3224,4323.17188842371
3225,4306.92748341865
3226,4287.43324188442
3227,4266.853762393166
3228,4245.35530456943
3229,4224.625385006258
3230,4202.097517804589
3231,4179.78797641136
3232,4156.9288748380595
3233,4131.450325202724
3234,4107.054572401023
3235,4084.375117345385
3236,4061.3246259275184
3237,4039.048080203726
3238,4020.614023688786
3239,4004.4720588595396
3240,3987.5390648046337
3241,3970.7880734636383
3242,3955.6666052181636
3243,3944.187348418504
3244,3934.13462234743
3245,3925.1828686693702
3246,3920.1075917340145
3247,3919.1609065081802
3248,3921.9962593614937
3249,3924.4630163438765
3250,3928.6961470475294
3251,3937.013516231498
3252,3947.1212417506454
3253,3953.712119695529
3254,3954.9790290015985
3255,3956.134830024685
3256,3955.391477479085
3257,3954.7636044383103
3258,3955.012782243077
3259,3953.72803722832
3260,3950.8330782977955
3261,3946.0062166234684
3262,3939.8747940213048
3263,3933.8468844560966
3264,3926.5986149760984
3265,3919.726940638564
3266,3912.561588052515
3267,3903.6069540899894
3268,3895.1278984240075
3269,3885.5252350848627
3270,3875.764914900034
3271,3867.763205595011
3272,3862.457488610849
3273,3859.82032334242
3274,3860.3752033531987
3275,3865.2474456338496
3276,3878.51006164351
3277,3896.2398524664286
3278,3917.133430867089
3279,3938.1793351156693
3280,3961.1375574259982
3281,3986.5438853925725
3282,4013.9064046539725
3283,4043.47875761146
3284,4078.0735570169754
3285,4113.607849764578
3286,4150.404118392155
3287,4187.546185018118
3288,4225.051638718618
3289,4263.0615971461775
3290,4303.718111252811
3291,4345.219751168237
3292,4384.813005053383
3293,4423.780739336317
3294,4460.138079261791
3295,4493.878913181531
3296,4525.255852024277
3297,4552.601832899289
3298,4575.112078522497
3299,4592.342630293058
3300,4605.63636039738
3301,4615.086479315723
3302,4624.422284170196
3303,4635.958457471059
3304,4647.608323235134
3305,4664.7932398209505
3306,4679.744117250611
3307,4699.716471981572
3308,4720.984646463905
3309,4742.18796585313
3310,4762.420718713805
3311,4780.791046323229
3312,4796.247300015305
3313,4806.998368848506
3314,4813.517375612988
3315,4822.295614052618
3316,4831.513062540357
3317,4840.261316978207
3318,4846.035983358515
3319,4848.612534910569
3320,4849.919847931423
3321,4850.175055550612
3322,4849.240288639971
3323,4847.357182039586
3324,4845.68011240353
3325,4843.898537016627
3326,4841.73072952684
3327,4837.832759402289
3328,4830.937997487692
3329,4822.197904801424
3330,4814.325629744751
3331,4809.164988672833
3332,4805.166020568154
3333,4804.418746785151
3334,4807.380804768901
3335,4808.670772845724
3336,4806.4065638320735
3337,4800.517614287161
3338,4787.311761508046
3339,4769.50184316874
3340,4753.045213856198
3341,4738.302985629006
3342,4724.492341421766
3343,4710.322766911469
3344,4695.502578548599
3345,4680.4984787569865
3346,4662.003079395588
3347,4639.500330423639
3348,4615.0148348733865
3349,4591.513869659121
3350,4564.980402549153
3351,4537.692712513537
3352,4509.570394312934
3353,4481.081203767496
3354,4449.3077930702575
3355,4418.071406962949
3356,4383.50397111193
3357,4348.12186101575
3358,4313.804516056336
3359,4282.678168951266
3360,4255.60512616352
3361,4230.9055068377775
3362,4208.990296652348
3363,4189.924063791025
3364,4174.080404475814
3365,4160.849398723796
3366,4149.167407061622
3367,4132.4461827652385
3368,4117.554889263494
3369,4102.1975311328715
3370,4083.7597133739378
3371,4064.5403184166057
3372,4043.3274450348235
3373,4023.680339823192
3374,4005.729955949665
3375,3991.511972088466
3376,3977.9112348399754
3377,3964.217208600555
3378,3950.980868375175
3379,3934.324016509858
3380,3916.243797018994
3381,3894.0591480454086
3382,3868.375876427659
3383,3843.5414467456717
3384,3815.503651376911
3385,3786.109110437052
3386,3755.9178805090924
3387,3726.8573770914836
3388,3697.1011777956965
3389,3670.112210050952
3390,3647.758551363305
3391,3628.224232971394
3392,3607.634011171736
3393,3585.3521668076837
3394,3561.3552195884417
3395,3537.156447762759
3396,3513.5232414869033
3397,3492.3864222033085
3398,3472.578246920804
3399,3454.4685589423607
3400,3439.962146530651
3401,3430.2865176947976
3402,3424.060669739883
3403,3423.460825752616
3404,3427.773774716564
3405,3433.7818572750407
3406,3445.861214135241
3407,3461.2776812106877
3408,3478.409168358806
3409,3496.4729290551873
3410,3514.734934368884
3411,3532.581709904438
3412,3551.3133858259844
3413,3571.189098934021
3414,3591.173006436183
3415,3613.4771159465486
3416,3637.0828051040608
3417,3661.531341412833
3418,3689.0845352260926
3419,3717.826155031215
3420,3742.8313642616713
3421,3771.3261513527455
3422,3801.96236338131
3423,3831.7736252391605
3424,3860.2266877735906
3425,3887.5032364668173
3426,3913.2584672858943
3427,3937.1488015538534
3428,3961.9052806936247
3429,3986.846349825175
3430,4010.803727587182
3431,4034.6495687755983
3432,4056.1846535786517
3433,4075.538185422943
3434,4092.934079201257
3435,4111.229128726131
3436,4130.033958606069
3437,4148.883300137063
3438,4168.88804883891
3439,4189.014290457296
3440,4209.746352662261
3441,4229.93807257005
3442,4248.43942521559
3443,4264.243140486768
3444,4280.247777844131
3445,4296.639986727957
3446,4314.611175081338
3447,4331.850632795581
3448,4348.502432594259
3449,4366.459523077804
3450,4383.797778920591
3451,4397.591065846371
3452,4411.00517718129
3453,4422.087707376963
3454,4431.16343024135
3455,4437.200604723032
3456,4441.708655280573
3457,4444.372527859922
3458,4444.253796574782
3459,4444.638750662648
3460,4442.484882447871
3461,4438.894784385511
3462,4434.109664174433
3463,4426.227862151668
3464,4415.332242470722
3465,4403.039927507583
3466,4388.04514051355
3467,4369.1600197565185
3468,4346.726715278481
3469,4321.144229441863
3470,4291.153851190747
3471,4257.032822059878
3472,4222.568840605477
3473,4190.955422747605
3474,4164.7083688064595
3475,4140.279409112743
3476,4122.744676426633
3477,4107.489458989717
3478,4096.901559690382
3479,4090.448327086774
3480,4084.19113569625
3481,4079.0347335151573
3482,4072.5469368181116
3483,4062.6971115865344
3484,4049.7842944632152
3485,4033.6063762540984
3486,4014.8508259285018
3487,3995.0557928131766
3488,3975.654605859403
3489,3955.1654733693335
3490,3934.215582755087
3491,3916.428056967446
3492,3901.3332366955224
3493,3889.5255045717395
3494,3882.4365700352514
3495,3877.768525382449
3496,3875.8570616315787
3497,3875.103217675912
3498,3874.4018587743785
3499,3876.3679722660318
3500,3880.7292128127738
3501,3887.20719323059
3502,3894.6375445297626
3503,3903.3909728770677
3504,3913.286353131092
3505,3924.1281659251185
3506,3936.309220393752
3507,3947.101364413223
3508,3958.098804910722
3509,3966.84160123376
3510,3974.2273353172827
3511,3981.125836790872
3512,3987.592491472386
3513,3995.036583668674
3514,4004.536703299654
3515,4011.2087869939933
3516,4017.6749361020507
3517,4021.640040463782
3518,4025.490612117205
3519,4028.133708215145
3520,4029.8855689483526
3521,4030.3446502421
3522,4029.8915802985534
3523,4027.71936760724
3524,4023.0030273461766
3525,4013.2161064945367
3526,3999.3214963733776
3527,3979.130791833539
3528,3952.5510918086698
3529,3923.5145191135393
3530,3895.030354620713
3531,3866.425501855359
3532,3837.5943723529867
3533,3812.121596291289
3534,3789.9602811176114
3535,3770.0167036328003
3536,3754.2469890899915
3537,3744.8849894338096
3538,3742.9643867422096
3539,3747.778953873851
3540,3760.729980102889
3541,3782.6129073349393
3542,3807.8040987144127
3543,3838.593756842578
3544,3869.612562499229
3545,3902.790794630394
3546,3937.30851798252
3547,3976.0768330655515
3548,4016.482344060016
3549,4056.7116313874453
3550,4095.455716606075
3551,4130.640119990974
3552,4161.318890006809
3553,4185.912967414043
3554,4206.379568103252
3555,4226.61031019614
3556,4243.884595962748
3557,4261.644143316866
3558,4277.396216742952
3559,4288.844848474953
3560,4296.84252824307
3561,4300.312252720916
3562,4301.586688818522
3563,4302.73098083651
3564,4303.299487258745
3565,4302.3896140311845
3566,4300.348146236718
3567,4294.986147069404
3568,4285.770464243743
3569,4276.115169160823
3570,4265.567444540526
3571,4251.770644211314
3572,4238.344827455929
3573,4223.737295104217
3574,4211.634078339599
3575,4201.27332120279
3576,4193.075095214672
3577,4186.657135792016
3578,4181.669683460143
3579,4177.771521026984
3580,4175.55881844766
3581,4174.133317965236
3582,4174.273517743019
3583,4177.530943761306
3584,4182.806284844444
3585,4189.64586162981
3586,4195.779462734747
3587,4199.942428722261
3588,4198.211769522826
3589,4189.822494844885
3590,4172.12490559622
3591,4156.728002949882
3592,4131.0388706579815
3593,4098.074693285649
3594,4062.070498709024
3595,4026.648636274892
3596,3992.356624301469
3597,3962.054490246361
3598,3936.989287829042
3599,3914.4862901105494
3600,3894.674416794779
3601,3879.8016195298187
3602,3868.46011005806
3603,3860.917680101156
3604,3856.340149018936
3605,3854.948021281901
3606,3856.226187433546
3607,3858.039744044665
3608,3856.958428245928
3609,3854.6580291800074
3610,3850.7198891611006
3611,3845.563491274904
3612,3837.7392405909254
3613,3828.211929039363
3614,3819.1796452168883
3615,3809.3519553917768
3616,3798.7162532319935
3617,3789.8468217095624
3618,3782.731336680295
3619,3775.944948823865
3620,3771.5715785133375
3621,3769.975663183112
3622,3768.7123607566614
3623,3768.0938910429286
3624,3770.051592283801
3625,3773.977393590017
3626,3780.176850114183
3627,3786.2712781481623
3628,3791.4055113007516
3629,3795.738102483893
3630,3800.99533532197
3631,3810.4504501422166
3632,3823.440481453898
3633,3841.7199645906903
3634,3866.832264861045
3635,3895.9422553407717
3636,3929.2789680964406
3637,3963.9736963059145
3638,4001.3438364444373
3639,4044.5548105378602
3640,4091.500344455686
3641,4141.327250927051
3642,4195.315419367157
3643,4253.503631660558
3644,4311.875778975329
3645,4368.552710115287
3646,4422.458025777498
3647,4471.137378352008
3648,4513.488415091834
3649,4554.213541178584
3650,4592.218129880193
3651,4625.028949381744
3652,4654.91219741061
3653,4681.751102332886
3654,4705.099202868373
3655,4724.043876335011
3656,4740.007942706201
3657,4756.038852139997
3658,4771.662136288898
3659,4789.017664835559
3660,4807.723492210362
3661,4826.645413685096
3662,4848.163312104069
3663,4872.5552551279325
3664,4900.168297536709
3665,4930.029968132308
3666,4963.086795012805
3667,4999.049108486827
3668,5034.864217039123
3669,5068.861862498064
3670,5101.792849245394
3671,5134.624780957826
3672,5168.416641380945
3673,5206.08295446623
3674,5244.239010156957
3675,5281.444904206139
3676,5319.695919777219
3677,5353.930022538889
3678,5385.705352693593
3679,5413.3232234995
3680,5439.552966158164
3681,5462.950554251593
3682,5482.357100385936
3683,5500.6010367191975
3684,5514.756394859064
3685,5524.7199554046565
3686,5531.17210332597
3687,5535.019603265766
3688,5536.400706245672
3689,5535.648085332256
3690,5532.003700541823
3691,5525.2941693451785
3692,5515.383789582812
3693,5501.765855210683
3694,5482.724094968249
3695,5459.206565391674
3696,5432.680398965423
3697,5400.923816641075
3698,5365.796681285728
3699,5326.946166303204
3700,5283.685293913891
3701,5238.623897018213
3702,5189.5435479336
3703,5137.214393737961
3704,5083.3640669631595
3705,5036.514282669083
3706,4985.949240168323
3707,4935.156692674582
3708,4884.68221129018
3709,4832.532431838275
3710,4779.108634677847
3711,4726.433289490561
3712,4673.557530203593
3713,4623.0613178081885
3714,4571.706473975215
3715,4521.41604344333
3716,4471.22937334793
3717,4421.81107047189
3718,4374.248913491844
3719,4329.910933073084
3720,4287.381221997909
3721,4246.039946075527
3722,4207.672591089663
3723,4169.250220694105
3724,4130.271415141711
3725,4089.8623214884706
3726,4048.527674137962
3727,4007.065800765575
3728,3967.0093955840734
3729,3924.022547141284
3730,3881.012323597039
3731,3834.4525305590937
3732,3786.9994091172107
3733,3739.168577651827
3734,3690.269149135035
3735,3641.239090097557
3736,3595.3028864574335
3737,3553.0486741998047
3738,3515.5054833437584
3739,3482.757377164235
3740,3454.978294767156
3741,3434.8080890847464
3742,3418.2084993062126
3743,3408.2502244267284
3744,3405.461607094682
3745,3407.3590368143728
3746,3412.803328110035
3747,3422.8808409522057
3748,3438.630431967499
3749,3458.4542451295315
3750,3480.956008086712
3751,3505.434028351401
3752,3534.6534465108834
3753,3566.624685385697
3754,3599.9325036926657
3755,3635.184726332803
3756,3673.304588705958
3757,3716.067833423197
3758,3757.9266815725423
3759,3799.111639360871
3760,3838.3590796709154
3761,3878.3642026868642
3762,3913.1686597107396
3763,3947.8306740175312
3764,3978.0887226894656
3765,4004.2426607672624
3766,4027.92772122628
3767,4049.182800888796
3768,4066.7136425891
3769,4078.2024463858097
3770,4086.977968637516
3771,4089.351594783488
3772,4086.318108562196
3773,4075.64435545574
3774,4060.3993085745624
3775,4042.967656178952
3776,4022.637271087007
3777,4001.5762090729413
3778,3978.3720753671178
3779,3957.5300365309267
3780,3940.118274607337
3781,3926.0015859285404
3782,3913.5919571685126
3783,3899.9965154601596
3784,3886.086108051771
3785,3872.137309414618
3786,3858.178389978137
3787,3844.109553155107
3788,3832.6298345032315
3789,3820.3026036532665
3790,3807.5225233287492
3791,3791.72726189091
3792,3773.011515806984
3793,3750.6889538272467
3794,3726.7982060840873
3795,3698.804513135617
3796,3670.720273180536
3797,3640.542310531588
3798,3608.3622615036443
3799,3574.624187858001
3800,3539.6313400629465
3801,3505.314065687472
3802,3469.1961493247086
3803,3433.493510624357
3804,3396.0847460741893
3805,3359.588137390714
3806,3325.0533911901252
3807,3293.1797454546413
3808,3263.1984208430426
3809,3234.97606383896
3810,3207.5862035869673
3811,3181.1509447854696
3812,3154.2513336009965
3813,3127.100734481129
3814,3100.324666992925
3815,3077.487508234526
3816,3056.5050809738204
3817,3035.0907263086383
3818,3018.43198698712
3819,3003.9388837774
3820,2992.9014919620486
3821,2981.215623571898
3822,2969.570854881298
3823,2958.6000784713938
3824,2946.7825306663162
3825,2933.7580316320737
3826,2921.276093950078
3827,2907.7970175856267
3828,2898.0964080574727
3829,2890.6314938056353
3830,2885.5293244404097
3831,2883.748658290173
3832,2882.9946327223815
3833,2882.765089783497
3834,2885.5367538581
3835,2890.678544707997
3836,2894.9072336170675
3837,2901.865175609446
3838,2911.857649682112
3839,2925.2182038562805
3840,2940.4887986590006
3841,2957.2601945025685
3842,2973.17363434326
3843,2988.508548991572
3844,3005.187517951126
3845,3020.979260458885
3846,3037.2845786503854
3847,3053.7800461774927
3848,3070.280989882462
3849,3087.923246057982
3850,3106.696004631277
3851,3128.3865437959917
3852,3150.1974599934492
3853,3171.0556281857707
3854,3194.0544173726094
3855,3217.882680343571
3856,3244.4304796044635
3857,3270.3289797416787
3858,3298.5645978379866
3859,3329.8918634853885
3860,3360.7648956967287
3861,3390.4210523586216
3862,3419.681125822291
3863,3449.1929789433925
3864,3478.4153051231574
3865,3506.2031658074457
3866,3535.1317498041763
3867,3563.82854084171
3868,3590.868593447055
3869,3615.8480882428826
3870,3639.9706631571557
3871,3664.8504609583006
3872,3689.4340052559687
3873,3714.0519952544423
3874,3741.6211954537366
3875,3773.8539120514197
3876,3801.8963754914034
3877,3833.269978397094
3878,3868.236256388101
3879,3905.9104723515484
3880,3945.689392144365
3881,3986.1443739294396
3882,4026.732754241716
3883,4066.332704272148
3884,4105.7455226919865
3885,4143.661885975314
3886,4179.152071252086
3887,4210.763198099456
3888,4238.647487501753
3889,4263.006767992686
3890,4285.910963797981
3891,4306.423572392326
3892,4326.066260330486
3893,4344.662551868213
3894,4361.758169971963
3895,4379.834255129087
3896,4397.834335852713
3897,4416.9564210508115
3898,4439.680500082077
3899,4462.654158150002
3900,4488.69427391321
3901,4516.721266788988
3902,4544.913312239208
3903,4572.294477140278
3904,4599.036691525454
3905,4624.521971992099
3906,4649.948550067643
3907,4674.282582723024
3908,4697.95305697662
3909,4719.595858537661
3910,4740.718785100081
3911,4761.80600872254
3912,4782.346928106975
3913,4801.46441908529
3914,4819.058183074974
3915,4836.879295246207
3916,4855.122793845295
3917,4871.438493102796
3918,4887.54721508514
3919,4901.206831957881
3920,4912.186407897136
3921,4920.305803532954
3922,4925.691885057399
3923,4929.78184542335
3924,4934.278061959814
3925,4938.955917149993
3926,4944.112255518018
3927,4949.30595251456
3928,4953.108524890364
3929,4957.160884935241
3930,4960.520173735507
3931,4962.946787501269
3932,4965.7766958495495
3933,4968.238716112553
3934,4971.155768124048
3935,4973.234155976971
3936,4973.639005624219
3937,4970.971073108083
3938,4965.817395700126
3939,4957.221602760764
3940,4945.752705965307
3941,4928.851647063533
3942,4908.337512058164
3943,4885.06534578268
3944,4860.146554546427
3945,4833.315164188601
3946,4802.471222498647
3947,4771.639108441055
3948,4741.271270588006
3949,4712.682442312506
3950,4684.715848278897
3951,4657.380428222119
3952,4631.369108070252
3953,4605.905611187578
3954,4583.254826841496
3955,4560.346996588979
3956,4538.235926989128
3957,4516.796765522035
3958,4495.396057737594
3959,4470.316606757796
3960,4446.409179438588
3961,4422.6893740565765
3962,4399.1623236106
3963,4375.650798070732
3964,4354.941524288878
3965,4336.2969264647845
3966,4318.9001291283785
3967,4303.659433799461
3968,4291.258789756492
3969,4282.946673023448
3970,4275.027264691179
3971,4269.51614283534
3972,4267.570783862056
3973,4264.532928039736
3974,4262.184567829609
3975,4261.534465123352
3976,4260.484151837631
3977,4256.338745022318
3978,4248.346852296314
3979,4238.788525232422
3980,4227.397967265651
3981,4216.4403141224275
3982,4209.491977584101
3983,4203.626365197501
3984,4200.481447362516
3985,4196.477352850625
3986,4191.302647417328
3987,4188.87214508095
3988,4192.994619072318
3989,4202.984284340135
3990,4211.675293123135
3991,4225.907793153687
3992,4247.701120608564
3993,4273.117565009632
3994,4303.2550713276805
3995,4335.063843278842
3996,4366.919807730356
3997,4399.213083323608
3998,4430.25929916174
3999,4463.861821539766
4000,4493.99391512372
4001,4523.169969769392
4002,4551.583724540838
4003,4577.5485788399965
4004,4603.80153930037
4005,4628.604565303608
4006,4649.884916953994
4007,4670.3118557513
4008,4690.91139740514
4009,4712.610246766945
4010,4734.874946496715
4011,4758.051736548347
4012,4780.845668472662
4013,4803.448007170731
4014,4823.3491997160045
4015,4837.336250089327
4016,4846.759448450127
4017,4852.448993335179
4018,4854.363288866947
4019,4850.577875231556
4020,4841.428025100361
4021,4830.546178141615
4022,4815.2582667104125
4023,4798.2148473580655
4024,4778.3800776635535
4025,4756.181802569684
4026,4732.593226523276
4027,4708.949764619271
4028,4686.726900515336
4029,4665.442874750336
4030,4646.603746023541
4031,4626.517721361716
4032,4604.078835175947
4033,4581.132001327092
4034,4555.1990064786205
4035,4528.779935565719
4036,4500.501616014585
4037,4470.119476307138
4038,4436.47300923572
4039,4400.00377269539
4040,4359.884532637198
4041,4315.785289987972
4042,4267.910690267601
4043,4217.735421884262
4044,4166.419381335372
4045,4113.232636285056
4046,4060.448337370652
4047,4014.525997315121
4048,3967.7944187603134
4049,3919.8447061156526
4050,3872.8668167658666
4051,3826.2627432346694
4052,3780.9778112704284
4053,3735.257849612088
4054,3690.4773538273917
4055,3644.9264667104208
4056,3597.0463267448577
4057,3549.1417067782563
4058,3501.891102781383
4059,3455.4830838789812
4060,3408.6998260821692
4061,3363.242390971168
4062,3319.04157262305
4063,3275.3152901936737
4064,3232.5167764371154
4065,3191.2607906138337
4066,3151.409475863839
4067,3111.4816933960415
4068,3073.7413374834605
4069,3036.6629964275003
4070,3002.123904710045
4071,2968.7171495467683
4072,2934.349817813729
4073,2898.544984936962
4074,2863.8743282449705
4075,2829.6170164307923
4076,2794.882508679802
4077,2760.4029845857553
4078,2725.5817133857936
4079,2692.0113876966248
4080,2658.5582120474282
4081,2624.7632410993433
4082,2594.3022147892307
4083,2566.13018151308
4084,2541.351141669023
4085,2520.2532929943523
4086,2504.22224118316
4087,2494.7192977383697
4088,2491.5972620281264
4089,2492.9961744983143
4090,2499.088094650272
4091,2509.300666303246
4092,2522.533112991259
4093,2540.0814586593488
4094,2563.0914062232173
4095,2591.028054092108
4096,2624.8663562925626
4097,2664.1378333381085
4098,2708.0559934182174
4099,2757.592684925529
4100,2810.5237293263854
4101,2868.359750867904
4102,2929.359566830635
4103,2993.2604337660046
4104,3048.854187999776
4105,3107.0150953058055
4106,3165.518885744658
4107,3223.9088099730957
4108,3280.9035409514095
4109,3334.8274945345474
4110,3384.630521640293
4111,3429.231507503463
4112,3469.803267418948
4113,3506.029259001336
4114,3535.8008931998943
4115,3558.287803071944
4116,3576.248473741479
4117,3589.8592910530065
4118,3602.9830050081227
4119,3614.650907612349
4120,3626.203284825471
4121,3638.7745236154396
4122,3650.294673725289
4123,3663.381117567017
4124,3677.44019274915
4125,3693.775170931674
4126,3710.771355321983
4127,3728.2581969122566
4128,3747.324687784766
4129,3765.9911769900446
4130,3785.216658487525
4131,3805.0225146254074
4132,3824.8342468915785
4133,3844.0166468381904
4134,3860.3775640274316
4135,3871.4476103271068
4136,3879.531923012994
4137,3883.4370293789284
4138,3883.125585709675
4139,3876.7809839562206
4140,3866.03691600737
4141,3849.941421344424
4142,3828.0324302394624
4143,3802.9441983626198
4144,3772.128061269728
4145,3738.6378665836523
4146,3702.851101887705
4147,3663.428788532464
4148,3622.0566548386632
4149,3579.9191928189252
4150,3535.9949952362886
4151,3490.5838252439567
4152,3444.7969560302213
4153,3400.278991990783
4154,3355.6258485344374
4155,3312.5750003805115
4156,3271.7889543005745
4157,3236.5956900103583
4158,3205.6040316324243
4159,3180.3441086278235
4160,3161.7041576757792
4161,3145.4874003475015
4162,3136.75640224417
4163,3133.8574938004876
4164,3135.552330629596
4165,3143.7847791441545
4166,3157.7763425088474
4167,3174.534717803611
4168,3194.853279998861
4169,3216.7633541706036
4170,3240.687462623101
4171,3265.753677853779
4172,3293.398574693576
4173,3321.4434603146874
4174,3351.6757098265157
4175,3383.7251009681772
4176,3417.4589100844437
4177,3451.2320753268277
4178,3483.604129218895
4179,3513.3114390630585
4180,3543.576594033563
4181,3571.9569712521748
4182,3599.1187018901473
4183,3623.745118033164
4184,3647.0800582001116
4185,3665.896770503373
4186,3683.489642631726
4187,3701.636190541229
4188,3721.655467742015
4189,3743.480820742583
4190,3764.4356309891436
4191,3786.3351335706566
4192,3807.9006776975216
4193,3829.986767385924
4194,3851.086247592262
4195,3872.5343602864755
4196,3897.5511684173352
4197,3924.5230476645306
4198,3952.8589919365836
4199,3979.2770916166673
4200,4006.336063895354
4201,4032.6847000446164
4202,4056.766446026553
4203,4079.4177545563352
4204,4100.835002906656
4205,4119.805946037342
4206,4134.724691994541
4207,4146.432969568421
4208,4153.876422008654
4209,4156.488477079972
4210,4155.777047650111
4211,4149.469344775275
4212,4136.831314577055
4213,4118.938492291417
4214,4097.86033691761
4215,4072.9553746379643
4216,4044.6797596097786
4217,4018.0975692828583
4218,3994.9710636984387
4219,3972.9125217204178
4220,3951.6552325181824
4221,3929.8135754598275
4222,3910.7146852801907
4223,3893.29564316674
4224,3881.1671266942926
4225,3873.320411629789
4226,3869.0262252297116
4227,3868.4509050464335
4228,3871.767505650335
4229,3878.6298670494543
4230,3890.6226473371603
4231,3907.721360105268
4232,3928.7039658658296
4233,3953.1151437211533
4234,3978.2672219271194
4235,4002.8236332052356
4236,4026.6507922154233
4237,4051.576519734103
4238,4076.809362958152
4239,4104.634283111174
4240,4134.182461453651
4241,4165.346430419023
4242,4195.976168649991
4243,4227.531620051026
4244,4257.816281626623
4245,4285.813314931806
4246,4312.30987984734
4247,4337.410439711479
4248,4362.73015437107
4249,4388.158640457388
4250,4414.4009892674385
4251,4440.0128958850155
4252,4464.331872121862
4253,4488.657090357301
4254,4512.348223243771
4255,4534.565746759562
4256,4556.895510854334
4257,4577.3271839609915
4258,4599.292614670523
4259,4621.193457029012
4260,4643.641845664081
4261,4666.233159790364
4262,4689.120006637638
4263,4713.968713545348
4264,4735.974192554358
4265,4758.836688030178
4266,4781.674675792612
4267,4803.860895996416
4268,4830.575791417893
4269,4855.7643828236505
4270,4879.8330311532845
4271,4899.4211209213945
4272,4912.390981248597
4273,4920.306093685112
4274,4920.804664857716
4275,4921.238421777882
4276,4912.381873983884
4277,4899.313876058282
4278,4882.456054104531
4279,4861.745197672292
4280,4840.325786287153
4281,4818.577849737836
4282,4798.073662848895
4283,4779.261768824805
4284,4762.551321457244
4285,4746.663403144399
4286,4735.533583065496
4287,4727.819862643448
4288,4724.552062448808
4289,4725.694798318509
4290,4731.184229108396
4291,4737.645432127147
4292,4745.531339115196
4293,4754.511628150803
4294,4764.694736779544
4295,4777.92490378233
4296,4796.043273272372
4297,4817.328431471282
4298,4840.594067862648
4299,4863.500733558368
4300,4886.163102862276
4301,4908.692307483811
4302,4929.311616150802
4303,4949.748682939471
4304,4970.2456619063005
4305,4991.626904583682
4306,5013.107443236173
4307,5034.213803879999
4308,5054.663721659218
4309,5075.244488255827
4310,5093.867520469004
4311,5113.125788803533
4312,5131.469158549482
4313,5147.221103995193
4314,5160.800400778124
4315,5172.986352992298
4316,5185.69497373835
4317,5196.567684803633
4318,5204.942179770884
4319,5212.4962360741665
4320,5216.970927218444
4321,5219.1076334195395
4322,5220.551105112274
4323,5220.907506692238
4324,5218.259136547346
4325,5214.815931757842
4326,5211.945315187591
4327,5206.805118457231
4328,5198.690739265562
4329,5186.940978642206
4330,5168.222659298135
4331,5143.229435529571
4332,5121.485330850919
4333,5091.269675831855
4334,5053.585805251907
4335,5011.772240620223
4336,4965.506074429249
4337,4915.017420003155
4338,4858.28413071533
4339,4796.256706255877
4340,4728.554235108995
4341,4657.8960260705
4342,4584.878714137398
4343,4508.749951269
4344,4431.456461885409
4345,4353.341194780448
4346,4276.399530104544
4347,4200.169622254408
4348,4126.15485867069
4349,4055.3025419576024
4350,3987.6774359940487
4351,3922.4494872262994
4352,3859.205981505552
4353,3797.754482557575
4354,3738.006336657767
4355,3680.872168458978
4356,3627.8073490710112
4357,3580.4299534707266
4358,3537.525651763163
4359,3498.5676076068853
4360,3464.826970605605
4361,3435.8472055092716
4362,3409.259107045929
4363,3385.38218584954
4364,3364.6248659191206
4365,3347.025837230412
4366,3332.433580594491
4367,3321.902786453639
4368,3316.0860797915707
4369,3316.005009385711
4370,3319.912378818113
4371,3327.9665620306687
4372,3339.0445029304374
4373,3352.8408117695985
4374,3369.7821055716095
4375,3392.393651798629
4376,3420.7881185730976
4377,3452.229171860812
4378,3486.571103752151
4379,3524.6137361581973
4380,3565.463552456271
4381,3610.5506450578687
4382,3659.211743040031
4383,3713.2011070361204
4384,3772.549737303335
4385,3835.8008230401783
4386,3902.0367167214395
4387,3970.367397922898
4388,4041.021961113673
4389,4102.491431089647
4390,4166.954034140554
4391,4231.801021862339
4392,4295.753365827834
4393,4355.66288564664
4394,4410.705531449452
4395,4460.73239090803
4396,4505.508107358443
4397,4544.53585680214
4398,4579.992737218235
4399,4610.936505888945
4400,4637.48544779499
4401,4657.988289309982
4402,4675.317431523543
4403,4689.759166349114
4404,4701.454826797167
4405,4712.813170753905
4406,4721.906596515229
4407,4727.1933406967655
4408,4729.818434631273
4409,4729.677479276004
4410,4726.854622047654
4411,4718.332500394728
4412,4707.025686792347
4413,4693.100078234576
4414,4677.65291486827
4415,4660.148926999634
4416,4640.486487318114
4417,4618.347623709265
4418,4594.614742315084
4419,4567.464247011958
4420,4538.132787473299
4421,4507.607788044367
4422,4476.971504682888
4423,4447.93119457405
4424,4420.036604691046
4425,4393.8027215529155
4426,4369.913484490656
4427,4347.225789284908
4428,4325.159061398309
4429,4306.340449062666
4430,4288.915958284225
4431,4274.625437544488
4432,4260.178267482208
4433,4246.097174577694
4434,4230.813522614263
4435,4214.240240981588
4436,4195.976137329977
4437,4178.104275895437
4438,4157.203957562126
4439,4134.5673921683165
4440,4110.187772213299
4441,4084.7380388687775
4442,4061.2178737866006
4443,4040.677098876081
4444,4022.6534824125088
4445,4012.8094103190033
4446,4004.245067597654
4447,4001.662642244165
4448,4006.8253859182346
4449,4016.566923022481
4450,4027.2909508464827
4451,4041.5040592209957
4452,4057.9665256671965
4453,4071.490582593734
4454,4082.449277446299
4455,4092.768886185227
4456,4101.565606472324
4457,4106.5027795373935
4458,4108.276619985939
4459,4107.541388683834
4460,4106.266002118348
4461,4105.452529974012
4462,4103.79895524147
4463,4101.986481134068
4464,4099.384099908648
4465,4094.7936307751443
4466,4087.9941248815517
4467,4082.1584366776174
4468,4073.4770441405226
4469,4062.772931957728
4470,4054.671311534862
4471,4046.9201407692294
4472,4037.341521465764
4473,4028.9143532133385
4474,4020.2230876159497
4475,4011.4894908154442
4476,4000.3672349377
4477,3986.6623685068284
4478,3972.1953893142986
4479,3957.1335437761495
4480,3942.7732602995484
4481,3928.146479284279
4482,3913.325533862715
4483,3896.9936458485404
4484,3878.5955800665306
4485,3859.7672390924295
4486,3837.5656709319796
4487,3816.3569445889398
4488,3796.0436415316726
4489,3775.5917552390074
4490,3755.98076632811
4491,3737.081240643273
4492,3718.50380138494
4493,3702.280468324289
4494,3687.2801709892447
4495,3672.535503312838
4496,3657.749306968077
4497,3642.456013351213
4498,3628.364034225228
4499,3614.4157074119203
4500,3599.856284989029
4501,3584.8284809256684
4502,3568.7302666141286
4503,3554.7248201630887
4504,3543.448310708444
4505,3533.4310854314913
4506,3523.487404285922
4507,3514.4548106807592
4508,3506.247124997097
4509,3496.606900835799
4510,3487.5899229722654
4511,3475.972349920779
4512,3465.652465748075
4513,3458.3772541845065
4514,3451.0340817598326
4515,3443.4923117524118
4516,3435.2191669750864
4517,3425.9893409224123
4518,3415.413497359176
4519,3408.7923015037027
4520,3404.8703515781717
4521,3402.4332743982145
4522,3401.5577521323294
4523,3399.3614802686425
4524,3398.1475528678793
4525,3398.146396481293
4526,3398.716705324687
4527,3402.725061369148
4528,3409.0714384449716
4529,3416.476732915528
4530,3426.8885484070315
4531,3440.220836934644
4532,3455.163417741678
4533,3470.715406070288
4534,3485.6402530755695
4535,3502.347747353085
4536,3520.3019167219754
4537,3542.1927074059017
4538,3564.717919647547
4539,3587.0964732125935
4540,3608.99901099225
4541,3629.9173382118315
4542,3648.017037877719
4543,3664.9232135648026
4544,3681.9823772570026
4545,3700.3788336100483
4546,3716.4624449787925
4547,3732.849448121472
4548,3749.054299926002
4549,3766.028337450095
4550,3783.630681132513
4551,3800.869559309105
4552,3819.1223575949143
4553,3837.482948563619
4554,3857.512377380414
4555,3877.709690301823
4556,3898.964776073183
4557,3921.2998200762904
4558,3945.5942010877984
4559,3971.224043842933
4560,3993.5220070399
4561,4017.304482746075
4562,4042.6979893602825
4563,4069.3896287769103
4564,4096.534440548632
4565,4124.250968472426
4566,4151.380160186124
4567,4179.165465491999
4568,4205.812367773754
4569,4231.086160030309
4570,4255.549624347632
4571,4277.647147612698
4572,4296.211727765815
4573,4310.403436838842
4574,4323.627185517514
4575,4335.151724146786
4576,4345.865727131074
4577,4355.866193065888
4578,4365.273374599806
4579,4374.3027809701225
4580,4383.302840339593
4581,4393.972193697639
4582,4403.71819087262
4583,4413.879775340543
4584,4423.661936894102
4585,4432.626441621375
4586,4438.904112183948
4587,4442.956130936418
4588,4443.923742598661
4589,4441.249393575448
4590,4434.270623817168
4591,4426.044024663607
4592,4415.913374612215
4593,4404.24757260188
4594,4391.868787553208
4595,4378.556966788222
4596,4364.488744440374
4597,4349.585650538689
4598,4333.145903149902
4599,4316.199829191203
4600,4299.594426552611
4601,4283.712765901698
4602,4268.223158870286
4603,4252.622175161465
4604,4237.014382381811
4605,4219.4984030194955
4606,4200.984509168227
4607,4181.987782200849
4608,4161.330966034521
4609,4141.2778595644795
4610,4120.430222410261
4611,4099.981041175415
4612,4080.1151261916307
4613,4058.8368553725186
4614,4038.291905613422
4615,4018.05330137867
4616,3997.760389239927
4617,3980.1055556792207
4618,3962.2961327182143
4619,3945.6416944447433
4620,3931.530992567044
4621,3921.143216829665
4622,3914.301698543749
4623,3910.505230655341
4624,3909.3831647307097
4625,3910.465661051195
4626,3912.5349056615155
4627,3913.962338289923
4628,3911.941864742149
4629,3907.47027659029
4630,3899.006720463788
4631,3887.071829208901
4632,3870.9983182882133
4633,3851.1091025364585
4634,3829.765853285796
4635,3808.981456090237
4636,3783.996603313803
4637,3756.3582000975944
4638,3728.958383478927
4639,3701.5476897408307
4640,3674.453403857554
4641,3649.7711284077773
4642,3626.108745999417
4643,3605.3607355384574
4644,3587.4314932631864
4645,3572.7296995902716
4646,3561.5344221097957
4647,3550.3687944707976
4648,3538.022376360952
4649,3526.227282041215
4650,3515.9455416849123
4651,3504.868399445219
4652,3493.475170997833
4653,3485.24147003664
4654,3480.059320749126
4655,3476.1226269106673
4656,3470.978581464049
4657,3465.6207409070325
4658,3461.4842494732184
4659,3457.0519329486287
4660,3452.9293869761304
4661,3448.9908536066328
4662,3447.4936239754907
4663,3445.6841009513673
4664,3443.192924492424
4665,3441.1194756128475
4666,3439.8481615049313
4667,3439.967397930537
4668,3442.3906509056014
4669,3446.563108694498
4670,3453.4215870954104
4671,3461.877209112311
4672,3473.889946952213
4673,3486.1387437753083
4674,3496.7951970114013
4675,3507.236123587093
4676,3512.097289653984
4677,3514.2958197902135
4678,3514.581752736592
4679,3513.736053909333
4680,3512.953292232251
4681,3508.531331983409
4682,3505.370252287311
4683,3502.485629955157
4684,3501.076104591484
4685,3501.3034441203413
4686,3500.7094459076116
4687,3502.7296988980884
4688,3506.7187505305014
4689,3510.67832828278
4690,3513.6389263792203
4691,3515.1029104088902
4692,3518.6541821027545
4693,3521.7151503852924
4694,3526.241561491517
4695,3529.6686623838095
4696,3532.7713686903835
4697,3536.43698990346
4698,3540.9051580052756
4699,3546.3302123186404
4700,3555.2382443720394
4701,3567.4443040628216
4702,3581.3682501706558
4703,3595.388409543469
4704,3608.1575720146907
4705,3620.6380308487933
4706,3633.952494412938
4707,3647.29532216075
4708,3665.260196025139
4709,3686.9752070398677
4710,3710.8966091360276
4711,3740.2000833322018
4712,3769.6588417642247
4713,3800.948059566603
4714,3834.6158510363516
4715,3871.4014522757147
4716,3910.0203801201924
4717,3951.1863139310753
4718,3991.614525853802
4719,4031.50621525811
4720,4069.3238179310824
4721,4104.386835320864
4722,4137.155372444779
4723,4166.494851368162
4724,4192.743876628376
4725,4215.830796408297
4726,4239.116224384254
4727,4263.721954926891
4728,4290.697110332985
4729,4320.767114531406
4730,4356.319922779621
4731,4387.250865955568
4732,4424.378660576268
4733,4467.489383744972
4734,4514.446907377723
4735,4563.44615887597
4736,4612.22892184197
4737,4661.860280852043
4738,4708.842940953234
4739,4755.092012425951
4740,4800.188048727329
4741,4844.2589091339105
4742,4886.4282463456775
4743,4925.712417729695
4744,4961.44282390929
4745,4994.447880609806
4746,5024.287847956172
4747,5051.077249504155
4748,5072.788666947317
4749,5090.561445812849
4750,5106.3363456156185
4751,5118.463791732433
4752,5126.656773040636
4753,5133.434105689165
4754,5138.421079230619
4755,5141.284672590103
4756,5142.081741431036
4757,5141.330440170645
4758,5140.616257672766
4759,5137.706047529927
4760,5131.067305123943
4761,5121.0994123864975
4762,5108.264347090722
4763,5095.137043364475
4764,5079.594553384125
4765,5062.622464938444
4766,5044.514618961508
4767,5024.849492949122
4768,5004.8491769731645
4769,4983.011766579805
4770,4961.198025214821
4771,4938.747142654787
4772,4916.823077924122
4773,4894.029293549211
4774,4871.010241404707
4775,4848.391917202153
4776,4823.623180901071
4777,4799.243195372038
4778,4772.954564050784
4779,4742.55826696537
4780,4709.547314738427
4781,4673.278140469193
4782,4633.86608153116
4783,4592.590816374425
4784,4549.926245155893
4785,4505.847099678403
4786,4463.827948796075
4787,4424.011193333122
4788,4389.370616080352
4789,4353.803461031872
4790,4318.238077828753
4791,4283.919833623519
4792,4250.975109524006
4793,4219.442886766287
4794,4189.839467152428
4795,4162.717600228507
4796,4137.946972794014
4797,4116.833636611841
4798,4101.365087988027
4799,4092.0636817390578
4800,4089.1276091705176
4801,4090.9149929609225
4802,4099.130003321845
4803,4112.27773266988
4804,4129.951365231285
4805,4149.787016868787
4806,4173.796225215302
4807,4200.633007038775
4808,4230.157908552843
4809,4261.386704823112
4810,4293.005165671529
4811,4326.016475609379
4812,4360.895554870361
4813,4394.985950636546
4814,4430.6947052017285
4815,4465.434312114463
4816,4498.5125762009375
4817,4529.701736653186
4818,4559.363336652612
4819,4586.039463717785
4820,4609.372474442844
4821,4630.188509545966
4822,4648.849249080174
4823,4662.796070317685
4824,4674.870263445743
4825,4684.858736981397
4826,4694.243975342941
4827,4702.386894698788
4828,4708.351410575969
4829,4713.7835986387545
4830,4716.652238767664
4831,4718.835981930911
4832,4721.698680460027
4833,4725.862472894219
4834,4730.47801012397
4835,4735.86269362464
4836,4741.843445556312
4837,4747.289289089765
4838,4754.983904422458
4839,4764.3451850159645
4840,4775.6709716106625
4841,4787.692691316436
4842,4800.9621949243065
4843,4814.226290178728
4844,4827.694010357626
4845,4839.410926913268
4846,4851.852068320039
4847,4862.900185205724
4848,4868.89465950855
4849,4869.742143394306
4850,4864.202464915712
4851,4851.49140063252
4852,4831.284027473436
4853,4803.995346809952
4854,4768.176654361502
4855,4727.644100093261
4856,4682.658648486491
4857,4632.314187800548
4858,4577.604651072947
4859,4520.095656187722
4860,4461.61541929967
4861,4403.792089851762
4862,4345.858649604042
4863,4289.081460831458
4864,4237.340224961374
4865,4186.051043917379
4866,4134.848314237793
4867,4086.4877418583305
4868,4041.9546866447195
4869,4001.67964211115
4870,3967.6332431347537
4871,3939.833267027112
4872,3920.1135999911667
4873,3906.4394339142905
4874,3896.442354286551
4875,3887.545646744397
4876,3880.167959176111
4877,3873.4006082373403
4878,3868.5934718857284
4879,3867.4140648723237
4880,3871.1741253910936
4881,3881.6056846604706
4882,3896.5500331801118
4883,3915.5189502947246
4884,3937.4634540312013
4885,3961.475501379792
4886,3987.2175612291853
4887,4014.894686212705
4888,4045.483010672273
4889,4075.450538409973
4890,4106.841072060075
4891,4139.225252836283
4892,4169.7695792443055
4893,4197.020305020456
4894,4222.731508621139
4895,4243.527653186228
4896,4262.175165061342
4897,4276.913942503483
4898,4289.6502317002505
4899,4303.433394893916
4900,4318.798246807246
4901,4335.3198973316175
4902,4349.6937332878215
4903,4366.098124544795
4904,4384.2784157268825
4905,4402.775339657499
4906,4419.728882399923
4907,4435.130267974255
4908,4449.377918119239
4909,4460.337078417127
4910,4468.5120859973185
4911,4474.312118835828
4912,4477.985974125151
4913,4480.8769470569805
4914,4480.860318686425
4915,4475.2449710179735
4916,4467.3891572332
4917,4459.223449490515
4918,4449.169396276888
4919,4439.538256461841
4920,4428.020065110459
4921,4416.629380187882
4922,4405.819868939181
4923,4394.138502388565
4924,4381.229826045158
4925,4367.940924416493
4926,4354.996173654783
4927,4339.972105739521
4928,4323.113617191456
4929,4304.203329061082
4930,4284.431295193043
4931,4261.936551294316
4932,4235.515587557587
4933,4205.6483729214815
4934,4172.968218412721
4935,4138.763907515755
4936,4102.90330757398
4937,4068.0445988148927
4938,4033.214626192155
4939,3996.8388039744927
4940,3961.1629415628963
4941,3924.1586109014274
4942,3889.4082272796413
4943,3855.310662077873
4944,3823.3258503683405
4945,3791.272110277778
4946,3760.4376188153933
4947,3730.436130792288
4948,3703.0586182543084
4949,3675.5595620541008
4950,3649.252954894948
4951,3625.2685736578037
4952,3601.6086201423445
4953,3577.7576819971273
4954,3551.894715607647
4955,3531.132571901473
4956,3512.962276566078
4957,3498.83635782399
4958,3490.6578119536193
4959,3483.542477046396
4960,3482.9146918725014
4961,3485.742500069595
4962,3491.360155854501
4963,3499.0134788796245
4964,3507.10035497566
4965,3515.1168308248516
4966,3520.468829873177
4967,3523.8643285704334
4968,3526.266230696606
4969,3526.820608953443
4970,3526.1417850823896
4971,3525.8631417201286
4972,3524.584796452252
4973,3522.9196900736274
4974,3517.9505539304228
4975,3511.9395759356867
4976,3503.8788430291147
4977,3496.1305399595553
4978,3487.7511681575365
4979,3478.021016926953
4980,3467.3918349468686
4981,3458.322881173432
4982,3450.2988809860176
4983,3441.9631497466594
4984,3436.7484815884304
4985,3432.8883774705096
4986,3430.04216021223
4987,3429.8245808478923
4988,3430.4277683919427
4989,3432.746090447727
4990,3436.041650967749
4991,3441.497526212329
4992,3449.174852096506
4993,3458.465526969864
4994,3470.8107406439412
4995,3485.5962134901406
4996,3503.8292162802495
4997,3526.553743278664
4998,3553.6894501046045
4999,3585.165166875335
