,0
0,482.79576313396353
1,893.3580100414985
2,1242.7571554993285
3,1540.7099112954509
4,1795.522712052108
5,2014.5822958191955
6,2202.8447022352866
7,2369.0161285021845
8,2512.7806813834286
9,2636.272273660338
10,2742.8325684936503
11,2834.3690827319147
12,2912.1515355260217
13,2979.0636322146206
14,3034.1268478976167
15,3078.9429986109903
16,3114.652423116935
17,3140.206982880034
18,3156.2946526928376
19,3162.4567098456887
20,3162.3809288553334
21,3158.990272755139
22,3154.2437774445434
23,3148.6200314865746
24,3141.3064633434287
25,3131.7340966133906
26,3119.6570231980254
27,3104.913142639902
28,3090.014499396275
29,3075.3135535201613
30,3061.2248030553715
31,3049.9771601214443
32,3041.084713394545
33,3036.059135956393
34,3032.8844971998988
35,3031.3167025555354
36,3035.0028441532704
37,3041.4684495764373
38,3050.853068554595
39,3062.719330641932
40,3082.0967878859296
41,3101.9838625220914
42,3122.74327444101
43,3143.712061959543
44,3164.7814943305793
45,3187.544337121594
46,3209.2572922275153
47,3233.140061129915
48,3260.049029497022
49,3289.7913097583496
50,3320.3061349775844
51,3352.5177061720456
52,3389.400882373876
53,3426.5337781323074
54,3462.035184558515
55,3496.1358999972126
56,3526.6797881937564
57,3553.25297092475
58,3573.175086939693
59,3584.447907743314
60,3587.4901119088204
61,3581.767258153533
62,3569.7719085060958
63,3550.463919004031
64,3522.519735510709
65,3492.426146013213
66,3461.1489328812727
67,3429.6373948779456
68,3398.3304190605954
69,3367.285184540605
70,3335.9741920702754
71,3306.905789495825
72,3280.4962004471226
73,3258.3637010775374
74,3242.3113160481766
75,3229.3639920996993
76,3220.368272128166
77,3218.0745118381924
78,3215.433123351885
79,3216.042631930867
80,3219.374187490517
81,3225.437236721296
82,3231.6723619435584
83,3238.3970338563727
84,3247.3888954219733
85,3258.6334241744034
86,3269.54585620578
87,3278.669506307292
88,3289.520948159887
89,3295.9320261316943
90,3299.567220080771
91,3302.3643094281433
92,3303.819071455592
93,3306.7202350313823
94,3310.256597290881
95,3314.68992018859
96,3321.2235288994107
97,3327.3480636249033
98,3334.2921835494863
99,3343.0611735928983
100,3350.1820232127475
101,3356.2711910642684
102,3362.583181078608
103,3366.1634236111354
104,3369.1382578414705
105,3370.606303392541
106,3370.528111702548
107,3369.1144482499376
108,3367.309673228916
109,3365.5877976243287
110,3368.1922304787076
111,3375.056188165784
112,3387.178221962155
113,3405.7849766494437
114,3421.972853227385
115,3444.393227496518
116,3472.9301646725808
117,3508.2825036794834
118,3549.5771062443227
119,3595.977853648079
120,3648.3641745274185
121,3706.0653868366066
122,3765.4455955160865
123,3825.3938684581844
124,3885.892639914721
125,3945.8298418642535
126,4006.062311778548
127,4066.247844740199
128,4127.229655714865
129,4185.413512162188
130,4239.513939379644
131,4292.043160647202
132,4342.782050957267
133,4391.04037351023
134,4437.606704562709
135,4485.562423095781
136,4531.224338629588
137,4575.781286651081
138,4618.7108400882635
139,4662.269306295424
140,4703.541673271493
141,4743.186596547646
142,4780.677800797327
143,4817.634534533085
144,4854.317533881679
145,4889.3766248474885
146,4921.97287683139
147,4954.851101685386
148,4985.158676627829
149,5013.062547772162
150,5038.606191832881
151,5063.402470378062
152,5087.01722111161
153,5107.430201649148
154,5124.05767886801
155,5136.294916301834
156,5143.733502882085
157,5147.336480970329
158,5144.882714455404
159,5138.326489232009
160,5126.715602092819
161,5110.986735368974
162,5092.665192656121
163,5071.218808043936
164,5048.189636110247
165,5022.530329074604
166,4992.014589312643
167,4955.7919222190285
168,4913.386583529046
169,4864.808005798218
170,4809.07214369567
171,4760.581943666453
172,4704.399786848663
173,4642.66402089281
174,4576.61867386028
175,4507.534629986844
176,4437.956157131743
177,4367.095285351221
178,4296.032019130302
179,4225.254215837179
180,4154.486384320875
181,4084.0554932393156
182,4014.1410851318637
183,3944.8975178848814
184,3876.18707177637
185,3809.5245396734986
186,3744.181280220808
187,3679.2648596842605
188,3615.576786501994
189,3552.557508987781
190,3491.323712008948
191,3432.093466040558
192,3376.7073800186836
193,3326.225209395232
194,3277.349528378057
195,3232.4211627855902
196,3190.7048712690585
197,3153.28187611793
198,3119.2972250021235
199,3089.070437579823
200,3063.151507799595
201,3040.182507515444
202,3020.510212622
203,3003.9727840082155
204,2991.0560818792196
205,2980.9997345931433
206,2974.6962098530967
207,2972.3441163677717
208,2972.849727527394
209,2975.692951025888
210,2980.7919664304018
211,2988.4530549343917
212,2997.597617033014
213,3009.4917760554304
214,3026.2053401967773
215,3046.303094464519
216,3071.793035659577
217,3102.896639566377
218,3138.024170150603
219,3178.789448706336
220,3224.846034981127
221,3277.2695849417487
222,3335.5136000365806
223,3398.9961080707862
224,3466.54403596823
225,3537.503201898561
226,3610.788437767071
227,3685.7338126937602
228,3750.9362888799797
229,3820.2113491328914
230,3889.030338678186
231,3956.677941208184
232,4021.5834269567904
233,4084.8213924717797
234,4143.900656707655
235,4198.9715455550995
236,4249.49268651788
237,4296.2229055669
238,4340.385093217711
239,4380.6170675134645
240,4416.298182198012
241,4449.515986609054
242,4480.160518149417
243,4507.946046781018
244,4535.271237203259
245,4562.039206583453
246,4589.824387149484
247,4617.964271531495
248,4644.710749516338
249,4669.050125031116
250,4691.34090705427
251,4711.692750640613
252,4729.2032170548155
253,4744.375128597496
254,4758.686464051188
255,4774.687163626517
256,4792.557202823995
257,4809.53473007622
258,4821.622830596256
259,4831.378318007865
260,4839.2696213924
261,4842.393814743759
262,4844.864042335288
263,4847.544939361372
264,4849.550667409744
265,4852.1785437871595
266,4854.641622432779
267,4854.508644901766
268,4851.849893504763
269,4845.481981066081
270,4836.723161052003
271,4822.239529076072
272,4803.77005692873
273,4779.75723486939
274,4750.205977782201
275,4714.970167836886
276,4673.217228922844
277,4627.491183944445
278,4579.038887417472
279,4529.671149849353
280,4476.011757027899
281,4421.943554155506
282,4370.805747514583
283,4322.086985813002
284,4277.8956138171125
285,4239.449120180688
286,4206.880137788404
287,4178.387605240856
288,4152.537922437364
289,4131.499819703882
290,4114.744526521514
291,4100.9649578047665
292,4090.674484806668
293,4081.1718922927407
294,4073.221509906566
295,4066.7519276784055
296,4064.2269659864633
297,4066.25638384108
298,4072.899151804835
299,4082.184010319753
300,4092.8554136270022
301,4107.587750018724
302,4124.515273559183
303,4147.016211524067
304,4171.990267476757
305,4199.269455465293
306,4230.484123156118
307,4260.850894974818
308,4291.380767992686
309,4320.224798959546
310,4348.237604291312
311,4375.932628115976
312,4403.495161397377
313,4434.320700098182
314,4466.83846153946
315,4500.459178858523
316,4536.56272782471
317,4571.711476679029
318,4606.597946597691
319,4638.970394143455
320,4669.927113985817
321,4703.374551554869
322,4736.346048090325
323,4766.700681609912
324,4796.06100346416
325,4825.710464159358
326,4852.897292096307
327,4879.031028304496
328,4903.955154680181
329,4927.094313586122
330,4949.56312016976
331,4971.366122285013
332,4992.343623151788
333,5009.65242329058
334,5024.285852873227
335,5037.820274729829
336,5047.852761762636
337,5055.362815341539
338,5061.130473173311
339,5061.39409989978
340,5058.415705611335
341,5051.466790557013
342,5045.421234459752
343,5034.212202523109
344,5023.111732484061
345,5012.637429355898
346,5001.52913787258
347,4993.7797181886535
348,4989.739172102003
349,4990.489725929718
350,4994.77291171879
351,5001.333178119618
352,5008.975980403816
353,5015.913371576273
354,5021.356054229072
355,5026.380220464298
356,5031.701291309031
357,5033.85163376418
358,5030.850910426016
359,5024.851662986732
360,5016.716238257388
361,5006.847760384891
362,4996.165531593929
363,4984.576993970364
364,4974.1362464539625
365,4960.618107759657
366,4946.532757198151
367,4932.589095897605
368,4915.429884070934
369,4897.34078935609
370,4877.113600279019
371,4856.385928719799
372,4833.843035960526
373,4810.847852758867
374,4787.117329029697
375,4760.2016701159855
376,4730.749556011996
377,4698.400060371783
378,4665.104101922941
379,4629.151868044647
380,4592.508919199931
381,4554.134759630361
382,4515.545464695259
383,4475.01095822823
384,4434.790923304708
385,4395.056791390492
386,4354.616634879829
387,4312.3566442635365
388,4270.863110818981
389,4230.794415772496
390,4193.648796336424
391,4158.510567727545
392,4125.428117891171
393,4094.545780169903
394,4066.6548111021443
395,4039.7551972517235
396,4009.350226065392
397,3975.7278227368106
398,3936.423984463909
399,3902.2296451664847
400,3863.021600716041
401,3820.334523790447
402,3774.9516636265007
403,3728.883035179269
404,3682.230666970694
405,3637.540898025788
406,3593.361159411344
407,3551.758720253498
408,3510.3737771866563
409,3471.112541939498
410,3434.2629328373755
411,3402.6820619999985
412,3377.0231061385866
413,3355.49643464847
414,3340.072311532714
415,3329.6099251139754
416,3323.5627579898382
417,3321.7558002917935
418,3323.347558750008
419,3324.873754708371
420,3326.069506951446
421,3328.6301982501564
422,3335.6496302834707
423,3343.338018473542
424,3354.7058648131715
425,3371.3234826492535
426,3391.6563182256887
427,3412.3396346294217
428,3433.6108314865014
429,3455.9467023698635
430,3477.572481236159
431,3501.5516290391242
432,3525.3806224363266
433,3546.842214651092
434,3571.698112285849
435,3594.7320499690845
436,3619.044880927507
437,3643.42776584557
438,3669.030294328935
439,3694.8593782299226
440,3717.9876940018194
441,3742.098553390828
442,3763.2452825232936
443,3783.770799195457
444,3802.6552493356767
445,3822.0543240344477
446,3840.0392837111103
447,3854.507989342913
448,3867.083545130739
449,3881.8193550826527
450,3896.3920792445597
451,3909.46708887765
452,3921.9873188161823
453,3930.6011795140575
454,3936.379742771362
455,3940.547181896698
456,3944.172853935741
457,3944.2307429515918
458,3942.540121074062
459,3939.669944427436
460,3935.5608605413263
461,3929.3659171108043
462,3920.221273984743
463,3909.407292441792
464,3896.0460557859683
465,3881.1739971433635
466,3863.198635479388
467,3841.9651079870946
468,3818.7446848016784
469,3793.3195668412513
470,3764.3366809638655
471,3734.7646582210996
472,3703.9000942485827
473,3673.406388100091
474,3642.232530033565
475,3611.512119216074
476,3578.206659188415
477,3545.6776924837295
478,3514.5166542431352
479,3486.7973495066117
480,3463.157278415005
481,3440.59935912863
482,3418.0422249657036
483,3396.565014204254
484,3375.84799328834
485,3355.8490395903746
486,3338.5268400762234
487,3323.2213076361245
488,3312.592764455268
489,3306.2929277420576
490,3303.260622955341
491,3303.0787019191102
492,3303.825954256216
493,3303.2143438454887
494,3305.6926299700694
495,3308.448563100819
496,3311.294259150081
497,3314.7313805061403
498,3322.5534782023024
499,3333.7479659291275
500,3349.8543492659846
501,3367.3376938913125
502,3386.699080544417
503,3409.5974846058166
504,3438.5516194229062
505,3470.0438426958326
506,3504.287568037055
507,3540.5615555803806
508,3577.643841517565
509,3615.986595455266
510,3652.6100290846484
511,3687.8550779373145
512,3721.3625060127783
513,3750.5139684384326
514,3780.642653654342
515,3807.330180948115
516,3834.0651561715017
517,3858.084455777314
518,3880.438281032283
519,3900.4008578282474
520,3915.827015978759
521,3928.900897433092
522,3942.2944853843337
523,3957.583420014314
524,3973.4677109583577
525,3989.9373584870496
526,4008.7243845192115
527,4028.579732737685
528,4046.2103684249105
529,4062.874876198147
530,4079.2279451631425
531,4093.9302263903332
532,4109.7148883180525
533,4127.674422824551
534,4145.878099180548
535,4166.3629491521715
536,4189.039966299751
537,4213.328062407376
538,4239.118841296338
539,4263.233377248331
540,4284.892721702245
541,4303.8480012702585
542,4321.7557171741055
543,4333.6757435863365
544,4344.487753208938
545,4353.43633097764
546,4360.7957362239
547,4366.723291885562
548,4370.810132822115
549,4372.606772887371
550,4373.7198377201985
551,4373.870854769347
552,4373.479178060001
553,4373.286618601516
554,4373.643410644601
555,4374.125533382952
556,4368.867186808899
557,4360.656788442263
558,4348.401480301144
559,4330.322857868475
560,4309.580023947174
561,4286.343619868637
562,4260.559084603587
563,4234.413544676697
564,4204.594687159085
565,4172.763059518813
566,4140.090452248706
567,4107.816519434239
568,4072.854803608606
569,4038.060673087601
570,4007.7897795343265
571,3979.5983147286042
572,3955.311792842427
573,3934.0576537481193
574,3913.6937110070967
575,3897.0416468863937
576,3881.819601048976
577,3867.702435357049
578,3852.928947231108
579,3837.223389147875
580,3821.6566720885994
581,3808.2288445268277
582,3793.726806562519
583,3778.8014934661774
584,3763.0412263920603
585,3748.313738437252
586,3730.1586047908263
587,3711.0708123380355
588,3690.615005703924
589,3670.4496707837957
590,3651.557239319596
591,3633.4402327180924
592,3617.3499989802726
593,3603.123377988823
594,3592.1555123308503
595,3586.2529881021333
596,3585.3988027249165
597,3588.2475233157543
598,3593.389496920776
599,3602.2741231396203
600,3614.0100724568592
601,3627.3574593799117
602,3641.083238676741
603,3655.051017240475
604,3668.425933807621
605,3682.294876557563
606,3694.318525451177
607,3705.6915334326986
608,3716.820583581537
609,3729.702495115626
610,3744.3180129695324
611,3759.818843099789
612,3775.777935231575
613,3791.049562452341
614,3808.0671900905354
615,3826.003041840281
616,3844.283833758685
617,3862.7066391385542
618,3879.6371607881615
619,3898.8139795011393
620,3920.9203401623354
621,3941.1951440421662
622,3959.5627682873933
623,3974.656449466561
624,3985.434695652054
625,3995.7281951651657
626,4005.5861680815806
627,4014.162604518862
628,4022.350154421486
629,4031.007282315821
630,4038.5231905319706
631,4049.1864421917453
632,4062.69336503513
633,4080.0825761082137
634,4102.544391768882
635,4127.612593299403
636,4156.008826970081
637,4187.513546218733
638,4220.125740213858
639,4254.1860563999235
640,4288.963454636265
641,4325.340598121875
642,4363.1588112233285
643,4402.101993145628
644,4438.837651455923
645,4476.197167513617
646,4510.3128056796395
647,4540.436318309393
648,4567.557949840206
649,4587.896086694276
650,4606.969683905541
651,4624.300171135324
652,4637.0219696560525
653,4645.767127149413
654,4650.519652927717
655,4653.932335638961
656,4653.493280017079
657,4652.0796500220285
658,4649.396121826411
659,4645.392360951751
660,4641.95739752401
661,4634.8773267973575
662,4624.719517790781
663,4612.174087132954
664,4598.9195786264545
665,4584.561720972372
666,4570.749442871245
667,4558.781073707742
668,4545.635553925857
669,4533.169726806181
670,4520.668493735791
671,4507.681566668749
672,4496.271721356098
673,4486.357865981405
674,4479.973779921136
675,4479.006600987377
676,4482.600105194152
677,4493.416611871048
678,4508.912979440361
679,4527.6766478541695
680,4547.399218012595
681,4567.158945848657
682,4585.328701216454
683,4600.796494082543
684,4614.253473876041
685,4624.8077877813275
686,4634.562788161753
687,4639.373110751886
688,4638.456932351878
689,4630.611161661332
690,4614.928027095552
691,4591.99604892743
692,4562.179028736138
693,4525.78267704146
694,4485.7957452713
695,4442.417943030646
696,4394.672563054123
697,4344.97968697386
698,4292.92511338268
699,4241.376651194778
700,4190.112602845225
701,4141.120127756606
702,4096.852987692234
703,4058.330642247776
704,4024.0374448332714
705,3991.5178860269525
706,3962.1632325294963
707,3936.2765706867986
708,3913.306736074852
709,3894.3500610596216
710,3879.602971193841
711,3871.190186948914
712,3865.2665576857075
713,3862.871482002538
714,3863.053216413705
715,3862.0421696013186
716,3864.866070795758
717,3867.554072737009
718,3871.019360305464
719,3878.200198272578
720,3890.2543262440026
721,3905.232648211177
722,3919.8585967022404
723,3933.351534555159
724,3943.7646656274715
725,3952.3938444315454
726,3958.719527493648
727,3962.9028886003957
728,3966.693313372646
729,3969.4205587173537
730,3973.1297497292126
731,3977.8545667253147
732,3978.091608979405
733,3976.878925435692
734,3973.143366809644
735,3964.91977587356
736,3954.630129304701
737,3946.172740922279
738,3936.962048659806
739,3935.1147289838577
740,3941.5058904929674
741,3947.0662010058927
742,3961.432173272954
743,3984.1329207734548
744,4011.9613148091426
745,4041.875586745223
746,4073.4488179599284
747,4103.901939316711
748,4132.470042327161
749,4158.106876395035
750,4184.086989712612
751,4209.149369037164
752,4234.154877631843
753,4257.580182826455
754,4278.990256118228
755,4300.527589967582
756,4320.98939986553
757,4341.201876243559
758,4359.656243316744
759,4377.543948091779
760,4393.710202963356
761,4407.206416775842
762,4416.782967708833
763,4421.411673320081
764,4424.314375058784
765,4421.871288473626
766,4414.319863859515
767,4403.957292227627
768,4390.992704218707
769,4374.164850491139
770,4355.511225889054
771,4332.333945696609
772,4306.988507371095
773,4282.517707029143
774,4261.625339354152
775,4241.8427063297195
776,4223.606182902676
777,4206.6339227600365
778,4192.569100876247
779,4181.060316876456
780,4169.8691727488185
781,4160.031478472822
782,4152.808234821635
783,4147.260495578262
784,4143.515415190151
785,4143.062142336976
786,4144.31817423451
787,4147.176057265353
788,4150.173258181773
789,4153.3927148375315
790,4153.868006440618
791,4152.88423261555
792,4151.8445450895415
793,4151.92922689378
794,4152.239981804042
795,4154.902105268068
796,4160.655284555282
797,4170.977127648489
798,4179.95713113958
799,4192.332597457111
800,4205.016240958642
801,4217.468586889487
802,4230.469616948827
803,4239.859565383668
804,4248.166852153878
805,4253.135259357398
806,4253.195277400097
807,4250.095491707516
808,4246.367413932378
809,4240.72555270397
810,4235.160238751829
811,4230.082720709006
812,4225.042743956946
813,4222.06216647662
814,4219.105903021673
815,4218.052509972006
816,4220.036543609715
817,4224.891983525967
818,4234.786390547571
819,4247.302323839665
820,4260.811118836105
821,4276.006246574389
822,4295.886314391785
823,4314.62820679628
824,4335.972919438392
825,4358.215927299028
826,4379.096680544745
827,4397.487708575924
828,4412.679839545744
829,4425.931801949229
830,4436.86433632283
831,4444.82670508683
832,4451.278276328972
833,4457.219172877061
834,4460.005626363169
835,4459.8975719078335
836,4456.827201041167
837,4449.9463219227655
838,4441.121895419679
839,4429.098568381101
840,4415.806835442573
841,4403.349116033905
842,4391.082786007501
843,4379.006006316484
844,4368.230196444572
845,4359.161467693855
846,4348.597625893708
847,4337.46750425944
848,4323.389811115035
849,4308.141819782847
850,4293.107737131377
851,4281.358057430855
852,4274.575944476858
853,4271.7811373765
854,4274.7925623030005
855,4277.412501989055
856,4284.824924733736
857,4296.590749307797
858,4310.357283314484
859,4325.130904176272
860,4339.024681479413
861,4351.204874509837
862,4360.559456278677
863,4368.419496846395
864,4376.960817961197
865,4385.101143396746
866,4390.5245372958925
867,4393.274930508548
868,4393.042293238502
869,4389.9298794466085
870,4387.141817948401
871,4379.105426296138
872,4367.149948714456
873,4353.00175263389
874,4334.318343667479
875,4316.816817501678
876,4298.573920601156
877,4279.74941610989
878,4259.601353042028
879,4241.539737988554
880,4223.995875080085
881,4207.459403537774
882,4194.472328242457
883,4183.584185725935
884,4173.94062439219
885,4164.434029171842
886,4153.863283369716
887,4144.6079224710265
888,4137.352512644652
889,4130.1297984791445
890,4124.575151741677
891,4119.728708387161
892,4116.348211030468
893,4113.896954575136
894,4109.110347394127
895,4103.315321323453
896,4099.840856260427
897,4096.119751398525
898,4091.709059508135
899,4084.738294538942
900,4075.236706586558
901,4065.689751540138
902,4052.991100744708
903,4039.7935146176305
904,4027.1741687475223
905,4013.807857350858
906,4001.1297591570524
907,3986.7940302776847
908,3973.0262870255733
909,3961.412392850547
910,3953.815829987364
911,3951.7666286941435
912,3949.9838235690418
913,3952.933324736741
914,3961.3576308211013
915,3972.9872134064126
916,3989.7143022258592
917,4013.3593555206194
918,4042.9589532162013
919,4078.2071400682075
920,4117.287852412396
921,4158.783308596448
922,4203.71907602998
923,4251.785537193534
924,4299.491817379782
925,4347.462442658846
926,4393.054407901663
927,4437.01527881703
928,4476.975174350259
929,4515.139510337967
930,4548.238446500035
931,4576.522859899337
932,4598.439890153631
933,4614.923346131403
934,4629.1996026957995
935,4640.64007837099
936,4647.220347937176
937,4651.131846102015
938,4653.548601166896
939,4654.83856099034
940,4653.519573730567
941,4651.626827030769
942,4648.3865982527495
943,4645.004017790641
944,4637.008636281437
945,4628.189176170714
946,4617.596786645268
947,4606.205493716096
948,4591.972435007864
949,4576.856889396506
950,4562.9190784031325
951,4547.7442778164705
952,4532.85177784059
953,4518.288398917774
954,4503.61571108308
955,4488.046430711881
956,4471.887455171788
957,4454.07744763273
958,4435.699604118048
959,4417.296306933737
960,4398.898212028989
961,4379.663704676315
962,4359.278554249414
963,4341.250287803095
964,4321.962270416047
965,4302.275487894233
966,4280.168748346268
967,4255.303734350553
968,4225.648814008031
969,4199.849033310037
970,4170.704555499804
971,4137.427461780848
972,4101.117897815354
973,4062.0103618497915
974,4018.9405037509096
975,3970.7478582772596
976,3918.998369355037
977,3863.9136389828286
978,3809.8301338252127
979,3757.8549006352005
980,3708.4054744380346
981,3662.8623837918776
982,3619.8892101995057
983,3581.349917863678
984,3545.050262503683
985,3512.6352288502762
986,3481.763025540637
987,3453.055890226387
988,3427.555223654848
989,3405.481202846237
990,3386.5346353007913
991,3369.938793553297
992,3355.2818856896793
993,3342.977679965251
994,3333.8642805251598
995,3328.1918846995795
996,3327.9031802301597
997,3331.333653931818
998,3337.1734864038913
999,3346.004153133255
1000,3357.4820568077603
1001,3374.954144271123
1002,3396.086100136255
1003,3420.0841979788875
1004,3446.4469588723778
1005,3476.0879934697095
1006,3506.9353059024347
1007,3539.4008754197594
1008,3573.598587365477
1009,3607.133945670719
1010,3642.299225671091
1011,3678.386028715607
1012,3714.9793370906455
1013,3751.5272689833782
1014,3785.345568591986
1015,3817.5998748574557
1016,3847.0009789044184
1017,3873.2660855755535
1018,3895.5839594948093
1019,3914.9934263369732
1020,3931.410522684491
1021,3946.594763115763
1022,3957.755227322552
1023,3965.080862184138
1024,3970.6411017141177
1025,3972.4532456338134
1026,3974.0298108439492
1027,3973.8175185108585
1028,3972.928038590295
1029,3972.1131426956413
1030,3973.2402028508086
1031,3975.1385271274107
1032,3978.410448832665
1033,3982.654265162386
1034,3986.9873983146094
1035,3993.1558223766488
1036,3999.747906991352
1037,4008.2774298255135
1038,4017.9311225750757
1039,4028.475424464485
1040,4038.0939689403663
1041,4045.6321735162055
1042,4050.5101553098175
1043,4054.2231466367634
1044,4054.3952995745317
1045,4050.9561569159077
1046,4045.4182618786754
1047,4038.346813415854
1048,4027.4060233305718
1049,4012.889274740028
1050,3995.064443896535
1051,3972.72550708052
1052,3948.717962658282
1053,3921.560156425832
1054,3892.5237143314066
1055,3863.259830381965
1056,3832.0632224703995
1057,3800.7949247003135
1058,3768.67342443517
1059,3738.1238710807497
1060,3709.29483416884
1061,3682.637978418171
1062,3657.057256486218
1063,3630.9547677406954
1064,3607.050812161559
1065,3585.08668382175
1066,3564.79671168925
1067,3545.3335440617116
1068,3527.367584631993
1069,3513.4279224972847
1070,3502.2400200502143
1071,3494.8623475578643
1072,3492.330481095269
1073,3495.789738031707
1074,3503.7776658245352
1075,3517.651145784966
1076,3538.5901323915377
1077,3566.466084298859
1078,3601.004831040274
1079,3640.4586434697303
1080,3682.972392015362
1081,3727.1638949015455
1082,3771.285841672722
1083,3809.6719353636454
1084,3848.7364545112323
1085,3889.078429413473
1086,3930.9329984234682
1087,3975.206555209808
1088,4022.95920869058
1089,4073.152687660598
1090,4125.00561505903
1091,4178.49857690392
1092,4232.613389920961
1093,4288.519684472679
1094,4345.292321028053
1095,4403.668302775173
1096,4463.184892268515
1097,4524.33411159487
1098,4586.410530441982
1099,4647.90513114356
1100,4710.743571148969
1101,4772.499750382261
1102,4832.808718190865
1103,4890.776272749345
1104,4945.088821659863
1105,4996.287172946276
1106,5044.135481430069
1107,5088.1441891377735
1108,5130.379490262767
1109,5169.271436936488
1110,5203.37181891211
1111,5232.705346134769
1112,5257.993074945444
1113,5279.466753760007
1114,5298.131713762368
1115,5313.305022030939
1116,5323.714859222724
1117,5329.594749433974
1118,5329.631259818691
1119,5326.80695167942
1120,5318.2667685629385
1121,5304.179851551536
1122,5284.389679330943
1123,5258.738658775185
1124,5228.234887444286
1125,5193.793983527883
1126,5152.752773440238
1127,5106.107223092578
1128,5055.360393629924
1129,4999.988879707643
1130,4942.446747065036
1131,4884.113362901654
1132,4824.271835301982
1133,4761.436600282871
1134,4697.859659061555
1135,4631.5806686573405
1136,4563.944210639536
1137,4494.136948364972
1138,4422.190821160135
1139,4348.593133907685
1140,4284.563145998054
1141,4217.5455804204785
1142,4148.765272257503
1143,4077.9878990656707
1144,4006.1349652128497
1145,3933.460411038082
1146,3863.074363927927
1147,3795.00028706773
1148,3728.530848972355
1149,3664.0771022511053
1150,3603.5570654450717
1151,3546.0635306744493
1152,3491.0112170767943
1153,3440.958843836568
1154,3395.8095752759746
1155,3355.3097715820622
1156,3321.2991065482747
1157,3291.441455286794
1158,3265.5761634993532
1159,3241.7820061868206
1160,3220.789757344069
1161,3203.4951468956547
1162,3189.44245543774
1163,3178.9821417199173
1164,3172.0119285114433
1165,3168.3249151105797
1166,3165.7149857710174
1167,3164.216363473229
1168,3164.8776857665557
1169,3167.841533295855
1170,3174.890711250586
1171,3185.286088901922
1172,3198.9245722241967
1173,3215.337026545245
1174,3233.512288864119
1175,3253.6678515791946
1176,3272.8266150872537
1177,3292.523010438239
1178,3312.435870915626
1179,3331.3437507764784
1180,3350.9208965954153
1181,3369.2464856154916
1182,3387.2174531329624
1183,3404.9672727072057
1184,3422.6335288471205
1185,3439.0191248520887
1186,3453.5206605288818
1187,3466.8685986606274
1188,3480.256797619326
1189,3492.2672973314357
1190,3506.151273448
1191,3520.286257581686
1192,3533.4778299686463
1193,3545.9236390386086
1194,3556.1379502969626
1195,3564.521558961332
1196,3571.0650800072253
1197,3576.7579433171527
1198,3580.5061737861874
1199,3583.5871415283186
1200,3588.3719443590435
1201,3595.566842896477
1202,3605.254920302015
1203,3617.901157479501
1204,3635.038251252983
1205,3653.8383780100003
1206,3674.0517697119485
1207,3694.388431709088
1208,3715.997465360554
1209,3739.777534454165
1210,3764.486175073298
1211,3789.468661262083
1212,3815.7965290724483
1213,3841.1335524861424
1214,3864.96442569446
1215,3888.0793579283727
1216,3910.011599678527
1217,3932.465463064331
1218,3956.163757426855
1219,3981.24895956695
1220,4005.7219099763233
1221,4029.630587028853
1222,4051.376565207913
1223,4072.2001868331395
1224,4090.452290655301
1225,4105.755076443249
1226,4118.731140208763
1227,4130.759495032097
1228,4143.946844931417
1229,4158.041180873445
1230,4172.131681220491
1231,4185.552455779494
1232,4198.056489788696
1233,4209.445046168782
1234,4218.664660348077
1235,4226.207417432783
1236,4232.414654756444
1237,4237.862239945075
1238,4242.235880837538
1239,4245.748428984845
1240,4248.1443555069245
1241,4248.331838837905
1242,4246.237577777065
1243,4240.209041733961
1244,4230.008000454003
1245,4218.015052342329
1246,4205.492743719859
1247,4193.399358738606
1248,4183.881031814993
1249,4176.856695151009
1250,4171.0401449530955
1251,4163.290009560281
1252,4150.968280579296
1253,4132.203048835423
1254,4115.877297218254
1255,4093.9168988355177
1256,4068.067961632686
1257,4041.65304734047
1258,4016.49376953485
1259,3995.573962347473
1260,3979.780084611072
1261,3968.3481635951393
1262,3959.740225828681
1263,3953.4838501090944
1264,3948.84965939019
1265,3947.4287642780164
1266,3949.6601457213824
1267,3956.6583095167794
1268,3967.87664741794
1269,3981.8981864283887
1270,3996.6156378867436
1271,4011.8543716909135
1272,4027.618245330293
1273,4040.633626655346
1274,4054.7542283747043
1275,4070.3052459232345
1276,4089.754101533674
1277,4109.4332957084025
1278,4129.584279798967
1279,4151.086175173949
1280,4171.846539186225
1281,4190.596214125293
1282,4208.226540675108
1283,4226.744172258306
1284,4246.119628073658
1285,4265.534889503097
1286,4285.882126586744
1287,4306.467274974094
1288,4326.7271786347865
1289,4347.485639446871
1290,4368.116892690497
1291,4387.870105589549
1292,4407.660455102909
1293,4427.823900146552
1294,4445.822888687732
1295,4463.19156963543
1296,4478.878312758338
1297,4493.857358971694
1298,4508.7951357745505
1299,4522.221008590914
1300,4533.87383188228
1301,4543.932699454795
1302,4553.398153827579
1303,4560.747096860377
1304,4567.154861318423
1305,4574.832205980718
1306,4579.628236914907
1307,4582.018984818095
1308,4580.3430304412805
1309,4573.799611718954
1310,4562.313416727633
1311,4552.320427085184
1312,4534.914081457535
1313,4509.795915177228
1314,4479.6957885018355
1315,4444.573667122834
1316,4404.429448943742
1317,4360.006535028817
1318,4312.322569792299
1319,4260.555273938439
1320,4208.228889915376
1321,4152.9550368113505
1322,4096.292589057927
1323,4040.885884024729
1324,3985.6080056016253
1325,3932.7535688035773
1326,3880.3737935134427
1327,3830.6431897303055
1328,3784.578152541783
1329,3741.7960553182193
1330,3702.702304194609
1331,3666.604326450243
1332,3635.037236336998
1333,3606.9617892005995
1334,3583.0085023081765
1335,3562.6007439728696
1336,3544.7478518587827
1337,3530.4578985094727
1338,3518.863633836798
1339,3509.6714042535846
1340,3504.1237378417577
1341,3501.3866354584857
1342,3501.4488009283705
1343,3504.069087800613
1344,3507.9246558910404
1345,3513.586769248705
1346,3520.0352888157076
1347,3528.9856090898325
1348,3541.960423470164
1349,3556.553079467171
1350,3575.0155915521377
1351,3595.8806145563703
1352,3620.725899994609
1353,3651.4650755070693
1354,3687.7903205787725
1355,3729.10810635874
1356,3774.3766624096825
1357,3824.3055499165166
1358,3878.4643000741657
1359,3937.009365707221
1360,3996.9471898851666
1361,4059.45820518548
1362,4124.49975893697
1363,4192.994305583204
1364,4263.739954209223
1365,4335.6140574090505
1366,4408.8463822269105
1367,4483.628537832215
1368,4548.689013208832
1369,4615.644589505913
1370,4684.494711236319
1371,4754.564574817055
1372,4824.883796964672
1373,4895.1404361387085
1374,4965.074086694692
1375,5033.092667393109
1376,5097.585929541773
1377,5160.374768972941
1378,5220.642284390585
1379,5277.41003302164
1380,5329.686311055975
1381,5377.15370268662
1382,5419.872204132889
1383,5455.787648541327
1384,5485.530251918827
1385,5509.840698668263
1386,5530.295467548879
1387,5544.766427701217
1388,5553.323848816424
1389,5559.007587777051
1390,5561.173847908862
1391,5559.206826936738
1392,5556.410904405582
1393,5551.3300341054455
1394,5545.016058896092
1395,5536.83891603489
1396,5527.304854462961
1397,5514.538410608825
1398,5497.857647557026
1399,5477.420866781003
1400,5452.004404096349
1401,5422.994075995046
1402,5390.9965928488655
1403,5355.425033794223
1404,5316.980621411623
1405,5273.552922249955
1406,5223.645071428209
1407,5167.525539753688
1408,5104.5154775061455
1409,5038.193557081354
1410,4971.982530269532
1411,4904.2648407199595
1412,4833.972866372333
1413,4762.66534597245
1414,4690.662020470374
1415,4617.044585852336
1416,4544.077074158677
1417,4470.646734938966
1418,4397.580155570973
1419,4324.58999102955
1420,4251.524344529026
1421,4176.370982599378
1422,4101.203460461396
1423,4025.069266383784
1424,3949.4771773635557
1425,3883.7120599159566
1426,3817.2733109215005
1427,3751.9102040890048
1428,3690.749600088283
1429,3637.074518545852
1430,3592.3309932704797
1431,3554.976235363713
1432,3527.252564851683
1433,3505.6591914660075
1434,3490.1825472961154
1435,3481.076651013982
1436,3477.5039381545143
1437,3476.8270730989684
1438,3481.2648285385176
1439,3489.9484369450597
1440,3503.5940252547844
1441,3520.0990886208765
1442,3543.053455978658
1443,3569.0241438628614
1444,3597.007022830112
1445,3624.6567734692712
1446,3652.8488921826965
1447,3682.7253487770986
1448,3712.6771179304137
1449,3745.2512796107635
1450,3778.5043453778817
1451,3811.0485977492403
1452,3841.6814701228022
1453,3870.174290853295
1454,3897.6171297985716
1455,3923.917178710868
1456,3951.27454101192
1457,3977.5975385636457
1458,4002.400008808216
1459,4027.1229285183795
1460,4050.2429436834373
1461,4071.1539435739974
1462,4091.1019069000827
1463,4110.755065619479
1464,4129.434911065709
1465,4146.327992493483
1466,4164.156192265618
1467,4181.018025571563
1468,4199.092732432752
1469,4218.3861735120345
1470,4238.371899253382
1471,4260.909415588
1472,4284.49032656235
1473,4311.1819745975245
1474,4339.775228580469
1475,4371.008455903555
1476,4404.493537725738
1477,4439.505981266802
1478,4472.1927324555745
1479,4501.236226584238
1480,4528.415697762492
1481,4550.392775747401
1482,4569.512833594273
1483,4583.077536422359
1484,4590.390448823459
1485,4591.8313905345585
1486,4586.865716527053
1487,4575.026207776259
1488,4556.3229928422725
1489,4531.141551297468
1490,4500.399687544792
1491,4466.342130515648
1492,4429.003673228343
1493,4390.333662197584
1494,4351.525487786825
1495,4312.802787813756
1496,4275.2292481779505
1497,4239.644961269151
1498,4206.44103212799
1499,4174.849499406245
1500,4144.623366070813
1501,4116.434536908461
1502,4091.60768358
1503,4069.74269653965
1504,4049.560297910285
1505,4031.834043279154
1506,4017.5950555681898
1507,4005.449462685049
1508,3996.9406839592925
1509,3993.0960099299937
1510,3993.614880992522
1511,3997.871018572958
1512,4005.17023897096
1513,4016.0782034820504
1514,4028.9408995777017
1515,4043.043627324308
1516,4057.8456201889367
1517,4074.4245634096333
1518,4091.3506609144665
1519,4109.674027004299
1520,4129.273550798875
1521,4147.400351116676
1522,4164.609183218129
1523,4179.538834261893
1524,4192.41743777056
1525,4202.924443287587
1526,4212.268347150135
1527,4219.08072587022
1528,4224.561882519518
1529,4227.6293107312995
1530,4226.648391967613
1531,4222.37746572653
1532,4216.584333920314
1533,4208.484304578533
1534,4197.320367266732
1535,4184.663809821647
1536,4171.970490246864
1537,4157.575782218749
1538,4144.423191365522
1539,4132.980437323215
1540,4123.386303811633
1541,4113.955783634258
1542,4103.359666229526
1543,4093.5987374586052
1544,4084.7100206689133
1545,4076.1642321627405
1546,4067.075580052593
1547,4056.0564618697945
1548,4045.295314296917
1549,4034.808106255355
1550,4025.5296262838337
1551,4015.781953299432
1552,4004.873474138021
1553,3992.9994513385323
1554,3978.5526019568456
1555,3965.2086262913363
1556,3953.117199056717
1557,3941.4437515028208
1558,3931.3390075632647
1559,3924.28450377779
1560,3918.026601873041
1561,3913.0366864840244
1562,3909.5424036695067
1563,3906.1248851997093
1564,3902.2472972193923
1565,3897.0476716911135
1566,3890.960658650405
1567,3885.77647530051
1568,3880.4163036135174
1569,3877.0539003917206
1570,3877.3534708488573
1571,3880.870513288328
1572,3888.430155855363
1573,3897.8773903895512
1574,3909.2179188897726
1575,3920.3430763187757
1576,3931.1545011830203
1577,3941.5325972594624
1578,3952.918817402359
1579,3963.7416667496072
1580,3975.289147089473
1581,3989.0780945302627
1582,4007.1651231992437
1583,4027.851803068353
1584,4050.27699876875
1585,4075.8602886204653
1586,4105.0457990317955
1587,4136.517644839825
1588,4169.082813097994
1589,4204.4735459199055
1590,4241.540186198449
1591,4279.78761892574
1592,4317.079665446177
1593,4353.9752329674075
1594,4388.035842096625
1595,4420.9538982370495
1596,4449.59260707922
1597,4477.238538885495
1598,4508.179535405754
1599,4540.359265532332
1600,4573.714381073955
1601,4608.731309621264
1602,4648.016614062234
1603,4689.489147288194
1604,4733.630170834754
1605,4780.660507349449
1606,4829.050427917534
1607,4877.732462253586
1608,4928.1929720334065
1609,4977.706381768841
1610,5023.311751178624
1611,5064.673285262313
1612,5101.62929325827
1613,5135.238101103005
1614,5164.581091882967
1615,5191.766704945044
1616,5215.284078019429
1617,5234.501950327082
1618,5249.538804207682
1619,5260.701819858583
1620,5269.912399117216
1621,5275.532415465581
1622,5279.532944681529
1623,5282.7117378820485
1624,5285.268156045788
1625,5287.107732733594
1626,5288.024210677004
1627,5286.942461249557
1628,5282.0382799726485
1629,5275.073401245801
1630,5267.473158635618
1631,5258.2421946720015
1632,5246.207945201915
1633,5232.497302258773
1634,5218.297189211028
1635,5202.308881075851
1636,5183.598793878209
1637,5162.294350668044
1638,5139.492739706931
1639,5113.0641529823415
1640,5086.053353557005
1641,5059.660860797265
1642,5033.653771514341
1643,5010.535991532617
1644,4987.523356092707
1645,4966.968314970614
1646,4947.499610852304
1647,4927.7247015329685
1648,4906.196931403072
1649,4884.675505968519
1650,4862.7037381492755
1651,4838.0824281962
1652,4811.173900350347
1653,4787.763481124454
1654,4759.532878273275
1655,4726.144844054151
1656,4690.261652972678
1657,4654.227813950985
1658,4620.293188082298
1659,4587.145509353727
1660,4557.7676793468045
1661,4530.219125951541
1662,4506.312544681934
1663,4485.230863980677
1664,4469.8825028617275
1665,4457.11614520724
1666,4449.728116794722
1667,4446.642993837584
1668,4447.186901460256
1669,4448.750866521396
1670,4452.8724147118555
1671,4458.179397190718
1672,4465.598775443204
1673,4475.213803787655
1674,4488.682756143603
1675,4504.76450948449
1676,4520.539925165654
1677,4537.151355613097
1678,4553.828156485652
1679,4569.070129749062
1680,4581.692197533675
1681,4593.721273540634
1682,4607.03847333813
1683,4622.083264604228
1684,4638.023533489303
1685,4655.1242390043335
1686,4674.454030166122
1687,4693.541292447825
1688,4711.935067488277
1689,4730.311558822251
1690,4749.256389359921
1691,4769.193832498901
1692,4788.672535780463
1693,4807.420112627303
1694,4825.826707140889
1695,4843.202601377681
1696,4859.854049559851
1697,4875.05730494839
1698,4889.525324542793
1699,4902.732350908922
1700,4914.245264410779
1701,4924.3491779074375
1702,4931.307607734232
1703,4935.066434239577
1704,4935.444751055027
1705,4931.984969880191
1706,4924.027974585962
1707,4909.63322541197
1708,4892.062337169525
1709,4869.430774550247
1710,4849.7413150714765
1711,4827.3209308743935
1712,4804.158191843777
1713,4778.685183237303
1714,4752.36650684017
1715,4727.801228544733
1716,4705.3300697664945
1717,4686.110166845556
1718,4668.078326989484
1719,4652.99120317526
1720,4635.83416468658
1721,4616.156301186279
1722,4594.699377869748
1723,4572.383677708676
1724,4549.8959567333795
1725,4525.922563240713
1726,4500.704448059961
1727,4475.459736485913
1728,4450.342604342213
1729,4424.012980470493
1730,4397.569075224939
1731,4374.831520973736
1732,4354.733567866
1733,4334.085482367534
1734,4313.820995900748
1735,4294.717111966398
1736,4275.649621401268
1737,4252.812072510275
1738,4228.389275306202
1739,4202.364789770051
1740,4175.846459410639
1741,4149.742648268355
1742,4124.979902966989
1743,4101.09301246603
1744,4075.542147556081
1745,4050.6085425158185
1746,4028.620284748292
1747,4008.4518168538953
1748,3989.415467514096
1749,3970.6446104950714
1750,3953.407956039341
1751,3938.263989476492
1752,3928.927545806689
1753,3924.8725046951
1754,3926.463996060355
1755,3933.261645627899
1756,3945.1443804137293
1757,3964.640683139678
1758,3988.8603929759415
1759,4016.6886242401615
1760,4047.138952033081
1761,4083.0047151739973
1762,4119.728740507956
1763,4154.852370670876
1764,4186.380020546126
1765,4215.907457659313
1766,4240.0303394272605
1767,4261.017246565376
1768,4279.103588454777
1769,4292.324319777669
1770,4300.703229183417
1771,4307.045270355493
1772,4311.516636734981
1773,4313.494900419109
1774,4315.187137689751
1775,4315.537739650229
1776,4319.853660519291
1777,4327.435222489245
1778,4336.423097302993
1779,4345.3515421891
1780,4354.549357759145
1781,4363.124473154526
1782,4371.040363530461
1783,4376.469463864373
1784,4381.017529201588
1785,4384.479159050089
1786,4385.5549561021335
1787,4386.129138748995
1788,4386.759240220799
1789,4387.0840537350805
1790,4387.825407943953
1791,4390.216673429388
1792,4391.2960415521575
1793,4391.731249159128
1794,4391.209917800867
1795,4389.78742349996
1796,4387.113557932776
1797,4384.423287166834
1798,4381.663031686925
1799,4376.7430252202585
1800,4370.87922210904
1801,4363.084872684207
1802,4352.5942856313795
1803,4338.0654921658615
1804,4319.566907800409
1805,4295.851566509984
1806,4267.807260309612
1807,4238.387147813162
1808,4206.853367505708
1809,4173.029385836868
1810,4137.30639067672
1811,4100.0881632183855
1812,4062.8339633485903
1813,4025.742318907715
1814,3988.8601098440236
1815,3954.6520416585995
1816,3922.8824925872996
1817,3892.9931140731287
1818,3865.2550308969553
1819,3839.8550351789286
1820,3814.753315039245
1821,3788.8788174114616
1822,3761.4700752959807
1823,3731.974644440733
1824,3706.313619596667
1825,3678.5959958954236
1826,3649.990629069352
1827,3620.369997446059
1828,3592.2156426474976
1829,3566.026634947304
1830,3543.5416166860105
1831,3524.1745448510637
1832,3507.506855101527
1833,3493.391535873377
1834,3481.508330819535
1835,3471.934600245666
1836,3464.576037614606
1837,3459.5286608304486
1838,3456.8197666995534
1839,3453.757151680485
1840,3448.272354279622
1841,3441.8561576655957
1842,3433.043620598438
1843,3423.230488246519
1844,3413.871819511998
1845,3406.1704153000214
1846,3399.911634973395
1847,3394.628178907454
1848,3389.4225132051743
1849,3381.926377761651
1850,3374.594606048414
1851,3366.7862672378446
1852,3358.9857441443196
1853,3352.2795654933575
1854,3349.326483961812
1855,3350.7757523006603
1856,3353.904979734094
1857,3361.517437280301
1858,3370.134181974657
1859,3380.4771689886293
1860,3389.933008037285
1861,3401.9660200112985
1862,3415.259981104416
1863,3430.123562528238
1864,3446.6320295924043
1865,3466.0968209212483
1866,3487.435965125737
1867,3509.0205790282807
1868,3532.851376414922
1869,3556.9947770887525
1870,3582.706313584239
1871,3610.069651133252
1872,3639.9907470230055
1873,3672.5911009113856
1874,3709.7023194076323
1875,3750.196822946247
1876,3792.8545033779
1877,3837.085789758564
1878,3880.988544951666
1879,3920.9027982798893
1880,3955.3976873087054
1881,3985.4082407637757
1882,4011.6124672552883
1883,4036.40874623783
1884,4061.202443927237
1885,4083.194754778787
1886,4103.219747646637
1887,4121.611184454732
1888,4139.6393481109035
1889,4156.491240047192
1890,4174.24360992133
1891,4192.41128980094
1892,4211.027790350438
1893,4230.1720270627175
1894,4252.539334507926
1895,4278.779856892827
1896,4305.586737818532
1897,4332.60905505886
1898,4359.689596035931
1899,4386.12695848546
1900,4413.86381946495
1901,4441.156789448925
1902,4468.426328581029
1903,4494.0068405284555
1904,4517.341085573705
1905,4538.58208124852
1906,4557.945476172657
1907,4575.355527533382
1908,4589.834532925215
1909,4601.474276345917
1910,4613.806172851032
1911,4624.891980122328
1912,4636.052918552187
1913,4645.068497819346
1914,4653.950550965587
1915,4663.05530530926
1916,4669.34119636835
1917,4674.471261842447
1918,4677.409620927437
1919,4678.441082774337
1920,4676.16312623423
1921,4671.667156501276
1922,4666.099037619424
1923,4658.19473319279
1924,4650.924639449979
1925,4641.280818873772
1926,4632.062664784849
1927,4624.103604648223
1928,4614.0873830671535
1929,4605.050228356076
1930,4595.187006275101
1931,4589.133679846177
1932,4584.111421676948
1933,4579.651561541196
1934,4573.967006203811
1935,4568.742472905996
1936,4560.546603550125
1937,4547.723345643396
1938,4536.567111264542
1939,4523.309237186719
1940,4510.7487693901985
1941,4498.6920969898265
1942,4488.801012969815
1943,4479.793080655805
1944,4475.029009399386
1945,4473.168669761821
1946,4471.011029659499
1947,4468.563455164089
1948,4465.408119625232
1949,4460.045511008178
1950,4456.182701690801
1951,4450.691496675827
1952,4445.057574300168
1953,4439.239640082797
1954,4435.917758710722
1955,4434.973397326438
1956,4434.99014890501
1957,4435.33616876744
1958,4440.636977696323
1959,4449.219142907717
1960,4461.029684162699
1961,4477.127357458072
1962,4496.675672272081
1963,4519.093513264849
1964,4544.019318658628
1965,4568.609084240475
1966,4594.594597577098
1967,4619.811204716069
1968,4643.145283481053
1969,4666.918763772142
1970,4689.966893350812
1971,4716.703968565824
1972,4744.545351365063
1973,4772.0929439112915
1974,4798.889607578769
1975,4822.045608146991
1976,4842.6329166043415
1977,4860.3082054834
1978,4878.0676558740915
1979,4896.008755193055
1980,4911.740893083266
1981,4927.1392705005255
1982,4940.485969914002
1983,4954.245685609656
1984,4963.3394016082075
1985,4970.799745771157
1986,4975.976492799311
1987,4979.500813691292
1988,4980.071565569843
1989,4978.939636283934
1990,4976.617980953737
1991,4975.997906301516
1992,4972.974491470973
1993,4972.556129567154
1994,4973.721243084874
1995,4974.73489184529
1996,4974.628750373089
1997,4971.801451949544
1998,4966.298511605898
1999,4959.8201961396735
2000,4953.517103334267
2001,4947.8667502214
2002,4942.16745113393
2003,4937.785440021923
2004,4932.5687463502545
2005,4924.120693372227
2006,4913.401854750929
2007,4900.351422902089
2008,4881.191779887145
2009,4857.816076331278
2010,4831.766653651242
2011,4804.078760841543
2012,4774.076289139729
2013,4742.974076731797
2014,4709.5932899104555
2015,4675.568750571873
2016,4639.159045261904
2017,4598.211386407603
2018,4552.199585992594
2019,4503.811896625066
2020,4451.391683345447
2021,4396.181296892711
2022,4338.058891035101
2023,4280.112876123542
2024,4223.628975470756
2025,4166.037417665295
2026,4109.6921804878575
2027,4054.4177150712903
2028,4001.5313952757415
2029,3949.031099950924
2030,3898.3147139579746
2031,3848.970881345761
2032,3801.508603445858
2033,3756.082436691532
2034,3711.4742850533225
2035,3669.326872021426
2036,3628.628508838022
2037,3590.3169130198007
2038,3558.044081957087
2039,3531.1840089495768
2040,3512.8662802907174
2041,3499.3677595915574
2042,3491.8677626425797
2043,3488.79667614769
2044,3489.2614425245183
2045,3493.285769439479
2046,3502.1394394277895
2047,3516.7655496608577
2048,3535.81594726604
2049,3559.4475499945665
2050,3586.572762882261
2051,3617.079457719798
2052,3643.6202822284554
2053,3676.3388591884027
2054,3711.8520597500856
2055,3748.2378387168596
2056,3783.402803526774
2057,3819.6450102712593
2058,3854.3958172101006
2059,3884.4805215205483
2060,3911.2444482170426
2061,3935.6873402805845
2062,3958.9573823647784
2063,3982.1242548997825
2064,4005.7043358137407
2065,4030.564425067257
2066,4058.2843794090018
2067,4090.775622709987
2068,4125.152362978248
2069,4163.1912846180685
2070,4204.687573192279
2071,4249.236059825295
2072,4294.571266494452
2073,4341.022653621292
2074,4385.740939750356
2075,4428.236366694765
2076,4469.4889698012585
2077,4507.916997299747
2078,4543.251436392513
2079,4577.491824564031
2080,4610.474553267397
2081,4643.52285229739
2082,4674.47606897306
2083,4704.245093474518
2084,4735.1727551758
2085,4764.066430101905
2086,4791.574717068222
2087,4819.394716758601
2088,4845.864044301824
2089,4870.865091922816
2090,4897.661396014693
2091,4925.743845539535
2092,4952.800701653206
2093,4981.7691771964555
2094,5007.7640074942565
2095,5029.059537731148
2096,5045.536063230997
2097,5057.077053656692
2098,5063.791778540369
2099,5061.1771009523
2100,5052.702433610209
2101,5039.962730567574
2102,5020.919658633372
2103,4995.284034581717
2104,4963.811734780469
2105,4929.0544929762555
2106,4893.865133098593
2107,4861.420650479693
2108,4833.784550900364
2109,4809.741144266345
2110,4793.0288278391645
2111,4781.710807722018
2112,4772.486666081449
2113,4763.697830345563
2114,4751.041061555804
2115,4736.885819125822
2116,4721.176396576512
2117,4703.125198010938
2118,4685.081983219127
2119,4667.775916036464
2120,4650.156281497268
2121,4633.107062989139
2122,4617.954656494327
2123,4604.430253658696
2124,4593.189239275385
2125,4583.204457821925
2126,4575.847035197986
2127,4573.632485736169
2128,4576.176053295511
2129,4581.764213314909
2130,4592.089702831202
2131,4605.973654275037
2132,4624.900918543761
2133,4646.838588626003
2134,4670.517135583648
2135,4697.038075297329
2136,4726.584808249311
2137,4759.876421984559
2138,4792.4041043065745
2139,4826.116367859519
2140,4859.892249044956
2141,4890.915973870804
2142,4918.304832327797
2143,4944.8950736358875
2144,4968.705041322153
2145,4989.63704486129
2146,5009.246675716749
2147,5027.5081689407025
2148,5042.866230536584
2149,5054.90833026662
2150,5062.332284766528
2151,5065.317136986338
2152,5063.247228991675
2153,5055.0632902621455
2154,5041.106921355882
2155,5024.323124776906
2156,5004.610691202925
2157,4982.289553814864
2158,4957.355111564347
2159,4928.955010211844
2160,4898.289086689039
2161,4865.976834786872
2162,4831.435003306474
2163,4794.7057455964
2164,4755.264070432267
2165,4714.12610360294
2166,4678.336072461428
2167,4640.585236806732
2168,4601.199672984148
2169,4560.014484699425
2170,4517.944533521792
2171,4475.0784016403795
2172,4433.994666625537
2173,4392.574137803519
2174,4350.867916500759
2175,4308.922969814317
2176,4266.554029555041
2177,4224.410809487996
2178,4183.700277852615
2179,4142.764567631448
2180,4103.859860112086
2181,4066.3778114442707
2182,4031.5052058993388
2183,3995.7834486218935
2184,3959.881186153289
2185,3924.6610949075894
2186,3890.9213151734266
2187,3861.0971410067737
2188,3834.0844298641027
2189,3810.9616662174126
2190,3792.9602249136015
2191,3778.0384283198423
2192,3767.2730198179065
2193,3759.9209199329503
2194,3755.2864835416444
2195,3753.528446205885
2196,3754.29951837741
2197,3758.266251993428
2198,3763.885881242249
2199,3773.144069036642
2200,3782.6135546996115
2201,3794.4671942166237
2202,3808.580888898097
2203,3822.164490838925
2204,3835.5755081373527
2205,3849.2107322412357
2206,3862.666452293821
2207,3874.3929241146625
2208,3883.5222133738257
2209,3891.721771498585
2210,3897.1200825813817
2211,3900.7878945650355
2212,3900.8110830976584
2213,3897.870714854671
2214,3893.0743384077923
2215,3885.8615592676133
2216,3876.411733592192
2217,3864.9461559917
2218,3852.6231585477585
2219,3837.776497040412
2220,3820.767633474889
2221,3802.1937625869405
2222,3782.313979009069
2223,3765.018567296321
2224,3745.413444640284
2225,3723.6665704486477
2226,3701.3611895878207
2227,3678.3376250908595
2228,3655.9576529702717
2229,3634.4006959117955
2230,3612.398246630215
2231,3591.809850323238
2232,3572.4639092277966
2233,3553.564361572562
2234,3535.549969073874
2235,3517.7455577155147
2236,3499.818859658005
2237,3482.6258628300475
2238,3466.784720794424
2239,3451.429652204151
2240,3436.1250817732544
2241,3421.4256906851206
2242,3407.3333001167553
2243,3392.692059683791
2244,3378.3638283408295
2245,3365.3560244441437
2246,3354.050202237139
2247,3344.267777110353
2248,3334.994091176965
2249,3326.5214418670826
2250,3320.016472742243
2251,3314.671322630073
2252,3313.446793823626
2253,3315.704508057775
2254,3321.494548522998
2255,3330.3003600425122
2256,3342.920398549335
2257,3357.0372294712984
2258,3373.7524485810177
2259,3393.3532017603907
2260,3416.3889298980575
2261,3443.667029969689
2262,3474.832371947032
2263,3508.6562114655144
2264,3545.9002713159507
2265,3585.732742397021
2266,3629.621401613819
2267,3678.4224491457985
2268,3731.943769053615
2269,3789.693805611553
2270,3852.481269243614
2271,3918.8023685476223
2272,3988.941268144333
2273,4061.703706026298
2274,4137.152112999602
2275,4216.310499916995
2276,4297.419763905318
2277,4379.007440619423
2278,4457.637212043638
2279,4535.565024878472
2280,4603.362222044778
2281,4669.90893226886
2282,4733.626065476444
2283,4795.87768816937
2284,4855.237511051754
2285,4910.012957036494
2286,4958.959437297749
2287,5003.421557220353
2288,5042.499047430547
2289,5077.505974416842
2290,5107.915285962208
2291,5134.141881738618
2292,5156.831657299578
2293,5175.812631767647
2294,5189.700100101928
2295,5199.425305514365
2296,5205.843914606438
2297,5207.75550400646
2298,5205.819490147047
2299,5198.552397682816
2300,5186.1667728154725
2301,5166.054617999605
2302,5139.345513134244
2303,5108.165024539314
2304,5073.76822204898
2305,5036.498461688924
2306,4997.23380870312
2307,4959.070094755741
2308,4921.699553261253
2309,4885.471906525012
2310,4848.903591574576
2311,4811.672539192455
2312,4776.869140952668
2313,4743.721801177473
2314,4715.137839517674
2315,4692.004919366348
2316,4673.422623148909
2317,4659.304921399807
2318,4648.6200026379465
2319,4637.917112870982
2320,4627.406030622009
2321,4617.363843038305
2322,4606.816694484116
2323,4596.3546652386885
2324,4587.201707141063
2325,4576.989964095148
2326,4566.720217854019
2327,4558.302927019399
2328,4551.106243292302
2329,4545.57946639219
2330,4540.854378977432
2331,4537.433159570155
2332,4535.215006939437
2333,4533.88652517487
2334,4534.457526578771
2335,4540.389040058041
2336,4549.8886945492395
2337,4558.1533939565825
2338,4570.426514022169
2339,4584.28690583112
2340,4599.313300961474
2341,4614.729600471832
2342,4629.85501316364
2343,4645.9621820186085
2344,4662.494759567722
2345,4680.311734127093
2346,4700.377728579793
2347,4721.44922057332
2348,4743.493784831115
2349,4766.630879222737
2350,4788.154197456896
2351,4808.70420514845
2352,4829.919113247698
2353,4852.317717326048
2354,4873.940270622371
2355,4894.004663973662
2356,4913.864919144541
2357,4931.768685642506
2358,4947.741076567938
2359,4961.779708432402
2360,4974.666459996086
2361,4984.703838789615
2362,4991.007290090964
2363,4994.848312328212
2364,4995.542022095804
2365,4993.634651659964
2366,4989.621645652429
2367,4984.583483804029
2368,4977.324771156156
2369,4968.0953561791175
2370,4957.642149518548
2371,4946.529027280062
2372,4934.414006026929
2373,4920.6536016178225
2374,4905.791018790481
2375,4890.785671850443
2376,4875.829576409414
2377,4860.923908051494
2378,4846.397245516506
2379,4830.678986077107
2380,4814.17301012022
2381,4798.160740638275
2382,4782.268460124941
2383,4768.1822298295065
2384,4753.733830797529
2385,4739.48311308535
2386,4726.108911956775
2387,4713.41730392279
2388,4698.721448694127
2389,4683.673260679988
2390,4671.963379300373
2391,4662.037796475441
2392,4654.368845882537
2393,4650.143651016098
2394,4646.4677314822975
2395,4646.551290543532
2396,4645.694923221228
2397,4642.73865008645
2398,4634.582281853556
2399,4619.092281169406
2400,4599.027971302092
2401,4571.765247565562
2402,4540.343617451144
2403,4505.905340851026
2404,4469.292832378066
2405,4432.036097897144
2406,4394.456915405873
2407,4353.894199905621
2408,4311.938409625658
2409,4269.722669108185
2410,4227.752763294052
2411,4185.442649303687
2412,4146.956447459819
2413,4111.202344839105
2414,4078.1588364404165
2415,4046.297787363427
2416,4014.3730618742993
2417,3983.1652680257407
2418,3951.7214654875193
2419,3921.3623872035823
2420,3894.3037071516455
2421,3870.7043546254877
2422,3849.204832628752
2423,3828.8413586087
2424,3809.0747560421373
2425,3790.772418590972
2426,3773.796776026143
2427,3758.9242780713516
2428,3746.7422766527475
2429,3739.4556210255614
2430,3737.4958393145994
2431,3738.8877338507214
2432,3743.4279759211336
2433,3752.7480208871657
2434,3764.505915032162
2435,3779.0384423191285
2436,3796.1437996018676
2437,3813.1264407538865
2438,3832.120331215238
2439,3853.8290956872515
2440,3876.369253265986
2441,3900.58775151917
2442,3924.608665946565
2443,3950.72284658307
2444,3976.5991880812294
2445,4001.6950410753434
2446,4027.0147679471293
2447,4054.928597298339
2448,4087.313453168622
2449,4124.917384922513
2450,4169.644682387182
2451,4208.557431181444
2452,4255.0528418562735
2453,4307.412316248131
2454,4360.872654724785
2455,4413.060891745248
2456,4462.115906241832
2457,4507.963193126564
2458,4549.076667621252
2459,4586.007644831227
2460,4618.912452895892
2461,4647.677996628829
2462,4672.140211680764
2463,4690.61392986338
2464,4702.263731297011
2465,4710.01689477299
2466,4714.6152777494335
2467,4718.660307014633
2468,4719.767577438494
2469,4718.91801758603
2470,4716.017197996873
2471,4709.598221637109
2472,4699.924954276423
2473,4685.976208326301
2474,4668.164808652728
2475,4646.964920673652
2476,4624.536833634239
2477,4600.9093904752135
2478,4576.609776243329
2479,4550.945640748837
2480,4524.463618521576
2481,4497.807092856999
2482,4467.933404521839
2483,4441.346850257742
2484,4417.8915646693395
2485,4400.684032204559
2486,4388.223111478501
2487,4378.869492803485
2488,4375.0728085129995
2489,4372.543075779236
2490,4368.697716352017
2491,4364.755485377302
2492,4361.095409363779
2493,4355.947629619674
2494,4347.706169064653
2495,4337.179275371748
2496,4323.096068828651
2497,4308.967248200448
2498,4291.596017508524
2499,4268.289769477433
2500,4238.525918302659
2501,4201.0552102919755
2502,4159.170131214258
2503,4115.187917886397
2504,4069.960903034987
2505,4024.2476057323183
2506,3979.907871954996
2507,3941.9575875200867
2508,3908.9408400617153
2509,3878.355697007343
2510,3853.1408920862345
2511,3832.0025128496713
2512,3815.6242334675353
2513,3804.870901013883
2514,3799.6536035234603
2515,3798.7427519647063
2516,3800.7553523531037
2517,3804.1665573545965
2518,3808.023170616222
2519,3811.4203086492435
2520,3815.0161830694183
2521,3818.2765749642062
2522,3821.7055663181673
2523,3825.2222119081794
2524,3831.09410919462
2525,3838.1145808160113
2526,3847.821595519778
2527,3859.409585853137
2528,3872.830475942346
2529,3885.9314314946155
2530,3898.4331926078803
2531,3911.7454186371224
2532,3928.296127423952
2533,3946.6536862812304
2534,3963.8662363860917
2535,3981.2935794070972
2536,3994.4516214585205
2537,4006.7059960402653
2538,4015.773760096411
2539,4021.6391428690463
2540,4027.248357602363
2541,4032.072258380997
2542,4034.4291362283557
2543,4032.210555344632
2544,4026.5814325364013
2545,4018.9159618286308
2546,4008.2799497676647
2547,3996.2113733369833
2548,3983.055068999419
2549,3969.366830727414
2550,3955.879193853172
2551,3942.752360959316
2552,3931.861937031697
2553,3924.878302387864
2554,3918.484891472428
2555,3914.383964862118
2556,3913.7898174768497
2557,3913.27112057325
2558,3916.1195492669485
2559,3923.153031323401
2560,3935.7953649080778
2561,3950.4239473757248
2562,3966.1500924644924
2563,3981.410077046074
2564,3997.477052693314
2565,4011.455321506413
2566,4025.6296044476253
2567,4035.4388999589373
2568,4040.0222221442987
2569,4042.9595181520167
2570,4043.327964151
2571,4039.053038750208
2572,4032.12916137101
2573,4022.3728479291567
2574,4008.739821026841
2575,3993.2821100133738
2576,3975.435352194074
2577,3957.975636831635
2578,3937.650373767743
2579,3915.662337492295
2580,3893.4810367491546
2581,3871.7571316719477
2582,3852.065843435811
2583,3833.835746899389
2584,3815.9259412955153
2585,3798.3309108856356
2586,3779.505086411244
2587,3761.223748680406
2588,3741.620860653031
2589,3722.4328026952053
2590,3703.1052358142592
2591,3682.0709046427914
2592,3659.9659141983134
2593,3636.1306363447384
2594,3613.04252354939
2595,3588.6076785800537
2596,3562.496581751551
2597,3535.362750739464
2598,3510.114979589532
2599,3485.8780915369625
2600,3464.277157747824
2601,3443.7176968858903
2602,3424.4338252279454
2603,3405.419131991615
2604,3387.9612265398528
2605,3371.7948005856124
2606,3359.2332593472797
2607,3352.225836314842
2608,3348.772465484868
2609,3347.3026132723103
2610,3346.698761467596
2611,3347.342817903956
2612,3348.529909064435
2613,3350.6235964882335
2614,3353.569870761651
2615,3357.2545592399606
2616,3360.5366159326372
2617,3363.246665431892
2618,3366.809469940156
2619,3372.765408948698
2620,3384.0108945723346
2621,3401.906890086984
2622,3417.476406184729
2623,3440.750855645014
2624,3469.3613619573107
2625,3503.015048439162
2626,3541.815558936688
2627,3586.191588606148
2628,3635.847370743547
2629,3689.59298815313
2630,3746.477251335596
2631,3806.1175432827176
2632,3867.2432463549026
2633,3929.770666235485
2634,3994.2056156850545
2635,4059.3161943697996
2636,4125.171882274831
2637,4191.5613941625625
2638,4257.717939927655
2639,4320.0719365207615
2640,4379.373571943662
2641,4436.511873939866
2642,4490.00307838474
2643,4541.936471907415
2644,4591.803128028186
2645,4639.232303469021
2646,4683.57610826564
2647,4722.881117807762
2648,4759.76414595182
2649,4791.0596442835395
2650,4816.43200035939
2651,4835.001933460988
2652,4847.249811301623
2653,4854.9523171469855
2654,4858.558053829536
2655,4857.217180109235
2656,4852.253885769509
2657,4843.67109906481
2658,4828.517640690994
2659,4810.934367783391
2660,4790.6598630073995
2661,4768.014125187867
2662,4743.860967953631
2663,4721.17419542954
2664,4697.007753319447
2665,4672.584033449584
2666,4646.817451222159
2667,4621.508993595133
2668,4596.295906650178
2669,4573.360589830066
2670,4552.396321024869
2671,4534.933339265647
2672,4520.551437548926
2673,4510.884653566153
2674,4504.703371842926
2675,4499.7658334291955
2676,4494.668295694322
2677,4487.854255432469
2678,4480.378144643567
2679,4473.873928257222
2680,4465.617282319207
2681,4453.338397754617
2682,4435.990171757562
2683,4413.462547985389
2684,4384.742795714477
2685,4349.941083022585
2686,4307.586689540157
2687,4259.902120323831
2688,4207.301854020793
2689,4153.824524541795
2690,4096.35354968034
2691,4038.2805282757386
2692,3978.8108768468987
2693,3917.664047181334
2694,3856.5494854522744
2695,3794.783576909674
2696,3735.226882409062
2697,3679.4547715473536
2698,3628.8639209709218
2699,3583.1046330464364
2700,3540.603562262368
2701,3501.0285351904763
2702,3466.2068495236103
2703,3436.009323092234
2704,3413.8898661980706
2705,3396.58256681914
2706,3385.1894000457714
2707,3380.5605722963096
2708,3381.696962835675
2709,3385.561289837266
2710,3394.2011178249445
2711,3406.7643159250547
2712,3421.7244705993326
2713,3441.0930306737737
2714,3463.516853851894
2715,3489.6390001512477
2716,3520.790941077323
2717,3553.682456016445
2718,3589.4337643934373
2719,3627.7128920276627
2720,3669.2653571406786
2721,3712.5050997128847
2722,3756.1380067853315
2723,3802.1624810292683
2724,3847.8807016389533
2725,3892.0729166694778
2726,3934.951967866703
2727,3977.0992946942674
2728,4017.966284962014
2729,4056.0023855077006
2730,4091.171873149794
2731,4123.979181001871
2732,4157.367960566013
2733,4192.147647424597
2734,4227.812284899727
2735,4268.340371219228
2736,4303.599806317193
2737,4344.116726128598
2738,4389.87774211866
2739,4438.66274277024
2740,4490.220210654589
2741,4544.214638339786
2742,4599.333141778218
2743,4655.784589577947
2744,4712.475896526894
2745,4768.05372255204
2746,4821.926825703701
2747,4875.514829957937
2748,4930.89936973396
2749,4986.257195046997
2750,5041.884339805585
2751,5098.667453312675
2752,5155.550021381324
2753,5208.870084605859
2754,5259.196574999786
2755,5307.932357210128
2756,5353.519798078009
2757,5396.988508253315
2758,5438.642365800042
2759,5476.571502869063
2760,5511.623087755943
2761,5542.181427167505
2762,5568.080320603888
2763,5589.408476799823
2764,5607.4856806333855
2765,5621.6359425582295
2766,5630.0135849434455
2767,5634.601897697263
2768,5634.621291888544
2769,5628.02164362598
2770,5616.099453856266
2771,5600.162601631012
2772,5580.727107689465
2773,5556.60083946174
2774,5527.913709363131
2775,5496.966000483659
2776,5465.098183619485
2777,5431.8953380815965
2778,5398.772926059913
2779,5362.6076480661095
2780,5324.196568775605
2781,5286.758117457743
2782,5249.325808403493
2783,5212.262772029722
2784,5176.240369998262
2785,5139.555637992898
2786,5103.9250858387595
2787,5068.622172353399
2788,5034.108607884062
2789,4999.5643157655295
2790,4964.568828252663
2791,4933.4828864215
2792,4903.479421973499
2793,4877.376407903737
2794,4852.557446815396
2795,4829.297984065025
2796,4806.115125396043
2797,4784.146195624728
2798,4762.613841019828
2799,4741.92430666693
2800,4721.59138050484
2801,4704.344934821583
2802,4689.112546386881
2803,4675.229651501147
2804,4661.515972988468
2805,4647.434743640018
2806,4632.996907048816
2807,4618.2583857964355
2808,4602.062675740284
2809,4586.389519747824
2810,4571.510159841555
2811,4555.054633776229
2812,4540.086785088383
2813,4524.322681675644
2814,4509.116284725825
2815,4495.4730921508335
2816,4484.8102834214815
2817,4477.034611912955
2818,4471.69851952662
2819,4467.042248064629
2820,4464.55448566522
2821,4464.106130548422
2822,4466.002019305639
2823,4470.785066476182
2824,4477.462053724108
2825,4486.49895658394
2826,4496.444965330982
2827,4508.662997914806
2828,4521.895383288395
2829,4537.560358474521
2830,4555.496696853925
2831,4573.720130053434
2832,4589.462281181278
2833,4603.11574280013
2834,4615.287030001535
2835,4627.853017894023
2836,4641.019720696102
2837,4653.3205929608575
2838,4667.046696344198
2839,4679.369750213138
2840,4690.333846221036
2841,4702.121595584481
2842,4710.608448792178
2843,4715.777944953088
2844,4714.833736312756
2845,4709.877482613937
2846,4701.636919545309
2847,4690.297123645402
2848,4674.274503472785
2849,4655.165385593898
2850,4638.540453039264
2851,4621.005652850937
2852,4600.892951501514
2853,4576.558178670604
2854,4548.211078993524
2855,4518.558797158503
2856,4489.1501016237635
2857,4458.779225247017
2858,4427.572419191859
2859,4396.883429246858
2860,4367.7137628775
2861,4341.543372639284
2862,4316.235475452132
2863,4292.669089118249
2864,4270.859607052272
2865,4248.786500582455
2866,4224.596764515422
2867,4202.085002978983
2868,4178.741056419747
2869,4157.298568927238
2870,4138.710368510573
2871,4122.144971040854
2872,4106.423951149166
2873,4091.5045844526194
2874,4078.27615991461
2875,4066.8451360464965
2876,4058.099662288343
2877,4053.3479141999337
2878,4049.458764357829
2879,4047.829841033854
2880,4047.609619891506
2881,4048.292748902785
2882,4047.303206293749
2883,4047.5796504741966
2884,4047.4213653322677
2885,4046.6303931831217
2886,4045.4402533502325
2887,4041.5509876575393
2888,4034.683928371983
2889,4027.444290611319
2890,4017.512690543169
2891,4005.233975157752
2892,3990.7952732629255
2893,3976.720855843805
2894,3963.6301342819743
2895,3953.2265282634103
2896,3945.757402814393
2897,3941.3526024598145
2898,3938.8346584707624
2899,3938.6413175477687
2900,3941.8683609316154
2901,3947.025275099056
2902,3955.2651964417987
2903,3964.8596933005692
2904,3977.1826406105615
2905,3991.0482869563457
2906,4007.995033586111
2907,4022.738703154006
2908,4038.9396516841616
2909,4057.764425593987
2910,4076.8196401469067
2911,4098.782712424167
2912,4121.102518006523
2913,4143.90758981108
2914,4168.082227090759
2915,4192.239160470974
2916,4215.2430914747965
2917,4237.356289618859
2918,4258.376161803245
2919,4277.560982597751
2920,4294.525806638263
2921,4310.595547776939
2922,4325.789474516615
2923,4340.900778085813
2924,4355.753558873355
2925,4369.211790804773
2926,4381.287643425594
2927,4390.579841625245
2928,4398.15108554948
2929,4403.802206448104
2930,4405.764914579291
2931,4405.43407439142
2932,4406.490426428299
2933,4407.141391863736
2934,4408.712606288954
2935,4410.8192221483105
2936,4413.395165382022
2937,4419.398431798743
2938,4427.407426672745
2939,4438.2265219754345
2940,4450.755597507328
2941,4465.200602078386
2942,4480.612492441872
2943,4493.679156705084
2944,4507.002103245073
2945,4520.58845712341
2946,4533.16156600505
2947,4547.295267501269
2948,4562.266914887149
2949,4575.433716639771
2950,4586.803732248082
2951,4597.540841250232
2952,4604.713571903053
2953,4609.513213930635
2954,4610.532129371329
2955,4608.354098598766
2956,4604.227343652282
2957,4598.820271672172
2958,4591.957479065986
2959,4585.3445751483505
2960,4578.172690648518
2961,4569.201589201396
2962,4559.549280487963
2963,4548.853977810098
2964,4539.549064480354
2965,4530.156109672692
2966,4521.317470184634
2967,4512.0209264283
2968,4504.022075655869
2969,4495.121098841389
2970,4487.113830477894
2971,4481.502002553211
2972,4478.409808807725
2973,4478.6305579455
2974,4478.7027059645625
2975,4480.9679076394605
2976,4484.245113939141
2977,4489.160246750624
2978,4495.099905160416
2979,4502.09900059194
2980,4509.850871129127
2981,4518.38249811386
2982,4525.088573526815
2983,4530.9880285812
2984,4537.472904894334
2985,4545.896551892453
2986,4557.509323339827
2987,4570.536826522215
2988,4584.428850749176
2989,4600.731600184332
2990,4617.864636511732
2991,4635.185497337908
2992,4655.214037767998
2993,4677.707790443167
2994,4703.092149763204
2995,4730.811981094103
2996,4758.361058834199
2997,4785.228740195828
2998,4809.640718104546
2999,4833.5275848000865
3000,4856.372876148555
3001,4877.346487486286
3002,4897.26340614393
3003,4916.843748297738
3004,4934.032610800039
3005,4947.19769418787
3006,4955.970141287838
3007,4960.383420626419
3008,4959.65705051195
3009,4955.466151512517
3010,4946.699640430288
3011,4933.261450363594
3012,4917.35601482556
3013,4899.852550389134
3014,4879.834827002795
3015,4858.2235810499515
3016,4834.105869558148
3017,4808.120399881894
3018,4779.505733970699
3019,4748.164605055507
3020,4713.541495020575
3021,4683.419389290184
3022,4648.43063349938
3023,4610.153505471642
3024,4570.081153246922
3025,4531.277331302214
3026,4493.800797016699
3027,4458.038256026206
3028,4425.263062662246
3029,4394.320143936192
3030,4364.9852695317095
3031,4337.079592196992
3032,4310.975422783197
3033,4286.078430913785
3034,4262.529203347764
3035,4240.813811547357
3036,4218.699954245308
3037,4196.644004104036
3038,4174.084205250058
3039,4152.627418570036
3040,4129.251875406001
3041,4102.089235953542
3042,4073.772723438405
3043,4045.1137238480537
3044,4014.123045306212
3045,3981.6299733102205
3046,3948.28020439035
3047,3914.4047953129807
3048,3880.5408850147
3049,3847.4589867602426
3050,3816.370762525683
3051,3787.591512759168
3052,3759.477820670443
3053,3733.2444972956127
3054,3708.63707612552
3055,3682.8688233082853
3056,3660.9273873116604
3057,3641.7309708554317
3058,3624.8486369345933
3059,3613.737704534084
3060,3606.309397744055
3061,3601.886097087737
3062,3601.9757803639463
3063,3607.73968290843
3064,3617.1702690977504
3065,3631.5590255496213
3066,3650.497449923282
3067,3673.554207307372
3068,3701.734190963476
3069,3736.5057537423354
3070,3776.5898587755323
3071,3820.881402683583
3072,3870.3329177426663
3073,3921.5620212651074
3074,3971.919186247553
3075,4018.9156726343476
3076,4063.3314398169255
3077,4103.654837173804
3078,4138.736192874287
3079,4169.095452583556
3080,4196.252597093321
3081,4220.839446124952
3082,4240.64997068632
3083,4259.322585342089
3084,4274.941085221094
3085,4287.684191302908
3086,4299.229246035546
3087,4309.8492057486
3088,4317.827222540218
3089,4324.761208334232
3090,4330.511100332637
3091,4334.682875475767
3092,4338.4134237122025
3093,4341.203643033355
3094,4343.814576097373
3095,4345.757981582983
3096,4347.593954083959
3097,4348.132343829199
3098,4347.348106173277
3099,4344.169211774186
3100,4337.1569032743855
3101,4327.624749711332
3102,4314.877327492365
3103,4300.589748869102
3104,4285.656034248624
3105,4270.29793630507
3106,4253.355576175307
3107,4236.570952188165
3108,4219.343823708696
3109,4200.559385388013
3110,4180.649174739266
3111,4160.013956751732
3112,4137.030004090318
3113,4110.9671199232835
3114,4082.768225896016
3115,4051.0573038389225
3116,4015.5066193014663
3117,3980.0124642910046
3118,3943.049124589133
3119,3903.975692141579
3120,3864.600309342716
3121,3824.479791605416
3122,3784.2026824042264
3123,3742.984119146569
3124,3700.7214700412633
3125,3658.315747790226
3126,3615.3126562617194
3127,3570.692904095928
3128,3526.8885114045775
3129,3483.6685291727667
3130,3445.02119398006
3131,3408.6625673937
3132,3376.023898616157
3133,3346.3067014622784
3134,3320.53853903315
3135,3298.1202377198083
3136,3280.0834262220365
3137,3264.9083400074755
3138,3250.8586977501514
3139,3236.410478670845
3140,3221.432165636674
3141,3207.657206353122
3142,3194.944220543108
3143,3182.0686837310914
3144,3169.5951878420556
3145,3158.937175329238
3146,3146.961108066945
3147,3134.5515764899956
3148,3123.3761030484197
3149,3112.027477729192
3150,3099.578105401639
3151,3088.8831342476215
3152,3076.250056358954
3153,3064.8285090267736
3154,3056.0073976927983
3155,3050.994016127201
3156,3049.9009141283937
3157,3050.220895909926
3158,3052.9694073092937
3159,3056.436076364737
3160,3058.410492905224
3161,3062.587599712703
3162,3068.276600523336
3163,3073.220167416353
3164,3076.384987538947
3165,3079.2984973210296
3166,3082.7979722037744
3167,3086.194395349544
3168,3090.058078675695
3169,3095.7400534458125
3170,3102.6597054451886
3171,3109.6507423693356
3172,3117.2775127401333
3173,3125.8636818899536
3174,3135.442320248992
3175,3146.8030845268568
3176,3159.281245590328
3177,3173.917998739363
3178,3191.2784506747066
3179,3210.944397176641
3180,3232.69776112381
3181,3256.469167402998
3182,3279.636841132517
3183,3302.357610090227
3184,3324.398612598186
3185,3347.8992490646046
3186,3375.848479634777
3187,3403.9091036282407
3188,3435.849612930937
3189,3470.7798955446715
3190,3507.2326689298993
3191,3549.9917351305153
3192,3587.192122725051
3193,3630.4735901485806
3194,3679.5349326741975
3195,3732.286672391696
3196,3788.120598658047
3197,3844.8049360287937
3198,3899.4159412334498
3199,3954.502886617278
3200,4005.187492114328
3201,4054.498240907201
3202,4099.564410553325
3203,4140.727597238578
3204,4178.089155406507
3205,4208.55547252148
3206,4233.017798007503
3207,4253.496357431109
3208,4270.43500311539
3209,4282.297462763694
3210,4293.113478324833
3211,4301.57665158837
3212,4305.994425205251
3213,4311.858932739844
3214,4318.2121415113925
3215,4324.739477192029
3216,4332.956181939663
3217,4342.010132061625
3218,4348.936813687744
3219,4352.894622450909
3220,4356.04731719158
3221,4354.422732626915
3222,4345.963792660988
3223,4335.983450394562
3224,4322.23388959331
3225,4305.256320259421
3226,4284.825562577163
3227,4263.211497941826
3228,4240.664668961811
3229,4219.386065590813
3230,4196.904728641869
3231,4175.164544649258
3232,4153.3576739079745
3233,4129.176846500114
3234,4106.315322773866
3235,4085.1527765203264
3236,4063.3309682455656
3237,4042.0049052503555
3238,4024.1253809328387
3239,4008.270464814752
3240,3991.5516118731894
3241,3974.786545917923
3242,3959.614675744861
3243,3947.958065859892
3244,3937.427844033279
3245,3927.8069413607427
3246,3921.9349624642778
3247,3920.0117617691817
3248,3921.583591107278
3249,3922.951082631422
3250,3925.504816149846
3251,3931.5464439971074
3252,3939.1208565787765
3253,3943.2330095250704
3254,3942.22293935649
3255,3941.5302292980327
3256,3939.689356517365
3257,3938.523810609097
3258,3938.925044036593
3259,3938.8344173877354
3260,3938.1562338679832
3261,3936.157326371598
3262,3933.1010306921685
3263,3930.304903795687
3264,3926.189778862864
3265,3922.133018440156
3266,3917.8132283697564
3267,3911.8691044416546
3268,3906.2522403920257
3269,3898.8625970819294
3270,3890.437416237082
3271,3882.8571371583266
3272,3877.160790311814
3273,3873.376839643255
3274,3872.168497974293
3275,3874.963665472256
3276,3885.945514046535
3277,3901.275499666798
3278,3919.7074320326824
3279,3938.2605329716102
3280,3958.825135713637
3281,3982.146143926788
3282,4007.6681177586584
3283,4035.7240855743535
3284,4069.137081173861
3285,4103.816700211051
3286,4139.812534754754
3287,4176.0656078891925
3288,4212.621826586504
3289,4249.543415614507
3290,4289.057661033009
3291,4329.514098520654
3292,4368.350881264571
3293,4407.168442040266
3294,4443.8818773837265
3295,4478.020310159305
3296,4509.555120109936
3297,4537.152788940721
3298,4559.971119265417
3299,4577.391548434323
3300,4590.927666374363
3301,4600.825672650064
3302,4610.850981502412
3303,4623.388421400664
3304,4636.294691601099
3305,4654.875481862468
3306,4671.040769389859
3307,4692.21705593151
3308,4714.633505409639
3309,4737.156492206162
3310,4758.768690298937
3311,4778.363990436635
3312,4794.725940971542
3313,4806.105439524909
3314,4813.294534034546
3315,4822.627876926224
3316,4832.22190514521
3317,4841.097965981557
3318,4846.582370702047
3319,4848.790521342411
3320,4849.514478937313
3321,4849.11732775239
3322,4847.216142379634
3323,4844.0235963028035
3324,4841.068588975036
3325,4838.386047456948
3326,4834.990377448568
3327,4829.519901137242
3328,4820.683738175552
3329,4809.633190386472
3330,4799.42405619887
3331,4791.838120233144
3332,4785.542481957496
3333,4783.050150307035
3334,4784.504634869427
3335,4784.268273412264
3336,4780.542251385556
3337,4773.000874808835
3338,4758.202373878317
3339,4739.103207249386
3340,4721.596115995172
3341,4706.386814289111
3342,4692.524887511835
3343,4678.812777579695
3344,4665.0109408474145
3345,4651.225514075138
3346,4634.2748789812795
3347,4613.254357008503
3348,4589.795519446583
3349,4566.685162044849
3350,4540.6320287125845
3351,4514.024841410696
3352,4486.55667332786
3353,4458.975816470517
3354,4427.897760305671
3355,4397.0631677015435
3356,4362.209289088011
3357,4325.978069908163
3358,4290.610041002646
3359,4258.455865490338
3360,4230.999657931358
3361,4206.515766893769
3362,4185.0584914410765
3363,4166.390661797234
3364,4151.118546258571
3365,4138.279949399734
3366,4126.660617853017
3367,4110.191545647452
3368,4095.9990871942714
3369,4081.4459960870477
3370,4063.9028767006607
3371,4045.572886950554
3372,4025.07393568318
3373,4006.135193095279
3374,3989.2188209420046
3375,3976.136784917165
3376,3963.362141312453
3377,3950.2618340071367
3378,3937.3784418701134
3379,3920.6302300804296
3380,3902.2698722531995
3381,3879.82261253612
3382,3854.0638737137883
3383,3829.4560915965058
3384,3801.8122917444857
3385,3773.020984496222
3386,3743.4476721579317
3387,3714.962504438836
3388,3685.8455570482683
3389,3659.522504166447
3390,3637.8241078852598
3391,3618.8045044182104
3392,3598.4238137906686
3393,3576.033033788668
3394,3551.6261217855695
3395,3526.666903562396
3396,3501.979536451368
3397,3479.5594846674985
3398,3458.3136192849533
3399,3438.821568198392
3400,3423.301485136437
3401,3412.825320607633
3402,3405.6489330972367
3403,3404.1955073310332
3404,3407.6355623797167
3405,3412.572182075869
3406,3423.261601596914
3407,3437.178751321593
3408,3452.7289498090263
3409,3469.0775407284764
3410,3485.623661682124
3411,3502.0796080557107
3412,3519.9295061132216
3413,3539.44788208203
3414,3559.5617184797425
3415,3582.3856052051915
3416,3606.7987748500923
3417,3632.2377202381795
3418,3660.63681586839
3419,3690.2394298853096
3420,3715.99370408003
3421,3745.324994478729
3422,3776.9165896226264
3423,3807.846407330362
3424,3837.2635648942423
3425,3865.3761535972117
3426,3891.897020581814
3427,3916.3207976528724
3428,3941.4346001564218
3429,3966.481664134719
3430,3990.402655790167
3431,4014.3139358250123
3432,4035.818754835371
3433,4054.8854425467807
3434,4071.8972165785453
3435,4089.709885253121
3436,4107.927973881193
3437,4126.226023031277
3438,4146.145256704112
3439,4166.672055034403
3440,4187.757351776427
3441,4208.127000156321
3442,4226.858530430583
3443,4242.859143768616
3444,4258.916270923692
3445,4275.271168660433
3446,4293.0611215289155
3447,4310.156840638346
3448,4326.8252941665105
3449,4345.0149906678425
3450,4362.563720967193
3451,4376.412817859343
3452,4389.961758148091
3453,4401.277295455403
3454,4410.525140383446
3455,4416.842298968798
3456,4421.823328227258
3457,4424.774365457971
3458,4424.714439584056
3459,4425.15431445596
3460,4423.328940565493
3461,4420.42656378215
3462,4416.7330139130945
3463,4410.037032951071
3464,4400.110422161277
3465,4388.527502845937
3466,4374.248776274773
3467,4355.9561102906655
3468,4333.745975157412
3469,4308.072056130782
3470,4277.793633674311
3471,4243.247835498743
3472,4208.167937462741
3473,4175.988959988484
3474,4149.200727663871
3475,4124.033501909744
3476,4105.525438099467
3477,4089.423422584526
3478,4077.9987499148842
3479,4070.5447550353833
3480,4063.146540666947
3481,4057.046241537222
3482,4049.8894120870295
3483,4039.800907475501
3484,4026.930186856053
3485,4011.1785901783214
3486,3993.537020976013
3487,3975.6932566917494
3488,3958.7330126789466
3489,3941.0114244428855
3490,3922.9858529454973
3491,3908.17054290532
3492,3895.7792310041
3493,3886.309121960989
3494,3881.142007526187
3495,3877.7753511076517
3496,3876.771671556617
3497,3876.555344514783
3498,3875.6788680495674
3499,3876.8311395071764
3500,3879.9000291887687
3501,3884.5619093689766
3502,3889.6646524883754
3503,3895.9110583920415
3504,3903.3628802424328
3505,3911.882294675542
3506,3921.968306909578
3507,3930.9947530567433
3508,3941.039197550075
3509,3949.3618866318084
3510,3956.811878111555
3511,3964.5901592131195
3512,3972.4542113683433
3513,3981.355336295935
3514,3991.941358428566
3515,3999.414952572768
3516,4006.786966229102
3517,4011.6271042702188
3518,4016.233689652126
3519,4019.555922402231
3520,4021.686123617509
3521,4022.0877692341833
3522,4021.498295301108
3523,4019.4972304307453
3524,4015.630823408622
3525,4007.475078523094
3526,3995.7498929066264
3527,3978.0189642689893
3528,3953.985091147524
3529,3927.274126930094
3530,3900.754833205152
3531,3873.63940352232
3532,3845.882394327346
3533,3820.803525391375
3534,3798.98490941708
3535,3778.6971787612856
3536,3761.8688107208914
3537,3751.077210448896
3538,3747.7916755628853
3539,3751.264085708864
3540,3762.679330726678
3541,3782.877447487465
3542,3806.235405984101
3543,3834.6781795250395
3544,3862.603006715872
3545,3892.176488782457
3546,3922.789012911688
3547,3957.444405890489
3548,3993.658034323975
3549,4029.9461680127956
3550,4065.351098071869
3551,4097.9325789953955
3552,4126.664381645742
3553,4149.938183395491
3554,4169.741081129573
3555,4190.323972704559
3556,4208.914941711474
3557,4229.0200167342655
3558,4248.04360279428
3559,4263.223075829034
3560,4275.044934895392
3561,4281.844237826313
3562,4285.699581038961
3563,4288.9453627698285
3564,4291.23701966951
3565,4291.737802535973
3566,4290.904418366144
3567,4286.6180760019615
3568,4278.276776888757
3569,4269.148065192681
3570,4258.907532733774
3571,4245.298803177474
3572,4231.950303791351
3573,4217.515416109436
3574,4205.5432623247925
3575,4195.225310810147
3576,4187.041828889432
3577,4180.549143598614
3578,4175.450988946594
3579,4171.51425716606
3580,4169.264612205995
3581,4167.937050149624
3582,4168.50981236998
3583,4172.226524456518
3584,4177.783767767203
3585,4184.692477246488
3586,4190.733121315643
3587,4194.831058650341
3588,4193.235546137229
3589,4184.980133141605
3590,4167.538461907648
3591,4152.364207934105
3592,4126.940969123226
3593,4094.1022631824635
3594,4058.058271221244
3595,4022.4214500304793
3596,3987.8988865728843
3597,3957.502894845544
3598,3932.1355211932027
3599,3908.991895097802
3600,3888.1664657240117
3601,3871.8887255160566
3602,3858.953407552457
3603,3849.7758274288476
3604,3843.582099465643
3605,3840.5187985072134
3606,3839.9169552301414
3607,3839.7184903103303
3608,3836.662554918394
3609,3832.5454250853145
3610,3827.223868296517
3611,3821.353514270803
3612,3813.769364718891
3613,3805.1392286733867
3614,3797.552312940138
3615,3789.6401789799625
3616,3781.039601027811
3617,3774.004652329517
3618,3768.445873080464
3619,3763.0330108130415
3620,3759.6677137208853
3621,3758.7080050431973
3622,3757.755967954964
3623,3756.9998636256564
3624,3758.2876220931353
3625,3761.3422637300523
3626,3766.899304143475
3627,3772.663501772405
3628,3777.657594973842
3629,3781.948642756129
3630,3787.3452876179263
3631,3797.162750079322
3632,3810.538155187249
3633,3829.0541304960793
3634,3854.3337605851993
3635,3883.7935985549584
3636,3917.5996128841334
3637,3952.5175945824562
3638,3989.7908492121664
3639,4032.543773599937
3640,4078.7472458842
3641,4127.679613094153
3642,4180.994665724217
3643,4239.027104149854
3644,4297.54510747912
3645,4354.168196400684
3646,4407.609576099026
3647,4455.359650227371
3648,4496.902214719033
3649,4536.561798506086
3650,4573.30991965203
3651,4604.761547442551
3652,4633.532253970591
3653,4659.585033610625
3654,4682.581502763814
3655,4701.5084994475
3656,4717.656669518257
3657,4734.168970353765
3658,4750.660293287936
3659,4769.106696778815
3660,4789.193152577914
3661,4809.861088219219
3662,4833.360980135017
3663,4859.5858978743445
3664,4888.410389851926
3665,4919.130274471267
3666,4952.93615243248
3667,4989.372376447139
3668,5025.44638368645
3669,5059.384857287713
3670,5091.84083908926
3671,5123.808386276016
3672,5156.245765935203
3673,5192.418502599614
3674,5229.304772001232
3675,5265.8171416408
3676,5304.045764102761
3677,5339.0094901319635
3678,5372.169500226214
3679,5401.534047678274
3680,5429.6364401208475
3681,5455.093281730082
3682,5476.524767518814
3683,5496.481665879013
3684,5511.857852879506
3685,5522.421162969228
3686,5529.030653695827
3687,5532.715954564037
3688,5533.820822934709
3689,5532.830465381489
3690,5528.845146314478
3691,5521.730915539267
3692,5511.484846667569
3693,5497.831922219648
3694,5479.009188277556
3695,5456.113944375805
3696,5430.901753042979
3697,5401.079713916632
3698,5368.200021391258
3699,5331.48260385205
3700,5290.166788928094
3701,5246.816047383638
3702,5199.353638570003
3703,5148.642425030786
3704,5096.510842506277
3705,5051.156365709953
3706,5002.340402109067
3707,4953.227817715427
3708,4904.178748760765
3709,4853.275410858464
3710,4800.9285056464205
3711,4749.13663643124
3712,4696.693642059289
3713,4645.756396327131
3714,4592.887805159107
3715,4540.043295784953
3716,4486.4377534311725
3717,4432.948233155331
3718,4381.044592248412
3719,4332.438393615137
3720,4285.945025537951
3721,4241.038657690823
3722,4199.557145875789
3723,4158.54382229081
3724,4117.39940674825
3725,4075.3429120283668
3726,4033.045673942393
3727,3991.189790525967
3728,3951.1635895498334
3729,3908.521999039096
3730,3866.058109957397
3731,3820.116912790753
3732,3773.3070703166195
3733,3726.116781395712
3734,3678.1395949485727
3735,3630.2397445395354
3736,3585.453365580483
3737,3544.4370745672413
3738,3508.0431751654082
3739,3476.1991773753525
3740,3448.833144719107
3741,3428.3353140094496
3742,3410.7745028927143
3743,3399.5059406131477
3744,3395.086622031159
3745,3395.1938535876807
3746,3398.7417024485553
3747,3406.963629727851
3748,3420.6475147355513
3749,3438.3989668574795
3750,3459.024739078587
3751,3481.9541137607052
3752,3509.91224597496
3753,3541.0157392478827
3754,3574.038110567265
3755,3609.362530651784
3756,3648.092018214975
3757,3692.198600715342
3758,3736.2411959659285
3759,3780.1600074101984
3760,3822.546468485408
3761,3865.6261270386067
3762,3903.10542997989
3763,3940.4009738516365
3764,3972.9987802762116
3765,4000.9152546446176
3766,4025.5913045031216
3767,4047.0490755278665
3768,4064.4689095002514
3769,4076.054717432302
3770,4085.2682198873163
3771,4088.3053135843797
3772,4086.381482192652
3773,4077.201712914811
3774,4063.3577240441155
3775,4047.191040860474
3776,4027.9469684635474
3777,4007.62670137865
3778,3985.0646623553635
3779,3965.144341505517
3780,3948.9934329923667
3781,3936.4003606008314
3782,3925.378034494792
3783,3912.965638429246
3784,3900.0805866436726
3785,3886.9061460714756
3786,3873.294982581117
3787,3859.1286086636087
3788,3847.3159137157554
3789,3834.226632552529
3790,3820.187890576025
3791,3802.877681831031
3792,3782.535089472876
3793,3758.620758129254
3794,3733.272100063484
3795,3703.9614429247513
3796,3674.637590368341
3797,3643.2927719274817
3798,3610.0431498271423
3799,3575.5195706550685
3800,3540.07700740895
3801,3505.722660755711
3802,3470.082345307586
3803,3435.308049175037
3804,3399.004823979649
3805,3363.594979720432
3806,3329.980399698282
3807,3298.579541197941
3808,3268.891357591009
3809,3240.937461458687
3810,3213.5830103202757
3811,3186.9825829064316
3812,3159.7275669363958
3813,3131.885933433378
3814,3104.139543971034
3815,3080.1471775458654
3816,3057.9797343329224
3817,3035.398963843388
3818,3017.6710215003272
3819,3002.247711661865
3820,2990.622052177312
3821,2978.888351339195
3822,2967.488297623956
3823,2956.6938161730236
3824,2945.041527124471
3825,2932.3106606492674
3826,2920.2551687174764
3827,2907.0722840229446
3828,2897.4719033466395
3829,2889.9635729405663
3830,2884.6309609611576
3831,2882.4865963876705
3832,2881.3225466275144
3833,2880.7279469779714
3834,2883.09663206999
3835,2887.8423576792006
3836,2891.940447762803
3837,2899.037922216263
3838,2909.21448613013
3839,2922.6095242686324
3840,2937.7185478630513
3841,2954.0828000909964
3842,2969.329278853788
3843,2983.590275679754
3844,2998.833258724916
3845,3013.005452349198
3846,3027.7993814611345
3847,3043.1725277665378
3848,3058.8738931542334
3849,3075.828704248811
3850,3093.9083901244844
3851,3114.9078886300495
3852,3136.155107896009
3853,3156.907857507918
3854,3180.074353678308
3855,3204.0961463264794
3856,3230.765992320961
3857,3256.8332799852287
3858,3285.350107812039
3859,3316.7441979789714
3860,3347.537581274555
3861,3377.103014639711
3862,3406.28882103083
3863,3435.8511831906408
3864,3465.2695482777435
3865,3493.1637924206643
3866,3522.079499253573
3867,3550.8153926334962
3868,3578.029067427326
3869,3603.08761156328
3870,3627.1319183767596
3871,3651.7521661396645
3872,3675.85538065331
3873,3699.8604778420267
3874,3726.768182301187
3875,3758.391416339461
3876,3785.9036299527593
3877,3816.628853590741
3878,3850.783499169713
3879,3887.6014868158973
3880,3926.4992883319223
3881,3966.1237680229438
3882,4006.1981414645543
3883,4045.5705035262276
3884,4084.992977764828
3885,4123.040793643408
3886,4158.750782263846
3887,4190.702861884862
3888,4219.138921165469
3889,4244.289775380007
3890,4268.21177368508
3891,4289.956771612582
3892,4310.906486143892
3893,4330.851311288615
3894,4349.116991394159
3895,4368.225004278406
3896,4387.050681755745
3897,4406.780630639693
3898,4429.902612137449
3899,4452.9270562993925
3900,4478.725091125622
3901,4506.383679849326
3902,4534.207290583676
3903,4561.310274306928
3904,4587.933962425741
3905,4613.273351339075
3906,4638.561605111575
3907,4662.799544388061
3908,4686.374654995063
3909,4708.03217303491
3910,4729.393116144172
3911,4750.783698145811
3912,4771.450667518469
3913,4790.44558783446
3914,4807.81844334431
3915,4825.373367176448
3916,4843.6301811903
3917,4860.174214541973
3918,4876.4989594761455
3919,4890.387125698068
3920,4901.774257348403
3921,4910.551020078482
3922,4916.67984738391
3923,4921.543659940384
3924,4926.800518648056
3925,4931.909529375815
3926,4937.141988330121
3927,4942.138213635858
3928,4945.728874631594
3929,4949.764184593476
3930,4953.242590215033
3931,4955.673414443821
3932,4958.531308781998
3933,4961.017676856212
3934,4964.183951217117
3935,4966.659819986172
3936,4967.451702467034
3937,4965.004873487308
3938,4959.895185364391
3939,4951.1811467975685
3940,4939.545447495581
3941,4922.526620923687
3942,4902.115710065323
3943,4879.303213468687
3944,4855.208352581505
3945,4829.656774359134
3946,4800.333340402568
3947,4771.066960163811
3948,4742.158039029571
3949,4714.524280479062
3950,4686.8699572224095
3951,4659.337105295926
3952,4632.761187893284
3953,4606.45234575698
3954,4582.721900151277
3955,4558.495835229647
3956,4534.882012890656
3957,4511.91210997588
3958,4488.980335992446
3959,4462.506922785651
3960,4437.6105821725005
3961,4412.8298463050205
3962,4388.04282071593
3963,4363.148085717219
3964,4340.71906820216
3965,4320.311552881218
3966,4301.561616392565
3967,4285.1374578918
3968,4271.346118043694
3969,4261.529566635965
3970,4252.254068003292
3971,4245.796966138128
3972,4243.081271465405
3973,4239.486627282961
3974,4236.920434979443
3975,4236.461616281444
3976,4235.635587982902
3977,4231.666330329377
3978,4224.004376758827
3979,4215.521558365904
3980,4205.743178521378
3981,4196.359692271806
3982,4191.196835739149
3983,4187.431210225613
3984,4186.117134669735
3985,4183.336560472045
3986,4179.111059280054
3987,4177.470459672285
3988,4181.923207229331
3989,4191.7368521481585
3990,4200.27472322754
3991,4214.16410774297
3992,4235.141596528727
3993,4259.344312787131
3994,4288.257117030439
3995,4319.10613555168
3996,4350.459108585174
3997,4382.5349387482975
3998,4413.428870285451
3999,4446.495799304422
4000,4475.692072344333
4001,4504.035915056492
4002,4531.7853574741775
4003,4556.948656441722
4004,4582.2592559256345
4005,4606.065059575519
4006,4626.376911125923
4007,4646.098369766778
4008,4666.064698064702
4009,4687.102832207381
4010,4708.850726041333
4011,4731.839871940288
4012,4754.840843095649
4013,4777.987740528172
4014,4798.734866161539
4015,4813.904686312839
4016,4824.332202449329
4017,4830.693423401258
4018,4833.248511572593
4019,4829.946691864425
4020,4821.278406162811
4021,4810.949919778629
4022,4796.307089172099
4023,4779.76203795191
4024,4760.027926775178
4025,4737.627581297651
4026,4713.6873977796995
4027,4689.727425249362
4028,4667.403444635875
4029,4646.395459618638
4030,4628.080229025179
4031,4608.410641007124
4032,4586.249312435508
4033,4563.8631430953155
4034,4538.804966262195
4035,4513.429091573289
4036,4486.397202144233
4037,4457.282683630952
4038,4424.725671544455
4039,4389.053604094105
4040,4349.43722875789
4041,4305.800240166637
4042,4258.293444773889
4043,4208.465658085627
4044,4157.395011071167
4045,4104.106121693981
4046,4051.1216769150374
4047,4005.025209957357
4048,3958.253577604438
4049,3910.1409456647407
4050,3862.663943626035
4051,3815.250517363991
4052,3769.00985639545
4053,3722.45024312789
4054,3677.0470040821137
4055,3631.0884808802684
4056,3583.2267592602143
4057,3535.937076371928
4058,3489.6656068540324
4059,3444.4552472757746
4060,3398.8874565889864
4061,3354.308659432548
4062,3310.6684650378006
4063,3267.2629251183607
4064,3224.6062822952417
4065,3183.2490222374854
4066,3143.1971862189516
4067,3103.254472270293
4068,3065.729579539466
4069,3029.0145495477695
4070,2995.0586097804785
4071,2962.3947137852792
4072,2928.9998204341277
4073,2894.417764428704
4074,2860.9097291710323
4075,2827.6209945950136
4076,2793.7096986142974
4077,2760.0342997657513
4078,2726.029760233206
4079,2693.11830545028
4080,2660.0542589588263
4081,2626.4580841826923
4082,2595.9691108691386
4083,2567.4205410268946
4084,2541.9993802141107
4085,2520.1222027037174
4086,2503.1694051290137
4087,2492.920504221306
4088,2489.3704980709545
4089,2490.515347586391
4090,2496.170546526008
4091,2505.650131352878
4092,2517.8559822000125
4093,2534.0236680187895
4094,2555.349582929411
4095,2581.371573107582
4096,2612.9976936014846
4097,2649.8453832802356
4098,2691.3282643835414
4099,2738.663951042017
4100,2789.7601456214775
4101,2846.1328722129997
4102,2905.9474825959246
4103,2969.002179823024
4104,3023.859766410601
4105,3081.584637570335
4106,3139.9527287992
4107,3198.298319833966
4108,3255.1747220164407
4109,3308.8862341779845
4110,3358.456104621617
4111,3403.2591896885997
4112,3444.612944970148
4113,3482.0901749039444
4114,3513.5873757915274
4115,3538.384121009497
4116,3559.140029482598
4117,3575.8635629787555
4118,3592.3886041761534
4119,3607.308976103543
4120,3621.7751426581426
4121,3636.75261389991
4122,3650.0999963067625
4123,3664.6930259648457
4124,3679.7557810224366
4125,3696.265893523275
4126,3712.887129216608
4127,3729.4090791721983
4128,3746.9900434459773
4129,3763.793121826799
4130,3781.0056451971723
4131,3798.991879560957
4132,3817.060604053941
4133,3834.6534776338667
4134,3849.6432898276926
4135,3859.666007362976
4136,3867.404676710268
4137,3871.4840148353323
4138,3871.667403065989
4139,3866.2082451242027
4140,3856.5683490873325
4141,3841.668379375029
4142,3821.085029356651
4143,3797.3898382668303
4144,3768.048932499302
4145,3736.138809014547
4146,3701.9651082859855
4147,3663.8007096495694
4148,3623.3735664821875
4149,3581.920601202042
4150,3538.3392660388577
4151,3493.073828704324
4152,3447.028286246679
4153,3401.7056928999114
4154,3355.864809308258
4155,3311.332282395806
4156,3268.8452479206144
4157,3231.6272962552257
4158,3198.5514170857177
4159,3171.2172731594515
4160,3150.6039141680676
4161,3132.6702918455635
4162,3122.4518030606814
4163,3118.056721739077
4164,3118.141788510095
4165,3124.8734792916625
4166,3137.646963567479
4167,3153.437625674903
4168,3173.063670819715
4169,3194.468123094061
4170,3217.701564812116
4171,3241.7787541992534
4172,3268.188554659672
4173,3294.923805409945
4174,3323.7662793368386
4175,3354.201281414644
4176,3386.2186518650146
4177,3418.5635908430017
4178,3450.02463204753
4179,3479.3564266247586
4180,3509.5086210698964
4181,3537.8890343948888
4182,3565.460146340455
4183,3590.7024171180697
4184,3614.87177577031
4185,3634.8121290969752
4186,3653.744519659427
4187,3673.303606554055
4188,3694.7705863601695
4189,3718.1641430331442
4190,3740.8964920992835
4191,3764.5511233795364
4192,3787.6229460128848
4193,3810.9295515708304
4194,3832.8399143808692
4195,3854.8631725310183
4196,3880.463611473398
4197,3907.994384731147
4198,3936.908185415145
4199,3964.1252660148753
4200,3992.0649733310443
4201,4019.1480741932114
4202,4043.829371726203
4203,4066.876385202585
4204,4088.4531855193754
4205,4107.121355903999
4206,4121.466498264613
4207,4132.5760182906015
4208,4139.48446573899
4209,4141.825180089864
4210,4140.884938522058
4211,4134.216166284538
4212,4121.294812106659
4213,4103.085713280911
4214,4081.6738147442697
4215,4056.2929977941035
4216,4027.693324717246
4217,4001.111797016958
4218,3977.985867917708
4219,3956.042689658108
4220,3935.145673163425
4221,3913.8879767737526
4222,3895.4658500475366
4223,3878.628229084908
4224,3866.896044000282
4225,3859.3998503658468
4226,3855.463898828719
4227,3855.261321223857
4228,3858.796147842096
4229,3865.466644432339
4230,3876.7379265621803
4231,3892.729920841746
4232,3912.3730901292392
4233,3935.0847501597264
4234,3958.4099808520405
4235,3981.4862216460865
4236,4004.136996991322
4237,4028.041317488694
4238,4052.4288533185563
4239,4079.7869497560705
4240,4109.295519428752
4241,4140.830439868393
4242,4172.270911268421
4243,4204.797630707962
4244,4236.117149934851
4245,4265.253831771512
4246,4292.874027582054
4247,4318.950710211017
4248,4345.376097541594
4249,4372.163040618702
4250,4399.916027653411
4251,4427.159769059315
4252,4453.223236683542
4253,4479.23780097869
4254,4504.244162110851
4255,4527.473824675799
4256,4550.592656599509
4257,4571.435548796977
4258,4593.378618445603
4259,4615.065510769711
4260,4637.201925499135
4261,4659.404226231462
4262,4681.981416731903
4263,4706.670563108244
4264,4728.80865812273
4265,4752.0890627822555
4266,4775.519156077754
4267,4798.542021318804
4268,4825.965106821018
4269,4851.688998934649
4270,4876.261353918011
4271,4896.3744889438685
4272,4909.647354529459
4273,4917.512151797971
4274,4917.6375444261175
4275,4917.746636012605
4276,4908.457791244741
4277,4894.877277843879
4278,4877.710747741448
4279,4856.890944135663
4280,4835.3074998384745
4281,4813.272825492582
4282,4792.255173708341
4283,4772.7350636112205
4284,4755.040585439735
4285,4737.830865615327
4286,4725.036382307611
4287,4715.402049647432
4288,4709.965278975398
4289,4708.67021645841
4290,4711.523821513595
4291,4715.2036686869415
4292,4720.309136628459
4293,4726.580376648331
4294,4734.116737291243
4295,4745.275838565805
4296,4762.085007558282
4297,4782.823304417361
4298,4806.239624125223
4299,4829.8494180321595
4300,4853.860704664767
4301,4878.110360379798
4302,4900.358083405356
4303,4922.396567280271
4304,4944.543604804438
4305,4967.53755507998
4306,4990.349164630974
4307,5012.486859152335
4308,5033.715027533909
4309,5054.899352242369
4310,5073.9362848988985
4311,5093.563324894998
4312,5112.352186959996
4313,5128.653927082049
4314,5142.894704008581
4315,5155.6263155761735
4316,5168.797914763073
4317,5180.288935548904
4318,5189.5457041022555
4319,5198.16982875108
4320,5203.730573275358
4321,5206.891442129925
4322,5209.501674357716
4323,5211.249291567824
4324,5210.098186268647
4325,5208.075857729884
4326,5206.7608008005145
4327,5203.356459312305
4328,5196.786076933234
4329,5186.466303940418
4330,5169.261629145251
4331,5145.850019649783
4332,5125.481919388724
4333,5096.5566942513515
4334,5059.828979673167
4335,5018.694728562718
4336,4973.138589095521
4337,4923.3880266620135
4338,4867.379829890243
4339,4805.931945570526
4340,4738.464171656513
4341,4667.811611055381
4342,4594.467399220869
4343,4517.430799233189
4344,4438.8339804349525
4345,4359.251394633137
4346,4280.598024137481
4347,4202.457538417352
4348,4126.2077692942285
4349,4052.6605567878764
4350,3982.0289437932956
4351,3913.751773623516
4352,3847.5149849739178
4353,3783.1949256447538
4354,3720.698735601925
4355,3660.964777714445
4356,3605.3755371525654
4357,3555.50920162423
4358,3510.35926626533
4359,3469.475446136367
4360,3433.8706553317093
4361,3403.373284408023
4362,3375.6989309604833
4363,3350.92146433673
4364,3329.370362598488
4365,3311.0823598681663
4366,3295.958167760145
4367,3285.224106507733
4368,3279.452996756478
4369,3279.5486216322497
4370,3283.6381589724733
4371,3291.899880428714
4372,3303.3131947384804
4373,3317.686078915091
4374,3335.4563555620584
4375,3359.0178762576184
4376,3388.5766289393405
4377,3421.4578442656425
4378,3457.4058366306913
4379,3497.087503712255
4380,3539.600406796338
4381,3586.0435393364696
4382,3635.6002485652953
4383,3690.1055554530685
4384,3749.5231576619144
4385,3812.407543265669
4386,3878.1750134475756
4387,3945.9984477244066
4388,4016.044179810608
4389,4076.9839667256033
4390,4140.917031687869
4391,4205.204370157706
4392,4268.745962633435
4393,4328.49409361086
4394,4383.5531777714095
4395,4433.981698766863
4396,4479.7297958855
4397,4520.145259838255
4398,4557.569358188112
4399,4591.217437638359
4400,4620.76144853861
4401,4644.39725903767
4402,4664.753154658646
4403,4681.775139839336
4404,4695.230345801671
4405,4707.540863598564
4406,4716.934795351187
4407,4722.3404406829495
4408,4725.156172283532
4409,4724.841890332538
4410,4721.201863313446
4411,4711.41869278944
4412,4698.536382284338
4413,4682.718815416397
4414,4665.253158540721
4415,4646.0354052434395
4416,4625.314612394244
4417,4602.731701556104
4418,4579.18437198897
4419,4553.046284560528
4420,4525.557111095991
4421,4497.570079421855
4422,4469.52283485314
4423,4442.6200683316265
4424,4416.223998480535
4425,4390.851849680999
4426,4367.571353194093
4427,4345.524476575776
4428,4323.856942443867
4429,4305.068453186736
4430,4287.356820776228
4431,4272.722623163349
4432,4257.741076326783
4433,4243.0434394975055
4434,4227.157617304415
4435,4209.9629735771805
4436,4191.141392085908
4437,4173.036590020856
4438,4152.283521046662
4439,4129.904643534478
4440,4105.871040257615
4441,4080.9640804192727
4442,4057.956297931815
4443,4037.6614391685025
4444,4019.7828589897294
4445,4010.0734463976582
4446,4001.626257442556
4447,3998.9143580467235
4448,4003.837506088539
4449,4013.4208905095857
4450,4023.852049302362
4451,4037.552472447617
4452,4053.325515854432
4453,4066.1753880948095
4454,4076.3634961375715
4455,4085.60931418808
4456,4092.9783947181436
4457,4096.235790706331
4458,4096.3340138488375
4459,4094.229458335265
4460,4092.152441415132
4461,4091.227436824355
4462,4090.0336008850813
4463,4089.2862227164696
4464,4088.4433690737314
4465,4086.001872818865
4466,4081.1301844019104
4467,4076.754250795287
4468,4069.129222540571
4469,4059.200834565671
4470,4051.3654189266485
4471,4043.382069284707
4472,4033.598010781561
4473,4025.0840962025727
4474,4016.1494041518554
4475,4006.8195959188006
4476,3994.942239890461
4477,3980.190325039699
4478,3964.476475389681
4479,3947.840867719678
4480,3931.7124847446084
4481,3915.7362518080013
4482,3900.0844417962744
4483,3883.4489152687424
4484,3865.080899725075
4485,3846.8650851338366
4486,3825.739225063642
4487,3805.7614257057216
4488,3786.9198636980045
4489,3767.9095264249595
4490,3749.466939566286
4491,3731.4696198904926
4492,3713.4236769947333
4493,3697.369537976294
4494,3682.3347695510024
4495,3667.267594387938
4496,3652.0747655676655
4497,3636.4652510978144
4498,3622.1209327916604
4499,3607.8121628561207
4500,3592.8905954601223
4501,3577.649868738288
4502,3561.6555698174298
4503,3547.7405297562827
4504,3536.600077832549
4505,3526.801105146104
4506,3517.0724968692352
4507,3508.2037252842993
4508,3499.928305274351
4509,3490.004564866052
4510,3480.7189241834512
4511,3469.088845426452
4512,3458.834276725635
4513,3451.549909506813
4514,3444.3104376200117
4515,3436.8642176528338
4516,3428.3738384706508
4517,3418.7428290403514
4518,3407.8943245125806
4519,3401.3316927792193
4520,3397.9823234583682
4521,3396.4232992269185
4522,3396.4474073136894
4523,3394.9785233850766
4524,3394.2574959320727
4525,3394.466467912331
4526,3394.898824055149
4527,3398.3249419978033
4528,3403.7290023231935
4529,3409.80110935099
4530,3418.6086364144085
4531,3430.2409149602386
4532,3443.430117828487
4533,3457.2777939813345
4534,3470.8216479642974
4535,3486.5909460999874
4536,3504.123116822534
4537,3526.0883709500763
4538,3548.9576809966293
4539,3571.7856062668025
4540,3594.0238110729724
4541,3615.0435212755156
4542,3633.138458695566
4543,3650.0326734467885
4544,3666.8238874062936
4545,3684.7660130237605
4546,3700.4064675833674
4547,3716.4680358944875
4548,3732.504169257688
4549,3749.61053858764
4550,3767.7139003653456
4551,3785.765383949297
4552,3805.082283264315
4553,3824.665493539533
4554,3845.768279885355
4555,3866.915437332664
4556,3888.6213665729583
4557,3910.64162494537
4558,3934.206583701713
4559,3958.6522396229575
4560,3979.91996027444
4561,4002.3510866040892
4562,4026.673554903596
4563,4052.610137948394
4564,4079.141912807385
4565,4106.322518830043
4566,4133.09488740849
4567,4160.783281195829
4568,4187.708626414835
4569,4213.9047254375355
4570,4240.079130345212
4571,4264.595985822296
4572,4286.048108338409
4573,4303.375638843172
4574,4319.642120131391
4575,4333.871824513316
4576,4346.944435968603
4577,4358.794946336785
4578,4369.463746502846
4579,4379.346216359684
4580,4388.915191899267
4581,4399.899853478561
4582,4409.693279355561
4583,4419.6873410627395
4584,4429.044423792304
4585,4437.29921549234
4586,4442.821704251007
4587,4446.142755032844
4588,4446.537843508136
4589,4443.502818906543
4590,4436.1974067527435
4591,4427.734240374987
4592,4417.447149282738
4593,4405.61726036003
4594,4393.051693025475
4595,4379.605718671368
4596,4365.4019835503295
4597,4350.423689218819
4598,4334.0096014080145
4599,4317.200340866443
4600,4300.733215491676
4601,4284.845938068562
4602,4269.439244083397
4603,4254.229669185729
4604,4239.285612344678
4605,4222.433007476743
4606,4204.414736971125
4607,4185.786124708044
4608,4165.3720903183985
4609,4145.356607182665
4610,4124.393072802368
4611,4103.745520224013
4612,4083.744410928072
4613,4062.3723587552045
4614,4041.659169394809
4615,4021.1900947212084
4616,4000.8137773229755
4617,3983.0863811865124
4618,3965.4373515434704
4619,3949.0407881887786
4620,3935.1763025837686
4621,3925.106852112745
4622,3918.6367140336024
4623,3915.074476656529
4624,3913.8550973964975
4625,3914.4463395493503
4626,3915.417128142826
4627,3915.1284221355004
4628,3910.886315817705
4629,3904.0164820081554
4630,3893.08353514719
4631,3878.788431727366
4632,3860.728588424214
4633,3839.2980537549197
4634,3816.655387519551
4635,3794.684448054163
4636,3768.84122519628
4637,3741.201269750002
4638,3714.6309908355806
4639,3688.685775881067
4640,3663.569805146258
4641,3641.0918732689047
4642,3619.5640890371988
4643,3600.859994093611
4644,3584.634946862501
4645,3570.790975548158
4646,3559.7629362040598
4647,3548.7261424772514
4648,3536.6300714588924
4649,3524.7404275804083
4650,3514.0807517505255
4651,3502.443739897337
4652,3490.15026961451
4653,3480.6140369761524
4654,3473.803200446594
4655,3467.952155699526
4656,3461.194459994637
4657,3454.7266443757308
4658,3449.8288698659408
4659,3445.2858158539084
4660,3441.6563770093026
4661,3438.4360317232645
4662,3437.788360659138
4663,3436.8144460362237
4664,3435.03597821235
4665,3433.6575232386203
4666,3432.673060176933
4667,3432.4004444591055
4668,3434.0544449150584
4669,3437.123999511979
4670,3442.9839318632476
4671,3450.691040167844
4672,3461.7601754538064
4673,3472.450476368727
4674,3481.7510381647076
4675,3490.454825686771
4676,3493.3999609349403
4677,3493.4883771108957
4678,3491.57782331549
4679,3488.57150177359
4680,3486.0111733563294
4681,3480.2516435296293
4682,3476.1254604272626
4683,3473.0734982887125
4684,3472.583639609903
4685,3474.8440908849934
4686,3477.406842778249
4687,3483.3158520245697
4688,3491.396951290081
4689,3499.2803396342288
4690,3505.8827610728217
4691,3510.8415749554747
4692,3517.504747717468
4693,3523.2163546598895
4694,3529.956414430241
4695,3535.1220547778266
4696,3539.3506894026577
4697,3543.7256595653103
4698,3548.5430536743384
4699,3553.7484297750093
4700,3562.0597532393003
4701,3573.4732681783034
4702,3586.479202075089
4703,3599.4452757078598
4704,3611.081398154686
4705,3622.330828028442
4706,3634.218961027038
4707,3646.036155211669
4708,3662.5046261578054
4709,3682.8683393500687
4710,3705.533162376373
4711,3733.5407259770864
4712,3761.5782939432897
4713,3791.5052710075297
4714,3823.948790345567
4715,3859.412159480482
4716,3896.605191673885
4717,3936.534257836645
4718,3975.7451946667425
4719,4014.4009519676215
4720,4050.995062341147
4721,4084.86986323997
4722,4116.488331293138
4723,4144.694968912752
4724,4170.126932320228
4725,4192.95382816516
4726,4216.535590565536
4727,4241.738074586222
4728,4269.322556615174
4729,4299.916405813419
4730,4335.855713124278
4731,4367.122910484723
4732,4404.460260520103
4733,4447.447875368328
4734,4493.931141303383
4735,4542.513621944478
4736,4590.922836256433
4737,4640.263566116227
4738,4687.3533209270745
4739,4734.075944259791
4740,4779.983841386565
4741,4825.474339877377
4742,4869.707005035578
4743,4911.463469130787
4744,4949.871657318895
4745,4985.572065964867
4746,5017.870695177127
4747,5046.890605016145
4748,5070.541027241035
4749,5089.944130110212
4750,5107.396579617053
4751,5121.277317455859
4752,5131.250456783222
4753,5139.831214076191
4754,5146.579849425113
4755,5151.038000178832
4756,5153.20506869262
4757,5153.330272113445
4758,5153.06045252878
4759,5150.449799075936
4760,5144.133176438032
4761,5134.337783987024
4762,5121.630528186564
4763,5108.652853125814
4764,5093.0118135973635
4765,5075.719838181978
4766,5057.362597707411
4767,5037.504214455807
4768,5017.238992021225
4769,4994.935186241729
4770,4972.559178153056
4771,4949.424995262733
4772,4926.770259490509
4773,4903.313029651856
4774,4879.68416012425
4775,4856.717071563707
4776,4831.935240355649
4777,4807.7657695122
4778,4781.842101189696
4779,4751.659168497889
4780,4718.747409793943
4781,4682.326161301284
4782,4642.310309719735
4783,4600.365218217178
4784,4557.17538440235
4785,4512.5734279661465
4786,4470.019117005758
4787,4429.813673822511
4788,4394.834938253087
4789,4359.039097752689
4790,4323.265374873278
4791,4288.810547951174
4792,4255.7175793189635
4793,4224.006922938252
4794,4193.910719331377
4795,4165.897692947219
4796,4139.958276776841
4797,4117.466517415679
4798,4100.373328652854
4799,4089.299332028118
4800,4084.750425006261
4801,4084.939916472103
4802,4091.4091978119673
4803,4102.720930738286
4804,4118.688361277771
4805,4136.998894367493
4806,4159.37540847975
4807,4184.215124744678
4808,4211.681399916445
4809,4241.135310630782
4810,4271.363549252388
4811,4303.300553785745
4812,4337.585474860718
4813,4371.678800370083
4814,4407.862580472082
4815,4443.237128004343
4816,4476.83130385848
4817,4508.2570849131525
4818,4537.887134371415
4819,4564.467600235805
4820,4587.904597866341
4821,4608.886841186089
4822,4627.74275075546
4823,4642.147393233541
4824,4654.971465144593
4825,4666.224284457174
4826,4677.2944238104
4827,4687.255695214221
4828,4695.054888573391
4829,4702.319521496267
4830,4707.0740277900195
4831,4711.267976008844
4832,4716.496743731357
4833,4722.921665775463
4834,4729.427282204206
4835,4736.333140573827
4836,4743.587524740231
4837,4750.082798963581
4838,4758.576705326236
4839,4768.120806748789
4840,4778.648934918528
4841,4789.122338454823
4842,4800.8246434965295
4843,4812.347801076433
4844,4823.884137300419
4845,4833.920749815286
4846,4844.710194017911
4847,4853.967525064236
4848,4858.006872580921
4849,4856.979259511375
4850,4849.905171105852
4851,4835.896900475432
4852,4814.920470878934
4853,4787.383521450725
4854,4751.958291156804
4855,4712.468321199213
4856,4668.999703564104
4857,4620.62645719778
4858,4568.193794617084
4859,4513.264140759855
4860,4457.439293356468
4861,4402.083734477495
4862,4346.41400540642
4863,4291.464378632797
4864,4241.163483834109
4865,4190.738898778168
4866,4139.660664205067
4867,4090.8252633752472
4868,4045.251019196817
4869,4003.4308121167714
4870,3967.3764495504774
4871,3937.326785756387
4872,3915.3420985159623
4873,3899.4614978480918
4874,3887.3157245036473
4875,3876.456320240487
4876,3867.3583996026387
4877,3858.8019852236184
4878,3852.16725832395
4879,3849.0907015413336
4880,3851.0014823082115
4881,3859.787006633457
4882,3873.246681872626
4883,3890.950474239682
4884,3911.911172290995
4885,3935.110367839965
4886,3960.357454955644
4887,3988.0219010133014
4888,4018.7851368702804
4889,4049.0963566965097
4890,4080.804752910092
4891,4113.199222938648
4892,4143.327961472197
4893,4169.917132520742
4894,4194.9662752006525
4895,4215.252485838623
4896,4233.596012654565
4897,4248.258541259925
4898,4261.2626729088
4899,4275.680208006561
4900,4291.988166466642
4901,4309.517717364936
4902,4324.768426646453
4903,4342.012564304627
4904,4361.139695688525
4905,4380.722648487584
4906,4398.939066890724
4907,4415.483686939174
4908,4430.611576377823
4909,4442.598723162763
4910,4452.113672503953
4911,4459.6658702564955
4912,4465.72124744901
4913,4471.72461380956
4914,4475.288253966935
4915,4473.23137624093
4916,4468.863935430061
4917,4464.096184576973
4918,4457.014828057794
4919,4449.85767909511
4920,4440.34509604817
4921,4430.566738635954
4922,4420.745602536254
4923,4409.2129800529865
4924,4395.940477795718
4925,4381.966612721751
4926,4368.10288369265
4927,4351.840507503951
4928,4333.627715355479
4929,4313.427391928466
4930,4292.622819714934
4931,4269.163167442189
4932,4241.774015515822
4933,4211.001526629836
4934,4177.34834976497
4935,4142.053702299293
4936,4105.1137092352465
4937,4069.173509818219
4938,4033.444403168375
4939,3996.444273313702
4940,3960.0788861074357
4941,3922.1400898742872
4942,3886.3985517354436
4943,3851.3475555347177
4944,3818.3157422195045
4945,3784.7429406407346
4946,3752.2586237910623
4947,3720.8523880954904
4948,3692.284431752765
4949,3663.85865424801
4950,3637.091649480276
4951,3612.861714619405
4952,3589.228984907625
4953,3565.581508271761
4954,3539.989930864991
4955,3519.209599909591
4956,3500.6809935863257
4957,3485.820455324363
4958,3476.4542442155434
4959,3468.3056405508705
4960,3466.4864046019816
4961,3468.1407914154192
4962,3472.536727265311
4963,3478.974240785838
4964,3485.9301665690136
4965,3492.9134662864994
4966,3497.308213623761
4967,3500.1178794063544
4968,3502.4196215912652
4969,3503.354376701671
4970,3503.382663109863
4971,3503.8502155674973
4972,3503.3365257077585
4973,3502.5685617560016
4974,3498.497683122462
4975,3493.3691785479373
4976,3486.4009553691776
4977,3480.091512809065
4978,3473.1675492210147
4979,3464.6003805305622
4980,3454.870646746616
4981,3446.5048184355155
4982,3439.026242458573
4983,3431.0270153543415
4984,3426.0843278067905
4985,3422.6315052612804
4986,3420.5871454747016
4987,3421.629418504236
4988,3423.82717157077
4989,3427.9233658815356
4990,3433.1740990049484
4991,3440.6036495945423
4992,3450.1968745996005
4993,3461.1604636654347
4994,3474.669184318378
4995,3490.0580568522964
4996,3508.534553145228
4997,3531.2275449265826
4998,3558.1764364560095
4999,3589.358277863145
