,0
0,484.1948566706196
1,895.7468736965908
2,1245.7951428475153
3,1544.2881422705866
4,1799.6344447385356
5,2019.1281611760467
6,2207.5905663664103
7,2373.784193707527
8,2517.5131597050786
9,2640.8909743867566
10,2747.298411409036
11,2838.662086810815
12,2916.252638438882
13,2983.1372306843195
14,3038.3968301801365
15,3083.9771471966624
16,3121.109872980823
17,3148.8072392690797
18,3167.8738347104963
19,3177.3986346165425
20,3180.252009613681
21,3178.428890633062
22,3174.077224283865
23,3167.8276056143154
24,3158.7524935622437
25,3146.462717554449
26,3131.630591971801
27,3114.9723556475974
28,3099.0693723284758
29,3083.6390596619067
30,3068.706832149454
31,3056.8922706755225
32,3048.010176489254
33,3043.323924882197
34,3040.584013450813
35,3039.692515215141
36,3044.581193895978
37,3052.591594611102
38,3063.415193762772
39,3076.5687556409257
40,3097.2024810540042
41,3118.3212048316695
42,3139.944001992717
43,3161.090599643791
44,3181.8889266756205
45,3204.55209642644
46,3226.29391517755
47,3250.081805606206
48,3276.8492676997466
49,3306.779204045211
50,3338.1035513093375
51,3371.1630756276218
52,3408.2810474705157
53,3445.3692298859396
54,3480.925159976119
55,3514.9572284828423
56,3545.1289406274245
57,3571.3783301932117
58,3590.9338516280422
59,3601.851082439392
60,3604.4160409475035
61,3598.0081594602893
62,3585.221331243309
63,3565.3747630306602
64,3536.983856705121
65,3506.285327933719
66,3474.478539210856
67,3442.7942198013416
68,3411.87607487354
69,3381.811941504354
70,3351.515173914036
71,3323.0264931293577
72,3296.779280242945
73,3274.309215322511
74,3257.1691448091365
75,3242.3452526050396
76,3231.0329426567396
77,3226.452123240696
78,3221.900747650028
79,3220.8875179896613
80,3222.9617010431393
81,3228.3015025149994
82,3234.474649019152
83,3241.765145846762
84,3251.7527472363568
85,3264.2935590710067
86,3277.1181492268306
87,3288.733098721933
88,3302.295723303873
89,3311.4772187101435
90,3317.7443808398302
91,3322.695429237395
92,3325.4121403852855
93,3328.631626994652
94,3332.0254333677517
95,3335.922240036205
96,3341.4589867877603
97,3346.595795111228
98,3352.919596823961
99,3361.6045643924645
100,3369.0822764154186
101,3375.744911779046
102,3382.723237895779
103,3386.924849213313
104,3390.5667096838706
105,3392.9188948902565
106,3393.6388317169985
107,3392.818592727053
108,3391.2130879332994
109,3388.886325331602
110,3390.234735342818
111,3395.223998437551
112,3404.9079023575114
113,3420.85613954024
114,3434.7311058892133
115,3454.9863560399385
116,3481.8022897684777
117,3516.0506053149443
118,3557.131043889207
119,3604.0991753865196
120,3657.5094419812867
121,3716.235164442587
122,3776.8168936887455
123,3838.190852140726
124,3900.0356120700217
125,3961.2546499530226
126,4022.8171303748395
127,4084.2979598160787
128,4146.494003185921
129,4205.66640054223
130,4260.651265198804
131,4314.305655933036
132,4366.608534272077
133,4416.8264183755755
134,4465.254270658139
135,4514.625927698591
136,4561.287940344031
137,4606.369844774804
138,4649.304403261312
139,4692.486072152653
140,4733.245760717657
141,4772.550881742446
142,4809.9171935236
143,4847.039093045998
144,4884.003611819806
145,4919.303249443637
146,4951.893230019701
147,4984.407954827617
148,5014.044880715985
149,5041.0876364702535
150,5065.6908543531945
151,5089.523091605489
152,5112.27706500518
153,5132.005706322916
154,5148.282423456644
155,5160.285626564329
156,5167.6269720685095
157,5171.215661284076
158,5168.7854174423765
159,5162.368883112381
160,5150.817038561068
161,5134.949513044983
162,5116.200150674708
163,5093.948281298186
164,5069.752146111959
165,5042.756579127817
166,5010.745424385591
167,4972.865546049996
168,4928.732047758056
169,4878.469592297054
170,4821.084744511816
171,4771.159926938658
172,4713.5241984519325
173,4650.302160223528
174,4582.792472166349
175,4512.42143335587
176,4441.819486771459
177,4370.160945130907
178,4298.483401998403
179,4227.358798708633
180,4156.390576572899
181,4085.607280819016
182,4015.224732801169
183,3945.537476983717
184,3876.4596590061706
185,3809.502553680832
186,3744.151306509734
187,3679.6607356384693
188,3616.843628596341
189,3555.126704948013
190,3495.459244901685
191,3437.875273550638
192,3383.981949728014
193,3334.834206671946
194,3287.0801826525385
195,3242.9477696847416
196,3201.7065699250434
197,3164.5897571870805
198,3130.8839657637645
199,3100.9640411563983
200,3075.4288930763564
201,3053.091950637616
202,3034.544358459862
203,3019.324294379755
204,3007.4890405102665
205,2998.315238561352
206,2992.7886136163283
207,2991.0556775988416
208,2991.860462454497
209,2994.623342092833
210,2999.4590546161203
211,3006.851740146074
212,3015.5881783273508
213,3026.836352946924
214,3042.811377748636
215,3062.2000666072477
216,3087.0699089067703
217,3117.560880756801
218,3152.2468361038254
219,3192.863096071702
220,3239.027986006129
221,3291.708825487729
222,3350.195616545084
223,3413.8348837012027
224,3481.4816720860917
225,3552.6494505479022
226,3626.378561811176
227,3702.055701126992
228,3767.8948123317523
229,3838.152705274823
230,3908.296232110819
231,3977.4265183038397
232,4043.767906762954
233,4108.185450020795
234,4168.376708761327
235,4224.509389304838
236,4275.932395022558
237,4323.2203515899855
238,4367.684236545573
239,4408.013823696605
240,4443.559127335549
241,4476.362742027662
242,4506.210091564595
243,4532.908654514361
244,4558.862399238375
245,4584.068681565856
246,4610.069645682103
247,4636.326906479209
248,4661.371601433547
249,4684.361167753327
250,4705.7067407424065
251,4725.670351404688
252,4743.474637138968
253,4759.466960079959
254,4774.813116958492
255,4791.9762893998195
256,4810.99301376676
257,4828.860346780782
258,4841.332374018697
259,4850.978624587441
260,4858.4118003694775
261,4860.932151349209
262,4862.676723335379
263,4864.718891510754
264,4866.336227381482
265,4868.873692837658
266,4871.480351777343
267,4871.447297289388
268,4868.791108728011
269,4862.355015072417
270,4853.6503053163115
271,4839.1967002878
272,4820.267969111518
273,4795.47446480399
274,4765.183576667366
275,4729.427912615787
276,4687.306597693787
277,4641.343551500115
278,4592.77281898294
279,4543.315006674792
280,4489.474584235548
281,4434.920389576449
282,4382.810592076318
283,4332.712007811239
284,4287.406828768298
285,4247.991323000939
286,4214.8659493218065
287,4185.812271151324
288,4159.197869828836
289,4137.513768026745
290,4120.612988101951
291,4107.084183282507
292,4097.054496228714
293,4087.733401643268
294,4079.8342494409685
295,4073.415261961153
296,4070.8257575791886
297,4072.570695836361
298,4078.820847044743
299,4088.0854938284933
300,4099.416011349591
301,4115.267084596443
302,4133.741310759912
303,4158.258912835217
304,4185.663148717104
305,4215.451595164099
306,4249.02325290404
307,4281.549814584412
308,4314.10490773942
309,4344.755290392071
310,4374.214992534041
311,4402.962170572954
312,4431.371282381053
313,4462.764473059445
314,4495.447494203847
315,4528.920323918964
316,4564.882334111376
317,4600.005816461013
318,4635.018699532652
319,4667.668410801693
320,4698.849679271004
321,4732.531799010809
322,4765.902241336766
323,4796.874147407407
324,4826.926939380831
325,4857.3927936084965
326,4885.366960274043
327,4912.171027174893
328,4937.454484835885
329,4960.43543126003
330,4982.10963238332
331,5002.476328035696
332,5021.592481419611
333,5036.902720490978
334,5049.854398461701
335,5062.222609646704
336,5071.638248529799
337,5078.8966254633515
338,5084.509114157635
339,5084.534146217566
340,5081.31176453133
341,5074.2568543391235
342,5068.119082471905
343,5056.56854405759
344,5044.9645089171045
345,5034.150276738248
346,5022.893832041926
347,5015.059238788274
348,5010.673347787558
349,5010.798089258747
350,5014.39691466668
351,5020.346640791723
352,5027.125564718068
353,5032.934882732933
354,5037.465643549826
355,5042.155446861629
356,5047.4704024958155
357,5049.820518854702
358,5047.485864791741
359,5043.054147468294
360,5037.373378166439
361,5030.3384143649355
362,5022.378255107759
363,5012.8782931972955
364,5004.007570880338
365,4991.59908346319
366,4978.137108548739
367,4964.379211356256
368,4947.335549630135
369,4929.499975129624
370,4909.477853588888
371,4888.580784916557
372,4865.377369330997
373,4841.492757314534
374,4816.953509638138
375,4789.523830762914
376,4759.917807107717
377,4727.806893801276
378,4695.049060112112
379,4659.72239091439
380,4623.382662222249
381,4584.914432999027
382,4545.812163729238
383,4504.181795122523
384,4462.246570829948
385,4420.4779298840585
386,4378.197201130086
387,4334.244548692271
388,4291.303718054291
389,4250.294034343041
390,4212.842991447996
391,4177.875956735027
392,4145.041956633164
393,4114.255445705602
394,4086.3121128438875
395,4059.3432712207123
396,4028.7917111732672
397,3995.047806663972
398,3955.4677354459986
399,3921.033073486362
400,3881.3614429166764
401,3838.068347540512
402,3791.9267604205324
403,3745.047727240447
404,3697.5811486265025
405,3652.1872478906384
406,3607.5051980549897
407,3565.4774082515537
408,3523.52438275096
409,3483.61444653215
410,3446.149859177806
411,3414.220459343971
412,3388.5291223314143
413,3366.997113963559
414,3351.500648925733
415,3340.991259902039
416,3334.975421556427
417,3333.2178698824973
418,3334.957949846469
419,3336.718766283869
420,3338.293332497602
421,3341.313650030396
422,3348.8215745678203
423,3357.026889398634
424,3368.835493446254
425,3385.502773905014
426,3405.503589995885
427,3425.995406107097
428,3447.3217487128563
429,3469.739286884839
430,3491.142528709672
431,3515.007323926987
432,3539.044094454771
433,3560.6258114347092
434,3585.0618147286373
435,3607.2200859375475
436,3630.6254821192383
437,3654.071657587919
438,3678.6581976981784
439,3703.4111117356483
440,3725.9841546330103
441,3750.3103229250883
442,3771.874796985508
443,3792.7538003873256
444,3811.7785807789073
445,3831.2667717431577
446,3849.416125193477
447,3863.9208464259395
448,3876.377145836702
449,3891.1539338466537
450,3906.0342929492126
451,3919.5661069643825
452,3932.9859947471427
453,3942.7733358763608
454,3950.0747640956874
455,3955.8724654404527
456,3960.916465610399
457,3961.8153029182777
458,3960.10644825971
459,3956.4937764147603
460,3951.19296975419
461,3943.6491761166826
462,3933.0959880597443
463,3920.952205801834
464,3906.4993713803246
465,3890.6361932615773
466,3871.583995968071
467,3849.16841196416
468,3824.884849525435
469,3798.6086669354536
470,3769.1945673543228
471,3739.5214862498237
472,3708.8599708554693
473,3678.8630779641117
474,3648.6232130138037
475,3619.068332266217
476,3586.7559850778716
477,3554.7987884868
478,3523.5917876370904
479,3495.294836013541
480,3470.6186600495244
481,3446.8476411065412
482,3423.1160421171276
483,3400.658984064532
484,3379.436102599417
485,3359.5473485788943
486,3342.6152458761894
487,3327.770916159686
488,3317.758648670627
489,3312.169322634616
490,3309.7479135965996
491,3309.928802454427
492,3310.9014630287966
493,3310.308359361216
494,3312.6711337373545
495,3315.3452335614597
496,3318.1152483027768
497,3321.4426543863005
498,3329.2394981397065
499,3340.964713238227
500,3358.1801036831525
501,3377.0460822990444
502,3397.7291371958404
503,3421.6116249502156
504,3451.097673676592
505,3482.6536794212616
506,3516.4984039846686
507,3552.2517336314168
508,3589.067899807666
509,3627.551142995274
510,3665.0123320939174
511,3701.596883935592
512,3736.6559590358147
513,3767.1573543730087
514,3798.758112276766
515,3826.8583433695662
516,3854.7531104270756
517,3879.4544522296665
518,3902.1307684689014
519,3922.190445964844
520,3937.5753658563863
521,3950.6251147187745
522,3964.1026625858776
523,3979.376434637276
524,3995.0544411201085
525,4011.240949000153
526,4029.7819282866335
527,4049.3391511683103
528,4066.373811028086
529,4082.111468105891
530,4097.277161475307
531,4110.599526912897
532,4124.776174707799
533,4141.080625185534
534,4157.743022954404
535,4176.91576867078
536,4198.78109186404
537,4222.942109759436
538,4249.110319089395
539,4273.903824194955
540,4296.409152793199
541,4316.27995141625
542,4334.826521383454
543,4346.7939709007815
544,4357.3177420280035
545,4366.071237413586
546,4373.6233288743715
547,4380.2497866353015
548,4385.180512153799
549,4387.727219518186
550,4389.371245782391
551,4389.830114656549
552,4389.426845104582
553,4388.76275367663
554,4388.488381187036
555,4388.359273909102
556,4382.542050730549
557,4373.958421390445
558,4361.596288229935
559,4343.494858548213
560,4322.970557860911
561,4300.324746917006
562,4275.266879846735
563,4249.611078007694
564,4220.036229743002
565,4188.5156942679505
566,4156.155879511523
567,4123.863147481591
568,4088.806887836615
569,4053.978603920363
570,4023.6779969132244
571,3995.5058834023766
572,3970.950354369929
573,3949.097794579157
574,3928.068118764936
575,3910.9618282515116
576,3895.6462648896836
577,3881.385439784571
578,3866.411609430294
579,3850.4412444114087
580,3834.6629154446623
581,3821.0464269863255
582,3806.299805149274
583,3791.174333588258
584,3775.26036202571
585,3760.302920045136
586,3741.814103590107
587,3722.1188495567276
588,3700.894620007752
589,3679.986337088034
590,3660.4423431660985
591,3641.824902504076
592,3625.5054337132533
593,3611.2936068698195
594,3600.6224285033054
595,3595.339552532258
596,3595.167163746867
597,3598.625523108677
598,3604.4162482442894
599,3614.0060293799615
600,3626.5219672529593
601,3640.544322253652
602,3654.6553904940924
603,3668.950411795912
604,3682.7296781020345
605,3697.0758166851892
606,3709.8329067848017
607,3722.3643206809907
608,3734.972971647192
609,3749.5999753368656
610,3765.869788788824
611,3782.9161255815675
612,3800.052999133073
613,3815.9842073670115
614,3833.1930376152877
615,3850.8540383311283
616,3868.5884381185347
617,3886.28671800775
618,3902.3603940316325
619,3920.707962966482
620,3942.420868224863
621,3962.689182621208
622,3981.466315693303
623,3997.112499411108
624,4008.475621670707
625,4019.146323110624
626,4028.8511052808776
627,4037.294265768999
628,4045.0654768557406
629,4053.098171658068
630,4059.8779807943865
631,4069.9545866352846
632,4083.2281286846037
633,4100.574205477877
634,4122.955997652391
635,4147.8013243860605
636,4175.990590658502
637,4207.382299460284
638,4239.971760531904
639,4274.11774633815
640,4309.41303594193
641,4346.687609463457
642,4385.3874491202205
643,4425.028561525981
644,4462.282564448668
645,4499.968898391381
646,4534.239209408528
647,4564.545932395264
648,4591.93792768566
649,4612.713918900054
650,4632.496625183518
651,4650.837469226807
652,4664.73433066069
653,4674.738908177144
654,4680.518408906449
655,4684.394936552934
656,4683.57834143021
657,4680.812079405289
658,4676.0877450708185
659,4669.689856626215
660,4663.939472178588
661,4654.934986022595
662,4643.196824745621
663,4629.304582178456
664,4615.151396211868
665,4600.354706601489
666,4586.629830179896
667,4574.968541926014
668,4561.9182126703945
669,4549.47022738188
670,4537.060227598904
671,4524.438195289505
672,4513.380821097044
673,4503.820842640396
674,4497.8783705685555
675,4497.419548765285
676,4501.523242463727
677,4512.721356778599
678,4528.368200328911
679,4546.962614869981
680,4566.822950184754
681,4587.237186129101
682,4606.2869471201075
683,4622.5921962856655
684,4636.7777630597
685,4647.997581629083
686,4658.453206222798
687,4663.765382376603
688,4663.028676699254
689,4655.025735335903
690,4639.002531999638
691,4615.8216050188785
692,4585.821514230334
693,4549.426294620464
694,4509.710571511806
695,4466.928668641943
696,4419.974589040733
697,4370.876934715492
698,4318.9144856802
699,4266.725659033107
700,4214.1383001048225
701,4163.088688674613
702,4115.724391965466
703,4073.4021976795093
704,4035.4999400524675
705,4000.151661589301
706,3968.8590183529473
707,3941.9320536891796
708,3918.8674490922785
709,3900.753856898489
710,3887.204665739219
711,3879.8642917810134
712,3874.9829813308347
713,3873.5554479855186
714,3874.646587657058
715,3874.490707421808
716,3878.036341609976
717,3881.4404897664663
718,3885.5426813014747
719,3893.4011834121516
720,3906.255535866258
721,3921.9718689241076
722,3937.1936331085926
723,3951.0482688567117
724,3961.6125575615256
725,3970.087189380955
726,3976.1777788496734
727,3980.4269136394937
728,3984.6168695038186
729,3988.0571976436327
730,3992.5781962386286
731,3998.220796586803
732,3999.349778405534
733,3998.6293511747435
734,3994.820067986009
735,3986.0291214036492
736,3974.947889201501
737,3965.874165088019
738,3956.463779030018
739,3954.8041430248204
740,3961.9152731007966
741,3968.1019562668953
742,3983.5280339573847
743,4007.405130703445
744,4036.133536255648
745,4066.3996217623535
746,4097.764737554168
747,4127.61599767613
748,4155.434750421038
749,4180.40109072999
750,4205.898801415474
751,4230.597328792478
752,4255.338250550971
753,4278.678333600434
754,4300.06437969512
755,4321.497599686162
756,4341.636457094659
757,4361.240585670306
758,4378.777678267118
759,4395.360721592849
760,4409.918475662673
761,4421.858788648236
762,4430.083900831261
763,4433.589742466979
764,4435.491820862196
765,4432.273815071595
766,4424.363810980172
767,4413.918054652063
768,4400.873183408853
769,4383.898236164782
770,4365.157395810775
771,4342.038579410767
772,4316.58064991472
773,4291.719589536371
774,4270.377523834031
775,4250.524383946037
776,4232.795665245974
777,4216.630612426331
778,4203.563118348723
779,4193.110865862556
780,4183.047884214724
781,4174.414592312842
782,4168.31456246991
783,4163.774392905673
784,4161.10665321426
785,4161.626535079651
786,4163.722227634571
787,4167.419281908167
788,4171.237527566155
789,4175.064937587481
790,4176.012962800782
791,4175.431209463912
792,4174.707687393048
793,4175.191133848211
794,4176.078670704637
795,4179.316231460229
796,4185.576903335743
797,4196.42080990163
798,4205.855008613952
799,4218.871409903096
800,4232.3160405578765
801,4245.360959846222
802,4258.813800131401
803,4268.5605587538275
804,4277.072000977767
805,4282.239464897812
806,4282.760664885872
807,4280.399011776583
808,4277.353115003792
809,4272.076503180205
810,4266.601336134349
811,4261.193017494279
812,4255.43507268959
813,4251.315690510371
814,4246.719791668907
815,4243.386894426958
816,4242.407330538909
817,4243.911486162216
818,4250.700955451758
819,4261.029767231796
820,4273.309644976041
821,4288.325816310441
822,4308.999566660259
823,4329.029455219418
824,4351.536591985028
825,4374.0586848838
826,4394.42593098978
827,4412.053117523667
828,4426.782117643805
829,4440.239583857113
830,4452.299740550514
831,4461.951682875513
832,4470.283933813345
833,4478.252142586658
834,4482.614010395338
835,4483.549325201177
836,4480.878764171076
837,4473.612485856375
838,4463.738137473029
839,4450.1661070625505
840,4435.101997462111
841,4420.85004380187
842,4407.023950532509
843,4393.847550105935
844,4382.711564647495
845,4373.84753176196
846,4363.884035745154
847,4353.701638647954
848,4340.864823902559
849,4326.96906886376
850,4313.3492278440835
851,4302.8065952980205
852,4296.684478355453
853,4294.066447297351
854,4297.058928499151
855,4299.6623871447155
856,4307.319003986049
857,4319.683386493922
858,4334.24106860366
859,4349.793615490915
860,4364.449899579388
861,4377.09125063952
862,4386.567019963575
863,4394.352511056517
864,4402.524253800583
865,4410.204939878888
866,4415.238119772548
867,4417.758647210982
868,4417.444658436312
869,4414.321967663574
870,4411.432295707041
871,4403.029602031012
872,4390.436764094872
873,4375.478380352188
874,4355.930896021094
875,4337.583219338156
876,4318.618073002391
877,4298.971385875704
878,4277.902996100857
879,4258.761453792007
880,4239.9670583699335
881,4221.950637187991
882,4207.343581332497
883,4195.254259795513
884,4184.904004173011
885,4175.155428010765
886,4164.806959955269
887,4156.092959345557
888,4149.404729704672
889,4142.664553710858
890,4137.80953549898
891,4133.967303208884
892,4131.9003281852165
893,4131.203264263401
894,4128.661297130615
895,4125.435738733621
896,4124.3165321610895
897,4122.538536201603
898,4119.737845844539
899,4113.729276041255
900,4104.2393706668
901,4094.002145999367
902,4079.916494672351
903,4065.01862412684
904,4050.789308044036
905,4035.785322804143
906,4021.502462442926
907,4005.8147469592755
908,3991.1127529483997
909,3978.694962844409
910,3970.2527369660784
911,3967.4712683450593
912,3965.0513906447727
913,3967.600435191779
914,3975.712290779299
915,3986.9560739711023
916,4003.5401225370756
917,4027.5319331689725
918,4057.9805621709274
919,4094.565722507954
920,4135.420581381705
921,4179.057173101228
922,4226.451518608316
923,4277.281175246958
924,4327.629651591771
925,4377.9141174291835
926,4425.535097211566
927,4471.206148081023
928,4512.324585565063
929,4550.682200294046
930,4583.018346124279
931,4610.0824394145575
932,4630.751946766757
933,4646.091579480044
934,4659.393043900086
935,4670.072802781802
936,4675.962254081912
937,4679.100251243574
938,4680.5234251927795
939,4680.698415552902
940,4677.9950284010965
941,4674.135413845598
942,4668.729449584384
943,4663.353122725855
944,4653.729715215025
945,4643.523255003208
946,4631.792533707972
947,4619.719673575235
948,4605.376082667427
949,4590.403201491729
950,4576.50336670359
951,4561.374623249837
952,4546.4361620101845
953,4531.707179484376
954,4516.749815356391
955,4500.720896457852
956,4483.845189058624
957,4465.020227999512
958,4445.528309340458
959,4426.336588859337
960,4407.590282538848
961,4388.325197543221
962,4368.228318005963
963,4350.735783199988
964,4332.107128808084
965,4313.1094276334625
966,4291.722219784561
967,4267.544830910809
968,4238.599250583129
969,4213.416595698048
970,4184.905501536569
971,4152.2261894509165
972,4116.447098837135
973,4077.6829398251307
974,4034.763667107276
975,3986.706767262235
976,3935.2673653269853
977,3880.734303340791
978,3827.2672809300593
979,3775.765005340417
980,3726.5339432592
981,3681.015885166108
982,3637.9788392815085
983,3598.994814178659
984,3561.5926792619716
985,3527.477566913576
986,3494.5260718706636
987,3463.3892683439444
988,3435.227417336239
989,3410.576776477381
990,3389.5551513721475
991,3371.5664655540863
992,3356.290529872315
993,3344.170161446417
994,3335.88862755209
995,3331.3266041854727
996,3332.171297324831
997,3336.6278273882945
998,3343.2579819751522
999,3352.630223277052
1000,3364.5380936713295
1001,3382.456525902166
1002,3404.1581871670733
1003,3428.8186643628605
1004,3456.0303579136094
1005,3486.6577547387074
1006,3518.4008244532315
1007,3551.5771442882105
1008,3586.2736721215983
1009,3620.298450851671
1010,3655.895835852123
1011,3692.3353930097246
1012,3729.31993418907
1013,3766.4388908461574
1014,3801.124813259411
1015,3834.3686767199983
1016,3864.693524610999
1017,3891.8356869794434
1018,3914.857988368098
1019,3934.641952973667
1020,3951.0293253136315
1021,3965.9922242790335
1022,3976.8050041091333
1023,3983.6654599937374
1024,3988.658947878463
1025,3989.9467923098446
1026,3991.067216965147
1027,3990.669457929415
1028,3989.6494618410916
1029,3988.5348392107717
1030,3989.239138120529
1031,3990.8262202524256
1032,3993.7176521924694
1033,3997.3399029862458
1034,4000.680283303817
1035,4005.5741077588555
1036,4010.745303344885
1037,4017.664387359657
1038,4025.5825425961534
1039,4034.4853153024405
1040,4043.0107197976945
1041,4050.0998206413656
1042,4055.0134533530545
1043,4059.244927200482
1044,4060.5070010167706
1045,4058.464463570049
1046,4054.1668698888407
1047,4048.0085401166216
1048,4037.6949920740726
1049,4023.5075900634315
1050,4005.6279681298897
1051,3982.9317606414756
1052,3958.5056844289525
1053,3931.01156026239
1054,3901.582580750502
1055,3871.7646691688497
1056,3839.9165736249747
1057,3807.9127738416323
1058,3775.018488170449
1059,3743.6237065318837
1060,3713.942854188543
1061,3686.701528805145
1062,3660.9684640786672
1063,3635.088811528679
1064,3611.7836233167463
1065,3590.901906207576
1066,3572.073661273187
1067,3554.134336773744
1068,3537.5565935438553
1069,3524.7337368537947
1070,3514.3454475012522
1071,3507.446744578788
1072,3505.0614766035687
1073,3508.6183066370286
1074,3516.9675850104472
1075,3531.352943270122
1076,3552.81163726269
1077,3581.156660865764
1078,3616.0986316161116
1079,3655.958070076417
1080,3698.8967046880352
1081,3743.4982357934123
1082,3788.100871826473
1083,3826.905165175235
1084,3866.455096875119
1085,3907.3637619507713
1086,3949.9046682292555
1087,3994.81550473545
1088,4043.161930810321
1089,4093.9096536611137
1090,4146.131416401862
1091,4199.837608433293
1092,4254.057480392234
1093,4310.320626670548
1094,4367.877121957384
1095,4427.377708781889
1096,4488.300603445077
1097,4551.002183014091
1098,4614.784656833481
1099,4677.992875380852
1100,4742.3710710601845
1101,4805.47418899772
1102,4867.086062615127
1103,4926.188893694302
1104,4981.274241271843
1105,5032.896837887177
1106,5080.725177496296
1107,5124.250527643951
1108,5165.554990578007
1109,5203.389288290973
1110,5236.450627249156
1111,5264.445259310683
1112,5288.084645755347
1113,5307.83784410199
1114,5324.770587059172
1115,5338.387363728247
1116,5347.5444359821995
1117,5352.162759954857
1118,5350.803424224553
1119,5346.524266116425
1120,5336.4835437849915
1121,5320.866687393797
1122,5299.573286133696
1123,5272.418190870974
1124,5240.449911203531
1125,5204.773057124818
1126,5162.651454022709
1127,5115.07958848414
1128,5063.9809020715
1129,5008.661049824536
1130,4951.181643426851
1131,4892.816461506301
1132,4832.906395988986
1133,4769.941156934505
1134,4706.001457901148
1135,4639.104911697467
1136,4570.665683103725
1137,4499.913958812333
1138,4427.068903547384
1139,4352.778543085052
1140,4288.145929482823
1141,4220.688785630211
1142,4151.678595118295
1143,4080.9051907854705
1144,4009.291240672453
1145,3936.9319570163857
1146,3866.831767121037
1147,3799.066951226916
1148,3732.962100346768
1149,3668.846264854672
1150,3608.5957479720087
1151,3551.474391734242
1152,3497.006056799695
1153,3447.733765924808
1154,3403.400828397511
1155,3363.805392889807
1156,3330.9790486373067
1157,3302.531389242721
1158,3278.296723987178
1159,3256.325367953527
1160,3237.1103910308307
1161,3221.1947503296847
1162,3208.048495991187
1163,3197.982773684054
1164,3190.8999482699605
1165,3186.7549958365958
1166,3183.6818222007323
1167,3182.0775864744405
1168,3183.070309850502
1169,3186.721339163682
1170,3194.7392692244885
1171,3206.1861187577606
1172,3220.4337554807953
1173,3236.9511662111513
1174,3254.949930317039
1175,3274.969954298935
1176,3294.082258318584
1177,3313.7963744432095
1178,3333.849842492937
1179,3352.872554251071
1180,3372.494035893418
1181,3390.820805001965
1182,3408.9862878630756
1183,3427.1659367929096
1184,3445.2397859567945
1185,3461.7993451509856
1186,3476.255371475967
1187,3489.303948223539
1188,3502.0498693351697
1189,3513.175359624041
1190,3526.0463868173847
1191,3539.1931227246696
1192,3551.513871196425
1193,3563.18833873168
1194,3572.7019192294892
1195,3580.399496608018
1196,3586.3507816669717
1197,3591.5283996682615
1198,3594.9031320092477
1199,3597.8229194172723
1200,3602.5401625756117
1201,3609.763600695945
1202,3619.6092996950197
1203,3632.5323855929187
1204,3649.771804922845
1205,3668.3420252061005
1206,3688.179971328279
1207,3707.9964417633646
1208,3729.061607545198
1209,3752.156209653722
1210,3776.2067303039057
1211,3800.8931047075694
1212,3827.4551896290277
1213,3853.57518206201
1214,3878.6432785539664
1215,3903.6867517898027
1216,3927.9651236584928
1217,3952.615415075459
1218,3977.9387140927024
1219,4003.827734606807
1220,4028.4084147599633
1221,4051.6878492449828
1222,4072.2224851451115
1223,4091.624735450588
1224,4108.601139688996
1225,4122.893724733914
1226,4135.309993606112
1227,4147.218493293777
1228,4160.543377690625
1229,4174.872023774745
1230,4189.239245547208
1231,4203.031702513874
1232,4215.927205318301
1233,4227.581199268817
1234,4236.978551071935
1235,4244.703665938064
1236,4251.0906802743275
1237,4256.642873338546
1238,4261.0103651583295
1239,4264.371207549641
1240,4266.406422361539
1241,4266.151335490774
1242,4263.633573992323
1243,4257.230322717041
1244,4246.551694707791
1245,4234.0876475959685
1246,4221.294976871947
1247,4209.0061039263055
1248,4199.15428656932
1249,4191.523743574749
1250,4185.021024543594
1251,4176.4556390596035
1252,4163.14837523295
1253,4143.407446102669
1254,4126.232837759327
1255,4103.449707712622
1256,4076.814798829353
1257,4049.7015102088662
1258,4024.0353985250713
1259,4002.773838174376
1260,3986.7309625205166
1261,3975.091853109934
1262,3966.421618076763
1263,3960.353242372405
1264,3956.0949725643113
1265,3955.27122337135
1266,3958.141887826397
1267,3965.7851534039805
1268,3977.899383621143
1269,3993.2733676264547
1270,4009.9548710471904
1271,4027.7322876695403
1272,4046.685297934137
1273,4063.5672493376046
1274,4081.5853866566745
1275,4100.416782203179
1276,4122.397023526948
1277,4143.739868221882
1278,4164.762110850068
1279,4186.360106776306
1280,4206.732663595825
1281,4225.106868639626
1282,4242.6084924928955
1283,4261.2745314976155
1284,4281.029718776627
1285,4300.679296885908
1286,4320.768740624864
1287,4340.8161271894305
1288,4360.367718653813
1289,4380.282038478109
1290,4399.9904227750485
1291,4418.912951566811
1292,4438.199661312934
1293,4458.006947248796
1294,4475.713675804053
1295,4492.793853049034
1296,4508.209747446059
1297,4522.782909640792
1298,4536.934306190151
1299,4549.291995646287
1300,4559.745348993833
1301,4568.734451536943
1302,4577.416898924883
1303,4584.331099662634
1304,4590.557312758487
1305,4598.25019423694
1306,4603.1293438717885
1307,4605.376179533875
1308,4603.095307682793
1309,4595.565772525694
1310,4582.917659857855
1311,4571.913801836836
1312,4553.138091379691
1313,4526.367749230363
1314,4494.740357982492
1315,4458.227735277078
1316,4416.608100466174
1317,4370.530269055556
1318,4321.2179452641185
1319,4268.008203006578
1320,4214.301430124734
1321,4157.702943070795
1322,4099.925039853323
1323,4043.6403420025613
1324,3987.5498103153486
1325,3933.8905205043134
1326,3880.8418097045565
1327,3830.8113967637987
1328,3784.937190795772
1329,3742.8703402659266
1330,3704.773168148009
1331,3669.654313663681
1332,3639.026596579434
1333,3611.9281334292873
1334,3588.9510630105983
1335,3569.49415321976
1336,3552.717388525983
1337,3539.682163889794
1338,3529.60051003287
1339,3521.934567084267
1340,3517.6634303077667
1341,3516.1393170550946
1342,3517.4036268142395
1343,3521.089196920853
1344,3525.7948708738736
1345,3532.072452485184
1346,3539.0434725393475
1347,3548.425664779617
1348,3561.635139073569
1349,3576.365037169655
1350,3594.824613095956
1351,3615.6327897419924
1352,3640.5666636620763
1353,3671.6380449371945
1354,3708.4388588194242
1355,3750.2830003927293
1356,3796.1273888069777
1357,3846.565880141414
1358,3901.012266401884
1359,3959.7337027147523
1360,4019.736111660517
1361,4082.2180891047137
1362,4147.181245228899
1363,4215.6188314083365
1364,4286.598529331896
1365,4358.982127164359
1366,4432.947969293109
1367,4508.696601319366
1368,4574.59791118221
1369,4642.732826988915
1370,4712.906132153184
1371,4784.010204232779
1372,4854.883779668931
1373,4925.376480978269
1374,4995.309879631174
1375,5063.201203221919
1376,5127.496283725315
1377,5189.948343618861
1378,5249.9075000073435
1379,5306.38436531628
1380,5358.419285674256
1381,5405.5925922890165
1382,5447.8330725805745
1383,5483.170983140169
1384,5512.251182196573
1385,5535.824070790408
1386,5555.396892941763
1387,5568.751268240198
1388,5576.161555328034
1389,5580.8606719677855
1390,5582.159790883277
1391,5579.394306242786
1392,5575.749719068882
1393,5569.746570344692
1394,5562.31689361927
1395,5552.580012002884
1396,5541.241015156368
1397,5526.7021684668
1398,5508.4680971391135
1399,5486.959591057937
1400,5461.154019989001
1401,5432.504959812651
1402,5401.30464715822
1403,5366.7226051022
1404,5329.075414160093
1405,5286.113927182143
1406,5236.491547784977
1407,5180.194690197528
1408,5116.502519390928
1409,5048.909097117216
1410,4981.148415966228
1411,4911.944398782334
1412,4840.299434592769
1413,4767.908812997708
1414,4695.13707418828
1415,4621.051723607873
1416,4547.936944218531
1417,4474.492598138474
1418,4401.286186244214
1419,4328.2117202294685
1420,4255.061178270493
1421,4180.1635361635
1422,4105.660744045585
1423,4030.701476167799
1424,3956.635397832973
1425,3892.197909681675
1426,3827.2843834971673
1427,3763.4223658599544
1428,3703.4297355025265
1429,3650.590745467113
1430,3606.5884405530505
1431,3570.134932804285
1432,3543.080701212399
1433,3521.8417378915906
1434,3506.510666252385
1435,3497.3585527360938
1436,3493.5088331746715
1437,3492.412480596899
1438,3496.4655014543177
1439,3505.0166015475324
1440,3518.9983775435535
1441,3536.355383043704
1442,3560.7040128547533
1443,3588.8013598235443
1444,3619.537332968943
1445,3650.104486616675
1446,3681.0461164850435
1447,3713.2522889472784
1448,3745.2446175348186
1449,3779.5213021734357
1450,3813.9201767259524
1451,3846.9945347211133
1452,3877.668920334482
1453,3905.9688271833384
1454,3933.015912782703
1455,3958.582794654071
1456,3984.761042856313
1457,4009.721275996073
1458,4033.324368301344
1459,4057.050787839047
1460,4079.2317247320884
1461,4099.298334356443
1462,4118.405215009998
1463,4137.150099985217
1464,4154.811308016361
1465,4170.533287788942
1466,4186.973644959952
1467,4202.382814460096
1468,4219.096008769358
1469,4237.367212198755
1470,4256.86961481743
1471,4279.464840251661
1472,4303.613736037334
1473,4331.184357586895
1474,4360.8576252179155
1475,4393.102037305175
1476,4427.240627387873
1477,4462.51093261434
1478,4495.131054812258
1479,4523.982614792126
1480,4550.970695054099
1481,4573.0761638265685
1482,4592.307921658617
1483,4606.365819179367
1484,4614.5384181992495
1485,4617.112999713654
1486,4613.076068455382
1487,4601.874289184361
1488,4583.63830295653
1489,4558.910655384195
1490,4528.716947293382
1491,4495.216672969068
1492,4458.640278263049
1493,4420.8922050371475
1494,4382.878245835642
1495,4344.353241748051
1496,4306.277946622275
1497,4269.538966855216
1498,4234.605363534931
1499,4200.7590949526575
1500,4167.613095302556
1501,4136.097930875587
1502,4108.2911919497565
1503,4084.2687701849122
1504,4062.583392717999
1505,4044.0303797314073
1506,4029.803547313283
1507,4018.5191381194118
1508,4011.005858116982
1509,4008.016051038776
1510,4009.264739626521
1511,4014.123324276624
1512,4021.883551106863
1513,4033.13757972034
1514,4046.3832403913707
1515,4060.788118613964
1516,4075.8320734742247
1517,4092.7393117085603
1518,4110.3205453818855
1519,4129.535597809139
1520,4150.069083048476
1521,4169.237417436351
1522,4187.404433599209
1523,4203.2782178530715
1524,4216.9276279223695
1525,4227.8434510227125
1526,4237.15507121735
1527,4243.420732002169
1528,4248.162059180383
1529,4250.466573074199
1530,4248.852634956862
1531,4244.042729735803
1532,4237.839126006959
1533,4229.473719735261
1534,4218.069742885903
1535,4205.124620432289
1536,4192.106689794246
1537,4177.672296400431
1538,4164.861313989406
1539,4153.715759291815
1540,4144.595434203486
1541,4135.410293331242
1542,4124.618166629221
1543,4114.408773643666
1544,4104.982171448398
1545,4095.713101441803
1546,4085.6808620520296
1547,4073.5820919218627
1548,4061.8143593941572
1549,4050.5081175375135
1550,4040.5836939735877
1551,4030.315400995404
1552,4019.064917006084
1553,4007.1325135812763
1554,3993.007869970613
1555,3980.269764867598
1556,3968.8341245955744
1557,3957.8327759620497
1558,3948.437392021844
1559,3942.0933524890006
1560,3936.4537652131676
1561,3931.979379962866
1562,3928.879043321436
1563,3925.7122481852366
1564,3921.765610087513
1565,3916.195534052269
1566,3909.6649371003014
1567,3904.137987445128
1568,3898.592495044643
1569,3895.3626793603526
1570,3896.1323451497083
1571,3900.398478543361
1572,3908.9474715266515
1573,3919.4468313918323
1574,3931.661871300283
1575,3943.365297985565
1576,3954.8487176970843
1577,3966.162362430677
1578,3978.74087271819
1579,3991.1510374566137
1580,4004.5159974086428
1581,4019.97124409639
1582,4039.229592750325
1583,4060.4118456883148
1584,4082.543540895356
1585,4107.249738078078
1586,4135.407159718339
1587,4165.8122768914645
1588,4197.492920474804
1589,4232.052210443065
1590,4267.961128702957
1591,4304.861850128372
1592,4340.763405087879
1593,4376.238414857512
1594,4409.0498086212565
1595,4441.203000073688
1596,4469.176276637304
1597,4496.791467560611
1598,4528.286549276356
1599,4561.257592267447
1600,4595.516280162329
1601,4631.586928042814
1602,4671.854383166021
1603,4714.046710470294
1604,4758.70935969459
1605,4806.404085682622
1606,4855.597894929066
1607,4904.772110979939
1608,4955.437553176791
1609,5005.260372606732
1610,5051.269644321574
1611,5092.635108909787
1612,5129.079462175925
1613,5161.866569652814
1614,5190.176574431553
1615,5216.306764152563
1616,5239.032705882503
1617,5257.929592516016
1618,5272.982046877968
1619,5284.488997835149
1620,5294.348864215622
1621,5300.865828957927
1622,5305.498050980333
1623,5308.703284627717
1624,5310.917558518817
1625,5312.311864516014
1626,5312.8056590041615
1627,5311.357539187166
1628,5306.259475484471
1629,5299.338343680482
1630,5291.856520673116
1631,5282.398440238907
1632,5269.736394898777
1633,5255.15813404828
1634,5240.07631431217
1635,5223.259974364597
1636,5203.901644484203
1637,5182.327183741128
1638,5159.726767609466
1639,5133.768042346747
1640,5107.291309832607
1641,5081.256870016469
1642,5055.103695122903
1643,5031.277334026049
1644,5007.037822363515
1645,4984.874058676197
1646,4963.821126760085
1647,4942.541339091306
1648,4919.610304676355
1649,4896.930523014818
1650,4874.070094390358
1651,4848.721332389896
1652,4821.110837777519
1653,4797.089707464751
1654,4768.467092726056
1655,4734.670436354057
1656,4698.169450067604
1657,4661.225309937684
1658,4626.264657928678
1659,4592.207835965206
1660,4562.123908096128
1661,4534.207600781259
1662,4510.309610851558
1663,4489.564501542037
1664,4474.680596351387
1665,4462.239186647009
1666,4454.997642992848
1667,4452.287023397247
1668,4453.880645509191
1669,4457.18152018461
1670,4463.780015345107
1671,4472.4189829933775
1672,4483.62585236211
1673,4496.829245405282
1674,4512.885255116817
1675,4530.81346786053
1676,4547.854623028524
1677,4565.071580414287
1678,4581.782125301768
1679,4596.814614745001
1680,4609.380677557212
1681,4621.209221718673
1682,4634.080869666166
1683,4648.562148168191
1684,4664.045940571318
1685,4680.751602986615
1686,4699.755359880433
1687,4718.590608845053
1688,4736.703935530761
1689,4754.793452740646
1690,4773.030783567157
1691,4791.978017828583
1692,4810.69672906093
1693,4829.168926053824
1694,4847.529168259109
1695,4865.089047339773
1696,4882.4119746070955
1697,4898.6971923024585
1698,4914.32450541888
1699,4928.230240515051
1700,4940.116511246686
1701,4950.471116938606
1702,4957.720393448278
1703,4961.739892130145
1704,4962.229646080915
1705,4958.861276197746
1706,4950.9301211525435
1707,4936.357661188076
1708,4918.33767934991
1709,4895.20032550929
1710,4875.070827667951
1711,4852.3611506228835
1712,4829.011065750827
1713,4803.274583875526
1714,4776.493914391584
1715,4751.340049783311
1716,4728.211837042206
1717,4708.129425777386
1718,4688.77302307892
1719,4672.158717918554
1720,4653.450103333584
1721,4632.253423885475
1722,4609.736701884036
1723,4586.893046110879
1724,4564.441199970881
1725,4541.195220946633
1726,4517.395524147377
1727,4494.284952108346
1728,4471.920188873953
1729,4448.766964899114
1730,4425.333788487188
1731,4404.950701307326
1732,4386.461869329979
1733,4366.780333214828
1734,4346.558612545502
1735,4326.479118684401
1736,4305.817971889577
1737,4281.300460260375
1738,4255.368409419693
1739,4227.7755676037405
1740,4199.4793029080665
1741,4171.887293114211
1742,4146.392607726855
1743,4122.525678959977
1744,4097.515525498278
1745,4073.501840760026
1746,4052.706979351703
1747,4033.5682492993496
1748,4014.938900004423
1749,3995.84737719202
1750,3977.8294738691575
1751,3961.7047482483476
1752,3951.065823780318
1753,3945.621547959603
1754,3946.1879861729612
1755,3952.2743438257494
1756,3963.7444229855946
1757,3983.01446275186
1758,4007.1069572157276
1759,4034.773408986506
1760,4064.871285039201
1761,4100.399745762986
1762,4137.252879639951
1763,4172.785766024019
1764,4204.687380148043
1765,4234.5672294455735
1766,4259.303867411508
1767,4280.82474244187
1768,4299.773835835498
1769,4313.900993539245
1770,4323.033166738135
1771,4330.006264057159
1772,4335.1638367291125
1773,4337.700265145607
1774,4339.595164032638
1775,4339.5505632807035
1776,4342.848574332873
1777,4348.935580631441
1778,4356.167309685667
1779,4363.383586978535
1780,4370.850446880373
1781,4377.7586290705285
1782,4384.503712786162
1783,4389.44738406796
1784,4393.6641053807525
1785,4396.683118222367
1786,4397.38817065133
1787,4397.821366103752
1788,4398.656866537742
1789,4399.495563183788
1790,4401.150323328416
1791,4404.856207998533
1792,4407.505490600537
1793,4409.491131983179
1794,4410.324846638498
1795,4410.111046866051
1796,4408.383745182128
1797,4406.365100313438
1798,4404.075479977594
1799,4399.347313522425
1800,4393.238490486909
1801,4384.7965401031515
1802,4373.4377448987625
1803,4358.012396049211
1804,4338.786504395594
1805,4314.659713364925
1806,4286.651269629804
1807,4257.526312370383
1808,4226.3267085718435
1809,4192.8355737854245
1810,4157.325026578193
1811,4119.975882148171
1812,4082.1459788208567
1813,4044.071592844866
1814,4005.9159144747446
1815,3970.166301715003
1816,3936.7994744404587
1817,3905.70492647886
1818,3877.2592362814075
1819,3851.4588396899
1820,3826.1838233880403
1821,3800.2780074056095
1822,3772.9095268487135
1823,3743.3318464812423
1824,3717.5992645615424
1825,3689.548607761849
1826,3660.4505652229655
1827,3630.3174799876488
1828,3601.792052278599
1829,3575.3224202668853
1830,3552.6166387096396
1831,3533.073907471157
1832,3516.3057631384654
1833,3502.236569788748
1834,3490.458993275605
1835,3480.996781445482
1836,3473.9131338043144
1837,3469.324320444822
1838,3467.0708766131047
1839,3464.5674457142486
1840,3459.8307460048027
1841,3454.2803582516294
1842,3446.473884855892
1843,3437.781303703967
1844,3429.4477074418996
1845,3422.5090686911135
1846,3416.6521610901923
1847,3411.432063072306
1848,3406.1934496252616
1849,3398.6042258170414
1850,3391.1068888309082
1851,3383.1701287916358
1852,3375.5082252593957
1853,3369.01310382624
1854,3365.7988275119524
1855,3366.3946060702597
1856,3368.4545452644293
1857,3375.24840730507
1858,3383.189551338764
1859,3392.8906152006907
1860,3401.8972421535495
1861,3413.972020816637
1862,3427.9162383118933
1863,3443.95213876006
1864,3461.715303299526
1865,3482.164781011341
1866,3504.198824488795
1867,3526.044640269488
1868,3549.747499197064
1869,3573.4259312579898
1870,3598.43686994803
1871,3625.0996338016594
1872,3654.607289159777
1873,3687.1821357090666
1874,3724.619204167937
1875,3765.626710946792
1876,3808.869766110845
1877,3853.784683443749
1878,3898.414045923483
1879,3939.300341162404
1880,3974.889370238945
1881,4005.851825535535
1882,4032.983778341509
1883,4058.4032326990596
1884,4083.255275989156
1885,4105.02634838256
1886,4124.681006011599
1887,4142.43992807531
1888,4159.547966640195
1889,4175.550119910853
1890,4192.628641970259
1891,4209.974368268684
1892,4227.471074427163
1893,4245.757816413146
1894,4267.796648597506
1895,4294.0124931336895
1896,4321.060913827819
1897,4348.673572813473
1898,4377.028036842194
1899,4405.377934137175
1900,4435.235826941623
1901,4464.502538935244
1902,4493.190871886089
1903,4519.687098701482
1904,4543.310244584994
1905,4564.341336117937
1906,4583.10284787852
1907,4599.859839828825
1908,4613.825042175377
1909,4625.053244865333
1910,4637.546986850639
1911,4649.250061786013
1912,4660.951476036935
1913,4670.21098756706
1914,4679.352612780337
1915,4688.86615465844
1916,4695.572477702977
1917,4700.8293096388925
1918,4703.854770903661
1919,4705.207786613958
1920,4703.807249819118
1921,4700.693310968694
1922,4696.434225294301
1923,4689.612046345192
1924,4683.171521743594
1925,4673.905949684869
1926,4664.188194064604
1927,4654.865315697432
1928,4643.102843666156
1929,4632.657779706368
1930,4621.994163761251
1931,4615.575477784281
1932,4610.729587999008
1933,4606.948704483498
1934,4602.283326911258
1935,4598.173785106472
1936,4591.0254010686685
1937,4579.014089793195
1938,4568.564248983534
1939,4555.7112601961735
1940,4542.976383786782
1941,4530.096950415171
1942,4518.88759327329
1943,4508.181381410609
1944,4501.352243895117
1945,4497.176235813842
1946,4492.757394748018
1947,4488.308580443621
1948,4483.446348621584
1949,4476.34034877028
1950,4470.685165688761
1951,4463.9351622402155
1952,4457.991317400368
1953,4452.689091934942
1954,4450.586327788947
1955,4451.770421915501
1956,4454.82339482502
1957,4458.633580886152
1958,4467.246026029056
1959,4478.67481642154
1960,4492.745116272606
1961,4509.890045887625
1962,4529.1648863608725
1963,4550.627915940619
1964,4574.705019448504
1965,4598.570904481477
1966,4624.057462968774
1967,4649.247156851638
1968,4673.039629207605
1969,4697.307969567411
1970,4720.432115103787
1971,4746.9494313594505
1972,4774.15261809581
1973,4800.6551078098355
1974,4826.162917837483
1975,4848.1916904958
1976,4868.002442555945
1977,4885.3666346844175
1978,4903.323056294573
1979,4921.925557087497
1980,4938.245989185881
1981,4954.015401267304
1982,4967.669639140445
1983,4981.584307355733
1984,4990.684120335863
1985,4997.780062022531
1986,5002.444282012545
1987,5005.764007386175
1988,5006.779109155511
1989,5006.374331472037
1990,5004.845724615919
1991,5004.987094768004
1992,5002.331698948387
1993,5002.029730981827
1994,5003.1190188180635
1995,5004.066699235588
1996,5003.556427595443
1997,4999.8811848705
1998,4993.255932275426
1999,4985.656175423438
2000,4978.421861329949
2001,4972.293640391298
2002,4966.428506169621
2003,4961.918980060456
2004,4956.7472405763065
2005,4948.571146012199
2006,4938.357641149869
2007,4925.9147248338095
2008,4907.153572994938
2009,4883.79126380535
2010,4857.489818382995
2011,4829.441845166834
2012,4798.768342029491
2013,4766.565792497104
2014,4731.777956103957
2015,4696.360679669306
2016,4658.664399712309
2017,4616.56024366305
2018,4569.57175512624
2019,4520.3317925540205
2020,4467.129842859983
2021,4411.186579284971
2022,4352.479204358124
2023,4293.967461987689
2024,4236.748804319621
2025,4178.154166592453
2026,4120.915329268202
2027,4064.912224411066
2028,4011.046397713508
2029,3957.5696997402424
2030,3906.26745071108
2031,3856.783281256393
2032,3809.442973465164
2033,3764.248390538712
2034,3719.900698829046
2035,3678.073460586757
2036,3637.648687171458
2037,3599.4014374336075
2038,3566.8379560294566
2039,3539.4927170771807
2040,3520.8579740265077
2041,3507.265728021271
2042,3499.871156119548
2043,3497.2044097536013
2044,3498.5049920213314
2045,3503.8557547453206
2046,3514.4282893070726
2047,3530.566107571765
2048,3550.959538778413
2049,3575.7746620791036
2050,3603.992486767429
2051,3635.6601093917184
2052,3663.2109410748494
2053,3697.1791868732053
2054,3734.5174211658104
2055,3773.0810261148217
2056,3810.4398052373053
2057,3848.7957126035258
2058,3885.4204175612317
2059,3916.9622899863493
2060,3944.7440825386457
2061,3969.8084943381295
2062,3993.56479558179
2063,4017.2232922899084
2064,4041.25762897324
2065,4066.2328966063033
2066,4093.7963615053104
2067,4125.966063928134
2068,4159.789001034242
2069,4196.7530202475045
2070,4236.599663961179
2071,4279.292152688444
2072,4322.794348014621
2073,4367.708320466829
2074,4411.171001690601
2075,4452.613400687979
2076,4493.10188503876
2077,4530.990106237826
2078,4565.892761428286
2079,4599.57514949315
2080,4632.0894064939075
2081,4664.876180413872
2082,4695.448650389491
2083,4724.682665850066
2084,4755.251141458238
2085,4784.066138512286
2086,4811.58028884597
2087,4839.560102633303
2088,4866.382725875984
2089,4891.96505118407
2090,4919.495351112262
2091,4948.597622153496
2092,4976.934682965899
2093,5007.229866689635
2094,5034.410744910514
2095,5056.55328908082
2096,5073.673406006323
2097,5085.599869525041
2098,5092.196884634977
2099,5089.035847340823
2100,5079.677224854699
2101,5065.991937530812
2102,5046.372834711568
2103,5020.680737500517
2104,4989.7751342303845
2105,4955.977455033198
2106,4921.962242738183
2107,4890.609381722862
2108,4863.737496726711
2109,4840.358956780057
2110,4823.801005690727
2111,4812.223614660429
2112,4802.595038002338
2113,4793.104974996121
2114,4779.260831561893
2115,4763.553505589475
2116,4746.34553605348
2117,4727.168691748526
2118,4708.322796010683
2119,4690.16727476425
2120,4671.789432885919
2121,4654.545396910695
2122,4639.564829949593
2123,4626.219318162687
2124,4614.5423644253915
2125,4603.326422536587
2126,4594.226290872827
2127,4589.508146224374
2128,4588.896773843419
2129,4591.543001808956
2130,4599.823115097594
2131,4612.23236650868
2132,4630.364060443118
2133,4652.736072072568
2134,4677.962647791504
2135,4706.779750029941
2136,4739.077290945835
2137,4775.624445018076
2138,4811.606622195396
2139,4848.52988476229
2140,4885.159876441719
2141,4918.522709247439
2142,4947.57809007331
2143,4975.045358249818
2144,4999.264549031958
2145,5020.345238293671
2146,5039.916184785557
2147,5058.145780814501
2148,5073.561899549958
2149,5085.502242611803
2150,5092.69839647189
2151,5095.40400361414
2152,5092.822313760948
2153,5083.786762730857
2154,5068.685293082239
2155,5050.632708042424
2156,5029.673664824497
2157,5006.359328001263
2158,4980.767030795576
2159,4951.875446200391
2160,4920.636983502692
2161,4887.65125789184
2162,4852.459613184029
2163,4814.870434029444
2164,4774.389668968576
2165,4732.066182936886
2166,4695.244750089317
2167,4656.455458720304
2168,4616.301565907856
2169,4574.393302934138
2170,4531.421210653293
2171,4487.4862671704195
2172,4445.30639672745
2173,4402.8173414339435
2174,4360.115049581928
2175,4317.162298958563
2176,4273.9436303414595
2177,4231.26217358535
2178,4190.353475234378
2179,4149.372090676918
2180,4110.335532720284
2181,4072.7494781407545
2182,4037.896371684576
2183,4002.461232772972
2184,3967.388360097428
2185,3933.49119388427
2186,3901.1391838552713
2187,3872.6936181788237
2188,3847.2293667008726
2189,3825.9010631850506
2190,3809.913501403715
2191,3797.0151571605857
2192,3788.211820182543
2193,3782.8739881726056
2194,3780.007346749985
2195,3779.5564423157034
2196,3781.1286094880693
2197,3785.6083649235043
2198,3791.8847362765446
2199,3801.958734588682
2200,3812.12545379155
2201,3824.6432302545245
2202,3839.6581571244446
2203,3854.442022845199
2204,3869.090026550591
2205,3883.7976927160466
2206,3898.185217867013
2207,3910.480904730629
2208,3919.6141316148914
2209,3927.338666909486
2210,3931.978545590976
2211,3934.816800987445
2212,3933.8295165653863
2213,3929.5655544233737
2214,3923.0385676502447
2215,3913.4977282493505
2216,3901.164923209863
2217,3886.3813032010703
2218,3870.779522998284
2219,3852.8428808713825
2220,3832.86581825286
2221,3811.648762238058
2222,3789.4622619592114
2223,3770.160006716615
2224,3748.701943583343
2225,3725.292842002816
2226,3701.7081084953707
2227,3678.096913774468
2228,3655.981489067169
2229,3635.099866160496
2230,3613.7396710438084
2231,3593.5810084810173
2232,3574.4982466594047
2233,3556.0506138854294
2234,3538.5406322878994
2235,3521.240890929069
2236,3504.0136284847654
2237,3487.775121191263
2238,3472.888126523433
2239,3458.341853139156
2240,3443.8878060276515
2241,3430.3595895322514
2242,3417.820832574325
2243,3404.7818894244647
2244,3392.0363779873
2245,3380.53027991546
2246,3370.670556905729
2247,3362.1771393028043
2248,3354.063335641706
2249,3346.534604294766
2250,3340.8136208217375
2251,3335.993969501557
2252,3335.0751717949456
2253,3337.4962144843835
2254,3343.4073941139072
2255,3352.668008721426
2256,3366.1645143618753
2257,3381.5641585650255
2258,3399.5887588206133
2259,3420.4370442860227
2260,3444.499375615882
2261,3472.314103361064
2262,3503.6010535563482
2263,3537.1934567691014
2264,3573.7923249029245
2265,3612.767346474142
2266,3655.923471169908
2267,3704.0224931359317
2268,3756.759244427199
2269,3813.937411685408
2270,3876.4949944064024
2271,3942.9719924777096
2272,4013.329051639294
2273,4086.3431876413892
2274,4162.124713097532
2275,4241.600008186215
2276,4323.026519965293
2277,4404.890102995071
2278,4483.6662923806425
2279,4561.603764896725
2280,4629.409365985717
2281,4696.120340138337
2282,4760.396654471009
2283,4823.513403733451
2284,4883.868418805146
2285,4939.9263386782395
2286,4990.124366391365
2287,5035.709448980348
2288,5075.593288619464
2289,5110.842082874616
2290,5141.126260665355
2291,5167.090121253567
2292,5189.634033488794
2293,5208.4363386841405
2294,5222.077054921815
2295,5231.638970632184
2296,5237.889247155351
2297,5239.169502949742
2298,5236.058427398983
2299,5227.394515703052
2300,5213.651645598678
2301,5192.575028019069
2302,5165.209646654192
2303,5133.614770754205
2304,5098.921392383023
2305,5061.304321191961
2306,5021.55230451559
2307,4982.672384339604
2308,4944.422532898887
2309,4907.311554020762
2310,4870.0685041714705
2311,4832.413841813776
2312,4797.306071995365
2313,4763.789604593402
2314,4734.818500814608
2315,4711.246877135894
2316,4692.167609682805
2317,4677.704748499053
2318,4667.101161409663
2319,4656.808566841457
2320,4646.772933469333
2321,4637.333548103707
2322,4627.497785293349
2323,4617.744786404028
2324,4609.125937821443
2325,4599.2822803979025
2326,4589.276074657505
2327,4580.905686952292
2328,4573.598623302482
2329,4568.01871601098
2330,4563.4861558582425
2331,4560.432613033129
2332,4558.514369710368
2333,4557.180718826075
2334,4557.382266466943
2335,4562.613084952515
2336,4571.147980152662
2337,4578.57333897679
2338,4589.972811878361
2339,4603.086805132443
2340,4617.592070673389
2341,4632.769667285798
2342,4647.615506566301
2343,4663.205289880042
2344,4679.2166639701645
2345,4696.8499290860855
2346,4717.099316051148
2347,4738.768978146395
2348,4761.729112907106
2349,4785.895941037302
2350,4808.326085444215
2351,4829.447418300703
2352,4850.72112622562
2353,4872.567678870477
2354,4893.414495230011
2355,4912.697825990161
2356,4931.787991048785
2357,4949.015948446705
2358,4964.422852348916
2359,4978.07085675535
2360,4990.744858195077
2361,5000.692678918458
2362,5007.062073680599
2363,5010.965741652834
2364,5011.591274051736
2365,5009.6090109584875
2366,5005.444266551532
2367,5000.318216189182
2368,4992.995757292609
2369,4983.675760213864
2370,4973.213387177282
2371,4962.299734320912
2372,4950.378683172776
2373,4936.714170819218
2374,4922.087545696187
2375,4907.497320416246
2376,4893.13455102452
2377,4879.0239492221035
2378,4865.564682121325
2379,4851.044738068289
2380,4835.742687029673
2381,4820.890175710762
2382,4806.078695039007
2383,4792.736025975488
2384,4778.727221633349
2385,4764.656439933506
2386,4751.179264336093
2387,4738.154960050004
2388,4723.06194406698
2389,4707.893655024129
2390,4696.21517383829
2391,4686.172165184638
2392,4678.382588289069
2393,4674.231749427983
2394,4670.620519618839
2395,4671.013623937941
2396,4670.611052279426
2397,4668.074445847514
2398,4660.336197053245
2399,4645.363376509228
2400,4626.00272427296
2401,4599.5721859781015
2402,4569.056773537136
2403,4535.391473197835
2404,4499.52531960805
2405,4463.251585082734
2406,4426.798990521031
2407,4386.987910774202
2408,4345.0146489569
2409,4301.813143892245
2410,4257.799371323701
2411,4212.110971471827
2412,4168.708478154444
2413,4127.208906540147
2414,4088.662649911925
2415,4052.54416824116
2416,4017.6022982984973
2417,3984.6830120382865
2418,3952.841111444365
2419,3923.223781780598
2420,3897.459320777757
2421,3874.9353520006644
2422,3854.3015496509383
2423,3834.760362095322
2424,3815.947122410722
2425,3798.673829304564
2426,3782.816725395291
2427,3769.1314369882316
2428,3757.923415083066
2429,3751.4350401064976
2430,3750.2749063904457
2431,3752.4597344134936
2432,3757.748856347929
2433,3767.8963889032307
2434,3780.625077463193
2435,3796.232219333574
2436,3814.4520709599087
2437,3832.526940011127
2438,3852.6088789875876
2439,3875.339159122475
2440,3898.7481996563833
2441,3923.7065299099772
2442,3948.320436471272
2443,3974.8240300230414
2444,4000.9935583603046
2445,4026.434794829332
2446,4052.1469574891553
2447,4080.3927749391755
2448,4113.105081253985
2449,4151.110001092649
2450,4196.242071010376
2451,4235.506971838798
2452,4282.372227824855
2453,4335.182837665188
2454,4389.179459344251
2455,4441.946204529702
2456,4491.3794730513955
2457,4537.193709681389
2458,4578.105766715832
2459,4614.778705833206
2460,4647.315027023249
2461,4675.840780599517
2462,4700.32313268929
2463,4719.096081530988
2464,4731.0397988144205
2465,4738.601081705452
2466,4742.463663758977
2467,4745.234043084749
2468,4744.310640231729
2469,4740.751488564906
2470,4734.849325622154
2471,4725.671933119387
2472,4713.907535032667
2473,4698.491212580065
2474,4679.770462043766
2475,4658.300970874795
2476,4636.21557646032
2477,4613.290580574783
2478,4589.640958802282
2479,4564.46345330388
2480,4538.488457728381
2481,4512.3031837817725
2482,4482.851017079501
2483,4456.519404897295
2484,4432.6302264258375
2485,4414.010972549334
2486,4399.595906609681
2487,4388.18506709816
2488,4382.624841997033
2489,4379.126460267051
2490,4375.377308802703
2491,4372.8628005271075
2492,4371.625230848818
2493,4369.295285229511
2494,4363.873462094763
2495,4356.160936681677
2496,4344.834900636075
2497,4333.171257714488
2498,4317.942456508796
2499,4296.699867573406
2500,4269.084001762842
2501,4233.610041537885
2502,4193.111280719474
2503,4149.8881726726
2504,4104.946916206579
2505,4058.998389223173
2506,4014.007188654939
2507,3974.961632258804
2508,3940.9919981941666
2509,3909.0256237618505
2510,3882.0834600514163
2511,3859.1615650894087
2512,3841.517298648048
2513,3829.840978252034
2514,3823.563526236145
2515,3821.337097543661
2516,3821.803613577944
2517,3823.996999781004
2518,3826.9472644210477
2519,3829.4580583149996
2520,3832.2802002628064
2521,3834.924325550779
2522,3837.9217206762223
2523,3840.9947644696367
2524,3846.5349332279166
2525,3853.7195377942794
2526,3864.2097323745525
2527,3876.895261432407
2528,3891.3186276258402
2529,3905.2335500775107
2530,3918.17734456578
2531,3931.4088849465206
2532,3947.4175864866415
2533,3964.8944648797406
2534,3981.027084643187
2535,3997.5113460565613
2536,4009.8869212537215
2537,4021.410305231749
2538,4029.819108478807
2539,4035.069649078653
2540,4039.883103635732
2541,4043.8798833050796
2542,4045.6700869029246
2543,4043.2711724642418
2544,4037.8257693160513
2545,4030.5359778285338
2546,4020.5969349920474
2547,4009.558715888191
2548,3997.5638812974535
2549,3984.757251324115
2550,3972.1280405774924
2551,3959.788283392413
2552,3949.289078049765
2553,3942.236845667037
2554,3935.5672898230923
2555,3931.3497326918805
2556,3930.9450784628752
2557,3930.556553814438
2558,3933.27095416961
2559,3940.0263052529513
2560,3952.329356841099
2561,3966.7851251139655
2562,3982.4613578316043
2563,3997.91098755805
2564,4014.4994488723473
2565,4028.931410215787
2566,4043.8925323459953
2567,4054.445019595731
2568,4059.5469144703493
2569,4062.3968450528882
2570,4062.324968388319
2571,4057.8092942017925
2572,4050.972842960332
2573,4041.4758758786966
2574,4027.9601038911846
2575,4012.681099792451
2576,3994.90574872611
2577,3977.2350444724425
2578,3956.2537006554285
2579,3933.304225936547
2580,3909.952676471868
2581,3886.9231748813995
2582,3866.073208239571
2583,3846.8898480862085
2584,3828.1886686918033
2585,3809.8654033568623
2586,3790.5544283051763
2587,3772.0206252427693
2588,3752.330542908565
2589,3733.282355241739
2590,3714.4219051910977
2591,3694.1093960535754
2592,3672.662878001797
2593,3649.3062747430713
2594,3626.677226453772
2595,3602.8082284265342
2596,3577.202344352541
2597,3550.322572782826
2598,3525.1993556965544
2599,3501.2038346283257
2600,3480.0877210816107
2601,3460.2421962985272
2602,3441.5817669432863
2603,3423.028995270115
2604,3405.7205753346875
2605,3389.5276763570314
2606,3377.1010066196172
2607,3370.6893525877517
2608,3368.4084156680146
2609,3368.4441137491112
2610,3369.4862719699063
2611,3371.6114180694726
2612,3373.829757378994
2613,3376.2802815272
2614,3379.085327352143
2615,3382.3453663862797
2616,3385.1287050592255
2617,3387.5463071906943
2618,3391.0768887548656
2619,3397.2253274316618
2620,3408.9520156528774
2621,3427.5327673538636
2622,3443.698021333722
2623,3467.9026890914743
2624,3497.725695080154
2625,3532.4933800255294
2626,3572.169605341986
2627,3617.248614973565
2628,3667.4502441439517
2629,3721.4362960383096
2630,3778.2452973635013
2631,3837.6034157249755
2632,3898.3029022784885
2633,3960.545243810268
2634,4025.121706127213
2635,4090.752725076304
2636,4157.293879794002
2637,4224.07358185976
2638,4290.170419122736
2639,4352.085566691389
2640,4410.517602483735
2641,4466.492807107676
2642,4518.8859149441605
2643,4569.815985313258
2644,4618.696381521416
2645,4665.21276421266
2646,4708.759942418529
2647,4747.359233943495
2648,4783.360198445456
2649,4813.703177689627
2650,4838.230497846701
2651,4855.915550946117
2652,4867.095173515762
2653,4873.521219099361
2654,4875.745237855897
2655,4872.96238806684
2656,4866.408952870389
2657,4855.994273905896
2658,4839.069414146333
2659,4820.190188714468
2660,4799.057723487878
2661,4775.750569197642
2662,4750.992827364136
2663,4727.8506668173095
2664,4703.351271263401
2665,4678.33611235874
2666,4651.746342126546
2667,4625.732163639815
2668,4600.090195045055
2669,4577.1599148394325
2670,4556.642676858218
2671,4539.939840579565
2672,4526.347782704715
2673,4517.451002562714
2674,4511.980084797208
2675,4507.802099681689
2676,4503.563357886347
2677,4497.638040860294
2678,4491.052360498544
2679,4485.322818583821
2680,4477.92322689572
2681,4466.693631831518
2682,4450.580768848191
2683,4429.519027441129
2684,4402.409992255654
2685,4369.490749352325
2686,4329.048255975519
2687,4282.892401461166
2688,4231.177922281956
2689,4177.981655391684
2690,4120.385223988703
2691,4061.956227143863
2692,4001.9048904368883
2693,3939.944571552566
2694,3877.676684241604
2695,3814.4610045383474
2696,3753.1365318489543
2697,3695.120382589575
2698,3642.0310769772886
2699,3594.0034059595037
2700,3549.916084635112
2701,3509.4374690005834
2702,3474.3831227313917
2703,3444.7211037984102
2704,3423.73688394951
2705,3407.6430209969767
2706,3397.0659946286546
2707,3392.9930811944027
2708,3394.624400744124
2709,3398.809250637018
2710,3407.6813237490896
2711,3420.406186264125
2712,3435.5783718790944
2713,3455.370941957585
2714,3478.587678686897
2715,3505.761040741669
2716,3538.079473541871
2717,3572.0583732465693
2718,3608.9349271573674
2719,3648.522573901637
2720,3691.352156604607
2721,3735.7660181087276
2722,3780.636478562526
2723,3828.047277747268
2724,3875.0830732431946
2725,3920.4950588038982
2726,3964.3594236142744
2727,4007.2266071743634
2728,4048.5829662172728
2729,4086.9959215933873
2730,4122.491432005889
2731,4155.528066981707
2732,4188.944774557906
2733,4223.398105727332
2734,4258.5965309524245
2735,4298.639579806667
2736,4333.477032309856
2737,4373.54345359927
2738,4418.806670450719
2739,4466.974996736714
2740,4517.754554375001
2741,4570.973430751891
2742,4625.529183851659
2743,4681.681334697831
2744,4738.192337272837
2745,4793.56773901245
2746,4847.033963882786
2747,4900.11740347202
2748,4955.074252135381
2749,5010.02668815173
2750,5065.5431097194505
2751,5122.813511817729
2752,5180.766186348571
2753,5235.305834237949
2754,5286.943719354247
2755,5337.158876649896
2756,5384.055678877969
2757,5428.408096590738
2758,5470.489051657183
2759,5508.456747651653
2760,5543.064512535904
2761,5572.8093560442085
2762,5597.716412717516
2763,5618.250487877243
2764,5635.846905059065
2765,5649.605900488124
2766,5657.648428757021
2767,5661.7361612100285
2768,5660.98202867372
2769,5653.308752352758
2770,5640.028059678733
2771,5622.613561664569
2772,5601.85197527101
2773,5576.923243255686
2774,5548.293781986237
2775,5518.071595670789
2776,5487.140696700661
2777,5454.7912453156605
2778,5422.075707937742
2779,5385.831989798511
2780,5346.761524806718
2781,5308.255179240878
2782,5269.560224190692
2783,5230.9974952095745
2784,5193.252387974104
2785,5154.878996312598
2786,5117.89230533584
2787,5081.21614385455
2788,5045.488956303528
2789,5010.039797520112
2790,4974.539662102224
2791,4943.300933230756
2792,4913.440697446864
2793,4887.462292314878
2794,4863.0636166125905
2795,4840.234710315543
2796,4817.660831631635
2797,4796.517515422431
2798,4776.13462516742
2799,4756.867504980279
2800,4738.170751042172
2801,4722.662603336137
2802,4709.079086750963
2803,4696.840878989012
2804,4684.734793920599
2805,4672.22835141369
2806,4658.93309114746
2807,4644.761645417577
2808,4628.7705586096035
2809,4612.880436918694
2810,4597.102590333347
2811,4579.040362403787
2812,4562.037233282419
2813,4544.260742352957
2814,4527.418575833257
2815,4512.5231395425935
2816,4500.9035301839895
2817,4492.529306988614
2818,4487.213192584743
2819,4483.092774249865
2820,4481.37492836637
2821,4481.7887478224575
2822,4484.728208909403
2823,4490.613134980356
2824,4498.27147980958
2825,4508.016573461441
2826,4518.372898091183
2827,4530.851571741822
2828,4544.191263361122
2829,4559.44145942263
2830,4576.507587224083
2831,4593.62865790393
2832,4608.051184417977
2833,4620.406901760767
2834,4631.700884137444
2835,4644.026525107076
2836,4657.690764957696
2837,4671.175538135338
2838,4686.368475110662
2839,4699.989800691613
2840,4711.795831530679
2841,4724.028068798632
2842,4732.644700356924
2843,4737.588984179227
2844,4736.2258012516995
2845,4730.932280089005
2846,4722.693054370989
2847,4711.706500672003
2848,4696.228372869583
2849,4677.770491385892
2850,4661.712134495079
2851,4644.683344029667
2852,4624.9058833434565
2853,4600.584752056211
2854,4571.7431767797125
2855,4541.038573882386
2856,4510.169998176646
2857,4478.313786317097
2858,4445.67512584477
2859,4413.26260426582
2860,4382.126083043163
2861,4353.852328006042
2862,4326.485357245004
2863,4301.081337185256
2864,4277.893475697839
2865,4254.972079470297
2866,4230.379655831336
2867,4207.8371870226665
2868,4184.656865847163
2869,4163.536750164941
2870,4145.355032494513
2871,4129.242064500591
2872,4113.991657049381
2873,4099.5678172487205
2874,4086.8756317039756
2875,4075.9609624574286
2876,4067.6703570331706
2877,4063.357829881168
2878,4059.9799595141617
2879,4059.0006069549827
2880,4059.704199545352
2881,4061.589275218601
2882,4061.9870740995743
2883,4063.513948199177
2884,4064.507989413859
2885,4064.791230328611
2886,4064.476871876828
2887,4061.243836692299
2888,4054.682932684824
2889,4047.449955308475
2890,4037.3992997224404
2891,4025.215946566359
2892,4010.9972540827584
2893,3997.1867255528377
2894,3984.424500694685
2895,3974.153946365972
2896,3966.359926369004
2897,3961.30185329346
2898,3958.1884100065517
2899,3957.5711405036486
2900,3960.4390793837842
2901,3965.3594948022655
2902,3973.4968053701814
2903,3982.9517642319065
2904,3994.9958028833194
2905,4008.340330798626
2906,4024.6719070952936
2907,4038.880378473394
2908,4054.756234388904
2909,4073.4835719196817
2910,4092.602355818284
2911,4114.7130540761145
2912,4137.340168999053
2913,4160.6458670696975
2914,4185.190698263893
2915,4209.384568454479
2916,4232.248636962839
2917,4254.204470557475
2918,4275.059811740955
2919,4294.14185289149
2920,4311.096856741047
2921,4327.109244706636
2922,4341.918884060144
2923,4356.272986700717
2924,4370.283966982158
2925,4383.102904119991
2926,4394.591830025016
2927,4403.196378748766
2928,4410.093858888115
2929,4415.192563896283
2930,4416.78793492486
2931,4416.101733767729
2932,4416.759489741717
2933,4417.213636335721
2934,4418.934514960519
2935,4421.479665018431
2936,4424.7182962880925
2937,4431.644672195064
2938,4440.894960201598
2939,4453.104371167717
2940,4466.7914013685595
2941,4481.916609548419
2942,4497.655258701402
2943,4511.036613542496
2944,4524.986670615555
2945,4539.540622110313
2946,4553.622427235779
2947,4569.750777447489
2948,4586.853127264418
2949,4601.916615182225
2950,4614.909900119382
2951,4627.237743842901
2952,4635.6482598508555
2953,4641.19051848838
2954,4642.522452134398
2955,4640.724099561538
2956,4637.186361194198
2957,4632.322989675823
2958,4625.959482557786
2959,4619.818498448864
2960,4613.004404392499
2961,4604.345721164238
2962,4594.832300434383
2963,4583.8256393286665
2964,4574.249844166692
2965,4564.11301453741
2966,4554.1847342338415
2967,4543.757578489248
2968,4534.703238349092
2969,4524.819321874161
2970,4516.132477805495
2971,4510.173225679521
2972,4506.870511578965
2973,4506.982793898336
2974,4507.023019623349
2975,4509.179708375564
2976,4512.354855105175
2977,4517.264068046996
2978,4523.168007051842
2979,4529.990873044677
2980,4537.2900926849325
2981,4544.942078473863
2982,4550.317510348323
2983,4554.725696603525
2984,4559.7393526719
2985,4567.01145302516
2986,4577.747104804053
2987,4590.268693535144
2988,4604.131077314262
2989,4620.774201885132
2990,4638.5680780951225
2991,4656.750675209775
2992,4678.01529248607
2993,4701.823712942867
2994,4728.393508827742
2995,4757.295525717193
2996,4785.974853682501
2997,4813.860370817214
2998,4839.0504874818025
2999,4863.640329866056
3000,4887.088754678531
3001,4908.277245267023
3002,4927.93368534383
3003,4946.929832013125
3004,4963.588159013837
3005,4976.400582231125
3006,4984.888238023997
3007,4988.969044480094
3008,4988.022535176577
3009,4983.5478996860475
3010,4974.327782888388
3011,4960.258862431694
3012,4943.554309148689
3013,4925.493055833379
3014,4905.226100726209
3015,4883.574817041083
3016,4859.397712140648
3017,4833.107993110858
3018,4803.868799989339
3019,4771.816708536152
3020,4736.407678334711
3021,4705.601822059458
3022,4669.741972145866
3023,4630.500498700299
3024,4589.58203612722
3025,4550.086913197295
3026,4511.803103448613
3027,4475.035988262284
3028,4440.975344320358
3029,4408.470606084767
3030,4377.452938254636
3031,4348.061543402302
3032,4320.747834729631
3033,4294.9318297565615
3034,4270.809822490886
3035,4249.01584965397
3036,4227.560099288284
3037,4206.779344777902
3038,4185.849622303162
3039,4166.306337644749
3040,4145.061457266746
3041,4119.874644559935
3042,4093.101601140682
3043,4065.463954158687
3044,4034.989874418734
3045,4002.5874232541432
3046,3968.989506372869
3047,3934.8585095048716
3048,3901.044181064683
3049,3868.1538526301592
3050,3837.2999612789863
3051,3808.656396381636
3052,3780.5307000859198
3053,3754.246812457709
3054,3729.5101401561224
3055,3703.44725731248
3056,3681.3202855980426
3057,3662.1750726878013
3058,3645.4012339625265
3059,3634.181986249395
3060,3626.361226587006
3061,3621.5866504986825
3062,3621.188748773889
3063,3626.3695098209873
3064,3635.1884582802536
3065,3649.094721028125
3066,3667.829933352902
3067,3690.7448492985054
3068,3718.8354054944343
3069,3753.8008482462806
3070,3794.4743317127686
3071,3839.4327543823833
3072,3889.607926222876
3073,3941.7461979895775
3074,3993.115271964438
3075,4041.1407116363503
3076,4086.5760535836425
3077,4127.708520493314
3078,4163.493766704729
3079,4194.034408478493
3080,4221.16122610819
3081,4245.976668962571
3082,4266.32662737714
3083,4285.550523671925
3084,4301.770712046924
3085,4315.185802434361
3086,4327.237658794787
3087,4338.109533647802
3088,4345.904210819749
3089,4352.084365779312
3090,4356.625113255413
3091,4359.426107232687
3092,4361.979366849069
3093,4363.871008674858
3094,4365.693051907545
3095,4367.234846388208
3096,4369.175182681786
3097,4370.034963868989
3098,4369.555985801932
3099,4366.568822094685
3100,4359.720689027121
3101,4350.179316608938
3102,4337.175942806192
3103,4322.355255665582
3104,4306.777918670507
3105,4290.841660930615
3106,4273.425541848015
3107,4256.280588126233
3108,4238.861470524214
3109,4220.108871785944
3110,4200.225968705824
3111,4179.428439811915
3112,4156.039464079084
3113,4129.387957926652
3114,4100.741993698133
3115,4068.813968777364
3116,4033.0722360129885
3117,3997.400650114725
3118,3960.082802372941
3119,3920.267456733785
3120,3879.865844988218
3121,3838.679458064261
3122,3797.5092204163116
3123,3755.5545529884666
3124,3712.577006954816
3125,3669.510076908292
3126,3626.052022604536
3127,3581.4591811787604
3128,3538.0944361445804
3129,3495.5055839140737
3130,3457.5337353793316
3131,3422.001749609943
3132,3390.2730173166588
3133,3361.453946164762
3134,3336.449302818461
3135,3314.6952631071795
3136,3297.1935991287974
3137,3282.848196527733
3138,3269.7648568956215
3139,3256.012437247179
3140,3241.2316881641686
3141,3227.244602691644
3142,3213.970262067787
3143,3200.3185141665635
3144,3187.1948627221955
3145,3176.016608384398
3146,3163.5809612019666
3147,3150.8297087095048
3148,3139.4468091039257
3149,3127.958369619533
3150,3115.4107979836444
3151,3104.5750130616843
3152,3091.696979670024
3153,3079.857183018976
3154,3070.4662283110547
3155,3065.0029379183284
3156,3063.8157989252845
3157,3064.3883824738523
3158,3067.7183859716874
3159,3072.2278041214026
3160,3075.501596287473
3161,3080.883819912561
3162,3087.3089223031584
3163,3092.457807897095
3164,3095.7271747546342
3165,3098.7052497618092
3166,3102.4132100401353
3167,3106.486127696541
3168,3111.180382525835
3169,3117.4149409205156
3170,3124.2699299827377
3171,3130.496806761356
3172,3136.601604531102
3173,3143.10869602583
3174,3150.373253857888
3175,3159.4663199704296
3176,3170.2793502279487
3177,3183.885066448421
3178,3200.403980702132
3179,3219.472630406301
3180,3241.1925406467262
3181,3265.540189632353
3182,3289.562306958104
3183,3313.212682798117
3184,3336.2020415959605
3185,3360.654836486867
3186,3389.088951737132
3187,3417.2526600783826
3188,3449.503782463233
3189,3485.1681057036367
3190,3522.9340879631536
3191,3567.522270166557
3192,3606.313988683518
3193,3651.55447331906
3194,3702.752368020345
3195,3757.509835302489
3196,3815.0272576349525
3197,3873.1069522969547
3198,3928.6102965978885
3199,3984.4132670228414
3200,4035.611596975393
3201,4084.9641129275033
3202,4129.8325040237405
3203,4170.608483222688
3204,4207.429366941435
3205,4237.103178488362
3206,4260.4971287268145
3207,4279.832996603807
3208,4295.672166559299
3209,4306.486413053752
3210,4316.31704311452
3211,4323.895812049426
3212,4327.523313985001
3213,4332.768121737479
3214,4338.726160921968
3215,4345.051892502718
3216,4353.119295975481
3217,4362.038524050892
3218,4368.528054394975
3219,4371.497281724873
3220,4373.1259377459755
3221,4369.688060174198
3222,4359.422254855753
3223,4347.888865997325
3224,4333.142806617056
3225,4315.967847803762
3226,4296.097777475439
3227,4275.860703713822
3228,4255.351428123642
3229,4236.197096460644
3230,4215.330195469181
3231,4194.636215891637
3232,4173.393826398448
3233,4149.401277617967
3234,4126.345064311443
3235,4104.753325092179
3236,4082.7328286956445
3237,4061.5317540282977
3238,4043.843049120168
3239,4028.0262445130265
3240,4011.1120226872413
3241,3993.858824414986
3242,3977.8530456301505
3243,3965.1230546616002
3244,3953.6940434959038
3245,3943.396604889725
3246,3937.093700005612
3247,3934.9094402191945
3248,3936.4678956646294
3249,3937.8237519021577
3250,3940.7370007872346
3251,3947.482786123719
3252,3955.9268028829474
3253,3961.177252051787
3254,3961.5170254420664
3255,3962.2534771189485
3256,3961.9380696703806
3257,3962.448383824054
3258,3964.7986348450763
3259,3966.483859879027
3260,3967.45998726045
3261,3967.0820191468606
3262,3965.4715737577267
3263,3963.597082452321
3264,3959.596561093198
3265,3954.8110944840637
3266,3948.4478320369067
3267,3939.1335863924496
3268,3929.3619285954214
3269,3917.8049948979583
3270,3905.731141438212
3271,3895.2178435473247
3272,3887.3343924901474
3273,3882.1701239392655
3274,3880.4181972532037
3275,3883.352734294155
3276,3894.9632461151605
3277,3911.3412544900484
3278,3931.1168187595963
3279,3951.2114626270513
3280,3973.19848696183
3281,3997.588929676559
3282,4023.865165991725
3283,4052.312936347185
3284,4085.8667025638647
3285,4120.533321882453
3286,4156.764576283413
3287,4193.658184950035
3288,4231.102572311738
3289,4269.226969738336
3290,4310.252813495022
3291,4352.346254905385
3292,4392.619537252583
3293,4432.350100300514
3294,4469.574337508796
3295,4504.170037611765
3296,4536.213143068299
3297,4564.1680727767325
3298,4587.185551244497
3299,4604.941466813559
3300,4618.982514836621
3301,4629.513344961501
3302,4640.133844539832
3303,4653.11514387643
3304,4666.337061221234
3305,4685.149379371753
3306,4701.516096162704
3307,4722.893739119394
3308,4745.361522986958
3309,4767.622850751237
3310,4788.699492355922
3311,4807.631535350903
3312,4823.446524826656
3313,4834.472587506728
3314,4841.387622984794
3315,4850.381118814256
3316,4859.706143668785
3317,4868.568091309612
3318,4874.267450697089
3319,4876.423011344144
3320,4876.492708381964
3321,4874.59250493038
3322,4870.472634894209
3323,4864.544961465866
3324,4857.920663483896
3325,4850.968754424047
3326,4843.9261689375935
3327,4836.055898850053
3328,4825.8568835730575
3329,4814.444725899998
3330,4804.8413694116825
3331,4798.711627761401
3332,4793.849347910226
3333,4791.980471874961
3334,4793.780215197295
3335,4793.862607915746
3336,4790.399271222344
3337,4783.110268137553
3338,4768.667082288548
3339,4750.198581555387
3340,4733.621460191662
3341,4719.436745372964
3342,4706.837432181973
3343,4694.961776593428
3344,4683.04600061502
3345,4671.162381015017
3346,4655.7318958832675
3347,4635.649051585957
3348,4612.913493165018
3349,4590.265013515457
3350,4564.113427190569
3351,4536.840020214506
3352,4508.362352939284
3353,4479.440514476119
3354,4447.158144012586
3355,4415.559499042173
3356,4380.666666604062
3357,4344.989860223632
3358,4310.467871446788
3359,4279.217111376495
3360,4252.530328301108
3361,4228.510928653755
3362,4207.31719608211
3363,4188.87864874478
3364,4173.775740969883
3365,4161.003842196366
3366,4149.314856715565
3367,4132.666101010981
3368,4118.104136611345
3369,4102.8640836504
3370,4084.5271321154287
3371,4065.2137475564023
3372,4043.4843884217003
3373,4022.9274969882863
3374,4003.9204158988823
3375,3988.6320011971216
3376,3974.040495266345
3377,3959.50873827005
3378,3945.7275275090915
3379,3928.895089978886
3380,3911.040356185221
3381,3889.4336493143715
3382,3864.7338820755162
3383,3841.2069095290562
3384,3814.5504566008117
3385,3786.395705032401
3386,3757.0210706980038
3387,3728.3023976414656
3388,3698.6170627236597
3389,3671.592140255585
3390,3649.070480846457
3391,3629.362624220428
3392,3608.7833461134987
3393,3586.769977513569
3394,3563.0492833162034
3395,3538.8163451754785
3396,3514.987659493482
3397,3493.78918052985
3398,3473.979742496842
3399,3455.877851080353
3400,3441.5554681394774
3401,3432.1713047203966
3402,3425.9368142074914
3403,3424.9130718015645
3404,3428.540904636827
3405,3433.6511830914933
3406,3444.555830006698
3407,3458.7494987613763
3408,3474.777121394631
3409,3492.158996989036
3410,3510.099549035132
3411,3527.9776799016677
3412,3547.1640044974597
3413,3567.8047875653174
3414,3588.797781439058
3415,3612.275448642495
3416,3637.1337834434803
3417,3662.9604428782413
3418,3691.744363011931
3419,3721.4069926871907
3420,3747.2134805046667
3421,3775.951900607477
3422,3806.4613256710486
3423,3836.198057738853
3424,3864.733008156722
3425,3892.302872918383
3426,3918.532506387156
3427,3943.092426141978
3428,3968.5560388730087
3429,3993.7750494891607
3430,4017.546024951566
3431,4041.160210798362
3432,4062.533718176669
3433,4081.6909184824954
3434,4098.765434112966
3435,4116.728160532263
3436,4135.1280568028005
3437,4153.093979982181
3438,4171.891427025418
3439,4190.678623320813
3440,4210.086318288517
3441,4229.0607379841795
3442,4246.927006564783
3443,4262.549670198835
3444,4278.655264452416
3445,4295.456291720232
3446,4313.876822498044
3447,4331.5457798776015
3448,4348.431302933091
3449,4366.573709349608
3450,4383.983309815712
3451,4397.830049611093
3452,4411.396076314345
3453,4422.869026537128
3454,4432.573286831437
3455,4439.553930265739
3456,4445.363434119009
3457,4449.454868993777
3458,4450.822993619247
3459,4452.882907666185
3460,4452.577057426539
3461,4450.60097483283
3462,4447.13599603021
3463,4440.139396155345
3464,4429.550338490942
3465,4416.7633313855085
3466,4400.712337525937
3467,4380.485162351767
3468,4356.550572208233
3469,4329.4337764743
3470,4298.038823638916
3471,4262.693076867353
3472,4226.995553489252
3473,4194.344838499982
3474,4167.368553933472
3475,4142.46729374497
3476,4124.379281342369
3477,4108.642710552106
3478,4097.459567909733
3479,4090.1872168470795
3480,4082.9886575304718
3481,4076.8007791840973
3482,4069.0586004990746
3483,4058.1210267103424
3484,4044.420535583227
3485,4028.1435367701733
3486,4010.3028343094365
3487,3992.544711972172
3488,3975.8681303237636
3489,3958.5363417660174
3490,3940.7708388724723
3491,3925.864432381306
3492,3912.837805584807
3493,3902.2062969433014
3494,3895.622085713764
3495,3890.7260384208817
3496,3888.154690187413
3497,3886.5348256862303
3498,3884.7443305071642
3499,3885.5569116152597
3500,3888.951550856079
3501,3894.775201589367
3502,3901.7993011940202
3503,3910.3965866591366
3504,3920.3834976195117
3505,3931.6423116729507
3506,3944.422218505584
3507,3955.5851292861253
3508,3966.900523525423
3509,3975.9562069383587
3510,3983.865835039467
3511,3991.4620650434886
3512,3998.6270380618
3513,4006.852049303672
3514,4017.273692933348
3515,4024.8862779184346
3516,4032.289886009057
3517,4037.2041951242168
3518,4042.074190439185
3519,4045.956639867
3520,4049.126849249871
3521,4051.114703430798
3522,4052.2132021087855
3523,4051.520980160904
3524,4048.364812599734
3525,4040.254496982935
3526,4028.059323273396
3527,4009.1663804004934
3528,3983.2991851355027
3529,3954.444708690507
3530,3925.611112702094
3531,3896.1617012592246
3532,3865.970510346904
3533,3838.7197705807707
3534,3815.0116269842347
3535,3793.3388745630086
3536,3775.676254854038
3537,3764.249800886234
3538,3760.2141390388297
3539,3762.9024021018377
3540,3773.551627976323
3541,3793.0847457702093
3542,3815.5997331954427
3543,3843.205221348999
3544,3870.583828127947
3545,3899.8572932126153
3546,3930.4023121582436
3547,3965.479527854214
3548,4002.850211957585
3549,4041.0596802692507
3550,4079.1587213962434
3551,4115.245238467362
3552,4148.165642052366
3553,4175.98049854733
3554,4200.053341519333
3555,4224.066689802772
3556,4245.080948352742
3557,4266.255206270924
3558,4284.969556512067
3559,4298.869648880073
3560,4308.969175688365
3561,4314.221862521558
3562,4316.7609511053815
3563,4318.890047020056
3564,4320.206281455653
3565,4319.680192241918
3566,4317.611355977882
3567,4311.901371063095
3568,4302.125037856631
3569,4291.6704273757105
3570,4280.294266506925
3571,4265.650073610275
3572,4251.298151869862
3573,4235.7252418099
3574,4222.641158636351
3575,4211.437682139253
3576,4202.627691844586
3577,4195.741154117073
3578,4190.35029633529
3579,4186.268422404878
3580,4183.931839654865
3581,4182.405375902509
3582,4182.587332015116
3583,4185.899944970401
3584,4191.163015798896
3585,4197.923383776495
3586,4203.96007359724
3587,4208.084054861654
3588,4206.4494338357235
3589,4198.155758398205
3590,4180.6866825393845
3591,4165.488586542212
3592,4139.955464412344
3593,4106.918016664488
3594,4070.4969936349994
3595,4034.230731625582
3596,3998.829312955431
3597,3967.314793306829
3598,3940.8574334036753
3599,3916.8339990972177
3600,3895.293154826566
3601,3878.51903633251
3602,3865.1797672574644
3603,3855.5703421732637
3604,3849.0380966495127
3605,3846.0059826895763
3606,3846.1755647612945
3607,3847.415669103216
3608,3846.380698465233
3609,3844.8563192851134
3610,3842.4327383007835
3611,3839.3540750515776
3612,3834.119796721358
3613,3827.09225891456
3614,3820.294072179847
3615,3812.452386549972
3616,3803.428504834204
3617,3795.831518835228
3618,3789.724834465105
3619,3783.8770832784744
3620,3780.4286889814584
3621,3779.4798982070456
3622,3778.164594119962
3623,3776.9712037107324
3624,3778.022201513958
3625,3780.9705779060846
3626,3786.6427327487327
3627,3793.0966294799136
3628,3799.4205831597055
3629,3805.4356451483527
3630,3812.366855678396
3631,3823.3663342740624
3632,3837.436657807664
3633,3855.9847251541655
3634,3880.461920583293
3635,3908.5027962399818
3636,3941.023589724715
3637,3975.1609919870916
3638,4012.1341834253926
3639,4054.843786986562
3640,4101.4730395754395
3641,4151.214871568558
3642,4205.10163257425
3643,4262.977500454123
3644,4320.751150429889
3645,4376.581370912699
3646,4429.432605269506
3647,4476.7540687544115
3648,4517.92374198628
3649,4557.214087117961
3650,4593.794536129337
3651,4625.200013131452
3652,4653.7835783753835
3653,4679.472966306854
3654,4702.017826128612
3655,4720.8157931964415
3656,4737.226768434913
3657,4754.323795484771
3658,4771.711087259933
3659,4791.261525711443
3660,4812.411012311324
3661,4833.607718140246
3662,4857.069961863201
3663,4882.9588767133455
3664,4911.44892810813
3665,4941.803416058722
3666,4975.098523928588
3667,5011.133577394892
3668,5047.063064800092
3669,5081.24242435328
3670,5114.389240957831
3671,5147.498747161548
3672,5181.402363437832
3673,5219.225959771015
3674,5257.806241668392
3675,5295.7627154904785
3676,5335.187641491406
3677,5371.043083498179
3678,5404.810261912543
3679,5434.612419756682
3680,5462.759084832157
3681,5487.875448468173
3682,5508.553435330515
3683,5527.587003766101
3684,5542.121327573836
3685,5552.019679165992
3686,5558.194104594035
3687,5561.587128284177
3688,5562.563402050542
3689,5561.589416060734
3690,5558.092205063124
3691,5551.781991444409
3692,5542.430558445746
3693,5529.5993990089955
3694,5511.279533129914
3695,5488.569515676818
3696,5462.86124250767
3697,5432.114595154021
3698,5398.309824752313
3699,5360.868257376517
3700,5319.019852144736
3701,5275.205703125592
3702,5227.3198230274365
3703,5176.131658246183
3704,5123.119556708232
3705,5076.999028370214
3706,5026.796649119781
3707,4975.926971373898
3708,4924.951727829834
3709,4871.798683918746
3710,4816.800518203863
3711,4762.002071678887
3712,4706.387130247244
3713,4652.624234833556
3714,4597.458682721684
3715,4542.777048119147
3716,4487.889570277268
3717,4433.700688265521
3718,4381.641367192356
3719,4333.3252253135015
3720,4287.523093083193
3721,4243.9387447906
3722,4204.458522555374
3723,4165.890378674769
3724,4127.346739510914
3725,4087.7973874287904
3726,4047.577730553651
3727,4007.43075050998
3728,3968.8043369360607
3729,3927.177596238593
3730,3885.5173683664707
3731,3840.4497746882935
3732,3794.8657836876246
3733,3749.2523013291097
3734,3702.7848484403644
3735,3656.095336772672
3736,3612.108478634363
3737,3571.2805624179045
3738,3534.296356057848
3739,3501.0567589983125
3740,3471.796378329292
3741,3449.2345285268257
3742,3429.522831235492
3743,3415.974278288099
3744,3409.458083832784
3745,3407.8840372060813
3746,3410.6533666324335
3747,3419.011627785541
3748,3433.5763714238383
3749,3452.7982183505965
3750,3475.1999446304712
3751,3500.1067248583754
3752,3529.9388644521114
3753,3562.826448355836
3754,3597.5704267531705
3755,3634.9435442055365
3756,3675.8760626107114
3757,3721.927642485047
3758,3767.601416896899
3759,3812.6350312197383
3760,3855.390580136817
3761,3898.329964701106
3762,3935.6872292720377
3763,3972.3861901848163
3764,4004.1903569359524
3765,4031.2750886279973
3766,4055.099464721735
3767,4075.7898163664568
3768,4092.202869707963
3769,4102.350736221993
3770,4109.854088775011
3771,4111.211129867139
3772,4107.621254962763
3773,4097.039484499017
3774,4082.272552078977
3775,4065.6855132792593
3776,4046.4421647791546
3777,4026.578599524222
3778,4004.5531776920425
3779,3984.8161745457082
3780,3968.3725494565624
3781,3955.1402542788946
3782,3943.3998540358084
3783,3930.0897442875935
3784,3916.10366846012
3785,3901.590493213993
3786,3886.499083102846
3787,3870.7777724595057
3788,3857.262445563508
3789,3842.619199248995
3790,3827.4777255782506
3791,3809.509955873918
3792,3788.767565197325
3793,3764.7135273491185
3794,3739.5296507571165
3795,3710.786962096848
3796,3682.404951953166
3797,3652.1170471692544
3798,3619.9030733334025
3799,3586.1940259128464
3800,3551.2164256392425
3801,3516.9862868095156
3802,3481.0710961149807
3803,3445.842403472337
3804,3409.0726550049894
3805,3373.2305404645317
3806,3339.1868957833676
3807,3307.4684738907595
3808,3277.4654812010162
3809,3248.943076325042
3810,3220.826114927383
3811,3193.4497459715717
3812,3165.6716159568514
3813,3137.7810701901776
3814,3110.294956790281
3815,3086.660993548135
3816,3064.998537080365
3817,3042.9280687045293
3818,3025.7727296694275
3819,3010.84758470889
3820,2999.6047699149094
3821,2987.960286008228
3822,2976.5301416475877
3823,2965.926500736302
3824,2954.5873789778943
3825,2942.063454278698
3826,2930.15669016099
3827,2917.197751062758
3828,2907.881018567256
3829,2900.633728680937
3830,2895.687581239535
3831,2893.9357673218356
3832,2893.0030849280765
3833,2892.4497794044
3834,2894.766612055432
3835,2899.35715878162
3836,2902.893009899581
3837,2908.9899879185364
3838,2917.997347488417
3839,2930.3102800573383
3840,2944.76866740186
3841,2961.0248097723697
3842,2976.6894526633228
3843,2991.7910858877553
3844,3008.2874333866866
3845,3023.8512072358867
3846,3039.7254222232687
3847,3055.7710514510345
3848,3071.6969647548863
3849,3088.759305851464
3850,3106.956843060734
3851,3128.2298677612157
3852,3149.675852663558
3853,3170.2423685417634
3854,3193.07854762465
3855,3216.779964154651
3856,3243.176978535637
3857,3268.8445006461056
3858,3296.9113685682955
3859,3328.035956403422
3860,3358.7521864680944
3861,3388.4598836516475
3862,3417.8783978880874
3863,3447.6574907529916
3864,3477.354484429799
3865,3505.6931238707816
3866,3535.1281842590556
3867,3564.1381732794416
3868,3591.300590361949
3869,3616.1809084688493
3870,3639.975866130042
3871,3664.465961944465
3872,3688.6055664620153
3873,3712.698808293049
3874,3739.8513693939826
3875,3771.9354431565953
3876,3799.8485873300688
3877,3831.2019264052365
3878,3866.150876777226
3879,3903.9888790656637
3880,3944.041280795084
3881,3984.6843893143805
3882,4025.36867616204
3883,4065.093151997617
3884,4104.845426888533
3885,4143.338478842294
3886,4179.6357452431
3887,4212.119804099727
3888,4240.9250631254345
3889,4266.304663805276
3890,4290.279993129945
3891,4311.865836377272
3892,4332.583350672277
3893,4352.244474957748
3894,4370.264061610008
3895,4389.294594744259
3896,4408.225754451683
3897,4428.233621093678
3898,4451.666628973114
3899,4474.9789569902505
3900,4501.0694142844495
3901,4529.002382042153
3902,4556.942489885699
3903,4584.040042230377
3904,4610.855172303647
3905,4636.771617455468
3906,4662.906922745559
3907,4688.032857796378
3908,4712.507010601505
3909,4735.02683887072
3910,4757.148813898947
3911,4779.23936238041
3912,4800.559480693906
3913,4820.331613849497
3914,4838.470279689206
3915,4856.570182608112
3916,4875.21776772646
3917,4892.119424702355
3918,4908.851294835537
3919,4922.909149279388
3920,4934.203329732148
3921,4942.8850774790835
3922,4948.925912814978
3923,4953.807891870836
3924,4959.210961988835
3925,4964.672810299289
3926,4970.469522503687
3927,4975.92291392136
3928,4979.631455293322
3929,4983.390281029311
3930,4986.33594243326
3931,4988.055161037318
3932,4990.116964319813
3933,4991.910733175583
3934,4994.087154169389
3935,4995.296284917191
3936,4994.668259812224
3937,4990.857172568777
3938,4984.730925272752
3939,4975.462968941459
3940,4963.864848258361
3941,4947.468244012154
3942,4928.172738330718
3943,4906.745416424248
3944,4883.917763715441
3945,4859.163498447302
3946,4830.027212729126
3947,4800.218796638961
3948,4770.078893653352
3949,4740.852576363888
3950,4711.527113605258
3951,4682.170010490417
3952,4653.803011422529
3953,4626.066318711734
3954,4601.58070774297
3955,4577.081691526391
3956,4553.604678546622
3957,4531.0446866607335
3958,4508.6172814652455
3959,4482.349892109429
3960,4456.909297974964
3961,4430.986712079489
3962,4404.525584646471
3963,4377.868854987888
3964,4353.880878279118
3965,4332.019617977548
3966,4311.865321832454
3967,4294.519290004817
3968,4280.656098936971
3969,4271.231872870413
3970,4262.250877469607
3971,4255.62230102399
3972,4252.535730088193
3973,4248.587046727877
3974,4245.386111536023
3975,4244.277832832198
3976,4243.540992322895
3977,4240.614709326514
3978,4234.4124120778815
3979,4227.29698556442
3980,4218.905995009241
3981,4210.724488578706
3982,4205.998426642414
3983,4202.089846895783
3984,4200.525155791685
3985,4197.354952646194
3986,4192.298298674401
3987,4189.688814932798
3988,4193.6271562446445
3989,4203.339173566311
3990,4211.788628636161
3991,4225.958048395915
3992,4247.521748087611
3993,4272.770605796827
3994,4303.002952453129
3995,4335.132130806941
3996,4367.524886148366
3997,4400.36367827768
3998,4432.055723292268
3999,4465.9160774728
4000,4495.560531517196
4001,4523.654757623773
4002,4550.594206422603
4003,4575.012849059611
4004,4599.9906147472475
4005,4623.941153356739
4006,4644.982100165545
4007,4665.774249320966
4008,4687.394377443326
4009,4710.394067413945
4010,4733.840363782433
4011,4758.0052670435025
4012,4781.531532759661
4013,4804.600446192353
4014,4824.652459204124
4015,4838.6950326118995
4016,4848.104409613677
4017,4853.585635897006
4018,4855.124314481202
4019,4850.756035170589
4020,4841.153292680867
4021,4830.060394185843
4022,4814.855073400034
4023,4798.137129681614
4024,4778.6964903799735
4025,4756.855895571391
4026,4733.49963998565
4027,4710.114376103865
4028,4688.174438659383
4029,4667.299875261238
4030,4649.073014660922
4031,4629.69742831046
4032,4607.811922197405
4033,4585.477692350016
4034,4560.273281614035
4035,4534.604940499652
4036,4506.969798775356
4037,4476.9615042234445
4038,4443.581362642738
4039,4407.367358930797
4040,4367.498751547423
4041,4323.6127407338445
4042,4275.801995984791
4043,4225.598365155606
4044,4174.061756401509
4045,4120.230813701845
4046,4066.4911702968075
4047,4019.7376805344247
4048,3971.946956153321
4049,3922.7871107773717
4050,3874.7551166557846
4051,3827.156705524511
4052,3780.7614365663326
4053,3733.7863939482327
4054,3687.7928800430855
4055,3641.121195126631
4056,3592.170251182498
4057,3543.502716015356
4058,3495.550093540899
4059,3448.5529330937297
4060,3401.413502504495
4061,3355.8355338251786
4062,3311.798305802727
4063,3268.466757024401
4064,3226.503565312019
4065,3186.4356178201733
4066,3148.109212400107
4067,3109.9258480422855
4068,3073.937138503522
4069,3038.4151397326386
4070,3005.354694976128
4071,2973.3347882923945
4072,2940.238391729413
4073,2905.6168947761494
4074,2872.0003940707406
4075,2838.6709937023948
4076,2804.631301408972
4077,2770.511716119222
4078,2735.7560554503725
4079,2702.037805974901
4080,2668.164622230295
4081,2633.787824660172
4082,2602.7088853528235
4083,2573.9475059641304
4084,2548.585363465724
4085,2526.907435931449
4086,2510.171233184063
4087,2499.936107527699
4088,2496.0137015896257
4089,2496.34956666059
4090,2500.973475030783
4091,2509.313048652386
4092,2520.519186812202
4093,2536.0517140804154
4094,2557.0111881417815
4095,2583.0032803622858
4096,2615.0304081104487
4097,2652.6775888514403
4098,2695.2944946032558
4099,2743.9285891173463
4100,2796.4123337602387
4101,2854.121330882486
4102,2915.2522865347514
4103,2979.6788231790483
4104,3035.729910059587
4105,3094.6188495502574
4106,3153.987607857459
4107,3213.183641635042
4108,3270.8715588051255
4109,3325.406126226438
4110,3375.823326991824
4111,3421.3579809138296
4112,3463.404921100821
4113,3501.7484525691684
4114,3534.1758570672473
4115,3559.7468392677056
4116,3580.9558617506846
4117,3597.636545658033
4118,3613.5699584110466
4119,3627.3480799383847
4120,3640.2337853268414
4121,3653.4132444392876
4122,3664.7507187125975
4123,3677.0767611729893
4124,3689.955300369175
4125,3704.6609980955864
4126,3719.8030947704588
4127,3735.179720430002
4128,3752.2144993019056
4129,3769.1300712216926
4130,3786.956368521261
4131,3805.804280406696
4132,3824.946777590337
4133,3843.7880158713892
4134,3860.0177737917666
4135,3871.0268077976184
4136,3879.3423929555133
4137,3883.908248358594
4138,3884.567964169218
4139,3879.6813004925366
4140,3870.7723809382383
4141,3856.7084304211994
4142,3836.976527743917
4143,3814.0759373633573
4144,3785.1691087112904
4145,3753.096317613768
4146,3718.067636188955
4147,3678.6382305864036
4148,3636.775295355919
4149,3593.555622408816
4150,3548.0911384880687
4151,3500.974391533703
4152,3453.509510998496
4153,3407.2702882331114
4154,3360.7833537419424
4155,3315.8761006882546
4156,3273.1558923979724
4157,3235.7296238196977
4158,3202.5000277809854
4159,3175.0870360476374
4160,3154.5071908548616
4161,3136.602725537147
4162,3126.7036707042
4163,3123.2607290153906
4164,3124.954090211892
4165,3133.650181966906
4166,3148.4382179405416
4167,3166.099120027505
4168,3187.2725742044827
4169,3209.7510541737756
4170,3233.783509410335
4171,3258.567671520114
4172,3285.552408034594
4173,3312.697758196736
4174,3341.8177903675687
4175,3372.8385177932937
4176,3405.8315502251103
4177,3439.2226808115634
4178,3471.5761207339838
4179,3501.843592475826
4180,3533.1304282597725
4181,3562.577825159635
4182,3591.010767327992
4183,3616.967249753104
4184,3641.7616324098935
4185,3662.071532487897
4186,3680.96434118707
4187,3700.052057593162
4188,3720.6639302209746
4189,3742.8258787465284
4190,3764.0558044577924
4191,3786.146763362944
4192,3807.9415829708305
4193,3830.513464124724
4194,3852.3218422109226
4195,3874.4655249994557
4196,3900.2580507678313
4197,3927.9879905185735
4198,3956.8488111609986
4199,3983.643561957156
4200,4010.8862793197923
4201,4037.31648078741
4202,4061.351014935078
4203,4083.7218395204172
4204,4104.765191487785
4205,4123.24016657571
4206,4137.562529745942
4207,4148.549795820271
4208,4155.091809665284
4209,4156.911845991136
4210,4155.694647013344
4211,4148.988059820338
4212,4136.192850753652
4213,4118.189817402829
4214,4097.27634904589
4215,4072.7974773262617
4216,4045.075342076223
4217,4019.123567410061
4218,3996.5455234505007
4219,3975.1551827925896
4220,3954.854405324108
4221,3933.9669187704358
4222,3915.447825676141
4223,3898.066909784595
4224,3885.491403787415
4225,3876.731982986075
4226,3871.07184591449
4227,3868.8481847658195
4228,3870.413759527248
4229,3875.630332061864
4230,3885.972514916646
4231,3901.4605381089114
4232,3921.153424739338
4233,3944.5362576978905
4234,3969.0716409906404
4235,3993.6072659747583
4236,4018.068900593432
4237,4044.083812921908
4238,4070.7209658681395
4239,4100.0990618408005
4240,4131.221856234627
4241,4163.890402817873
4242,4195.870619089785
4243,4228.540723187696
4244,4259.68166594158
4245,4288.397814298499
4246,4315.515934906223
4247,4341.083071006244
4248,4366.84501231333
4249,4392.855306062578
4250,4419.930101497503
4251,4446.590383750488
4252,4472.171901638072
4253,4497.760210557638
4254,4522.533935489552
4255,4545.613603071505
4256,4568.490842946491
4257,4589.2777920238605
4258,4611.216703376564
4259,4632.938411744273
4260,4655.177885455014
4261,4677.531202962949
4262,4700.255228924012
4263,4725.168919985851
4264,4747.751946034961
4265,4771.664654326337
4266,4795.858924006863
4267,4819.641494061494
4268,4847.893570050946
4269,4874.356695466747
4270,4899.195263056876
4271,4919.149033108574
4272,4932.1204266101795
4273,4939.694427178396
4274,4939.591451647744
4275,4939.5018629360775
4276,4929.992000394846
4277,4916.133148857892
4278,4898.361883361179
4279,4876.549513576917
4280,4853.715800580243
4281,4830.191166309343
4282,4807.4545546840345
4283,4786.063083942632
4284,4766.461724509286
4285,4747.505146141298
4286,4733.327414032002
4287,4722.610510475938
4288,4716.602063801537
4289,4715.45446332068
4290,4719.321826892591
4291,4724.944465330572
4292,4732.843087472795
4293,4742.695337096711
4294,4754.439233631362
4295,4769.7964368512485
4296,4790.230963307871
4297,4813.997111568227
4298,4839.867683273695
4299,4865.12617251261
4300,4889.800550759218
4301,4913.982113134667
4302,4935.8378876108445
4303,4957.103113078559
4304,4977.973005385138
4305,4999.512145695062
4306,5020.998522541847
4307,5042.06256100736
4308,5062.258129241687
4309,5082.367893718907
4310,5100.449677401271
4311,5119.457653467008
4312,5138.017964411
4313,5154.482915236306
4314,5169.320130389662
4315,5183.2265894038255
4316,5198.075155752384
4317,5211.280935766268
4318,5221.981407329151
4319,5231.536984078324
4320,5237.743532172918
4321,5241.356681895299
4322,5243.920673401199
4323,5245.15924595336
4324,5243.394475034994
4325,5240.858206075396
4326,5238.766205723223
4327,5234.159862903008
4328,5226.241394693602
4329,5214.4264617291
4330,5195.548094138207
4331,5170.362272149478
4332,5148.450607019283
4333,5118.261593377646
4334,5080.810730438813
4335,5039.266445208782
4336,4993.181485955571
4337,4942.666528561399
4338,4885.794423464149
4339,4823.448544171057
4340,4754.932461783251
4341,4682.648364880522
4342,4607.3269279987135
4343,4528.30572849067
4344,4447.837340848053
4345,4366.458537646649
4346,4286.1533416596485
4347,4206.688287003444
4348,4129.592527386866
4349,4055.751908467357
4350,3985.164218023831
4351,3917.133456644401
4352,3851.2539473793595
4353,3787.3175658978394
4354,3725.328117889849
4355,3666.388855023269
4356,3611.9801910959213
4357,3563.5167893509365
4358,3519.7101438526934
4359,3480.215950128605
4360,3446.291731208454
4361,3417.430626365303
4362,3391.076143376521
4363,3367.3355634157097
4364,3346.644892652026
4365,3329.1781701119626
4366,3314.848496746901
4367,3304.8017231023337
4368,3299.619401405154
4369,3300.4027135209317
4370,3305.4413610918746
4371,3314.849151895217
4372,3327.4262895863435
4373,3342.9164709616307
4374,3361.7472703921635
4375,3386.270768913469
4376,3416.5704741827044
4377,3449.8531740219864
4378,3485.9236481998423
4379,3525.470406041268
4380,3567.6137540248487
4381,3613.7156462781013
4382,3662.963633857142
4383,3717.1250986285622
4384,3776.2485615718347
4385,3839.033450315753
4386,3904.7954943357927
4387,3972.6796106884335
4388,4043.0266326155365
4389,4104.228541692116
4390,4168.710122401938
4391,4233.759199851456
4392,4298.032667849714
4393,4358.37800269933
4394,4413.931097908149
4395,4464.622470285967
4396,4510.505848417559
4397,4551.020523756419
4398,4588.581313374244
4399,4622.43170672038
4400,4652.387151894354
4401,4676.669427512883
4402,4697.6546000198005
4403,4715.042382537163
4404,4728.20199471146
4405,4739.6169463166625
4406,4747.266015599709
4407,4749.807580260815
4408,4748.929688782704
4409,4745.212996836256
4410,4739.024679253678
4411,4727.396003548502
4412,4713.459015404735
4413,4697.899914476345
4414,4682.104407871633
4415,4665.145490039262
4416,4646.666555608468
4417,4626.174552430364
4418,4604.314647111402
4419,4579.156350581511
4420,4551.821952823569
4421,4523.193741458815
4422,4494.078311298808
4423,4466.215809547766
4424,4439.296235424548
4425,4413.9383073821045
4426,4390.809458726669
4427,4368.649994918537
4428,4346.989031476877
4429,4328.210401663458
4430,4310.623895514043
4431,4296.227515012518
4432,4281.558319909783
4433,4267.153081522932
4434,4251.589854064037
4435,4235.01672925482
4436,4217.02107498623
4437,4199.696964786715
4438,4179.356458282319
4439,4157.114578785532
4440,4132.866556940504
4441,4107.334312901285
4442,4083.356342923408
4443,4061.741115575177
4444,4042.363669581917
4445,4031.1985886449156
4446,4021.484968229725
4447,4017.8121591318813
4448,4021.796489100824
4449,4030.2975734573574
4450,4039.498124044738
4451,4051.907851789928
4452,4066.42340516646
4453,4077.9778582138842
4454,4087.220738283847
4455,4096.091752005865
4456,4103.856407535892
4457,4108.4060164473185
4458,4110.528065884693
4459,4110.588686769491
4460,4110.182805860436
4461,4110.237411598806
4462,4109.331810724918
4463,4107.795534862737
4464,4104.902220886267
4465,4099.788076586864
4466,4092.344088187081
4467,4085.799776298054
4468,4076.4422711259626
4469,4065.272414801809
4470,4056.760331120491
4471,4048.5900904300906
4472,4038.6872548783513
4473,4029.9974863694397
4474,4020.937038379273
4475,4011.4700909332164
4476,3999.416112732856
4477,3984.527109940441
4478,3968.8457990612187
4479,3952.6135746066516
4480,3937.3132399818196
4481,3922.292366163363
4482,3907.405272894535
4483,3891.398248910119
4484,3873.739388875338
4485,3856.264970142366
4486,3835.6329472227167
4487,3815.9275142952315
4488,3797.042602503295
4489,3777.8020319415823
4490,3759.2785678629425
4491,3741.1734690092276
4492,3723.1759845584443
4493,3707.2263283851726
4494,3692.2999041848484
4495,3677.3848215701487
4496,3662.3000705579566
4497,3646.7238657205257
4498,3632.4618345993404
4499,3618.4934438636274
4500,3603.9778824371724
4501,3589.1010735390705
4502,3573.375472920842
4503,3559.6942003829836
4504,3548.7228248579554
4505,3539.1362900087693
4506,3529.606594951265
4507,3520.9492018761584
4508,3512.9446550130656
4509,3503.245386547818
4510,3494.026751903598
4511,3482.176746922401
4512,3471.6860205264625
4513,3464.350835216775
4514,3456.96027080804
4515,3449.4094806607695
4516,3441.149917953765
4517,3432.0207393575756
4518,3421.630911207996
4519,3415.2332738059335
4520,3411.729807488413
4521,3409.7791720103605
4522,3409.3081565146813
4523,3407.343593408416
4524,3406.1261710413314
4525,3405.770860732706
4526,3405.5384379880034
4527,3408.184076863101
4528,3412.881416513319
4529,3418.475734970219
4530,3427.2027381333237
4531,3439.155968757008
4532,3452.9826091066025
4533,3467.666207097062
4534,3482.050268089136
4535,3498.504813176085
4536,3516.3595957335087
4537,3538.2565358353827
4538,3560.828292172968
4539,3583.536326106132
4540,3606.1158664648583
4541,3627.876450551074
4542,3646.8754742343313
4543,3664.7409515866602
4544,3682.5782174086507
4545,3701.6269755130693
4546,3718.3254569011647
4547,3735.169242474411
4548,3751.851440234787
4549,3769.5333579615667
4550,3788.0445791723755
4551,3806.1703053369797
4552,3825.059625537252
4553,3843.940759993495
4554,3864.1779783119296
4555,3884.4815021879267
4556,3905.676839550155
4557,3927.7116243568357
4558,3951.651571900269
4559,3976.7614620946606
4560,3998.607066563781
4561,4021.746354799504
4562,4046.3942187727275
4563,4072.3547530210503
4564,4098.851822199392
4565,4125.976150609189
4566,4152.685871295902
4567,4180.433988500301
4568,4207.630144836375
4569,4234.1464347696765
4570,4260.525979081371
4571,4285.103928101626
4572,4306.474026462984
4573,4323.582131392577
4574,4339.550007233002
4575,4353.254048726578
4576,4365.4678845013095
4577,4376.327235332879
4578,4385.98507464379
4579,4394.821629339988
4580,4403.354264728978
4581,4413.464434713113
4582,4422.56066580798
4583,4432.085647529543
4584,4441.259266997269
4585,4449.552361597449
4586,4455.205404829047
4587,4458.728365118228
4588,4459.416730967552
4589,4456.740844183438
4590,4449.855587177898
4591,4441.747951926209
4592,4431.729427421116
4593,4420.142758844946
4594,4407.727252070241
4595,4394.275765538891
4596,4379.995454736427
4597,4364.994511162221
4598,4348.555270228214
4599,4331.521149513277
4600,4314.65340360927
4601,4298.272681570797
4602,4282.046198087479
4603,4265.56692776371
4604,4249.1919337198115
4605,4231.119172565342
4606,4212.1799665804265
4607,4192.877941957702
4608,4172.02916220168
4609,4151.930739157879
4610,4131.292622483034
4611,4111.283545354902
4612,4092.0140890079974
4613,4071.3149160501757
4614,4051.399733093384
4615,4031.69439176431
4616,4011.7975047983728
4617,3994.487213138007
4618,3977.0193802012154
4619,3960.760552452896
4620,3947.143077917242
4621,3937.343089461721
4622,3931.185971220683
4623,3928.0475986685237
4624,3927.23513169583
4625,3928.072012172139
4626,3929.063616331732
4627,3928.4816740104893
4628,3923.5350013705574
4629,3915.6064317928567
4630,3903.6904474815733
4631,3888.8497507678894
4632,3870.8146032367213
4633,3850.129969267664
4634,3829.233449199243
4635,3810.0621234842524
4636,3787.716245059919
4637,3763.418698265497
4638,3739.3993031389027
4639,3715.008758261689
4640,3690.363629530774
4641,3667.1785397020903
4642,3643.5778261550563
4643,3621.7785251235737
4644,3602.224971158972
4645,3585.3957869953347
4646,3571.843717587094
4647,3558.4842750312346
4648,3544.174093792512
4649,3530.7066504011705
4650,3519.091205840345
4651,3506.9445315231096
4652,3494.6563947920217
4653,3485.6157868220344
4654,3479.695606054991
4655,3475.179308794996
4656,3469.755801505886
4657,3464.4652058499382
4658,3461.01203288696
4659,3457.839777149278
4660,3455.281910761796
4661,3452.917621354052
4662,3452.8298774264913
4663,3452.349810782158
4664,3451.0077161667546
4665,3449.670586553133
4666,3448.5364284154657
4667,3448.222835527922
4668,3449.7309665598664
4669,3452.185042761989
4670,3456.7212566433204
4671,3462.508661493784
4672,3472.019489609619
4673,3481.843687005516
4674,3490.3907387399463
4675,3498.868905735811
4676,3501.886011248321
4677,3502.3190656167053
4678,3501.1459734836803
4679,3499.038093951515
4680,3497.4982181702353
4681,3493.0543776985514
4682,3490.8127033311284
4683,3490.0971797496813
4684,3492.1434306607357
4685,3496.8303411141505
4686,3501.3344497876037
4687,3508.7447634690316
4688,3517.9051660934647
4689,3526.30996441298
4690,3532.7312826436537
4691,3536.5055136255082
4692,3541.222116069061
4693,3544.693849487207
4694,3549.280464727253
4695,3552.807767070092
4696,3556.001844290612
4697,3559.8736059546272
4698,3564.7913827486927
4699,3570.5362270764635
4700,3579.5856905086825
4701,3591.635407228596
4702,3605.2615490826006
4703,3618.84443404793
4704,3631.0511874664317
4705,3642.7960197814677
4706,3655.0902200666105
4707,3667.365816414196
4708,3684.131017781932
4709,3704.574909350696
4710,3727.342130626183
4711,3755.636229961628
4712,3784.206418743494
4713,3814.6708881373897
4714,3847.4077494257835
4715,3882.8857336126594
4716,3919.701706967328
4717,3958.970858863783
4718,3997.520259167378
4719,4035.7396712729787
4720,4072.1026434480736
4721,4105.86972342317
4722,4137.508129504135
4723,4165.845139465841
4724,4191.372275839819
4725,4214.102191963897
4726,4237.290132671483
4727,4262.003092855343
4728,4289.170159362053
4729,4319.413304632513
4730,4355.053874462793
4731,4386.061170215136
4732,4423.1309160713945
4733,4465.962616990067
4734,4512.3745713646185
4735,4560.918370466691
4736,4609.436912956768
4737,4659.051569256612
4738,4706.453756294169
4739,4753.7070295250005
4740,4800.395276159471
4741,4846.608067407914
4742,4891.287062691085
4743,4933.268193116293
4744,4971.789422418804
4745,5007.486433618579
4746,5039.6603596375
4747,5068.481360575911
4748,5092.133123010796
4749,5111.759771391985
4750,5129.423124844198
4751,5143.377819759035
4752,5153.253937681697
4753,5161.731168782972
4754,5168.32905499369
4755,5172.569732232641
4756,5174.511878912274
4757,5174.458016868018
4758,5173.902389851916
4759,5170.757316339873
4760,5163.848805749997
4761,5153.526521872955
4762,5140.383331632675
4763,5127.022037953509
4764,5111.339535008703
4765,5094.027158747175
4766,5075.351978293862
4767,5055.0780306594315
4768,5034.547486859017
4769,5012.2245448655585
4770,4990.001429181996
4771,4967.186057306294
4772,4944.945799687194
4773,4921.966566027984
4774,4898.869500282122
4775,4876.2817987452145
4776,4851.5886183220655
4777,4827.409545644181
4778,4801.4209840237245
4779,4771.161479417986
4780,4738.163831386398
4781,4701.763746445618
4782,4661.99904789346
4783,4620.269417715698
4784,4577.250557447045
4785,4532.992824279985
4786,4490.971751265364
4787,4451.124851002796
4788,4416.458047774362
4789,4380.592490265445
4790,4344.322560558724
4791,4308.839039925201
4792,4274.168296771117
4793,4240.428472634712
4794,4208.364692517843
4795,4178.621941558779
4796,4151.136093492645
4797,4127.435337699965
4798,4109.633281693191
4799,4098.21818841374
4800,4093.4182310874453
4801,4093.70940887106
4802,4100.936203741517
4803,4113.645556189118
4804,4131.289711667052
4805,4151.4695395009285
4806,4176.044896643026
4807,4203.428796378587
4808,4233.487840843319
4809,4265.192334869899
4810,4297.183729145949
4811,4330.369534298488
4812,4365.444315508204
4813,4399.860929172059
4814,4435.984312816286
4815,4471.1038597695215
4816,4504.535241510175
4817,4535.980280284313
4818,4565.841327600258
4819,4592.639790512654
4820,4616.118749355362
4821,4637.186276688239
4822,4656.339738231577
4823,4671.162263283972
4824,4684.52269496799
4825,4696.3167992820645
4826,4707.9192284503515
4827,4718.595541379782
4828,4727.235110304708
4829,4735.401425007109
4830,4740.867373397664
4831,4745.368786400394
4832,4750.28473893877
4833,4755.8731657295575
4834,4761.208262855076
4835,4766.976213882312
4836,4773.082309843496
4837,4778.31789942075
4838,4785.611595032745
4839,4794.292669302481
4840,4804.419260296283
4841,4814.599219111281
4842,4825.819546371917
4843,4836.680072527319
4844,4847.627571148266
4845,4857.151894948489
4846,4867.579093333415
4847,4876.8508941488135
4848,4881.01891744208
4849,4879.717068934608
4850,4871.79592260204
4851,4856.548016746095
4852,4834.227304870544
4853,4805.488057098539
4854,4769.208807230188
4855,4729.442670692838
4856,4686.35772132994
4857,4638.719827336835
4858,4586.956415604454
4859,4532.289195710385
4860,4476.071718024887
4861,4419.728467191614
4862,4362.552798093545
4863,4305.707931037629
4864,4253.33008075996
4865,4200.87227321087
4866,4148.22037891098
4867,4098.334762159688
4868,4052.1663750720377
4869,4010.2495146726346
4870,3974.459748799574
4871,3944.8135339123564
4872,3923.0686976257
4873,3907.1226076784715
4874,3894.7071037467963
4875,3883.6197138846283
4876,3874.5054829946566
4877,3866.297400170705
4878,3860.3053659831044
4879,3858.3315582336663
4880,3861.7753317542374
4881,3872.3635973076716
4882,3887.935950631268
4883,3907.818258370681
4884,3930.9425908212284
4885,3956.045091979556
4886,3982.5957129613653
4887,4010.714816101498
4888,4041.2825725930165
4889,4071.009023953899
4890,4101.899892964653
4891,4133.6545465515
4892,4163.642405997151
4893,4190.664507136458
4894,4216.440889591617
4895,4237.580708582189
4896,4256.834639370684
4897,4272.46603134099
4898,4286.300857500351
4899,4301.081693930725
4900,4317.452885216683
4901,4334.9742191992555
4902,4350.2177797640925
4903,4367.474173846922
4904,4386.501207868306
4905,4405.729610609095
4906,4423.427507873046
4907,4439.550214131444
4908,4454.4008550784865
4909,4466.148170737535
4910,4475.617258458938
4911,4483.578590039381
4912,4490.241235782985
4913,4496.926379937622
4914,4501.26798057672
4915,4499.917597638906
4916,4495.863885755825
4917,4490.675795715685
4918,4482.475080019452
4919,4473.4891011046175
4920,4461.497165053352
4921,4448.840250351389
4922,4436.179483636583
4923,4422.367713385721
4924,4407.4615303366945
4925,4392.521221192598
4926,4378.33033209553
4927,4362.332594394404
4928,4344.800762899549
4929,4325.171674301578
4930,4304.569607011626
4931,4281.123254065044
4932,4253.859882957243
4933,4223.265795133367
4934,4189.760270182834
4935,4154.729775584485
4936,4118.307992555628
4937,4082.8908850801677
4938,4047.2826244793773
4939,4009.919457394678
4940,3972.8845000055485
4941,3933.997150705988
4942,3897.0519855246075
4943,3860.5532332473827
4944,3826.056261230676
4945,3791.427593182149
4946,3758.1794453019616
4947,3726.221623135269
4948,3697.2035860622937
4949,3668.5889135647426
4950,3641.854025280021
4951,3617.647528847331
4952,3594.0097953025033
4953,3570.3039420998493
4954,3544.6906417784617
4955,3523.8653622215547
4956,3505.2911486277876
4957,3490.6071220088925
4958,3481.606439965695
4959,3473.775846588112
4960,3472.199664329382
4961,3474.022979847316
4962,3478.6687110052194
4963,3485.3917172150145
4964,3492.6332978070277
4965,3499.86811232023
4966,3504.4982993125723
4967,3507.4745182790225
4968,3509.813098999889
4969,3510.96944728576
4970,3511.582248413482
4971,3513.039655818599
4972,3513.622948448976
4973,3513.8426725474424
4974,3510.61894924929
4975,3506.036231538144
4976,3499.0685500006184
4977,3492.2152794559674
4978,3484.6138658044365
4979,3475.5093689476594
4980,3465.5795827874217
4981,3457.404656800912
4982,3450.4332619731144
4983,3443.3300541609788
4984,3439.6057770773523
4985,3437.357842276079
4986,3436.2393339075124
4987,3437.882755771156
4988,3440.3019999712697
4989,3444.174066025868
4990,3448.7588615388804
4991,3455.221369761432
4992,3463.7156566599906
4993,3473.7720881865866
4994,3486.923762837513
4995,3502.531605845211
4996,3521.5591475982405
4997,3545.1578374402166
4998,3573.363833408054
4999,3606.033543344226
