,0
0,13.38039025181428
1,25.89631378441615
2,36.93004827679809
3,46.568999597554
4,54.923234322547444
5,62.15102158399516
6,68.36397381497424
7,73.63394603189877
8,78.02932969449787
9,81.48816465699493
10,84.03076976133397
11,85.81803956407656
12,86.94855077820512
13,87.50553235866373
14,87.50493704325177
15,87.00292923244376
16,86.02051946692781
17,84.61073386922496
18,82.86118700784587
19,80.8345924871938
20,78.72006551711432
21,76.65290660540373
22,74.73778081604335
23,72.86531343770487
24,71.07800548034756
25,69.32406055394493
26,67.5876958223465
27,65.9691701034617
28,64.44066740065459
29,63.043139982717626
30,61.599955390455456
31,59.82882503383833
32,57.85221648509986
33,55.72145654585417
34,53.82529004153024
35,52.05423953215631
36,50.22233379621327
37,48.58268793753879
38,47.19324928626193
39,46.081929656472234
40,45.29895089765119
41,44.789987067037444
42,44.36851257801933
43,44.281412409066675
44,44.487831713801725
45,44.87129639442598
46,45.64883949851856
47,46.776110979912104
48,48.14903866002726
49,49.723348890673506
50,51.34478030806467
51,52.88559437782826
52,54.406933837174535
53,55.832409227674056
54,57.06312302205925
55,57.53644049180776
56,57.48228130621742
57,57.43516281475383
58,56.73605292818043
59,55.86310790214797
60,54.74364177010397
61,53.52015802873653
62,51.82707373023729
63,50.027266689583335
64,47.72580710170311
65,45.136995867833036
66,42.78907115826922
67,40.917241751064005
68,39.19485301113922
69,37.779639403149
70,37.18964663205784
71,37.102068109597674
72,37.73845393908558
73,38.85331521050796
74,39.74297877559733
75,40.97910431693576
76,42.3839744524922
77,43.26447114749583
78,43.99857759178753
79,44.74641522124507
80,45.53997384194931
81,46.69354689286136
82,48.452403992468355
83,50.36256818825053
84,52.22811341840182
85,53.544090352595184
86,54.47333547548066
87,55.05616804605344
88,54.85577813332901
89,54.17360586655997
90,53.090695812483
91,51.7132918294891
92,50.47619947681418
93,49.45500366500788
94,48.66865137983951
95,48.49887589793335
96,48.73256133714756
97,49.316627163338126
98,50.130287999203105
99,51.07954611336418
100,51.79817223873621
101,52.22230049370188
102,52.211511124968794
103,51.78492854270539
104,50.811543124179096
105,49.0369818486367
106,46.71141370539533
107,44.003811454637095
108,41.229502713996716
109,38.62257400364501
110,36.40204164441501
111,34.72919817681459
112,33.759530014355455
113,33.4563701611258
114,33.19262108881599
115,33.4709487093194
116,34.26128133296741
117,35.57211874845902
118,37.14558697668613
119,39.165862433697676
120,41.06414556164249
121,42.8362835565364
122,44.530416510776966
123,46.24313634068481
124,48.11394392791275
125,49.8953982136349
126,51.05644386023197
127,51.70955428433264
128,52.110568882121505
129,52.56541879294964
130,52.84522176257468
131,52.95352221598885
132,52.90463030764
133,52.88026824357062
134,53.11139185805189
135,53.52463742459908
136,53.631666111849654
137,53.29790287413427
138,52.875444584607195
139,52.70669546003069
140,52.71388983731686
141,52.652254808671216
142,52.71014064282432
143,53.206603539721954
144,54.4571044366768
145,56.16161310528517
146,58.20160055861169
147,60.11825067544646
148,62.35706312030882
149,64.86930932518499
150,67.48554571260985
151,69.84501752873547
152,72.14357150701774
153,74.09487725918844
154,75.76581718900545
155,77.11030944748806
156,78.18428814429669
157,79.10972050355386
158,79.92653928876959
159,80.58137760268312
160,81.29653274155226
161,82.19712921919654
162,83.37307618532145
163,84.62374523252147
164,85.74023728298975
165,86.80980658301209
166,87.77508041786118
167,88.44833451701939
168,88.92484179870642
169,89.28498966493369
170,89.50868597280105
171,89.70330176064564
172,89.81795517403154
173,90.05855612241396
174,90.39369615648373
175,90.74551256033527
176,91.10126503334452
177,91.20898598435026
178,91.11994319673605
179,91.0091713306899
180,90.80399360490593
181,90.13818067185183
182,89.1341251546125
183,87.77686033406368
184,86.25860214775608
185,84.69011697919188
186,83.05460698124422
187,81.40019730225791
188,79.72112206993741
189,78.09223415912041
190,76.74180135864442
191,75.64619730193614
192,74.65993520816804
193,73.79308363769515
194,73.08336138474317
195,72.5688908186267
196,72.14012703650526
197,71.55953979878379
198,70.93503789999296
199,70.21768387536514
200,69.32561935460794
201,68.38905213979194
202,67.28396997608763
203,66.22539429092426
204,65.28061350809378
205,64.32972013242711
206,63.30345220301231
207,62.132484400690295
208,60.79116625009077
209,59.44433756468085
210,58.08390991043817
211,56.50252811390165
212,54.69413820418821
213,52.885153020747595
214,50.92779443155238
215,48.86083027639315
216,46.77687556771926
217,44.80124268539053
218,42.93900007004285
219,41.25834850809222
220,39.61725326708859
221,38.00631181746715
222,36.47286782501737
223,34.78575291681317
224,33.25818372716356
225,31.725946365268506
226,30.438134090496536
227,29.141055465260695
228,28.012597061305517
229,27.09007113537277
230,26.532931284425036
231,26.49292514528994
232,26.639656815416135
233,27.05368943807626
234,27.69205975907343
235,28.726700152197033
236,30.297596873284498
237,32.15561725286756
238,34.1417898202696
239,36.20451950912635
240,38.40386696057021
241,40.645313284402526
242,43.11471235025292
243,45.883508021396516
244,48.77265265967141
245,51.59220705082372
246,54.10464018186586
247,56.455502636799864
248,58.77371459691143
249,61.03851061254568
250,62.88735735753228
251,64.27062986062752
252,65.58297312226443
253,66.80993476473253
254,67.85516429771758
255,68.84078395366214
256,69.86033825659064
257,71.03618627569767
258,72.40389112476575
259,73.93017485027188
260,75.5089229745104
261,77.13635347082064
262,78.88102387856993
263,80.73371104723316
264,82.83878968602679
265,85.23371025079558
266,87.75401794403673
267,89.97747541871634
268,92.18450309294332
269,94.33751471510631
270,96.50117330639189
271,98.2332842268473
272,99.32398719929597
273,99.56889142955058
274,98.84041720071002
275,97.08665026772962
276,94.48666845353854
277,91.8111520767448
278,89.08153651602238
279,86.2524643144769
280,83.66954703098865
281,81.40914563382486
282,79.97957131929815
283,79.37578072159323
284,79.29987701888052
285,79.23384079752046
286,79.3942365409992
287,80.02741123777167
288,80.64956034285883
289,81.27606283640515
290,81.95493239896145
291,82.65295459160188
292,82.84486386833255
293,83.06477210410776
294,83.39423996260446
295,83.60082138074544
296,83.64662573561786
297,83.66882246270094
298,83.80436404759568
299,83.79113373492463
300,83.8789782119995
301,83.89217500013002
302,83.85514374654107
303,83.8142541483075
304,84.08806580275645
305,84.76903280801929
306,85.79206330898018
307,87.04980399940439
308,88.57096029796476
309,90.14450320315487
310,91.54685605208984
311,92.75893910340518
312,93.78889292726261
313,94.32386417896774
314,94.73937192845304
315,94.86785288128645
316,94.94231772646982
317,94.82888582682065
318,94.70874790604607
319,94.61373127530007
320,94.65544551313754
321,95.0453805668033
322,95.49975704419656
323,96.0462302706801
324,96.86202849577325
325,97.4192187391049
326,97.94063823513493
327,98.0473845684121
328,97.81224521158614
329,97.50518447515788
330,96.80820094036751
331,95.75320820944371
332,94.59359497624004
333,93.23382518798452
334,91.77855805586668
335,90.22024765501277
336,88.57615062458937
337,86.81470637260787
338,84.9305612796618
339,83.33417297791969
340,81.97854015165184
341,80.6896208642033
342,79.5682610841231
343,78.69208736745334
344,78.12247913266803
345,77.68166789585493
346,77.4582626475764
347,77.19671890283682
348,76.9641710457768
349,76.95664640643048
350,76.95112274369706
351,76.66411279813057
352,76.27831837573171
353,75.75524748637139
354,75.03291652613767
355,74.5651985459205
356,74.41385702656395
357,74.20783496772965
358,73.82557762789455
359,73.06547297800657
360,72.1076821432433
361,71.29062644508656
362,70.47772299401733
363,69.25837834578515
364,67.71255147049314
365,66.13490766066944
366,64.66334544029452
367,63.616784581520776
368,62.784105341311665
369,62.38836931782707
370,62.341975906322304
371,62.99368826201189
372,63.98360111123571
373,65.21075171438684
374,66.49378225308978
375,67.89094795939472
376,69.03408357500317
377,69.96492038293744
378,70.3860856516196
379,70.37972523589659
380,70.23459232897645
381,70.08984629865286
382,69.91896506546291
383,69.79632411957034
384,69.70269679978618
385,69.60070129212498
386,69.52653987038846
387,69.55887781995813
388,69.55112592309071
389,69.624014237235
390,69.70658513446843
391,69.78296899621621
392,69.81855738772374
393,69.92865465081864
394,69.69481139800992
395,69.15876601133742
396,68.04447332365174
397,66.47184418196224
398,64.66729268624701
399,63.097332884974755
400,61.33175021235327
401,59.23507074961892
402,56.93978844586847
403,54.295595162835106
404,51.70460603203847
405,49.27649770823721
406,47.31753263784305
407,45.463468172809606
408,43.70365838754367
409,42.04541066083972
410,40.70060549058318
411,39.58763428978872
412,38.53746977192967
413,37.61489468057058
414,36.63101732541696
415,35.75646508198959
416,34.87020277857957
417,33.631486039666505
418,31.994364100510932
419,30.135950804688548
420,28.288189504583432
421,26.506046539662353
422,24.96697617616978
423,23.511489643359674
424,22.449402292283853
425,21.638285764075587
426,21.206030705840156
427,21.095600627243407
428,20.959365405813386
429,20.570357471575527
430,20.172012197877617
431,19.60786141523869
432,19.12755001641174
433,18.75734895394187
434,18.345060280098092
435,17.86846392651498
436,17.663752673643472
437,17.692062866447216
438,18.042710226440512
439,18.65204009371623
440,19.460157854693236
441,20.468871512788528
442,21.829908821908774
443,23.552117108191904
444,25.480977528212495
445,27.505369692490035
446,29.800816962740736
447,32.689654797809034
448,35.95429248810248
449,39.825204250415055
450,43.91103791465754
451,48.259356976412406
452,52.522127417363514
453,56.547783555114094
454,59.84844035050687
455,62.91850481936564
456,65.58946090727277
457,68.13247354589994
458,70.19034834525654
459,72.08385009637449
460,73.99727799939687
461,76.00137893515387
462,78.11340042541305
463,80.18420323853681
464,82.07507905605291
465,83.54750031202053
466,84.7356572991193
467,85.49082298911176
468,86.05698992457037
469,86.27323467786277
470,86.16525868983645
471,85.94199332567047
472,85.66736500477272
473,85.15924801705344
474,84.14626848226403
475,82.81623776417396
476,81.37139982352262
477,79.8551478032255
478,78.1480618188439
479,75.85210811155379
480,72.9356258894783
481,70.00830880786367
482,67.43950946321837
483,64.95165239109117
484,62.57031170243273
485,60.14450459245535
486,57.816135283115564
487,55.96514858831291
488,54.6120562263596
489,53.67071982500261
490,53.186155204509376
491,52.89593272698328
492,52.73046199358489
493,52.627675882314215
494,52.38095166181634
495,51.92803358583757
496,51.772304265099365
497,51.718734767640434
498,51.29071024457616
499,51.03987817733484
500,51.00770855812108
501,51.21112565884641
502,52.004754052851354
503,53.21096887268849
504,55.116261425325035
505,57.50603463594655
506,60.421923932409996
507,63.54128475116237
508,66.91774890395378
509,70.16642181135487
510,73.28572382762755
511,76.18114587017708
512,78.84730101788683
513,81.16685599639433
514,83.08392987486287
515,84.64024092233583
516,85.64576605402237
517,85.88238228803162
518,85.43834941373903
519,84.36606541473796
520,82.75922561604192
521,80.42255719382212
522,77.68734701314102
523,74.75888916683604
524,71.93952932392281
525,69.27008374352638
526,66.76248834462089
527,64.38117621382366
528,62.28957315009458
529,60.42778593584412
530,58.73661799533271
531,57.20685402067568
532,55.94980517806426
533,54.84475113521887
534,54.015830529448266
535,53.184845865613106
536,52.5150426870274
537,51.874504229602394
538,51.107528981150374
539,50.347382228581054
540,49.58939094532379
541,49.047950756219805
542,48.8509337844653
543,48.966244899643115
544,49.546556598121434
545,50.72473371671848
546,52.531277457241046
547,54.66115548515357
548,57.129469101306384
549,60.14010827418949
550,63.307279335690644
551,66.3846870747533
552,69.24531048837248
553,71.91162112624959
554,74.27269178915016
555,76.38857229913569
556,77.9975690246342
557,79.04478185418063
558,79.56820198831453
559,79.66293880743657
560,79.14847172226696
561,78.01689180680407
562,76.49030964736842
563,74.77283924289064
564,72.8994139319208
565,70.99139109273904
566,69.16323686874603
567,67.87944287038967
568,67.42696011497267
569,67.55444841032804
570,67.6653632272872
571,68.35978198978145
572,69.66488015897086
573,71.10855782078254
574,72.95128796403168
575,74.89416750876235
576,76.63465046135256
577,78.19830498751128
578,79.60334379191607
579,80.60009500525337
580,81.21265307191422
581,81.61156395934958
582,81.69681136957827
583,81.12454391011855
584,80.11286344643572
585,78.61544394485739
586,76.77827430255883
587,74.81491390530012
588,73.01665082063508
589,71.27736018600312
590,69.51424593907174
591,67.98730794052274
592,66.36724172023817
593,64.9899542690197
594,63.89050244071876
595,63.044598377364466
596,62.33916542047437
597,61.691747714601384
598,61.43213499997254
599,61.56451829214735
600,61.89166532448392
601,62.5047917929274
602,63.0983846770589
603,63.7403683891232
604,63.8544347909833
605,63.18586097409129
606,62.348204278704955
607,61.24272689248654
608,59.47379567448153
609,57.2900258869342
610,54.810285255173156
611,52.497203127496775
612,50.63969776381777
613,49.213313807743276
614,47.927498582626264
615,46.84180509749775
616,45.753388772570716
617,44.657455296708235
618,43.599506719762665
619,42.52385929506092
620,41.59384924789611
621,40.79302592733227
622,40.229977198986845
623,40.000549219099206
624,40.09607887465392
625,40.72993180685247
626,41.62526672652007
627,42.40420810663087
628,43.495333961520906
629,44.862474899304914
630,46.29981131777507
631,47.473595131481396
632,48.22524696707849
633,48.65190703271275
634,49.14504381081577
635,49.52052702640146
636,49.452716662832856
637,49.015817146705864
638,48.43591855537726
639,48.025968435813795
640,47.67140909391735
641,47.169313035421894
642,46.38393609108319
643,45.41553438409933
644,44.35976078425826
645,43.003362033121405
646,41.216573158845655
647,39.20120695732349
648,37.16503446561429
649,35.24932934941995
650,33.40560767919407
651,31.712270480609007
652,29.992394230003924
653,28.448775733158886
654,26.9008724087776
655,25.4887162553962
656,24.2272544790236
657,23.230115185703596
658,22.50677903340734
659,21.99554250054252
660,21.581854614946522
661,21.382160522871473
662,21.40842749043233
663,21.459512898332065
664,21.77972975393958
665,22.549566978834633
666,23.448949515532806
667,24.38591788752495
668,25.085809819020845
669,25.72923881494648
670,26.617390098149038
671,27.666395239903164
672,28.80454888238233
673,30.489771030228514
674,32.915368000232114
675,36.33411206821948
676,40.217776372567805
677,44.55580096998263
678,48.96493961597316
679,53.45971606367621
680,57.777986161835486
681,61.47366140492666
682,64.73019106946134
683,67.71501484882583
684,70.31181153687294
685,72.59915440777527
686,74.6825043299464
687,76.53887553952319
688,78.18031578117197
689,79.4583754968686
690,80.25096883849648
691,80.49144616112403
692,80.49489807099522
693,80.02197025664684
694,79.01721841000617
695,77.70204548230447
696,76.34278271367435
697,74.67211424659297
698,72.96930825082615
699,71.1853691449227
700,69.12631985805793
701,66.76582195577694
702,64.52956758175837
703,62.393128737685856
704,60.324968219824235
705,58.11350910305495
706,55.58886703074414
707,52.92879574323453
708,50.74989681847009
709,49.25203429753173
710,48.10410894818224
711,47.26128388971029
712,46.98599785174557
713,47.342159046167986
714,48.386579076216776
715,49.790471469419714
716,51.49247533457177
717,53.51727000220481
718,55.97577000300823
719,58.61349907906383
720,61.315709216839295
721,64.03850710625994
722,66.8970676306476
723,69.6482166423656
724,72.1815492417345
725,74.47398597066439
726,76.57650624563746
727,78.11278346079479
728,78.84574197980184
729,78.8770043230305
730,77.9435977884032
731,76.09561088220028
732,73.53196210680447
733,70.13624980367622
734,66.25407853820778
735,62.212807813895125
736,58.03843446851411
737,54.02985214530362
738,50.53958670190951
739,47.44273238190154
740,44.76383318221531
741,42.43319087848828
742,40.40335230686459
743,38.841823945449754
744,37.43860288800377
745,36.17391513404846
746,34.9260187659965
747,34.181613398078504
748,33.999092191067916
749,34.0789079593727
750,34.51313376224054
751,35.23979163570601
752,36.040829300499844
753,37.219847122945765
754,38.4472720039254
755,39.83080430614028
756,41.38822206093035
757,43.01494730101146
758,44.69904103398152
759,46.223368738207114
760,47.75849234517418
761,49.33654181462506
762,51.03575883898289
763,52.628390260700655
764,54.450617905824124
765,56.3401021802438
766,58.30232526342037
767,60.34588203209235
768,62.11883648074385
769,63.850903148855195
770,65.55151085107218
771,66.87871066590043
772,68.2739064381793
773,69.68663661260753
774,71.15625708742986
775,72.57142464593444
776,73.92594285684854
777,75.37327659108121
778,77.12830004814761
779,79.19815419897645
780,81.6949856163352
781,84.17736243229983
782,86.74576114794068
783,89.42970721001792
784,91.97548387335523
785,94.27772730218015
786,96.31545612470251
787,97.81967296901202
788,98.68654100125033
789,98.92474602753069
790,98.54489123746109
791,97.62022942000324
792,96.20495761315297
793,94.59289184271204
794,92.90070273679304
795,90.88268756234181
796,88.43871745706912
797,85.95442260933993
798,83.79308609181554
799,81.80913253703046
800,79.84032654935405
801,77.58790276176956
802,75.12638638100962
803,72.68226658832363
804,70.0951675213838
805,67.42304352466653
806,64.54228177446466
807,61.47582288104475
808,58.73690926365957
809,56.05735968804103
810,53.63838832784999
811,51.600658099892414
812,49.56233237160906
813,47.438442217014774
814,45.53565158399816
815,43.91987096778193
816,42.33569508712508
817,41.00505792027738
818,39.99489196196235
819,39.41329959094206
820,39.35499446523666
821,39.75190058273054
822,40.36822037253115
823,41.23169247509164
824,42.54250747433208
825,43.91418669865462
826,45.563890509670635
827,47.28276890778375
828,49.355038235989376
829,51.648791578163134
830,53.98382096728444
831,56.28392088294276
832,58.68568192474719
833,61.00959839021422
834,63.27366890080655
835,65.42839351277797
836,67.35917731922034
837,69.37622555027642
838,71.29543306164886
839,73.12450807635841
840,74.98097469728772
841,76.54302687368833
842,77.6426804409682
843,78.18375735066738
844,78.21713332356697
845,77.6821936309723
846,76.54147639177897
847,74.91759210326786
848,72.96985258989
849,71.04838069812317
850,69.13803612442887
851,67.33656233178098
852,65.97566708245094
853,65.1666455627408
854,64.76566256726807
855,64.41680736120679
856,64.85164962474668
857,65.44294822706215
858,65.93963045937078
859,66.43827238132111
860,66.91388051298367
861,67.39775724225443
862,67.81716047282075
863,68.48438051659163
864,69.24490230475266
865,70.29257003415009
866,71.73737361929466
867,73.44456004075845
868,75.1259873717108
869,76.31694810889228
870,76.79832025550245
871,76.73091945432714
872,76.14611176544987
873,75.06487242508373
874,73.65486357047058
875,72.18549263461375
876,70.9306933727889
877,69.82510285210012
878,68.72629201993894
879,67.67561717201531
880,66.52278857491116
881,65.50533184541858
882,64.85262488340115
883,64.5495078780435
884,64.66115965584873
885,65.07669755169198
886,65.64545201957374
887,66.29932170268462
888,67.18583400496964
889,68.55459475826383
890,70.43685817997125
891,72.31312269770356
892,73.97810412746615
893,75.3908194909573
894,76.51816049759925
895,77.26266339887681
896,77.61816088796479
897,77.52855312867725
898,76.98263006135323
899,75.82562419649433
900,74.0788433896415
901,72.22960256971231
902,70.2362857406655
903,68.08621881804915
904,65.7081236041753
905,63.217608063222286
906,60.8323628844293
907,58.54526511013226
908,56.42538202556704
909,54.593635498659594
910,52.98045066373544
911,51.8970580283248
912,50.95450643551755
913,50.284672995231816
914,49.77432164880775
915,49.52592888873575
916,49.13179880868759
917,48.34054622551279
918,47.406606702135264
919,46.287787822987774
920,45.48437497186863
921,45.3054375689594
922,45.650833898007114
923,46.35640530286086
924,47.276165152393816
925,48.29216019772538
926,49.50656384706375
927,50.814447358375645
928,52.11576679373138
929,52.873152799406895
930,53.477002879588554
931,53.870458571474195
932,54.10680882647637
933,53.88634210332557
934,53.19838287935628
935,52.334334628223836
936,51.68641176825469
937,51.29206864643963
938,51.37488515592495
939,51.772895575837694
940,52.556018026378744
941,53.857889967809136
942,55.402224050668146
943,57.14612837037579
944,58.89726965076646
945,60.35990553082275
946,61.11365883663369
947,61.48260260665721
948,61.70856152206184
949,62.08605675548576
950,62.39910775615759
951,62.47168200821721
952,62.19658995945948
953,61.903286157898485
954,61.6884406205691
955,61.812969293936725
956,62.38531985418825
957,63.337789611105435
958,64.69243777043313
959,66.72388550703418
960,69.31858316245753
961,72.38369560772453
962,75.74987561838117
963,79.15509193797236
964,82.48418659571996
965,85.56035920348069
966,87.72718770187413
967,88.99290036565291
968,89.45159404001686
969,89.85065753671348
970,89.42425533254108
971,88.44352405229377
972,86.8635461187744
973,85.00231805582492
974,82.97512593135912
975,81.04442751726567
976,79.37857755634815
977,78.17586410782366
978,77.24793969265006
979,76.46262557757625
980,75.6856987629929
981,74.80811099642158
982,73.94052070689538
983,72.88805308306861
984,72.31147447238003
985,71.90375446927287
986,71.6295411895533
987,71.2849709776146
988,71.25742293100879
989,71.56387623527564
990,72.35962899165789
991,73.16690652750626
992,73.90375524399684
993,74.37258794684904
994,74.7589798637019
995,74.810500480755
996,74.40291461703264
997,73.0909751320007
998,71.32615700655201
999,69.38265429058306
1000,67.2042820532025
1001,64.94818203887398
1002,62.755932042697296
1003,61.13092273163376
1004,60.19474517447911
1005,60.02467474263507
1006,60.21359218286713
1007,60.82167866751041
1008,61.664421740029695
1009,62.52751101236845
1010,63.19620171855084
1011,63.418662537415614
1012,63.35407948857702
1013,63.08319340392521
1014,62.877756452787516
1015,62.77137087105592
1016,62.727929180672874
1017,62.7670399599608
1018,62.9315676870062
1019,63.115868191944934
1020,63.451308143748605
1021,63.90754081695076
1022,64.55432424515033
1023,65.40368786903824
1024,66.26208648445987
1025,67.27084763917034
1026,68.14846984376844
1027,69.1012121922634
1028,70.13827320560866
1029,71.22191526087893
1030,72.1358395563332
1031,72.96927742788505
1032,73.85591663244408
1033,74.65966621018099
1034,75.37937347552553
1035,76.17986947480482
1036,77.00022446905521
1037,77.89721753147215
1038,79.07969114462225
1039,80.44462309376152
1040,82.01808941366649
1041,83.54817695885582
1042,85.01600702486667
1043,86.5540258582477
1044,88.03611902528046
1045,89.40541169198048
1046,90.4579149514409
1047,91.31078073744645
1048,91.99934277960591
1049,92.52048488963085
1050,92.83802332287318
1051,92.8751014194291
1052,92.72459347577285
1053,92.44256901001474
1054,92.14243506185967
1055,91.7883559440837
1056,91.46056084579233
1057,91.18910073214889
1058,91.04366208681236
1059,91.00296379472421
1060,90.98640561855096
1061,90.87884777343989
1062,90.47949752553063
1063,89.97467092025069
1064,89.25579194498596
1065,88.53352384448029
1066,87.52459898857315
1067,86.12389533332534
1068,84.41845033799977
1069,82.66920826691141
1070,80.91954525105787
1071,79.28570269670215
1072,77.87255654180971
1073,76.89069210085945
1074,76.40263199922744
1075,76.35463110610155
1076,76.75999233854688
1077,77.52879456553187
1078,78.67902587360182
1079,79.9370878099383
1080,81.13273753509293
1081,82.20790209163941
1082,83.18724396300235
1083,84.03927139108812
1084,84.6873430382018
1085,85.14108853025168
1086,85.41327548645887
1087,85.38102346730716
1088,85.13720289487475
1089,85.00843497357572
1090,84.79193663351931
1091,84.6170508339999
1092,84.44610752487105
1093,83.982875497909
1094,83.40582524210991
1095,82.61652414673534
1096,81.73849522318653
1097,80.90855649105777
1098,79.82507665907974
1099,78.65708362818273
1100,77.29359520256102
1101,76.00933727528496
1102,74.84676500612498
1103,73.77448093065179
1104,73.06046854645261
1105,72.73207075560263
1106,72.5858450421755
1107,72.79973667490911
1108,73.24122528022805
1109,73.85341363376298
1110,74.54260398398996
1111,75.42343592656472
1112,76.60440777934306
1113,78.0309295650492
1114,79.78059683836594
1115,81.88872050655577
1116,84.01521330474601
1117,86.11491895176475
1118,88.1724311799937
1119,90.11053294380292
1120,91.99506422001215
1121,93.62457795221664
1122,95.31050907171067
1123,96.98916713340886
1124,98.56306576323763
1125,99.92690893109157
1126,100.97027644677019
1127,101.63424895460881
1128,102.03403398806411
1129,102.24805820467695
1130,102.28802719727229
1131,102.17702626909072
1132,101.9954917423838
1133,101.77884348172977
1134,101.41052827185447
1135,101.08284080270012
1136,100.63899706002262
1137,99.97993616934636
1138,99.2488304591153
1139,98.58594505024347
1140,98.00923474452499
1141,97.40201830031619
1142,96.94483126948916
1143,96.3259937947699
1144,95.3576921606167
1145,94.23563548988805
1146,92.98161616405413
1147,91.59570742721371
1148,89.9990844887157
1149,87.96830065888369
1150,85.80288704439644
1151,83.58548802316525
1152,81.3172769854296
1153,79.04421129222627
1154,76.45768998394661
1155,73.90432527210994
1156,71.40414950722605
1157,68.83638615375233
1158,66.39474192406472
1159,64.07352407077843
1160,61.88919623763569
1161,59.754186325506915
1162,57.56971882851879
1163,55.50810776486949
1164,53.78054980120052
1165,52.22528345247907
1166,50.95744223205423
1167,50.02545043464435
1168,49.13971793419365
1169,48.515857963633856
1170,48.17445024756951
1171,47.73326852015813
1172,47.18763930661394
1173,46.68504421342803
1174,46.166196820013305
1175,45.98708982941289
1176,46.12965095204733
1177,46.33657903421236
1178,46.67985199097521
1179,47.19214957515655
1180,47.84520384277414
1181,48.566421878215834
1182,49.18646484379505
1183,49.69887372113794
1184,50.147988620775806
1185,50.380203690139155
1186,50.31935102837191
1187,50.06199884959427
1188,49.693521930776825
1189,49.3095227235566
1190,48.98820202752685
1191,48.76497059115497
1192,48.56355172524703
1193,48.29654966420784
1194,48.06201614412096
1195,47.69406226311443
1196,47.05435029948284
1197,46.497800891123354
1198,45.66995849806091
1199,44.67809483911978
1200,43.464528649382906
1201,42.125767100688755
1202,40.63810067945903
1203,39.144647519455496
1204,37.55859651065435
1205,36.11442752199597
1206,34.64077512833987
1207,33.307996740082174
1208,32.0308696046539
1209,31.016705154163734
1210,30.30984207427982
1211,29.896834918081012
1212,29.47151098568592
1213,29.061651291786397
1214,28.80223807807995
1215,28.54869487822475
1216,28.44821985590716
1217,28.562414296194422
1218,28.928079876809182
1219,29.6054142701395
1220,30.423582336193007
1221,31.38153247899973
1222,32.331465825757526
1223,33.17769509712761
1224,34.133489005686435
1225,35.276781348334744
1226,36.41708760795288
1227,37.7815175352505
1228,38.95534107751316
1229,39.88067885293053
1230,40.87194119596189
1231,41.765722503518866
1232,42.408191279357645
1233,42.81848621403529
1234,42.8685370567686
1235,42.7791579748879
1236,42.629087275466894
1237,42.15034144862952
1238,41.36232802600732
1239,40.68293492777819
1240,40.19045277046563
1241,40.097340063636615
1242,40.66743924242101
1243,41.93383798999718
1244,43.71453978193334
1245,46.32573558573653
1246,49.2763481536731
1247,52.56768004156564
1248,56.292969439191566
1249,60.128915662100106
1250,63.85389692773327
1251,67.37087290821624
1252,70.57225704891934
1253,73.66223251525051
1254,76.35051117095863
1255,78.9903599060277
1256,81.60779794278258
1257,84.23499407763333
1258,86.83575939896569
1259,89.56968506609643
1260,92.35006441463057
1261,95.10337662464971
1262,97.56311086155462
1263,99.68186451101239
1264,101.38331074032088
1265,102.6333347176787
1266,103.40549896417792
1267,103.79396157055488
1268,103.85047039976777
1269,103.48278290066811
1270,102.93971429847005
1271,102.34114598710966
1272,101.65715715394855
1273,100.88279665462781
1274,99.99089731621817
1275,98.96576207390265
1276,97.78106070022166
1277,96.6164263432237
1278,95.12598699076943
1279,93.17111802204354
1280,90.88386395226989
1281,88.41378717096819
1282,85.8813971671151
1283,83.3850971478101
1284,80.73554267113148
1285,78.13497038621236
1286,75.54738988236505
1287,73.26784322159519
1288,71.30915150557756
1289,69.57955307474226
1290,68.05408803050146
1291,66.82710329077514
1292,65.75108687449396
1293,64.67562399977868
1294,63.6054517645853
1295,62.28840701976657
1296,60.950814231167
1297,59.62756870104964
1298,58.16654202579489
1299,56.66940516058864
1300,55.2235430094302
1301,53.82626897982658
1302,52.61380632050167
1303,51.63159254818381
1304,50.81156798131658
1305,50.18987998141101
1306,49.748096500651
1307,49.55970019794543
1308,49.5830554248789
1309,49.8074898663266
1310,50.02315660609523
1311,50.210786669693924
1312,50.545750527411485
1313,51.0500988489038
1314,51.73749653657925
1315,52.588768250735484
1316,53.63685661614635
1317,54.714466946514875
1318,55.7552974854876
1319,56.53928016637964
1320,57.07983525560823
1321,57.570429790493925
1322,57.882104932698844
1323,57.976491524677876
1324,57.86086150587132
1325,57.68550738997434
1326,57.444216030168285
1327,57.26001584659385
1328,57.21072893139943
1329,57.22275391867954
1330,57.38948413841818
1331,57.58750569954949
1332,57.49898351976626
1333,57.635742833840546
1334,57.95860608186341
1335,58.38088138610786
1336,59.15079975280815
1337,59.95813336933874
1338,60.932507332997616
1339,62.02627909995636
1340,63.08759715163238
1341,63.85964625313254
1342,64.28593578410569
1343,64.23116892551775
1344,63.857671913742664
1345,63.21858433122003
1346,62.19204898573748
1347,60.76936089057122
1348,59.08692309077493
1349,57.304067118408966
1350,55.56260834532458
1351,53.962632537077965
1352,52.31129398131492
1353,50.55400766268186
1354,48.94646288857399
1355,47.58891177110404
1356,46.487966318538476
1357,45.673524192606095
1358,45.20333338185673
1359,45.16005862562518
1360,45.4133702424979
1361,45.97639668502665
1362,46.71292238404981
1363,47.59089460611499
1364,48.479449558357636
1365,49.45977848743399
1366,50.391464682070065
1367,51.21224385526056
1368,51.92632173593629
1369,52.863101332278006
1370,53.85954450166935
1371,54.90019775283214
1372,56.11479113078448
1373,57.314863219067355
1374,58.419431298266154
1375,59.422311215429545
1376,60.292501129319334
1377,60.73233486474386
1378,60.92946816331487
1379,60.7527044942348
1380,60.45125423871061
1381,60.302902505370085
1382,60.36842572329758
1383,60.56764902173989
1384,60.90725784365551
1385,61.44840337444534
1386,62.222205942226374
1387,63.43154248220176
1388,64.72623688932451
1389,66.12374744582391
1390,67.70820191612223
1391,69.45407604509842
1392,71.47227335740205
1393,73.86708800599168
1394,76.27352309411401
1395,78.86835002616925
1396,81.58332718422872
1397,84.35040421926534
1398,86.97917055584965
1399,89.38540299412244
1400,91.56386050516642
1401,93.44342953893761
1402,95.10031238183056
1403,96.42469751716752
1404,97.45802586917665
1405,98.2974904649094
1406,98.85776754577039
1407,99.30379915517686
1408,99.88332236880336
1409,100.5481557944893
1410,101.1852799054914
1411,101.83951823160606
1412,102.483974438132
1413,103.09387689707039
1414,103.72275206272529
1415,104.32568477459714
1416,104.88021395744673
1417,105.39667189336558
1418,105.71137846754392
1419,106.10951027437089
1420,106.40506491040317
1421,106.5581159465128
1422,106.5268480789931
1423,106.22819273107521
1424,105.76933196730396
1425,105.37012310282297
1426,104.6553388864329
1427,103.70222596532253
1428,102.9869903139869
1429,102.49171133149768
1430,102.22809068052229
1431,101.98443594325728
1432,101.63672511900516
1433,100.87177909198556
1434,99.62221129920958
1435,98.45697290403994
1436,97.08723465911704
1437,95.51967644401147
1438,93.93286638254851
1439,92.40149331244106
1440,90.93674790127321
1441,89.8994734587808
1442,88.86728425862682
1443,87.77656405833606
1444,86.80860630490398
1445,85.9062787903179
1446,84.92234274923452
1447,83.57949669568251
1448,82.16008659601593
1449,80.68035547553988
1450,79.03403644556954
1451,77.02406925610453
1452,75.02909055519982
1453,72.91423967024558
1454,70.80333467213306
1455,68.7969596378063
1456,66.83568765801117
1457,64.64812720988371
1458,62.43931254873197
1459,60.133461241688345
1460,57.71657717161694
1461,55.174979468384564
1462,52.71530022391596
1463,49.91102926125953
1464,46.92214216439147
1465,43.91481837257744
1466,41.034920147681824
1467,38.61185515601403
1468,36.93253365380779
1469,35.91672754595509
1470,35.49520815274704
1471,35.885059271934836
1472,36.87343011559589
1473,38.7436678989751
1474,41.301858619684275
1475,44.279828699449155
1476,47.56160049602703
1477,50.98115871369811
1478,54.371098930006745
1479,57.470392834729424
1480,60.205439429777876
1481,62.48809964073612
1482,64.47401402426978
1483,66.23708765654266
1484,67.66633200157118
1485,68.73273572707392
1486,69.40956052250242
1487,69.79318702971068
1488,69.79029660554994
1489,69.22569614107745
1490,68.4059839304343
1491,67.20467524969993
1492,65.57714128116368
1493,63.83488758775265
1494,61.833414130890404
1495,59.82365710106102
1496,57.94430487480587
1497,56.1002727746175
1498,53.95108161786064
1499,51.65484724970217
1500,49.41600375030406
1501,47.3807129900767
1502,45.3803502059866
1503,43.16256519073677
1504,40.82136338246029
1505,38.33619627038804
1506,35.7501565308493
1507,33.185403459509274
1508,30.766224389700618
1509,28.562426708321702
1510,26.790787371467733
1511,25.421492580637512
1512,24.377572470507804
1513,23.59905058157857
1514,23.19792965590971
1515,23.1748252590934
1516,23.32741017760023
1517,23.40671741526573
1518,23.448006310705658
1519,23.31420075533819
1520,23.245452686577853
1521,23.172047817553885
1522,22.911723144987256
1523,22.488310084490536
1524,22.104728807650584
1525,21.761056959975406
1526,21.556237657461914
1527,21.43123855953116
1528,21.316124749542976
1529,21.36485036803554
1530,21.677583737305195
1531,22.1435540707553
1532,22.968948529425386
1533,23.920811343594693
1534,25.04328844062128
1535,26.425791752545244
1536,27.81400497585252
1537,29.4038904846007
1538,31.256929635629803
1539,32.86907369702512
1540,34.33952972764781
1541,35.78290474857792
1542,37.19821838999468
1543,38.41409170080534
1544,39.452931099399834
1545,40.44374141090858
1546,41.132002095756995
1547,41.816592915085515
1548,42.358696005320226
1549,42.70388284992701
1550,42.972154884451726
1551,43.030062583393786
1552,43.099199273663665
1553,43.243599240936334
1554,43.6682912089648
1555,44.14095155910325
1556,44.78052508033048
1557,45.64708016748071
1558,46.62171340788588
1559,47.76588144138047
1560,48.791030139338005
1561,49.66658319988408
1562,50.117713233678195
1563,50.32894475818832
1564,50.14819823871406
1565,49.83363222656223
1566,49.37331021612428
1567,48.83615219083587
1568,48.04267989163054
1569,47.10554127383794
1570,46.12581641163659
1571,45.08550182134593
1572,44.06532971749547
1573,43.03452550402434
1574,42.143296939631874
1575,41.23124476242814
1576,40.145373440906106
1577,39.06181684084838
1578,37.82460499555991
1579,36.65779370176006
1580,35.4680301959296
1581,34.26420994898155
1582,33.36766133531124
1583,32.90962213097223
1584,32.615668178818744
1585,32.45628991772303
1586,32.53936996855046
1587,33.04950282891306
1588,33.97786393796242
1589,35.09128366079416
1590,36.41190250870403
1591,37.85844154199949
1592,39.32619068392507
1593,40.62396926646184
1594,41.64002194621475
1595,42.566821644906454
1596,43.373137382768235
1597,44.006717572253386
1598,44.28936033392049
1599,44.134018769039784
1600,43.71958117363545
1601,43.07617702825104
1602,42.43921815754503
1603,41.77796350255603
1604,41.1376829552672
1605,40.772210554016524
1606,40.711732546985175
1607,41.29207904017419
1608,42.31917578202632
1609,43.546989124620204
1610,45.14429126801932
1611,46.76867351859966
1612,48.366691168778964
1613,50.171861193637184
1614,52.04633508434247
1615,53.784964231484054
1616,55.593142881325846
1617,57.25551393354685
1618,58.976040776494834
1619,60.98233195013722
1620,63.10463135234248
1621,65.29502220261709
1622,67.65325030420156
1623,69.84098072206675
1624,72.06099074592433
1625,74.32893047851124
1626,76.48290556570879
1627,78.25110614518559
1628,79.51469691091529
1629,80.3835192717421
1630,80.80683377169409
1631,80.58505195773284
1632,80.09643827587684
1633,79.15104582605994
1634,77.83507366599882
1635,76.47980617438397
1636,74.93653247697284
1637,73.43232095823431
1638,72.15856055085864
1639,71.52283745293938
1640,71.69056644849822
1641,72.26332672927214
1642,73.27040664610783
1643,74.76967234409983
1644,76.84540474074944
1645,79.43361245401391
1646,82.13782293627372
1647,84.76256167504164
1648,87.28716775181178
1649,89.67240560311264
1650,91.69952720160636
1651,93.00330073477001
1652,93.60573241686188
1653,94.12984798028181
1654,94.2598779099542
1655,93.97126728155379
1656,93.31096601821429
1657,92.47960220413347
1658,91.46223486801145
1659,90.23667876001653
1660,88.9592471326872
1661,87.83141412244696
1662,86.9295465637826
1663,86.36593046532397
1664,86.18527827345918
1665,86.29191568291319
1666,86.63472310074017
1667,87.0248666961501
1668,87.30082762401736
1669,87.44539991737179
1670,87.61426553698143
1671,87.59888844007104
1672,87.56330961418725
1673,87.5631012691002
1674,87.58461277635057
1675,87.68191025048543
1676,87.96551852350159
1677,88.29683730971911
1678,88.8279963434548
1679,89.45622570744963
1680,90.12527607904933
1681,90.89312560978276
1682,91.76010319574303
1683,92.72151232085452
1684,93.46610533631613
1685,94.00700385852194
1686,94.48479068572101
1687,94.8794980978831
1688,95.19156627244081
1689,95.49443140855631
1690,95.60955269296355
1691,95.53748899517285
1692,95.38585893435
1693,95.1473132941639
1694,94.8980093271648
1695,94.60517609249747
1696,94.06475148053346
1697,93.14639609472098
1698,91.93812778722483
1699,90.37852060146263
1700,88.34374738515318
1701,85.76753135635747
1702,82.81077181782085
1703,79.64077473616155
1704,76.43370030168771
1705,73.648088425595
1706,71.41931176180758
1707,69.9473249537959
1708,69.09801539161738
1709,68.59275587040807
1710,68.15318008695598
1711,68.04859935381889
1712,68.24175137699605
1713,68.78041943065566
1714,69.5764466178035
1715,70.26571455849862
1716,70.7657960938398
1717,71.26489108293006
1718,71.85109174067172
1719,72.60291300655769
1720,73.25602095241048
1721,73.81262038865643
1722,74.32650467492516
1723,74.77343040418992
1724,75.03543295204821
1725,75.45140547865738
1726,75.673176046819
1727,75.44009465218457
1728,74.91161756506094
1729,74.37481419743817
1730,73.86750048601469
1731,73.1589978880902
1732,72.17078846668059
1733,70.9462829481324
1734,69.42137505342303
1735,67.80213132461526
1736,66.14605579673272
1737,64.61446289645326
1738,63.100651540195926
1739,61.52957514250295
1740,59.85742128832799
1741,58.25472317608679
1742,56.55610002030529
1743,54.676281245869625
1744,52.70274374368602
1745,50.38676618468742
1746,47.9375260044602
1747,45.319791266885815
1748,42.5951528558642
1749,39.68648720916088
1750,36.93502910474294
1751,34.08985058316568
1752,31.537651355709436
1753,29.32262958589153
1754,27.416626401244475
1755,25.942322982451415
1756,24.70401690160726
1757,23.626622615696153
1758,22.880820958025307
1759,22.30815836867888
1760,21.926964972758356
1761,22.02026751724668
1762,22.395983040210574
1763,23.03127988549843
1764,23.77609429368326
1765,24.557710837853477
1766,25.765669233152092
1767,26.816593037061885
1768,28.578815928813526
1769,30.540025426710734
1770,32.6923868982413
1771,34.85373909970526
1772,36.869851105664196
1773,38.96257748576449
1774,40.919459426385274
1775,42.993173257227006
1776,44.72641677713548
1777,46.35238998868984
1778,47.82243725643284
1779,48.96695936585893
1780,50.014722933251775
1781,51.1973322265423
1782,52.69087345704446
1783,54.469905475265094
1784,56.71164650219407
1785,59.0290968092132
1786,61.76901683974566
1787,64.76047811627035
1788,67.70400638927711
1789,70.55804809706034
1790,73.17529077833665
1791,75.44375557297319
1792,77.45293971642724
1793,78.87604189171965
1794,79.5384422383558
1795,79.48174506687079
1796,79.29127122234227
1797,78.84565512692919
1798,78.08006353717242
1799,77.08837656696906
1800,75.84195691532075
1801,74.72058440956764
1802,73.55642210092823
1803,72.28726163796019
1804,70.86982873656429
1805,69.4680827768571
1806,68.08172289586187
1807,66.68082863926571
1808,65.3965631441131
1809,64.27905095154901
1810,63.48238011119034
1811,63.147607191371364
1812,63.283352602404975
1813,63.72759482294941
1814,64.51518342811497
1815,65.64180464602902
1816,67.02365923208615
1817,68.60203794707654
1818,70.238949439446
1819,71.7895321553104
1820,73.30298600979177
1821,74.55431237627128
1822,75.421389343373
1823,76.0975873434584
1824,76.68587960353268
1825,77.02512161003403
1826,77.31948045806328
1827,77.71807814643434
1828,78.20248775348242
1829,78.61312173856756
1830,78.89654424697632
1831,79.06582586532716
1832,79.10738150859596
1833,78.83696085653509
1834,78.28556903342809
1835,77.4594015368222
1836,76.165972310209
1837,74.6513966786696
1838,72.87334046104084
1839,70.99515092922925
1840,69.01520346676357
1841,67.13492500117111
1842,65.32090938512174
1843,63.76095597888008
1844,62.20226558641156
1845,60.65673161435394
1846,59.226797604669244
1847,57.956561435195944
1848,56.82793656743005
1849,55.56416668586923
1850,54.09085383327888
1851,52.738101351860536
1852,51.65917959441831
1853,50.74821381499227
1854,49.98225022014411
1855,49.253657164141785
1856,48.865447966959735
1857,48.67786011398609
1858,48.39497187467339
1859,48.01822183298364
1860,47.50205295870413
1861,46.98572994732593
1862,46.61196607566256
1863,46.05440170937084
1864,45.33423432498122
1865,44.44574943242094
1866,43.451404018251736
1867,42.610702359799305
1868,41.93273357160167
1869,41.47597092781285
1870,41.470088293647066
1871,41.964043551715555
1872,43.04553715242965
1873,44.494843625825226
1874,46.25675949435674
1875,48.35782257861131
1876,50.75730585053678
1877,53.26021370995927
1878,55.57531649916031
1879,57.80034774438207
1880,59.589118613351886
1881,61.14534926935562
1882,62.34998136938629
1883,63.05227209388064
1884,62.985175456336904
1885,62.546216810301466
1886,61.946036765452305
1887,61.09688286610921
1888,60.06929726387878
1889,59.211406236985944
1890,58.24225790626288
1891,57.58739982436691
1892,57.19644140598977
1893,56.79475727489688
1894,56.24204116109711
1895,55.70710690235604
1896,55.37493675375519
1897,55.269717317458
1898,55.29204638921908
1899,55.520453052514114
1900,55.965175746063224
1901,56.923352491716784
1902,58.370003798040436
1903,60.026954465777266
1904,61.5717736448156
1905,63.229983488551206
1906,64.94112200568627
1907,66.42248232474961
1908,67.84291674368983
1909,69.11868816415581
1910,70.1939581286595
1911,70.96577193016249
1912,71.21799873416381
1913,71.32739783070693
1914,71.38212054436895
1915,71.42495444000217
1916,71.63296107938328
1917,71.69335383608625
1918,71.72950911531554
1919,71.64318089713312
1920,71.39178865046387
1921,71.08816465223376
1922,70.75561788708069
1923,70.2180100805713
1924,69.75201616729832
1925,69.32238483287924
1926,68.78824680417216
1927,68.2022702086079
1928,67.45817055314774
1929,66.42716986620333
1930,65.26802333040754
1931,64.16193810169071
1932,63.17219006918901
1933,62.286511898606165
1934,61.71981663899934
1935,61.4134005604856
1936,61.25582525491559
1937,61.37236255766201
1938,61.47375001105139
1939,61.971645816257876
1940,62.44182318047951
1941,62.84427589121859
1942,63.35898247550466
1943,63.868585042420065
1944,64.11621555269812
1945,64.14942826976066
1946,64.1310668112144
1947,63.799336852173845
1948,62.87721213989509
1949,61.509229986616425
1950,59.753057218591906
1951,57.72844464473856
1952,55.83596939578743
1953,53.84362156175684
1954,51.74930599958837
1955,49.95840631489553
1956,48.492604371518
1957,47.305941440752505
1958,46.428847231773815
1959,45.79848687544878
1960,45.33574771027252
1961,44.89061585300847
1962,44.55812051181247
1963,44.25307765366587
1964,43.937030882646745
1965,43.34406715340263
1966,42.40892639263451
1967,41.63256116094804
1968,41.35337427195099
1969,41.451074381984746
1970,41.9768912394651
1971,43.021281468772465
1972,44.628006935869706
1973,46.63821246346876
1974,49.142376650928
1975,52.25414202174308
1976,56.03924282328932
1977,60.00988696518797
1978,63.775172786873824
1979,67.23017812131583
1980,70.50584375578548
1981,73.28303181516216
1982,75.45966013911263
1983,76.70436157124107
1984,77.25816907667637
1985,76.96575239554181
1986,75.65037538333603
1987,73.61238042121224
1988,71.37579539406799
1989,68.83786386939416
1990,66.14824867242444
1991,63.54198173256478
1992,61.1709173420098
1993,59.25311531350777
1994,57.55076175953038
1995,56.069714167570055
1996,54.55150011130332
1997,53.51604063763791
1998,53.00623785643423
1999,53.043923810348794
2000,53.495590266200836
2001,54.099278536242196
2002,54.918273983303905
2003,55.81752293361481
2004,56.873811409624956
2005,57.820455425681764
2006,58.461542450331535
2007,58.773787686077355
2008,58.873942176801215
2009,58.395948634547366
2010,57.31761471118958
2011,56.128134383496636
2012,54.90979679663822
2013,53.668559988169676
2014,52.603323251647964
2015,51.994500933159685
2016,51.89077265422509
2017,52.15776783493203
2018,52.561721488845464
2019,53.25788988141778
2020,54.294573109714136
2021,55.46383218177092
2022,56.501617282488425
2023,57.17663870302954
2024,57.69894744093519
2025,58.527156135394826
2026,59.74951035686034
2027,60.79600397532184
2028,61.70219550028381
2029,62.79772009184884
2030,63.81090981303261
2031,64.54521451729221
2032,65.06905487566016
2033,65.34129583853338
2034,66.07934506658466
2035,66.92796357825715
2036,67.6081347369463
2037,68.12342273222815
2038,68.3525690028525
2039,68.31422400501343
2040,68.14794032144775
2041,67.63741562640541
2042,66.82624454226125
2043,65.56640948088567
2044,63.93576590547413
2045,62.217658083936925
2046,60.6229972630839
2047,58.99308688127798
2048,57.325652293444755
2049,55.9100540007679
2050,54.806824771451176
2051,53.99783879974748
2052,53.294021004365256
2053,52.57514426068828
2054,51.970845168627875
2055,51.32171651384838
2056,50.55607456843191
2057,49.339125550190644
2058,47.96108769468678
2059,46.46747761998344
2060,44.836254314960264
2061,43.016854462224806
2062,41.17688059538367
2063,39.438803364812905
2064,37.70872870928518
2065,35.751606852217066
2066,33.77296477108892
2067,32.12334461850909
2068,30.92418436571801
2069,29.92311576272437
2070,29.002971888772695
2071,28.462404594847687
2072,28.596232757003545
2073,29.204853734544486
2074,30.218986150513793
2075,31.399097185777396
2076,32.78111983969792
2077,34.44295268644275
2078,36.055688837129274
2079,37.573943627046255
2080,39.083331913813566
2081,40.52790259685838
2082,42.269293076912625
2083,43.919321721036724
2084,45.566433326261325
2085,47.38172357720414
2086,49.24316303048842
2087,51.3901078396358
2088,53.64786359616818
2089,55.92812467747159
2090,58.56054619049655
2091,61.516959021658565
2092,64.36795290715854
2093,67.04718395438161
2094,69.51559212620953
2095,71.55193726903946
2096,73.08914778672656
2097,74.13289276740436
2098,74.13769497452193
2099,73.18739076117218
2100,71.29623475540683
2101,68.94436568771846
2102,66.46285475889174
2103,64.12303171345879
2104,61.929275815062155
2105,60.215747933594486
2106,59.14846140094089
2107,58.833393337170335
2108,59.2387194274048
2109,59.59135312590878
2110,60.244727340528094
2111,61.17585544246649
2112,62.0015619653953
2113,62.588129631095505
2114,63.063542616603556
2115,63.2257952695858
2116,63.07979327785708
2117,62.51758909033873
2118,61.654524391937464
2119,60.91454627777996
2120,59.870645806349046
2121,58.472046530761844
2122,56.91763827255113
2123,55.19581607739609
2124,53.16058424309052
2125,50.78682008573507
2126,48.20431658957467
2127,45.289443667671534
2128,42.497055995967635
2129,39.909030736832634
2130,37.811796983351925
2131,36.14983450528308
2132,34.94986247862176
2133,34.28962020415745
2134,34.117527285068725
2135,34.546157495333546
2136,35.831979937345764
2137,37.602153842120856
2138,39.40433330405982
2139,40.91445275590551
2140,41.9622863944522
2141,42.92669055294399
2142,44.01905629579166
2143,45.23303888954475
2144,46.69957632854326
2145,48.5498611259798
2146,50.20112445321207
2147,52.0755876424975
2148,53.88099552034251
2149,55.35438418526861
2150,56.097245452709245
2151,56.10605422271161
2152,55.98068380637463
2153,55.81060107210982
2154,55.79894494741933
2155,56.22552021199837
2156,56.99407368716337
2157,58.548933537711086
2158,60.614439854151136
2159,63.12255155564525
2160,65.89101198123124
2161,68.77332810474286
2162,71.42595561839954
2163,74.1271319322798
2164,76.56245420401325
2165,78.77540893999158
2166,80.70067956029271
2167,82.34985014078308
2168,83.62790569857512
2169,84.7425640398602
2170,85.86941715454813
2171,87.26865371270719
2172,88.62144820862844
2173,89.91445488134137
2174,91.19593520115606
2175,92.31352890822467
2176,93.33615927945864
2177,93.95409266194106
2178,94.14465177298945
2179,94.00281515401375
2180,93.60729495733531
2181,93.10219928418205
2182,92.74219543760073
2183,92.52422731041219
2184,92.42844689863789
2185,92.43411370461803
2186,92.32809204767278
2187,91.96775587606116
2188,91.40607519562057
2189,90.51984201695568
2190,89.26487888134847
2191,87.95173550850643
2192,86.28747735747956
2193,84.13300281189538
2194,81.8056785369569
2195,79.24614012773752
2196,76.5390861150212
2197,73.75145072214649
2198,70.85649173111375
2199,67.90319880929073
2200,65.08957441350942
2201,62.648261739806344
2202,60.53731245152657
2203,58.70889908206166
2204,57.146332681531945
2205,55.83820665975112
2206,54.57386976275684
2207,53.19605288163027
2208,52.01663304200177
2209,50.9994907284361
2210,49.941336493690166
2211,48.801036068403384
2212,47.35102783090726
2213,45.694394508793714
2214,43.84335572837394
2215,41.94932976798548
2216,40.0975079128411
2217,38.347336747650466
2218,36.80981204551348
2219,35.54763694672373
2220,34.720632070526214
2221,34.47984755049231
2222,34.44656949470517
2223,34.417617586170365
2224,34.81042994494031
2225,35.2291739683822
2226,35.427934703914545
2227,35.555218624860885
2228,35.486752392774314
2229,35.23017995733013
2230,34.97401939967189
2231,34.41986083738798
2232,33.85271434242914
2233,33.439069693745694
2234,33.26624688859161
2235,33.41797305312542
2236,33.800935078238965
2237,34.39914362812043
2238,35.40111401741641
2239,36.88847045231612
2240,38.63347463111285
2241,40.599398700743365
2242,42.63998352996879
2243,44.63610304962244
2244,46.59897257945477
2245,48.752851605496694
2246,51.0418903653188
2247,53.27132789596962
2248,55.31277134822488
2249,57.00318799335912
2250,58.43126257188797
2251,59.71722318975275
2252,60.49985432915806
2253,60.71103052641151
2254,60.34258381815334
2255,59.35302670192776
2256,57.895226423316785
2257,55.87714346409695
2258,53.299351520086105
2259,50.28461400537765
2260,47.34577536793866
2261,44.260521095881785
2262,41.11090580842714
2263,38.023776704146115
2264,34.88541896911418
2265,31.978225474898327
2266,29.529037502260266
2267,27.586337073375212
2268,26.16209979286969
2269,25.145558701330177
2270,24.407771162389594
2271,24.128844301521852
2272,24.214796986911608
2273,24.573750382301952
2274,25.125315871512925
2275,25.970858838440158
2276,26.927182688785134
2277,27.945015270803676
2278,28.934250098924714
2279,29.89734690506556
2280,30.735241126408106
2281,31.746366896986405
2282,32.91111020365061
2283,34.107242588594545
2284,35.408206099984646
2285,36.88588959153111
2286,38.62969446082136
2287,40.58602160224896
2288,42.558019143205
2289,44.52554165391772
2290,46.6346585208847
2291,49.117163220528276
2292,51.50333478164363
2293,53.85615713541778
2294,56.185017511878506
2295,58.56053547166153
2296,61.022550524427125
2297,63.32752942510337
2298,65.46750145730893
2299,67.52973109695752
2300,69.47283119066054
2301,71.03722917542132
2302,72.40131110434358
2303,73.3296584006971
2304,73.58113553200141
2305,73.41507808786369
2306,72.7284586823866
2307,71.70253076882146
2308,70.60456377488823
2309,69.34212186868773
2310,67.94133453536364
2311,66.59771797711184
2312,65.17585338532743
2313,63.737655069195256
2314,62.363874624689295
2315,61.00810835735527
2316,59.710085925385606
2317,58.64769740815229
2318,57.657247156202786
2319,56.61102063779933
2320,55.478242322640675
2321,54.43012557348372
2322,53.5075014001198
2323,52.462802696414194
2324,51.210732469245535
2325,49.77096103638091
2326,48.186386870219195
2327,46.4986465262183
2328,44.557156019008005
2329,42.39045262505812
2330,40.05433773374442
2331,37.58777240215095
2332,35.07679796166656
2333,32.536318078187875
2334,30.225479254833402
2335,28.11104314390542
2336,26.172350068564505
2337,24.485687093017905
2338,23.124025009731454
2339,21.945650673366444
2340,21.144092245656054
2341,20.699320919459677
2342,20.497058153171036
2343,20.551704651747134
2344,20.746236915607867
2345,21.181450665875325
2346,21.668110117067915
2347,22.330978001134724
2348,23.151054037677053
2349,24.15821202742893
2350,25.32673367931923
2351,26.755450706254635
2352,28.538329516159163
2353,30.54831327254153
2354,32.70523354344541
2355,34.749299581274734
2356,36.82805929216971
2357,38.75123814942303
2358,40.4831420093724
2359,42.155878802774204
2360,44.011427737302746
2361,45.97158664948665
2362,47.905649280205466
2363,49.8673828948924
2364,51.93178338754475
2365,54.0102735428773
2366,56.14816175372804
2367,58.28555442937077
2368,60.22501051314775
2369,62.20011909637568
2370,64.03744566261089
2371,65.78863603758936
2372,67.45794923568482
2373,69.01146849158222
2374,70.6209715049068
2375,72.55753811667735
2376,74.59302164576185
2377,76.75976914593764
2378,78.94890709208076
2379,81.08641042374806
2380,83.08131037192712
2381,84.85028768548919
2382,86.35847224434382
2383,87.77844417808215
2384,88.9314849897516
2385,89.82533268431094
2386,90.53937263842536
2387,90.91702309626254
2388,91.1396010965735
2389,91.13790632103374
2390,90.9974614095369
2391,90.66213501402424
2392,90.12983056780811
2393,89.41961296160072
2394,88.8017236442003
2395,88.26240723194087
2396,87.41581001362887
2397,85.961616694813
2398,84.19763240007836
2399,82.21920580065012
2400,80.11152428108572
2401,77.91650021276183
2402,75.4640208227563
2403,72.98075957161316
2404,70.53383989569485
2405,68.0715062612929
2406,65.73061686233588
2407,63.44195454658698
2408,61.51127498270883
2409,59.947316455296296
2410,58.84635817969996
2411,58.20623493845446
2412,57.66754909121134
2413,57.2517769022492
2414,57.14364400657135
2415,57.29259469869438
2416,57.726947957441716
2417,58.35785996319361
2418,59.02111329958008
2419,59.88161562950503
2420,60.724912603218854
2421,61.61342018921749
2422,62.69329796932782
2423,63.56266361332243
2424,64.2762846115257
2425,64.81492195498902
2426,64.98660747690587
2427,64.85922317377322
2428,64.68686233023003
2429,64.35774119210453
2430,63.915055857465006
2431,63.398078374811675
2432,62.69767889184015
2433,61.95248104406201
2434,61.376883460147326
2435,60.91196848783318
2436,60.656172472616554
2437,60.62282489108125
2438,60.60134700589969
2439,60.59972526798032
2440,60.59248623826696
2441,60.37026424379279
2442,59.89170117829956
2443,59.27173792597372
2444,58.55284093516163
2445,57.75043379684601
2446,56.94149829753251
2447,56.12838639856226
2448,55.55930774381001
2449,55.24153080145502
2450,54.94515213004211
2451,54.68730268591288
2452,54.61568626869043
2453,54.62195808023226
2454,54.675721532673876
2455,54.83464597645191
2456,54.859307066888476
2457,54.69474657336533
2458,54.531128481924306
2459,54.3135991478599
2460,54.01809681894136
2461,53.70491388192296
2462,53.39288929459617
2463,52.988385168940844
2464,52.54311587963885
2465,52.018088524071516
2466,51.612078004203916
2467,51.24255928943051
2468,50.82279656193877
2469,50.3952933456099
2470,50.13756701131808
2471,50.05037231884661
2472,50.14485477859112
2473,50.39101822013021
2474,50.787668003113666
2475,51.434789687381475
2476,52.312409523433686
2477,53.31004456239854
2478,54.499178878877245
2479,55.94835768326524
2480,57.833427803204096
2481,59.90469728019696
2482,62.079925523120615
2483,64.29205541781282
2484,66.64087211612261
2485,69.05458561837534
2486,71.49491606370313
2487,73.9473037568136
2488,76.26852622654064
2489,78.40537091540621
2490,80.47280769516695
2491,82.43062097338101
2492,84.36419069606842
2493,85.91647752583546
2494,87.23646815687076
2495,87.9515898511095
2496,88.25470849115571
2497,87.77907797730609
2498,86.71672056499905
2499,84.82363547643328
2500,82.19797318379901
2501,79.04627248467482
2502,75.54121953641787
2503,72.16956972165347
2504,68.99966543309209
2505,66.16594908849589
2506,63.8752530300456
2507,62.51953625195701
2508,61.34006265501993
2509,60.82739808190184
2510,60.678392312597154
2511,60.65617276123306
2512,60.659873366884504
2513,60.40551079569623
2514,59.90605984197754
2515,58.81504734782999
2516,56.99227600632625
2517,55.06052814177697
2518,52.99067611095737
2519,51.20483854515329
2520,49.74040513570798
2521,48.408487700196616
2522,47.032600692516944
2523,45.91863952780478
2524,44.917401631958725
2525,44.03099911838418
2526,43.572368334178144
2527,43.237135360723805
2528,43.247029236911274
2529,43.86298404977372
2530,45.008574836482765
2531,46.70600500221042
2532,48.69887306716513
2533,50.87791693029129
2534,52.9094696352039
2535,54.57267027104354
2536,55.98180998008427
2537,57.2700132528548
2538,58.620679229385985
2539,59.80198223873677
2540,60.608330299727065
2541,61.21305470703045
2542,61.859120028065476
2543,62.07906766738985
2544,61.63443703804046
2545,60.778667301395416
2546,59.83655090905734
2547,58.29016031977439
2548,56.549580773865614
2549,54.68029459799064
2550,52.67976846729586
2551,50.92645106862056
2552,49.41645168294392
2553,48.231089229000844
2554,47.99288607704593
2555,48.30530171699729
2556,49.1342243074417
2557,50.404386866445186
2558,51.77504404125971
2559,53.153456486586975
2560,54.423005539540405
2561,55.235398281031436
2562,55.471169125269434
2563,55.380377524893646
2564,54.82522209952483
2565,54.34223687945396
2566,53.77828108277439
2567,53.06544180046258
2568,52.242286908697025
2569,51.10611528692415
2570,49.831036501930804
2571,48.28162841179068
2572,46.64883848369351
2573,44.66206207656604
2574,42.67585947137974
2575,40.62428540627311
2576,38.604711989752005
2577,36.466810399173475
2578,34.497065160024256
2579,32.953199328870156
2580,31.94704530631002
2581,31.276047444031743
2582,31.05212780632853
2583,30.958277851461396
2584,31.25327003487493
2585,32.01578889983012
2586,33.142692486423314
2587,34.5013002966167
2588,35.720433929679665
2589,36.5101273386052
2590,37.09200243173731
2591,37.70389752772936
2592,38.502884540112895
2593,39.3681588886268
2594,39.91382550616774
2595,40.75469624163211
2596,42.00484934689874
2597,43.379490425984436
2598,44.54478798993203
2599,45.53771575523703
2600,46.06066849132696
2601,46.21844006945736
2602,45.99148938257119
2603,45.76192380080992
2604,45.822775018094546
2605,46.462824102147835
2606,47.21048635765104
2607,48.34750732381962
2608,49.55820549531029
2609,50.84356453675892
2610,51.93504805691977
2611,52.5865600659384
2612,52.42709056615972
2613,51.541778170968946
2614,50.09742471681708
2615,48.29145790882009
2616,46.41817447458457
2617,44.55809909018713
2618,42.975560231013276
2619,41.83774644694054
2620,40.93762843698106
2621,40.50945525053568
2622,40.13694457832821
2623,40.14323828878316
2624,40.29777549985298
2625,40.4424022883827
2626,40.408914333885065
2627,40.12941340144683
2628,39.555811630822106
2629,38.508247147939294
2630,36.98513797956553
2631,35.16658682920943
2632,33.25996787684211
2633,31.251738428186034
2634,29.005739729653758
2635,26.781302151657016
2636,24.893206648495802
2637,23.30397967193497
2638,22.144308657821693
2639,21.369761709135116
2640,20.852454198512515
2641,20.692810453758344
2642,20.963520947225934
2643,21.50173528581559
2644,22.17703746610296
2645,22.882909215820256
2646,23.665598458293147
2647,24.542395638698906
2648,25.178035735295737
2649,25.573885377231974
2650,25.765945643281306
2651,25.92114658545406
2652,26.066948920124624
2653,25.908802476470857
2654,25.581600006351948
2655,25.465496742362994
2656,25.657395174195834
2657,26.03900964673904
2658,26.496090779740225
2659,27.012969273936424
2660,27.4327162575857
2661,27.76598674994597
2662,28.13339728119166
2663,28.22608688641442
2664,28.11713521108894
2665,28.392558133389446
2666,29.03103753294201
2667,29.989559850472475
2668,31.564271421270497
2669,33.743951543679415
2670,36.628303338916794
2671,40.43639108143191
2672,44.67845528424783
2673,49.46629853283069
2674,54.578847068922165
2675,59.80189834724815
2676,64.75273040752381
2677,69.38814401487073
2678,73.54598961222621
2679,77.16331528192548
2680,80.25637217082857
2681,82.93132059679232
2682,85.2684800718485
2683,86.95538881515009
2684,88.19187657778811
2685,88.8609963093799
2686,89.36397641575445
2687,89.85678346928658
2688,89.91193015040217
2689,89.58938239363698
2690,88.61953146609163
2691,87.1657821844326
2692,85.34185145694417
2693,83.04034357640673
2694,80.60396087535511
2695,78.04645333422486
2696,75.4915251234656
2697,73.01671300209215
2698,70.6408295015543
2699,68.45786582172806
2700,66.42128425114407
2701,64.7833991915663
2702,63.33268150110102
2703,61.997705783768716
2704,60.80739087557587
2705,59.935293002382075
2706,59.35200930505483
2707,59.30694221339429
2708,59.773141939786754
2709,60.32096742481968
2710,60.77646509398153
2711,61.399802255078605
2712,62.09143160016209
2713,62.59185332698988
2714,62.944000072478836
2715,63.224151942412355
2716,63.2195294358
2717,63.26721957875249
2718,63.442114208791004
2719,63.67090612254738
2720,63.641539137638794
2721,63.39756308827397
2722,62.63164358353147
2723,61.4002288688485
2724,59.87560428629125
2725,57.870659328138984
2726,55.593457571321245
2727,52.82999284985842
2728,49.49076740431586
2729,46.01776365029209
2730,42.5437545463354
2731,39.08712789949097
2732,35.846562370914896
2733,32.895556764998915
2734,30.397089582227874
2735,28.25429952906893
2736,26.39007218282065
2737,24.621737735143828
2738,23.157568138261357
2739,21.955351466042597
2740,21.134555647779003
2741,20.595932755688168
2742,20.389666833305743
2743,20.314647909900486
2744,20.30772321747767
2745,20.478295335750037
2746,20.863715117607384
2747,21.32848561553023
2748,21.953796926413958
2749,22.93100140564625
2750,24.35259337389282
2751,26.18343048744056
2752,28.357298515762942
2753,30.573607826616417
2754,32.89262877235443
2755,35.26864863063389
2756,37.629340133648526
2757,40.09504807362002
2758,42.624124866217535
2759,45.181074395468094
2760,47.78677894546296
2761,50.472909187758376
2762,53.147966451376966
2763,55.77031546195394
2764,58.15675613355842
2765,60.21366418785782
2766,62.04713550373063
2767,63.60753082941187
2768,65.0937799962984
2769,66.51192401278585
2770,67.91875884501519
2771,69.2850038983662
2772,70.49908729844857
2773,71.74918579228822
2774,73.09715599436868
2775,74.54869453078805
2776,76.18482638971184
2777,77.82237273235216
2778,79.24561898924375
2779,80.49805492002481
2780,81.40277493330977
2781,82.07340630250384
2782,82.60404124302029
2783,82.8798160032649
2784,82.66150181596635
2785,81.91969506772482
2786,80.8189521039468
2787,79.31314531181205
2788,77.8141816084095
2789,76.33349786773044
2790,74.87735662474654
2791,73.57520917031832
2792,72.21656328505998
2793,71.03454136488523
2794,69.98427257260808
2795,69.16909554747743
2796,68.41004741914468
2797,67.48257987446028
2798,66.24624907451373
2799,64.75790886233644
2800,63.09153170832418
2801,61.39663596580016
2802,59.95807622776148
2803,58.700820492533985
2804,57.57998675016377
2805,56.66483492284312
2806,55.95924305854312
2807,55.4310096769672
2808,55.070652774447055
2809,55.066985720357195
2810,55.27971864391822
2811,55.58430750011266
2812,56.13679759128046
2813,56.574358534925686
2814,56.880384406140934
2815,57.209969465827065
2816,57.55729729441464
2817,57.74903224565459
2818,57.88076259665773
2819,58.20758958442074
2820,58.72216423592492
2821,59.73369720108154
2822,61.336573673583295
2823,63.413417323498116
2824,65.68451689910486
2825,68.29109965599348
2826,71.18595281905
2827,73.91203199580936
2828,76.74258035707481
2829,79.42317203733757
2830,81.96821655378773
2831,84.28068041585207
2832,86.24636954129505
2833,87.59981682502753
2834,88.39658572738846
2835,88.86708605422163
2836,89.1461133696565
2837,89.1303112839466
2838,88.9386888006318
2839,88.48919568587182
2840,87.97249962051194
2841,87.49589605482996
2842,86.93227546585923
2843,86.05896481125497
2844,84.89189296504816
2845,83.33414279329455
2846,81.49682696081418
2847,79.15314763429215
2848,76.39059908074884
2849,73.44217036164878
2850,70.87703737603171
2851,68.17224374370687
2852,65.58951489710905
2853,63.25689385712824
2854,61.05023762496846
2855,59.22896505887647
2856,57.842808961172146
2857,57.233744513999675
2858,57.09771554975752
2859,57.30985961391754
2860,58.096050890087895
2861,59.30446126489699
2862,61.168638785240105
2863,63.17941276388397
2864,64.93315282061845
2865,66.50802985155605
2866,68.28948583758086
2867,70.19091764930148
2868,72.23942993794506
2869,74.23907312115573
2870,76.25918552203433
2871,78.12463247086697
2872,79.9200666596628
2873,81.62236613000853
2874,83.29952476969585
2875,84.77725095920675
2876,86.20620704935922
2877,87.30359401955614
2878,88.00433859715443
2879,88.86700633227181
2880,89.97777621185323
2881,90.70629600952088
2882,91.56893887231578
2883,92.0571980060311
2884,92.27548186051166
2885,92.42079482671343
2886,92.2562633262972
2887,91.7037294675948
2888,90.8705800147692
2889,89.32673326633609
2890,87.51567633838742
2891,85.52165262815134
2892,83.51657088045442
2893,81.6561825969349
2894,79.93287536892767
2895,78.24720855277924
2896,76.85238432546466
2897,75.41912061377688
2898,73.84809182270578
2899,71.97512856857146
2900,69.96102418006744
2901,68.05111623162213
2902,66.47638872095791
2903,65.1001804761958
2904,63.93475488190846
2905,63.233142023648576
2906,63.05722368092877
2907,62.904174722762534
2908,63.060671836827254
2909,63.41975455536888
2910,63.948334827913264
2911,64.47027860876
2912,64.97646790784766
2913,65.40054852640708
2914,65.93212030772908
2915,66.64613237988378
2916,67.5865061623225
2917,68.48053331987185
2918,69.46591493089669
2919,70.74221825615807
2920,72.06067726225082
2921,73.5540559729322
2922,75.15751758800815
2923,76.7670863452087
2924,78.16355538187526
2925,79.56439726563116
2926,80.90705499264512
2927,82.11895858996799
2928,82.93980610321017
2929,83.38451176173125
2930,83.4681291516017
2931,83.37576493124247
2932,83.24626676958538
2933,83.15885674737768
2934,83.16707987872402
2935,83.09963787527934
2936,82.936921538989
2937,82.7216353478114
2938,82.6407931414209
2939,82.68429216459523
2940,82.76172925772144
2941,82.9877267663665
2942,83.05316337810798
2943,83.16240208702774
2944,83.39326248492945
2945,83.92283070427466
2946,84.51431064642487
2947,85.07660695714374
2948,85.45710124314866
2949,85.72464601569824
2950,85.85986227774772
2951,85.85913131789536
2952,85.58790017707936
2953,85.18247884137452
2954,84.4950530871697
2955,83.52916424679546
2956,82.43424452824861
2957,81.27107281816097
2958,79.9812861591288
2959,78.63036240882963
2960,77.15402786168384
2961,75.69806761288709
2962,73.91008763593297
2963,71.65681585448898
2964,69.69646940463274
2965,67.36629036836537
2966,64.72891382219238
2967,62.04123993217683
2968,59.25838236526622
2969,56.577837401722704
2970,54.14189601456064
2971,52.22801972540605
2972,50.653318908971386
2973,49.187466527835994
2974,47.96006116173357
2975,46.8433530359136
2976,45.82241106103028
2977,44.68361432167339
2978,43.726768675496594
2979,42.94471026903292
2980,42.32454189545444
2981,42.00427952823416
2982,41.7788099429645
2983,41.76893097960718
2984,41.811468755326686
2985,41.644719586727284
2986,41.114415637091916
2987,40.76437835709223
2988,40.1051467863545
2989,39.111772417975956
2990,37.58563896342754
2991,35.67101120376266
2992,33.71495639697771
2993,31.740112897279005
2994,29.580150000856108
2995,27.53631028101308
2996,25.80694196868731
2997,24.4912452821629
2998,23.449747416034057
2999,22.628254004083168
3000,22.124208576892308
3001,22.18582961162303
3002,22.940827833111197
3003,24.15037142129957
3004,25.568934983020497
3005,27.371217595530695
3006,29.18930674318543
3007,31.191886806700225
3008,33.31637377893771
3009,35.29721576852561
3010,37.27983362246265
3011,39.499826125309056
3012,41.839699480794025
3013,44.393319626604345
3014,46.97134583850592
3015,49.63511334286733
3016,52.25539455649755
3017,54.80023675405139
3018,57.18087135358345
3019,59.27086462756769
3020,61.15802807578694
3021,62.79986027573769
3022,64.11588288735844
3023,65.21881197109845
3024,66.08681082348782
3025,66.93387624556246
3026,67.78642682561957
3027,68.41157447369991
3028,69.11386388868061
3029,70.0297954215194
3030,71.1100358418926
3031,72.42099080654307
3032,74.13651705535871
3033,76.0109815123302
3034,77.98670207798394
3035,80.00689269491919
3036,82.06619332831873
3037,83.8494034169135
3038,85.1063067782203
3039,85.74006015226063
3040,85.78443826190356
3041,85.09615886638032
3042,83.88787186693008
3043,82.04343072895686
3044,79.8352765911528
3045,77.13806194008228
3046,74.17566452198876
3047,71.02280689184121
3048,67.9055442455262
3049,64.92383905734167
3050,62.02758321405345
3051,59.04180188103624
3052,56.00562447352845
3053,53.20552621355847
3054,50.79241793521195
3055,48.60468940743461
3056,46.77886703676498
3057,45.30909889639776
3058,44.092139959401116
3059,43.344549252348315
3060,42.8690260978087
3061,42.50157572708936
3062,42.15681514197706
3063,41.84078957400925
3064,41.62098810619833
3065,41.34380266267691
3066,40.96725688025741
3067,40.681881713984026
3068,40.56743849359387
3069,40.656824213137405
3070,40.92301640718146
3071,41.10708668859368
3072,41.32743237377911
3073,41.488557574899964
3074,41.558965857744596
3075,41.37526981573666
3076,41.001429487242504
3077,40.24789535668216
3078,39.592320663094654
3079,38.76719006340807
3080,37.75011858503674
3081,36.63306971297338
3082,35.388507162655635
3083,34.042527569634046
3084,32.34768590759565
3085,30.61959357801544
3086,29.072625318260343
3087,27.726297020947506
3088,27.060127273771645
3089,26.621253952503213
3090,26.554535146583433
3091,26.869140920195655
3092,27.57083920577537
3093,28.573274335531607
3094,29.84851745501325
3095,30.9337199489115
3096,31.858064412892887
3097,32.59521708811943
3098,33.0531434193973
3099,33.27721941280241
3100,33.56934731253867
3101,33.91126854068742
3102,34.556669801003856
3103,35.44086931050803
3104,36.56996072532927
3105,38.258858596686586
3106,40.530161897399786
3107,43.0475486146761
3108,45.47795049816579
3109,48.063703700745286
3110,50.574763060295886
3111,53.09878863072925
3112,55.35401102465187
3113,57.347272818510525
3114,58.90994378743308
3115,60.26645544327341
3116,61.742940876790556
3117,63.02051486427127
3118,64.18332905100945
3119,65.40713510701096
3120,66.61587586872311
3121,67.6535005377056
3122,68.43963810537761
3123,68.80214537312543
3124,68.64906152823907
3125,67.75603878876042
3126,65.9317876435131
3127,63.5090259326406
3128,60.59219902520102
3129,57.63721471558089
3130,54.72331386643493
3131,52.01341298560523
3132,49.82295352254703
3133,48.31349319706695
3134,47.389625555145024
3135,46.585860706672946
3136,45.957695150361985
3137,45.29879036355915
3138,44.69691022299216
3139,44.15603421507892
3140,43.74582129883866
3141,43.33139077883928
3142,42.634013297230844
3143,41.55062974266974
3144,40.155719985186245
3145,38.561495944813885
3146,36.81898235982783
3147,34.92667086143057
3148,32.76296538933099
3149,30.211313814468408
3150,27.607458468868035
3151,25.107862757832166
3152,22.976433962371907
3153,21.101260011059377
3154,19.667307259586753
3155,18.72557728507369
3156,18.24747447026005
3157,17.95172572329941
3158,17.838153638681398
3159,17.902379569901484
3160,18.02529698200888
3161,17.88833517736223
3162,17.701477770949392
3163,17.433570070235394
3164,17.287683032665864
3165,17.347825432193254
3166,17.537638241007105
3167,18.100117141501304
3168,18.966461944391487
3169,20.03488413908181
3170,21.318810232577707
3171,22.707818169643826
3172,24.294973094090587
3173,25.93795587494678
3174,27.693948488434884
3175,29.602000733148124
3176,31.689460828460266
3177,33.6463540576809
3178,35.353094295018906
3179,36.884398728186135
3180,38.10225992214162
3181,38.79879366149502
3182,38.93491833535668
3183,38.51675263505586
3184,37.702483258503335
3185,36.953006608358756
3186,36.02267786447522
3187,34.94755206296519
3188,33.93951602870358
3189,33.385356530034024
3190,33.36759761302935
3191,33.63332782842845
3192,33.864513115825666
3193,34.24945401303653
3194,34.72681533772966
3195,35.64540397014189
3196,37.03537630805326
3197,38.61274529436284
3198,40.17326167631907
3199,41.730359173997414
3200,43.36718005473049
3201,45.208294428838016
3202,47.184689694570174
3203,48.77260275642715
3204,50.34854326128617
3205,52.014285679670216
3206,53.78330065036586
3207,55.48189965287139
3208,57.183836527007955
3209,58.89021429214759
3210,60.638156319676
3211,62.06253524551608
3212,63.16675437524681
3213,63.9409464886166
3214,64.78364366900213
3215,65.3545528486941
3216,65.14406572395929
3217,64.35768407908436
3218,63.360052509521694
3219,62.41769603573668
3220,61.33570825389728
3221,60.018726390867954
3222,58.45514996453293
3223,56.96779882091376
3224,55.50597517087077
3225,54.36214921104469
3226,53.6951602315888
3227,53.60664812329991
3228,53.86497886296952
3229,54.67725742571014
3230,55.89492859393844
3231,57.42636802969492
3232,59.512997410287596
3233,62.12638816852535
3234,64.9417505003552
3235,67.89276810676766
3236,70.77658654380458
3237,73.6074443680469
3238,76.3275273501967
3239,78.74518305790839
3240,80.76291254731433
3241,82.3363840165331
3242,83.52624104488804
3243,84.33808175050127
3244,84.48296948915535
3245,84.05666778454165
3246,83.20394762163554
3247,82.0341523050693
3248,80.60935276372723
3249,79.36977716275963
3250,77.85284875672464
3251,76.03398352381403
3252,74.27103703370796
3253,72.83975195021219
3254,71.55850144593474
3255,70.50893923945422
3256,69.81580203854142
3257,69.45279563647924
3258,69.18681898442694
3259,68.63162753468517
3260,68.0683793380044
3261,67.31102650609216
3262,66.49886186833825
3263,65.3675805885508
3264,63.746298181008235
3265,61.63620502013516
3266,59.306961755423735
3267,56.87811959521397
3268,54.3327975483325
3269,51.85882300912214
3270,49.74745654242279
3271,47.95469200488454
3272,46.56530524756887
3273,45.706400308249414
3274,45.216674491631345
3275,44.82885820797624
3276,44.55094555850796
3277,44.68794638854232
3278,45.11484698226272
3279,45.92697628366687
3280,47.006802224112384
3281,48.52496050751414
3282,50.62483413389969
3283,53.286344467812675
3284,56.15945519994219
3285,59.327287745581685
3286,62.58297298738499
3287,65.92599387809535
3288,69.27691959483322
3289,72.31521692152087
3290,75.0487708621801
3291,77.47438089846976
3292,79.39385428004417
3293,80.90248996010493
3294,82.07180167372283
3295,82.83729306355846
3296,83.1395140589583
3297,82.81926340631013
3298,82.11753012840501
3299,80.95749869108576
3300,79.46156514598638
3301,77.83981353001882
3302,76.03645509493246
3303,74.20155120821185
3304,72.35984885511643
3305,70.22813474806064
3306,68.37354347492212
3307,66.51401491317787
3308,64.6147926256065
3309,62.41625087407081
3310,60.150136481778574
3311,58.01677680454013
3312,55.92083166445335
3313,54.21916753739927
3314,52.85340845395448
3315,51.47062555930179
3316,50.27665165776719
3317,49.32359676658392
3318,48.785051439508784
3319,48.64015918681729
3320,48.705242342834744
3321,48.94734918960173
3322,49.18052375480558
3323,49.37620453850698
3324,49.44947020391245
3325,49.584167080275904
3326,49.90227113532398
3327,50.32496629756418
3328,50.98353093110542
3329,51.97665451275299
3330,53.32626620252634
3331,54.91475591962593
3332,56.60179249656343
3333,58.68671354936955
3334,61.20173657812758
3335,64.00809710579068
3336,66.80567533967958
3337,69.49355358235917
3338,72.15231495605822
3339,74.86840277740184
3340,77.48746353191147
3341,79.83006730882273
3342,82.13092732447681
3343,84.38158427028996
3344,86.49442973001216
3345,88.51332619945168
3346,90.37846867553961
3347,91.94113349372388
3348,93.30650545594867
3349,94.3421740515215
3350,94.99020742521839
3351,95.13457833880301
3352,94.73357378105746
3353,93.53600157261073
3354,91.43272945999388
3355,88.95841012112022
3356,86.31756238311635
3357,83.32967571868228
3358,80.15926119287299
3359,77.12813111455033
3360,74.51564086603929
3361,72.17454627923831
3362,70.26731837921163
3363,68.60803010618841
3364,66.7096717830131
3365,64.76495420851647
3366,62.91520604352284
3367,61.16119175447938
3368,59.255706148607985
3369,57.48059654163473
3370,55.67652856254461
3371,53.778598328572386
3372,52.648989913782934
3373,52.07974442057699
3374,52.030437437125755
3375,52.32234682406344
3376,52.69688918775947
3377,52.58706161082158
3378,52.587211378337535
3379,52.88852391417415
3380,53.26627333440449
3381,53.239646631256235
3382,53.07354089848649
3383,53.1170529012049
3384,53.609181608159915
3385,54.6804107929547
3386,55.85196524811559
3387,56.877650106834366
3388,58.401488763663494
3389,59.8024630968299
3390,60.60045671306891
3391,61.06861728367591
3392,61.41429319187677
3393,61.708396309407945
3394,62.047703880009784
3395,62.23952324047002
3396,62.23707377471255
3397,62.04861736983922
3398,62.271460434067706
3399,63.077579692961244
3400,64.04956184684112
3401,65.04956078312604
3402,66.5360250284252
3403,68.08800350623146
3404,69.5720301126185
3405,71.0475508624671
3406,71.97291266925507
3407,72.27570684343456
3408,72.01048279891913
3409,71.59198563731408
3410,71.03879552360738
3411,70.40868012509941
3412,69.61018059371598
3413,68.3402921063568
3414,66.81305193584322
3415,65.04640729987561
3416,62.830272097371875
3417,60.17672446776598
3418,57.216624607051166
3419,54.10835189201907
3420,51.40415462994115
3421,48.606941579621584
3422,45.8939257804832
3423,43.348371165042145
3424,41.006061447278334
3425,38.89648149089665
3426,37.1511894597644
3427,35.46759038631881
3428,33.72015148350591
3429,32.222346783695336
3430,30.864737083248976
3431,29.526010886883803
3432,28.62571486478607
3433,27.884830947214226
3434,27.37769261016055
3435,27.125294227434
3436,26.89452079424109
3437,26.80591699298815
3438,26.85765278896772
3439,26.952616225915378
3440,27.10572174070507
3441,27.28345222155177
3442,27.54391331314557
3443,27.92620122424762
3444,28.4451693412162
3445,29.18948628613511
3446,30.137346074749658
3447,31.056831598573236
3448,32.09455527478369
3449,33.10509610305933
3450,34.38281027222118
3451,35.76681379232648
3452,37.39328832723496
3453,39.04162549183197
3454,40.578344675923766
3455,41.920868281952565
3456,43.21860380639726
3457,44.611104739734884
3458,46.18004775043083
3459,47.98084338842865
3460,50.104277810917864
3461,52.1335951602672
3462,54.15686834356748
3463,55.94780303720934
3464,57.23376519826157
3465,58.11022000710278
3466,58.3274845909186
3467,57.778701307541965
3468,56.59908007285825
3469,54.929723261383586
3470,52.98017842107277
3471,50.81218931389299
3472,48.36656593896387
3473,45.693235190033214
3474,43.31485131506972
3475,41.22404950449152
3476,39.04985795339164
3477,37.15831130393474
3478,35.219844624705935
3479,33.25157028171753
3480,31.405312956361637
3481,29.603386921012603
3482,27.70425736258265
3483,25.69175067405293
3484,23.89883200314497
3485,22.268744839025086
3486,21.031411587992114
3487,20.193357484900854
3488,19.747466781268137
3489,19.76172677307758
3490,20.08685657675705
3491,20.676864840935778
3492,21.485235173282526
3493,22.551532159315414
3494,23.79535829444438
3495,25.164503358405828
3496,26.81515944463371
3497,28.719902016661354
3498,30.6449865244761
3499,32.58755994201766
3500,34.52709753696466
3501,36.418667573022496
3502,38.14365985245718
3503,39.608073025005226
3504,40.87840765674316
3505,42.03377213422128
3506,43.163368546613434
3507,44.262092659549765
3508,45.269522315133955
3509,46.329679168107354
3510,47.33211400271109
3511,48.5203940711124
3512,49.712055282055445
3513,50.68822142308214
3514,51.485136081115705
3515,52.01254158339465
3516,52.50887120485616
3517,53.329725085465014
3518,54.23913750809909
3519,55.10131419684691
3520,55.797520613495564
3521,56.25857399103736
3522,56.44245026803914
3523,56.591379974530966
3524,56.49517664765064
3525,55.98675598601932
3526,55.12128260706436
3527,53.853408524741745
3528,52.299903263932684
3529,50.62406596030292
3530,48.93444242877444
3531,47.18589434122076
3532,45.39480460224192
3533,43.72140882297205
3534,42.26555449500727
3535,41.1132141880184
3536,40.57381932462859
3537,40.383440939253234
3538,40.106363710174286
3539,40.103153200926684
3540,40.2672057737401
3541,40.362999934250496
3542,40.21354508644053
3543,39.96775893138744
3544,39.88717480514349
3545,39.885329618241286
3546,39.86105745714721
3547,39.77256326170486
3548,39.728416605762746
3549,39.92611370730428
3550,40.3946328962346
3551,41.02652366400155
3552,41.82669972325493
3553,42.48342689710249
3554,43.267419923744626
3555,44.418879415817784
3556,45.82177526590436
3557,47.28466231700827
3558,48.86779956237564
3559,50.04924584315353
3560,50.9404992375299
3561,51.47496382298638
3562,51.625635978095254
3563,51.4884723150948
3564,50.829175181095
3565,49.87796236385421
3566,48.57064858672197
3567,47.19966054839181
3568,45.830772016789766
3569,44.17350833695027
3570,42.52768182590012
3571,41.13954599148868
3572,40.03258142011768
3573,38.97567372867205
3574,37.66064109610833
3575,36.16742651485333
3576,34.819983779289934
3577,33.80847223727366
3578,33.14659751731628
3579,32.55762657529223
3580,32.49916842364262
3581,33.3032068186318
3582,34.9366672875022
3583,37.10148140061374
3584,39.67719562561862
3585,42.406663139670215
3586,44.89670241504247
3587,47.101124357459575
3588,48.83493661479271
3589,50.09174292106731
3590,50.692304853334285
3591,51.214793734406555
3592,51.377971747804395
3593,51.2496112592456
3594,50.91597518210102
3595,50.832162493683725
3596,51.08624210649381
3597,51.60933979880059
3598,52.46167069698853
3599,53.61543856833086
3600,55.09735198553924
3601,56.67733714161341
3602,58.161912450774885
3603,59.76483000413683
3604,61.423776446061694
3605,63.01557181349479
3606,64.40050437492116
3607,65.77236422296792
3608,67.23446332847317
3609,68.55226204730843
3610,69.53170188653517
3611,70.29913319660272
3612,70.83093533531792
3613,71.04867720179399
3614,70.93911860203774
3615,70.61703558074667
3616,70.18359694283788
3617,69.5039657513371
3618,68.76605107894213
3619,68.10968349519717
3620,67.37583898965221
3621,66.56555886413096
3622,65.67501495109852
3623,64.51679718637067
3624,63.10602475173155
3625,61.474376078127065
3626,59.61271771743109
3627,57.661691150301344
3628,55.73966472407765
3629,53.85402720907394
3630,51.85779036805238
3631,49.68130251629817
3632,47.568606516558816
3633,45.502544288224435
3634,43.434698199613514
3635,41.417813566997395
3636,39.50950507122682
3637,38.0061752299486
3638,36.97012310921601
3639,36.445920618283274
3640,36.478988821273646
3641,36.96036882672113
3642,37.63760823600886
3643,38.75905103757097
3644,40.05493991459369
3645,41.49248551476486
3646,42.976312618106185
3647,44.48294872997657
3648,45.79372214730382
3649,47.36050088027061
3650,48.991836720669035
3651,50.752843478174725
3652,52.49136540194941
3653,54.02716710893979
3654,55.28425496532931
3655,56.03693426243455
3656,55.689445626429055
3657,54.55988474490385
3658,52.82367419424189
3659,50.804395484323855
3660,48.51377509062124
3661,46.206476641229806
3662,44.21508169888171
3663,42.67265540536991
3664,41.74411661723979
3665,41.40038133631428
3666,41.5599146873625
3667,42.18198701963105
3668,43.193815902914665
3669,44.45142994312052
3670,46.1353040196595
3671,48.12523791150034
3672,50.40371331014185
3673,53.098364220742624
3674,56.1118062000502
3675,59.35305904327309
3676,62.433055005638344
3677,65.48990371709532
3678,68.24558425521353
3679,70.7568067707196
3680,73.02333086024204
3681,74.7968803062224
3682,75.94118884001736
3683,76.61502187339669
3684,76.76731487262511
3685,76.27385987887072
3686,75.42947772865834
3687,74.35885952875458
3688,73.39648934996275
3689,72.35913260549194
3690,71.33156296041075
3691,70.81566735855036
3692,70.85133916704568
3693,71.31468541974515
3694,71.93739131900551
3695,72.36937028377605
3696,72.52458103048484
3697,72.67722181816195
3698,72.80269066227186
3699,72.84621636113124
3700,72.87286739397139
3701,72.91093317474892
3702,72.91861821564287
3703,73.27849481691497
3704,73.62294111046326
3705,73.92260938585028
3706,74.17938671826246
3707,74.35346418157954
3708,74.45041963378478
3709,74.43434466025218
3710,74.33266505902414
3711,73.98982815331617
3712,73.68862450673285
3713,73.60743404465325
3714,73.55283090625771
3715,73.7306710443861
3716,73.83691372580307
3717,73.96758764875919
3718,74.21380387327456
3719,74.60876137542455
3720,74.90579056856373
3721,74.94575734614294
3722,74.7799789790968
3723,74.2889050500271
3724,73.55937990935925
3725,72.63578826676236
3726,71.50573857005121
3727,69.8577785988052
3728,67.91691732002494
3729,65.76488402206772
3730,63.74330041941984
3731,61.97039936359878
3732,60.177633620415754
3733,58.43317250066028
3734,56.81759544175886
3735,55.29148722470215
3736,54.00374895768573
3737,52.82562276676209
3738,51.75330171722337
3739,50.81988439814159
3740,49.98879539580721
3741,49.475085239851374
3742,49.47211681552313
3743,49.93495710275119
3744,50.52086535237322
3745,51.081615566409724
3746,51.46751987776871
3747,51.632038876874105
3748,51.67162784347646
3749,51.530694378955026
3750,51.2282988432976
3751,50.69850740493848
3752,49.993026084800725
3753,49.21369584276162
3754,48.35158805695397
3755,47.50528697564932
3756,46.65381472939721
3757,45.75446000066323
3758,44.69757646488881
3759,43.561780563145206
3760,42.828418603989086
3761,42.50927020942251
3762,42.231611106149586
3763,42.14370035906265
3764,42.04236527429998
3765,41.887378683724855
3766,41.81591534945095
3767,42.17347172171213
3768,42.7676317121092
3769,43.190208926697714
3770,43.00855652617979
3771,42.371896618743286
3772,41.58382009940721
3773,40.48027356224509
3774,38.843635161529434
3775,36.97168859152907
3776,34.91565910238782
3777,32.93411668475068
3778,31.39074515117385
3779,29.93609959420072
3780,28.415472952349333
3781,27.259793418623055
3782,26.424405996584046
3783,26.221988677661148
3784,26.60532673353895
3785,27.197851354571693
3786,27.840985043940012
3787,28.860942789321403
3788,30.05641871629242
3789,31.54903564076645
3790,32.94609232505521
3791,34.00518878327789
3792,34.868203859649036
3793,35.675230286860405
3794,36.00918231429599
3795,35.95170161942251
3796,35.72058313447035
3797,35.58941527707836
3798,36.06836308055399
3799,36.62503532695248
3800,37.270184578017975
3801,38.05206505373304
3802,38.83373887978117
3803,39.90785385864482
3804,41.08576750200958
3805,42.27076547270802
3806,43.45734154019238
3807,44.77904880460882
3808,46.0451288235751
3809,47.39299130453362
3810,48.68879504456528
3811,49.66437272172839
3812,50.56344054607124
3813,51.378649287556215
3814,52.06334212158817
3815,52.55537046120277
3816,52.949055162736066
3817,53.26828491218398
3818,53.696826888933884
3819,54.069658408706296
3820,54.57411808139076
3821,54.90151153644488
3822,55.26430957725583
3823,55.82705322767651
3824,56.34526260320392
3825,56.67935042311739
3826,56.88488412749731
3827,57.18692946271466
3828,57.525375538216984
3829,57.888821992526935
3830,58.484845006327824
3831,59.11685642787093
3832,59.58451046789604
3833,60.18750890339177
3834,60.7149619411379
3835,61.02514785838637
3836,61.301958998012424
3837,61.396789336919
3838,61.516577247868206
3839,61.78068874213522
3840,62.25713772479928
3841,62.79571140015468
3842,63.43151382206143
3843,63.92381196578598
3844,64.42748476060596
3845,65.02269331461024
3846,65.69578024843037
3847,66.41632169493604
3848,67.03321586191197
3849,67.55540400152334
3850,67.96907717468821
3851,68.30956401454365
3852,68.6307803151519
3853,69.07815668626922
3854,69.27956528013574
3855,69.57487038970662
3856,70.24197826694493
3857,71.3762629333971
3858,72.61063903703352
3859,73.71189009352489
3860,74.87112449155
3861,76.48203424226219
3862,78.12707288280197
3863,79.33768969670469
3864,79.95524613381083
3865,79.87960130546873
3866,78.98755548319164
3867,77.34615628393158
3868,75.11342889327213
3869,72.65283184110963
3870,69.97046784229242
3871,67.34037460340667
3872,65.04851251509007
3873,63.29394865414954
3874,61.945554407572374
3875,61.00675212277733
3876,60.18999413500564
3877,59.71969511212568
3878,59.91719021656323
3879,60.285620576475914
3880,60.76413410352379
3881,61.56616348279176
3882,62.610547843842696
3883,63.84886203577969
3884,65.16976696414704
3885,66.4126705769892
3886,68.02320719391886
3887,69.71797349396974
3888,71.36183249444886
3889,72.77992440069715
3890,73.7653969406189
3891,74.57225944229297
3892,74.9616771418215
3893,75.13908727692716
3894,75.41815527460807
3895,75.53195025019735
3896,75.5644963578248
3897,75.6907055077414
3898,76.03451223836737
3899,76.92716251297222
3900,78.10509202322896
3901,79.68856117582008
3902,81.41464885388922
3903,83.04881575444432
3904,84.3892233240709
3905,85.64223326988174
3906,86.91890192011411
3907,87.94446987075939
3908,88.66374204775154
3909,89.2581687057513
3910,89.94883621075155
3911,90.7289582112829
3912,91.55269582090318
3913,92.05786077686801
3914,92.41770870989124
3915,92.7080184437475
3916,93.02710546502284
3917,93.11118019035551
3918,92.98214828163844
3919,92.46588931762246
3920,91.43588937198048
3921,90.05271145065784
3922,88.37754076036785
3923,86.27604776381543
3924,83.84484166482818
3925,81.38475108817897
3926,79.04621794257005
3927,76.71558832762287
3928,74.37795969151793
3929,72.11041640114303
3930,70.15564949598738
3931,68.5996042764594
3932,67.24669643586682
3933,66.06966661455128
3934,64.86206258802572
3935,63.78960051206845
3936,62.88126206990861
3937,61.87563663667315
3938,60.844967065811616
3939,59.853878417898734
3940,58.92474784195102
3941,58.12315568430025
3942,57.25519271663046
3943,56.2169280744766
3944,55.11413434214644
3945,53.97225405698462
3946,52.776031936182164
3947,51.43762331305209
3948,49.92953338735057
3949,48.50378116157339
3950,47.45980878177734
3951,46.637654196272585
3952,45.89419434317416
3953,45.24167660627487
3954,44.928731369411636
3955,44.636619564734424
3956,44.37797127321053
3957,44.11816701573251
3958,43.59465445251934
3959,43.08963666999756
3960,42.440488870419145
3961,41.67968752019617
3962,40.89584164582486
3963,40.2804067987645
3964,39.46760325346156
3965,38.659136938982265
3966,37.58180172001181
3967,36.572520265953216
3968,35.55858529813772
3969,34.66798844786231
3970,33.88330175264273
3971,33.20271263599243
3972,32.59837091482023
3973,32.15052822753661
3974,31.67701484745259
3975,31.243494777032083
3976,30.87531302576901
3977,30.358082206722347
3978,29.783578529286174
3979,29.142405602709555
3980,28.718619312965007
3981,28.55199948814994
3982,28.712930865778304
3983,28.776556050348653
3984,28.80112793107098
3985,29.157297377753032
3986,29.83941687510613
3987,30.83505751527632
3988,31.78423334655774
3989,32.93621746496686
3990,33.938443647982794
3991,35.50357910537741
3992,37.782798991916906
3993,40.34463990601425
3994,42.97750395614199
3995,45.39990392899552
3996,47.67041478342307
3997,50.0605986905806
3998,52.32321051091812
3999,54.15247713912554
4000,55.94913526698031
4001,57.81972985693478
4002,59.61246796221195
4003,61.601108810128444
4004,63.699956484047014
4005,65.6557080116726
4006,67.47183413228579
4007,69.35562373773328
4008,71.27464385864813
4009,73.71569685963266
4010,76.17969392050504
4011,78.43541306531229
4012,80.03578682572049
4013,81.41307104807056
4014,82.79247038794662
4015,84.16394587198069
4016,85.45431869512669
4017,86.59546110666722
4018,87.31742684152994
4019,88.0245776571709
4020,88.66522148807194
4021,89.06898634502845
4022,89.37034355978012
4023,89.82730445685839
4024,90.39094664090632
4025,91.07520273785445
4026,92.0589523400619
4027,93.51369339962058
4028,94.98849880350328
4029,96.46610698033051
4030,97.9207803747257
4031,99.14051536477022
4032,100.44412458204148
4033,101.56768510248835
4034,102.05801854553441
4035,101.9098169992133
4036,100.84877049283361
4037,98.92468272422143
4038,95.90400429086964
4039,92.06437250813154
4040,87.54146870012461
4041,82.30925909682256
4042,77.06631831619907
4043,72.02752037304052
4044,67.33805502826499
4045,63.43148027030102
4046,60.11156576726508
4047,57.223240149623805
4048,54.859424619932916
4049,53.05617004087671
4050,51.86191405164562
4051,51.339831335237946
4052,51.480627553477994
4053,51.855392275880874
4054,51.98785535454138
4055,52.12877040330495
4056,52.08538092844725
4057,51.59547720069011
4058,50.66321649999111
4059,49.06878524232204
4060,47.2278349834649
4061,45.26878851315511
4062,43.5129321242945
4063,42.01546371521026
4064,40.652044024279675
4065,39.431267596395934
4066,38.506691458454924
4067,38.24832103684016
4068,38.59779665573614
4069,39.053480551099405
4070,39.523398837915565
4071,40.2599574727728
4072,41.527950219332155
4073,43.03033047907759
4074,44.19581513043391
4075,45.009669598950055
4076,45.30577630183567
4077,45.286675181424656
4078,45.06926778782042
4079,44.78599094743384
4080,44.30091005696235
4081,43.7886353320287
4082,43.31378993361915
4083,42.84474934360714
4084,42.32650002409876
4085,41.635545843289144
4086,40.83273106704393
4087,39.65868175554113
4088,38.125425479936446
4089,36.47074319456738
4090,35.01587537011275
4091,33.729901617092324
4092,32.69418463930671
4093,32.097758693124945
4094,31.947235980684287
4095,32.21465660953307
4096,32.88863526642532
4097,33.91598140899283
4098,35.13914934930445
4099,36.73276865965885
4100,38.590914163525525
4101,40.56576251876232
4102,42.50315399018229
4103,44.42288594021133
4104,46.093052736736595
4105,47.78787455602426
4106,49.46641668515734
4107,51.07924758547697
4108,52.395942513182064
4109,53.445532333213826
4110,54.32228755705101
4111,54.859724007548
4112,55.0840747329923
4113,55.0821320054836
4114,54.7014893904268
4115,54.06966384301709
4116,53.371365777801394
4117,52.76645853451983
4118,52.38130571394025
4119,52.26489035451131
4120,52.24244143004198
4121,52.39078062566315
4122,52.767233048755315
4123,53.44671356518805
4124,54.39264707934286
4125,55.54599444365304
4126,56.98631014331528
4127,58.47080203879211
4128,59.917132924714174
4129,61.19064458216471
4130,62.56825852485649
4131,64.12530852002277
4132,65.7152283796395
4133,67.39861224077272
4134,69.16239021110609
4135,71.08062102552974
4136,73.2739681251957
4137,75.43276243878374
4138,77.56900811591456
4139,79.58770426112592
4140,81.47427221227846
4141,83.09839806611097
4142,84.31025307723368
4143,85.20882144676247
4144,85.80855832197467
4145,86.20019085969506
4146,86.47914111357042
4147,86.52361510184535
4148,86.32054076200791
4149,85.81114374048876
4150,84.95565159583249
4151,83.59754561515878
4152,81.54382606298125
4153,78.95039047160338
4154,76.12509393964875
4155,73.02338966758418
4156,69.95273788970069
4157,67.0163800654932
4158,64.56149292392524
4159,62.48861779139172
4160,60.60541266092539
4161,58.96702419741968
4162,57.60113425598631
4163,56.58177476828519
4164,55.89759013991525
4165,55.624332511513074
4166,55.515017711882805
4167,55.46566311775118
4168,55.46963113942111
4169,55.30115093970218
4170,54.916151701587495
4171,54.34756929544786
4172,53.63378286651436
4173,52.969161680743305
4174,52.50329606110291
4175,52.431612491457734
4176,52.59796649741031
4177,52.73329628158371
4178,52.90534025762787
4179,53.184090432417406
4180,53.50496098443496
4181,53.64972872642611
4182,53.759575295779605
4183,53.78962536130116
4184,53.7961825338172
4185,54.02100275970976
4186,54.41348069045743
4187,54.7876877756046
4188,54.97218026399751
4189,54.96835293990183
4190,55.00412665700304
4191,55.22494688847028
4192,55.53186654671958
4193,55.97978493678273
4194,56.77099820759099
4195,57.7554080427274
4196,58.803937991121
4197,60.15744158392555
4198,61.90490078110205
4199,64.05895098645937
4200,66.65883803835341
4201,69.14063436834539
4202,71.49180344110025
4203,73.72727475169151
4204,75.6125268793088
4205,76.43330542124974
4206,76.9123082044894
4207,76.53111830784826
4208,74.48587287008098
4209,71.61127104592862
4210,67.5193378747938
4211,62.68768752989705
4212,57.94026684632633
4213,53.15686240730087
4214,48.9636020505684
4215,45.74189235769242
4216,43.431964665246696
4217,42.18088867582869
4218,41.09245256503503
4219,40.948513196908124
4220,41.319925422123355
4221,42.049979609558335
4222,42.80374931411596
4223,43.608129885963784
4224,44.410647987052926
4225,45.41294698413673
4226,46.578893915674286
4227,47.885218282467505
4228,49.23002087853908
4229,50.80313527603247
4230,52.51542202893275
4231,54.341456082244186
4232,56.040929702787324
4233,57.65824543008512
4234,59.06268509865474
4235,60.208652974208945
4236,61.096831255878364
4237,61.788365868897486
4238,62.28521222587144
4239,62.41088112986928
4240,62.194651198232
4241,61.638089853651564
4242,61.10823820285595
4243,60.72490119922543
4244,60.3991425602122
4245,60.0638855440739
4246,59.646640147046135
4247,59.168815235333476
4248,58.69428303203364
4249,58.105892413009386
4250,57.41969814318946
4251,56.53466506804098
4252,55.34668510099814
4253,53.8645657265838
4254,52.206762564642
4255,50.401192817759885
4256,48.31536610657782
4257,46.126119724612195
4258,43.83510244033311
4259,41.35603633164387
4260,39.179626484823785
4261,37.4917867318565
4262,36.43512271093985
4263,36.01860724287513
4264,36.366028882079135
4265,37.60685751610484
4266,40.40302694672161
4267,43.91430287804952
4268,47.864080844777476
4269,52.11750668656804
4270,56.5293354901838
4271,60.942652726999924
4272,65.02054425871843
4273,68.47703766642414
4274,71.44637620874481
4275,74.0297007405638
4276,75.99652946989734
4277,77.66722723159876
4278,78.96605170383594
4279,79.92798333301727
4280,80.95736967121388
4281,82.11417340842063
4282,83.14958220126447
4283,84.11844164744357
4284,84.85299552883028
4285,85.52330053277451
4286,86.24296282362897
4287,87.033608359991
4288,87.87361851451618
4289,88.62828236285604
4290,89.41723869679585
4291,90.00318289023375
4292,90.16577579353608
4293,89.91807937306027
4294,89.12286831143315
4295,87.76970555638621
4296,85.84690777479285
4297,83.34634792152356
4298,80.4457257635291
4299,77.32282562726155
4300,74.20482680453726
4301,71.31330990398223
4302,68.79704393617058
4303,66.68542209630316
4304,65.0028848026081
4305,63.78529734125506
4306,62.9722068918643
4307,62.39426678355255
4308,61.880108514453745
4309,61.45204332484433
4310,61.05587262768318
4311,60.539692463887036
4312,59.568871257051896
4313,58.25143067329459
4314,56.74776498845731
4315,55.24655169514308
4316,53.499619856052576
4317,51.61360423757118
4318,49.585115190783355
4319,47.76477281638475
4320,46.19517802170652
4321,44.82971657626466
4322,43.57188229648897
4323,42.485110182578914
4324,41.77086583342857
4325,41.375650230530326
4326,41.139624567798926
4327,41.32164123955333
4328,42.07088879932269
4329,43.56782868290305
4330,45.94643569873715
4331,48.84325478629018
4332,51.36348739246132
4333,54.20518864993936
4334,57.303200728344294
4335,60.56947419963216
4336,63.943350993485765
4337,67.47266030038357
4338,70.9395355206373
4339,74.24951684551857
4340,77.26714149785067
4341,79.96814458948703
4342,82.36611326411808
4343,84.21003725344713
4344,85.65676033190628
4345,86.73513093435122
4346,87.50576614645892
4347,87.8263944446218
4348,87.84966068506013
4349,87.7440881405052
4350,87.5868184477873
4351,87.52170990034824
4352,87.2385126195285
4353,86.71532462863534
4354,86.08993912333857
4355,85.60575230007885
4356,84.94849962373368
4357,83.86238554069898
4358,82.21009835660739
4359,79.85046204255494
4360,76.97134792605245
4361,73.79440814142245
4362,70.1500419272768
4363,65.9217724133181
4364,61.52875546768585
4365,57.16380185360728
4366,53.00429493623652
4367,49.02930741101888
4368,45.47349730789779
4369,42.2485021030659
4370,39.27101769310262
4371,36.60420264108339
4372,34.0274367467414
4373,31.396520850976163
4374,28.80349946835527
4375,26.23988696574841
4376,23.757899511416653
4377,21.49811154343228
4378,19.560508883518448
4379,18.055659472926184
4380,17.050463170530733
4381,16.339075441066477
4382,15.846561192838239
4383,15.537759163620166
4384,15.40419655227958
4385,15.29512537596222
4386,15.247152039146375
4387,15.347238201123774
4388,15.407947169798524
4389,15.460763972545553
4390,15.711219712284695
4391,16.227947483467194
4392,16.766699655575973
4393,17.395593090495158
4394,18.298052504007785
4395,19.508951275911414
4396,20.87108327715908
4397,22.574834984081214
4398,24.670912683653413
4399,26.814641900583062
4400,28.99719806720301
4401,31.383550421485698
4402,33.864081132975805
4403,36.388877124885596
4404,38.8609441950025
4405,41.259740351677095
4406,43.741224482875595
4407,46.25387659271291
4408,48.76163936146875
4409,51.07374850412613
4410,53.230740916826285
4411,55.05754120341552
4412,56.8280556651964
4413,58.5933127164587
4414,60.44365970355604
4415,62.273166015531444
4416,64.15406858926792
4417,65.8872838834482
4418,67.58732855337496
4419,69.09417245451141
4420,70.40513817842393
4421,71.26649122506481
4422,71.73068300889251
4423,71.88118082336402
4424,71.97033430459517
4425,71.90241380997969
4426,71.7474460007741
4427,71.54566604078158
4428,71.51344119735079
4429,71.71740653631706
4430,71.86817256451951
4431,71.8572569334177
4432,71.56777836302541
4433,70.83739834796197
4434,69.59108420658247
4435,68.00621963308238
4436,65.80243744176782
4437,62.793645486705316
4438,59.125674230156584
4439,55.01263909511644
4440,50.914483615180906
4441,46.86666161882787
4442,42.64880532905084
4443,38.83625346512458
4444,35.95747740323115
4445,33.81776365893396
4446,31.956212701395405
4447,30.749402628233668
4448,29.869250529456295
4449,29.18600882322592
4450,28.978398814998126
4451,28.939598955148863
4452,29.027770099890077
4453,29.13597758939719
4454,29.084849631688513
4455,29.208985753043866
4456,29.493012838995824
4457,30.51332537335248
4458,32.04852711879582
4459,33.88446971020498
4460,36.226942805354064
4461,38.58319038750959
4462,40.80770388817578
4463,42.76484102162599
4464,44.34171016310299
4465,45.60248792654898
4466,46.78609407673696
4467,47.606377290248616
4468,48.01419773538578
4469,48.1784828853631
4470,48.50835194594296
4471,49.035712518210744
4472,49.47143251338001
4473,49.95529126293772
4474,50.86484748802148
4475,52.38111631743475
4476,54.28857971929767
4477,56.630242427720866
4478,59.419292528533994
4479,62.330508813428445
4480,65.3037849297798
4481,68.25272258880311
4482,71.20097802972896
4483,74.21217680708473
4484,76.93124327946188
4485,79.38626117314803
4486,81.41051593377972
4487,82.61154352208744
4488,83.31372987498932
4489,83.59288049647807
4490,83.26765754112294
4491,82.52128256523115
4492,81.29026647245232
4493,79.82295040485357
4494,78.19500281576836
4495,76.48772524326985
4496,74.81035177833064
4497,73.29728179597156
4498,72.1379525919546
4499,71.26887799058474
4500,70.80684446932746
4501,70.95246436912734
4502,71.25159546911017
4503,71.51183952609523
4504,71.95921180831755
4505,72.62406103611372
4506,73.4137406393363
4507,74.25997314205722
4508,74.96948118910838
4509,75.42347197851757
4510,75.77735567122268
4511,76.28303551308645
4512,76.89643636634662
4513,77.2358722113612
4514,77.26499854094084
4515,77.38855975245345
4516,77.6021686260824
4517,78.02681943319496
4518,78.49368868485975
4519,78.83261076989326
4520,79.09379977288671
4521,79.49576343317857
4522,79.97750422366285
4523,80.87716335125504
4524,82.08134220404534
4525,83.22361161788074
4526,84.19971149431458
4527,84.68863514154437
4528,84.98085414758984
4529,84.98641586701505
4530,84.60627173751392
4531,83.8587729262683
4532,83.10731034950508
4533,82.21099597846016
4534,81.62887715036698
4535,81.07448596612453
4536,80.51697500167685
4537,80.1411458176475
4538,80.23803162042117
4539,80.32938854692252
4540,80.43947788598646
4541,80.07429826359
4542,79.85791582611252
4543,79.56398162861092
4544,79.20871617467466
4545,78.74329753819559
4546,78.03419718536534
4547,77.12493776427242
4548,76.28208883224728
4549,75.31475879583188
4550,74.29334036554195
4551,73.11469523992439
4552,71.81481384290886
4553,70.50977654278225
4554,69.16964807817436
4555,67.8675341287857
4556,66.54392508482786
4557,65.37813531328743
4558,64.71008375857102
4559,64.58199555454797
4560,64.47055881704793
4561,64.77563359395381
4562,65.34815298757404
4563,66.4063141544733
4564,67.94690648935249
4565,69.8284763508241
4566,71.96960726178072
4567,73.97683045318976
4568,75.86025837748235
4569,77.62285208281148
4570,79.43304855360522
4571,81.27559933229428
4572,83.16114948274557
4573,85.28686780488454
4574,87.3494454200837
4575,89.47917196843133
4576,91.47022938734749
4577,93.27517743996225
4578,94.83528544889404
4579,96.15248388206854
4580,97.27366193837565
4581,98.03311492758428
4582,98.56439199884448
4583,98.8331588940529
4584,98.79607665992248
4585,98.43085812436948
4586,97.89205007401395
4587,97.0795725277248
4588,96.10143182502276
4589,95.26059723061756
4590,94.19484356500439
4591,93.2630886766848
4592,92.54476634918332
4593,92.03826848177613
4594,91.6596740285929
4595,91.45189061591762
4596,91.3092210430145
4597,91.09932731903969
4598,90.92945936969141
4599,90.74535402247909
4600,90.4909221614963
4601,89.89227107426713
4602,89.14543701995638
4603,88.3185984082314
4604,87.67456897703264
4605,87.20424613618246
4606,86.74097199713593
4607,86.2800829646422
4608,85.94480878566624
4609,85.78842889466411
4610,85.77159905386421
4611,85.85992810565291
4612,85.8834642232774
4613,85.98989637313191
4614,86.36830887342745
4615,86.83522676671544
4616,87.41454401673944
4617,87.91855002426033
4618,88.46512071731426
4619,89.13603726793431
4620,89.99007078651805
4621,90.8398999491551
4622,91.73196684319305
4623,92.66070611484334
4624,93.63146077118206
4625,94.62095563222199
4626,95.39802541797125
4627,96.16758427707326
4628,96.8902174929737
4629,97.26973466415484
4630,97.58829168468881
4631,97.79032271487574
4632,97.86097150976553
4633,97.68751709634844
4634,97.16335634183707
4635,96.51272776108588
4636,95.74133446645854
4637,94.86042884508596
4638,93.9787513131084
4639,93.07926264273209
4640,92.00941422844505
4641,90.75633787079357
4642,89.37700023825292
4643,88.00289809617881
4644,86.62634768870251
4645,85.15579086534395
4646,83.58488289298532
4647,82.08597786765236
4648,80.68736975443385
4649,79.32939842368653
4650,77.96317196250195
4651,76.60133379362382
4652,75.347904802525
4653,74.29383232677313
4654,73.30121767103644
4655,72.41988068362045
4656,71.78357910151962
4657,71.2691093957669
4658,70.73376800309889
4659,70.1311552110088
4660,69.4194191531222
4661,68.68015241901608
4662,68.04498611945189
4663,67.50807233157079
4664,66.9424509896613
4665,66.33886936833855
4666,65.55358090398072
4667,64.87280277562462
4668,64.26765838275075
4669,63.69499444622525
4670,62.719979460782795
4671,61.584690238023704
4672,60.14997807521111
4673,58.520420788152684
4674,57.10270594841186
4675,55.2279615142336
4676,52.993049081507735
4677,50.89138166537979
4678,48.921920434396505
4679,47.11554109253982
4680,45.39353789361495
4681,44.137062124773415
4682,43.24459442644165
4683,42.52680466273571
4684,42.130483546805756
4685,42.2379490000709
4686,42.418310814041085
4687,42.60719481625875
4688,43.15252403369654
4689,43.850602839465445
4690,44.940900864448565
4691,45.83885886935536
4692,46.395512523261104
4693,46.82093879657251
4694,47.22046126714859
4695,47.7956367112947
4696,48.32144108074485
4697,48.86569366958003
4698,49.53437889491965
4699,50.69675487625534
4700,51.92254093008987
4701,53.30135463855312
4702,54.42882988762821
4703,55.14824777255786
4704,55.31951327384641
4705,55.391190458929515
4706,55.417803398368086
4707,55.71181597978688
4708,55.70213671058249
4709,55.60936030836204
4710,55.62815900836837
4711,55.79442932614585
4712,56.115958522154195
4713,56.56241300031251
4714,57.02762705812985
4715,57.87907594542372
4716,59.379189477067314
4717,60.77846409653234
4718,62.09509639174608
4719,62.92291926282997
4720,63.03451351367588
4721,62.40214501065224
4722,60.88243230685981
4723,58.6760123010124
4724,56.01961845653431
4725,53.0202432713598
4726,49.900586178070384
4727,46.97594170066015
4728,44.32813648234647
4729,42.17611564851385
4730,40.57850841495573
4731,39.188590121760164
4732,38.23946340528061
4733,37.56430329532468
4734,37.189448562520056
4735,37.11200352412847
4736,37.495165301641464
4737,38.12796532049729
4738,38.884607196988775
4739,39.78248672210005
4740,40.58902951784279
4741,41.43187241305465
4742,42.39350468144408
4743,43.39936411777038
4744,44.59438830164864
4745,45.84064638257325
4746,47.21684115852529
4747,48.89470310419664
4748,50.87742508300853
4749,52.953616376248895
4750,55.01268851439948
4751,56.94123325763478
4752,58.80099072138914
4753,60.51424456579189
4754,62.105219661210434
4755,63.541013737592856
4756,64.94576450261823
4757,66.40979074213286
4758,67.85676218674578
4759,69.30394682596923
4760,70.78518306994245
4761,72.34835079726533
4762,74.02775837262685
4763,75.73755809516733
4764,77.48867376314573
4765,79.36154309091864
4766,81.49438664879582
4767,83.67271791811646
4768,85.83444341318274
4769,87.9521116052999
4770,89.92225370507676
4771,92.04819727532464
4772,94.16366962913094
4773,96.09962152535627
4774,97.7253091439904
4775,99.07453653028679
4776,100.07736469263016
4777,100.75220935427171
4778,100.94332787596939
4779,100.56601471260299
4780,99.77833748758454
4781,98.85541532076522
4782,97.74247856303766
4783,96.59883567556417
4784,95.34084172161604
4785,94.31864857947039
4786,93.50344409349397
4787,92.83090685565995
4788,92.24579945874433
4789,91.78929890938086
4790,91.29435706795485
4791,90.96933220796957
4792,90.78431510181032
4793,90.4793370571524
4794,90.06740962599937
4795,89.63189404274124
4796,89.38000700603061
4797,89.5425782777681
4798,89.85908837712789
4799,90.1102108357671
4800,90.13740788513245
4801,90.12090794205612
4802,90.11670105649219
4803,90.07961582477182
4804,89.65212870226954
4805,88.67417929523795
4806,87.21038637315347
4807,85.53802903734179
4808,83.8141055204965
4809,81.91234124872862
4810,79.76520307513711
4811,77.57350118270435
4812,75.309489588945
4813,73.3304978293708
4814,71.57415673941162
4815,69.94748258804066
4816,68.50034624018154
4817,67.17267475089636
4818,65.80896977607273
4819,64.46147933472997
4820,63.07597260163443
4821,61.484418604894074
4822,59.898893306323124
4823,58.21062435828214
4824,56.569365227759285
4825,55.08051978555276
4826,53.88290230945192
4827,52.82126846485231
4828,51.9214707494566
4829,51.06054284941412
4830,50.49938162050003
4831,50.18201557654557
4832,50.05746020208935
4833,50.002721182617584
4834,49.972432756028766
4835,50.07836639596736
4836,50.43426238013932
4837,50.91801925828312
4838,51.53029893371954
4839,52.548380530613784
4840,53.893859123327324
4841,55.31831851916106
4842,56.9877533811675
4843,58.80537756855425
4844,60.578479350866196
4845,62.12107790147759
4846,63.75603952608488
4847,65.24601133575173
4848,66.48846582134563
4849,67.48327758941595
4850,68.53520651591785
4851,69.38430254569059
4852,69.91786286287456
4853,69.97909906449698
4854,69.63544767529561
4855,68.85259703912293
4856,67.65836281781895
4857,65.8437702508649
4858,63.73183593953358
4859,61.47939005547302
4860,59.2252649380461
4861,56.931148175888104
4862,54.3239513070489
4863,51.67710358950652
4864,49.17451382354855
4865,46.9968103726639
4866,44.843053464863985
4867,42.83542626591564
4868,41.20004117501372
4869,39.991054065096336
4870,39.31239747745639
4871,39.15575409593686
4872,39.04411758214058
4873,39.2050351166367
4874,39.61375164581255
4875,40.11803246431339
4876,40.86974446994718
4877,41.8273256592818
4878,42.93143797260607
4879,44.071034424895615
4880,45.26960899867181
4881,46.34661977601306
4882,47.62752420619555
4883,48.7622734783844
4884,49.90326093404407
4885,51.448357132306164
4886,53.41564145364436
4887,55.501280672041624
4888,57.52351837359848
4889,59.398526578013595
4890,61.118077052090555
4891,62.84906549222603
4892,64.31863802194917
4893,65.28777264582438
4894,65.82892540825988
4895,66.01876053485718
4896,65.99780159537752
4897,65.85099426508064
4898,65.51134387935629
4899,65.17295818498874
4900,64.8734973302561
4901,64.5497996739717
4902,64.26818271300428
4903,63.74474918544022
4904,63.28416918173468
4905,62.82945706230136
4906,62.323632951345814
4907,61.82805088925781
4908,61.20930847823735
4909,60.361585311189735
4910,59.78615017395528
4911,59.1774370083735
4912,58.52196133501852
4913,57.770562253517085
4914,57.274712164574375
4915,57.22668962912879
4916,57.65274555531501
4917,58.377279566402045
4918,59.47947059012007
4919,60.772520057763195
4920,62.09301930664648
4921,63.53921397631229
4922,65.02541673929929
4923,66.57253061055398
4924,67.95089288852459
4925,69.15503444432977
4926,70.29819120990986
4927,71.4648741443423
4928,72.48118057164136
4929,73.35438505504341
4930,73.84909877893237
4931,74.24427174270669
4932,74.49098116459322
4933,74.50264945453584
4934,74.31404456827282
4935,74.0319426398891
4936,73.35731997381585
4937,72.49387958298283
4938,71.30791827607928
4939,70.02076829619438
4940,68.59753708973487
4941,67.0984136280017
4942,65.72169306903082
4943,64.63479239093044
4944,63.92844087152766
4945,63.50953942234073
4946,63.21769915517233
4947,62.9772223451424
4948,62.69995949994822
4949,62.127372566202766
4950,61.2706910867277
4951,60.22194147536641
4952,59.44708521488479
4953,58.66359830106134
4954,58.10370638993435
4955,57.63074110508493
4956,57.51452220857557
4957,57.86528939361715
4958,58.79486793668802
4959,59.60360126915968
4960,60.6915285673602
4961,62.08536655200346
4962,63.696525550785886
4963,65.88619583129122
4964,68.07085021057489
4965,70.62398149135822
4966,73.21126298172183
4967,75.69661207714918
4968,77.95559871512694
4969,80.12089217211232
4970,81.92399855696712
4971,83.45583537359677
4972,84.54810515015205
4973,85.31134516218539
4974,86.01099990686089
4975,86.75625457506723
4976,87.37771614880256
4977,87.65429245156325
4978,87.73304813333098
4979,87.93090064076098
4980,88.33721942630244
4981,88.98062903822441
4982,89.88152450446006
4983,90.76516891792583
4984,91.69375066538836
4985,92.75611893069414
4986,93.63664505588288
4987,94.10814989457522
4988,93.98726082272057
4989,93.22300290535415
4990,92.02825409364524
4991,90.38992199675589
4992,88.6540734927514
4993,86.89393351609066
4994,85.10406299160807
4995,83.37507564640116
4996,81.92638443627645
4997,80.53859565476054
4998,78.97412281141268
4999,77.38416544367294
