,0
0,19.809784893191686
1,36.196629640150206
2,49.671753670513375
3,61.00078424728926
4,70.58091003980708
5,78.41113453381237
6,84.39310130146994
7,88.68905698778171
8,91.92440466504672
9,94.41840174927884
10,95.80579532361685
11,96.0655705906722
12,95.54713087686456
13,94.55826389415728
14,93.21487499890642
15,91.53418037267365
16,89.6537427065276
17,87.91023506157505
18,86.06606587554916
19,83.92415120538266
20,82.01203578846832
21,80.24099795923607
22,78.36051107186155
23,76.710571491152
24,75.36314980742273
25,74.05156991399852
26,72.61567463602339
27,71.3958498969092
28,70.61332023021386
29,70.21845248564877
30,70.48056247451444
31,72.10266755459969
32,75.11519056081367
33,79.21146446759916
34,83.9306487137751
35,88.91824300050294
36,94.13311331309038
37,98.92208327982874
38,102.80459729930888
39,105.94920922462225
40,107.94929864494962
41,108.50304111775581
42,108.2422333690669
43,107.79872681022356
44,106.75894737827366
45,104.9969368050863
46,102.94347300876652
47,100.26419087508542
48,97.50586243214771
49,95.10647733107447
50,92.76689669374713
51,89.63480438823754
52,85.34223830975621
53,80.86370983279461
54,76.71121442914828
55,73.3542121114733
56,70.59462229363304
57,68.193779152112
58,66.7819296459034
59,66.38549970766121
60,66.37586957241054
61,66.75127405873326
62,67.1973969981108
63,67.68926850969716
64,68.8781895301522
65,70.07254083535011
66,71.21118929763469
67,72.70518922161123
68,74.43787439022145
69,76.72244780574
70,78.56155380966713
71,79.57208975821443
72,80.1256200765183
73,79.89839596709935
74,78.87582249485321
75,77.51602124831172
76,75.53741344223836
77,73.83524499415523
78,73.04539409202727
79,72.33794807810649
80,71.86446275401383
81,71.95531949117753
82,72.48569163504222
83,73.6950369567811
84,75.2947061102917
85,76.47141477573487
86,77.34665527260216
87,77.99327762670528
88,77.62625470998722
89,75.75512821830948
90,72.72504868817164
91,69.15409998405221
92,65.19142456563999
93,61.00360784330424
94,57.44580494644778
95,55.280304094957756
96,54.39794080546731
97,54.423462062936544
98,55.31436370829691
99,57.02850780586071
100,59.541474797475786
101,62.87770281131826
102,66.81773473996786
103,70.6619899115798
104,73.71217545683385
105,76.07141208984014
106,77.7845002912339
107,79.28078358039244
108,80.44617493943194
109,81.3962588474299
110,81.80255237019817
111,82.4030609278999
112,82.87559362691262
113,82.83658685315827
114,82.80265095999198
115,82.43798461117255
116,82.07708450339943
117,81.74518304287656
118,81.42380671774649
119,81.07045495982308
120,80.5566567720586
121,79.94088069813466
122,79.39083496870602
123,78.72325141004131
124,77.60880238733561
125,76.02896880557452
126,74.60929043842644
127,74.04997024128888
128,74.15301649285293
129,74.8374812913243
130,76.24872659340838
131,78.59617985172389
132,81.88014474934839
133,86.25338082367725
134,91.05687174640487
135,95.72683718546328
136,100.22361820972796
137,104.18601320307434
138,107.528434265291
139,110.06548431415067
140,111.93080062560405
141,113.56879899604051
142,114.89735802056626
143,115.86666753139613
144,116.88932079933922
145,118.40691522449293
146,120.60983894117567
147,123.41201949856732
148,126.57727931686992
149,129.97546300760843
150,133.5387827261116
151,136.85230076855174
152,139.68743910306824
153,142.059067798386
154,143.9333735277258
155,145.28046917840956
156,146.26151360652486
157,146.9530272650615
158,147.6170950406708
159,147.9983268119141
160,148.1954407438438
161,148.58375507077014
162,149.16841572858695
163,149.61881063472953
164,149.81332459869523
165,149.61326911745118
166,149.17182252459008
167,148.3711794354163
168,146.9784566934242
169,144.95717132001505
170,142.28072360915246
171,139.952214100702
172,137.2411107855438
173,134.3390956164224
174,131.34205381396904
175,128.35807737243198
176,125.53564892577917
177,122.68499943162894
178,119.80703597004623
179,117.20406966307353
180,114.86484223296753
181,112.49213323818415
182,110.03120300247616
183,107.56474285752486
184,105.31015644330941
185,103.24048225483996
186,101.3989791093901
187,100.09546241109788
188,98.60956441223182
189,96.5954341596388
190,94.19751071631894
191,91.82455661679816
192,89.78994058113909
193,87.7897762369975
194,86.09744440351305
195,84.53854978597113
196,82.54456506466799
197,80.09594172547519
198,77.43119552252865
199,74.6071338759611
200,71.87232407589642
201,69.58536501925737
202,67.85408849820905
203,66.67246468080194
204,65.94255042814447
205,65.47905963783565
206,65.17717629267463
207,65.14455869282678
208,65.0595935339132
209,64.58704477634448
210,63.65864123982422
211,62.0816429398879
212,60.571820380687164
213,59.7065775908875
214,59.356724136461956
215,59.35345553059433
216,59.67401411704735
217,60.44677023951986
218,61.90622998399822
219,63.845101195964176
220,65.78003984387261
221,67.83788572242553
222,70.20938322222995
223,72.59763911598601
224,75.30973561701369
225,78.45058446984021
226,81.94492803520532
227,85.69001259546923
228,88.94823616289884
229,92.01374131951864
230,94.79837850594001
231,97.54610833778072
232,100.26511133253916
233,102.88927208580502
234,105.1473495904503
235,107.44658023363095
236,109.99224938257206
237,112.724185245097
238,115.27437149370905
239,117.41367242439493
240,119.44670921016673
241,121.50939066991452
242,123.10967707402888
243,124.43947736684798
244,125.83500978571206
245,127.43874381040428
246,129.1823234423655
247,131.27487973226172
248,133.55717589830456
249,135.88135927009102
250,138.0671115324127
251,140.36077104298667
252,143.12878995678983
253,146.5437165076372
254,150.5122220769161
255,154.01271647949235
256,156.77983401494072
257,158.44017461425403
258,158.7363374000209
259,157.19979415455035
260,153.49034074497246
261,148.59235079932824
262,142.61667716856994
263,136.0521754367514
264,129.65091172082612
265,124.27872498173647
266,120.4527391425524
267,118.0198401894461
268,116.0806897154139
269,114.37574145775258
270,112.71364457121277
271,111.36807017431936
272,110.5440562067812
273,110.16544964312932
274,110.47134185594582
275,111.26006298785083
276,112.32675419353012
277,113.58288091150675
278,114.71395424773183
279,115.4158308831819
280,116.4188186819228
281,118.21968620741171
282,120.20148782443974
283,121.65346741319183
284,123.14026792392322
285,124.43378436825952
286,125.55939310151822
287,125.89249026800455
288,125.45265094980479
289,124.58872885738319
290,124.0094912816275
291,123.59380341208573
292,123.86819213975814
293,125.25395025780816
294,126.8854703888637
295,127.99604463742511
296,129.3491590643561
297,130.83808309704443
298,131.81492748765797
299,132.49154636377423
300,133.03336304724542
301,133.36905018231408
302,134.04096068948854
303,134.95304537069856
304,135.78597174927492
305,136.5464914907669
306,137.16364123879737
307,137.6772547754337
308,137.98689530303528
309,137.9529689279732
310,137.35450910029368
311,136.27201905009036
312,135.10864270058116
313,133.6723793808568
314,132.0550327709824
315,130.57751378244905
316,129.08685429407385
317,127.38321795892213
318,125.33620449151792
319,123.0679421080606
320,120.66871619621446
321,118.00910387909774
322,115.62767622978731
323,113.84572637402115
324,112.72987588923606
325,112.34611270218838
326,112.46732690168245
327,112.8784801484054
328,113.77061697019668
329,114.1812756168627
330,114.27867389519227
331,114.93729336541696
332,115.83276819417073
333,116.37715749139963
334,117.08968278868807
335,117.90951493918756
336,118.38588999798168
337,118.25603137782227
338,117.91317599027153
339,117.7653070004489
340,117.77044969359787
341,118.04057664135941
342,118.27558708591195
343,119.20766491601046
344,120.65353760643579
345,122.0784107767572
346,122.70356615404515
347,122.53271826272925
348,121.96348705923381
349,121.20479339827345
350,119.8628005762482
351,118.2305505244436
352,116.24753603856423
353,114.35281705598777
354,113.03472610056282
355,112.13367514226243
356,111.25492862006215
357,110.65598431795469
358,110.67890196444786
359,110.93605761084791
360,111.66186050142448
361,112.18770439053482
362,112.24604693109927
363,111.79483056715334
364,110.63073940099811
365,108.96165210798756
366,106.85735441569204
367,104.08059431654863
368,101.07008741895433
369,98.70348539212061
370,97.07162777230414
371,96.28245817901856
372,96.4643915979817
373,97.72269464259773
374,99.90466589942052
375,102.7462312926462
376,105.84472002358478
377,109.00138715789183
378,111.86519776703048
379,114.04334220258212
380,115.23421103351323
381,115.77193955821807
382,115.472211877349
383,113.78499187424795
384,111.23437714105356
385,107.93134995266703
386,104.36766284443115
387,100.76492851144573
388,97.0903597415603
389,93.41397183825615
390,89.94692450051213
391,86.91719946265113
392,84.2745361953434
393,81.31976538049668
394,78.32783246105619
395,75.18339774524554
396,71.8440409044961
397,68.61049610661146
398,65.66521286065704
399,63.10281643667668
400,60.32222896356618
401,57.1052148008726
402,53.60899852400588
403,50.074471017274774
404,46.64762564630446
405,43.52410849407403
406,40.363273195342025
407,37.614166736882446
408,35.91769933633899
409,34.57944098395606
410,33.46847578575566
411,32.39914269901246
412,31.328498468413812
413,30.41076748700079
414,30.00849510985308
415,30.253250059828176
416,30.630105615016614
417,30.64750619648796
418,30.819378913855147
419,31.34334017516599
420,32.07049388255322
421,33.037575445520666
422,34.30335905827153
423,36.0554637068504
424,38.27062677812395
425,40.82998378202658
426,43.134317414483036
427,45.251943759821586
428,47.04465970741925
429,48.51744659608141
430,50.27852523376878
431,52.849480911053476
432,56.23515156783931
433,60.31064592112897
434,64.79398758480436
435,69.66282155983635
436,74.90654207643077
437,80.50108861803484
438,86.17923209926832
439,91.58795061267364
440,96.4489132908256
441,101.1133930325607
442,105.53741477775053
443,109.77703765772202
444,113.96058730989213
445,118.30466020743633
446,122.48357404331007
447,126.11383435818752
448,129.59759749633204
449,132.42535209090556
450,134.8376010504564
451,137.04006382885947
452,138.41999798553672
453,138.93612307270084
454,138.86026271275708
455,138.73765444338042
456,138.63098524902273
457,138.519187331178
458,137.99219152814726
459,137.13511922320845
460,136.23808898940266
461,135.34453514436458
462,133.65520745357526
463,130.90498501439117
464,127.38014271927867
465,123.68519962862283
466,119.92933772117276
467,115.83708232532229
468,110.99789839432243
469,105.65222655683516
470,100.81507187026635
471,96.3689765008926
472,92.55227650324906
473,89.21607542549499
474,86.71348485143619
475,84.77333025202452
476,83.58937921710327
477,82.95566553296132
478,82.4972831993388
479,82.67710228968123
480,83.38540974161332
481,83.77218871599824
482,84.00119908941919
483,83.78901622109119
484,83.44115556607936
485,83.38004780892815
486,83.26415443513483
487,83.49884164167725
488,84.5024471837449
489,85.9947997053336
490,87.83378836557962
491,89.94042166234455
492,92.17653461269876
493,94.34888972981719
494,95.94867011169002
495,97.36800759742738
496,99.05406930380188
497,100.90817319673972
498,102.36986896989313
499,103.38630464303489
500,104.16285103049493
501,104.80864842321706
502,104.96204487355257
503,104.36039547543066
504,102.8121207222497
505,100.69049583332485
506,98.61926376556366
507,96.91597013319075
508,95.35356314048046
509,93.37817790088324
510,91.44302003879852
511,89.80758956145206
512,88.24469397399125
513,86.88497481290034
514,85.62153953358829
515,84.8507859836491
516,84.03578787460273
517,83.28635822712948
518,82.79852582875574
519,82.96955155110776
520,84.3176259160907
521,86.53884285787336
522,88.86141916232242
523,90.51947553933864
524,91.49694607477879
525,92.31382997662736
526,93.2024793925162
527,94.35330316551557
528,95.89811884725209
529,97.60300645861699
530,99.48276289814004
531,101.97276925581625
532,105.21834175625432
533,108.70545275218295
534,112.13714018002999
535,115.27444670278662
536,118.08204922903843
537,120.72066885042977
538,123.10605295925947
539,124.94516156436165
540,125.79205069822181
541,126.31281705456443
542,126.86506299096757
543,127.44537291821919
544,127.73845520363447
545,127.52133973299105
546,126.6332510009244
547,125.03246412863747
548,122.85847306344135
549,120.14043827184076
550,116.94948798569801
551,114.09869605676347
552,112.18835055074175
553,110.64817547373625
554,109.73946185143785
555,110.092612680944
556,111.54967927215293
557,113.51802929341821
558,115.51163561328734
559,117.81755478424861
560,119.93537144822166
561,122.02912510856271
562,124.74600108461576
563,128.06885794974866
564,131.34798930478155
565,133.61783724866956
566,134.58806031586607
567,134.20465479964284
568,132.78711507888525
569,130.68159967310578
570,128.84980127007765
571,126.38874126141961
572,122.9642213704748
573,118.99186626246595
574,114.84690215633408
575,111.33247539755652
576,109.08268969027561
577,107.4661671490182
578,105.56702491801076
579,103.82842384989948
580,102.13650942026247
581,100.66574157688804
582,99.58445858045529
583,98.94412708592563
584,98.73802438089041
585,99.13788928839288
586,100.04370271021672
587,100.84612968411
588,100.99512711959007
589,100.57552177240103
590,99.29526561952888
591,97.53972195322862
592,95.06269305010294
593,91.98159983478944
594,88.69082693360949
595,85.73678122067652
596,83.1113578280766
597,80.12402425802621
598,77.22099377938713
599,74.5271024615196
600,72.08565875257189
601,70.21607577383422
602,68.87721719825217
603,67.9030337190698
604,67.35531743894452
605,67.1714988087204
606,67.20783350143398
607,67.42450816856072
608,67.81166771220798
609,68.5345319468438
610,69.69278767527025
611,71.21870844066115
612,72.81396853318311
613,74.27319842774139
614,75.43204878989631
615,76.50812047855558
616,77.49550903826078
617,78.45317365304754
618,79.05942931519472
619,79.12050101667771
620,79.04659929770021
621,79.02528222998427
622,79.17482342699238
623,79.88427586436386
624,80.84756692843409
625,81.43259833858217
626,82.0059789208934
627,82.50482002750417
628,82.77626284219309
629,82.58636659116794
630,81.92551269758324
631,80.70573628827263
632,79.10570113237287
633,77.52095523728873
634,76.15168761463572
635,75.44004504358111
636,75.11590183705368
637,74.99006263927812
638,74.96551310076372
639,74.95560080847174
640,74.83487090886538
641,74.24090812880019
642,73.80889397284204
643,73.30026766917467
644,73.02748044792853
645,73.05601955980845
646,73.35752432623013
647,73.46815633665027
648,73.66051034543676
649,74.0886826260554
650,74.37375071108089
651,74.1671059473549
652,73.8811630022882
653,73.44976610713294
654,72.53752054273983
655,71.62508925673836
656,70.97512191505652
657,70.76148046060364
658,71.9997754649458
659,74.97425428211457
660,78.92553565220624
661,84.08572760348264
662,90.33698493619647
663,97.23160388176645
664,103.39142358995645
665,108.49663324793022
666,112.89517592899338
667,116.95779248463376
668,120.9310821966711
669,124.33691897320061
670,127.05585464134478
671,129.6353756893496
672,131.74213177740023
673,133.18798990526196
674,134.07530815116914
675,134.2031705357475
676,133.44030221104737
677,131.76187152747326
678,129.3266870087346
679,126.6110524565492
680,123.46145265002781
681,119.92066236054079
682,116.10813105207369
683,112.39055395711071
684,109.15626188449292
685,106.17545953518625
686,103.21477415152567
687,100.71707151773947
688,98.6926223527846
689,96.65823923312632
690,94.52832897395784
691,92.71537571136855
692,91.23892686521339
693,90.09386353416257
694,89.12130964698895
695,88.78083904360665
696,89.59642518003254
697,91.19753972451325
698,93.16341477425729
699,95.09937755466561
700,97.60200810720433
701,100.6400394050484
702,103.95381916615251
703,107.3298363596256
704,110.67052191355523
705,113.98860469304901
706,117.28781225217598
707,120.43004881995009
708,123.52249770271686
709,127.02492623718291
710,130.8580835239274
711,134.11782589977315
712,136.04996233066416
713,136.47678194641384
714,135.71358258629832
715,133.29679798790463
716,128.6175520331718
717,122.32221932590659
718,115.25804553637316
719,107.03995108448778
720,98.30503001659102
721,89.94174146441941
722,82.97946397492268
723,77.59054026682179
724,73.38900964392329
725,69.82717787380102
726,67.38638425056207
727,65.88315420040082
728,65.12598282106642
729,65.1764837187103
730,65.48165709392751
731,65.92819098044359
732,66.4412806125111
733,67.310965525915
734,68.72780528552438
735,70.9376373289692
736,73.32209236095832
737,75.74881926083646
738,78.36698151284794
739,80.94315037604642
740,83.79175325955877
741,86.27003776821452
742,88.54407486070242
743,90.31701578011858
744,91.83687321454744
745,93.37050194639569
746,95.10254466502111
747,96.86671263286019
748,98.5005089600599
749,100.1315034704902
750,101.62255712757387
751,103.11548018491422
752,104.8439646230165
753,106.67890259155232
754,108.05928827705334
755,109.23616443196816
756,110.75895070585615
757,112.59094236116826
758,114.70685348118609
759,116.66233928267158
760,118.35424846707124
761,120.06651692147948
762,121.94300552353766
763,124.08654605223607
764,126.34289184004373
765,128.7491291057854
766,131.679528402156
767,134.98152808595938
768,138.6775836775145
769,142.04941693007902
770,144.7193302740577
771,146.63805677393987
772,147.53366883249066
773,147.26707880513726
774,145.93707717175872
775,143.72968614692397
776,140.92131462698532
777,137.95212096643309
778,135.23304587766575
779,132.72128845820237
780,130.35211350970417
781,128.11242216718668
782,126.15062158166083
783,124.09997786003731
784,121.55031073524889
785,119.01118321514576
786,116.76604963376906
787,114.68071379695223
788,112.00019746647982
789,108.78070095903838
790,105.63080365857812
791,102.3393441722558
792,98.51213412427101
793,94.64658670501049
794,91.01404409073552
795,87.56111454884216
796,84.31757063896137
797,81.57262619952292
798,79.18452453721146
799,77.39378495002919
800,75.72345584585008
801,73.75357266801156
802,72.01570407771321
803,71.02301038469035
804,70.39822644586798
805,70.44798468864846
806,71.51687856890307
807,73.23719404102835
808,75.397002649765
809,78.08710004372782
810,80.7508168940455
811,83.47841212699925
812,86.58179085279504
813,89.97516964867239
814,93.49617068801969
815,97.30321163888888
816,101.2017149384393
817,105.29083603070826
818,109.0104785935952
819,112.13373433631477
820,114.8098494765515
821,117.14675675352247
822,119.1154218969391
823,121.06767756733251
824,123.04036930730257
825,125.04179871684961
826,126.71833398367261
827,127.59381653410131
828,127.86044743704083
829,127.21529227899765
830,125.3945920615561
831,122.551982523194
832,118.93642562103719
833,114.65461848054831
834,109.89217444998228
835,105.43790992669376
836,101.72484723564175
837,98.40974190287372
838,96.04782212273489
839,94.70335018352654
840,94.27236815422053
841,94.87300821569342
842,96.4125960090589
843,99.01293846897032
844,101.57233413691343
845,103.74170775165548
846,105.93231507373778
847,108.2518775808067
848,110.97969490328185
849,113.89404176134012
850,116.9521806109901
851,119.66238831174967
852,121.82564870300503
853,123.65961056828004
854,124.85109099891724
855,125.88767897357161
856,125.93264502485732
857,124.69063616653952
858,121.891679079319
859,118.01358650608219
860,113.87716002037054
861,110.21963648290341
862,107.2321427614578
863,104.41999716250292
864,101.92114016513517
865,99.60696535490149
866,97.03350172481088
867,94.26611764278304
868,91.25685712832798
869,88.19549185326782
870,85.72825081954105
871,84.09242025327264
872,83.08471539266023
873,82.83164609389728
874,83.4395215386645
875,84.5201633056582
876,86.54906180278499
877,89.6914421166332
878,93.55021405757971
879,97.39757199879604
880,100.88346682301079
881,103.54678092897805
882,105.21358078294533
883,106.15777236687285
884,106.5795805004744
885,106.69858412774232
886,106.59610532245165
887,105.98334210333688
888,104.85723370460524
889,103.31260152317333
890,101.40418516564867
891,99.29959976623019
892,97.46258800863662
893,96.1440580415764
894,95.50786999961973
895,95.48582988576703
896,95.74924644944873
897,96.57623248004684
898,97.88416188559955
899,98.98814990629468
900,99.2825348366161
901,98.93985174172822
902,98.10500082717812
903,97.21503178283506
904,96.54651502632035
905,96.17269554922963
906,96.33037791647891
907,97.08389494611053
908,98.30130347552594
909,99.89391341927326
910,101.83230579564176
911,104.04871453701917
912,105.97699014201751
913,107.83603612882145
914,109.04879020586553
915,109.62944242558736
916,109.13963628036038
917,107.35126892193307
918,104.764854249783
919,101.99819077075357
920,98.77915966323216
921,95.50152533401219
922,92.41203744500862
923,90.34045540997339
924,89.80258299742803
925,90.48812780549831
926,91.82916932206342
927,92.74065016445566
928,93.20918908704408
929,93.48094994191196
930,93.79397806931104
931,94.36953273663279
932,95.19738636757951
933,95.90503212812774
934,96.05186755382229
935,95.42244441831039
936,94.5394212243526
937,93.78094005572883
938,93.46766219888441
939,93.48210864010079
940,93.79577209534959
941,94.43610733020039
942,95.95496493891412
943,98.55343653253453
944,102.43835866976168
945,107.50990813666344
946,113.31097539811756
947,119.26605915187625
948,125.28830979337096
949,130.50593578645572
950,134.65322878258928
951,137.42713218299164
952,138.68720183324427
953,138.74699071893258
954,137.49699673901665
955,135.17698321585777
956,132.13156049085123
957,128.61999417941698
958,124.97378429740962
959,121.5650068186215
960,118.69014618838419
961,116.35810030983119
962,114.46392057290667
963,112.82952660324779
964,111.54962464205694
965,110.54623515823667
966,109.7356716114678
967,109.04160911396508
968,108.36359876897232
969,107.77372976882863
970,107.13835341364724
971,106.0750331267224
972,105.24041642939021
973,104.88599567035138
974,104.69712244370541
975,104.493575496011
976,104.43042958778285
977,104.86524612215567
978,105.56448590322276
979,105.92807833014201
980,105.8963556476716
981,105.28432850029584
982,104.17291734868816
983,102.75283056666552
984,100.96595902696278
985,98.21867007202434
986,95.12121810801004
987,92.07717321933451
988,89.72365207396057
989,88.44554143020808
990,88.17796474463061
991,88.9406837952265
992,90.83767685492629
993,93.5194737972474
994,95.82940161044216
995,96.9700804317049
996,97.09530542105594
997,96.79333454502304
998,96.04252101681077
999,94.98141229779844
1000,93.98741887696316
1001,93.09297867241992
1002,92.31919669657806
1003,91.72907066275525
1004,91.43682566355362
1005,91.32611415986722
1006,91.55935921961806
1007,92.03436598132001
1008,92.70642059143894
1009,93.70470809031524
1010,95.32602467363587
1011,97.62570112962871
1012,99.92179748367612
1013,101.9867926561724
1014,103.94634094252963
1015,105.8343357138844
1016,107.51749499244694
1017,109.03791352895963
1018,110.39018528883378
1019,111.68623958327326
1020,113.13303360922681
1021,114.55073215248038
1022,115.94040421362608
1023,117.62618624262
1024,119.58118137547379
1025,121.86094990136382
1026,123.84434851888815
1027,126.18608878019734
1028,128.6169025790608
1029,130.93895723871964
1030,133.03816531997813
1031,134.93686742547058
1032,136.5597198551368
1033,137.84111277095283
1034,138.6136527263501
1035,138.792754014991
1036,138.56993891129804
1037,137.93677736311025
1038,136.9355220350635
1039,135.58175218572038
1040,133.89916663370678
1041,132.47685293950857
1042,131.63323829107625
1043,131.38402008121443
1044,131.54974683194908
1045,131.51901710694224
1046,130.97441402992018
1047,130.14581675271694
1048,129.1239438405859
1049,127.4832088736716
1050,125.25175922028544
1051,122.51513256279472
1052,119.26206933316124
1053,115.66656869011125
1054,111.91302586459277
1055,108.29970938249593
1056,105.44334006277391
1057,103.58929706087035
1058,102.90233335856257
1059,103.16573127111307
1060,104.11155279552007
1061,105.717669194962
1062,107.88837767786028
1063,110.37014015371696
1064,113.01244865591202
1065,115.80043710202321
1066,118.40236184352835
1067,120.48152310108634
1068,121.76847853560903
1069,122.05531657764892
1070,121.6181505529452
1071,120.78297448122566
1072,119.6140639836402
1073,118.13111766993534
1074,116.72289358341851
1075,115.23685303499597
1076,114.03882551888601
1077,112.67974007121809
1078,110.88766113696455
1079,109.1766778266521
1080,107.5580260591619
1081,105.94603518936172
1082,104.14932675763825
1083,102.58619042203884
1084,100.75986166240152
1085,98.98711631553834
1086,97.4359689115939
1087,96.21136280573819
1088,95.33689661411051
1089,95.08072225793164
1090,95.8393303971722
1091,97.43717919463862
1092,99.61863942878539
1093,102.27350209227859
1094,104.95713881784961
1095,107.64309744104449
1096,110.63108316257706
1097,113.99940506789885
1098,117.59290472003252
1099,121.55491274367958
1100,125.7013957181522
1101,129.86081947860313
1102,133.76528594304935
1103,137.43953248969507
1104,140.57248639829612
1105,143.40632515138824
1106,146.29170474989738
1107,149.25391714131086
1108,152.21529680821791
1109,154.84437002153808
1110,156.84113540241373
1111,158.37475249324655
1112,159.36376749278594
1113,160.06035912163844
1114,160.60790967425066
1115,160.9483218369402
1116,161.04871372528143
1117,161.0342723743168
1118,160.94355224625326
1119,160.73051928351984
1120,160.67814892901845
1121,160.87039119301147
1122,160.91765228259234
1123,160.59552770503097
1124,159.81583220259841
1125,158.7695071497996
1126,157.5754398847866
1127,156.52221147414446
1128,155.5510990951978
1129,154.6080361417625
1130,153.53565181481326
1131,151.8730380467457
1132,149.88017519177703
1133,147.7930442807183
1134,145.61420839779316
1135,143.23041170279532
1136,140.65994300869806
1137,138.20473453722778
1138,135.62809790062184
1139,132.53573074264125
1140,129.84537131519812
1141,126.84593433456918
1142,123.66900860620412
1143,120.36766204705098
1144,117.24307828629858
1145,114.01979094836616
1146,110.54236674857702
1147,106.97818075829876
1148,103.19903861220831
1149,99.60875985057449
1150,96.18306762370246
1151,93.12721876653018
1152,90.65220247955392
1153,88.90964234958933
1154,87.35511184258866
1155,85.87897277439484
1156,84.166021234186
1157,82.25360987516753
1158,80.59218862643377
1159,78.89581484611205
1160,77.44268061603198
1161,76.51638060036152
1162,75.76718505425718
1163,75.21721725214151
1164,75.1228950651244
1165,75.30060171660249
1166,75.60363391233095
1167,76.1107956795573
1168,76.7965217892431
1169,77.08820377161913
1170,76.90991067422684
1171,76.4975279391071
1172,75.71404569936459
1173,74.61231391688119
1174,73.26669623324443
1175,71.66146498652348
1176,69.88480644279801
1177,68.25047391948522
1178,66.66558667762052
1179,65.31050104641821
1180,64.26704778090365
1181,63.35902194643529
1182,62.64110116134416
1183,62.12553439251593
1184,61.60765029663226
1185,61.340097238295314
1186,61.13375873463359
1187,60.99028971962663
1188,60.84850118096706
1189,60.70709418778503
1190,60.476910566783936
1191,60.10825095399582
1192,59.668762688582895
1193,59.69338177547726
1194,60.43182218449304
1195,61.36959344404239
1196,62.22165991115594
1197,62.962957737544734
1198,63.77686950485682
1199,64.75657516081385
1200,66.02098658879696
1201,67.69029922965397
1202,69.53745068097348
1203,71.18045657569046
1204,72.24361734733287
1205,72.75920115769027
1206,72.84320793023566
1207,73.17836259456567
1208,73.51229710838197
1209,74.01527528794493
1210,74.45253601057175
1211,74.5638113382476
1212,74.86080767900947
1213,75.16611453393121
1214,75.37182258956648
1215,75.7028810934489
1216,75.84437361453611
1217,75.64192779193488
1218,75.37522844280399
1219,75.13305535057941
1220,74.77457658793772
1221,74.01102570765732
1222,72.81368036275767
1223,71.45272195760225
1224,70.36285146928402
1225,69.72137703277804
1226,69.22980034781209
1227,69.02291526245196
1228,70.03436867675629
1229,72.44108519176822
1230,76.31070736520782
1231,81.59958119435791
1232,87.52098918221238
1233,93.74154014332787
1234,99.5495630696294
1235,104.49223408253769
1236,109.03956428155391
1237,113.36789006462163
1238,117.46363040264951
1239,121.00014524350141
1240,124.2624565219573
1241,127.63162177344573
1242,130.9727751663692
1243,134.28510991669623
1244,137.6075283994325
1245,140.566138872709
1246,143.3967354904923
1247,146.114183522776
1248,148.4751293174516
1249,150.21672139978816
1250,151.14804887615253
1251,151.3902667599658
1252,150.95298221966135
1253,150.06661043756534
1254,149.29546698714182
1255,148.47472016374977
1256,147.89934445521635
1257,147.38443792079707
1258,147.08014342279316
1259,146.9330808968055
1260,146.8038524644365
1261,146.37291007168417
1262,145.35984547072385
1263,143.95438206032406
1264,142.2065221381813
1265,139.97759878521128
1266,137.13689721036832
1267,133.71106531079536
1268,129.72752456701102
1269,125.39627342634839
1270,120.92974612183839
1271,116.42960040644482
1272,112.22187283155526
1273,108.30685308466732
1274,104.44270773279172
1275,100.92054183833523
1276,97.94556188352267
1277,95.27063357072355
1278,92.77296632728421
1279,90.62935152765145
1280,88.58046901157223
1281,86.37490715887074
1282,84.22437163086852
1283,81.89347206366429
1284,79.78802102383152
1285,78.55635899048914
1286,78.07126606782586
1287,78.19634806266066
1288,78.73181479806065
1289,79.60433000065552
1290,80.60890565810799
1291,81.871193061082
1292,83.62436543332258
1293,85.4564668514959
1294,87.26835863719438
1295,89.54898269967458
1296,91.98009352091763
1297,94.3551762375549
1298,96.5338069305886
1299,98.21182033145911
1300,99.55684756281643
1301,100.94635906744807
1302,102.13470747366833
1303,103.1407945827
1304,104.10334717727805
1305,104.69052571741751
1306,104.93386584501428
1307,104.95570514658999
1308,104.80682977131924
1309,104.6141779701391
1310,104.68753744731505
1311,104.75136019245814
1312,104.92976359231777
1313,105.19645777187216
1314,105.47258270315427
1315,105.37867637818832
1316,104.80240230103233
1317,103.8800038815322
1318,102.8570147655948
1319,101.92740703977785
1320,100.91256288895411
1321,100.38380293379308
1322,100.42954998203639
1323,100.49797707821199
1324,100.88185189371379
1325,101.48181691490974
1326,101.97590873324773
1327,102.24688795961286
1328,101.82934037266797
1329,100.66161716942159
1330,99.01940658993782
1331,97.21520295763885
1332,95.26639368890442
1333,93.33096353261303
1334,91.17939583836434
1335,88.65239584867105
1336,86.0258090949108
1337,83.55784331240503
1338,81.44298880730395
1339,79.59249970358822
1340,77.7686720401344
1341,75.97910663625416
1342,74.60173303987739
1343,73.72292434826848
1344,73.26112776312002
1345,73.20501485711625
1346,73.58267467703219
1347,74.35847472507189
1348,75.29955055500747
1349,76.2571184200353
1350,77.24382497610958
1351,78.4827279147644
1352,80.17015069124727
1353,82.18174551380079
1354,84.2409896664236
1355,86.21048058205301
1356,87.82267714959617
1357,89.44065196115093
1358,91.2902164316022
1359,93.25786906079362
1360,95.41579521643732
1361,97.37011729484985
1362,99.07169992352551
1363,100.46826601309077
1364,101.43851279656555
1365,102.11116777575214
1366,102.64596652030352
1367,103.13561404991003
1368,103.5616074006677
1369,104.45319176275076
1370,105.76684301153773
1371,107.48977190369729
1372,109.49611871628649
1373,111.63205614182075
1374,113.84286548592281
1375,116.37350834828618
1376,119.04887980339655
1377,121.56106994829095
1378,124.18361735110447
1379,127.17529048634186
1380,130.67285520675378
1381,134.93686003108235
1382,139.562766529249
1383,144.06562722839297
1384,148.46897607749855
1385,152.45978526098887
1386,155.8613795538894
1387,158.67318365276574
1388,160.92551164130813
1389,162.62004709494937
1390,163.84499109098093
1391,164.84731875537773
1392,165.66887533915303
1393,166.42423367453333
1394,167.0136110682008
1395,167.37060308590486
1396,167.62445246446904
1397,168.0702956288116
1398,168.52234900704113
1399,168.7569112229649
1400,168.7882190366833
1401,168.6878780504699
1402,168.49488558532084
1403,168.09234380240434
1404,167.3766274203628
1405,166.53256066142015
1406,165.47561234135466
1407,164.3476233742426
1408,163.1553794666219
1409,161.61665988976466
1410,159.77666253107176
1411,158.13663307922712
1412,156.85549818166237
1413,155.97237652093898
1414,155.22236315668624
1415,154.70700973921964
1416,153.88379734344758
1417,152.3957455968503
1418,150.5571763724174
1419,148.29903561788413
1420,145.65867022542318
1421,142.8455795985912
1422,140.27829974731938
1423,138.05025456932464
1424,135.92064391166946
1425,134.06788263950946
1426,132.3852771990293
1427,131.04387034744795
1428,129.70817000070235
1429,128.48096909165213
1430,127.18803430222889
1431,125.73453270291377
1432,124.13118364737667
1433,122.0849494456356
1434,119.73230022574538
1435,117.04371981779678
1436,114.27968180401064
1437,111.92203034904985
1438,109.64095935963252
1439,107.02003756909991
1440,103.8628326313922
1441,100.05307102139935
1442,96.43535387923711
1443,93.29384828337768
1444,90.56985638395238
1445,87.98996024737632
1446,85.22104452751803
1447,82.27961104158587
1448,79.10907682681632
1449,75.89571945351847
1450,73.25364468966904
1451,70.97612887801947
1452,68.72365691170896
1453,66.79981224035686
1454,65.67250273917337
1455,65.42709675647873
1456,66.44400372365119
1457,68.8857149667866
1458,72.58454535047561
1459,77.08977264246847
1460,82.1424868915493
1461,87.3972381395927
1462,92.54248379593056
1463,96.97678434846412
1464,100.67894173411263
1465,103.87726701928676
1466,106.35692268969542
1467,108.35519333721699
1468,109.94449001914327
1469,111.30232886898779
1470,112.31453785898249
1471,112.85282915371704
1472,113.09692533564775
1473,112.85898255811806
1474,112.15620743334517
1475,111.12292935828178
1476,109.38095573704501
1477,107.4152922431626
1478,105.26234066277351
1479,102.82541167354178
1480,100.00892848861062
1481,96.84204751194676
1482,94.0868610622492
1483,91.54200690276153
1484,89.31620339358241
1485,87.35157338117072
1486,85.12322260250139
1487,82.39781057270302
1488,79.393244236916
1489,76.04553753007548
1490,72.5511987026987
1491,69.20712806374137
1492,66.2051521733991
1493,63.54179574447748
1494,61.18902634681926
1495,59.033478199424025
1496,56.88928398770079
1497,54.993045888311926
1498,53.44897685413619
1499,52.53751251613717
1500,52.30804299684248
1501,52.33771001695436
1502,52.51948229579765
1503,52.95965509319778
1504,53.26034999270701
1505,52.84925588782549
1506,51.89837608052535
1507,50.85194443107059
1508,49.83547575119604
1509,48.98262757640955
1510,47.92066755142304
1511,46.526383846103805
1512,45.00493909973157
1513,43.80785575180002
1514,43.08658852661097
1515,42.86933026023798
1516,43.250216037886574
1517,44.10701036618919
1518,45.21953542954759
1519,46.66706897862435
1520,48.49704915999273
1521,50.6124601316971
1522,52.96594334687417
1523,55.95499343470895
1524,59.12985124581766
1525,62.0234703442643
1526,64.72853522458054
1527,66.99589391811774
1528,68.8339437098158
1529,70.3440131921069
1530,71.89799100241588
1531,73.43794634967415
1532,74.89487801035095
1533,75.92807448522312
1534,76.65350757890099
1535,77.01308903998896
1536,76.98893425760645
1537,76.8732747135399
1538,76.53953138391067
1539,76.24917468713325
1540,75.97266759975092
1541,75.89028323998362
1542,76.16125946566108
1543,76.89682095058454
1544,77.93737143603629
1545,78.77994199457031
1546,79.4752556286471
1547,80.129109434744
1548,80.3521897858382
1549,80.45664021066638
1550,80.73397146259467
1551,80.7896947365591
1552,80.40176863124047
1553,79.75151010620546
1554,79.05011545993948
1555,77.9848447643517
1556,76.46932789260934
1557,74.81795497546842
1558,73.23257162433922
1559,71.49817868524308
1560,69.75800338413097
1561,67.79691762050176
1562,65.74653653186172
1563,63.728573343700816
1564,61.55251912987331
1565,59.38433403109045
1566,57.53438666365176
1567,56.03158285225666
1568,54.461968581272075
1569,52.83121503352614
1570,51.79632750294022
1571,51.51994128615186
1572,51.83838703794893
1573,52.64827800306786
1574,53.90494950921541
1575,55.64606617383967
1576,57.56115685551753
1577,59.1235393414998
1578,61.007516767445765
1579,63.59454701752502
1580,66.54269524425774
1581,69.42336996319511
1582,71.95185686528716
1583,74.26785732197973
1584,76.31904717441037
1585,77.94964180830436
1586,78.9052009379567
1587,79.81091037721784
1588,80.84390751240146
1589,82.03795580460474
1590,83.62659960631866
1591,85.63696705039995
1592,88.00845344154152
1593,90.66472412531874
1594,93.46279260209091
1595,96.36765468662782
1596,98.89488470017491
1597,101.68650892736085
1598,104.684394471997
1599,107.55285869292773
1600,109.94182135487169
1601,111.96409557324148
1602,113.78427073223753
1603,115.2309131627602
1604,116.34111978129509
1605,117.56376027322652
1606,118.95898590530777
1607,120.34687509117086
1608,121.56101710125068
1609,122.82792253989871
1610,123.70873762481162
1611,124.12708236726468
1612,124.24086334972276
1613,123.80473711281357
1614,122.77237189471775
1615,121.51382272965202
1616,119.82538782333204
1617,117.3601481634895
1618,114.35056099985026
1619,110.63591239851597
1620,106.67459369518942
1621,102.58090058921486
1622,98.33940228576273
1623,94.90010664179513
1624,92.15348946137937
1625,89.85173157957475
1626,88.4111181485932
1627,88.61643634107011
1628,91.11690068214081
1629,95.42163316970219
1630,100.53973896207549
1631,106.6319488368442
1632,113.18665762701089
1633,119.42241997653412
1634,124.57898384201405
1635,128.2353292268824
1636,130.6098935090192
1637,132.16365605129505
1638,133.3899474602004
1639,134.47024929137302
1640,135.20284258403476
1641,135.7666180144964
1642,135.88659395874635
1643,135.25457194953023
1644,134.54104596906186
1645,133.83375461042075
1646,133.37986515518296
1647,133.5046310621548
1648,134.06057621338383
1649,134.85222283006073
1650,135.71738829226655
1651,136.4663065566372
1652,136.85824840607017
1653,137.19923781507686
1654,137.0093698126175
1655,136.53703852378024
1656,136.0012391582588
1657,135.51771469845357
1658,135.32800096508083
1659,135.39857615067473
1660,135.5059274468015
1661,135.73440108271842
1662,135.9712823669903
1663,136.1785681237853
1664,136.38138810987545
1665,136.7016550465994
1666,137.15094410245976
1667,137.66224169160142
1668,137.93104143885793
1669,138.05128864496476
1670,138.1723381143579
1671,138.60445252321537
1672,139.33685174057842
1673,140.03771771234102
1674,140.6442642265202
1675,141.1975105974604
1676,141.46180949295552
1677,141.4750326730378
1678,141.1992747630356
1679,140.60869095136468
1680,139.64961784216595
1681,138.5681713993322
1682,137.2746514654485
1683,135.89858350357926
1684,134.14554005176925
1685,131.59957271490484
1686,128.33884117189666
1687,124.47742576139868
1688,120.11167076707123
1689,115.39838024200591
1690,111.66885400310312
1691,109.10958884546608
1692,107.38559826188208
1693,106.34080997877234
1694,106.4539279582651
1695,107.53101766165365
1696,109.2892994945299
1697,111.302924147977
1698,113.11834030921906
1699,114.7148984910744
1700,116.34489248726901
1701,118.22706381838947
1702,119.89463568012866
1703,121.17926070286617
1704,122.22018265483702
1705,123.3424834607658
1706,124.22430051549397
1707,124.65611910676404
1708,124.6455157067145
1709,123.92954365247543
1710,123.30664796528744
1711,122.09636363727809
1712,120.34496370812462
1713,118.87450589854058
1714,117.82235591198683
1715,116.69189304251277
1716,115.56825887641757
1717,114.59027054862418
1718,113.37164389914274
1719,111.46790632538554
1720,109.23846479816844
1721,106.84382793729962
1722,104.3935191687986
1723,102.02886209749019
1724,99.66416385584868
1725,97.46899066249486
1726,95.45377874519532
1727,93.44298304592975
1728,91.51229585444416
1729,89.39624391112055
1730,86.50561516229516
1731,82.51787947088309
1732,78.0585839827492
1733,73.21097223316393
1734,68.47725120445025
1735,63.96491224440525
1736,59.57256965993151
1737,55.65166405509536
1738,52.35256904060338
1739,49.57306469967214
1740,47.351809179430546
1741,45.739056752300634
1742,44.737888343051225
1743,44.14132077580748
1744,43.8126885403911
1745,43.61398441552793
1746,43.45798261656455
1747,43.024581464876306
1748,42.57311414287154
1749,42.67570413356117
1750,43.36908780089893
1751,44.523420099023
1752,45.46293933524552
1753,46.51344132586801
1754,48.05582225246998
1755,50.114806504905076
1756,52.74570679626465
1757,56.07902694355507
1758,59.810454682005236
1759,63.53368091322999
1760,67.35016349339853
1761,71.28492899063043
1762,75.1637025111072
1763,78.55215093753142
1764,81.42300935199538
1765,83.78277105218794
1766,85.73071200879326
1767,87.42542064103989
1768,88.4872861750717
1769,89.76130456027829
1770,91.92058266544299
1771,94.76201254378067
1772,98.30899358431657
1773,101.99743128835021
1774,105.04262657368758
1775,107.65897518785964
1776,109.76021785776436
1777,111.4771008426722
1778,112.89052772808444
1779,114.22575106547497
1780,115.38514520446333
1781,116.25633940428735
1782,116.17103954417821
1783,115.21911886006987
1784,114.05853438469379
1785,112.88612919270285
1786,111.8294036697881
1787,110.17889660959597
1788,108.0992924832497
1789,105.84290927922136
1790,102.91496891438223
1791,98.98394129881423
1792,94.65444502335498
1793,90.21702082150863
1794,85.86371374863764
1795,82.06460513794083
1796,79.06127351766862
1797,76.87601002713076
1798,75.85370225253816
1799,76.2514470997258
1800,77.75629398031232
1801,80.2018849794092
1802,83.36009477416908
1803,86.98415350064646
1804,90.42798991448304
1805,93.14197023827508
1806,95.1275100972318
1807,96.74843776082794
1808,98.10166008198158
1809,99.21912439275816
1810,100.25679562650797
1811,101.53086182350633
1812,102.57798224942543
1813,103.7299330917879
1814,105.1948245025482
1815,106.64429616306882
1816,108.19956077366561
1817,109.67767972549095
1818,110.79585124687938
1819,111.3706280441322
1820,111.16272821276235
1821,110.0012540920435
1822,108.42542960681519
1823,106.41159242934296
1824,104.65955408494213
1825,102.5684408456704
1826,100.5334300657781
1827,98.6337766997543
1828,96.88365123527662
1829,95.53879039227944
1830,94.39250803869537
1831,93.27514634730326
1832,91.97401488133677
1833,90.48922452024566
1834,88.80100606589991
1835,87.04273852799247
1836,85.70250061358745
1837,84.48613908952152
1838,83.12436902900187
1839,82.03002513052222
1840,81.61047934333763
1841,81.76946008154846
1842,82.16318590805848
1843,82.28439913180455
1844,82.41636958303853
1845,82.60006938448812
1846,82.5697016321341
1847,82.1869013484272
1848,81.24204521575366
1849,79.85829609619853
1850,78.22968947269345
1851,76.51836123170483
1852,74.72533022684848
1853,73.22187462124074
1854,72.3544983784598
1855,72.84252776633178
1856,74.93744901055219
1857,78.3394929425846
1858,82.72106290874993
1859,87.8182059394358
1860,93.32095202387592
1861,98.48087528912615
1862,103.24378696673458
1863,107.91532101505692
1864,112.90135509765815
1865,117.63718303222001
1866,121.56741146123215
1867,124.35866663382703
1868,125.68007080206237
1869,125.83748961630737
1870,125.0611495884861
1871,123.60656864694725
1872,121.7384732260099
1873,119.99130096901135
1874,118.02362742322046
1875,115.73097365122827
1876,113.37980521968609
1877,110.94439473414548
1878,108.55927380218095
1879,106.51542782137348
1880,104.47535564784714
1881,102.70049285687921
1882,100.72556282818141
1883,99.10192677249421
1884,98.06995153208544
1885,97.91133163903956
1886,98.39776902630308
1887,99.55571600658172
1888,101.30641508022892
1889,103.39967686439117
1890,105.40293336052233
1891,107.09177965911665
1892,108.56610916602874
1893,109.99071649375973
1894,111.0285958444122
1895,111.52411616291153
1896,111.9216665573925
1897,112.86641514440336
1898,114.52774625616436
1899,116.30501988171268
1900,117.83241114099832
1901,119.37033612642841
1902,120.61446253301227
1903,121.66374192211161
1904,122.78517148355104
1905,123.67392580868315
1906,124.05387198899149
1907,124.16733716562925
1908,124.14624018830426
1909,123.94382223987745
1910,123.9707749923617
1911,124.11997332750998
1912,123.82349561004577
1913,123.0071562144571
1914,121.73838337180045
1915,120.28517207188477
1916,118.79965190296339
1917,117.25493746139675
1918,116.5329571587206
1919,116.85052761742803
1920,117.71020101217778
1921,118.36937380233293
1922,118.79451721857146
1923,119.14600923076718
1924,119.26832398972081
1925,119.03922299664879
1926,118.4614230867473
1927,117.87011828831236
1928,117.34766624517393
1929,116.59285550679488
1930,115.5226615579671
1931,114.01030045930837
1932,111.81702563925249
1933,108.96913209974865
1934,105.4969084577545
1935,101.21577823879626
1936,96.5516327143578
1937,91.82964416673761
1938,87.72151413030804
1939,83.57064492004127
1940,80.2617704335175
1941,77.73788978444863
1942,75.27908136338029
1943,73.44909481333953
1944,72.53657730121719
1945,72.03471377700137
1946,71.91793656889287
1947,72.05128966222263
1948,72.16296024892179
1949,71.97078529464335
1950,71.55115242917711
1951,71.63358822497466
1952,72.41919401320301
1953,74.16824967195127
1954,76.68216327603497
1955,79.29398385893123
1956,81.85819052345732
1957,84.66808323562476
1958,87.95195164128992
1959,91.53883716338261
1960,96.0684903052672
1961,100.94658302392496
1962,105.87801646648592
1963,110.66111921109923
1964,115.13263910695846
1965,119.350647409301
1966,122.7796576200908
1967,125.66047595465102
1968,128.4577510620725
1969,130.52248709123825
1970,131.6536194638069
1971,132.03148311777966
1972,131.46807187805047
1973,129.85802719619016
1974,127.15497569377827
1975,123.76644498409773
1976,120.65633307168018
1977,117.80539934681961
1978,114.91979521028222
1979,112.00655244782511
1980,109.78452853679934
1981,108.30979364113104
1982,107.289156730161
1983,106.41995658575682
1984,106.04797444867403
1985,105.86884928033336
1986,106.18467944614511
1987,107.15521985128797
1988,108.22242512062505
1989,109.68583682730743
1990,110.83209702722544
1991,111.65498107822494
1992,112.30945314952602
1993,112.23599993698565
1994,112.17570697026879
1995,112.12325208922512
1996,112.2493938501829
1997,112.07802083489177
1998,111.3251231636533
1999,110.35375653045044
2000,109.86869600367288
2001,110.24535754557024
2002,111.7762400869143
2003,113.66277220053865
2004,115.50047456189402
2005,116.6334055803353
2006,116.27494351760072
2007,114.66287520125881
2008,112.45649735419752
2009,109.89330024365731
2010,107.02971773535468
2011,104.21718027766715
2012,102.22170437163662
2013,100.85500225449381
2014,100.00475134165998
2015,99.05297063661578
2016,97.87827893690562
2017,97.41259075677853
2018,97.81663726615233
2019,98.09618446290595
2020,97.96736123205353
2021,97.78844795225525
2022,97.93962956768519
2023,98.75049765534334
2024,100.04447239766681
2025,101.36101985861774
2026,101.97223403396009
2027,101.65992191957382
2028,100.67951907329291
2029,98.98533772927509
2030,96.50982499320946
2031,93.37402252053872
2032,89.78846362340414
2033,86.67099749763854
2034,84.90660826090527
2035,84.06220623976716
2036,83.41524156693515
2037,82.81036772674278
2038,81.96307894072615
2039,80.55797153578578
2040,78.56867079966501
2041,76.46812141103997
2042,74.51586183395266
2043,72.08057663087293
2044,68.81238914789952
2045,65.29036379850899
2046,61.98893469820604
2047,59.22585548154168
2048,57.01049612182603
2049,55.40471149593785
2050,54.428477205439634
2051,54.00654210850695
2052,53.639458574175514
2053,53.387089536446446
2054,52.96902240589883
2055,52.74958376900537
2056,52.94078457706832
2057,53.33042309945409
2058,53.88677146700283
2059,54.816336438359805
2060,55.347243976355465
2061,55.4780311729006
2062,55.66029418450317
2063,56.055209893277215
2064,57.33498153305102
2065,59.823695532992886
2066,63.3223821816944
2067,66.70715130527181
2068,69.41978877915679
2069,71.6099057374396
2070,73.98078310200009
2071,77.36739705590138
2072,81.86867897510946
2073,87.36990261903642
2074,93.68381857246796
2075,99.97979305700355
2076,105.67919552782226
2077,111.0428686127436
2078,116.281500397524
2079,121.49427344655138
2080,126.2138181482708
2081,129.9811545880839
2082,132.43302239945695
2083,132.91334106841921
2084,131.09315403574118
2085,127.23640956541779
2086,122.01266180824503
2087,115.46903527321153
2088,108.53725158591752
2089,103.09021463264244
2090,99.7143243685584
2091,98.41087368126654
2092,98.83397509426626
2093,99.89677971595644
2094,101.07749446538566
2095,102.65242769245694
2096,104.44506868188292
2097,106.16473141688903
2098,107.63943955859745
2099,108.37032336457524
2100,108.49062411979669
2101,108.86049164567471
2102,109.65812724305164
2103,110.53522143900469
2104,110.95599773217997
2105,110.88688979770369
2106,110.3350315292917
2107,108.93141384286294
2108,106.59267857107861
2109,104.55797888462624
2110,102.21146584629906
2111,99.79621066378144
2112,97.42616947091585
2113,94.79946703481612
2114,92.29898285166826
2115,90.14516664205664
2116,88.2050290970158
2117,86.66701124968857
2118,85.53006979188096
2119,85.25413999677846
2120,85.83718064690018
2121,87.13536867245905
2122,88.43016186102119
2123,89.4053454282669
2124,90.23537189037899
2125,90.90750404678396
2126,91.39410362773947
2127,91.24374890087779
2128,90.93317735230175
2129,90.74606310707627
2130,90.87087396997032
2131,92.0612585261234
2132,94.09233569043086
2133,96.70350930801789
2134,98.48878518245766
2135,99.3678460318957
2136,99.61580461680397
2137,99.32648212506152
2138,98.40367153625999
2139,97.24731721083131
2140,96.95326892469467
2141,97.67439661803066
2142,99.12105514013
2143,101.60973517753857
2144,104.51418583221084
2145,107.99725342394487
2146,111.90638462169393
2147,115.9218057254428
2148,120.0441830782568
2149,123.67278254431297
2150,126.19096843623686
2151,127.95870745715426
2152,128.9828065552046
2153,129.34901832516968
2154,129.88063864344633
2155,130.35642830022587
2156,130.63659264520845
2157,131.38965885982986
2158,132.87411087190512
2159,134.3550430739151
2160,135.21348714379843
2161,135.63824280869736
2162,135.9373248585659
2163,136.2299023809692
2164,136.3763813734069
2165,136.4598795687006
2166,136.5325229986061
2167,136.44898556844038
2168,136.08103007306926
2169,135.39360281698362
2170,134.74762979615858
2171,134.11303341456144
2172,133.23269408949324
2173,131.89028354984674
2174,130.15497732204284
2175,127.67824979766044
2176,124.95081725546864
2177,122.14815353011247
2178,119.13901790175045
2179,115.94508379652999
2180,112.70396930675079
2181,109.24776122440333
2182,105.2550414342937
2183,101.01170946917769
2184,96.73011421853397
2185,92.72998864907498
2186,89.19446085722142
2187,85.88245883355287
2188,82.75660225362205
2189,79.90083281600684
2190,77.13539562111141
2191,74.34877821839173
2192,71.80077786713477
2193,69.57271871783952
2194,67.30147593554396
2195,64.94351903117818
2196,62.79731444901843
2197,60.91546358257369
2198,59.1419030492347
2199,57.42492830173308
2200,55.67872841259096
2201,53.93913242159446
2202,52.055978075428534
2203,50.388588831984876
2204,49.418041072751464
2205,49.18755670265639
2206,49.649134651038736
2207,50.522965287042496
2208,52.003505333992116
2209,54.066672381213735
2210,55.975548896859365
2211,57.88954346545178
2212,59.809613276017274
2213,61.39412900645268
2214,62.92562200248108
2215,64.56680675238415
2216,66.15857935677369
2217,68.01566095227557
2218,69.73369621355683
2219,71.60265657771971
2220,73.8175878189089
2221,76.24079337325476
2222,78.46799689692945
2223,80.40566396252643
2224,82.0230723822994
2225,83.59586467271231
2226,85.19541400712419
2227,86.728664307837
2228,88.32160756439104
2229,90.20788098961985
2230,92.1468736679798
2231,93.95769087424125
2232,95.2013619398601
2233,96.031492959438
2234,96.87859038038857
2235,97.94249410735921
2236,99.00762687929505
2237,99.70214468382161
2238,99.50104786667531
2239,98.20531679489977
2240,95.97165714610496
2241,93.00626487996912
2242,89.52430852520443
2243,85.48476484278862
2244,81.38657494313999
2245,77.43733221076565
2246,73.44199653204495
2247,69.44973012367755
2248,65.29681643608436
2249,61.12299934232575
2250,56.8404078534102
2251,52.53109816765339
2252,48.519344735296414
2253,45.2066282723044
2254,42.875494329337045
2255,41.622957010203386
2256,41.27253957650729
2257,41.78627925706054
2258,43.1094438167549
2259,45.112280601803896
2260,47.6624646266301
2261,50.14562224758146
2262,52.172867090231506
2263,54.2219279576773
2264,56.26484029040615
2265,58.23993791785862
2266,60.17275653527174
2267,61.90018563351762
2268,63.46368410446169
2269,65.15327983080505
2270,67.00382043770685
2271,69.14778270009428
2272,71.81831781071598
2273,75.16274024245631
2274,78.8005605629059
2275,82.45938843884622
2276,86.08986426369228
2277,89.62621003548333
2278,93.62716879107126
2279,97.86806931359266
2280,101.55765276818627
2281,105.33172187238998
2282,108.95226588817174
2283,112.42032811297626
2284,115.92326158882825
2285,119.17926708253451
2286,121.86793026076465
2287,124.08509554973523
2288,125.54966253437853
2289,125.99229461602438
2290,125.42951373972105
2291,124.39482645481706
2292,122.60517619833456
2293,120.27912454482565
2294,117.89636057423633
2295,115.93398592330831
2296,114.3889282318464
2297,113.17547756602933
2298,112.28726339373596
2299,111.58093736222774
2300,110.91389678995546
2301,110.24565345929267
2302,109.42810604789162
2303,108.6225662253241
2304,108.10900106139266
2305,107.78453399050312
2306,107.50530604537842
2307,106.59879723878821
2308,104.9134356926712
2309,102.80157818617924
2310,100.59634882608336
2311,98.06338667689477
2312,94.85691856415846
2313,91.25750441575111
2314,87.57398406317529
2315,83.85838100765906
2316,80.14235959955182
2317,76.65300821986429
2318,73.31818938626714
2319,70.18105926445577
2320,67.09065344623544
2321,63.906431282216424
2322,60.89687024583882
2323,58.51083946552555
2324,56.40473594271705
2325,54.67394522589438
2326,53.45800358982434
2327,52.63716519970008
2328,52.165486785086024
2329,51.52204212573671
2330,50.77421891433625
2331,50.340661560027655
2332,50.18581816822601
2333,50.42690017369112
2334,51.24283225535463
2335,52.87378361892454
2336,55.37244768941147
2337,57.546285430735104
2338,60.39842144869554
2339,63.79036555968955
2340,67.33820196791359
2341,70.93525799074882
2342,74.47756934636871
2343,77.85073184962377
2344,81.09531937460928
2345,84.09737917829258
2346,86.72509815623084
2347,89.17309994064549
2348,91.90373582749297
2349,94.71845593678087
2350,97.3106054314651
2351,99.68164742662411
2352,102.31744261009791
2353,105.00376895303386
2354,107.66432789707665
2355,110.33100366717579
2356,112.74869508698832
2357,115.10855500105129
2358,117.68597387252578
2359,120.21867527159111
2360,122.62283171406413
2361,124.80691914657692
2362,127.13950736144369
2363,129.49648661787438
2364,131.81782600777538
2365,134.14767741604774
2366,136.67462067332735
2367,139.23540220112073
2368,141.6610206644829
2369,144.07140410100672
2370,146.36915559312297
2371,148.50411932350102
2372,150.46859717557254
2373,152.1815641363905
2374,153.73902733449478
2375,155.1147334979172
2376,156.03332587285428
2377,156.51221685462662
2378,156.86356332203752
2379,156.94055505304226
2380,156.24389424341024
2381,154.82968867285052
2382,152.84172564024684
2383,150.56054937625274
2384,147.90198523224572
2385,144.7450193123438
2386,141.63133026291177
2387,138.4647846590808
2388,135.5331311226263
2389,132.44710402217808
2390,129.1615038329397
2391,126.22784873601664
2392,123.44268027343627
2393,120.93384785432428
2394,118.75116364969685
2395,116.59706591655222
2396,114.62884620206353
2397,112.79907821045774
2398,111.55632041953089
2399,111.29692691117839
2400,111.17529563056729
2401,110.83261750233758
2402,110.24136546548404
2403,109.25340257618012
2404,108.52814745444381
2405,108.3887903810321
2406,108.12206765048018
2407,107.81229979062631
2408,107.39000053561875
2409,106.84669427868204
2410,106.40444432355176
2411,105.78490997172138
2412,105.08383714724505
2413,104.53636233853818
2414,104.02064496606499
2415,103.18521276113621
2416,102.31597756092864
2417,101.49252807129174
2418,100.8215482820326
2419,100.11660909425277
2420,99.29482754915702
2421,98.23599575144772
2422,97.240251525562
2423,96.4727413187307
2424,95.54222341161226
2425,94.2340248106375
2426,92.4598739225011
2427,90.4475987791427
2428,88.29369045596357
2429,86.03456906792661
2430,83.83839544072451
2431,82.08996121503142
2432,80.8683608814032
2433,79.94834943338846
2434,79.37242293499997
2435,79.16837633646789
2436,79.3580813870729
2437,79.92205585464971
2438,80.5455360404445
2439,81.00779796908247
2440,81.34233415359348
2441,81.72934637506248
2442,82.30726371755925
2443,82.9288079538656
2444,83.40760723869194
2445,83.8517249663097
2446,84.10793605895594
2447,83.92799896701686
2448,83.63309996708173
2449,83.65178708131917
2450,83.7560650119915
2451,83.84678681167642
2452,83.94960512018432
2453,84.02773665025728
2454,84.65998818314048
2455,85.79551965759343
2456,87.23805487510839
2457,88.98745752889953
2458,91.02258100153229
2459,93.26062389222659
2460,95.61722480507596
2461,98.09098828487456
2462,100.72664465902402
2463,103.70716694447056
2464,106.86921729695544
2465,110.11758410756394
2466,113.25786342995423
2467,116.68344604405719
2468,120.70712485727293
2469,124.88822073355018
2470,128.92085615177194
2471,132.9250070286966
2472,136.8101955273034
2473,140.35357377870392
2474,143.77899770281752
2475,147.0445544824042
2476,149.9413046255554
2477,152.5980972567371
2478,155.01360637643614
2479,156.84086890584254
2480,157.69441072844498
2481,157.5952050968859
2482,156.05187897173278
2483,152.65166581974236
2484,147.41616544660207
2485,140.60533648669386
2486,132.44278336325937
2487,123.92279844580162
2488,115.58199429906603
2489,107.96973313531791
2490,100.74397255606809
2491,95.02343364904408
2492,91.57064214139693
2493,89.51512470392922
2494,88.74186503914798
2495,89.01797134188665
2496,89.19508795711684
2497,88.75769497267903
2498,86.63564343754607
2499,83.51060993074555
2500,79.37573136013151
2501,75.07050566469053
2502,70.86641950151213
2503,66.90815374194383
2504,63.65780041859092
2505,60.75281886057965
2506,58.220425577234025
2507,56.493036993648104
2508,54.99020892592836
2509,54.43162879874868
2510,54.47377262280712
2511,55.12344114464517
2512,56.566830745451306
2513,58.60898571109935
2514,61.937795675209195
2515,66.10579283062802
2516,70.83520895481169
2517,76.45901081934865
2518,82.25806880633456
2519,87.98050996348094
2520,92.94421887374824
2521,97.36039910201725
2522,101.2047367564408
2523,104.02769546181419
2524,106.34333361321484
2525,108.47256261816013
2526,110.2119535720783
2527,111.64807778225102
2528,112.56962881598562
2529,113.15411571958875
2530,112.91022760870665
2531,111.50552448560046
2532,108.69440160727827
2533,104.29300870125192
2534,99.17919811830323
2535,93.90186580368352
2536,89.43633129353466
2537,86.3208131325257
2538,84.42332975470754
2539,83.81608918379712
2540,84.63013571105466
2541,86.71155387831271
2542,89.87426272639833
2543,93.65489175670203
2544,97.53353046755166
2545,100.7663407216274
2546,102.52723859618246
2547,102.80438315497328
2548,101.98072314474842
2549,100.22426650047564
2550,98.10539504649213
2551,96.31134830863252
2552,94.50643313241441
2553,92.97638904820647
2554,91.52354306768441
2555,89.82814588590028
2556,88.0638457671272
2557,86.29450072802221
2558,84.2824565368013
2559,82.13379945628087
2560,80.13827958406034
2561,78.59919424056112
2562,77.65203431309709
2563,77.23893129407158
2564,77.05117374812836
2565,76.88782468315777
2566,76.42047645419373
2567,76.02482069130635
2568,76.00204191805646
2569,76.38886548347854
2570,77.66402371835837
2571,79.24777954287322
2572,80.06463514495006
2573,80.75124387193469
2574,81.73575878151676
2575,82.96066058795007
2576,84.18964507825527
2577,84.72403641313339
2578,84.56087585461938
2579,84.35549577626804
2580,84.9293716034993
2581,86.26970117732421
2582,87.45555522564275
2583,88.56129743910002
2584,89.36824930460504
2585,89.73319354004339
2586,89.69825378629272
2587,89.77856255426335
2588,90.50323648837683
2589,91.72378453950772
2590,93.5002610534265
2591,96.22956547511363
2592,99.61218416270964
2593,103.05516154009052
2594,106.0076132361663
2595,108.01793574391525
2596,108.70234332164007
2597,107.83186387668509
2598,105.67422849505985
2599,102.57146164827672
2600,98.67091567757731
2601,94.30110991179873
2602,89.6596536168757
2603,85.19720318037307
2604,81.46795356255258
2605,78.6592246798213
2606,76.68726919372443
2607,75.32939169690658
2608,74.19372435511731
2609,73.20321515600011
2610,72.13566569588441
2611,71.02901942607869
2612,69.84051680657268
2613,68.19081262181581
2614,65.85382399419754
2615,63.30520741047551
2616,60.642502509651116
2617,57.98123952033949
2618,55.34380615735418
2619,52.596993718369504
2620,49.762972383495395
2621,46.97417053349772
2622,44.54791292399974
2623,42.820983120120324
2624,41.9473074094883
2625,41.76494541423906
2626,42.41071341993388
2627,43.60113611314169
2628,45.143463630597644
2629,47.15172400718352
2630,49.26360321100675
2631,51.38407182989004
2632,53.523588301010456
2633,55.472461318594696
2634,57.22182076523448
2635,58.724719368436595
2636,59.73113838515251
2637,60.2040813476504
2638,60.47621239219873
2639,61.034543301250615
2640,61.96984447748916
2641,62.52401555681916
2642,62.74147926496502
2643,63.17996332406236
2644,64.0737136089194
2645,65.17778754832969
2646,66.449214487907
2647,67.67422052370169
2648,68.60937370411992
2649,69.24179651503027
2650,69.93379754235966
2651,70.83555030412924
2652,72.07682436837294
2653,74.27366901227556
2654,78.14355255112318
2655,83.21024519893733
2656,89.16347628296634
2657,95.90959610906043
2658,102.95562533792291
2659,110.1278316642367
2660,116.68001896130666
2661,122.59551188544
2662,127.77823384147514
2663,132.19795692020475
2664,136.2430021707967
2665,140.16094613101185
2666,143.5374456963929
2667,145.8309520418674
2668,147.05797301615576
2669,147.74536357896844
2670,147.85393018457734
2671,147.03416840448887
2672,145.38940065089497
2673,142.93172756369987
2674,140.16208772211345
2675,136.97898871290207
2676,133.04336212364615
2677,128.21002120883173
2678,122.25394695641147
2679,117.07216235680583
2680,111.27814878614828
2681,105.45819929670051
2682,100.16043460342317
2683,95.80715550789586
2684,92.16062572574239
2685,88.84786803563874
2686,85.55612101518902
2687,82.06044638465247
2688,78.75153976322348
2689,76.00914272880578
2690,73.91766870363146
2691,72.59601054808522
2692,72.03917544329889
2693,72.13273812833376
2694,72.52608220805854
2695,73.3542328676468
2696,74.41655578703433
2697,75.22082896689761
2698,75.5297998939417
2699,75.89436520898812
2700,76.89047943623743
2701,78.70960976371953
2702,81.31974452378213
2703,84.70126085171023
2704,88.1202576864859
2705,91.01766366468416
2706,93.32137854985699
2707,94.70471987053122
2708,95.30165897156712
2709,95.37772393858472
2710,94.56290922923255
2711,92.55498275846901
2712,89.80129126680532
2713,86.18299163842411
2714,82.0115680849905
2715,77.43804470058816
2716,72.2245600659875
2717,67.07720426219113
2718,62.4738263713412
2719,58.43779102878307
2720,55.06568614991538
2721,52.51738688030727
2722,50.67304322354909
2723,49.24873042984372
2724,47.95691789354624
2725,46.96098513831842
2726,46.53985697968659
2727,46.60193807689044
2728,47.301527270190874
2729,48.45163243271151
2730,49.47423192398149
2731,50.585374677821974
2732,52.066576428884204
2733,53.83181696669005
2734,55.67413484207043
2735,57.62480113596847
2736,59.32188081165976
2737,61.54409495760251
2738,64.59185719253499
2739,68.29958650974865
2740,72.12865538695937
2741,75.52007668958748
2742,78.18610583049917
2743,80.36015183599119
2744,82.66898531465559
2745,85.71893857822387
2746,89.60094893130108
2747,93.99990121261507
2748,98.33005085472982
2749,102.60454911149446
2750,106.69759600608816
2751,110.27237763536087
2752,113.7005819990812
2753,116.77612608461418
2754,119.49067545953146
2755,121.95007179415802
2756,124.53821562621233
2757,127.61245153623705
2758,130.99382183143808
2759,134.47360409050586
2760,137.77810577456887
2761,140.5319926255873
2762,142.9855367829485
2763,145.46780913018404
2764,147.93923438234782
2765,150.2253559257748
2766,152.14979308404864
2767,153.17553202585285
2768,153.0583838832594
2769,151.99212356452225
2770,150.02002169384846
2771,147.30230778605232
2772,144.26337581179317
2773,141.27900729886682
2774,138.44326071457684
2775,135.63227825086747
2776,132.86020829224407
2777,130.19604490596626
2778,127.72452086280394
2779,126.07879112365626
2780,125.00169252075648
2781,123.89671120803055
2782,122.30748636989131
2783,120.60789600467692
2784,118.93458748645283
2785,117.19979655191523
2786,115.5364573369215
2787,114.17066864621786
2788,113.36995295752122
2789,112.89053344875617
2790,112.52779566025136
2791,112.38511003091318
2792,112.52760905568842
2793,112.65158320724288
2794,112.96726503032569
2795,113.22381307604624
2796,112.96124948401092
2797,112.68850504703323
2798,112.41010000321587
2799,111.93504520744573
2800,111.9324266054289
2801,111.9176400804658
2802,111.66375485441698
2803,111.54193114717775
2804,111.88730166182825
2805,112.9011160114508
2806,114.37273552166208
2807,116.21718848310678
2808,118.32391111633424
2809,120.85543690190289
2810,123.75158536231346
2811,127.16211332553016
2812,130.67307436919336
2813,134.29501580073622
2814,138.09566029137534
2815,141.70871594960596
2816,144.83758631988417
2817,147.6523124791984
2818,150.22912151123265
2819,152.3389251562857
2820,153.84760267315895
2821,154.66469347571686
2822,154.6932817869702
2823,154.34737807221873
2824,153.79974546162728
2825,153.02086913515092
2826,152.0028250387608
2827,150.82176480833112
2828,149.53118373172214
2829,148.0080271741618
2830,145.96449144865466
2831,142.66533867201608
2832,138.4859557573846
2833,133.9674917244768
2834,129.21164813849123
2835,124.11803699702024
2836,119.07297109555707
2837,114.81255030408221
2838,111.41594427583124
2839,108.48123723685103
2840,105.96625565658002
2841,104.06219088733957
2842,103.18056465156289
2843,103.41870982355447
2844,104.63836907370852
2845,106.22963596106581
2846,107.62598070766344
2847,108.96846335000895
2848,110.3868901111977
2849,112.27624862828023
2850,113.91999053814203
2851,115.75452203514628
2852,117.12512664558672
2853,118.16254790433652
2854,119.04747215109664
2855,120.16166190416664
2856,121.2555761946545
2857,122.0857004984285
2858,123.08134054492477
2859,124.0251352919019
2860,124.68751328866955
2861,125.07842255166896
2862,125.54235821817292
2863,126.16293634538984
2864,126.63935728379002
2865,126.99399265479207
2866,126.73583047104849
2867,126.04232108998556
2868,125.84389987620631
2869,125.82802725886842
2870,125.61243984713226
2871,125.02253635249312
2872,123.64000419906394
2873,121.82666245772566
2874,119.52624016278219
2875,116.93960142723257
2876,114.32875545549508
2877,111.53212709188351
2878,108.54473765010776
2879,105.63419763008926
2880,103.05486006196466
2881,100.41707042507585
2882,97.6109853209166
2883,94.59803432192302
2884,91.47789080984339
2885,88.3185464183758
2886,85.22968704146169
2887,82.50192301534001
2888,80.27643349928465
2889,78.81853067699146
2890,78.48438828864154
2891,78.80875993288595
2892,79.36501367057384
2893,80.43858027305922
2894,82.24531389008712
2895,84.19910532895346
2896,86.17675794444055
2897,88.18880927391825
2898,90.19898913089237
2899,92.03335587733228
2900,93.6632219238837
2901,95.47364911002666
2902,97.83065391372254
2903,100.8746429194093
2904,104.46793301101414
2905,108.33013295326012
2906,112.60913888085841
2907,116.33187403786891
2908,120.24706396430051
2909,124.30557933792518
2910,128.5025095208463
2911,132.3967451466806
2912,135.62873236016515
2913,138.15859127170893
2914,139.77378557172875
2915,140.21892640340548
2916,139.3444101725975
2917,137.58359763501383
2918,135.53897254082943
2919,133.30047660418285
2920,131.04470114397216
2921,129.1525126402116
2922,127.80009108046232
2923,126.72215318738182
2924,125.68544934041489
2925,124.82175855991306
2926,124.15005334518499
2927,123.85833201754077
2928,123.96556541364616
2929,124.9389968267649
2930,126.36053936271283
2931,127.5775513381173
2932,128.57147661252353
2933,129.67478777999702
2934,130.71666507688897
2935,131.26953954392093
2936,131.6954140004762
2937,132.14505372502379
2938,132.29808599231632
2939,132.05704855057942
2940,131.38788048831373
2941,130.30636675224596
2942,128.85665602488316
2943,127.04583622565423
2944,125.36487692034211
2945,123.86863790243419
2946,122.18194430587275
2947,119.96050806697548
2948,117.19660224292929
2949,113.8922293583129
2950,110.01455197815804
2951,105.50458176009523
2952,100.64609881178474
2953,96.0358018695614
2954,92.03742379864957
2955,89.12163702450277
2956,87.33342944012757
2957,86.22239400043532
2958,85.82761462022965
2959,85.62821559977705
2960,84.98207157724806
2961,83.96419275695763
2962,82.42364939484499
2963,80.77064414431467
2964,79.3325295763533
2965,78.27891310369131
2966,77.6126577561316
2967,77.44673121751782
2968,77.85294924588435
2969,78.70996811280104
2970,79.97641936998063
2971,81.05424422402412
2972,81.59041044323796
2973,81.22786359684773
2974,79.86266125452063
2975,78.2063212658137
2976,76.59373732708661
2977,74.81605103333116
2978,72.67709259548624
2979,70.22688299994833
2980,67.53548020562988
2981,65.00897948136877
2982,62.95346421102416
2983,61.529222084303875
2984,61.241114817968544
2985,61.92131443940822
2986,63.02649630846608
2987,64.26244210134779
2988,65.37605140523378
2989,66.47967259425539
2990,67.64170925446298
2991,69.09653847929644
2992,70.41915639647445
2993,71.71852899313937
2994,73.14821178178522
2995,74.82522955624889
2996,76.94424300737495
2997,79.31038518279486
2998,81.95620336376534
2999,84.76304817953248
3000,87.76544782061671
3001,91.1611564685262
3002,94.46667711106838
3003,97.71604866517274
3004,100.84841110847196
3005,103.38041604394638
3006,105.34101215180193
3007,106.81182411589172
3008,107.7529609523118
3009,108.19910239036895
3010,108.44202932369642
3011,108.49319444202538
3012,108.74093474026608
3013,109.31313254727147
3014,110.05158514444105
3015,111.58297501170416
3016,113.9558806981016
3017,116.72440883306524
3018,119.81116883267218
3019,122.87088870994343
3020,125.78011776422058
3021,128.31114704144167
3022,130.6399472982617
3023,132.79541006146994
3024,134.58757496828937
3025,135.514094076093
3026,135.19722432440875
3027,133.64196298794354
3028,131.17611713617214
3029,127.95164893626358
3030,124.31162706084872
3031,120.7696593630368
3032,117.32579804369317
3033,113.65457157198239
3034,109.6985171559844
3035,105.70059755612115
3036,101.629488242386
3037,97.87831207810166
3038,94.78850704127109
3039,91.66862774774327
3040,88.32532032216402
3041,85.21216370731855
3042,82.59834258795615
3043,80.55632982091896
3044,79.06646701659362
3045,77.92795621010876
3046,77.03201656585122
3047,76.5568241020848
3048,76.48918848289874
3049,76.24668922293498
3050,75.73579742149664
3051,75.12711135901593
3052,74.6733877155197
3053,74.42138988597736
3054,74.35295870730167
3055,74.53415681841439
3056,74.91081201529332
3057,75.34933237143717
3058,75.79685845448344
3059,75.99519996936469
3060,76.03638437023154
3061,76.21158538773567
3062,76.09943809091413
3063,75.38985336464569
3064,74.53511646935907
3065,73.54358035661065
3066,72.48398372969747
3067,71.4085648403725
3068,70.20273089248536
3069,68.88494983761578
3070,67.62138730424006
3071,66.35935653499428
3072,64.94707805634211
3073,63.60092114208932
3074,62.521517944327776
3075,62.46907169976654
3076,62.865625909866225
3077,63.55358843234053
3078,64.1521158268932
3079,64.87106232794255
3080,65.48481218634362
3081,65.9791100948454
3082,66.46514877847622
3083,66.5166638639239
3084,66.03094508884519
3085,65.44602093940924
3086,64.99865917279752
3087,64.79998169645755
3088,65.28066377745344
3089,66.477123507651
3090,68.300156796274
3091,71.01897346487894
3092,74.8875560817183
3093,79.950051819093
3094,86.00422848273666
3095,92.16698633009032
3096,97.1546720589712
3097,101.21455150846366
3098,104.58629987595312
3099,107.39541732019129
3100,109.85600637332142
3101,112.20431445296948
3102,114.5184148084546
3103,116.28951488842495
3104,117.77584870406761
3105,119.07312843404443
3106,120.44053378778197
3107,121.80513001196505
3108,122.59667780765972
3109,122.03592600673778
3110,119.8048356702592
3111,115.92223813128531
3112,110.8412987071463
3113,105.14229025230757
3114,99.0631529614312
3115,93.56362537920069
3116,89.38462481762417
3117,86.22278246645428
3118,84.05800986702279
3119,82.59884646533658
3120,81.50650729739807
3121,80.79573458852464
3122,80.72554935230661
3123,80.93466266238542
3124,80.8403591861236
3125,80.27332557078124
3126,79.30000500388199
3127,78.03503020845562
3128,76.50558506017076
3129,74.93550865206443
3130,73.23946391499584
3131,71.19344347398837
3132,68.62575340108755
3133,65.58900830022957
3134,62.31714073451046
3135,59.47061595233484
3136,56.044048175506894
3137,52.09499765664138
3138,48.14725442616429
3139,44.20512336810888
3140,40.699301350261855
3141,37.74828847226181
3142,35.72685114500494
3143,34.82845610501267
3144,34.51628300549303
3145,34.52461748865342
3146,34.32595529068189
3147,33.68183345807262
3148,32.790143287956724
3149,31.812683940838802
3150,31.129385258053148
3151,30.992343813783485
3152,31.575144654209467
3153,32.67698012786766
3154,33.61749389831855
3155,34.22858798990029
3156,34.764045532529
3157,35.48737463217856
3158,36.48103312991461
3159,37.888100253578756
3160,39.75030631419824
3161,41.56001406592767
3162,43.26343269095345
3163,45.26420650106136
3164,47.38362605763027
3165,49.423256733542395
3166,51.07606273648889
3167,52.23673503467341
3168,52.92243089022096
3169,53.245019210336004
3170,53.24530720329523
3171,53.17293977395208
3172,53.33575312473937
3173,54.2649649303919
3174,55.97723292684363
3175,57.73961279288393
3176,59.08604867501881
3177,60.83984631806663
3178,63.05980181538565
3179,65.75943772189773
3180,68.4353999468648
3181,70.8583217343167
3182,73.2847439364738
3183,75.56675981417503
3184,78.35057555579344
3185,81.26818710020083
3186,83.79313374649881
3187,85.85451439273274
3188,87.95280935061463
3189,90.13607565259917
3190,92.06815446173478
3191,93.57396928655137
3192,94.88402818414181
3193,96.19513040798121
3194,97.52074510569753
3195,98.77456040192428
3196,100.06072160451863
3197,101.5278898588431
3198,102.65771944378938
3199,102.8951357282886
3200,102.7497122028333
3201,102.26846869787863
3202,102.12007825224552
3203,102.4054882621089
3204,102.34879285080653
3205,101.79798039772605
3206,101.05177603676202
3207,99.70154822785415
3208,97.9783095158998
3209,96.00298950543694
3210,93.80326223509964
3211,92.16258924578507
3212,91.06626469751865
3213,90.49658037776626
3214,90.30776043737984
3215,90.77210431748725
3216,91.97146443696865
3217,93.689775003079
3218,96.44959765285904
3219,100.25907891661944
3220,104.69497898862451
3221,109.37333266830684
3222,113.93310934136792
3223,117.965605315
3224,121.45671331543744
3225,124.42574097933246
3226,126.83886378554567
3227,128.57090446222745
3228,129.53775287696052
3229,129.22492682956482
3230,127.8500738575392
3231,125.86879248468662
3232,123.43444343724994
3233,120.17059424965056
3234,116.22395961322869
3235,112.09082169750579
3236,108.08009923875234
3237,104.4339032048304
3238,101.26483814247122
3239,98.24818959240397
3240,95.07915089869768
3241,92.26242084220594
3242,89.75849852691275
3243,87.49278483704472
3244,85.67120547362784
3245,84.24823998604666
3246,82.66571630275
3247,80.50756395481329
3248,78.00945546079507
3249,75.8361010709992
3250,73.52325080090712
3251,70.77646311678984
3252,67.61918835951109
3253,64.19027572731476
3254,61.06594514980724
3255,58.433617024614485
3256,56.818116649261746
3257,56.13057580014866
3258,56.62262112465041
3259,58.2851973433617
3260,60.73131205136222
3261,63.722028213803725
3262,67.09759476182174
3263,70.62096750201762
3264,73.83971015305133
3265,77.26798925466085
3266,81.43790251642467
3267,86.54447252954711
3268,92.05982314375558
3269,97.70852963569479
3270,103.37078745285741
3271,108.96722265289452
3272,114.54865025267611
3273,120.18356087424607
3274,125.93232476079979
3275,131.28148734392698
3276,135.63542257849903
3277,138.97344082845896
3278,141.677284003313
3279,143.59844150902524
3280,144.26637140662135
3281,143.67189209744186
3282,141.87941963439644
3283,139.20441491821194
3284,135.82127150188552
3285,131.96357251682807
3286,128.01066681999322
3287,124.48756112327057
3288,121.03221070636422
3289,117.53914184697439
3290,113.99832839526951
3291,110.30418570239416
3292,106.63156287734823
3293,103.01638505203258
3294,99.71246697864187
3295,97.01494425500042
3296,94.72788740835773
3297,92.57828735599203
3298,90.48916230797838
3299,88.24693228650312
3300,86.28054970486164
3301,84.8634168983901
3302,84.12836032782376
3303,84.08719515714421
3304,84.34418578838168
3305,84.71079137289976
3306,85.02973823143049
3307,85.41366166801983
3308,85.99944415585833
3309,86.80324869586866
3310,87.43978863187708
3311,88.19957934952376
3312,89.23433123609307
3313,90.64903421906875
3314,92.49066669257314
3315,94.70747738530797
3316,97.48690233654611
3317,100.52208757155088
3318,103.767985296141
3319,107.35094122625236
3320,110.90745293311886
3321,114.44940873266148
3322,118.28322840000212
3323,121.90510172977267
3324,125.0326661734577
3325,127.96002000977359
3326,130.72895550522043
3327,133.52700786709642
3328,136.5929896642978
3329,139.6134836448373
3330,142.57312247225065
3331,145.27410170257738
3332,147.9690087795916
3333,150.59403086173097
3334,152.32637939076423
3335,153.25830312506042
3336,153.28202886171562
3337,152.08111551077752
3338,149.43545067814827
3339,145.82379563240036
3340,141.1878165721531
3341,135.5236808665019
3342,129.24827192334826
3343,123.25374349050767
3344,118.45412876536535
3345,113.90712904035718
3346,109.5806638879521
3347,105.54769325881922
3348,101.33531595950244
3349,96.61693594080432
3350,91.13248070056365
3351,85.43862596438106
3352,79.87708978702621
3353,75.15554891204661
3354,71.68706782088157
3355,68.97731163168156
3356,67.63634620611477
3357,67.54677852163515
3358,67.55739868531458
3359,68.05052611301507
3360,69.48467431961205
3361,71.11851387619842
3362,73.02380162765981
3363,74.68140197143121
3364,76.38992045011027
3365,77.2542608929277
3366,77.72319581571801
3367,78.84620523701463
3368,80.28720797918147
3369,81.28403836908906
3370,82.7476984061064
3371,85.37056248558156
3372,88.75419712090488
3373,91.79356567788716
3374,93.64861046153028
3375,94.15891676957038
3376,94.28916161473362
3377,93.90002823468546
3378,92.35173291467711
3379,90.1757100116764
3380,87.74373375372777
3381,85.99924429630478
3382,84.95638531321833
3383,84.97200389723093
3384,86.09146274883052
3385,87.803475488647
3386,90.58738690596192
3387,94.47197097213294
3388,98.81929379806118
3389,102.76466383499655
3390,105.69111943426876
3391,107.19009068051272
3392,107.59725965611534
3393,107.21936764978358
3394,106.35492376079493
3395,105.02713259831465
3396,103.3749001885738
3397,101.52469241182717
3398,99.75648338662337
3399,98.07797933711956
3400,95.95234551033943
3401,92.82176508005395
3402,88.831689993944
3403,84.52302872453288
3404,80.07054978105734
3405,75.60960493416395
3406,71.53036837463912
3407,67.94511974701318
3408,64.62757677910265
3409,61.443691848942876
3410,58.32503935501125
3411,55.25276324173994
3412,52.19065868512183
3413,48.99702272470405
3414,45.87794100256444
3415,42.7447588847173
3416,39.83999568523443
3417,37.40543120391246
3418,35.41798883268449
3419,34.332558486746954
3420,33.3882340857813
3421,33.240251720608235
3422,33.39020676123762
3423,33.81507200154036
3424,34.21914870563343
3425,34.92217674698907
3426,36.6390926845359
3427,38.89889560911681
3428,41.12554246163032
3429,43.289055992368
3430,45.15330550765025
3431,46.77216597524358
3432,48.54034128317704
3433,50.64864623255326
3434,53.1375856584041
3435,55.86050324070636
3436,58.803204296941246
3437,61.74186421873382
3438,64.55844541275756
3439,66.92454092854976
3440,69.03352500028143
3441,71.47356554421548
3442,74.17256471595093
3443,77.33338984738381
3444,81.14200197064574
3445,85.29675769380198
3446,89.3653475923316
3447,93.38729579990269
3448,97.16241606465603
3449,100.0797854512359
3450,101.53641923947326
3451,101.41666137699424
3452,99.54852752722653
3453,96.29083097920132
3454,92.02093880456141
3455,87.1430119880266
3456,81.7074239788286
3457,76.42767302323628
3458,71.85842806045416
3459,67.68082812132243
3460,63.5230525285118
3461,59.56353176152711
3462,56.26826071609813
3463,53.60495933070773
3464,50.622636330558464
3465,47.00769832276598
3466,43.24777677403652
3467,39.99107685327367
3468,37.732741334187125
3469,36.156647603170164
3470,35.235261240444515
3471,35.35351816170572
3472,35.955634965868725
3473,36.763645071459365
3474,37.999516054875514
3475,40.15293851793879
3476,42.7687198636888
3477,45.044449634491315
3478,47.73184140304385
3479,51.106415213935506
3480,54.87482420484113
3481,58.983817219595245
3482,63.48908550380271
3483,67.99722893102263
3484,72.36513694852441
3485,76.6635771424173
3486,80.83033613847726
3487,84.1261126965921
3488,86.486087543581
3489,88.3246904621989
3490,89.95201827969917
3491,91.0599972652091
3492,91.37661558895857
3493,91.23371026759773
3494,90.83996254195999
3495,90.30183536724614
3496,89.79968598176242
3497,89.0738416736037
3498,88.04213974494516
3499,87.04966846614086
3500,86.39558303209303
3501,85.52653241527484
3502,84.36296350973063
3503,83.5038998203332
3504,83.34190148133477
3505,83.92134733524239
3506,84.83132076077592
3507,85.82758146174231
3508,86.4814055870438
3509,86.62076846203584
3510,86.36675928423354
3511,85.813164926128
3512,84.91367466236024
3513,83.67613705855057
3514,82.39486864908667
3515,81.1642348405819
3516,79.99944658651475
3517,78.86297982445821
3518,77.62848411120918
3519,76.30402916802792
3520,74.6463066065403
3521,73.0228603335174
3522,71.52753174598715
3523,70.19261454120341
3524,69.54604600081564
3525,69.35169723548337
3526,69.2989103031577
3527,69.7842741016962
3528,70.41614730983711
3529,70.65246601631284
3530,70.73865977346566
3531,71.39222560735246
3532,72.69033163220898
3533,74.42492964904736
3534,75.93402992369676
3535,77.7973453832736
3536,79.57341837820944
3537,80.87503036496118
3538,81.8921882494238
3539,83.34319694988599
3540,85.48861446914472
3541,87.66547071652722
3542,89.86609125545709
3543,92.04976625605265
3544,94.37824193702588
3545,96.07417463906788
3546,96.99213941464959
3547,96.94301758640685
3548,95.91204728073514
3549,93.83040428697923
3550,90.89983399551836
3551,87.92233924024582
3552,84.58192672491754
3553,81.00069868202803
3554,77.07280977362699
3555,73.23783777306431
3556,69.67066688276567
3557,66.15656508559819
3558,63.28114667811842
3559,60.84258050219768
3560,58.68454677577324
3561,56.24879119338101
3562,53.59478615675076
3563,51.17383952379932
3564,49.60206951347903
3565,49.38168048556969
3566,51.03738025676286
3567,54.34304495460313
3568,58.76306272238628
3569,64.12429534050956
3570,70.05664295462152
3571,75.30101359861241
3572,79.15054428010527
3573,81.9028278123386
3574,83.57427151621425
3575,84.1876490875351
3576,84.33485605827975
3577,84.43167883306526
3578,84.18708308862767
3579,83.85044491831349
3580,83.63706212769591
3581,83.7088388841305
3582,84.30736781398492
3583,85.66804149269647
3584,87.79513583365049
3585,90.54693806265148
3586,93.6816594411445
3587,97.09402173806996
3588,100.41067677874014
3589,103.34430524036455
3590,106.32640215802978
3591,108.92082647639852
3592,111.5824923251256
3593,114.19656368375706
3594,116.4639731684914
3595,118.29061888587528
3596,119.90102036134854
3597,121.00904822512084
3598,121.29204844803002
3599,120.79631132705761
3600,119.52081718617912
3601,117.76487282012869
3602,115.89422803655327
3603,114.03875746959233
3604,112.31024238884625
3605,110.7793516101117
3606,109.36422042984384
3607,108.08244135165312
3608,106.45018838026436
3609,104.04107365528037
3610,101.0675497095286
3611,97.20613224508838
3612,92.39865886960418
3613,87.39541574563772
3614,82.5255780558496
3615,77.93893520892391
3616,73.71289402273536
3617,69.6076088834064
3618,65.84462563293977
3619,62.57990956169761
3620,59.859677028106724
3621,58.22462789822405
3622,58.06600813427497
3623,59.56920130483171
3624,62.31430753640231
3625,65.92932271801541
3626,70.37319756282129
3627,75.37039294262769
3628,80.90825321057076
3629,86.31798961474134
3630,90.9023311018342
3631,94.72079583515215
3632,98.2889003055963
3633,101.28786980044055
3634,103.51501133029515
3635,104.85669712449804
3636,105.69984653640937
3637,106.27847115205597
3638,106.54690597711846
3639,106.3718760634291
3640,106.00450949009209
3641,105.20373301955233
3642,103.65213870861564
3643,101.39594477210623
3644,98.45789295314526
3645,95.72683642239272
3646,93.47481621598293
3647,91.59925822122926
3648,89.96752276579357
3649,88.29890051651687
3650,87.22239965510278
3651,86.85605786942139
3652,86.76648257219904
3653,87.08462565291457
3654,88.53988965206828
3655,91.25726382553005
3656,94.360054507807
3657,97.43408211558085
3658,101.12099215801956
3659,105.13348991948706
3660,109.41571716006791
3661,114.06186327811643
3662,119.01171357465358
3663,123.90228716463376
3664,128.53259092988625
3665,132.7076386644891
3666,135.54984216117546
3667,137.20295608283678
3668,138.0387560688277
3669,137.9182392578439
3670,137.23616334833676
3671,135.9592279310987
3672,133.90642063497205
3673,131.51797400401492
3674,129.69675723410987
3675,128.17506507430602
3676,126.73132114923357
3677,125.81668169979245
3678,125.23290764504979
3679,124.77536230829485
3680,124.42440692145955
3681,124.18781564389502
3682,124.11384479559655
3683,124.24117748473702
3684,124.4019242602416
3685,124.92921848450314
3686,125.9728671018679
3687,127.42130103132749
3688,129.144595041447
3689,130.62072808921675
3690,131.81721280352204
3691,132.4639038905252
3692,132.70449504285637
3693,132.50406586486412
3694,132.09247115677485
3695,131.30674888169818
3696,130.2019090610209
3697,129.1297781429138
3698,128.08824131835797
3699,127.34603481460542
3700,127.01464603553839
3701,126.63381147654368
3702,126.02074733091771
3703,125.21928043013556
3704,124.47744324477596
3705,123.8320448935131
3706,123.39215227428019
3707,123.25250832254969
3708,123.07018042114684
3709,122.69151379677004
3710,122.12774219924447
3711,120.94062370116804
3712,119.2267579615234
3713,116.86182708523525
3714,114.23522709149015
3715,111.49705489787202
3716,108.53023197271072
3717,105.55269634169004
3718,102.68689454731314
3719,100.03170919932198
3720,97.54539939402326
3721,95.20743498674862
3722,92.59050057282356
3723,89.81367513336643
3724,87.16538817908936
3725,84.83106385505599
3726,83.1804777297586
3727,82.3050555654128
3728,81.85372235171131
3729,81.65992150134743
3730,81.1727013610103
3731,80.63657157708673
3732,79.9783870120369
3733,79.07271999971944
3734,77.66214917453114
3735,76.08403956357535
3736,74.88041382936748
3737,73.9412780389449
3738,73.36057122101259
3739,72.9304557114578
3740,72.64670498688224
3741,72.49829383335639
3742,72.22647838021506
3743,71.72116222102262
3744,71.18663253072074
3745,70.70403989763383
3746,69.96442696176734
3747,68.99541522045072
3748,68.2498607790647
3749,68.07326949527098
3750,68.17844463478102
3751,68.59125550942758
3752,68.77239533267719
3753,68.57205715156066
3754,68.08186372854581
3755,67.23044762465594
3756,66.21992022597563
3757,64.9204064138628
3758,63.48781660422833
3759,62.16678499142206
3760,60.52810538789833
3761,58.503469575024326
3762,56.74203641782395
3763,55.010415273426275
3764,53.403723701314874
3765,52.40005237650076
3766,52.6842074059737
3767,53.53126195605733
3768,54.2230055844434
3769,55.115773246621394
3770,56.5795916009839
3771,58.69042509755703
3772,61.60161058097714
3773,65.22832947040891
3774,68.8338520142242
3775,72.32985448947933
3776,75.88765236898783
3777,79.08883976365014
3778,81.59693769509504
3779,83.28964376968929
3780,84.4190189398277
3781,85.37028125459534
3782,86.19447041743902
3783,86.65851720377316
3784,86.96082596178358
3785,87.48884755439734
3786,88.81745841207093
3787,91.1927871604775
3788,94.06461079264001
3789,97.13852041049296
3790,99.96644479792684
3791,102.54127189498772
3792,104.34421454950063
3793,105.12273276415202
3794,104.99532533454844
3795,104.2516901370481
3796,103.35779151676577
3797,102.30383570307009
3798,101.35339483481293
3799,100.30979970516348
3800,99.22501076660838
3801,98.34246806061549
3802,97.65346453398875
3803,97.18931092992392
3804,96.67437856257928
3805,96.32717876541273
3806,96.02572183980848
3807,95.54654504963041
3808,94.67785499603531
3809,93.54996415632202
3810,92.34290945055449
3811,91.094866950592
3812,89.8850389078038
3813,88.82752431749302
3814,88.5949115217239
3815,89.05471774993991
3816,89.59347132611651
3817,90.37612668017724
3818,91.07580672451651
3819,91.68452836309167
3820,91.58605289300209
3821,91.23510800674651
3822,91.05185751940485
3823,90.82633044563981
3824,90.48950191470207
3825,90.12806003859703
3826,90.06516226076742
3827,90.1147427497515
3828,90.14557463468199
3829,90.14058338192568
3830,90.15434432277182
3831,89.86956450256498
3832,89.80795424567387
3833,90.05555590302522
3834,90.51924789461164
3835,90.88289797117129
3836,90.8948838490635
3837,90.95868703482152
3838,91.43610535667935
3839,92.70054286386373
3840,94.75559924709857
3841,97.32406657638987
3842,100.20324466837118
3843,102.7988584416093
3844,105.36226947284781
3845,108.18814733340866
3846,111.44741913985523
3847,114.59581721971585
3848,117.35062493804097
3849,119.44183326847268
3850,119.97462773881301
3851,118.50221589622309
3852,115.43947483552131
3853,111.53103337912152
3854,106.74659637980791
3855,101.16449009450533
3856,96.15028442532218
3857,92.3048246169531
3858,89.56857530348393
3859,87.86076676695336
3860,86.78377547338117
3861,86.12062735014229
3862,85.8033139377556
3863,85.9530742240618
3864,86.56757383757602
3865,87.67056640890573
3866,89.162180770965
3867,90.79848934179415
3868,92.66731816103417
3869,94.95025469851512
3870,97.63147144249724
3871,99.99458931852764
3872,101.77776839564866
3873,103.27966446871883
3874,104.42316394441413
3875,105.28044563465814
3876,106.02628070517042
3877,106.75986384505926
3878,107.36016062193025
3879,107.84290114522805
3880,108.12098643342202
3881,108.5001597571036
3882,109.21985666922005
3883,110.0047072128707
3884,110.82718072908197
3885,111.8349049790155
3886,113.20903941695225
3887,114.84339801291611
3888,116.40836161670937
3889,117.84205389643606
3890,119.22629165096208
3891,120.26721222474357
3892,120.73104647719161
3893,121.11603749750273
3894,121.81433725417698
3895,122.45427370604583
3896,123.0155700725386
3897,123.7108907503347
3898,124.30267512224839
3899,125.09891645239878
3900,126.40123450796608
3901,127.63238932826577
3902,128.48013955789696
3903,128.87705076842383
3904,128.95423966653496
3905,128.59821334561315
3906,128.00046152904565
3907,127.08038916790262
3908,125.62045348766048
3909,123.69988039459687
3910,121.31120049993012
3911,118.55512881759364
3912,115.46795831331616
3913,112.45533547187648
3914,110.08613117543915
3915,107.903233451241
3916,105.39849538311319
3917,103.03235358262638
3918,100.99004135125351
3919,99.0835410263827
3920,97.45962239407044
3921,96.10091351931885
3922,95.17834618029985
3923,94.84569859139228
3924,94.43071888463602
3925,93.82762293737866
3926,93.61835483248768
3927,93.54632461986748
3928,93.4079946411963
3929,93.07276372309164
3930,92.33812697501119
3931,91.37924293919593
3932,90.34914175950308
3933,89.4529537331703
3934,88.68925860096792
3935,88.01605741859701
3936,87.57944641393739
3937,87.48242497576003
3938,88.03318509459318
3939,88.9594937973549
3940,89.34376047799132
3941,89.39804585677852
3942,89.35604140414185
3943,88.80481441767238
3944,87.77081655599922
3945,86.73879213844197
3946,85.73055856629998
3947,84.90472310944749
3948,84.26497872738271
3949,83.65232235386986
3950,83.22699801741572
3951,83.13529265767149
3952,83.28152706258817
3953,83.22593103805315
3954,82.91821899576449
3955,82.62260024176034
3956,82.57247908529123
3957,82.98661852390345
3958,83.90095175771269
3959,84.8998646522628
3960,85.44389541945641
3961,85.19123992280177
3962,84.26519854411376
3963,82.75489587306303
3964,80.82881709425051
3965,78.5162095268496
3966,75.80248397373492
3967,72.70523699426589
3968,69.5500728186538
3969,66.57477009060379
3970,63.87881803299299
3971,61.01452194109081
3972,57.92190001181698
3973,55.8152807361008
3974,55.12635521610522
3975,55.82018224436001
3976,57.74566939579001
3977,60.04116212759122
3978,62.73965793695422
3979,65.87760190426194
3980,69.3435232038523
3981,72.5854137727822
3982,75.67659622105265
3983,78.39661194812761
3984,80.73591388279846
3985,82.94651425851409
3986,85.49624543930521
3987,88.59889189644406
3988,91.88999477887216
3989,95.36812820263572
3990,98.39410428131
3991,102.07214347192243
3992,105.9083740953551
3993,110.200817524612
3994,114.59667964377189
3995,118.4777800634146
3996,121.96772991467293
3997,125.42020996168473
3998,129.03961763769104
3999,132.27504507481913
4000,134.65956712621997
4001,136.61888287042726
4002,138.52049129686662
4003,140.23120795589722
4004,141.60239107858206
4005,142.73235946062678
4006,143.34198105403757
4007,143.30011848251877
4008,142.94010281293683
4009,142.74150044876177
4010,142.7868692394621
4011,143.36466401484844
4012,144.53540418707684
4013,145.46160195462429
4014,146.261251056471
4015,147.15621336872584
4016,148.48627531691994
4017,149.85335522020847
4018,151.34888616580585
4019,152.97959828084197
4020,154.12185215734024
4021,154.02738484162614
4022,151.9780438191108
4023,148.428183671282
4024,143.57232922439601
4025,137.45387010707873
4026,130.55827487546193
4027,123.40966623774445
4028,116.80589571161515
4029,110.69107429678328
4030,105.52453235403259
4031,101.4797087016039
4032,98.09675382318594
4033,94.99665341729997
4034,92.5405783817325
4035,90.82023024445746
4036,90.10756348169028
4037,90.22516033242563
4038,91.12061019358899
4039,92.41006778094108
4040,93.28494558427786
4041,92.91908178845928
4042,91.88684908796289
4043,90.10798259486134
4044,87.68160140167058
4045,84.8046948696633
4046,81.81933679881172
4047,79.22207527717084
4048,76.27710763726049
4049,73.2768742547532
4050,70.65920695365564
4051,68.76976490452861
4052,67.46742861211527
4053,66.27028664101067
4054,65.19690898028793
4055,64.89560344312922
4056,65.91060612291642
4057,67.7235737634005
4058,69.51794579882929
4059,71.29472506082519
4060,72.98074076896485
4061,74.27865983564148
4062,74.90488454828161
4063,75.05406435294881
4064,74.41058166414234
4065,73.03024376329846
4066,71.2741744174218
4067,69.52943194532492
4068,68.05314679435746
4069,67.29057955925315
4070,66.76279430604376
4071,65.90634337066464
4072,64.41504641499023
4073,62.39955084622579
4074,60.108109083559796
4075,58.23917139379775
4076,56.40995300639881
4077,54.51711648235975
4078,52.963425850164136
4079,51.882791868987596
4080,51.28064287631201
4081,51.17780020229735
4082,51.41498766279912
4083,52.0405073601342
4084,53.140808772214626
4085,54.6214460174507
4086,56.20699029983619
4087,58.03369475357174
4088,60.19400301525903
4089,62.4267934300524
4090,64.49801636524357
4091,66.53222896945333
4092,68.51291098869832
4093,70.16800729143883
4094,71.28237205114085
4095,71.95517320636512
4096,71.9827106557961
4097,71.2893402538422
4098,70.07068807043413
4099,68.71968892023182
4100,67.80965314351164
4101,67.320334992048
4102,67.08142058917768
4103,66.95365192388228
4104,66.84249318507527
4105,66.82155724709452
4106,67.08370967912664
4107,67.90636667438821
4108,69.29282068915599
4109,71.2657355531941
4110,73.888295163538
4111,76.94642691667858
4112,80.34077818619532
4113,83.95440656822547
4114,87.67997737104241
4115,91.46450777965282
4116,95.07674694542533
4117,98.023373061547
4118,100.9267322123017
4119,104.12226485215223
4120,107.61201757987678
4121,111.59732664552513
4122,115.89683148872481
4123,119.99737976471212
4124,123.69335983189126
4125,126.57192691083196
4126,128.6813318328201
4127,130.26786486683025
4128,131.35460017299357
4129,131.94431904870277
4130,132.10881360320005
4131,131.93938232899364
4132,131.85404258465675
4133,131.81298509791358
4134,131.55768921842187
4135,130.43400769077047
4136,127.93366589539679
4137,124.62674012226587
4138,120.6679712847327
4139,116.21714671890994
4140,111.67886388041528
4141,107.48399979230321
4142,103.85613101872906
4143,100.42396902971616
4144,97.20703954914396
4145,94.01122720701267
4146,91.64267476779555
4147,90.3316253823615
4148,89.36258617819882
4149,88.78722815594085
4150,88.37828156580053
4151,87.96078365715584
4152,87.49894755163905
4153,86.79932324360745
4154,85.8633637153511
4155,84.75993054336097
4156,83.52372430351969
4157,82.32003631451607
4158,81.3124267544733
4159,80.42346515831927
4160,79.94006498618756
4161,79.51950683643298
4162,79.92709446110358
4163,80.68647763461567
4164,81.27494778686282
4165,81.4584154188759
4166,81.0445926069507
4167,80.32053622905356
4168,79.54974941849939
4169,78.97123838496239
4170,78.45076271217687
4171,77.79908017687004
4172,76.93922058219569
4173,75.98197794417628
4174,74.83410456202299
4175,73.63613408533286
4176,72.37601144972852
4177,71.34120181753697
4178,70.54284310840315
4179,70.132975805123
4180,70.36970902622892
4181,71.14458063352444
4182,72.89528583311822
4183,75.72806277589095
4184,79.0900808235779
4185,82.54186147148725
4186,86.27147378348562
4187,90.27865245301241
4188,94.4749384376334
4189,98.31671608961682
4190,101.66210190714075
4191,104.626842047243
4192,106.5406595245463
4193,105.90184411343691
4194,103.24758330001563
4195,99.64454494028622
4196,94.07966531524214
4197,87.64020534832555
4198,82.05019051129135
4199,77.85822910570003
4200,74.75258017468795
4201,72.88437593552443
4202,71.94065083031691
4203,71.55636968943745
4204,71.65393007057747
4205,72.33883444538432
4206,73.31150507144515
4207,74.40126865769055
4208,75.77028636730232
4209,77.0848742223418
4210,78.45975738703697
4211,80.29908218399018
4212,82.41680902520535
4213,84.60942600964965
4214,87.08784099362359
4215,89.55105483872241
4216,91.8214660288403
4217,94.03880854621399
4218,95.96789653632909
4219,98.08350324435962
4220,100.18706032521311
4221,101.68534530225539
4222,102.68104199336881
4223,102.99105963558654
4224,102.55718681627808
4225,101.89092100326667
4226,101.39805454358469
4227,100.80486332788728
4228,99.89554532220936
4229,98.61087482194573
4230,97.13059166527118
4231,95.44064148974806
4232,93.59965849896798
4233,91.84971554550815
4234,89.92899434586752
4235,87.58495897984781
4236,84.90816389736796
4237,81.89787245017335
4238,78.98723380412349
4239,75.9957834557607
4240,72.81866317386088
4241,69.61268037259906
4242,66.48593324084715
4243,63.377928747323374
4244,60.560131775075774
4245,58.368383628270195
4246,56.288090891982286
4247,54.3508801009707
4248,53.29097118249908
4249,54.07319365432993
4250,57.277079479347236
4251,62.29913623367805
4252,69.18071895955683
4253,77.30579994256959
4254,86.06567157580376
4255,94.782400063654
4256,102.26268047292743
4257,108.61178609504059
4258,113.92246957311683
4259,118.5945549251168
4260,122.49906252801892
4261,125.54503485688836
4262,128.54242818673927
4263,131.50440808402868
4264,134.50023955894557
4265,137.21193111331053
4266,139.4917141126529
4267,141.67016965773377
4268,143.89651128365813
4269,145.93601694906732
4270,147.68241581003107
4271,149.20977512883667
4272,150.64429413120942
4273,152.1520652066012
4274,153.50378129459563
4275,154.67977429115078
4276,155.72758529129393
4277,156.35953855146025
4278,156.67177250564077
4279,156.45340734996708
4280,155.365248112284
4281,153.33225808137303
4282,150.30982115900753
4283,146.43324989292296
4284,142.204361791581
4285,137.7599494462616
4286,133.33560871150132
4287,129.58644912576875
4288,126.41102534798665
4289,123.78202355769893
4290,121.38150917632048
4291,119.33264572277766
4292,117.54118194035595
4293,116.00703797016133
4294,114.51984827219479
4295,112.79815582401376
4296,110.62448167565476
4297,107.76017525840288
4298,104.58877953693161
4299,101.33558768719095
4300,97.54581250239318
4301,93.31575806491819
4302,89.13399718570632
4303,85.04531262691081
4304,81.58706798229578
4305,79.10136039172919
4306,77.58477196733789
4307,76.99469130960631
4308,76.95620511105369
4309,77.14890528239887
4310,77.57562393837998
4311,78.12581757871722
4312,79.40885898291214
4313,81.52456604966154
4314,84.16968722342054
4315,87.31606332206124
4316,91.18782413299618
4317,95.77083062888187
4318,101.38303190720825
4319,107.2250916709503
4320,112.64623932094085
4321,117.82535788376322
4322,122.86330872227038
4323,127.49725796619329
4324,131.86341942022509
4325,135.67266166828315
4326,138.5302301451172
4327,140.77236552394496
4328,142.47547758150696
4329,143.74055792190836
4330,144.36567098954555
4331,144.64054123897498
4332,144.87967835597857
4333,145.20389064343536
4334,145.21951287466712
4335,144.65405198186454
4336,143.61880974401237
4337,142.4608795831222
4338,141.76980396486186
4339,141.63670962205572
4340,141.41348471041167
4341,140.7513130293863
4342,139.52166935186514
4343,137.71523185898093
4344,134.91346502257417
4345,130.85770850405268
4346,125.98629480245616
4347,120.07841196643238
4348,113.20864165603251
4349,106.34411099264156
4350,99.20544604174886
4351,91.65902580717429
4352,84.61647525347246
4353,78.74440032658505
4354,73.8012076085677
4355,69.38501178656438
4356,65.43308149876701
4357,61.509512460172076
4358,57.575896795814245
4359,54.184964821472924
4360,50.69323243514872
4361,46.53621696465745
4362,42.445215622043186
4363,39.00377847642465
4364,36.297567416562764
4365,34.322938535442034
4366,33.01158209353013
4367,32.31951827656097
4368,32.11213057297876
4369,31.907933163937226
4370,31.531336676621727
4371,31.29016003392034
4372,31.117652334274183
4373,31.159851026097822
4374,31.533120920637547
4375,32.08648452551085
4376,32.66797887575716
4377,33.19902549969504
4378,34.027969848563345
4379,35.168205869404105
4380,36.55028424822354
4381,38.46019937042469
4382,41.056094492569876
4383,44.21066031995568
4384,48.071259221088326
4385,52.52373476449508
4386,57.25580095961078
4387,61.86985784196864
4388,66.29642489559996
4389,70.14753823225921
4390,73.75276592393297
4391,77.23081219397298
4392,80.6916400266549
4393,84.09361020555342
4394,87.37959120709257
4395,90.39909566297845
4396,93.29763022930223
4397,96.04971727923878
4398,98.55719358315122
4399,100.56562511983758
4400,102.1796051166183
4401,103.76474829221533
4402,105.35932952653232
4403,107.14706511245483
4404,109.10816990244905
4405,110.63106796106919
4406,111.40798314992675
4407,111.6087461927886
4408,111.21421238658182
4409,110.52018158524317
4410,109.58585041736441
4411,108.81458742856243
4412,108.65212789956864
4413,108.92922028560432
4414,109.3334011258099
4415,109.94071087784296
4416,110.18240888315916
4417,110.26477360595425
4418,110.04861249878526
4419,109.02084921629508
4420,106.97818854402003
4421,103.78393749974964
4422,99.06402127352943
4423,93.42338167680735
4424,87.35559214920181
4425,80.84244232818813
4426,74.01251933366
4427,67.80442026294146
4428,62.944219671597594
4429,59.12418961504705
4430,55.38637223923
4431,51.86814974684086
4432,49.345830366747876
4433,47.75971422396789
4434,46.713147645795594
4435,45.77577608016652
4436,44.70157247952329
4437,43.38969842552983
4438,42.367017894146684
4439,41.75641124330023
4440,41.50596645515853
4441,41.751803312664016
4442,43.56578819936257
4443,46.95297760507762
4444,51.22020823022457
4445,55.75369486600696
4446,59.69782823913764
4447,63.51854798222582
4448,67.22963818424422
4449,70.54638352427122
4450,73.69513071200419
4451,76.10253980634224
4452,78.0891227860085
4453,80.28724581405298
4454,82.8599034580274
4455,85.43011443312723
4456,87.42979215442891
4457,88.78568277426574
4458,90.03862697091861
4459,91.46888000526857
4460,92.60867726621241
4461,93.82548540708693
4462,95.9648575697892
4463,99.21800990768521
4464,102.81527327443042
4465,106.41082901579593
4466,109.94860784955095
4467,112.94156280259203
4468,115.34178407517848
4469,117.65944947224227
4470,119.95668368606994
4471,122.10054366363934
4472,123.98870924645996
4473,125.47744423822384
4474,126.41388896696179
4475,126.59091865697924
4476,126.14752551382352
4477,125.29236156072947
4478,123.78754930721178
4479,121.7072610159422
4480,119.21970559259087
4481,116.51730108788784
4482,113.88166878203086
4483,111.71831335461485
4484,110.057632412773
4485,109.13825727056681
4486,108.91099398075558
4487,108.94790633394548
4488,109.01607333902616
4489,109.60484437245339
4490,110.42147448340569
4491,111.04443154044381
4492,111.47937417885085
4493,111.96614336191215
4494,112.55621503462825
4495,113.03953314419235
4496,113.5676178414821
4497,113.58872002941762
4498,113.24997950176594
4499,113.07466243917261
4500,112.75725933683127
4501,112.28651774354363
4502,112.36717098790325
4503,112.43733931049613
4504,112.77918762281955
4505,113.23688743793839
4506,113.64979803575469
4507,114.13580881760907
4508,114.81154209751135
4509,115.55707590111625
4510,116.0832232379646
4511,116.6915794524576
4512,117.33011495925926
4513,117.49817189411547
4514,117.01210156361999
4515,116.322275516534
4516,115.72949990732498
4517,115.34287804188789
4518,114.92745000222483
4519,114.04060752433045
4520,113.11935777247997
4521,112.33320532299508
4522,112.0830635485206
4523,112.24897631002155
4524,112.48320027469063
4525,112.50797628657985
4526,111.89273203231438
4527,111.02308902785802
4528,109.86354608116145
4529,108.41574792757356
4530,106.5248079527367
4531,104.9336172477779
4532,103.75246845055156
4533,102.47771816143967
4534,100.9517240388515
4535,99.04998130938094
4536,96.87426438025395
4537,94.49214462817594
4538,92.04239760505624
4539,89.802846440266
4540,87.82361544489245
4541,85.93344926518274
4542,84.18525171947051
4543,82.88185360415447
4544,82.07225760970705
4545,81.72187464428931
4546,82.07731862432779
4547,83.01227852479707
4548,84.59111823425127
4549,86.39941716319575
4550,88.26780518214746
4551,89.96698376861967
4552,91.41705646530885
4553,92.97081140266296
4554,94.7101366981223
4555,96.7261067335516
4556,98.93701951521201
4557,101.15181669180939
4558,103.34650372650357
4559,105.66869817650573
4560,107.6890073480076
4561,109.8575682009909
4562,111.99706230510249
4563,114.16378042902716
4564,116.43491212910249
4565,118.67217125280058
4566,120.63873486552276
4567,122.61690928254605
4568,124.33709400313911
4569,125.48981166607213
4570,125.87776713618416
4571,125.54381247096303
4572,124.96092938732784
4573,124.76557685888517
4574,124.61723627623533
4575,124.63604015538992
4576,124.63999155121373
4577,124.5330517526218
4578,124.53419686401047
4579,124.4259800223168
4580,124.26663657661453
4581,124.22390524812064
4582,124.47950138652628
4583,124.8097447901111
4584,125.03854105738677
4585,125.08232824381169
4586,124.6847127836245
4587,124.10544149845035
4588,123.39461510079967
4589,122.78535586316913
4590,122.35415059027949
4591,122.28037388093237
4592,122.60790138428729
4593,123.17538802857455
4594,123.80917423281693
4595,124.45050085925567
4596,124.97457652004798
4597,125.41676599206563
4598,125.78631779933883
4599,126.27822657501596
4600,126.75791262773522
4601,127.28676938467886
4602,128.33731265297638
4603,129.64283782311398
4604,131.2835787042028
4605,133.17660874782214
4606,134.86923805189164
4607,136.49661930294877
4608,137.8457930985813
4609,138.7465554610775
4610,139.23625109833264
4611,139.4170741077022
4612,139.54002244068533
4613,139.5887147730042
4614,139.20302098769054
4615,138.48478809243647
4616,137.3264958582023
4617,136.31878161441855
4618,134.99889006641598
4619,133.47903225228993
4620,131.83902556538334
4621,130.06728985388156
4622,128.4114326144957
4623,127.11490501231503
4624,126.3771404180392
4625,125.74610185640739
4626,125.10726791050355
4627,124.614386312824
4628,124.10074063078861
4629,123.35130909912961
4630,122.47289571807113
4631,121.73274774337189
4632,121.17589089215731
4633,120.72865740298255
4634,120.30926285280613
4635,119.79542296534044
4636,119.16745703049988
4637,118.55844824583403
4638,117.92255803505122
4639,117.0708857736036
4640,116.20805147814276
4641,115.43710210676839
4642,114.58469567631661
4643,113.67009368577973
4644,112.78567198776511
4645,111.93918148149871
4646,110.95813123674105
4647,109.85839996878468
4648,108.57142245450852
4649,106.97373665146158
4650,105.11396784376478
4651,102.97011627405811
4652,100.65934163709566
4653,98.3730648986588
4654,95.96222620354531
4655,93.4844957738289
4656,91.12139196333005
4657,88.39711943761924
4658,85.0657925533191
4659,81.70701231519807
4660,79.0735032691353
4661,76.57023364983665
4662,73.6977501245413
4663,71.54338636118455
4664,70.74642763902465
4665,71.01881327641944
4666,71.95381533401297
4667,73.3949785056742
4668,75.05575574517849
4669,76.6663316746028
4670,77.9644974490565
4671,79.63327746523265
4672,81.95722644616673
4673,84.20548651546589
4674,86.16147277575617
4675,87.2194507977425
4676,87.34281726551667
4677,86.33460206875195
4678,84.84755705204603
4679,82.71648681043862
4680,80.295026208261
4681,78.47708829300018
4682,77.34960142161523
4683,77.03605735527728
4684,77.39364451044588
4685,77.71083020247369
4686,78.3108430397188
4687,79.25450703339632
4688,80.13995776952191
4689,81.13865075747782
4690,82.55969729447429
4691,83.88532815102855
4692,85.07774023832391
4693,86.35829279614
4694,87.42358818778506
4695,88.3138334205185
4696,88.71868285349343
4697,88.86359052675864
4698,89.31049730667523
4699,90.37177061641755
4700,92.0789932346952
4701,93.65892990244414
4702,95.09311646329327
4703,96.24526793329635
4704,97.14443462966955
4705,96.95863491645878
4706,95.39967111276795
4707,92.8168455999199
4708,89.47564029505577
4709,85.4382940328565
4710,81.21760966882813
4711,77.45235638475621
4712,74.61800562387079
4713,72.44715262147167
4714,70.9054083954138
4715,69.69245476192357
4716,68.83382281935656
4717,68.11408081965227
4718,67.72237556963545
4719,67.95141192689648
4720,68.87636568015205
4721,70.20559878485663
4722,71.70855435906518
4723,73.30398661977644
4724,75.13555040755546
4725,77.03032009633057
4726,78.89256437787324
4727,80.83862523625847
4728,82.94574427867897
4729,85.12392469661313
4730,87.31601899629787
4731,89.2231410370236
4732,91.70001932523374
4733,94.53614287775991
4734,97.51686544259782
4735,100.34542801461802
4736,103.15764931159057
4737,105.6441049381068
4738,107.69316654073596
4739,109.63286242168425
4740,111.36340952123784
4741,112.72544726997495
4742,113.69948906020679
4743,114.52765288538984
4744,115.51838739746047
4745,116.9681117080863
4746,118.49361639480003
4747,119.72415958793485
4748,120.98081553457126
4749,122.53111703628586
4750,124.36131815970866
4751,126.70579102497523
4752,129.29408327268115
4753,131.5726444733775
4754,133.720068706116
4755,135.9643299139958
4756,138.54395218384298
4757,141.42659092186287
4758,144.24407186804942
4759,147.04813140785845
4760,149.98790811729293
4761,152.80714569081377
4762,155.21099636278555
4763,156.99981059214633
4764,158.08051912943978
4765,158.4829489006875
4766,158.2656005774635
4767,157.42889746416012
4768,156.23116361302635
4769,154.9133803398308
4770,153.60853481731442
4771,152.23728592258027
4772,150.68154564479613
4773,149.1707916127695
4774,147.88025202887226
4775,146.2575867723478
4776,144.528273374607
4777,142.70001464225072
4778,140.86172019587147
4779,139.45761969107232
4780,138.38940218081387
4781,137.26637824704872
4782,136.18405315761794
4783,135.32166606640735
4784,134.77770510827284
4785,134.61591774280492
4786,134.24257437401775
4787,133.38875938118892
4788,132.64594033742785
4789,131.3854920975839
4790,129.93398426559546
4791,128.6107432078348
4792,127.1220793889274
4793,125.33494322873364
4794,123.18021723763225
4795,120.47296135452851
4796,117.71387024660886
4797,115.05748628717325
4798,112.12849796505944
4799,109.20483724320556
4800,106.49377377728747
4801,104.33675726093392
4802,102.58156632943502
4803,100.54459839055392
4804,98.37933708834875
4805,96.02030710236407
4806,93.44389582814148
4807,91.19998700632327
4808,89.36306573801247
4809,87.64684572245962
4810,86.26368321099828
4811,85.19424914586241
4812,84.35993889832798
4813,83.9604334800302
4814,84.14194436742017
4815,84.70855451149413
4816,85.28465488415199
4817,85.43220642875055
4818,85.36471525010553
4819,85.56620388582691
4820,86.16960937302693
4821,87.20455956564446
4822,88.59959868580951
4823,90.34335001973957
4824,92.65281147531259
4825,95.05973879560813
4826,97.63350022874948
4827,100.6710440536188
4828,103.97010135075168
4829,106.86777073975496
4830,109.40876459457394
4831,112.03683104351785
4832,114.33468221878368
4833,116.61978073991716
4834,118.7045885727371
4835,120.32546111615382
4836,121.64197307771862
4837,123.00079801789697
4838,124.41421913405082
4839,125.08992577300918
4840,124.67384303047507
4841,123.2763634437157
4842,121.22489924489632
4843,118.69670323250321
4844,115.9380076126158
4845,113.53794242331377
4846,111.27951148530555
4847,109.31141984508957
4848,107.80843335215293
4849,106.20502883021156
4850,103.87857751156439
4851,101.36736037841706
4852,98.85602508437246
4853,96.589132591268
4854,94.37730658392118
4855,92.4311119494739
4856,90.84385577295605
4857,89.3149852150334
4858,87.5522545384255
4859,85.68998305601849
4860,83.78236101304762
4861,82.21909134125572
4862,81.46915236704497
4863,81.17223908053599
4864,81.24771599473321
4865,81.33810573486245
4866,81.25893174471483
4867,81.02436095812422
4868,80.85198907913833
4869,80.74733776681818
4870,80.89827064601914
4871,81.52741606321551
4872,82.35481618326104
4873,83.65732064155597
4874,85.38874546652127
4875,87.1100130773387
4876,88.06039576659403
4877,88.10338887293905
4878,87.59496710873114
4879,86.70414108449206
4880,85.44542466099682
4881,84.00450274452513
4882,82.41011365450838
4883,81.01993089469812
4884,79.81128575938288
4885,78.81212135601452
4886,78.11127233948498
4887,77.78351283214978
4888,77.75446316218893
4889,78.02457427738844
4890,78.24000124246706
4891,78.16407961617728
4892,78.32633445468085
4893,78.80422268146712
4894,79.35998514125492
4895,79.96413620232767
4896,80.24778382768312
4897,80.79955891365334
4898,81.52332650406862
4899,82.17132887967355
4900,82.92222838344775
4901,83.98934063773652
4902,84.91772829896775
4903,86.23455831059091
4904,87.99493435167388
4905,90.0244878936116
4906,91.97894070945117
4907,94.06118021897238
4908,96.13404678121125
4909,98.34938224379296
4910,100.84758661063337
4911,103.5367665596781
4912,105.96565817751305
4913,107.74234226972237
4914,108.96929539888333
4915,109.60301515616884
4916,109.62429928450806
4917,109.20732107705729
4918,108.57854704362093
4919,107.82197815765944
4920,107.16020281995026
4921,106.24876197967576
4922,105.06019763137762
4923,103.89882896862319
4924,102.36750494887842
4925,100.2711076130628
4926,98.11284598862314
4927,96.29728117893028
4928,94.77819244748625
4929,93.57731000198794
4930,92.62907559932259
4931,91.91304499382886
4932,91.27315558973126
4933,90.39800708306278
4934,89.11292776411044
4935,87.57005140304979
4936,85.84539269731333
4937,83.89536697034673
4938,81.79472619995846
4939,79.67948727593804
4940,78.19649258880742
4941,77.57891761584538
4942,77.48176289409824
4943,77.70073988321563
4944,78.55451757480066
4945,80.3858934681491
4946,83.00315888193524
4947,86.3683685999525
4948,89.99105442202327
4949,93.59454441222809
4950,96.85411396699519
4951,100.02968465313191
4952,103.25573569372547
4953,106.16129315366615
4954,108.96338371515631
4955,111.53458973418624
4956,114.06614006986315
4957,116.53862445762479
4958,118.62188523651878
4959,120.43432211415654
4960,121.4436515500456
4961,121.39042382264296
4962,120.63459291539928
4963,119.81857577691241
4964,119.47080369390903
4965,119.38322230485056
4966,119.1141922491015
4967,118.91956315787958
4968,118.93462304424395
4969,119.37927169274532
4970,119.92898032616179
4971,119.90965082912068
4972,119.40247135415798
4973,118.47136057925991
4974,116.8842920342112
4975,114.98475241776525
4976,113.08592795333863
4977,111.28822596572908
4978,109.6713563271838
4979,108.31937965286328
4980,107.37277390512219
4981,106.9971405035489
4982,106.72596586406517
4983,106.39045484584638
4984,106.18168505708039
4985,105.92396716912636
4986,105.0029499234901
4987,103.31295635546608
4988,101.51833671550304
4989,99.74717833528095
4990,97.8491998328948
4991,95.69001141024145
4992,93.32730468611207
4993,90.8315676753065
4994,88.33683806290125
4995,85.95013734978514
4996,83.75719741456959
4997,82.04643325595129
4998,80.87433004697006
4999,79.87146489126697
