,0
0,144.698887305239
1,269.1302004140367
2,376.06356683210265
3,467.3269471509642
4,545.4895438850891
5,612.058117771332
6,669.4540256965292
7,718.6870188146233
8,758.6096001160829
9,788.6976582515837
10,809.0299942308873
11,821.3802451969634
12,826.0413660046825
13,823.9435492283418
14,814.4968175953047
15,801.4049344253388
16,785.2968089119624
17,766.849945626381
18,746.7890741543436
19,726.4551826265229
20,707.8060337425597
21,691.5423901184156
22,677.9992641794913
23,666.8883408923034
24,657.5587131284033
25,650.795868173282
26,646.813816207037
27,645.6854865533279
28,646.7558237992376
29,648.2121026310169
30,649.3672221592255
31,648.4866586163737
32,646.164220723665
33,645.0489977897013
34,645.3057284230576
35,645.7148735922187
36,645.6138013779316
37,644.3537088900289
38,642.1539730587865
39,639.4391235094063
40,637.0929522393649
41,635.2201563476779
42,634.298559052733
43,633.1559165368648
44,631.3106937834681
45,628.3947708582125
46,626.1844328121995
47,623.840067408916
48,622.347060332142
49,623.0574869626722
50,625.9999462569142
51,633.8704667228626
52,646.1086632476478
53,662.2663251530917
54,681.8423728019478
55,704.4275230385767
56,730.9167029892812
57,753.9622895463941
58,776.844898828869
59,797.5115613106125
60,816.3607548384739
61,833.7170450344711
62,848.3579560415997
63,862.0082445884104
64,876.0378879191434
65,891.3343209407121
66,908.3403034916438
67,926.4872844838198
68,945.4863973414124
69,967.0379844829039
70,991.6227809488953
71,1018.4887526635392
72,1046.8807986888307
73,1076.4759029768477
74,1107.5225412699795
75,1138.7585661392704
76,1168.2177038978714
77,1195.3191706800155
78,1220.3425641513422
79,1241.5084886680213
80,1257.3490994866052
81,1266.089864933418
82,1266.9788072157182
83,1262.9876209826562
84,1255.3021936104337
85,1247.3016129896646
86,1238.3638620774536
87,1230.122754161451
88,1223.2718374717947
89,1219.2118487866774
90,1218.6778919322535
91,1223.1615051772692
92,1233.1215341224079
93,1245.7173512414379
94,1257.914091068101
95,1268.972757634323
96,1275.2479439197944
97,1279.1845955693311
98,1279.4491271535164
99,1277.370566187689
100,1269.8427648171125
101,1257.9034709616012
102,1243.3457495431119
103,1226.6303882685409
104,1210.2280176195804
105,1192.283952116842
106,1173.5703057817873
107,1153.3110357465412
108,1129.3376422924853
109,1104.5387360064215
110,1080.1522629721687
111,1057.2378866038725
112,1035.6541396311752
113,1016.2376172174161
114,999.3452427174457
115,988.7718884056044
116,985.3222124288977
117,988.0681649636801
118,996.6488660751959
119,1009.3484699118312
120,1025.414484556502
121,1044.9699793273528
122,1067.1251787907343
123,1090.8647652373988
124,1115.2840269573417
125,1140.3360625519945
126,1166.6151076557007
127,1194.851207642716
128,1223.8179303032157
129,1252.3734839230801
130,1278.829483683186
131,1302.4009892004365
132,1323.161293604498
133,1339.0355957695651
134,1348.7926724801364
135,1351.9973499338153
136,1348.9202789025412
137,1340.2183589199794
138,1327.5541171778332
139,1310.4642844407977
140,1289.4355055829687
141,1265.7763293272951
142,1241.1762176408417
143,1217.009581100564
144,1192.8811925149644
145,1169.5220146890513
146,1146.1346784245911
147,1122.630492970391
148,1099.390167373025
149,1077.4053757187999
150,1059.060452370371
151,1045.7205870311361
152,1038.173666305096
153,1036.4825823849785
154,1042.0798338562963
155,1055.2781555663746
156,1074.237960460428
157,1097.515052041635
158,1122.5333631508379
159,1146.9139875284109
160,1170.158673250215
161,1191.8066619719361
162,1212.071463623147
163,1232.1309334096923
164,1251.5761269562934
165,1270.900325606609
166,1289.4815495831294
167,1306.6765266167122
168,1322.1691320824475
169,1335.844967326941
170,1348.18686558244
171,1358.9243170647246
172,1365.2286248929195
173,1368.4774197053734
174,1369.1565755015852
175,1366.2195658121645
176,1359.977870913075
177,1351.3606363742188
178,1341.05881310329
179,1330.3401897064532
180,1319.7243755424254
181,1309.7562836700636
182,1300.4495060219338
183,1291.6513523616186
184,1280.9304418945126
185,1268.3612840956143
186,1254.3257115535368
187,1239.184338088836
188,1223.9389741095135
189,1209.5549554563781
190,1195.1234804732119
191,1180.527764522721
192,1165.8231135575088
193,1150.2926262852243
194,1133.7668477026737
195,1115.9160326125343
196,1096.7381554195972
197,1076.71271097271
198,1056.5733189638102
199,1036.261863237985
200,1015.5074571771218
201,994.318924127941
202,972.4486826894849
203,949.8356096798834
204,924.1102024808049
205,895.8393147701004
206,866.0015095610927
207,836.4550782764641
208,808.1206491941009
209,782.7866874339768
210,761.3597214896688
211,743.8764261099719
212,729.905016492479
213,718.2182783687143
214,708.8572126920875
215,701.6653020805783
216,697.4424006896876
217,695.8390921441915
218,696.75244578348
219,700.0579758164982
220,705.2805975739465
221,713.1989957389297
222,724.5424283675459
223,738.4355627984462
224,755.6622394903519
225,774.3549199417671
226,793.0755872178928
227,811.3760754532022
228,827.2975002179215
229,841.1848807142139
230,853.4305870061396
231,864.5314218367305
232,874.224820254933
233,882.2013422473756
234,889.2838838165719
235,895.3619937072749
236,903.2120054011616
237,913.4918057434076
238,926.1390041793626
239,941.4378099702542
240,958.6053263281483
241,976.2562271156414
242,994.249264428586
243,1011.8154898241122
244,1029.0830497114794
245,1046.2767117132912
246,1064.2523214638836
247,1080.9566065643876
248,1096.5242632207112
249,1110.1750258617265
250,1121.7901620306272
251,1132.5681459871048
252,1143.6345763474883
253,1155.45842019021
254,1168.5867192213418
255,1182.6364223391447
256,1198.341179860629
257,1217.220250123879
258,1239.532321697233
259,1264.569178067207
260,1291.6828476077096
261,1318.6233215255436
262,1345.9945205764445
263,1373.883173476163
264,1403.6628785339685
265,1433.1038277329108
266,1460.679720026528
267,1486.0101940647337
268,1510.442906157012
269,1534.2855589361948
270,1556.2188964937916
271,1576.1610764152906
272,1594.421531445272
273,1611.5606805233647
274,1628.296161037028
275,1644.670922719855
276,1659.2086425042899
277,1670.9655735501274
278,1678.8071571914138
279,1680.6461455080025
280,1676.3778430551106
281,1665.811535963639
282,1650.0611884656282
283,1629.9213687444196
284,1605.9286838646235
285,1585.0550480192005
286,1563.2934466483125
287,1542.0012046183165
288,1522.0169986259457
289,1504.8820012231045
290,1490.7932636864964
291,1479.402570185564
292,1469.7441614142658
293,1460.3609053612927
294,1451.5668469459856
295,1442.814115527431
296,1433.2078897412184
297,1421.157355712557
298,1406.2346920372124
299,1388.4079678815583
300,1367.243837807858
301,1343.9324354062915
302,1319.2752544132532
303,1293.2256688184398
304,1266.5074824276076
305,1238.8743854271981
306,1210.7838067103157
307,1183.56091644968
308,1158.4617728720846
309,1135.5496615882937
310,1113.6706771923741
311,1091.3621317253203
312,1068.3192325940852
313,1043.852634752808
314,1018.3524227792556
315,990.6875126509697
316,961.7870501569017
317,932.6850095951272
318,905.6639132599862
319,882.2086777102083
320,863.1699391398536
321,848.2478115908752
322,837.277927251099
323,831.0476743615475
324,830.5325340019376
325,835.136000307341
326,844.6628065619288
327,857.6114579152597
328,873.4148702676788
329,891.5049199467264
330,912.7162618292962
331,937.6903728153949
332,967.3603488626954
333,1000.8667103583729
334,1035.6303532696115
335,1072.1054444027423
336,1110.2110488638239
337,1149.1018936515998
338,1189.2341497147
339,1231.8342808970658
340,1274.378425060288
341,1317.0815497313934
342,1354.233268195255
343,1391.8914983162867
344,1430.2999474888475
345,1470.140221343248
346,1509.3146383423277
347,1544.7495140114825
348,1575.3920824101078
349,1601.5187646018924
350,1622.0630628599206
351,1640.2003950790736
352,1656.7768031667108
353,1670.4790166196747
354,1682.6750916500555
355,1692.8781348850584
356,1701.6667729276123
357,1707.6507353095863
358,1711.7679276154026
359,1714.207474565166
360,1714.0534738204856
361,1713.2577353096756
362,1711.8809255376746
363,1709.2048033755
364,1703.2452432821578
365,1694.1268358018315
366,1681.0518191507135
367,1665.1866219820924
368,1647.6817851297328
369,1627.2180445350882
370,1603.9270142233831
371,1575.9859082445155
372,1542.6136318980625
373,1504.841542213242
374,1463.1351966997836
375,1417.8544424841043
376,1369.9576119874635
377,1322.8679277200577
378,1277.4882508433266
379,1234.528722178492
380,1194.5302663033408
381,1156.901396020487
382,1120.5598061462244
383,1085.9533057031686
384,1054.5677422224974
385,1030.1822324619116
386,1013.4676462927091
387,1003.6613200363233
388,999.1740730581917
389,999.2974600202833
390,1003.3574215646838
391,1013.5040224870975
392,1029.55049341505
393,1053.0469700099648
394,1082.6165203962669
395,1117.6360180967667
396,1157.4398444245521
397,1197.3914060389336
398,1234.8911551046172
399,1267.5159367917618
400,1294.8231119420732
401,1318.3019539097777
402,1339.9793908800798
403,1361.4401828595887
404,1382.1913345834926
405,1402.825221771306
406,1424.2078103931817
407,1444.8698151093718
408,1466.3822962070678
409,1485.8478125205693
410,1501.9681883770477
411,1514.4300625577382
412,1522.2522854323304
413,1526.4729081787048
414,1526.632062723763
415,1524.433049842613
416,1519.9288016074872
417,1513.1821754854057
418,1502.960021832705
419,1491.200303537932
420,1478.232399905196
421,1463.4081938151453
422,1445.5124962624163
423,1424.4489803293627
424,1401.358312637382
425,1377.5022516540407
426,1353.1482816599294
427,1328.0793828127526
428,1302.3034622053751
429,1273.6493276433525
430,1241.12139811568
431,1203.745912661921
432,1165.0768705646224
433,1126.9038441963776
434,1089.83448343843
435,1056.0541608269705
436,1026.929650841032
437,1002.4611204037269
438,985.1765423510831
439,974.2559070526577
440,969.1681539734993
441,971.0171091862201
442,978.6137840933621
443,991.3451869841297
444,1008.2419354557478
445,1028.7030945487168
446,1053.3559702704697
447,1082.0914573621067
448,1114.4317839074952
449,1150.0388185481747
450,1188.135462264218
451,1227.4990683305998
452,1265.168738795893
453,1299.5474387087738
454,1330.6043670414215
455,1355.7465753290012
456,1377.6202965391956
457,1394.2637432593842
458,1405.3394197573962
459,1409.9317998647916
460,1409.6272253037894
461,1404.963063055885
462,1396.4907796612742
463,1384.3607776423112
464,1369.206676448229
465,1350.1050563788745
466,1329.292046438318
467,1306.984657777794
468,1283.0432290291424
469,1259.5686988249709
470,1236.7173150886588
471,1213.9157586170427
472,1191.206758786981
473,1167.7532221846623
474,1146.7384180086165
475,1128.307097925932
476,1112.7492591114328
477,1098.0381984084133
478,1084.7290404396688
479,1072.9729455701356
480,1064.3888831239096
481,1058.963588370329
482,1054.6160278204204
483,1049.5426430996815
484,1044.102634004288
485,1037.1448799845525
486,1029.3819088114224
487,1020.1446853981188
488,1009.9826807434071
489,997.5039606010608
490,984.7845079744195
491,971.4758848524132
492,958.3963476443707
493,945.1846622715655
494,933.0729563810135
495,921.2629345637674
496,911.4064887912903
497,903.829094249549
498,899.2144793683278
499,897.9108003221653
500,898.4834758505085
501,902.47249882491
502,910.0475256797461
503,919.906708023439
504,932.5703897143943
505,946.1842194693165
506,960.3726240916774
507,975.5260001282871
508,991.6413878598627
509,1008.1250893523679
510,1024.7876404545102
511,1040.098898748387
512,1054.0406906541875
513,1066.1700496122342
514,1076.0374042383064
515,1083.6087880352072
516,1087.928576572389
517,1089.5622050034372
518,1088.6605764324675
519,1085.1320421809571
520,1078.3580980300947
521,1070.4306446585642
522,1063.4809403165495
523,1058.6654301792505
524,1057.0655280195206
525,1058.9398828482772
526,1061.4849768150264
527,1065.7650197711746
528,1071.6277062458796
529,1079.1908913418906
530,1088.5463712190935
531,1099.457271021885
532,1110.9037657125082
533,1121.7454256244769
534,1133.0465977329823
535,1143.0865376209904
536,1150.658215431712
537,1155.6860496586348
538,1158.4498832584086
539,1160.7628661394774
540,1163.024618399414
541,1165.5064708200189
542,1167.8178046137307
543,1170.7015526904306
544,1173.294473445343
545,1176.9708263864588
546,1182.6239796527
547,1190.6381019254509
548,1201.0628726951213
549,1211.9105327088716
550,1219.5753109478942
551,1222.8533127434318
552,1222.7376967701298
553,1220.6799362723089
554,1217.5704869095885
555,1212.6518728637916
556,1205.6108483796409
557,1194.954506268681
558,1181.1325198558184
559,1163.5701168207472
560,1143.1732344114703
561,1121.320921177363
562,1098.7981620067073
563,1076.6669686026012
564,1055.0213207058334
565,1036.9136999595403
566,1022.2225361573724
567,1011.1831946549432
568,1004.1146545704734
569,997.555370068412
570,991.8487925516187
571,989.7525907630628
572,989.4541059473431
573,989.521819384249
574,989.6348714308565
575,989.4563721915844
576,988.727400972568
577,987.9090185382395
578,985.8502737092413
579,982.9204006241343
580,978.8287686975327
581,972.6760225330976
582,964.1538360206487
583,954.1400493701254
584,943.2688564042439
585,932.4240424175646
586,921.5921025566512
587,911.2336114033451
588,900.4060728614876
589,887.701505399996
590,873.1800730304079
591,857.9762325608033
592,844.0415944951712
593,832.3012572122295
594,823.4365646094113
595,814.5403922164297
596,806.9207265612763
597,800.6840123683173
598,794.6574703680756
599,785.7849799190824
600,774.4104029558506
601,761.8033129429753
602,748.9193246906414
603,736.5973097983635
604,724.8247968121823
605,713.2451187393488
606,703.176847787749
607,695.3539718704603
608,692.3662806918906
609,695.9286024000736
610,706.127752522331
611,721.9961059504575
612,741.0327669287
613,762.882402422997
614,786.579089917089
615,811.9751018732468
616,839.9623903127053
617,869.3186624370348
618,901.1463445777429
619,936.1122625959397
620,973.0449791811213
621,1012.329077026451
622,1053.144932442636
623,1095.8843333657292
624,1138.631362347484
625,1179.7635451637375
626,1218.0317650963239
627,1251.3251164376738
628,1281.4275562055795
629,1309.3323323045897
630,1334.8373181223792
631,1358.7889643739409
632,1381.807212330661
633,1405.5137877795987
634,1429.9673898967462
635,1454.1477854357252
636,1477.2739812061304
637,1499.5517115588368
638,1519.9909566811791
639,1536.1868651616835
640,1548.639987993201
641,1558.5520734127517
642,1565.4345105277678
643,1567.8366220395988
644,1567.9779022470134
645,1565.6695644869897
646,1561.4156750097125
647,1557.4626951302948
648,1551.9480325150894
649,1548.650073671226
650,1547.157910510056
651,1547.997941877647
652,1550.5962832418154
653,1552.8233962922704
654,1555.356851157217
655,1557.8104680901524
656,1560.9047614080534
657,1563.6031536325968
658,1565.9151952692334
659,1566.7288148180282
660,1565.8666690408218
661,1563.8621316643184
662,1561.3356313305621
663,1556.6153497318523
664,1550.1514000400734
665,1541.7146660733397
666,1531.6462865680555
667,1520.5586321330659
668,1510.670032943814
669,1502.6885321202526
670,1497.9102591314986
671,1496.525072521303
672,1499.4018513569888
673,1505.6426532854264
674,1512.4367348893177
675,1518.26047531422
676,1522.037192688839
677,1523.465082949591
678,1523.1886888409167
679,1522.5229575900896
680,1521.8655587212213
681,1521.42270266919
682,1519.9601072081523
683,1516.1092539390754
684,1512.7590115949783
685,1505.8002336315935
686,1493.7059359032587
687,1475.2470774919507
688,1450.7465060882696
689,1420.7956301897834
690,1387.1624421393235
691,1350.8862009685336
692,1314.030980615405
693,1276.5307952445476
694,1238.1017627204992
695,1198.78074827206
696,1159.7527361349714
697,1122.0580079621445
698,1085.6736712340376
699,1050.9253677885374
700,1018.4274720342598
701,987.3055429651263
702,957.8590662392844
703,930.3537467047875
704,903.8350567924598
705,880.0168299903413
706,860.0879199364286
707,843.5335628416253
708,830.2323007966386
709,818.3059936182171
710,808.317566688936
711,800.2277227939844
712,795.7560884659608
713,794.8033907741853
714,797.9620028314141
715,806.2759536495457
716,819.0516741867004
717,835.6262835142585
718,854.5512057344937
719,875.0514226143061
720,896.4935063269422
721,918.465452628699
722,940.97050254055
723,965.020138944881
724,990.8314859738061
725,1017.5130404812251
726,1043.4351832961827
727,1067.9318663805007
728,1090.7416335435648
729,1110.0344636456512
730,1124.285220287074
731,1134.391439220674
732,1143.195587014252
733,1150.135096157605
734,1156.3553018010257
735,1161.2854661013287
736,1165.5524469304642
737,1170.1286028541408
738,1175.4337101532774
739,1179.4504415243937
740,1183.0927057232425
741,1186.261475576241
742,1187.8356792473446
743,1186.9199882099983
744,1184.9088120211436
745,1183.3223377004138
746,1182.0921577748045
747,1181.5439911669614
748,1182.0192516758586
749,1183.4211370842606
750,1184.1513895851567
751,1182.879336659103
752,1178.618561712391
753,1172.5881519803083
754,1165.8775692049949
755,1159.7426895346298
756,1154.6166160165642
757,1150.232553490637
758,1146.7490865286109
759,1143.6127976313483
760,1141.6788895884843
761,1139.1326491203197
762,1135.6082670421897
763,1132.120575267415
764,1129.6587570848228
765,1130.5198566554682
766,1134.8449300553393
767,1141.544514108482
768,1150.7754666553167
769,1160.941024747549
770,1171.7756025003878
771,1184.162424989524
772,1197.8547618606644
773,1212.3431680263943
774,1226.5123464228864
775,1239.4504727996734
776,1250.2258394419255
777,1260.5221674641125
778,1269.7501622688756
779,1276.9987936881312
780,1280.157910963182
781,1278.3394029071414
782,1272.2127776662355
783,1261.4532039577944
784,1247.4704010320763
785,1229.8643246512252
786,1209.6148474745141
787,1187.1603130557983
788,1165.1878119989624
789,1144.1267844745262
790,1122.525711895069
791,1099.4361384735787
792,1073.932979441391
793,1047.347261390285
794,1020.2085009782716
795,995.277108320045
796,972.7998444117645
797,953.6579300629331
798,937.00446457945
799,924.4426345356491
800,913.4359872219084
801,902.6129700977044
802,892.1786580579075
803,881.7411238533163
804,871.6511334734437
805,863.5839684773092
806,858.0364356912098
807,856.0502771824416
808,856.5212347359632
809,859.5678123735722
810,864.6863306583148
811,871.0155330651946
812,878.2886344145093
813,886.7634110456811
814,897.4769849311285
815,911.175242401863
816,928.3746366561317
817,950.6795028573019
818,976.9430377418032
819,1006.8881172046417
820,1039.9758282768203
821,1074.0480297832587
822,1109.277579289504
823,1145.66683329949
824,1181.1629882905943
825,1214.9575057963489
826,1247.1048236417996
827,1276.5512850826437
828,1303.6918762386072
829,1326.8669871426214
830,1345.0107531542512
831,1359.9887636750989
832,1372.080120539496
833,1380.901159458382
834,1389.3959800294253
835,1397.0337218099398
836,1403.5707453155374
837,1407.1739816744648
838,1405.55541706752
839,1398.9666413924042
840,1388.0029469139083
841,1372.192124805572
842,1352.5664246047868
843,1328.6125477710898
844,1302.7850463484058
845,1276.60124404253
846,1251.6339519631485
847,1227.1878004757343
848,1204.725148690814
849,1181.5768333314622
850,1158.617918390704
851,1134.8651964404035
852,1108.8238694934344
853,1081.9740953715773
854,1056.9262859954254
855,1035.1346918381732
856,1017.689320119627
857,1006.0293030090832
858,998.5289637721096
859,992.6684269119387
860,987.416814875588
861,982.1920720784276
862,977.2091431358215
863,974.5787570484208
864,973.2523312856504
865,974.1891671564126
866,976.9482098234314
867,979.5160592365236
868,982.6205833883348
869,985.4142818548629
870,987.3861185366375
871,989.3426779927514
872,990.9915019957358
873,990.8522776103357
874,991.639802327559
875,992.4263628501382
876,993.1946994532447
877,995.0257713750796
878,1000.011274109027
879,1008.9032056015287
880,1021.4756296713001
881,1037.1278415727143
882,1052.4358169298303
883,1067.3262634726798
884,1082.6608024479347
885,1097.6776757663836
886,1112.65890956344
887,1125.2770095640499
888,1135.8948696705377
889,1145.4052689458322
890,1155.7202587230422
891,1167.1023517436477
892,1180.2687004532254
893,1193.9329271140768
894,1207.1195811927198
895,1220.0355887258133
896,1230.5957764718155
897,1237.7644978182682
898,1240.2256680649011
899,1238.3637961287604
900,1233.7233407148997
901,1226.0029510897825
902,1216.4760365589882
903,1204.2606993098584
904,1188.9413174466026
905,1171.6979616844305
906,1151.2043585864903
907,1129.9833759646601
908,1108.5024229108865
909,1087.640711860956
910,1067.5657696146625
911,1048.3546148551854
912,1031.6409102144403
913,1016.2211831937395
914,1001.6420516308833
915,987.887920261776
916,977.0105260897756
917,971.3229191538256
918,972.9296842392472
919,980.4898105084047
920,993.2277618452117
921,1009.6313406577567
922,1028.6837843368871
923,1050.0341467747564
924,1071.4747758162944
925,1091.4485700856678
926,1108.8417240074732
927,1122.1396109730576
928,1132.6086566449674
929,1140.3559565811015
930,1148.506588244462
931,1154.3022082103303
932,1158.6049839596099
933,1160.7986788695591
934,1161.2737241366576
935,1164.0699731122704
936,1169.9607079219086
937,1177.3673236072682
938,1187.5745245676846
939,1198.4551121009667
940,1210.2485270464401
941,1222.231178671378
942,1236.0025926729897
943,1250.2850038430274
944,1265.1002793952027
945,1279.7058349575532
946,1294.567845753153
947,1309.5670985150493
948,1324.9634240046742
949,1339.1816432357193
950,1351.2386446127966
951,1361.0455638638573
952,1370.2982101454704
953,1379.4723158624533
954,1389.160802902899
955,1398.909911112693
956,1409.3738185224772
957,1422.654862332121
958,1440.3931230292158
959,1461.4272397813143
960,1483.6825721557361
961,1507.6189324448142
962,1529.4574288519188
963,1550.6695261683153
964,1571.197211955445
965,1590.0615860936487
966,1605.8847003782803
967,1617.5023759038781
968,1624.0720841512775
969,1629.7877303265152
970,1628.2630299733785
971,1620.0321308319567
972,1605.5882686146429
973,1585.190466861614
974,1560.1350093182746
975,1530.0261135231594
976,1496.0936396013958
977,1460.6857062796553
978,1424.506377950293
979,1389.4769107644024
980,1354.6128910754355
981,1319.1934238086387
982,1283.418391537266
983,1247.5068892895583
984,1211.2275964307228
985,1173.8167793773491
986,1136.281308205246
987,1099.7845380367157
988,1064.2851334778989
989,1030.8622225227136
990,998.2593288071346
991,966.9762296521817
992,937.1553649437515
993,910.5343913028327
994,887.643683209264
995,867.3648884429219
996,848.9761346391506
997,833.2603663597583
998,820.957684974022
999,811.2801746059529
1000,805.4635491313201
1001,804.0644036814958
1002,807.5069431561967
1003,814.6586373366044
1004,823.5942431638584
1005,834.2952861394565
1006,845.4225955693023
1007,857.1135287200918
1008,869.6459650162271
1009,881.495278490086
1010,892.0264576809718
1011,901.1951600695356
1012,908.585345480451
1013,913.6168133900499
1014,916.7199059910481
1015,917.1608632685436
1016,915.5092085627716
1017,912.6766396255675
1018,909.0368151189275
1019,905.2527593773409
1020,901.4046364787666
1021,897.8213191791135
1022,894.1755496590006
1023,890.9340052975999
1024,887.6950246508338
1025,885.0092428727373
1026,882.6726127257934
1027,881.3033266380087
1028,882.299894805641
1029,885.8093313954216
1030,892.5265586142209
1031,902.9844288947052
1032,916.4300337960738
1033,933.7928622648519
1034,953.7010874430791
1035,975.3171814857405
1036,997.2422041126547
1037,1018.3019274893384
1038,1037.8062642737866
1039,1055.8598304599577
1040,1073.0626541030774
1041,1089.1873013779577
1042,1103.7915009158316
1043,1117.295004181604
1044,1129.3617528106797
1045,1139.8634245762564
1046,1147.6937276151734
1047,1153.0649716104274
1048,1156.327769371524
1049,1159.7565862687457
1050,1164.1424330727127
1051,1169.1768911942058
1052,1174.3754893328828
1053,1179.3374001237669
1054,1182.5462875668622
1055,1182.9432888816564
1056,1180.362782297604
1057,1174.964901137902
1058,1167.0826639638494
1059,1157.8184915804209
1060,1147.3465585795143
1061,1136.2420215057455
1062,1125.3168833223701
1063,1114.1686212573263
1064,1101.7085965857825
1065,1089.1742919715246
1066,1077.1904331683309
1067,1066.8692494310858
1068,1058.8881328985292
1069,1051.7876306959324
1070,1045.766536442557
1071,1039.8312806335962
1072,1034.0344152524067
1073,1028.7618971633688
1074,1023.1393144549427
1075,1017.3660168662008
1076,1012.338974053696
1077,1009.3339227240751
1078,1007.9267850321028
1079,1007.6693467069554
1080,1007.5926995092385
1081,1006.790274731046
1082,1004.457794263724
1083,1002.4285362571537
1084,998.2171557685706
1085,991.6321306562614
1086,983.8273694058323
1087,974.4985493419534
1088,964.2645631660203
1089,953.7776850527624
1090,943.4036311066669
1091,934.2442040506176
1092,928.2559691316737
1093,925.4052813070772
1094,926.015990606672
1095,929.4961149480228
1096,935.6905115915672
1097,942.188115607418
1098,947.8751537027463
1099,951.8466949290961
1100,953.1879239174825
1101,952.4585831867329
1102,950.7754893009488
1103,947.6049546706345
1104,944.3197439450255
1105,940.6535196237593
1106,937.6220208584241
1107,934.9922797433824
1108,933.5180907003951
1109,933.0690656601632
1110,934.7612539017954
1111,937.4486225025526
1112,941.1841307724835
1113,946.7138647487864
1114,953.1779013918083
1115,960.314497241945
1116,968.0388635655402
1117,975.8616017074781
1118,984.8942555995334
1119,994.7025454486093
1120,1005.398878718441
1121,1017.4374578176715
1122,1031.9611927711546
1123,1049.5580873111192
1124,1071.0814192595535
1125,1097.5324938867634
1126,1127.7939280532635
1127,1163.1540337006172
1128,1201.6076430779276
1129,1243.1582393647034
1130,1285.2830825898195
1131,1325.7330939800074
1132,1363.2204698592532
1133,1397.6130543758072
1134,1428.3423118817905
1135,1454.9251051131778
1136,1476.6416665701754
1137,1493.2327506850465
1138,1503.974579388458
1139,1509.1199527732979
1140,1513.5964276181085
1141,1510.745236099127
1142,1501.6463470766666
1143,1487.594289509269
1144,1467.8467627370028
1145,1442.2036632135248
1146,1411.8018866475284
1147,1377.9212011593002
1148,1340.5405287683611
1149,1300.3987671229488
1150,1258.9654695145573
1151,1216.4778084755626
1152,1174.1104546900076
1153,1131.6543594623608
1154,1090.2246811373345
1155,1050.189020554468
1156,1011.4627207693819
1157,974.9472698202023
1158,940.5984813317457
1159,908.6879341500194
1160,877.2869936410539
1161,846.3053484767493
1162,816.3889932961961
1163,786.354954547839
1164,757.817752663625
1165,730.2694236821645
1166,706.2593274263073
1167,686.4278767969295
1168,670.2665485469267
1169,657.0292996163776
1170,646.1844750294453
1171,637.676212260553
1172,632.2750122627981
1173,630.1006259148178
1174,630.9921528967737
1175,633.2448610067598
1176,638.0025833730703
1177,646.3393280061632
1178,658.0541322871481
1179,673.5342434800293
1180,692.6077521147527
1181,715.10648503828
1182,739.6724032925814
1183,767.0042052586468
1184,796.2934012531375
1185,828.1794553523647
1186,862.6220385115342
1187,899.108059898129
1188,936.4125506815362
1189,974.7165608881064
1190,1014.3493286803474
1191,1056.1617470188246
1192,1099.0918480333967
1193,1142.1927285780177
1194,1184.273257816739
1195,1224.3518732872203
1196,1261.182437481923
1197,1293.2250283313147
1198,1322.6276319057893
1199,1350.4509475322334
1200,1378.3385921812276
1201,1408.2664555530669
1202,1441.5427408379246
1203,1478.3934795710506
1204,1518.141233297663
1205,1558.0085169079098
1206,1596.2443606809384
1207,1630.4454541014886
1208,1659.2580204699643
1209,1681.9708694567253
1210,1699.6614294861872
1211,1713.6555000945386
1212,1724.1522424003624
1213,1731.8492047771547
1214,1736.4262841667119
1215,1737.962051895735
1216,1736.1153256260022
1217,1730.3409693669716
1218,1720.2153831295716
1219,1706.6260567125967
1220,1691.3216191217643
1221,1675.4882814130142
1222,1659.603495185786
1223,1644.652713564627
1224,1629.1771536312874
1225,1612.6604247412617
1226,1596.2066307423856
1227,1579.3939832528677
1228,1562.5365405167659
1229,1546.1104732175525
1230,1531.6257158472342
1231,1519.4973609744297
1232,1509.0613703256004
1233,1499.6815856633334
1234,1490.564278782065
1235,1481.1764370808187
1236,1470.313297491025
1237,1458.5272115880766
1238,1446.1530683480794
1239,1433.8913957196103
1240,1423.5668720127996
1241,1414.7175291669769
1242,1408.380102317386
1243,1402.977480694574
1244,1397.4092885023892
1245,1390.3187562084117
1246,1381.7931300075968
1247,1373.0683355778194
1248,1363.8057632080786
1249,1353.0518639848601
1250,1339.9221485466255
1251,1323.4347248907898
1252,1302.6018897550466
1253,1277.1681807676875
1254,1255.040853948685
1255,1227.6312665601827
1256,1197.828083172521
1257,1168.4531382385903
1258,1139.7683826815612
1259,1111.3320872188258
1260,1082.5492991244232
1261,1054.4531073567043
1262,1027.212632326111
1263,1000.0568965746704
1264,974.0111444593624
1265,949.2520643234833
1266,926.5983920230508
1267,908.7173748578001
1268,895.5752157075719
1269,885.8480301048161
1270,878.7270403420713
1271,872.979323277787
1272,867.873661008766
1273,862.9757950362346
1274,857.5433482512053
1275,851.7962225632385
1276,845.0938378584331
1277,837.5535040476444
1278,828.8976835562088
1279,819.806342890349
1280,810.266913370076
1281,800.9453604780774
1282,790.9181908897654
1283,779.7494343270423
1284,767.2443231262112
1285,753.5022856653068
1286,739.0591636799079
1287,724.4440750618887
1288,710.5269219832788
1289,698.2094517100907
1290,688.4129427048791
1291,682.530560449708
1292,681.5030741770189
1293,686.1482747329844
1294,697.49702598321
1295,714.9658783018255
1296,739.5157367778938
1297,769.8700772209916
1298,805.6594695592025
1299,844.035124363767
1300,884.1794601236736
1301,925.3020124994441
1302,966.758557237435
1303,1009.3784311188224
1304,1054.1517838506363
1305,1102.3975003930468
1306,1151.8071810447393
1307,1201.2525560806612
1308,1250.397910518116
1309,1298.46516444931
1310,1343.5908883456268
1311,1382.8502681354223
1312,1418.378577468849
1313,1452.2884319272518
1314,1483.8909843413421
1315,1513.9125044607201
1316,1543.356307650543
1317,1571.6012386165935
1318,1598.3138213248008
1319,1621.8873978743818
1320,1641.2529162418587
1321,1657.2014108111316
1322,1669.861239214351
1323,1678.9683858515878
1324,1684.8297557874741
1325,1689.1989092617566
1326,1692.2510996611968
1327,1693.743867664019
1328,1694.003448849753
1329,1691.352683937916
1330,1686.7152616791586
1331,1678.4565792744024
1332,1666.3448682389237
1333,1650.4813354170053
1334,1630.8450061633603
1335,1607.3260073824408
1336,1580.9063422850168
1337,1551.5817539618286
1338,1520.1265657543254
1339,1486.607851813335
1340,1452.062558146598
1341,1416.4275775366814
1342,1379.4668285761898
1343,1340.7406141341216
1344,1301.1937529261938
1345,1260.7118971246362
1346,1219.8502957813364
1347,1179.1027114052204
1348,1138.2648709028203
1349,1098.0828634679658
1350,1059.1955350434039
1351,1022.536507989101
1352,989.1993350798275
1353,958.6185501675274
1354,930.664755496567
1355,905.1741087244571
1356,882.7084878048474
1357,863.1716047613218
1358,847.4672377434923
1359,835.7910817784543
1360,829.2207348597311
1361,827.7527063156865
1362,831.7013351490726
1363,840.8721542322672
1364,854.487694920987
1365,871.6969986569845
1366,891.4794297891332
1367,913.1962628983508
1368,932.0899077033703
1369,953.0885147008786
1370,975.927384244618
1371,1001.4408692616112
1372,1029.4921008604083
1373,1060.034867190448
1374,1091.4619012404803
1375,1123.7504185594748
1376,1154.680738772372
1377,1183.720555744037
1378,1209.5350574007052
1379,1232.7337003135058
1380,1253.697269632192
1381,1273.2587069530261
1382,1291.954545496672
1383,1310.598913774948
1384,1328.4636899914422
1385,1346.1195838892077
1386,1363.5927880620648
1387,1380.51413853221
1388,1396.3029100964973
1389,1410.8023581052648
1390,1422.9596044439345
1391,1433.5151824959676
1392,1440.6216385989608
1393,1444.7709990769317
1394,1445.9088784322994
1395,1445.7384817328707
1396,1444.0410919604642
1397,1442.0931564478733
1398,1441.132664690776
1399,1442.6274484791115
1400,1446.654145445295
1401,1452.334094019014
1402,1458.3228496914903
1403,1464.3913504852676
1404,1471.3662664275707
1405,1479.2812098332683
1406,1489.002651664979
1407,1500.5075050572318
1408,1513.0586184314939
1409,1526.0759088283203
1410,1538.320341016782
1411,1547.4316375018811
1412,1552.2105500575408
1413,1551.883541647423
1414,1547.2921321946988
1415,1538.612737636683
1416,1525.768615697745
1417,1509.8323725681166
1418,1491.7096683553832
1419,1470.982610106379
1420,1448.1688640148222
1421,1424.6947870034624
1422,1400.8122168030204
1423,1375.2875911943975
1424,1346.5213332722747
1425,1321.4946888800275
1426,1291.5243028135662
1427,1257.6712294927668
1428,1223.0967988307439
1429,1189.2193392783265
1430,1156.9672340214852
1431,1128.2357158768139
1432,1102.7224650115836
1433,1079.6484530462913
1434,1059.9723706147329
1435,1041.7018823801056
1436,1022.3575952857025
1437,1002.719952272535
1438,981.1922355244833
1439,958.7711728835848
1440,934.9286281148657
1441,909.3953569189785
1442,883.1637286217825
1443,857.4879794913161
1444,831.3380699540721
1445,805.2450215756775
1446,779.2903260725395
1447,755.4473523538848
1448,733.913864055268
1449,715.2387569447076
1450,699.5064076942414
1451,686.4158784109902
1452,676.3344074658305
1453,668.474293764344
1454,662.8541286982179
1455,656.9927563141664
1456,651.27454709177
1457,645.475300062831
1458,639.4229387189426
1459,634.2147710671011
1460,630.0000695755043
1461,627.6808041573247
1462,627.0943049018983
1463,628.5470769330549
1464,632.8276939065452
1465,639.3571981979062
1466,648.9464258076936
1467,662.9843978212477
1468,682.7585396281729
1469,707.8890933157973
1470,739.1826468360466
1471,775.3362667800867
1472,814.7502184521891
1473,856.197811111429
1474,899.6040442086614
1475,943.817229879078
1476,989.968188949621
1477,1035.0652573165883
1478,1080.2920168158005
1479,1124.081290529787
1480,1165.4052337405162
1481,1203.9222313232526
1482,1237.4320192202333
1483,1266.091362445933
1484,1290.9445873186205
1485,1313.1445676983637
1486,1332.8093160061485
1487,1350.2708207259143
1488,1365.4712407029
1489,1379.1467749995918
1490,1392.0177559863487
1491,1404.052845917874
1492,1415.4854741849194
1493,1425.0959888950063
1494,1432.088236929743
1495,1435.4929804714486
1496,1436.4068409585184
1497,1433.9533725014571
1498,1429.265015688736
1499,1421.2952260271386
1500,1411.186595211741
1501,1399.6679944344066
1502,1386.8491019349726
1503,1374.8709721111377
1504,1364.9271625334345
1505,1356.8180070357657
1506,1350.635301055675
1507,1347.3822325081046
1508,1346.6291008084602
1509,1348.1814680732002
1510,1352.5722955028725
1511,1358.42309194604
1512,1365.6627653575483
1513,1373.6023455593763
1514,1382.652352379761
1515,1392.171556555791
1516,1403.3010205025464
1517,1416.607896369506
1518,1431.2893632718128
1519,1447.10687599413
1520,1463.775123312691
1521,1479.5450661724958
1522,1493.4594604803342
1523,1505.0190295385285
1524,1515.0604228559919
1525,1523.9998996922832
1526,1531.3482009009308
1527,1535.6583956482627
1528,1536.4441018681541
1529,1534.8350170782728
1530,1532.1695171062102
1531,1529.3317794825314
1532,1526.1374562442581
1533,1522.0272812550427
1534,1517.7430408343098
1535,1512.3975036536542
1536,1506.6204998666929
1537,1500.7150845554916
1538,1494.9967297019282
1539,1490.021760979328
1540,1486.9000911377834
1541,1486.3427585955965
1542,1489.1463233560535
1543,1496.5345802697943
1544,1508.5795265451964
1545,1524.2725282055003
1546,1542.2892397377634
1547,1559.584848617833
1548,1574.7040626703626
1549,1586.9829416524306
1550,1597.0779223860989
1551,1605.0892205428947
1552,1611.1337812771071
1553,1613.9783961651253
1554,1613.3900479391004
1555,1608.1131317185275
1556,1598.5165480253856
1557,1585.763449997693
1558,1572.3502256428867
1559,1558.4078122873084
1560,1545.4246232872508
1561,1534.224820168616
1562,1526.3703131961151
1563,1520.8696939433755
1564,1517.211876173771
1565,1515.354380612635
1566,1516.583882393117
1567,1520.605467606839
1568,1526.1824802619644
1569,1532.7718473876444
1570,1539.3475921927177
1571,1545.276262241542
1572,1550.320825094646
1573,1554.577916491034
1574,1559.1487224645343
1575,1563.3206654948706
1576,1566.7308179348543
1577,1568.9267701189792
1578,1569.916844276291
1579,1569.874066236658
1580,1568.7858002905355
1581,1565.8538507965677
1582,1561.0157083138142
1583,1553.266904206013
1584,1542.8665765408323
1585,1528.5207580687595
1586,1510.4232752746552
1587,1490.2453931120813
1588,1470.2302046974419
1589,1450.3536269695478
1590,1430.8080759776208
1591,1413.20271560237
1592,1398.9596064765528
1593,1387.4334058877353
1594,1377.045049769923
1595,1366.477890566526
1596,1357.2844620595706
1597,1347.0488444809323
1598,1336.3171640816977
1599,1325.81196168206
1600,1315.7485971711587
1601,1307.4472349979155
1602,1300.5387242743282
1603,1296.6989686523561
1604,1295.9948645604688
1605,1297.4550236028417
1606,1299.6648478751904
1607,1300.7686472683301
1608,1302.2318111493187
1609,1304.7490995804867
1610,1309.065455051362
1611,1314.5675830744244
1612,1320.8159500228267
1613,1327.2323060043582
1614,1334.5241077366732
1615,1343.1230744187137
1616,1354.2062675260506
1617,1367.9862484415462
1618,1383.1486806932571
1619,1399.488250314879
1620,1418.6006015183489
1621,1440.9523067128616
1622,1466.1374664928128
1623,1492.9211248945342
1624,1521.2960119142626
1625,1549.6570986532324
1626,1577.7334435223063
1627,1605.4390752426948
1628,1631.7493766735456
1629,1655.4417689874049
1630,1677.0552782513944
1631,1695.2761392790217
1632,1709.8111934164049
1633,1720.9784661384417
1634,1728.0818188377243
1635,1731.7403533000015
1636,1730.4727511920294
1637,1724.4146406817813
1638,1714.2045993105062
1639,1702.9322955517414
1640,1691.3369778625633
1641,1679.1630104617293
1642,1667.252111208572
1643,1654.5270605306519
1644,1642.4041802898723
1645,1631.6035303520014
1646,1622.8045313863172
1647,1616.0183288404555
1648,1610.4453759390383
1649,1605.0417348913738
1650,1600.3518423814771
1651,1596.6315495960685
1652,1594.1894095931757
1653,1592.0647477906596
1654,1591.0941730610084
1655,1589.4768911433878
1656,1586.1546421391527
1657,1580.2498190105723
1658,1570.696272470659
1659,1557.5756954601402
1660,1542.0245772999174
1661,1523.241993236277
1662,1502.7208775481197
1663,1482.1119346381147
1664,1462.563500553086
1665,1445.1413175924786
1666,1429.5692960263314
1667,1413.3663295178415
1668,1395.9736772086953
1669,1376.756547092773
1670,1355.8193003542217
1671,1333.0549844020322
1672,1309.3618052937622
1673,1284.8824910650674
1674,1258.5659936349248
1675,1230.4616897557312
1676,1200.4783063643856
1677,1168.1864829496085
1678,1133.575267741248
1679,1096.0618552602145
1680,1058.290802606107
1681,1020.9935225590134
1682,985.4947211100341
1683,952.5779157757152
1684,922.9022431535823
1685,898.0391907396817
1686,875.5309945004328
1687,854.6740109546513
1688,836.0793686939014
1689,820.7445543396212
1690,809.7561066774176
1691,804.075361847906
1692,803.0670856383814
1693,807.7060559778615
1694,817.5287667830398
1695,832.994490473958
1696,852.364824968238
1697,875.8496541195432
1698,902.8876230292291
1699,934.6966978503868
1700,969.1408951172498
1701,1006.5201098508485
1702,1044.1246045504968
1703,1081.262591978349
1704,1120.0809253572093
1705,1158.4693811821808
1706,1194.7364598729478
1707,1228.5391105579233
1708,1258.96601440597
1709,1285.9209759588007
1710,1309.371792509763
1711,1328.4408061048734
1712,1345.6912184258304
1713,1362.8324903632547
1714,1380.4387438716203
1715,1399.0778163097389
1716,1418.2889107106093
1717,1437.1013290577075
1718,1453.2009273258175
1719,1466.0912606274765
1720,1477.9518526903828
1721,1490.1347224167107
1722,1502.7340944638959
1723,1514.4693235567356
1724,1523.6772894350806
1725,1531.9480780875983
1726,1540.6852100137357
1727,1551.354604598483
1728,1564.2807001617077
1729,1577.7579903512371
1730,1590.4219619993887
1731,1600.9387792311636
1732,1609.671436418468
1733,1616.7406231473324
1734,1622.6229910660218
1735,1627.0948434926695
1736,1629.533828837777
1737,1629.639937110861
1738,1627.4633466007904
1739,1624.103260704054
1740,1619.6543051155113
1741,1613.660187387282
1742,1604.225239212315
1743,1591.0269900259518
1744,1574.8909292279081
1745,1555.6392302868403
1746,1533.853442668075
1747,1511.2390982451116
1748,1489.0632754949388
1749,1468.7667083184751
1750,1452.2322364937447
1751,1438.9563910535703
1752,1429.4297243437309
1753,1424.407933740145
1754,1425.0921338668109
1755,1430.7820259345494
1756,1439.3542893069425
1757,1449.6607809734455
1758,1460.2641979001314
1759,1472.4404914879285
1760,1485.9081837884044
1761,1502.5944231554386
1762,1521.816014450792
1763,1541.5064237441202
1764,1560.5307953072688
1765,1576.5472829311575
1766,1588.2181043054748
1767,1598.3717189011306
1768,1601.8734144872078
1769,1601.7222597460777
1770,1600.900586316944
1771,1598.7899058873684
1772,1598.3453511910134
1773,1598.2979133115696
1774,1597.527300073587
1775,1597.8841793594756
1776,1599.737742319668
1777,1601.95083287521
1778,1603.2651290805106
1779,1601.3619853660261
1780,1596.490283890868
1781,1589.8023010304069
1782,1582.1392977266755
1783,1573.6610812509102
1784,1565.3676506940624
1785,1558.0252490946928
1786,1552.2199910492538
1787,1547.6639978001213
1788,1542.3294200477133
1789,1536.0539132557424
1790,1529.6861224609663
1791,1523.275825894054
1792,1517.1249551321089
1793,1513.901799391785
1794,1513.481532538932
1795,1516.6922681223903
1796,1523.564188080326
1797,1532.6671688253184
1798,1544.042745813019
1799,1557.6980138430922
1800,1573.0157367810475
1801,1589.5567369107519
1802,1606.409457334366
1803,1621.797794967511
1804,1635.1285327502394
1805,1647.3735262071875
1806,1655.9144749734332
1807,1659.5745107353982
1808,1658.2397211753844
1809,1651.179482086497
1810,1637.4627949971011
1811,1617.285606711287
1812,1591.5530433939753
1813,1562.8636484577169
1814,1532.6823680055927
1815,1501.8429087202132
1816,1470.3102362649147
1817,1438.355252400839
1818,1405.9303825003833
1819,1374.0892400871958
1820,1344.1109807089238
1821,1315.6416988923447
1822,1288.9255708004034
1823,1263.0553365895112
1824,1240.5482328260346
1825,1218.7251167056356
1826,1198.6563075709566
1827,1180.6723243600006
1828,1164.449602475093
1829,1149.1054446695214
1830,1133.8867508540866
1831,1118.9605621829369
1832,1105.1935504525213
1833,1093.2996049209212
1834,1082.1723704369952
1835,1072.709377033208
1836,1065.6086860519235
1837,1061.9406362190462
1838,1060.3056766379264
1839,1059.8349740829658
1840,1058.418746776383
1841,1054.174901917694
1842,1047.050383160139
1843,1035.9385474515793
1844,1021.011697970701
1845,1003.7364902130737
1846,984.7320295228835
1847,964.4394968180006
1848,943.0895366193756
1849,920.5560625161975
1850,896.72598112726
1851,871.9785650645209
1852,846.9584256540164
1853,822.3670722023703
1854,799.242108361096
1855,778.2547217116636
1856,759.5006298670562
1857,742.4313254951135
1858,727.8455872624813
1859,715.9345140059031
1860,706.2135503851167
1861,697.2835869277374
1862,687.8362011205484
1863,678.3503082725256
1864,668.8740221818803
1865,660.4817617812084
1866,653.4478204905156
1867,648.6420497995916
1868,647.7776513878321
1869,650.6447095951754
1870,655.4208786411788
1871,661.3398507114725
1872,668.2658655897965
1873,676.7692505060699
1874,686.3522826948588
1875,697.8533159395911
1876,711.6058939066409
1877,726.6693967536232
1878,741.894223462235
1879,757.4037428060499
1880,772.8866825708825
1881,786.3568401662869
1882,799.0364526025969
1883,809.5124206416367
1884,816.4997941744723
1885,820.7968733983878
1886,823.9255584449711
1887,827.56492506411
1888,830.5662446051973
1889,831.5966909602957
1890,829.8753959942983
1891,826.4303422927247
1892,823.3104220195657
1893,822.0212602191255
1894,823.5286288467823
1895,826.2625224683231
1896,830.3354777585698
1897,834.421866247857
1898,839.9529184958575
1899,848.1652846778632
1900,858.6587204428142
1901,870.5703408291299
1902,881.5445833810676
1903,892.4334163809812
1904,901.0102296373625
1905,907.6234703149884
1906,911.7515493722234
1907,913.209790345235
1908,912.2381687884277
1909,910.1087303876661
1910,905.2554289709607
1911,899.4232022249647
1912,893.0721409462692
1913,886.4136533045678
1914,877.2658894660183
1915,866.7033256723169
1916,857.0689609313974
1917,850.650918092952
1918,848.6152150097078
1919,850.7482815429255
1920,858.8660041060687
1921,875.1243223984684
1922,898.6022603261332
1923,928.562093604547
1924,962.2590168072493
1925,999.2686192129227
1926,1034.7299322961426
1927,1067.4675780669422
1928,1097.2856344732788
1929,1125.3743561756526
1930,1154.6477802158204
1931,1183.6500390923438
1932,1212.4919935320272
1933,1240.0089354245083
1934,1267.6679772868663
1935,1296.3681146372087
1936,1325.2177215708098
1937,1352.947191599307
1938,1377.0718305240996
1939,1395.1754532394662
1940,1406.6363179526843
1941,1412.4696614517268
1942,1415.0301024134983
1943,1413.1551654651073
1944,1407.7120399752584
1945,1397.8866620767112
1946,1383.0467384297865
1947,1364.3403786219383
1948,1344.2019553138812
1949,1322.130769784244
1950,1301.381754373881
1951,1282.4536689716624
1952,1266.6095499839198
1953,1254.5222668956626
1954,1245.801311877666
1955,1240.5845946860882
1956,1236.230581159069
1957,1233.4983447364511
1958,1231.428563593547
1959,1230.3812315277573
1960,1229.4155165733014
1961,1226.0691708405213
1962,1219.2437901326928
1963,1209.667206281126
1964,1198.6189636436188
1965,1185.528713280812
1966,1169.8338147720347
1967,1152.4307854428748
1968,1133.1602289795005
1969,1112.3044811507839
1970,1093.5646115163
1971,1078.9189438561277
1972,1068.4938922603485
1973,1060.5659943148032
1974,1055.5816111118563
1975,1051.240235460281
1976,1047.410651396511
1977,1045.0319197191675
1978,1043.3958031548311
1979,1043.5408569200392
1980,1047.0024084657002
1981,1053.1741465178266
1982,1063.060879265826
1983,1076.98709171804
1984,1095.6154876531855
1985,1117.2612204128443
1986,1139.9491915007707
1987,1164.5988979581211
1988,1190.9594829476455
1989,1217.2100400415954
1990,1242.7574152425598
1991,1267.1244093218872
1992,1290.0575611414424
1993,1311.8355093172727
1994,1333.2355844817757
1995,1351.8536498748933
1996,1368.2843109847734
1997,1382.1184321782548
1998,1392.4166511835197
1999,1398.064984867375
2000,1400.8105754528021
2001,1402.4056288537931
2002,1404.520300964069
2003,1409.491805116467
2004,1418.0863790447902
2005,1427.2458167612995
2006,1436.7325036475142
2007,1445.4482061940112
2008,1452.2497413954547
2009,1456.5763289363476
2010,1460.8577693936334
2011,1463.697368600304
2012,1464.482560087913
2013,1463.5296839785196
2014,1461.4411581553368
2015,1460.5971923599743
2016,1460.0206693306973
2017,1460.9173850044963
2018,1461.85795539437
2019,1462.217846730628
2020,1461.1924944092789
2021,1458.4059342523901
2022,1452.991358568918
2023,1445.6283966927108
2024,1435.4255855555548
2025,1420.958103521681
2026,1403.984211704878
2027,1385.5485744856182
2028,1366.1486527933912
2029,1350.3366486788877
2030,1337.3808845972462
2031,1326.143750177367
2032,1316.5915042880881
2033,1309.7539399428792
2034,1305.236310846935
2035,1302.3765758826762
2036,1300.4060973722933
2037,1297.0466760505897
2038,1290.1105331200365
2039,1281.0484010310568
2040,1271.1177818637736
2041,1261.7112277357817
2042,1253.2110423856204
2043,1245.268513617807
2044,1236.920629572639
2045,1227.513229689679
2046,1215.8721430054775
2047,1202.4729836267743
2048,1187.547083383714
2049,1172.2737621870435
2050,1158.6340673411298
2051,1147.093716126877
2052,1137.0536105704768
2053,1126.3301694466543
2054,1115.8877864002245
2055,1105.1743928678081
2056,1091.667019238992
2057,1075.1943503535463
2058,1056.2925645383038
2059,1035.3349162006004
2060,1015.740858222125
2061,999.4957388936122
2062,988.2996169195485
2063,982.4682227778897
2064,981.2455227817693
2065,985.9589010334291
2066,996.2865488785721
2067,1010.6422702507907
2068,1028.6577178382051
2069,1049.5829952033885
2070,1073.2551631497138
2071,1097.8225280405138
2072,1121.9071625116162
2073,1144.9655080037792
2074,1166.9672811116884
2075,1188.4680785268995
2076,1209.3742709498054
2077,1228.7405023840286
2078,1244.4336058290673
2079,1256.2561003168394
2080,1265.102871522413
2081,1273.0715222704848
2082,1281.6544968800094
2083,1292.4403462385185
2084,1304.6291125366133
2085,1318.4686330047816
2086,1332.9871042783834
2087,1347.8482276140546
2088,1365.2120277633742
2089,1384.545012025801
2090,1405.6818905949117
2091,1427.4388971071944
2092,1448.7725281655717
2093,1469.8365005607238
2094,1491.1739847287508
2095,1513.3946744254097
2096,1534.697002464926
2097,1553.043657119043
2098,1567.3925640719144
2099,1579.6617939146731
2100,1589.4098698380471
2101,1596.927175606043
2102,1603.0896307559983
2103,1606.7831913801226
2104,1608.3868265821525
2105,1606.5734139412061
2106,1600.0698887975093
2107,1588.2242124771838
2108,1570.6576280082704
2109,1555.3746995203157
2110,1537.99869405968
2111,1517.753767714049
2112,1497.496315105203
2113,1479.4028458793468
2114,1463.631496900583
2115,1450.7386476741538
2116,1440.2184455773388
2117,1432.592218669051
2118,1424.9263688794772
2119,1414.954158424774
2120,1403.438990558452
2121,1390.6499134411033
2122,1378.6105696362433
2123,1367.3064341184086
2124,1357.5567211086131
2125,1349.7655951359957
2126,1343.0168476980152
2127,1338.2296125193361
2128,1337.1495669458272
2129,1339.4699497326912
2130,1344.2129067762999
2131,1350.5048669443038
2132,1360.3132736964985
2133,1375.1700894768524
2134,1395.8488802902039
2135,1420.625813629082
2136,1446.2243019179482
2137,1470.5753590235818
2138,1493.3238607342532
2139,1514.249742199107
2140,1531.9540464196293
2141,1545.9130958979915
2142,1554.6437541781368
2143,1558.6316295739275
2144,1559.6402760888195
2145,1556.855489905644
2146,1548.7523945461776
2147,1535.796904150638
2148,1517.8826609127527
2149,1495.3499075650861
2150,1469.753926428328
2151,1442.3805875971111
2152,1413.3175397283144
2153,1382.926330106959
2154,1352.7649593696651
2155,1323.2584787737128
2156,1296.8005822057844
2157,1273.634452544352
2158,1253.4069431727419
2159,1237.8073610692377
2160,1227.7917151652937
2161,1223.6704057468696
2162,1225.9090756468443
2163,1234.1249634941046
2164,1246.05940992918
2165,1259.4726703773806
2166,1271.1422069673154
2167,1284.9193881413416
2168,1300.45171582194
2169,1317.9817825818388
2170,1337.6090109104357
2171,1359.1692553889166
2172,1381.528025779133
2173,1403.515295635081
2174,1424.2752377883485
2175,1444.5990877678744
2176,1466.107444070552
2177,1487.7268404761937
2178,1508.373628386848
2179,1526.0837164075306
2180,1539.93579744293
2181,1550.8646052686568
2182,1560.5496106813603
2183,1568.7442176209165
2184,1574.5891040803076
2185,1577.3155139300172
2186,1574.8833883117936
2187,1567.9066971351758
2188,1556.3720040159888
2189,1539.299790667822
2190,1519.6767763295193
2191,1496.8699174766812
2192,1471.3544394029623
2193,1444.2648289984259
2194,1414.7865043612132
2195,1383.327448145834
2196,1350.1649005319368
2197,1315.7164985681463
2198,1281.8954587019348
2199,1247.313137438648
2200,1211.5311561237068
2201,1173.740605668453
2202,1136.3420893123398
2203,1100.8218502898771
2204,1068.2146164135802
2205,1039.6072067165455
2206,1015.0086346729506
2207,992.6754650005741
2208,972.5262334936415
2209,953.9252032374263
2210,939.4189287312865
2211,929.0420596789518
2212,923.6751097271688
2213,923.0431476784091
2214,926.4605692258024
2215,934.1620571473159
2216,946.2013856662502
2217,961.9229528526537
2218,980.7140725559078
2219,1003.0281489315157
2220,1028.0668280407244
2221,1055.7942074898972
2222,1085.8768980693324
2223,1112.0488388734411
2224,1141.7744019130728
2225,1173.418236233665
2226,1205.6855767704767
2227,1238.2248020135603
2228,1269.5739805344701
2229,1299.7736071443019
2230,1328.952563393737
2231,1357.4362168272658
2232,1385.049240690067
2233,1411.418194550307
2234,1438.3302160171802
2235,1464.316885239327
2236,1488.9684209149436
2237,1510.0111125057806
2238,1524.295408904703
2239,1532.8274165990329
2240,1536.0962175233826
2241,1532.807609540229
2242,1524.6204405698113
2243,1511.4457911983106
2244,1493.9110634159733
2245,1471.8412041715378
2246,1445.4577931176566
2247,1414.8785623966462
2248,1379.1716315695803
2249,1339.755458478288
2250,1296.8885391818874
2251,1251.014310069193
2252,1203.9831493262802
2253,1156.8587183388852
2254,1111.446518951249
2255,1067.25084911918
2256,1025.2490056857237
2257,985.4453442621295
2258,949.5826342413943
2259,916.5465241246784
2260,886.3116902598158
2261,857.7027951877117
2262,830.8708888115925
2263,805.9596036370709
2264,783.4246214470957
2265,764.2208854462455
2266,746.9415117239259
2267,732.2136932763545
2268,720.2789722541924
2269,710.6084055880788
2270,702.8506966552777
2271,697.1307020341503
2272,694.4708855147001
2273,696.2255988702071
2274,703.1573323447309
2275,716.2018376524481
2276,735.1942033496739
2277,759.6800549730676
2278,788.8540300284654
2279,822.3159833098073
2280,851.4278826645747
2281,885.5723489051572
2282,921.8385299910419
2283,959.2717137171102
2284,996.526632795559
2285,1033.7832175169917
2286,1069.698063086361
2287,1104.4249847507472
2288,1138.1436699679302
2289,1170.763450926179
2290,1203.9792934863813
2291,1236.7885803280246
2292,1266.963103792989
2293,1293.5276723298114
2294,1315.5471005979923
2295,1335.4264879131952
2296,1354.1926036058044
2297,1374.0553855704925
2298,1394.56486430343
2299,1416.4324746435113
2300,1440.1662794469885
2301,1466.1744736056871
2302,1493.8227497034663
2303,1521.071335016457
2304,1546.7575217555432
2305,1570.6480637472855
2306,1593.2250387014187
2307,1614.7229919556416
2308,1634.039930334112
2309,1650.9324688130941
2310,1666.1745220943071
2311,1678.5087195193346
2312,1688.7859485804006
2313,1697.276365438177
2314,1703.2385972014395
2315,1706.8248420990603
2316,1709.126255278074
2317,1710.6644975491754
2318,1711.947910725294
2319,1713.3360998167088
2320,1714.9315343737253
2321,1716.6413884224203
2322,1719.192911677996
2323,1722.1864609453455
2324,1724.8338831958572
2325,1726.3232523531026
2326,1725.2885459604108
2327,1721.7385191718768
2328,1717.3945850247096
2329,1713.4148234969716
2330,1709.3677911738373
2331,1705.4101194520758
2332,1701.4791077740479
2333,1697.748288297406
2334,1692.8302722959768
2335,1686.339156788276
2336,1677.6556163352952
2337,1670.100936141202
2338,1660.4725690910266
2339,1648.346181134551
2340,1633.6135034168028
2341,1616.505656015785
2342,1597.9194658811277
2343,1578.6164836858616
2344,1558.6062210170685
2345,1540.6190761024857
2346,1525.930731055344
2347,1514.8947890124778
2348,1508.3810113260142
2349,1504.9060467581398
2350,1504.661765416467
2351,1506.84968537547
2352,1510.7262257567227
2353,1516.1651605327422
2354,1523.7024913056725
2355,1532.8904822647598
2356,1543.2697524398577
2357,1555.6469436100997
2358,1569.2617251721956
2359,1583.7060603849434
2360,1597.9722992645293
2361,1610.8745517224343
2362,1621.7462514194335
2363,1629.9580972365889
2364,1635.675287659029
2365,1640.0684883180372
2366,1643.0243975395983
2367,1644.7056262143128
2368,1645.570644161165
2369,1645.7628921377027
2370,1644.9842925366067
2371,1643.7750556127735
2372,1642.08283220247
2373,1636.7909073515475
2374,1628.4381731969938
2375,1616.632010642481
2376,1600.6639959974168
2377,1580.6384011728878
2378,1556.14367336768
2379,1527.1532422362816
2380,1495.5370053082447
2381,1459.9923368021891
2382,1422.375772935417
2383,1382.1243314845779
2384,1340.4024160632916
2385,1298.587083888857
2386,1256.9237462977076
2387,1216.5526233018754
2388,1176.5260721883308
2389,1138.3917036344073
2390,1102.326780710612
2391,1069.3120045974931
2392,1040.8717965780493
2393,1017.7751231607115
2394,997.6810172876278
2395,985.3597485601699
2396,976.975956670827
2397,971.9307539845389
2398,969.5402191049482
2399,969.2359445495053
2400,969.4237043294231
2401,968.9886596127021
2402,967.822653835183
2403,965.2050896020193
2404,961.9210978958472
2405,958.4181124196868
2406,955.2641450818119
2407,953.895186433979
2408,953.9484799285758
2409,956.3216588186804
2410,960.7074465057603
2411,965.9318016475218
2412,970.6712524642483
2413,976.3587747315503
2414,983.3047063673602
2415,991.2446186219222
2416,999.838546940407
2417,1008.5860876853806
2418,1017.2433725591416
2419,1025.8787247750963
2420,1033.8038158172876
2421,1042.4522662152724
2422,1052.6229314272691
2423,1066.0893858742998
2424,1084.1681719519281
2425,1106.6455929717881
2426,1132.8661737601456
2427,1162.0387527098312
2428,1193.6511452245545
2429,1225.7365769794624
2430,1257.8105236531187
2431,1288.460810759238
2432,1316.780860031516
2433,1339.9460383878672
2434,1356.5745727658125
2435,1365.6244993968903
2436,1366.9404986627312
2437,1361.562272854189
2438,1348.9710781762287
2439,1329.2150742946992
2440,1302.663005590885
2441,1270.543909959028
2442,1234.3873899107184
2443,1195.0695680085796
2444,1153.7524157631242
2445,1110.0152504695916
2446,1066.6518406668429
2447,1024.1503461254927
2448,983.6342579438764
2449,945.9027782596011
2450,912.6386403655265
2451,883.6988403976818
2452,861.8911589476206
2453,845.6376513441035
2454,833.477064865903
2455,823.9461947960717
2456,816.3088163677721
2457,810.3914305290609
2458,806.0462391047475
2459,804.207981005166
2460,806.3565487475834
2461,813.1065417865738
2462,825.6932345745365
2463,844.2629510973275
2464,867.3260852840762
2465,893.4603856646083
2466,922.6316338284148
2467,953.8215581471228
2468,986.0690506194597
2469,1019.7029442894391
2470,1052.5673201197635
2471,1084.3975547372602
2472,1114.9719210712487
2473,1145.2107259643547
2474,1174.0219872066093
2475,1201.605121966188
2476,1227.9234907513232
2477,1252.4765830259557
2478,1276.3578537180815
2479,1301.6280634104771
2480,1328.5274975096643
2481,1356.0737019475373
2482,1384.9880680209844
2483,1415.8116732298572
2484,1448.4396301772372
2485,1482.3572007333355
2486,1516.4394897797795
2487,1550.1223876428428
2488,1580.5943591739324
2489,1606.5292627364333
2490,1626.8028928491412
2491,1640.3979343189449
2492,1646.6665047485772
2493,1645.9017960411
2494,1638.8452073467429
2495,1625.4017185692073
2496,1607.4752226804142
2497,1584.828787700345
2498,1560.6599262665811
2499,1535.4209007285335
2500,1509.2546413313962
2501,1480.4666027948065
2502,1445.9036103623066
2503,1405.0154127525648
2504,1358.6475772293836
2505,1305.8478880690177
2506,1250.3186479743458
2507,1195.045111144416
2508,1146.957134102377
2509,1103.4810661135248
2510,1062.170371198279
2511,1025.6468721673941
2512,993.7162828049622
2513,964.5454238375723
2514,937.9615643181221
2515,915.2282825870288
2516,895.9209989865647
2517,880.021390873576
2518,867.4431803672348
2519,858.65119314391
2520,856.7466844265243
2521,862.6439770129937
2522,876.2412636790789
2523,894.4981653143163
2524,913.4782577147116
2525,932.0076027201419
2526,949.1229542747378
2527,962.7795232567896
2528,973.9978551708302
2529,980.9006877254454
2530,987.221802092509
2531,992.8882515842406
2532,995.3487455302052
2533,994.4192268548848
2534,992.8901742240877
2535,989.7664266322041
2536,986.506487332704
2537,980.8553261550019
2538,971.3777178285018
2539,958.0257931644356
2540,942.6241452231237
2541,927.4808983962619
2542,911.0213705821529
2543,896.4851254660746
2544,883.3127096920625
2545,874.330283977694
2546,869.471498054374
2547,865.6053808921984
2548,864.578100420096
2549,864.0013952355155
2550,861.6822351108033
2551,856.6304767824855
2552,850.2072655686707
2553,841.6494894200321
2554,835.2148487664701
2555,832.2447834794234
2556,831.9760785377171
2557,836.3207235040492
2558,845.1586736362499
2559,857.5823763281529
2560,872.4522861009178
2561,890.0263871387036
2562,909.9810554022208
2563,933.2102355037906
2564,957.8076105880364
2565,979.2073269113301
2566,1000.1414868303477
2567,1020.4585633307256
2568,1040.5591169379393
2569,1060.5815921308936
2570,1079.5410387474026
2571,1098.2847117163012
2572,1117.000704515027
2573,1134.728651132024
2574,1152.6078414668843
2575,1171.0973391208174
2576,1193.2703828536328
2577,1218.2740261585504
2578,1244.6879707078635
2579,1271.7773283085085
2580,1295.6517623639807
2581,1314.8113369051143
2582,1328.88614132423
2583,1338.0564593420718
2584,1343.635069967228
2585,1346.2233421116462
2586,1345.3732599300629
2587,1340.0522670983396
2588,1329.6929094238549
2589,1314.2792495808208
2590,1293.633702679666
2591,1268.8310021952598
2592,1242.021349187676
2593,1213.5074015489668
2594,1186.19059262979
2595,1162.922030863092
2596,1145.4589134533726
2597,1133.7415203052842
2598,1128.264520324242
2599,1129.784568248843
2600,1136.7875155177862
2601,1148.0972919360167
2602,1161.8866410845953
2603,1175.5953692639414
2604,1186.2082727216387
2605,1192.0096715899635
2606,1190.7677314332136
2607,1183.5553705776601
2608,1170.4395245558317
2609,1152.5289763325063
2610,1133.0564611543318
2611,1112.2215162023126
2612,1089.6978767376006
2613,1064.4413042538426
2614,1036.1218225607256
2615,1004.4366790377122
2616,968.1682469550614
2617,931.2130249006791
2618,895.592677611847
2619,862.0527431969363
2620,830.6478158642025
2621,802.8027534004048
2622,778.5775490569008
2623,759.4084438556317
2624,745.58358888986
2625,736.9910277868764
2626,734.4337665264948
2627,736.8288648468792
2628,743.4973552816847
2629,754.5086284228628
2630,768.3127280448407
2631,783.6675036191357
2632,800.747369761041
2633,819.3585646624701
2634,838.5140174855385
2635,857.6127666612974
2636,876.9139434686598
2637,896.5316489904894
2638,917.0055601721476
2639,938.6783553384515
2640,960.1178682377122
2641,981.3345674609543
2642,1003.8256036923524
2643,1028.3361256074777
2644,1055.3292294359935
2645,1085.7380927084682
2646,1118.6161904081528
2647,1153.6497382990444
2648,1189.3293616814617
2649,1225.063022891578
2650,1260.1219348313848
2651,1294.0039443995179
2652,1327.1335864001262
2653,1360.8199022930198
2654,1395.3615908242577
2655,1431.703123569524
2656,1468.6862269041835
2657,1504.1756596063378
2658,1538.7023715129935
2659,1571.5787651852265
2660,1604.6444240989968
2661,1637.5177484914434
2662,1669.4104919189915
2663,1699.5110346047686
2664,1727.2675706746736
2665,1751.6828437615459
2666,1773.4092276724505
2667,1791.5393771131394
2668,1805.154559667612
2669,1813.9766578724407
2670,1817.9068658496612
2671,1819.6007729374492
2672,1819.665513416935
2673,1818.3359601899626
2674,1814.4406451820632
2675,1808.295658028112
2676,1799.5500205590113
2677,1790.5512326469457
2678,1781.6717642738035
2679,1773.9466267891696
2680,1766.0108168403417
2681,1754.4503135442924
2682,1738.5592498750723
2683,1718.2436778294368
2684,1694.492481038002
2685,1666.488180120099
2686,1633.3554891750168
2687,1596.185411941221
2688,1557.8688754668738
2689,1517.034153148345
2690,1477.583346147285
2691,1438.5843041169908
2692,1401.4567141994967
2693,1367.9027101692318
2694,1337.5293379708141
2695,1309.4127495136836
2696,1282.9031728691257
2697,1256.2459006323115
2698,1230.0111619759668
2699,1205.1859103420304
2700,1182.2156250482049
2701,1162.821571278812
2702,1147.9013407175462
2703,1136.610536355445
2704,1128.3441564058403
2705,1123.4994986814636
2706,1121.693233431694
2707,1122.7732307224974
2708,1127.9904319864663
2709,1136.4392555461882
2710,1146.5866613424137
2711,1159.4621069494142
2712,1175.8538340378063
2713,1197.2725574976325
2714,1223.9259477926707
2715,1253.2402761886287
2716,1282.183284736025
2717,1308.1562239336201
2718,1328.933304045957
2719,1342.8629329033747
2720,1349.6747251256743
2721,1350.2410448372793
2722,1346.2556577243763
2723,1337.4369082304397
2724,1324.6961800003082
2725,1308.6319823635863
2726,1290.040973472764
2727,1270.1777123450393
2728,1248.5264998860011
2729,1225.2165685022867
2730,1198.6971346526266
2731,1171.8806702140205
2732,1144.9533446203786
2733,1119.3028643773164
2734,1097.8895921323103
2735,1079.947382413378
2736,1064.337659957907
2737,1056.72400723027
2738,1056.3550920327214
2739,1062.4760205915047
2740,1073.935883370696
2741,1091.5033766120262
2742,1113.9098450057736
2743,1140.3875374218856
2744,1169.2484209675135
2745,1199.1466988150096
2746,1231.2193663129738
2747,1264.508489278599
2748,1297.777777867135
2749,1331.3059879372286
2750,1364.6399992501879
2751,1397.2286256110715
2752,1430.6239105118593
2753,1464.4425854977824
2754,1497.1119457824484
2755,1525.6327028022984
2756,1549.7383612394551
2757,1569.5483270544328
2758,1586.7837105714898
2759,1602.8153736251518
2760,1617.4935759478326
2761,1632.0724373599317
2762,1646.7383520449832
2763,1661.162041279048
2764,1675.4613858865332
2765,1688.883507922093
2766,1701.2147747913468
2767,1711.2103692945734
2768,1718.4181219954794
2769,1723.0141215829074
2770,1726.0690523846904
2771,1728.0384136452817
2772,1730.3940710292065
2773,1731.9073958432994
2774,1731.529699561182
2775,1728.7958444717892
2776,1724.85862225428
2777,1720.8104082700515
2778,1717.957614063062
2779,1716.4515970475686
2780,1714.740167033028
2781,1713.519550937232
2782,1713.0682913927508
2783,1713.6783833836087
2784,1714.9742253681875
2785,1715.4230855334085
2786,1714.997897828847
2787,1712.8960270282519
2788,1709.03623605832
2789,1703.3538544108997
2790,1696.369400079378
2791,1687.1465795578506
2792,1675.0492715464195
2793,1664.5246135764746
2794,1650.2475814208105
2795,1631.933519484008
2796,1611.158324914607
2797,1588.4504129798884
2798,1563.9982328113338
2799,1539.9293705011446
2800,1517.1368765715847
2801,1493.543888115651
2802,1470.143510723838
2803,1446.1415771527418
2804,1421.6563386048224
2805,1396.2625614987646
2806,1369.545354999148
2807,1340.3625719582976
2808,1309.6476084950825
2809,1278.3583426661053
2810,1247.0320107071866
2811,1218.0161726851416
2812,1190.6611040336134
2813,1165.7707015303945
2814,1144.2193059552721
2815,1124.103010018181
2816,1104.9510516042749
2817,1085.8637109158278
2818,1065.9905062435223
2819,1045.4055321527708
2820,1023.9670037746891
2821,1001.9604437735179
2822,981.8163974691932
2823,964.7325590035634
2824,951.1343003586828
2825,940.4633667660678
2826,933.3037187509939
2827,927.8402398806918
2828,923.8303102145135
2829,920.4031799633281
2830,917.2616041486403
2831,915.1521466532495
2832,914.0316556611392
2833,912.8298007119456
2834,911.5668300765338
2835,908.6163069407512
2836,905.1417636096776
2837,902.7839832688226
2838,902.1460238342736
2839,903.6337914517101
2840,906.6287046573916
2841,910.3132429373759
2842,913.1382080046154
2843,913.6974618930453
2844,912.7831092481624
2845,911.9639982293443
2846,911.4867861635162
2847,912.3599990621119
2848,915.7262295569963
2849,921.4235318072442
2850,926.38018476496
2851,935.124831773076
2852,947.1915460598539
2853,961.9963510819102
2854,977.870495054019
2855,994.5290157105942
2856,1011.4648973318808
2857,1030.521220691256
2858,1050.6856975212372
2859,1071.4234797680344
2860,1093.3994443993945
2861,1118.3463155906538
2862,1146.9285504014115
2863,1179.4117763579595
2864,1214.3448182090483
2865,1250.7353871548407
2866,1286.3118444142008
2867,1317.7691685780055
2868,1344.3199650449005
2869,1367.0481418199965
2870,1386.0264021415144
2871,1402.844495436275
2872,1418.3445490874994
2873,1431.4290582194803
2874,1443.208895604842
2875,1451.291377505227
2876,1454.1783999291179
2877,1454.1732590384195
2878,1453.4644331103282
2879,1451.627769867722
2880,1448.6245247333695
2881,1445.1182110536356
2882,1441.267907384647
2883,1437.5023674642532
2884,1435.0534725447496
2885,1432.2127617766168
2886,1428.432736872208
2887,1423.5429950332436
2888,1416.9958194018259
2889,1409.4821357111832
2890,1401.5568402849617
2891,1390.6849498135075
2892,1377.4883560358955
2893,1362.6805264675586
2894,1346.4536105020998
2895,1329.2588822220932
2896,1312.1897828779397
2897,1295.570918629948
2898,1280.91406749799
2899,1269.5087978411998
2900,1260.8726153126913
2901,1255.3731536423888
2902,1252.6701942632812
2903,1252.7968915507327
2904,1255.134480764172
2905,1258.5114467863855
2906,1261.7548978864984
2907,1264.576700343597
2908,1266.4739272814127
2909,1267.2685578484034
2910,1267.2249492745573
2911,1265.2293105319777
2912,1261.1227177447972
2913,1254.9094651034056
2914,1247.087889647737
2915,1236.513399527509
2916,1222.3903909868463
2917,1204.5776660933034
2918,1184.6772228891487
2919,1163.6954755772085
2920,1142.2902302770558
2921,1119.2337854394282
2922,1094.4990058240203
2923,1068.5183592420092
2924,1043.1753286909288
2925,1019.6841309595047
2926,998.7275644876406
2927,980.3204518195887
2928,963.2606527163568
2929,947.4466394509961
2930,932.3875502202698
2931,919.1884143956286
2932,906.9031000282121
2933,894.6612596623925
2934,880.682126381699
2935,864.022137642904
2936,844.859168980646
2937,823.9158808103807
2938,803.0668908932737
2939,783.8499825595727
2940,766.4155630656064
2941,751.8316381061043
2942,739.6439391252554
2943,731.3241519381088
2944,725.2048922559011
2945,722.3514183072862
2946,724.0018537775334
2947,729.8833866927146
2948,740.191834264414
2949,754.5921502497915
2950,772.7472787471222
2951,793.615597570569
2952,817.8821421757516
2953,845.7544556073024
2954,877.3360237669337
2955,912.1793070926035
2956,949.4320537689823
2957,989.0379137210633
2958,1031.5101102682147
2959,1076.3855098365011
2960,1122.9535007129277
2961,1170.6128856989144
2962,1217.7602874649112
2963,1261.8520633971748
2964,1300.2119084582444
2965,1334.9485113392238
2966,1366.3627391275468
2967,1395.8503009834412
2968,1423.937802945149
2969,1450.4726273536853
2970,1475.9850487996605
2971,1500.3545352127146
2972,1524.2492148290735
2973,1546.2563332954146
2974,1565.6391001592656
2975,1583.866761385245
2976,1601.1528609828767
2977,1614.9262107233083
2978,1624.9850045223945
2979,1632.8608400720213
2980,1638.0693642615033
2981,1641.1966257568574
2982,1642.7103529733427
2983,1642.8929229143735
2984,1641.782659486099
2985,1639.9271795122731
2986,1638.245073592967
2987,1637.1540588166345
2988,1636.4494832620576
2989,1634.830947367002
2990,1632.5182372028644
2991,1630.8172950802004
2992,1629.1719498017885
2993,1627.5729418899577
2994,1625.4462621137811
2995,1622.5166907214511
2996,1618.9467344420243
2997,1612.4167395699317
2998,1602.4874131699494
2999,1588.9396205387307
3000,1573.8308756080223
3001,1559.8846647494697
3002,1548.7719332989075
3003,1539.4196521322433
3004,1531.8587618756674
3005,1525.3655150279742
3006,1520.2237601377838
3007,1514.9427674614537
3008,1509.331948300619
3009,1502.5789957384045
3010,1494.1111358591556
3011,1483.9672022955488
3012,1472.2268726449906
3013,1459.466563359891
3014,1446.6357002026612
3015,1433.3614665431435
3016,1419.664932927666
3017,1404.8596546258113
3018,1389.0224937948315
3019,1374.4133730020876
3020,1361.8465735389336
3021,1350.91345800599
3022,1342.8103169819815
3023,1337.059135859292
3024,1333.8324111265724
3025,1332.2590960949103
3026,1331.8836977405037
3027,1333.2004344326965
3028,1336.2462516324267
3029,1341.1517653494775
3030,1347.805732058928
3031,1356.1915164289098
3032,1365.7915270449719
3033,1377.9687859469936
3034,1391.2290438487967
3035,1405.5346390578593
3036,1421.2716552391478
3037,1436.4110095395083
3038,1449.3762256447228
3039,1458.0284454186892
3040,1461.0379747302745
3041,1459.3237724222759
3042,1452.0515850350046
3043,1439.577048571702
3044,1422.2733709836054
3045,1400.0691563488022
3046,1373.7932775878523
3047,1344.4231567485544
3048,1312.626544432911
3049,1277.5259437524123
3050,1240.5259439404917
3051,1201.9293610710506
3052,1162.623026618821
3053,1121.8800285895732
3054,1080.4839435880026
3055,1039.6987089173347
3056,999.7519435145862
3057,961.829715534803
3058,926.9311818110143
3059,896.4430607621384
3060,874.4754538745233
3061,862.1524648597544
3062,859.9632080708004
3063,865.487018004532
3064,877.8277925548638
3065,895.7395920535739
3066,918.1878373132735
3067,945.7496474106422
3068,976.5230755878778
3069,1009.1357698762768
3070,1043.8813457233082
3071,1082.3888632983753
3072,1124.7791942879467
3073,1167.9203516386312
3074,1211.5948223204296
3075,1254.8672885019496
3076,1297.5987198266648
3077,1339.5056644372871
3078,1375.9647062485287
3079,1408.609907002038
3080,1437.315052625922
3081,1462.0391787371004
3082,1483.182830708518
3083,1500.7449494947118
3084,1514.1761517537184
3085,1523.4373667489726
3086,1530.395004220918
3087,1534.6821919193158
3088,1536.7380111060756
3089,1535.358157180986
3090,1530.358859874147
3091,1522.855034901289
3092,1515.4669939070423
3093,1508.4429160716954
3094,1501.5559330786111
3095,1494.4300076146023
3096,1487.6121393507694
3097,1481.2162850402053
3098,1476.4440516773939
3099,1472.9779712041493
3100,1471.3270464278603
3101,1472.4025930320195
3102,1474.6773038026427
3103,1477.4555931661444
3104,1479.0291960463665
3105,1478.1436393923757
3106,1475.3522949956764
3107,1470.8691447110632
3108,1464.0903366957953
3109,1455.2604266882713
3110,1445.227072247147
3111,1435.1135426689716
3112,1425.311462188289
3113,1416.0905029686987
3114,1407.6898582725507
3115,1397.5549031706241
3116,1385.365434784164
3117,1370.8099063997543
3118,1355.2198144926492
3119,1340.9773188890108
3120,1329.1275792140564
3121,1319.608893486514
3122,1311.9897843018953
3123,1306.407531000857
3124,1302.4742496462386
3125,1299.4285424897203
3126,1297.0982256451125
3127,1295.0552139332772
3128,1293.5546602516617
3129,1292.3389811723573
3130,1291.2366840680875
3131,1290.1403788538526
3132,1288.1532973992444
3133,1284.843774049959
3134,1278.7728193873181
3135,1273.4910888308207
3136,1264.620707626461
3137,1252.6130816639438
3138,1237.6443051682531
3139,1221.897396725145
3140,1205.9443060905446
3141,1189.2669166248493
3142,1171.0881375250406
3143,1152.302819463804
3144,1133.2021466069639
3145,1114.5835678242922
3146,1096.3212093906284
3147,1078.8495082555446
3148,1062.5460328924507
3149,1049.8151936820066
3150,1041.6775360957429
3151,1039.4702729040087
3152,1042.860340462402
3153,1050.25965215868
3154,1060.3617339464672
3155,1072.5025842230853
3156,1086.7183383207678
3157,1102.6545042542414
3158,1120.264027631489
3159,1139.5678225490724
3160,1162.1347270736073
3161,1186.9988947616812
3162,1214.3253900816417
3163,1244.9669079264688
3164,1278.8825718755556
3165,1313.9166743032774
3166,1348.8438145581215
3167,1384.2915636874754
3168,1419.8662529445369
3169,1454.0973633325066
3170,1485.351107536675
3171,1513.3831236957626
3172,1538.139044999148
3173,1556.8284062845778
3174,1566.4109790875216
3175,1564.7542759513285
3176,1551.4877697593565
3177,1528.7101847049648
3178,1500.63017397457
3179,1469.7470118984397
3180,1436.2077180297924
3181,1401.2989281181226
3182,1366.515825002263
3183,1332.171415344193
3184,1298.2861389954728
3185,1264.4618937550927
3186,1229.7985796843896
3187,1197.8066487148812
3188,1168.4858273730822
3189,1141.6856447009736
3190,1116.7893065900266
3191,1092.7086792945256
3192,1071.7585335474398
3193,1054.0000059064782
3194,1038.174410889143
3195,1023.577135510358
3196,1009.0136875420269
3197,993.9327692927948
3198,978.8838015421823
3199,964.5560688999942
3200,950.2120709698344
3201,934.6546880646055
3202,919.2224023974638
3203,904.9066554117419
3204,891.9578050357263
3205,880.9945537893433
3206,870.3711247121705
3207,860.0715121157032
3208,853.4783815209543
3209,852.7271457042847
3210,856.4244843767813
3211,863.405946214476
3212,873.5990537604546
3213,886.0568418802306
3214,901.4476586390826
3215,919.9174520231379
3216,942.169965834246
3217,967.4478340977091
3218,996.4338039045588
3219,1028.7360229032001
3220,1065.6145196661928
3221,1108.6973968463767
3222,1155.1948913971191
3223,1205.077397912797
3224,1256.8492801091152
3225,1307.1925199348548
3226,1357.1255915195893
3227,1405.9954658982506
3228,1450.8891433522508
3229,1490.2725082214924
3230,1525.9493207334694
3231,1556.0951337803635
3232,1579.0870176944043
3233,1597.2101706083076
3234,1607.5598063108093
3235,1613.1685999293613
3236,1614.6932708244044
3237,1612.49138705631
3238,1605.455799788855
3239,1594.8368635631898
3240,1580.7498541523769
3241,1563.5706519276448
3242,1543.4274946363591
3243,1518.7524137014511
3244,1491.8515756596266
3245,1463.1142800902653
3246,1434.9438913039398
3247,1408.6880551928477
3248,1384.2135298866187
3249,1362.9206928701992
3250,1343.0372262259716
3251,1322.8786234333268
3252,1302.4233046600548
3253,1280.782220462165
3254,1258.5220898975474
3255,1236.4649583303385
3256,1214.239392332681
3257,1192.7040451391977
3258,1170.9645857109808
3259,1150.538986738046
3260,1130.595404816288
3261,1109.4732923790457
3262,1088.5497398552218
3263,1067.6341810318418
3264,1045.748098985463
3265,1023.6004956986077
3266,1000.8359640621024
3267,977.484056559272
3268,954.4499552850446
3269,933.0582920967286
3270,914.1084256355078
3271,896.7463712111305
3272,881.8775705632654
3273,870.1983389129416
3274,861.8425641063346
3275,857.0307294269925
3276,856.1391077588844
3277,859.7381744706354
3278,867.6448072982737
3279,881.0920580455663
3280,899.78359960324
3281,922.7463490587234
3282,949.6970135711045
3283,979.3629581677874
3284,1011.2554138776115
3285,1045.5354622871102
3286,1080.5512264292809
3287,1115.8789125582823
3288,1148.3359761885945
3289,1176.057022059942
3290,1197.4590870365728
3291,1214.0652695054323
3292,1227.251019717729
3293,1237.3398119471753
3294,1244.427416465082
3295,1248.3118194883762
3296,1248.2930322793738
3297,1244.4565338296952
3298,1235.7834176735832
3299,1221.722669081582
3300,1201.7874183567283
3301,1178.1886182719659
3302,1152.892093115624
3303,1126.5586911111907
3304,1100.9644381311473
3305,1076.9185646600295
3306,1055.9986547401572
3307,1040.4881740032658
3308,1029.1135205052294
3309,1020.6807015118144
3310,1014.7409140347454
3311,1010.0522374838183
3312,1006.3212905778595
3313,1003.3374091347463
3314,1002.9126115917852
3315,1006.438179854009
3316,1015.1350637847167
3317,1031.7020063580487
3318,1055.2993307289325
3319,1083.6978175862405
3320,1113.8461216111095
3321,1144.036245796044
3322,1173.5966672079983
3323,1203.0043932643919
3324,1231.4668999046107
3325,1259.385979798427
3326,1286.249143107089
3327,1311.7945338753689
3328,1337.0364283808808
3329,1361.0193479051134
3330,1384.4821562219968
3331,1406.1374831252724
3332,1425.6760556506683
3333,1440.766412317654
3334,1449.7375757472892
3335,1452.0952753860115
3336,1449.3630250994063
3337,1444.9604718652354
3338,1440.1347629058778
3339,1437.2962582187824
3340,1435.199371536542
3341,1434.3526858947819
3342,1434.2307394777022
3343,1434.1603196917054
3344,1433.4961253408078
3345,1431.8090831549284
3346,1428.9321646669755
3347,1424.54403539828
3348,1418.2798158599062
3349,1410.8098921409132
3350,1405.2052891772535
3351,1403.409585541843
3352,1406.4742221292304
3353,1413.5346547591234
3354,1421.8849685084629
3355,1430.2944027165354
3356,1438.2877614663869
3357,1444.0576836889988
3358,1448.1046109835574
3359,1448.7995045966961
3360,1445.397918125072
3361,1439.5574304628033
3362,1433.8687509349961
3363,1428.9195997458041
3364,1429.9636170406661
3365,1434.9427524543987
3366,1443.0084286223946
3367,1452.653715080659
3368,1463.817271943451
3369,1476.9123700363127
3370,1489.3029403395062
3371,1498.608483753253
3372,1504.9293978762948
3373,1505.2713506099537
3374,1501.54535489919
3375,1494.3286285852132
3376,1486.8444661843478
3377,1478.135542968802
3378,1471.5559822332684
3379,1466.7417084923609
3380,1463.7426792437323
3381,1462.78676262908
3382,1463.1043531084877
3383,1464.088459952795
3384,1465.4950882169878
3385,1467.8934899733495
3386,1469.4547715561353
3387,1470.345728481426
3388,1469.320612339885
3389,1465.378822766104
3390,1462.6505731297748
3391,1461.5863118601906
3392,1462.7204484925398
3393,1465.7397673827006
3394,1467.8983060626038
3395,1469.5128477179446
3396,1468.7661142444526
3397,1464.2153167426557
3398,1456.5744427741156
3399,1444.7230495512713
3400,1429.47545431144
3401,1412.269808753777
3402,1393.0633031562775
3403,1371.741074527785
3404,1347.7771417686822
3405,1323.9335148646937
3406,1302.5194643698972
3407,1281.7592441792046
3408,1259.3212558237433
3409,1234.6694924744015
3410,1208.224553239992
3411,1181.5259452870316
3412,1155.8886483146093
3413,1130.8143850038525
3414,1106.6324968082067
3415,1083.233065729968
3416,1061.1543518630056
3417,1040.6957135733865
3418,1023.2495545607976
3419,1008.325495595119
3420,995.3415642949786
3421,983.797946759466
3422,973.1655319752069
3423,961.8705273323845
3424,951.5910785997542
3425,942.6733910198624
3426,935.448587487459
3427,930.0242963215719
3428,926.5715793215292
3429,927.9583724470813
3430,933.9261800098934
3431,944.6531807725852
3432,960.2031942390588
3433,978.8756248235827
3434,1000.5020270089318
3435,1024.8709920886945
3436,1050.7705561663997
3437,1080.3904692501624
3438,1113.949679315775
3439,1150.8139858294903
3440,1188.5285208439923
3441,1226.2204146823524
3442,1264.8807089436154
3443,1305.6518524817598
3444,1346.6524610446688
3445,1386.604583610789
3446,1425.0623633130551
3447,1461.4551625378735
3448,1495.4554597160236
3449,1527.038952493985
3450,1555.1947404306334
3451,1580.875644097083
3452,1604.359682263374
3453,1624.8822150682333
3454,1643.1018109398988
3455,1659.7593677779812
3456,1673.2691372358422
3457,1683.8894389025068
3458,1692.492018164513
3459,1699.2858717054432
3460,1705.5046966754542
3461,1710.816841931401
3462,1714.9532072823608
3463,1718.8699680505247
3464,1722.306931081929
3465,1725.434345365469
3466,1729.7186728233428
3467,1734.4157437350636
3468,1738.9638716997588
3469,1741.9163994392043
3470,1744.482195243695
3471,1745.629680599655
3472,1745.0478782662212
3473,1742.5051684063164
3474,1737.2032581538579
3475,1729.8169019229463
3476,1720.3691656866517
3477,1712.1496351610754
3478,1703.4069465976158
3479,1694.1764493438104
3480,1683.1707521888834
3481,1670.804641614743
3482,1657.8907256728594
3483,1644.4177964003234
3484,1630.1121222358506
3485,1616.1595714316854
3486,1602.1675640340966
3487,1589.6787242941082
3488,1579.2621347756071
3489,1571.0500977791753
3490,1563.4677866170537
3491,1555.1839548641167
3492,1548.267335206162
3493,1543.4835053591119
3494,1540.9284929368705
3495,1539.4663020316773
3496,1538.085154636518
3497,1538.4166926708967
3498,1538.648195484083
3499,1538.8135115879372
3500,1537.1809452592497
3501,1535.4707470457777
3502,1533.0760733199995
3503,1529.8738582686024
3504,1526.32860081804
3505,1521.8820523972495
3506,1517.1713351755502
3507,1512.509125748048
3508,1507.5218187078544
3509,1503.2504189649035
3510,1500.3792840912038
3511,1498.1187751288655
3512,1496.5464080572865
3513,1495.6399117488809
3514,1494.1276813391028
3515,1490.5148131270284
3516,1481.3327312102122
3517,1466.115400594162
3518,1444.0295274176856
3519,1413.2958651157555
3520,1376.8361292134991
3521,1334.2831769375653
3522,1289.5940319666895
3523,1244.8049717601891
3524,1200.8393032522945
3525,1157.146649516917
3526,1114.4127638658283
3527,1072.2589875188123
3528,1029.976926717809
3529,990.4039262264419
3530,953.3317607180684
3531,919.3578094703764
3532,890.5099071175529
3533,868.585029594668
3534,849.510386149758
3535,841.037146760676
3536,844.0606928190473
3537,857.9058240933051
3538,882.9012424453256
3539,916.4614168641419
3540,956.1863403412344
3541,1000.56145474755
3542,1047.5327232473899
3543,1093.9167749263804
3544,1137.184772037094
3545,1175.816612833095
3546,1207.6171430509883
3547,1233.8256967103503
3548,1255.4349630438687
3549,1272.4698736141925
3550,1287.15873493744
3551,1299.240211785745
3552,1308.9243447241201
3553,1314.7751553862902
3554,1317.6907223758585
3555,1318.27204897092
3556,1316.7204828345402
3557,1312.6808829902116
3558,1307.1164915019494
3559,1302.724411595494
3560,1297.634825064537
3561,1291.6130569668571
3562,1283.856558942277
3563,1274.0930391962218
3564,1263.0573779886006
3565,1251.481634507903
3566,1237.7638565781301
3567,1223.2104357499986
3568,1208.3544706317393
3569,1193.576638585409
3570,1180.0151933011675
3571,1167.990821908063
3572,1157.5100759064298
3573,1150.247499108485
3574,1148.6339741313013
3575,1152.4932252197655
3576,1163.1837536080388
3577,1181.7156305260155
3578,1206.7941908601827
3579,1238.449015783045
3580,1273.7224360535724
3581,1311.2387844667533
3582,1348.8290573573868
3583,1384.6764972960295
3584,1419.3751196419466
3585,1453.6116011700656
3586,1487.119396310521
3587,1517.2825574441515
3588,1544.467224732867
3589,1568.6437173298764
3590,1588.5543721058443
3591,1605.8766417609365
3592,1616.9387928666042
3593,1622.6769772950292
3594,1622.8094519858641
3595,1618.5394441643675
3596,1610.1249077342648
3597,1598.8677285348556
3598,1585.6538667127195
3599,1570.4513429524982
3600,1553.9413591224563
3601,1535.1377046793223
3602,1515.340379783372
3603,1495.5729980667966
3604,1476.6514032241835
3605,1457.5804128436648
3606,1437.1717354211141
3607,1417.1094214097282
3608,1397.4153959837508
3609,1378.1248041658791
3610,1358.4919732271846
3611,1337.9915266718426
3612,1316.4768329403473
3613,1293.5306220996554
3614,1268.680633351827
3615,1242.5212450656013
3616,1214.682977333588
3617,1187.002538757455
3618,1160.4591578874752
3619,1134.9126757267443
3620,1110.9336185818204
3621,1088.899905136794
3622,1069.3407385189957
3623,1051.242291519646
3624,1035.761530511807
3625,1022.2327806652786
3626,1009.6597640296586
3627,999.0113303812975
3628,990.9389444398801
3629,986.3124793930166
3630,983.8846701046194
3631,983.4818002346832
3632,986.0838625008539
3633,992.4611983542679
3634,1000.7820403860277
3635,1011.2975444473881
3636,1023.2215891338867
3637,1036.7585761695557
3638,1050.5770937537827
3639,1064.9707670458206
3640,1081.6635926635486
3641,1099.4822790892408
3642,1119.0087083713363
3643,1138.4729354788267
3644,1159.4243523510409
3645,1181.1486578629665
3646,1202.541008820161
3647,1223.035572940528
3648,1240.8658437252475
3649,1255.7366311803587
3650,1268.359810060773
3651,1280.2605826256317
3652,1292.6374826174347
3653,1306.7529037165473
3654,1321.9460831496012
3655,1337.645473554775
3656,1351.9225128878802
3657,1364.9474403431466
3658,1376.1623676868057
3659,1385.9587136937903
3660,1394.7531574222587
3661,1403.7623029843899
3662,1412.9663722978325
3663,1421.3010885783783
3664,1428.312685816257
3665,1433.4306146873478
3666,1437.7222864818398
3667,1443.3136655062235
3668,1449.4792006995078
3669,1455.6374386229281
3670,1460.4915565192189
3671,1464.589689147288
3672,1466.4066315850173
3673,1467.1976233407727
3674,1469.0318719042434
3675,1472.5767938181457
3676,1478.6318366539551
3677,1488.2917763464106
3678,1501.6492821614954
3679,1517.2320190795076
3680,1531.5854620110522
3681,1544.999317504441
3682,1557.5191269240293
3683,1568.6675876256863
3684,1578.203579698233
3685,1584.492130375082
3686,1586.1764305268714
3687,1584.485812099243
3688,1577.647442731684
3689,1567.1900052063315
3690,1553.3855278359201
3691,1535.9243337034604
3692,1516.7795552166447
3693,1496.853391323477
3694,1476.8067895439572
3695,1456.4302443052284
3696,1437.333687715959
3697,1420.3349156843497
3698,1406.0183023438867
3699,1394.2038433980165
3700,1385.1664839578693
3701,1378.303299305518
3702,1374.5792092158067
3703,1375.6322247997748
3704,1380.2655281933494
3705,1384.2965021457594
3706,1391.5493415502533
3707,1401.0775615142852
3708,1411.0694948457049
3709,1420.9828849707105
3710,1430.0496860173232
3711,1438.1101120369756
3712,1444.3379788413126
3713,1449.2047491144508
3714,1452.6419975993044
3715,1455.3306969121313
3716,1457.048114579234
3717,1457.4740037583797
3718,1456.336066974991
3719,1454.758831589844
3720,1454.1401383822235
3721,1455.9819482301425
3722,1459.5166923073364
3723,1463.2186017042632
3724,1464.830024646562
3725,1464.1096507088714
3726,1461.1112118909073
3727,1454.8844499895263
3728,1444.9855137876593
3729,1430.7777472798393
3730,1412.596689986467
3731,1391.6904552691099
3732,1367.8282072656068
3733,1341.2773084459654
3734,1311.2085199166372
3735,1279.671871384323
3736,1245.6760042961146
3737,1210.1156463107775
3738,1171.7607636693324
3739,1131.6869080476401
3740,1089.1941035612724
3741,1046.482746828556
3742,1005.6332881661851
3743,967.2395175788326
3744,932.1463953125175
3745,901.8888699167512
3746,877.4417674448421
3747,858.5133743511965
3748,843.1693633605544
3749,830.2246451410872
3750,821.2831329452463
3751,817.3927212811475
3752,817.4006181168104
3753,821.265044807824
3754,828.7476814509341
3755,840.2318240522111
3756,855.3070797514953
3757,872.3743415015513
3758,889.9199051625344
3759,907.9190959279092
3760,926.7774362494565
3761,945.9599027518826
3762,962.6486486089932
3763,977.2636250634268
3764,989.0091013644969
3765,998.6137287153779
3766,1006.7581438045584
3767,1013.0540653426019
3768,1019.6408478269955
3769,1028.0142554233034
3770,1036.3624661867602
3771,1045.6283398344033
3772,1054.4898673745586
3773,1064.814603204349
3774,1074.8482055942206
3775,1085.5509375527272
3776,1097.9020790768373
3777,1111.292178042158
3778,1126.634153239014
3779,1141.5849806362364
3780,1156.0722155159108
3781,1169.536781075325
3782,1185.0137272555473
3783,1203.7785665592787
3784,1224.3029197293706
3785,1246.973230474965
3786,1271.1050009671503
3787,1296.3238611154345
3788,1321.2861290642013
3789,1344.7791695092465
3790,1365.3807783792267
3791,1383.1966863451817
3792,1398.719681639564
3793,1412.131533050182
3794,1423.3430848400394
3795,1431.9133655879057
3796,1438.0959905199197
3797,1442.7989080723642
3798,1445.542274694647
3799,1444.9155442255073
3800,1438.4217777964875
3801,1426.709689342354
3802,1411.41827526659
3803,1394.170325517985
3804,1375.9689367171172
3805,1356.3549788559667
3806,1335.3768760773326
3807,1313.0091958990724
3808,1288.4623063357294
3809,1264.6506369220792
3810,1240.3132907705476
3811,1215.0411018423913
3812,1186.785167647547
3813,1155.974371543519
3814,1123.8199167052453
3815,1091.1533606268492
3816,1060.26040677505
3817,1032.4087200709323
3818,1007.1893216788717
3819,985.248445077779
3820,967.0765414205343
3821,949.9803085993367
3822,933.4502170598046
3823,917.6046161966972
3824,902.4942944158311
3825,885.2910930343323
3826,867.2900496227306
3827,849.2672741689184
3828,831.0164880809882
3829,815.8843467233561
3830,802.6311112652611
3831,790.5062781980757
3832,779.7507601292473
3833,769.5448450353705
3834,759.7519215516907
3835,752.0618555479668
3836,746.0840644871064
3837,739.7129709433077
3838,734.053756104407
3839,729.2805547240347
3840,725.3298814725074
3841,721.7370365547347
3842,718.140218268956
3843,714.2883544271504
3844,710.8552478337529
3845,707.996055719863
3846,705.104790175154
3847,703.070457870064
3848,701.7630837686531
3849,701.5474760099119
3850,703.3807748812633
3851,707.711143019194
3852,714.7443714729229
3853,723.5254323891443
3854,731.494691209735
3855,738.6052775501389
3856,744.4295691519446
3857,750.3574162131331
3858,756.9878913553955
3859,764.8898127744142
3860,774.0174170542552
3861,784.1485542508524
3862,794.7208095468508
3863,806.4210715826671
3864,819.4961696741843
3865,832.8928065426287
3866,846.2170174606698
3867,859.9377181638229
3868,873.7043963184683
3869,888.6581805334353
3870,903.5789081171235
3871,918.4122599364823
3872,932.0705208670901
3873,943.4974014496149
3874,953.5725608222233
3875,962.3311201621868
3876,969.9510667879549
3877,977.9333743041213
3878,985.8917771429012
3879,994.5573055697269
3880,1004.3882686771722
3881,1015.3695338348324
3882,1025.87978437038
3883,1035.3502111639095
3884,1044.1572877659248
3885,1052.8800037522606
3886,1062.96372726059
3887,1074.7334424647704
3888,1088.2348469097576
3889,1103.7848643471964
3890,1119.584916073271
3891,1135.1434480498367
3892,1149.4163411280765
3893,1161.7921754817671
3894,1171.9225183841422
3895,1178.9283636312798
3896,1182.7714493615204
3897,1184.4789291408686
3898,1184.402048207714
3899,1183.0331220689986
3900,1181.009748205558
3901,1179.7448284012266
3902,1178.8173433848847
3903,1177.2884536204215
3904,1174.7674107788296
3905,1173.108476199323
3906,1172.7041219652324
3907,1176.234419241484
3908,1184.2454428538645
3909,1196.464317478973
3910,1211.775333588745
3911,1228.927502304916
3912,1246.6163879366131
3913,1263.7324441192966
3914,1278.5351462569024
3915,1290.1339548006945
3916,1298.5589485207788
3917,1303.708053710482
3918,1304.788216090837
3919,1303.0061769133467
3920,1298.2701950755463
3921,1291.5546515128199
3922,1283.2350050745595
3923,1274.091501349017
3924,1264.9997881829033
3925,1254.8355064862976
3926,1244.3406587540994
3927,1233.7271174464104
3928,1223.2205388782897
3929,1213.5952637232008
3930,1205.08256147326
3931,1197.6696614148516
3932,1191.2562961722952
3933,1185.6766684112708
3934,1181.65860427508
3935,1178.4319600370836
3936,1176.312406453981
3937,1177.8180250299379
3938,1182.0503817991969
3939,1189.401901325158
3940,1200.1404191881174
3941,1215.320369481407
3942,1232.8942172458028
3943,1252.5958282684296
3944,1273.4091609131858
3945,1295.3704085367906
3946,1319.943553095683
3947,1344.2720391093294
3948,1368.125023289702
3949,1389.376884439802
3950,1408.8205385140068
3951,1425.4611061901187
3952,1440.7161087304894
3953,1455.4424072312595
3954,1467.9456217410425
3955,1481.6603601345655
3956,1495.044309300998
3957,1509.2128435349114
3958,1523.433000329552
3959,1536.0094617617629
3960,1548.4461769375366
3961,1560.8985375608595
3962,1573.2083226945163
3963,1585.7848784702937
3964,1598.9425873801201
3965,1611.3779227987834
3966,1622.1826416122237
3967,1631.9512915854402
3968,1640.2234621150315
3969,1647.670106412184
3970,1652.8644182350731
3971,1655.8874500652537
3972,1655.3913246400475
3973,1650.9310526347674
3974,1642.6126233473992
3975,1631.4227495716354
3976,1620.0285562383065
3977,1609.4215617061873
3978,1599.9776436230854
3979,1591.704706330389
3980,1584.4393849858725
3981,1579.2529159062906
3982,1573.7671670433904
3983,1565.8364130765335
3984,1553.9914684371292
3985,1541.6016361839474
3986,1528.640727606673
3987,1515.0922030064012
3988,1502.5666672387497
3989,1492.0695983137389
3990,1482.93714834898
3991,1478.6469375343418
3992,1479.65778555877
3993,1485.2837711546972
3994,1491.5333767217617
3995,1496.0723368033025
3996,1498.2129531409992
3997,1497.897587622454
3998,1496.134777604395
3999,1493.7846763048415
4000,1493.0332588918286
4001,1494.8013105882083
4002,1498.0316478182654
4003,1502.3322715069494
4004,1506.7205598141495
4005,1510.69200179588
4006,1513.4394838182966
4007,1513.2890181376124
4008,1508.744074950347
4009,1499.965572281164
4010,1487.0264559678917
4011,1468.4921113722849
4012,1446.2265510037246
4013,1420.9024331706892
4014,1394.8798667051851
4015,1368.079207781528
4016,1338.820277435566
4017,1308.5809030006212
4018,1278.157172117672
4019,1250.0489722888415
4020,1225.6196968215986
4021,1205.6333611645875
4022,1189.3715206439797
4023,1176.6384850257182
4024,1167.472492265285
4025,1161.104595466079
4026,1158.4905578428702
4027,1158.864076453889
4028,1162.8307652726796
4029,1172.2383924562484
4030,1187.2601458337408
4031,1207.0357817932922
4032,1229.9838762056602
4033,1255.1036375387798
4034,1281.9024248077203
4035,1307.8748448310557
4036,1333.71948597867
4037,1358.902110467321
4038,1382.9541779138312
4039,1405.4606263040655
4040,1427.5226962365746
4041,1448.9306449863798
4042,1469.1586325120043
4043,1487.3414817314601
4044,1502.5605694109954
4045,1514.5718906389493
4046,1524.8128129436445
4047,1533.7224153487296
4048,1541.3624806625144
4049,1547.0968857144462
4050,1549.1565491266201
4051,1548.5996328836343
4052,1544.7765897927006
4053,1539.2522666937746
4054,1534.208530149729
4055,1529.959700112978
4056,1526.212072357322
4057,1522.0296233421868
4058,1517.9839230630275
4059,1513.4270017103806
4060,1508.4272821896907
4061,1501.9272781218178
4062,1494.2070324537513
4063,1484.7503190959524
4064,1471.9447003605203
4065,1456.3655095730828
4066,1438.047574798325
4067,1419.1613229064164
4068,1400.4454564841958
4069,1381.7846417993592
4070,1363.4935228447598
4071,1345.5986264734274
4072,1327.7015585035242
4073,1310.193430850472
4074,1293.241083245307
4075,1276.9246246391403
4076,1263.4113559219513
4077,1251.8484408279332
4078,1242.5848350352278
4079,1234.8428069019305
4080,1229.8220607511903
4081,1227.8292445329594
4082,1227.6010151464375
4083,1228.3719933991015
4084,1227.4647324864973
4085,1223.749689302022
4086,1217.4257100029763
4087,1206.762903882474
4088,1193.5867946071908
4089,1177.7103328774665
4090,1160.726092215382
4091,1142.5104030863258
4092,1123.7875395209167
4093,1103.303779687045
4094,1080.8812991488194
4095,1058.2353875591057
4096,1034.7546071095476
4097,1012.7329628156234
4098,991.8789246907347
4099,972.1680515105068
4100,953.6784694505386
4101,937.0144803801018
4102,921.2935497914862
4103,906.777451983327
4104,894.1484468902282
4105,883.5412965160995
4106,873.2941490207735
4107,863.1172231247042
4108,852.472664283312
4109,840.0692401034471
4110,826.3428127090051
4111,811.1957853725849
4112,796.5498569970434
4113,782.9861213270308
4114,771.2453689314463
4115,761.0286855886126
4116,751.7171464752366
4117,744.4362418505076
4118,739.9733579181143
4119,738.7643033881252
4120,740.6649843700328
4121,745.0982111167218
4122,752.1952181564158
4123,761.014890631057
4124,772.1395211128677
4125,784.6995733393148
4126,800.1798427562054
4127,818.2592504917277
4128,839.6087972396999
4129,863.8756788157494
4130,889.5247225707308
4131,915.3746928714744
4132,942.0674506338928
4133,968.3766435862397
4134,994.2501135194683
4135,1019.9016651650179
4136,1045.5923144324447
4137,1072.4707043777669
4138,1100.4668371961811
4139,1130.1488548127297
4140,1161.3100661148958
4141,1191.5897877361886
4142,1218.928977669364
4143,1241.9555551672725
4144,1259.7026914464432
4145,1271.0836011336903
4146,1275.9943368482927
4147,1276.4163754717606
4148,1271.9856876034105
4149,1263.6297619184666
4150,1251.7470542268954
4151,1237.5930817240624
4152,1223.0025712181534
4153,1208.2663656884097
4154,1193.2500189499633
4155,1176.1207180737865
4156,1157.3578788008138
4157,1137.2593000597906
4158,1117.5386675905033
4159,1099.2800479118946
4160,1082.8509788531208
4161,1068.5576887719876
4162,1059.5750042500404
4163,1054.1834890437199
4164,1049.9099180701037
4165,1045.4448850911672
4166,1039.9421986856273
4167,1034.6332929491914
4168,1027.1053072531263
4169,1018.7122742059471
4170,1008.9699224188391
4171,1000.3263057092186
4172,993.0963930904525
4173,987.0234253493195
4174,980.6159011703808
4175,973.6611777669295
4176,965.2762116330606
4177,955.5222196239147
4178,944.047004116017
4179,931.0164621481845
4180,918.1486510834632
4181,907.7808178661396
4182,899.89096543419
4183,894.5834072750861
4184,888.861503400717
4185,882.9215936816254
4186,874.2527039138151
4187,863.83130808996
4188,851.2078771323281
4189,839.8939767573412
4190,831.4120820362011
4191,826.0595659893008
4192,824.4684400119215
4193,828.1855882925365
4194,837.2918354927756
4195,850.2587385971284
4196,865.7448827733612
4197,883.1602154924689
4198,902.9991371438459
4199,926.7673548438695
4200,953.0909264148186
4201,983.0594670899445
4202,1016.2775666677337
4203,1054.4555620517933
4204,1096.5813555719574
4205,1142.1564913203242
4206,1189.7021704036506
4207,1238.3798093836394
4208,1287.028206792184
4209,1334.102307283954
4210,1379.8577098722974
4211,1423.3885586726146
4212,1463.9063393949991
4213,1501.9979859294704
4214,1535.6139540551997
4215,1564.3457997783335
4216,1585.7305738984624
4217,1599.933644991817
4218,1612.2903168430353
4219,1617.7693201780792
4220,1619.94445685664
4221,1619.996231728916
4222,1618.2830995367747
4223,1615.6535675840262
4224,1611.584284730191
4225,1607.9357830807248
4226,1605.4540981571417
4227,1603.1696242453183
4228,1598.1192263747103
4229,1590.008303687211
4230,1578.9274493701982
4231,1567.2654637676615
4232,1553.8960290365412
4233,1539.1147697168249
4234,1524.2623013662087
4235,1510.3188039984084
4236,1496.217520673942
4237,1480.971966114072
4238,1463.7923414131883
4239,1444.9804929850295
4240,1427.246848252579
4241,1411.004068906302
4242,1398.3646617409543
4243,1389.5945698042633
4244,1385.526689520866
4245,1385.5201496115897
4246,1389.4844797761386
4247,1395.580659435023
4248,1402.8047436136962
4249,1409.09394660313
4250,1410.610313542591
4251,1406.7860791688531
4252,1399.003918151151
4253,1388.4041357385486
4254,1376.8052139338506
4255,1364.016152919949
4256,1350.979053877159
4257,1336.922551979913
4258,1322.0359435784942
4259,1307.6163523647901
4260,1294.5497166409764
4261,1282.2656955577181
4262,1272.597769577098
4263,1266.2797184435235
4264,1264.0068541616633
4265,1264.9208303328096
4266,1269.320999402629
4267,1276.730505513301
4268,1288.7206498953979
4269,1306.1303526438664
4270,1326.8742712903354
4271,1348.6263858722596
4272,1369.8124591518967
4273,1389.2033499445727
4274,1405.560111694543
4275,1419.7904944170173
4276,1430.3610818441348
4277,1437.0962803541452
4278,1440.465406323123
4279,1441.765703691353
4280,1438.7615110090405
4281,1432.542618990148
4282,1423.45222877088
4283,1412.1811719476634
4284,1400.5843757987632
4285,1388.412082649526
4286,1375.5515782075454
4287,1362.2823236568051
4288,1349.8993227634628
4289,1338.7212316625312
4290,1328.9900610045245
4291,1322.0636224179516
4292,1317.8038631035026
4293,1317.4909566908123
4294,1318.7098752686884
4295,1319.595418772812
4296,1319.35775033429
4297,1317.401885058223
4298,1314.4563168835066
4299,1310.5193169556294
4300,1306.6374823479582
4301,1303.781454712172
4302,1301.848147256836
4303,1301.3628484588623
4304,1302.7880737925016
4305,1306.097320530389
4306,1309.5957450398964
4307,1314.8669446096374
4308,1320.9390812138151
4309,1327.8142087152003
4310,1334.9731844373728
4311,1342.3494377630295
4312,1349.5566332276653
4313,1357.1249168592217
4314,1363.7474465725759
4315,1368.5314872482727
4316,1370.9510318062441
4317,1372.4715658603507
4318,1374.1982539079897
4319,1376.7018608510255
4320,1379.5482059184017
4321,1383.2665816248839
4322,1387.1930525199668
4323,1392.7682905937363
4324,1401.1415045203066
4325,1413.7874613813224
4326,1431.4854594074282
4327,1452.7205652704163
4328,1476.2650910378402
4329,1501.196122102539
4330,1526.8629635439931
4331,1551.9180970651723
4332,1573.7160632285986
4333,1594.146983897416
4334,1612.8661425934674
4335,1629.1143621973702
4336,1642.707831954466
4337,1652.3873890453401
4338,1658.900571311105
4339,1663.4243619527933
4340,1666.8727677026918
4341,1669.434488967875
4342,1669.997826821953
4343,1668.453644845281
4344,1663.9394289017719
4345,1657.2511414886444
4346,1647.7341779446776
4347,1636.155203982033
4348,1624.4883512783135
4349,1612.2030290107352
4350,1598.4073685838737
4351,1584.3903431751692
4352,1571.3087186441433
4353,1558.8637027829081
4354,1546.0916372379436
4355,1532.6256100327041
4356,1517.408252615925
4357,1500.722960753687
4358,1483.0729337826544
4359,1464.7437402770786
4360,1443.5862768438124
4361,1421.211888719707
4362,1396.914191799789
4363,1370.9804261271163
4364,1343.8854057158396
4365,1316.6284263535572
4366,1288.3108963878594
4367,1259.2231190495704
4368,1229.904151916036
4369,1200.065286217693
4370,1170.078712029726
4371,1142.13277499268
4372,1117.45382807235
4373,1096.6984534998232
4374,1078.4536721722457
4375,1061.7892687894007
4376,1046.7267064933014
4377,1033.5075585669852
4378,1023.2751511721697
4379,1016.5886392368809
4380,1012.9475531701271
4381,1012.2509748741973
4382,1016.5132389342233
4383,1025.0514001466781
4384,1037.4470552547787
4385,1054.06019974761
4386,1074.7724429344148
4387,1099.2313925224894
4388,1126.531577477554
4389,1150.2827383884605
4390,1176.1452755919922
4391,1203.735828994901
4392,1233.4093215164835
4393,1264.6805357071116
4394,1295.9723157710973
4395,1324.7004814036395
4396,1350.4520254031045
4397,1373.2412779843771
4398,1394.6629803582528
4399,1416.0938017520675
4400,1439.509827605285
4401,1464.3142856561042
4402,1490.2819147825817
4403,1517.0464423370136
4404,1544.3151823934923
4405,1570.5782156515224
4406,1594.7076953650433
4407,1615.321746686878
4408,1633.5293114931428
4409,1648.5969179705914
4410,1661.4775566728024
4411,1673.1635883196363
4412,1682.7976560519348
4413,1692.5044163639177
4414,1701.7916347095584
4415,1710.0413654376289
4416,1718.0780941529788
4417,1725.4550981415266
4418,1732.354705600856
4419,1739.303944578212
4420,1747.2491649910091
4421,1756.6818047955303
4422,1767.3547915085942
4423,1778.6375713499087
4424,1790.2161413646227
4425,1800.2316398015676
4426,1807.0521455140624
4427,1809.9043737310835
4428,1808.9383718066044
4429,1802.565664311082
4430,1791.0222246233266
4431,1775.8993964921146
4432,1758.6244659402157
4433,1742.500048664218
4434,1729.1456749230929
4435,1717.0785269545026
4436,1704.9354370175533
4437,1692.7431617442503
4438,1679.4765836023373
4439,1665.680012987786
4440,1649.6937437474319
4441,1632.7299086972303
4442,1615.3963166499311
4443,1598.7585033158753
4444,1582.421482695601
4445,1564.7764938754606
4446,1549.4253536019382
4447,1534.6900442823026
4448,1519.1924961825139
4449,1502.0410271387022
4450,1483.5111320284495
4451,1461.984688059846
4452,1439.0710870832759
4453,1416.2284798039918
4454,1396.0140248794555
4455,1376.228842043479
4456,1356.65851046663
4457,1338.399874162451
4458,1322.2549669753366
4459,1308.5882649170085
4460,1297.8700156477616
4461,1289.79740000389
4462,1284.377588412474
4463,1282.216756726355
4464,1283.7788702222178
4465,1286.5585517831648
4466,1291.8235513708228
4467,1298.490466163205
4468,1306.598762137824
4469,1313.8980103347192
4470,1321.8811846553021
4471,1331.1062188603469
4472,1339.586152612359
4473,1347.220507007783
4474,1354.6070443439303
4475,1361.913909827827
4476,1369.654188293713
4477,1377.110641980439
4478,1384.273040841474
4479,1390.0034321881112
4480,1393.9237264244148
4481,1397.0782011578976
4482,1400.637557348637
4483,1404.8981434043737
4484,1409.5990772773098
4485,1412.8471224703817
4486,1414.8828542398269
4487,1415.3616371069165
4488,1415.3011037468941
4489,1414.6777140700506
4490,1412.5836515273613
4491,1409.3054861960575
4492,1405.5767103058693
4493,1400.3402845433673
4494,1392.7361631583926
4495,1382.4595089695758
4496,1370.505823894421
4497,1355.6576433018427
4498,1336.996415554197
4499,1314.7693847834616
4500,1290.0093540845505
4501,1263.5384787813323
4502,1236.1928154994625
4503,1212.4020884442361
4504,1187.766606609153
4505,1163.7569565434019
4506,1140.4968728646036
4507,1117.444933358866
4508,1095.4387998599236
4509,1075.6931840485513
4510,1057.1975837926452
4511,1039.3013260536648
4512,1021.3693765020716
4513,1003.7124248683745
4514,987.7512047433493
4515,974.8162378265065
4516,966.6608869741391
4517,963.8200431499208
4518,964.4635686372927
4519,967.385653027959
4520,971.1883601544426
4521,975.845451259888
4522,980.9420286613797
4523,986.3400829494587
4524,990.6780099329089
4525,992.9867787449082
4526,994.6331451360434
4527,995.6379270143384
4528,996.8089137560239
4529,997.2279952960633
4530,995.6879452414887
4531,992.8712183340417
4532,990.2803267745209
4533,988.9669782786996
4534,990.2735011653815
4535,995.6371363733933
4536,1002.4862129127328
4537,1010.9177994308616
4538,1020.6118352330717
4539,1030.5959476392516
4540,1041.7835842871023
4541,1053.5363469616782
4542,1066.4714152609208
4543,1080.641287274929
4544,1094.73561404256
4545,1108.5003553788388
4546,1119.129084428687
4547,1126.1945016615539
4548,1129.7515246508342
4549,1129.1054022674284
4550,1125.1528634734555
4551,1119.8239304749268
4552,1113.5849338864532
4553,1108.7186102928006
4554,1105.4518001051974
4555,1103.2480581498257
4556,1101.2058496220093
4557,1099.410709256793
4558,1097.5555553673778
4559,1096.7393971397398
4560,1096.0293394816947
4561,1098.6254001677428
4562,1104.044637111717
4563,1112.458871226887
4564,1123.3331305561646
4565,1134.6798729297593
4566,1146.367582763683
4567,1157.4012229702967
4568,1168.4189581529733
4569,1178.336305707809
4570,1187.6911818417468
4571,1195.7808832714045
4572,1203.3031235064052
4573,1212.2691392703389
4574,1223.8037030036633
4575,1238.4956624326069
4576,1255.9897194246594
4577,1274.494566359886
4578,1291.9528363607874
4579,1307.3170896599954
4580,1320.6806764714374
4581,1332.8595244944265
4582,1343.1186442506282
4583,1352.0405893458983
4584,1359.753996867806
4585,1368.2636756974907
4586,1376.7126867782
4587,1386.0906720666067
4588,1396.4001800769183
4589,1407.5539474529119
4590,1419.8438623002544
4591,1432.7811580993473
4592,1446.6800389383195
4593,1461.0472627111699
4594,1474.2254588746453
4595,1485.583040139396
4596,1494.269996236109
4597,1501.307872020576
4598,1506.9801747259858
4599,1508.9132785866095
4600,1505.5026865785592
4601,1495.9677920703475
4602,1480.1288332670479
4603,1459.3960474060664
4604,1433.799519803876
4605,1404.236061761794
4606,1369.7479795159552
4607,1331.548146939745
4608,1292.1518319618995
4609,1252.0288317432794
4610,1212.622609929414
4611,1173.2833835117412
4612,1135.895922162903
4613,1101.4299327097942
4614,1070.096426648212
4615,1041.0654992538207
4616,1014.3580877293946
4617,991.122639703144
4618,970.5957918262957
4619,953.404263290414
4620,939.4586273665391
4621,929.2604586733105
4622,922.9288180064789
4623,919.6662642340555
4624,918.9350537857662
4625,919.7410939365614
4626,920.9373394200984
4627,921.5797027098436
4628,921.9928759763252
4629,920.6402435783086
4630,917.311259417226
4631,912.6003240830531
4632,908.0539540439859
4633,903.3993293901582
4634,898.0459170778884
4635,891.369190310878
4636,881.7859034878687
4637,869.1416905751857
4638,854.0986484122591
4639,836.7973601697083
4640,817.7903524533772
4641,798.4165667639866
4642,780.7249767065452
4643,764.5653016578448
4644,751.243675008681
4645,738.9345896819538
4646,728.1059773484124
4647,719.0797624310969
4648,711.2281932230015
4649,704.5605187570475
4650,699.0407293835118
4651,696.4405561614183
4652,696.8215949660059
4653,699.2948875281008
4654,704.4017428476116
4655,710.9494478622071
4656,721.3280740534501
4657,735.3269880155037
4658,752.5966627066896
4659,775.3307007280589
4660,803.3686924323447
4661,836.3274419466019
4662,871.1332879220507
4663,907.1071856908628
4664,943.0195397456774
4665,977.1934726840982
4666,1008.193050877059
4667,1036.4724234261507
4668,1061.9166110262167
4669,1083.6582773680711
4670,1101.9285126058478
4671,1117.680797350328
4672,1131.451150907832
4673,1142.777746682838
4674,1152.6318850070934
4675,1155.6897922459714
4676,1151.6211322660301
4677,1141.3591872761076
4678,1125.6601877865849
4679,1106.8225278802815
4680,1085.00238090319
4681,1061.1518624871562
4682,1037.34576063873
4683,1015.5481938106072
4684,997.9684541989654
4685,983.2949280920461
4686,970.1254022275975
4687,956.6412312411624
4688,944.478279018007
4689,932.760400649915
4690,921.13002828659
4691,910.9473456654705
4692,901.4297920104475
4693,893.6436612325059
4694,887.308181963245
4695,883.7215961668915
4696,883.676577403995
4697,887.2374801808827
4698,894.164952189707
4699,902.5200897278035
4700,912.1216216753567
4701,924.4495048290086
4702,940.5723517285844
4703,959.7484668495067
4704,981.5776701822813
4705,1005.0547910663145
4706,1029.383879102721
4707,1056.771087113275
4708,1088.0218858415597
4709,1122.8027563175815
4710,1159.8099039772487
4711,1196.907928471076
4712,1232.1443098529003
4713,1261.3131278544204
4714,1283.4764958503797
4715,1297.4829966866248
4716,1304.1749708828088
4717,1306.09368145689
4718,1303.037821046059
4719,1296.7093505687283
4720,1287.414157515883
4721,1276.0694933050686
4722,1262.7415578430746
4723,1247.8794436805829
4724,1229.4657168180493
4725,1206.106082571222
4726,1179.7012573863094
4727,1152.5368032308788
4728,1125.580973061748
4729,1100.935359833365
4730,1080.306921183779
4731,1062.3601795586392
4732,1051.5868719315465
4733,1046.0023335897408
4734,1045.9386151959507
4735,1049.4604247562554
4736,1056.9018986766316
4737,1067.7787488682163
4738,1082.3545556717688
4739,1099.5609490212703
4740,1120.6662193399134
4741,1145.4668307227253
4742,1173.8504351816937
4743,1205.219194048561
4744,1239.7234030566804
4745,1276.147632879065
4746,1313.761888793903
4747,1352.654116963394
4748,1392.517193456056
4749,1433.816181392067
4750,1475.8196908776163
4751,1518.0699219932899
4752,1560.3849257640604
4753,1600.809543182357
4754,1639.5019988759018
4755,1674.3024989777539
4756,1704.5474783746768
4757,1728.7477446762418
4758,1747.2316580178779
4759,1760.7087875326579
4760,1770.6771157655467
4761,1777.9970026244407
4762,1782.7927882992506
4763,1784.639684420049
4764,1784.2937211625626
4765,1781.7150313522025
4766,1777.655031418577
4767,1771.1451523324565
4768,1761.5634481550119
4769,1749.498720674359
4770,1734.1994404015718
4771,1716.126579276177
4772,1693.7211469596105
4773,1668.2814708887986
4774,1641.0503138673357
4775,1612.6570648536413
4776,1583.7066994958927
4777,1552.6012156227648
4778,1520.4648141982293
4779,1486.9678917343308
4780,1450.6115728750847
4781,1410.822817310955
4782,1367.4167841245194
4783,1321.2264362590226
4784,1272.6620248807158
4785,1224.1641947456415
4786,1176.3914839455315
4787,1130.9141539547904
4788,1091.3488768628454
4789,1055.547388877505
4790,1023.161393490306
4791,994.5155910135368
4792,970.2854705979448
4793,949.7050791799611
4794,933.0935646163308
4795,920.3497927789545
4796,910.3680446951867
4797,903.2139875670143
4798,898.7743673981386
4799,896.666743597602
4800,895.6226913191628
4801,895.8341868957104
4802,895.8754748150368
4803,894.4853650877554
4804,892.8788188494098
4805,890.7113906812103
4806,889.0915450997695
4807,887.867162360234
4808,886.9634242304805
4809,884.9252925591697
4810,883.3525584649728
4811,883.4535237616572
4812,884.011328843715
4813,884.4130981904432
4814,883.5732964021345
4815,881.448667266141
4816,880.4110963137705
4817,879.8749298155487
4818,880.2196387462054
4819,880.6687104548512
4820,881.2469261478058
4821,881.0100020393708
4822,881.55010018632
4823,884.878174432105
4824,889.5717903484691
4825,895.736430424019
4826,903.0455672500141
4827,911.5490860077344
4828,921.4053923190204
4829,932.1074324403523
4830,944.2843789725998
4831,958.3415256946903
4832,973.817621105792
4833,991.2919410046206
4834,1010.3569789520752
4835,1031.0668507598293
4836,1053.5305557046959
4837,1077.8091028968631
4838,1103.7183477615604
4839,1133.209363578405
4840,1166.8876775877936
4841,1204.3700391295863
4842,1244.1202004588226
4843,1285.5872305643238
4844,1327.5224505946085
4845,1364.0060920209567
4846,1400.7893541799858
4847,1436.168232673921
4848,1470.1014491107949
4849,1500.0081246461432
4850,1526.2442654173856
4851,1549.301677932564
4852,1571.123870690933
4853,1592.065509514668
4854,1611.2867719866003
4855,1626.5886712473016
4856,1638.5016472232028
4857,1647.3623667709098
4858,1653.0465096655503
4859,1655.465631857244
4860,1654.1222632722897
4861,1647.6955474716283
4862,1637.1267350054418
4863,1622.3615141636901
4864,1605.252079945647
4865,1587.6154865807184
4866,1569.5463915838436
4867,1551.2174471034082
4868,1535.2923846938102
4869,1521.2424946983062
4870,1509.3865317560358
4871,1501.4287618111148
4872,1494.8064702455154
4873,1489.7810833661015
4874,1487.3926549340713
4875,1488.1667614494993
4876,1492.4763002359532
4877,1501.7420659826548
4878,1513.609487120605
4879,1528.2109832126303
4880,1547.454447675823
4881,1569.2390612652327
4882,1590.562540335242
4883,1608.7092884861659
4884,1621.5446209657207
4885,1627.2536667697195
4886,1625.8830356771737
4887,1618.1317724382511
4888,1602.6957580610092
4889,1581.0771756790987
4890,1553.787369750733
4891,1520.8100146670452
4892,1483.390881103082
4893,1442.847314671947
4894,1400.2192330208595
4895,1355.2452824973925
4896,1307.5024940602016
4897,1260.712985697619
4898,1217.0673179594673
4899,1178.370423434492
4900,1147.1004487538057
4901,1122.7947386184992
4902,1101.6487708007826
4903,1089.4774092034118
4904,1084.647466006436
4905,1085.7302014986722
4906,1091.5309183368574
4907,1099.2570863175429
4908,1108.9548198213317
4909,1120.5168025217374
4910,1133.5785895944568
4911,1149.5406746804774
4912,1168.8237206340004
4913,1190.1209509038777
4914,1214.0544029108878
4915,1241.9334807952314
4916,1272.569568077398
4917,1305.3404736946695
4918,1339.6900014392988
4919,1374.5147672262701
4920,1411.5275128120206
4921,1448.5749835132624
4922,1483.9479257375756
4923,1518.5699325044384
4924,1552.0496817891437
4925,1584.4328425176104
4926,1615.7138121951232
4927,1645.898445872447
4928,1673.8279406146703
4929,1700.4767539482714
4930,1725.4093650994123
4931,1746.7144598790192
4932,1764.2463900743487
4933,1777.3902558474488
4934,1787.5133531163701
4935,1795.7648346486603
4936,1802.8376315931114
4937,1808.2801094255433
4938,1812.290090115297
4939,1813.6602553180073
4940,1810.8828528676681
4941,1802.4950620852123
4942,1785.8757102202583
4943,1760.0864788708698
4944,1725.649610829459
4945,1684.198753040639
4946,1636.1105565967803
4947,1583.0549823294502
4948,1526.9536580024023
4949,1469.5746581914138
4950,1412.4964439502328
4951,1356.3610316145978
4952,1301.5609813371357
4953,1247.9097305187688
4954,1197.3926466791138
4955,1150.2822800278648
4956,1106.6905320016187
4957,1067.3341940855028
4958,1032.6862430499602
4959,1002.5425256490385
4960,980.1437487980013
4961,963.8506728820494
4962,951.2296278808803
4963,940.3178861406087
4964,930.31995498079
4965,921.7092387761606
4966,915.520091450614
4967,911.437729297418
4968,909.6240412403333
4969,909.7745666595273
4970,911.6759797814128
4971,915.8838987279331
4972,923.206466356048
4973,932.256795024431
4974,944.3862952994843
4975,958.6225852224425
4976,974.1464354432417
4977,988.188852963126
4978,1001.1865112231417
4979,1012.4785658431629
4980,1022.4057736610996
4981,1027.7789165842237
4982,1030.3653162459061
4983,1031.244253724372
4984,1030.5411389909586
4985,1029.0501839358608
4986,1028.129480721438
4987,1027.9109483801399
4988,1028.8253154042395
4989,1030.1834154655749
4990,1032.0609223665977
4991,1036.1317712080318
4992,1044.3327278413458
4993,1055.8011884187508
4994,1070.5310339156629
4995,1088.1165652613802
4996,1106.5706423006316
4997,1124.6774684366906
4998,1140.3555584222277
4999,1154.0029588046555
