,0
0,19.544869913201833
1,36.83534686716331
2,51.63768802675993
3,63.45673316786793
4,72.4665796060569
5,78.55154347735771
6,82.29753094138701
7,84.13699599677679
8,84.5223837515189
9,83.29916759933347
10,81.00589852599359
11,78.26459041240763
12,75.1981809795785
13,72.20053594363944
14,69.36248646993455
15,66.65456851889532
16,64.39575886729797
17,62.63321155764643
18,60.95702834590549
19,59.850550290722886
20,59.06174068589915
21,58.49798244790112
22,58.09556220860429
23,57.82182042812228
24,57.47609572147954
25,56.71120912127711
26,55.688286862841125
27,54.689180853356575
28,54.09648391817999
29,53.69998035358894
30,53.14246932945608
31,52.66061674601046
32,51.77569430780494
33,50.63356269174025
34,49.052993673100445
35,47.25841222191065
36,45.752183933976966
37,44.813088332206156
38,44.874593008328105
39,46.18199971139176
40,48.68186568531438
41,52.54244399701882
42,58.589204969854194
43,65.63378395511903
44,73.02368275186062
45,80.25626475389885
46,87.0310957024566
47,93.12698564840034
48,97.42394030640581
49,100.15009743828668
50,101.36553645228625
51,101.37098638908802
52,100.88914424853779
53,99.24428729866884
54,96.24615799608304
55,92.68762922360634
56,89.3629013872729
57,86.47038816966281
58,83.99095080481094
59,82.50637498014751
60,82.58373386722384
61,84.45680027112883
62,87.45024336095187
63,91.55898942952398
64,96.47144038892165
65,101.71697617977271
66,107.39729745637946
67,112.70749386981522
68,117.75909528591002
69,122.69073173158245
70,127.76253323219092
71,132.6518665117159
72,136.67226933637227
73,140.31022112036206
74,144.51371303060432
75,149.55539500552175
76,154.4557118016383
77,158.23576105251044
78,161.1889759466888
79,162.9276714104721
80,163.18685697294026
81,161.84803464966853
82,159.55774600799833
83,156.43411759431007
84,152.73725265715004
85,148.63099914694544
86,145.29215873241054
87,143.13810624092957
88,141.45740935769587
89,141.05348175002152
90,141.6339144702683
91,143.4651393245737
92,147.5216001936922
93,152.47185581684886
94,157.46639012917913
95,161.90509231574697
96,164.62991165673844
97,165.22684321723682
98,162.76551311668933
99,157.03435896332326
100,148.87756279012075
101,138.9202408296463
102,127.81848565028882
103,116.73400486731394
104,106.47665936415086
105,97.28687030660099
106,90.20875494983342
107,85.29701417394652
108,81.97677448600766
109,80.09442199511949
110,79.84415598661123
111,81.35057632263292
112,84.07892575814495
113,88.13866363051349
114,91.67063557947412
115,96.44736212955466
116,102.07644972954802
117,107.56266803740274
118,113.05007717871774
119,118.72993454236706
120,123.93223506593426
121,128.1624245649934
122,132.06372468177176
123,135.50617302235682
124,138.69449222229738
125,141.82859751387986
126,145.31983266473105
127,148.64482992929902
128,151.94696306229025
129,155.41882856655997
130,159.0495489284844
131,162.79360931196794
132,166.20388617666885
133,168.7896876414502
134,170.0888736509142
135,169.79346607474096
136,168.23712220227105
137,164.9975807586094
138,160.20414222238293
139,154.05612317076077
140,146.61391394013822
141,138.40924216663186
142,130.64612125406097
143,123.7734907377507
144,118.06306977858358
145,113.67007442302815
146,110.9643972057517
147,109.69207060931546
148,109.57193243117162
149,110.46485945433885
150,112.18734227625089
151,114.92085614578707
152,118.32927119259932
153,122.57402091375704
154,127.62977448172023
155,133.89404229812817
156,141.80856786803722
157,150.99933518707587
158,160.90822330634
159,170.92718877434686
160,180.44091770543037
161,188.83569773910784
162,195.51152114637236
163,200.67335174710624
164,204.3146793009422
165,206.7162811947018
166,208.12960093839607
167,209.03337363493705
168,209.73137778895526
169,210.3255607461844
170,211.2678471949775
171,212.08763640542747
172,212.8574051084056
173,213.79288322780008
174,214.12649772846652
175,214.3497506968285
176,214.04989124789873
177,213.3847399563123
178,212.28846205191786
179,210.7358730318968
180,208.9357296936239
181,206.64100437330447
182,203.58592722969138
183,199.90164517776122
184,196.04261629503532
185,191.6340699123569
186,187.16137488619023
187,182.51276080506074
188,177.51531008512973
189,172.3596102459593
190,167.20893828074878
191,161.80419880034367
192,156.32364169132842
193,150.34395583266965
194,143.90848095526684
195,137.10166974164542
196,129.923366073682
197,122.5093647939268
198,115.09423778910623
199,107.52737137321711
200,99.83944321578176
201,92.34942606268683
202,85.29369375111307
203,78.8521902463551
204,72.87589298227519
205,67.29933581423393
206,62.247082469298306
207,58.11521889188313
208,54.50588570066422
209,51.69369302140964
210,49.61743444796395
211,48.68314087470572
212,48.723835734495026
213,49.827717399935906
214,51.66225156081532
215,54.134269085555836
216,56.94808722466371
217,59.94923798694921
218,63.13468602823039
219,66.06102635224073
220,68.84864960102459
221,71.78272005234663
222,75.19827429320992
223,78.80169407742048
224,82.91082013367333
225,87.69045283247779
226,92.9258916702217
227,98.34821326660494
228,103.06563305545835
229,107.76824854677406
230,112.14326278328042
231,116.25624378397518
232,120.02578085632271
233,123.37691141252198
234,126.31343233820671
235,128.9201648596995
236,131.17076745842036
237,132.83650067557608
238,133.88015969504715
239,134.32702633243008
240,134.28624489887017
241,133.65329668671268
242,132.52553484811912
243,131.24995135226382
244,129.8436620950865
245,128.2957289208004
246,126.98644028467231
247,125.61196313706282
248,124.28038646616318
249,123.28626983335877
250,122.7357302242319
251,122.4749601370811
252,122.82796539206737
253,123.85747273981504
254,125.90111473565184
255,128.9303154318207
256,132.74855594082095
257,137.3047732392734
258,143.0287068521232
259,149.49291640251897
260,156.46818809521437
261,163.92715609192243
262,171.53147469815764
263,179.254053074414
264,186.44224372670786
265,192.63434123379724
266,197.40799593230815
267,200.56231108298397
268,201.872460358359
269,201.23315461553997
270,198.9391370084162
271,195.57125198379435
272,191.27613677381495
273,187.0885835247344
274,182.90518191997046
275,179.13426389053376
276,176.40643653164312
277,174.28386872254544
278,172.52534540885023
279,171.0909358977355
280,169.64678939263047
281,167.94771274826473
282,166.38518912635007
283,164.92916823243928
284,163.90745984329578
285,163.01857354474097
286,161.82790650274444
287,160.86463421294616
288,159.66526277912533
289,158.51222289665208
290,157.72187231430763
291,157.11745175276934
292,156.22779227448657
293,154.70427021915958
294,153.34676678316947
295,152.329314112435
296,151.0428259821078
297,149.44813168808315
298,147.55427752792934
299,145.2539552536232
300,142.23580892105005
301,138.60171545758718
302,134.67269965853416
303,130.758460484049
304,127.18182829753573
305,124.26530227808556
306,121.00059298448728
307,117.18709390005503
308,112.69242489819182
309,108.12085175034298
310,103.7203068654839
311,98.75157851646227
312,93.99318328480568
313,89.95095550639488
314,86.92793858078025
315,85.0859547075982
316,84.06848759683041
317,83.2893976674663
318,82.42076185049582
319,81.73150155930418
320,80.77238863816848
321,79.44575883633058
322,78.7139960175427
323,78.92300646007004
324,80.41228097447475
325,83.38041602972902
326,88.337772533091
327,95.2942121735595
328,103.75739783144098
329,113.97352256953626
330,125.53608194746033
331,137.7681672107965
332,150.54385838255484
333,163.26197298493184
334,175.50589245996127
335,187.4761355696521
336,199.0091204681645
337,209.65119132416828
338,219.01320502142963
339,227.41136628221477
340,234.56130851906988
341,240.66327277881447
342,245.9719816847922
343,250.61654803538832
344,254.31598537456432
345,257.2596885577173
346,259.9925337176187
347,262.4608833127621
348,264.7389891934284
349,267.1292695509674
350,269.6168045727324
351,272.10186357294316
352,274.49052681220894
353,276.3964924074366
354,277.30896339386624
355,277.5472278685232
356,276.7171480645022
357,274.77190029166275
358,272.13732027514925
359,269.02403411749617
360,266.11213822358894
361,263.571643236
362,261.52080089923254
363,259.4728837737867
364,257.11729564694383
365,254.63857565834405
366,251.37724457145828
367,247.3250519392864
368,242.4508017576962
369,236.7360678347561
370,230.67006042627958
371,224.8104799128132
372,218.7430883279021
373,212.73748275810397
374,206.87621377275906
375,200.68622784584903
376,193.71493593577884
377,186.1018792586477
378,178.437672466153
379,171.40139721999236
380,164.99832524892906
381,159.87421058146572
382,157.0029178487891
383,156.71667332065994
384,159.2777949790102
385,164.32579118145117
386,171.50032147103292
387,179.83062538313624
388,189.24066366862496
389,198.8912962334196
390,208.003382738192
391,216.47873096711933
392,224.33095383358165
393,231.53161194568753
394,238.1474235811238
395,243.99676490755837
396,249.19986276549605
397,253.36981771447938
398,257.0750044807249
399,260.2985169673584
400,262.81936600735924
401,264.1813797661339
402,265.096901604209
403,265.51584102741185
404,265.30083684626163
405,264.4989397447345
406,263.1919909050677
407,261.4471587317752
408,258.92819495406616
409,255.8764616368249
410,252.800294526758
411,249.45644530563823
412,245.8055120391796
413,241.5971087183469
414,237.37661091602575
415,233.28685893100328
416,229.77914572883395
417,226.31541930810772
418,222.74995148815412
419,218.6943027121338
420,213.52971632046783
421,207.8744249664714
422,201.42367994258944
423,194.45676108425374
424,186.98759159421684
425,178.9044692575639
426,170.3776409173857
427,161.6365618367135
428,152.95229545232817
429,144.76556062546285
430,137.6314053468632
431,131.17780481339082
432,125.32211956820498
433,119.82550542343307
434,115.05324628440384
435,111.18885018800691
436,108.00521938399186
437,105.65638601932068
438,103.84841004412542
439,103.00984842282001
440,103.02660605997428
441,104.1071691090727
442,106.43066752823971
443,109.74851732389465
444,113.85958159973816
445,118.64088457683147
446,123.91621506159598
447,130.2127517386056
448,136.60435329410558
449,142.196148864747
450,146.51314644180565
451,149.65447794726344
452,150.87659092375023
453,150.26731039910635
454,147.63527476574552
455,143.26511558675747
456,139.4630771010379
457,134.79784093405917
458,129.14347804958047
459,123.13670329286398
460,117.08407362571792
461,111.64938206240566
462,106.69469079433541
463,101.43745042100139
464,96.00862503110073
465,90.77072285392856
466,86.08221267943797
467,81.81202279474664
468,77.80508423406357
469,74.07783672491723
470,71.16696559718294
471,69.23750348478026
472,67.8345338376801
473,67.31122088730287
474,67.83385698087054
475,69.16378562573851
476,71.87787851615246
477,75.22786673366781
478,79.20026900399549
479,84.1352519625776
480,89.34470144574104
481,94.4464489186571
482,99.07191844296764
483,102.3887723335672
484,104.98637438619946
485,105.8717202590428
486,105.52066727495216
487,104.64480656055389
488,103.15736815190161
489,100.7494963582588
490,97.38189010252478
491,93.18478692804736
492,88.31578217928035
493,83.24058937163431
494,78.45134445248189
495,74.39046714474148
496,70.89251546380785
497,68.78518217458549
498,68.17925057508307
499,68.76748250541853
500,69.8098353047728
501,70.85859652071096
502,71.67036186581808
503,72.20734068438776
504,71.70197387722634
505,70.51582796681733
506,68.69903161361906
507,66.29188226784287
508,64.07763295001548
509,62.36811152970718
510,60.87409776357666
511,59.45252898613554
512,58.511527307104814
513,57.692855846348095
514,57.266909528061085
515,57.70133636394365
516,58.163538485952394
517,59.055547975355786
518,60.139393733050355
519,61.431637833873665
520,63.21788492750274
521,65.03830439375308
522,66.63180622752142
523,67.91581301674223
524,69.39710535133221
525,71.12898490984604
526,72.92106796628102
527,74.89218947045308
528,77.4265139151485
529,80.27118870041221
530,83.21775389503594
531,86.54286062745754
532,90.016220099399
533,93.58056827893411
534,97.29234894891115
535,101.44734332898827
536,106.02244548361784
537,111.07361192175853
538,116.79244210723789
539,122.99607615075757
540,129.62842663170275
541,136.08739656401437
542,142.31034850036744
543,148.0105999903456
544,152.87062875734495
545,157.02773103355022
546,160.71567027294248
547,163.88187938596766
548,166.19771559232547
549,167.9890432039668
550,169.03281527745725
551,169.1738780297382
552,167.85462512911846
553,165.15687371984052
554,160.75741312074655
555,154.68981436354608
556,147.2392815985372
557,138.72063898575647
558,129.79674060228962
559,120.96332740470183
560,112.73827295767475
561,105.80104984447064
562,99.94277614175819
563,95.50165083895111
564,93.06369501872805
565,92.04843014001317
566,92.5041009459023
567,94.25314108966381
568,97.17763419823197
569,100.81087005396466
570,103.9717852484521
571,108.00222269149506
572,112.48801166992604
573,117.22246921124037
574,121.87165151961096
575,126.83424788639658
576,131.192052201417
577,134.64311512064694
578,136.80733481415731
579,137.98217170123385
580,138.08961372960752
581,137.22810775358195
582,135.80389762088492
583,133.75104949082169
584,131.21881481787648
585,128.38503433670388
586,126.04445515445974
587,124.64741743214319
588,123.48142027830207
589,123.16179456759288
590,123.61609700048993
591,124.33205431127057
592,124.77826054214043
593,124.70784803550097
594,124.24625413586517
595,123.02681992310846
596,120.80770445102337
597,117.1684517928889
598,112.43836194380935
599,107.30179861706311
600,102.61385992680377
601,98.4481527622616
602,94.93234252131846
603,92.36828271876865
604,90.79727585339191
605,89.93654624837737
606,89.63676987836955
607,89.81001893908143
608,90.58522015067958
609,92.15401322795257
610,94.03961997906652
611,96.42591491341192
612,99.02737614215617
613,101.78133761467288
614,104.57489763097752
615,107.28155213348663
616,110.02435997160342
617,112.81153364985644
618,115.73146531984378
619,119.12315860216377
620,122.29773620026056
621,125.77234001019124
622,129.06036263433487
623,132.26942275049223
624,135.49391753125403
625,138.32417125951173
626,141.1053638539034
627,143.52500141102416
628,146.37832688091137
629,149.31069559231514
630,152.61020144265058
631,156.22737383937596
632,160.31983215555914
633,164.71745606198442
634,169.58337325768085
635,174.88678617438768
636,180.27388469946337
637,185.69808794432242
638,190.7786281058688
639,195.519709534632
640,199.43327677235723
641,202.9257002414863
642,205.67123558265143
643,207.29202603847187
644,207.63355615472943
645,207.09409800110694
646,205.74692522060255
647,204.14641531513703
648,202.8614014410212
649,202.0300745154019
650,201.59566419191893
651,201.42703541251598
652,201.59576174786744
653,201.65589825167416
654,201.75285240844315
655,201.2973240127664
656,200.7214569847987
657,200.10494704042804
658,199.19397470996245
659,198.2213937614299
660,197.64362262243316
661,197.5667291082249
662,197.587825430826
663,198.07000719227963
664,199.15264914085918
665,200.52348158214838
666,202.1371147587258
667,204.24306645924526
668,206.5949490212936
669,209.18879284380336
670,212.10610263924178
671,215.1885377213623
672,218.38242908772548
673,221.6048522263992
674,224.73805431071258
675,227.54391146726488
676,229.85103025373223
677,231.49474399683731
678,232.42245329973002
679,232.46764260502988
680,231.10041325845947
681,228.3836898779141
682,223.9141601694358
683,217.76342559584273
684,212.41228651681678
685,205.99196252110266
686,198.72791423669898
687,190.99080181236044
688,183.480590981369
689,176.0770297148768
690,169.28211199449163
691,163.44338924860466
692,158.5348882491479
693,154.11613266779352
694,150.4061161065672
695,147.48953120995608
696,144.8220694977166
697,142.59352466991615
698,140.89800551917978
699,139.8349863682092
700,139.00204795750773
701,139.13414602677355
702,139.83258839528747
703,140.6549346079585
704,141.46742851919737
705,142.6233508301852
706,144.30084103806757
707,146.20322653476217
708,148.38454670819047
709,151.12875104099675
710,154.50497808889264
711,158.19443573365243
712,161.95981552807817
713,166.07611293786988
714,170.61025099431777
715,175.11088179803238
716,179.60068711574678
717,184.1807339631721
718,188.68627786315045
719,193.04683563168237
720,197.11851602592822
721,200.57189357059082
722,203.01133120467654
723,203.95274980767687
724,203.4138707358203
725,200.81595665922094
726,195.6756505601117
727,188.28187190530008
728,178.86237698695425
729,168.3962453150664
730,157.5073252762636
731,146.62944410795228
732,136.47206416776115
733,127.59663884644067
734,120.3942252950014
735,114.70703413458287
736,110.49142662819644
737,108.22350790107248
738,107.55788816144775
739,108.3442482633503
740,110.29372931729726
741,111.98977783423112
742,114.5223089773848
743,117.19634076174972
744,119.91352728117303
745,122.82558273337729
746,125.64629939766048
747,128.65144750191226
748,131.9091424115198
749,135.40765681461306
750,138.31888449409465
751,140.83200820667147
752,143.19762415157675
753,145.45714290470335
754,147.4442372505473
755,149.38300262522324
756,151.23889848145734
757,152.99613091831318
758,154.77019473770406
759,156.5799285783593
760,157.9765174840776
761,159.3172874288836
762,160.6067368591416
763,162.10484145588322
764,164.27445685605392
765,166.83371269843235
766,170.05261701695412
767,173.77133855775494
768,177.3881050963047
769,180.92002564935
770,184.08060898283338
771,186.39107882068112
772,187.75757224284968
773,188.96757917319485
774,189.6919027846792
775,190.18468183293322
776,190.53529332278094
777,190.66925824744487
778,190.388247689789
779,189.5338714810298
780,187.89218884062382
781,185.1447588934572
782,180.73353784370113
783,174.66043440219877
784,167.25843535554395
785,159.0335152925421
786,150.3884636423948
787,141.71356273729108
788,133.64329616052376
789,126.71923742917593
790,120.97753184218534
791,116.46186771012768
792,112.91701750248441
793,110.08181941861125
794,108.05204518715334
795,106.54568600002884
796,104.97571346019447
797,102.82992578647067
798,100.96309051033097
799,98.9481743307899
800,97.00194472639768
801,95.22846907329576
802,93.81107065241994
803,93.25483301735967
804,93.37589985909617
805,94.47537012027178
806,96.17979411647678
807,98.394543875144
808,101.28760036925502
809,104.88079668921506
810,108.74608251780194
811,112.98396870931668
812,117.98022307808043
813,123.75726903990551
814,129.79918085389792
815,136.21978733216733
816,142.89623787519696
817,149.54009119223903
818,156.4487868574456
819,163.4790313492282
820,170.57068658831886
821,177.35064949085285
822,184.00429590460456
823,190.50845091025099
824,197.01341249346626
825,203.2196187522633
826,209.2070800174223
827,214.58363794996865
828,219.21052536527304
829,223.00177747800362
830,226.51583755001388
831,230.01502560916958
832,233.23309140884516
833,236.2359401398591
834,238.42171681837698
835,239.49453577230634
836,239.1402614556295
837,236.98993388315603
838,233.00963458220957
839,226.94173217742002
840,218.41188022058247
841,207.9673955065797
842,196.3035259159032
843,184.38154993645674
844,172.97612479017857
845,162.7877858055545
846,154.8973983989277
847,149.69638118877896
848,146.79326268036863
849,145.661683984679
850,145.68338681590177
851,146.18819344094692
852,146.8427432436826
853,148.00215390489518
854,149.32159097914052
855,150.46950123373395
856,152.3538551642015
857,154.72105250329528
858,157.73774728782607
859,160.81086371441629
860,163.97939818922504
861,166.73166308554943
862,168.86289032945336
863,170.79117696987572
864,171.8121343702917
865,172.1264662086662
866,171.93629596116824
867,171.35607019108227
868,170.67597180138637
869,170.37614386094504
870,169.90513816243723
871,169.5336513803256
872,169.62864422496114
873,170.15495326763872
874,171.0262745227107
875,172.65154469300188
876,174.81026863911435
877,177.46325643993544
878,180.3153284874007
879,183.03119731192572
880,185.6438905790292
881,188.59366387773036
882,191.65908386432383
883,195.52001327182097
884,199.9086790369946
885,204.59119316883604
886,209.4526000119248
887,214.3412318132191
888,218.41093449266225
889,221.98155280876915
890,224.7482747370429
891,226.5883598982645
892,227.2724854337387
893,227.0054291714997
894,225.90159503157466
895,223.55214119118648
896,220.13417969371028
897,216.00675250750126
898,211.49866494893462
899,206.87625575507286
900,202.40349164633193
901,198.05660560903758
902,193.74268051906188
903,189.68597166065916
904,185.65387862210662
905,180.96352770056808
906,175.1003995265412
907,168.79466374744487
908,161.71747348309012
909,154.6617606544727
910,148.487426028472
911,143.18089586376806
912,138.56421462047564
913,134.99112451075104
914,132.67435441697137
915,132.02221578949886
916,133.0889316188567
917,135.7346090971223
918,139.79001087350616
919,145.07589985919128
920,150.9903008391604
921,157.03299717206806
922,162.56840685284317
923,167.33689755270595
924,171.09878206849572
925,173.98689077636288
926,175.95307561991459
927,176.89174091599426
928,177.44091388766236
929,177.6401005465667
930,176.91303996842174
931,175.3566883936581
932,173.21793120572207
933,170.80457347905843
934,167.94238025287032
935,164.22829940283435
936,160.79311319688318
937,157.5526793601731
938,154.7635880422457
939,153.04237038514637
940,152.19939403819973
941,152.52417659902838
942,153.8556091222857
943,156.8444352557213
944,161.03073213846926
945,166.49639263789868
946,172.69307068275685
947,179.49517333469657
948,186.81893396441671
949,194.1407567262234
950,201.34657518002916
951,208.83098471942068
952,215.92413904105808
953,222.28244696590343
954,227.64145283590702
955,232.20770676297712
956,236.01870491876196
957,239.32731158631458
958,242.05126317045108
959,244.22385364133606
960,245.72304433792317
961,246.4842916069794
962,246.61138748382513
963,245.68644361719834
964,243.35067765198656
965,239.64106898892132
966,234.52662830640423
967,228.22438271483435
968,220.73690162298053
969,214.2227930730677
970,206.4600547765635
971,197.79359603290362
972,189.44304366453963
973,181.56630504489348
974,174.53940649696162
975,168.25639434150776
976,162.5937636780935
977,157.52379356486824
978,152.93456339092066
979,148.64518943674224
980,144.3335023020984
981,139.86554250721275
982,135.26305254112657
983,130.71040695668808
984,126.39778076870144
985,122.48591196594154
986,118.69336622997662
987,115.33974203444464
988,112.05063920751658
989,108.9611801496733
990,105.91884321185012
991,102.52092935603254
992,99.25971376689296
993,96.51918085045921
994,94.58973384603657
995,93.6415010915001
996,93.44972735240495
997,93.75326758702585
998,94.69000534295319
999,96.13559609506952
1000,98.17152588190642
1001,100.32973357496292
1002,103.08726704340138
1003,105.86873125635725
1004,108.62106997039243
1005,111.252715975587
1006,113.54712158015687
1007,115.13914541891617
1008,115.4737208700875
1009,114.19490534046506
1010,111.3098097097105
1011,106.69575217388874
1012,100.46706971661322
1013,93.06517232674193
1014,85.07469939225687
1015,77.15777048361457
1016,69.65555211149986
1017,63.45413868002311
1018,58.5564079147084
1019,55.052051364624
1020,53.09252244789432
1021,52.63247788228204
1022,53.27240114583009
1023,54.81302365554538
1024,57.125117404935665
1025,59.885637806776415
1026,62.28729055637786
1027,64.81888723210128
1028,67.89769086606523
1029,71.35463988870282
1030,75.27709761647986
1031,79.31036823128598
1032,83.47467831681348
1033,87.50843764605068
1034,91.8308209040826
1035,96.40558161141281
1036,101.01805362151444
1037,105.65034871795953
1038,110.42960324560323
1039,115.61173197897537
1040,120.80134457810871
1041,125.84753432210005
1042,130.81622730421603
1043,135.4864509635155
1044,139.6825435173708
1045,143.7390927851572
1046,147.3770268053721
1047,150.64595522583573
1048,153.63949260015755
1049,156.39968941015735
1050,158.7428997082457
1051,160.91722715981467
1052,162.31809952904672
1053,163.12642486169662
1054,163.07981728848443
1055,162.1646693945371
1056,160.6418406079202
1057,158.05756532145804
1058,154.60573366639048
1059,150.01871647977356
1060,144.33340408306464
1061,137.69808873194137
1062,130.10563699814008
1063,122.18243641046416
1064,114.81208675772129
1065,108.01438443119793
1066,102.07038517389196
1067,97.60755228251212
1068,94.92821829617269
1069,93.74824288173625
1070,93.63080381500701
1071,94.13907978081629
1072,94.9142984288465
1073,95.54663982514708
1074,95.36123408870834
1075,94.40440306402101
1076,92.49637245437316
1077,89.67288436531338
1078,86.06057670363951
1079,81.71985635965146
1080,76.87462520443688
1081,71.89260765234573
1082,66.91088919063665
1083,62.57679412894973
1084,58.03068463445986
1085,53.66089420829333
1086,49.97956218819146
1087,47.45473590562355
1088,46.08043311779085
1089,46.27167040260743
1090,48.076776887836886
1091,51.340661703409694
1092,55.859053684256025
1093,61.29381624287139
1094,67.57859027218193
1095,74.1436708681218
1096,80.36120143246208
1097,86.25061532971009
1098,91.85336059502345
1099,97.49667986925223
1100,102.79033270440645
1101,107.33888525779736
1102,111.27729492756
1103,114.70674607225723
1104,117.61664168868145
1105,120.14638409012451
1106,122.289596669552
1107,124.36948758556879
1108,126.3414487295071
1109,128.46546712945144
1110,130.49364386346733
1111,132.30655875268468
1112,133.8729306286894
1113,135.63529116061918
1114,137.312950277385
1115,138.91757622655507
1116,140.95596928501726
1117,143.01405972758903
1118,145.34978960811256
1119,148.2897737467689
1120,151.9580696072767
1121,156.7432458990138
1122,163.01007522742628
1123,170.58010717615525
1124,179.29713023781866
1125,188.94450558941844
1126,199.2462619820904
1127,209.9967131003812
1128,220.7562480947849
1129,231.20652138714755
1130,240.73742501204418
1131,248.5885776849209
1132,254.80894385576627
1133,259.6563856503578
1134,262.85961224464916
1135,264.38572529950744
1136,264.38303700921625
1137,262.6585735559069
1138,259.26240720426085
1139,254.60818896819245
1140,250.559019102813
1141,244.9179734572681
1142,238.14312370638896
1143,230.25803958010016
1144,221.19140661685566
1145,211.32504417884826
1146,200.681967596827
1147,189.72919460673762
1148,178.4857934025689
1149,167.59456438841477
1150,156.8225433212385
1151,146.62956149708216
1152,136.835008986725
1153,127.81963601992302
1154,119.85546116804568
1155,112.60663149538192
1156,106.06013718342524
1157,99.89225422229998
1158,94.21450731040525
1159,88.63005781009386
1160,83.50708097123092
1161,78.70409998098609
1162,74.4249791160702
1163,70.85788646426597
1164,67.99254957404878
1165,65.75199958361718
1166,64.40660512504346
1167,63.64965420896594
1168,63.468016760213246
1169,63.652322857099136
1170,64.20559260474676
1171,65.18266460491608
1172,66.42989742820076
1173,67.72301472224194
1174,69.30647119700271
1175,70.94271160324928
1176,73.2447340865587
1177,76.06129882486621
1178,79.37416007238556
1179,83.44314562767039
1180,88.35838555907465
1181,94.08629378172799
1182,100.92374901704052
1183,108.59423940335145
1184,116.75673797344152
1185,125.15400748632933
1186,133.3382795726236
1187,141.09202778848777
1188,148.21341912646685
1189,154.4040687788685
1190,159.9417886431007
1191,165.03227671752876
1192,169.40253075658552
1193,173.44424229078527
1194,177.80147200576016
1195,182.4454267217671
1196,186.87734830918384
1197,190.73312009023644
1198,194.4220240774883
1199,197.85449581355243
1200,200.87571265974924
1201,203.64278336469698
1202,206.057148352973
1203,208.27239081288246
1204,210.19397348393554
1205,212.0266818469561
1206,213.55610459535933
1207,214.95699752298162
1208,216.50310939051536
1209,217.83150776378736
1210,218.716834147206
1211,219.20709511317006
1212,218.88990625605643
1213,217.68656874418727
1214,215.5190919025331
1215,212.32838351230043
1216,208.03862140416658
1217,203.03453240961238
1218,197.47181142229442
1219,191.7251275255261
1220,185.84302648801594
1221,179.85167780318397
1222,173.6462025073531
1223,167.7680410452026
1224,162.34683340793245
1225,157.28515067160788
1226,152.85616384735243
1227,148.9456042867755
1228,145.4185715088864
1229,142.1660727696647
1230,139.16424583365477
1231,136.47844250025727
1232,134.0788293705185
1233,132.03166832409818
1234,130.13025175989958
1235,129.2288999687457
1236,129.34696443249746
1237,130.5735871327857
1238,132.92303239196553
1239,136.5945563138419
1240,141.33827396328113
1241,146.65187499640882
1242,151.7871001734711
1243,156.49449156429029
1244,160.29260939902196
1245,162.5289074113994
1246,163.17531709934005
1247,162.2892225688362
1248,160.0481940775951
1249,157.25040792708944
1250,153.9168859027497
1251,150.68830767784675
1252,147.61470542143795
1253,144.93064363049274
1254,142.5955098723704
1255,140.48625476316568
1256,138.5877602684193
1257,136.91292864311635
1258,135.63367261525957
1259,134.7494085489477
1260,134.48566986167617
1261,134.65242522271637
1262,135.03263253040967
1263,135.5862160899152
1264,136.2671617057987
1265,137.0655293014085
1266,137.8780339070779
1267,138.36298468985999
1268,138.46762440509062
1269,138.22866516938402
1270,137.75706362649353
1271,137.11822668282252
1272,136.0718020245468
1273,134.55280641708384
1274,132.50841499537995
1275,130.05140460758463
1276,127.06090239593559
1277,123.56921837267555
1278,119.71395423722043
1279,115.40323712319534
1280,110.8365225872852
1281,106.08739227274296
1282,101.38524327982503
1283,97.02825889307951
1284,92.99181731823093
1285,89.40107670304158
1286,86.43606423818501
1287,84.0819881341359
1288,82.57644798763292
1289,81.75408737362793
1290,81.88727665649344
1291,83.07711918927833
1292,85.53113094838866
1293,89.60015535291583
1294,95.57286323659694
1295,103.62976420039422
1296,114.3313684333573
1297,127.30691441775127
1298,141.95896941756627
1299,157.38035841286154
1300,172.6805547391104
1301,187.44755492084118
1302,201.03420964619124
1303,212.5002104412369
1304,222.4240025195695
1305,231.11198952625455
1306,238.40995071018713
1307,245.24173529056623
1308,251.71499174491714
1309,257.95216877515094
1310,263.71396328579414
1311,268.72672451005366
1312,272.8830653444552
1313,276.01496938077156
1314,278.10418140275385
1315,279.3219884333115
1316,280.065837591577
1317,280.0782630909878
1318,279.26379276805926
1319,277.88379542364777
1320,276.1239607106538
1321,274.3027067180892
1322,272.3845169499772
1323,269.9103587902525
1324,267.0504711473566
1325,263.7424289157472
1326,260.3202097168761
1327,257.048186458624
1328,253.84179800437917
1329,250.82988697250642
1330,247.79410841105252
1331,244.7399001047378
1332,241.04367444440044
1333,236.40318746405478
1334,231.00236114022306
1335,224.74865547733975
1336,217.35771337307824
1337,209.07399854084946
1338,200.2406990749974
1339,190.84335365368227
1340,180.51720443831678
1341,169.65693099585238
1342,158.49419587205688
1343,147.44305259884987
1344,136.42350582078225
1345,125.70173532162175
1346,115.60723779284623
1347,106.45780276512602
1348,98.07052482755907
1349,90.45660905986512
1350,83.3803671837222
1351,76.85581063976534
1352,71.23977415511142
1353,66.60852210475265
1354,62.94002631241034
1355,60.2340100969417
1356,58.70329328803035
1357,58.31309790674388
1358,58.85227804645068
1359,60.3772086295005
1360,62.842349784289254
1361,66.22210107296405
1362,70.43315132539183
1363,75.17743615884567
1364,79.93798766377463
1365,85.08638929692908
1366,90.36331486623058
1367,95.73103219854605
1368,100.40094627766052
1369,104.82909244788434
1370,109.2726851787449
1371,114.01796156011068
1372,118.69574128053674
1373,123.41300712216325
1374,128.47019398378995
1375,133.4515534848585
1376,138.41052686782984
1377,143.42834180219006
1378,148.53563444305098
1379,153.4157904313179
1380,158.1154381735352
1381,162.32063736641604
1382,165.9285046726834
1383,168.90910013702864
1384,171.25705242659748
1385,173.09517393637634
1386,174.35695368841948
1387,175.3415537531041
1388,176.21824000004506
1389,177.41184232569918
1390,178.88542164877333
1391,180.8323101228227
1392,183.15117550259362
1393,186.40412788735168
1394,190.18893381245766
1395,194.1816504551493
1396,198.2299899669765
1397,201.92242425444994
1398,205.42429362700375
1399,208.55202888199025
1400,211.35383906015232
1401,214.10132157833158
1402,216.5861005412064
1403,218.9679532522817
1404,221.40561048166649
1405,223.83293325880317
1406,226.01454598100412
1407,227.93938123440935
1408,229.75253452113057
1409,231.3090105261689
1410,232.1712130620627
1411,232.33498433420914
1412,231.57302871202734
1413,230.20785053493933
1414,228.0811336009935
1415,225.09469026375154
1416,220.9053963568316
1417,215.71752342675103
1418,209.5070580186494
1419,202.59212806336495
1420,194.25233488241122
1421,185.13490050407768
1422,175.134103348881
1423,165.24852869557515
1424,156.7609888844687
1425,149.37682924880608
1426,143.3755629833762
1427,139.10722322594142
1428,135.77436384993578
1429,133.1003674117585
1430,130.5797586991715
1431,127.87525596112127
1432,124.7727914322074
1433,120.69788318205438
1434,115.75393363561476
1435,110.00353634866688
1436,104.09998823844296
1437,97.9441551740794
1438,91.64858103326364
1439,85.2951700112161
1440,78.95524197962779
1441,72.98294748902184
1442,67.69502471210569
1443,62.79587798689262
1444,58.8914636768864
1445,56.440248995218354
1446,55.390302642125135
1447,56.27636062184408
1448,58.78710602916703
1449,63.02285598573829
1450,68.5859955419396
1451,75.13913312016822
1452,81.73785642689015
1453,88.48904929635594
1454,95.13289260617071
1455,101.61813749947481
1456,107.55047767019826
1457,112.66419508385694
1458,116.37103638343561
1459,118.78970276062454
1460,120.3446251180876
1461,120.76914734864381
1462,120.98182602932955
1463,121.73366167096223
1464,122.962357327475
1465,125.30107480396333
1466,128.98693194452974
1467,134.1934626496565
1468,140.9519272045694
1469,148.9853430622926
1470,157.69898110745078
1471,166.94354241163273
1472,176.29056648943052
1473,185.70950206133355
1474,194.92992633292022
1475,203.9001353750578
1476,212.43941229235975
1477,220.73589631806573
1478,228.20331034026856
1479,234.71160543506025
1480,239.478491167727
1481,242.63276578764288
1482,245.37698470696975
1483,246.74751998340412
1484,247.14236361748064
1485,246.49140709795228
1486,245.2178198460663
1487,243.28247006668948
1488,240.84612315100912
1489,238.32841455710823
1490,235.63076809698003
1491,232.14540720116793
1492,228.0709358331769
1493,222.9440836118875
1494,217.34074442556837
1495,211.74993531173294
1496,206.15750987999067
1497,200.62250503862776
1498,195.52168954908248
1499,191.20288855158748
1500,187.8422049018264
1501,185.2820408602284
1502,183.66317216591608
1503,182.81856457766014
1504,182.49161720173578
1505,182.8216103104112
1506,183.79360218105003
1507,185.44002571769715
1508,188.0149089700592
1509,191.22173389489717
1510,194.8027946780288
1511,198.65031543410328
1512,202.5471090308288
1513,206.6567044348548
1514,210.8824310285749
1515,215.27614929416916
1516,219.81851638639665
1517,224.53800468971787
1518,228.72765713758537
1519,232.3440397079648
1520,234.8933637555245
1521,235.79587877823337
1522,234.99094969581557
1523,232.450596180601
1524,227.61626106418078
1525,221.34922513755794
1526,214.15285773391872
1527,206.67134346751936
1528,198.92770058685852
1529,191.73685321190123
1530,185.86339394060923
1531,181.34238808497386
1532,177.82653724720686
1533,175.41987744017067
1534,173.58974850871118
1535,172.5838075635355
1536,172.22968826484174
1537,172.4096551781302
1538,173.21302142598694
1539,173.91195006162224
1540,174.72475395428916
1541,176.03620365065714
1542,177.89811730564662
1543,180.24883013086696
1544,183.20932089747575
1545,186.1170791718203
1546,189.3527021020666
1547,192.50733022807464
1548,195.42756630079862
1549,198.4255665003679
1550,200.9593163646238
1551,202.92295998745513
1552,204.03881066491235
1553,204.33096573875156
1554,203.99524805399034
1555,203.31664012329958
1556,202.17871396921424
1557,200.9856063947707
1558,199.96485497459446
1559,199.2166687173792
1560,198.6863541093523
1561,198.32617380413996
1562,198.1379371094631
1563,198.23286319001647
1564,198.32537684917713
1565,197.97780128910446
1566,197.08084927560765
1567,196.1077370732698
1568,194.88247800827702
1569,193.16351518097827
1570,190.94352849237248
1571,188.41577552791864
1572,186.0701216830741
1573,184.19582892486918
1574,182.708715851206
1575,181.53459822582153
1576,180.36024765974042
1577,179.44615354968468
1578,178.64064951893735
1579,177.9954476175081
1580,177.1118750702305
1581,175.97362327903056
1582,174.83502515185563
1583,173.77513091595642
1584,172.83286297782115
1585,171.93496928644714
1586,171.18462406102003
1587,170.8212477162397
1588,170.37534547854764
1589,170.2075075791543
1590,170.0327347445655
1591,169.95738974774503
1592,170.49726185305303
1593,171.78373943892143
1594,174.12595776545632
1595,177.64283858932652
1596,180.70252490609357
1597,184.3396872006756
1598,188.5465479567537
1599,192.9786435952159
1600,197.62089772594
1601,201.911987478251
1602,206.0114312526386
1603,209.9122093057784
1604,214.12350204749782
1605,218.64745709136525
1606,223.7174623928238
1607,228.91849701558053
1608,233.7929999661731
1609,237.6294900894029
1610,240.28183240758176
1611,241.54839371948702
1612,241.76850488173991
1613,240.7557539161912
1614,238.35369260081438
1615,235.02236741586768
1616,230.95863252266986
1617,226.51567320812998
1618,221.7391715289198
1619,217.1195599262232
1620,213.04015170854322
1621,209.86200681440528
1622,207.7421310903929
1623,206.66126103909588
1624,206.6924028268793
1625,208.22732740572596
1626,210.9908076887375
1627,214.20114412898243
1628,217.9142022955574
1629,222.5940342715475
1630,227.4310372859688
1631,232.0705458987328
1632,236.17855227777807
1633,239.82964734690333
1634,243.0942613488459
1635,245.50402856838906
1636,246.71238029507316
1637,246.91026886740508
1638,246.1351679972569
1639,244.63213991876785
1640,242.70273728071953
1641,240.80316006889882
1642,239.20572774586321
1643,238.03182316107706
1644,237.84855403041388
1645,238.12430913576435
1646,238.7134025817718
1647,239.30706414934616
1648,239.9279593055168
1649,240.1999922342252
1650,240.53152271851093
1651,240.21448496865872
1652,239.62775936788051
1653,239.11730809520344
1654,238.33011944476112
1655,237.78746655172205
1656,236.89220804128774
1657,235.4648681268497
1658,233.66862230821908
1659,231.56844575608568
1660,228.81033222044726
1661,225.8329898837418
1662,222.72456416519367
1663,219.27910797154607
1664,215.33759731522062
1665,211.09689493012593
1666,206.2775762526877
1667,201.19740628468253
1668,195.48278672206516
1669,188.78464491487824
1670,181.48335003640324
1671,173.66157630752622
1672,165.48441033197696
1673,157.3122939979566
1674,149.34362469183003
1675,141.1938074155247
1676,133.04917233859862
1677,124.8334770101367
1678,117.03291944550028
1679,109.31793475845905
1680,101.82798656091484
1681,94.65049245471654
1682,87.57708976777641
1683,81.10896046506406
1684,75.28869266184083
1685,70.27055465207279
1686,65.97213077015633
1687,62.325713853601954
1688,58.791028843563936
1689,55.878861722478945
1690,53.7875189164711
1691,52.851281201869256
1692,53.392594511170884
1693,56.12591332339196
1694,61.46707148692629
1695,69.68580937620132
1696,80.40276698625868
1697,93.09447367983984
1698,106.70283378111512
1699,120.05263859160345
1700,133.24929343364636
1701,144.6989844322096
1702,154.86896990831258
1703,163.93718207584493
1704,172.2029570422843
1705,179.5284396134899
1706,186.0916327474698
1707,191.5787560115367
1708,195.8306986148417
1709,199.52313232057918
1710,202.73554964457077
1711,205.25163891293323
1712,207.25559851101605
1713,209.20561081730392
1714,210.92500227666068
1715,212.01192299242223
1716,212.61402426353374
1717,212.9897305757072
1718,213.19238381780224
1719,213.0556659825302
1720,212.6667197556406
1721,212.90190062587976
1722,213.6641914392797
1723,214.74059479602323
1724,215.96199392417864
1725,217.31446843045921
1726,218.7536961385059
1727,220.1102109165105
1728,221.1770471411211
1729,222.0448331455497
1730,222.73279273267957
1731,223.36450030390384
1732,224.17676102090752
1733,224.49797649107597
1734,224.53205094696568
1735,224.59415352076684
1736,224.6279414203688
1737,224.14920031902733
1738,223.0192877819278
1739,221.845472961633
1740,220.43824233086036
1741,218.04839481653966
1742,214.71965190272414
1743,209.859512426621
1744,203.5180133647405
1745,196.21752504674689
1746,188.25604004518874
1747,180.2942700688206
1748,172.9757634462066
1749,167.32431831577964
1750,163.8789725362034
1751,163.32137665562703
1752,165.42411931096458
1753,170.08404468690696
1754,176.6980261752102
1755,184.46413881770482
1756,192.88653763489873
1757,201.16785170113116
1758,208.53313730334042
1759,214.30579595134233
1760,218.56205818493817
1761,221.61137101856596
1762,223.746220963697
1763,224.4516815857654
1764,224.3380454470726
1765,223.51848264554246
1766,222.36942349602302
1767,221.3697420359411
1768,220.27309225516825
1769,219.14894172575393
1770,218.09208455044617
1771,217.55979044089418
1772,217.21701088363216
1773,216.7983681685305
1774,215.64507283315473
1775,214.0975482593109
1776,211.62027878048156
1777,208.19616995894046
1778,203.54736183329734
1779,198.1811347945963
1780,192.24790742222456
1781,186.50476898549263
1782,181.18092777854855
1783,176.7149743999803
1784,172.8126098134809
1785,169.4618067690382
1786,166.90650790293682
1787,165.06989939963233
1788,163.86929877324712
1789,163.02482282696775
1790,163.17376746054725
1791,163.83622574000992
1792,165.4475448605632
1793,167.63731147699377
1794,170.59857704204993
1795,174.11407994670913
1796,177.9412830371252
1797,181.48433789803664
1798,184.8067084752512
1799,187.6845464486143
1800,189.69774874654973
1801,190.42758467422226
1802,190.09171921727415
1803,188.98585355338966
1804,186.64521688649575
1805,183.42458355773067
1806,180.2239855985522
1807,176.9267103515806
1808,173.37023402639983
1809,169.56338099051527
1810,165.76005673295487
1811,162.22645544184502
1812,159.06427637796412
1813,156.58421441889442
1814,154.979900313121
1815,154.51774912378812
1816,155.0927855324905
1817,156.6330457728708
1818,158.97579293690092
1819,161.8034913897708
1820,164.744357134888
1821,167.6279051562404
1822,170.50294847475502
1823,173.23283463834372
1824,175.60783560066585
1825,177.19864419238309
1826,177.9801155077758
1827,178.0842912732188
1828,177.24447070640724
1829,175.72609800721307
1830,173.79252961093476
1831,171.8331280599267
1832,170.1822132752802
1833,168.75311333062248
1834,167.9109707433546
1835,167.74511907694773
1836,167.587915305915
1837,167.07915000470607
1838,165.92965287463
1839,163.91619547539034
1840,161.04963369507414
1841,157.33130484952977
1842,152.9846169786626
1843,148.2712411303014
1844,143.3302397755022
1845,138.70536805031315
1846,134.429746337575
1847,130.339812998839
1848,126.31969129721978
1849,122.29412921679793
1850,118.11048660835415
1851,114.04681205071248
1852,109.96265719088568
1853,106.09943804929463
1854,102.48970185877653
1855,98.97417697193538
1856,95.6292584141554
1857,92.34260364058073
1858,88.93805617094938
1859,85.58816865765891
1860,83.01017652039249
1861,80.8089706101546
1862,79.14045126883968
1863,78.01111515516186
1864,77.49564614441675
1865,77.36862802501923
1866,77.76176949586198
1867,78.371652521425
1868,79.17650431696038
1869,80.26161080870457
1870,81.28267374421321
1871,82.1279650710901
1872,82.74423438249937
1873,83.12471511782459
1874,82.99452858200762
1875,82.5768928836178
1876,82.27599560527378
1877,82.43146994693976
1878,82.46440942185276
1879,81.89388591191282
1880,81.4684425002888
1881,81.09830673217593
1882,80.87727694054394
1883,80.9523715327596
1884,81.03541109873328
1885,81.48039604962398
1886,82.13007963316065
1887,83.18732676098602
1888,84.71639765822931
1889,86.36666881082326
1890,87.86540516691444
1891,89.43618737468205
1892,91.01144860329714
1893,92.56317361349659
1894,94.07653636911152
1895,95.06960533308822
1896,95.99200550527613
1897,96.84291615995099
1898,98.03067294692198
1899,99.74347912499348
1900,102.28708328217702
1901,105.16400662152326
1902,108.41726623951774
1903,112.1822277546159
1904,116.49812681453339
1905,120.75476433600156
1906,125.07044094648327
1907,128.7615123810029
1908,131.5897632568449
1909,133.53422585862643
1910,134.37346693794643
1911,134.02550747148322
1912,132.56595171867502
1913,130.6120314026429
1914,128.2348039056865
1915,124.92698138043241
1916,121.04719013064833
1917,117.13911803719188
1918,114.05758184429698
1919,112.02063272351394
1920,111.67082657178845
1921,113.78806762059132
1922,118.59123778176931
1923,126.16223432563775
1924,135.72984034779665
1925,146.5237956924309
1926,157.6793575520183
1927,167.89910099146414
1928,177.14708602242155
1929,184.29597545641434
1930,189.6142049237277
1931,192.83505939330547
1932,194.5567117965173
1933,194.75780492436752
1934,194.72223250164188
1935,194.28367611084985
1936,193.60360046677664
1937,192.68151826305322
1938,191.87930674581386
1939,191.59034410566832
1940,192.08610349609262
1941,193.1778250915172
1942,194.94120008767504
1943,196.9514424036767
1944,199.44004699349355
1945,202.7132831799415
1946,206.18078306783684
1947,209.53691190321533
1948,212.8101289312434
1949,216.14044608134816
1950,219.6300100557753
1951,222.22910732015663
1952,223.933854002774
1953,225.2800643385948
1954,226.41153620665736
1955,226.8850394380483
1956,227.00088499318633
1957,227.5113062167025
1958,228.07040324703604
1959,228.98133034760528
1960,229.72439962067014
1961,230.48918462833754
1962,231.4427063450155
1963,231.918129367478
1964,232.00218093283206
1965,231.45864658427513
1966,230.3984871220984
1967,228.32615868930083
1968,225.964660359251
1969,223.21191086120524
1970,220.33957207696693
1971,216.954260568829
1972,213.81804764820356
1973,210.4661960564784
1974,207.01861850086254
1975,203.7092574214666
1976,201.2844325126913
1977,199.55879960018362
1978,199.14523760110924
1979,199.87638599670584
1980,202.02569917772072
1981,205.35169259817025
1982,209.5016207530192
1983,213.8291388271784
1984,218.63298760081204
1985,223.0564729691076
1986,226.18456677141864
1987,228.80952587669273
1988,231.0537281382383
1989,232.53579866218155
1990,233.77236201013565
1991,235.46368531804575
1992,237.83056867974335
1993,240.5617236573173
1994,243.56935357386652
1995,246.18599160126433
1996,249.14855379557298
1997,252.23159061356347
1998,254.4893308065223
1999,256.00696981820164
2000,256.7790543994434
2001,256.83657665777287
2002,256.1802185524923
2003,255.02980717807094
2004,253.43476500023365
2005,251.4703463160335
2006,249.3294932719818
2007,247.0989353866401
2008,245.54602702727783
2009,244.4921912801662
2010,243.13510246975125
2011,242.30615023838948
2012,242.62631121692988
2013,243.3859007743933
2014,244.84191673042602
2015,246.86820512039893
2016,249.0261144567277
2017,251.05399047170584
2018,253.10798800537947
2019,254.41111614617097
2020,254.9277088552533
2021,254.68111578699697
2022,252.98960637117494
2023,249.9224429309935
2024,246.28226221682417
2025,242.3208701709761
2026,237.95905453290703
2027,233.34053330153984
2028,228.94578115057018
2029,225.53891608644153
2030,223.12893634952235
2031,222.01131975978018
2032,221.33021407209293
2033,221.12792201960224
2034,221.35526248000167
2035,221.67843345867232
2036,221.74551146065562
2037,221.31683676285206
2038,220.06421529484226
2039,218.00517432675665
2040,215.0995073146977
2041,211.58902595864606
2042,207.76099170143243
2043,203.79561828265787
2044,199.80763309403267
2045,195.3186003238767
2046,190.55791565281226
2047,185.63486012024543
2048,180.18716737818363
2049,174.25161172609393
2050,168.08986579281253
2051,161.2048404551307
2052,155.21486841134748
2053,147.9495939904967
2054,140.2480789531991
2055,132.82164101102373
2056,125.75960552385492
2057,119.17090902095077
2058,113.68047997278029
2059,109.53183746856652
2060,106.62484233545689
2061,105.30164443985032
2062,104.93061001431678
2063,105.409723634047
2064,106.8146034438509
2065,108.79275803817444
2066,111.52913551941984
2067,114.64443921989402
2068,118.18858671788817
2069,121.91870124080702
2070,126.28301084925388
2071,130.76954773497857
2072,134.89673625353356
2073,138.55827059964273
2074,141.98601971327827
2075,145.07177869632028
2076,148.14698629648268
2077,152.19427481130708
2078,157.46529298195742
2079,164.15873314801178
2080,172.3540484054425
2081,181.9025267391379
2082,191.922166607429
2083,202.36559690365385
2084,212.52533461251716
2085,221.7215499778703
2086,230.03840536719767
2087,237.38352131370496
2088,243.49090232168714
2089,248.5851416972519
2090,252.48791931401877
2091,255.37168367622945
2092,256.99897810511834
2093,257.03666535909923
2094,255.27939535084764
2095,252.1703910810961
2096,248.38972581992059
2097,244.69571371623894
2098,241.32953995144157
2099,238.69071767594565
2100,237.2658037799009
2101,236.39977996799638
2102,235.65878643961423
2103,234.61714224739478
2104,233.05118290458046
2105,231.13172828644977
2106,227.98866226307254
2107,223.57367273776828
2108,218.10541089517207
2109,213.34802309211335
2110,207.49617544181214
2111,201.14592317015578
2112,194.1937200905282
2113,187.65873952143357
2114,182.28482339771273
2115,177.92781778967884
2116,174.9013713456476
2117,173.83367361025591
2118,174.0698752029818
2119,175.28554945970308
2120,177.47993902273882
2121,180.65764587121606
2122,183.9769607123315
2123,187.04332905667872
2124,189.69354367874502
2125,191.6970600686821
2126,193.13180981692216
2127,194.0918303001834
2128,194.63084032466293
2129,195.54244416282347
2130,196.8282421482789
2131,198.48729119658213
2132,200.5060362788329
2133,202.85685959225466
2134,205.5060586004006
2135,208.30833906304755
2136,211.27823521290242
2137,214.2788775759954
2138,216.5646032559195
2139,217.87188234067014
2140,218.4423873182542
2141,218.62795805365184
2142,218.27993155580097
2143,217.33676822811378
2144,216.06154354956465
2145,214.412895922853
2146,212.33777857037413
2147,209.6220218942467
2148,205.53860218077563
2149,200.1045795758583
2150,193.41107137521772
2151,184.1768710276265
2152,173.4676820115921
2153,162.546571193438
2154,151.78515991828
2155,142.00930859183765
2156,133.90092632536906
2157,128.92811964149814
2158,126.93169792428813
2159,127.24026561902247
2160,130.03135430551868
2161,134.69629290888037
2162,140.9830057465604
2163,148.03358787972303
2164,155.59801595071943
2165,163.80953785947833
2166,170.95356192009856
2167,178.66597776131746
2168,186.42127995463056
2169,194.58904501122737
2170,202.3192858581806
2171,209.60525604725086
2172,216.2434294014301
2173,221.9737731247646
2174,226.6710129232652
2175,230.3546578495513
2176,233.12120120970343
2177,234.81126838542573
2178,235.52738155862545
2179,235.18015129168575
2180,234.14744165036237
2181,232.41916899346603
2182,229.69351807382458
2183,226.51532038074748
2184,222.32985417939807
2185,217.3910775622566
2186,211.5833522086125
2187,205.15884351707916
2188,198.3335857571132
2189,190.86831390340905
2190,183.27696853445468
2191,175.69591099148926
2192,168.53822294621023
2193,161.42715056235102
2194,154.41344928922655
2195,147.84871197402367
2196,141.67363549117144
2197,135.83471882657574
2198,130.18770962168242
2199,124.4719473140797
2200,118.73128409815656
2201,113.46241777482831
2202,108.94118881729958
2203,104.84639393664334
2204,101.46111294939243
2205,98.67393118777032
2206,96.2467281747416
2207,94.73159267435805
2208,94.52557100272477
2209,95.50248842544008
2210,97.88944936132683
2211,101.74533244316548
2212,107.0684358397016
2213,113.40906434825763
2214,121.22866915325056
2215,129.96373135170958
2216,139.97707610879712
2217,150.82168640009834
2218,162.1700354876986
2219,173.4535987446733
2220,184.26033963861522
2221,194.26745791155162
2222,203.5641494665513
2223,211.652271119401
2224,219.23313583289047
2225,226.1116344712674
2226,232.44884748651435
2227,238.76772472047787
2228,245.15945892104946
2229,251.34114554543697
2230,257.3018222841429
2231,263.50222140013886
2232,269.3427185621131
2233,274.80823500161097
2234,279.02751722218966
2235,281.66916910234823
2236,282.36141549910343
2237,281.3372036839271
2238,278.5515695875402
2239,274.0877828167237
2240,267.5082811763349
2241,258.66479710449255
2242,247.7372197255326
2243,235.52026727889356
2244,221.76439287410557
2245,207.69540054799091
2246,193.6624259695862
2247,180.07741698865834
2248,166.60793072984708
2249,153.56423505773523
2250,140.6895210981677
2251,129.18838062084913
2252,118.6272219493848
2253,109.63813696578029
2254,101.66051694538982
2255,94.6652047064643
2256,88.87060956330492
2257,84.36355712139957
2258,80.48741787100165
2259,77.16128791021298
2260,75.02712110798643
2261,73.87338263933935
2262,73.64064807766235
2263,73.93280758090077
2264,74.64449128123312
2265,76.23281306642681
2266,78.54914381976494
2267,81.46909640453805
2268,85.10957889482545
2269,89.3692760853435
2270,94.31340283614958
2271,100.25737575771184
2272,106.89755000806989
2273,114.26160555988554
2274,121.84412449147841
2275,129.6882540717047
2276,137.34193420366395
2277,145.1523918696251
2278,152.69956348931333
2279,160.53468486530156
2280,167.3512404624113
2281,174.36156793496355
2282,181.41107245252664
2283,188.39416778090055
2284,195.38571077658742
2285,202.19355136294274
2286,208.24120848116047
2287,213.25741060022276
2288,217.2417566033609
2289,219.49749326329106
2290,220.85670818288895
2291,221.60324675837003
2292,221.5737513970443
2293,220.94756465993564
2294,220.17527295471683
2295,219.8467807503929
2296,219.75892024905244
2297,219.95384382963346
2298,220.38154296510857
2299,221.0312961852228
2300,221.54024001963936
2301,222.2614161471432
2302,223.12228464087315
2303,224.11017541325052
2304,225.05588808089004
2305,226.40222498348444
2306,228.2544311954931
2307,230.62675978404303
2308,233.99066116809087
2309,238.24485868310475
2310,243.54449184811995
2311,249.3998082009198
2312,255.27913970661547
2313,260.7439447071687
2314,265.4652746746701
2315,269.38034914941977
2316,272.42224890107
2317,274.22767721624024
2318,275.08373434187996
2319,275.4703506340725
2320,275.0324339567551
2321,273.87168825934157
2322,271.6980194449374
2323,269.0104522503749
2324,265.80540392555747
2325,262.2726403889941
2326,258.3426627960233
2327,254.21058735207293
2328,250.37407004229263
2329,246.13518593675488
2330,241.95961115175095
2331,237.52786695971704
2332,232.67605361326227
2333,227.2507384543402
2334,221.5644762671314
2335,216.11873651053298
2336,210.69021238488838
2337,205.96739639557757
2338,201.24297606100777
2339,196.77223743218252
2340,192.35508631504214
2341,187.97760444660304
2342,184.35314324317656
2343,181.65522545866662
2344,179.59689869502864
2345,178.45657684620312
2346,178.25845643298481
2347,179.1442667088504
2348,180.662245875449
2349,182.2344793497433
2350,184.05777527740855
2351,185.96398073952986
2352,187.33716990378744
2353,188.35719196063422
2354,189.3100305393362
2355,190.2729869382357
2356,191.41220625789924
2357,192.65622140835944
2358,193.97599393495207
2359,195.42009823863708
2360,196.08542399187274
2361,196.25994717112502
2362,195.670329474658
2363,194.24517552360098
2364,192.43465188061975
2365,190.2206580665228
2366,187.7531786265607
2367,185.16655655646343
2368,182.53598893268395
2369,179.92675123606853
2370,177.71825957035736
2371,175.54582313933219
2372,173.80887958292365
2373,172.1849900478382
2374,170.91328026538545
2375,169.49293260252966
2376,167.44307575943236
2377,164.50245835928874
2378,160.67130913987847
2379,156.09574016838422
2380,151.24167887895763
2381,146.27189196745664
2382,141.41517654285667
2383,136.85444130199016
2384,132.63194897539495
2385,129.43244523880577
2386,126.96616989366316
2387,124.67523204354111
2388,122.75871438169466
2389,121.0810313320891
2390,119.9604438399393
2391,119.31223600601862
2392,118.81654141141767
2393,118.3813229976199
2394,118.00268297761582
2395,118.18261117632767
2396,118.39800020999263
2397,118.98526767584536
2398,119.55815020520436
2399,120.00029011073238
2400,120.6493179674758
2401,121.97809510114888
2402,123.89260472256332
2403,127.02102285938074
2404,131.0501118705542
2405,135.81448346560927
2406,141.46958286803
2407,147.5283443196908
2408,153.7129753224208
2409,159.5763805946702
2410,164.92824553786113
2411,169.39178983679153
2412,172.66611702419135
2413,175.30683351690948
2414,177.50308463835597
2415,179.51540450185553
2416,181.47151930908916
2417,183.6207711202767
2418,186.24689172579502
2419,189.5562181211743
2420,193.41191335643956
2421,197.43425101915255
2422,201.64774360829003
2423,205.82972294288567
2424,209.73845068462808
2425,213.86724405054227
2426,218.21065238141279
2427,222.61194541209665
2428,227.36157107562818
2429,232.34789439099433
2430,237.2027225397024
2431,241.21072988908418
2432,243.6047774105603
2433,244.16759665613785
2434,241.86409829366215
2435,236.0360537167436
2436,225.84379360484505
2437,212.2618655907047
2438,196.40264986792252
2439,179.40238252279687
2440,162.60123221215736
2441,146.38251390150214
2442,132.4904159312806
2443,120.69998037689824
2444,111.04378034930994
2445,102.87485888548565
2446,96.01705519997074
2447,90.52412288861274
2448,86.27197313427409
2449,83.27321709507581
2450,81.61349494553106
2451,80.16953667542714
2452,79.69886500980004
2453,80.12121747719145
2454,81.4781878205221
2455,83.5623921332122
2456,86.2279924288609
2457,89.30158753092735
2458,92.86467784469302
2459,97.06203704386431
2460,101.7852089902555
2461,107.29237570835537
2462,113.39065972011956
2463,120.09509229778664
2464,127.04622441398858
2465,134.2960678420329
2466,141.7582876019551
2467,149.16422907023292
2468,156.26191989998105
2469,163.0513017859554
2470,169.47741898078812
2471,175.50064162866232
2472,181.1058769260224
2473,186.46191118004265
2474,191.49877374806502
2475,196.26051759017423
2476,200.74531298159633
2477,204.92824205536817
2478,209.23873889306253
2479,213.61432823366363
2480,217.65202295530878
2481,221.44906831757254
2482,224.9856720712039
2483,228.0750737941841
2484,230.7847526692422
2485,233.14476504957173
2486,235.41538268947355
2487,237.34458516222958
2488,238.69268406496366
2489,239.34223405825395
2490,238.49887377380367
2491,235.83500868440586
2492,231.00582830621772
2493,223.59833718542416
2494,214.23813008397082
2495,203.71517424538678
2496,192.59263724998084
2497,181.62301295171574
2498,170.92031661039022
2499,161.5035800166564
2500,153.46563182435978
2501,146.12766481583282
2502,139.23388917555417
2503,133.0428298129475
2504,127.30376551511958
2505,122.40397015261195
2506,118.25510020686488
2507,115.01427482955512
2508,112.19475675129564
2509,109.76293352548312
2510,107.66576622279322
2511,105.36699327876912
2512,103.14724640524263
2513,100.92729460998882
2514,98.66748866043454
2515,96.90139327725942
2516,96.6244162145293
2517,97.82444349319334
2518,100.42587910756447
2519,104.7295811913747
2520,110.07220666915521
2521,116.36473338052187
2522,123.60672618837185
2523,132.418736383396
2524,142.93040562545485
2525,154.84541273752654
2526,167.55936394504243
2527,180.03355229808864
2528,191.85892151049666
2529,202.01653204883405
2530,210.35315742374766
2531,216.58970205965863
2532,220.73617821012112
2533,222.34520389706438
2534,221.31253500337252
2535,218.32305430600496
2536,214.0692845616519
2537,208.82983150367613
2538,202.99353697617317
2539,196.63335621779248
2540,190.18497144208357
2541,184.02170801756006
2542,178.9442191434685
2543,174.74902660801388
2544,171.67523975601424
2545,170.15359814099912
2546,169.27163311892122
2547,168.38328511022735
2548,167.57756011360584
2549,166.80267293038952
2550,166.02917373997448
2551,164.87056090418082
2552,163.44937952079226
2553,161.7784736016156
2554,159.7982462258288
2555,157.27782666154962
2556,154.06682219757198
2557,150.42216519067563
2558,146.19278245047792
2559,141.57870500334474
2560,136.55657430835288
2561,131.0558334687963
2562,125.73465356807174
2563,120.63288021453033
2564,115.83201312951721
2565,111.65525876555579
2566,107.70121199857583
2567,104.88606925844462
2568,102.94240493060002
2569,102.4477806701957
2570,103.59397724010304
2571,106.46534245921157
2572,110.97269362564573
2573,116.27858170850439
2574,122.03966129956974
2575,128.33614854664364
2576,134.86506564516606
2577,140.94878626860222
2578,146.19262484144141
2579,150.6630686602034
2580,154.74996957224596
2581,158.43609779921002
2582,162.32588505763144
2583,165.45583384016314
2584,168.35365019692037
2585,170.92540930078067
2586,173.04115451761527
2587,173.89907897467793
2588,173.98587791710963
2589,173.74559853137015
2590,172.8065516179129
2591,172.51877800469128
2592,172.53089759911842
2593,172.8529967813836
2594,172.93683811689186
2595,173.82534266603824
2596,175.1544902278946
2597,176.56910308301156
2598,177.7885673187307
2599,179.29472379652856
2600,180.23832578408985
2601,180.30227749581314
2602,179.4931130866098
2603,177.57061010980277
2604,174.7773613534073
2605,170.7872539006728
2606,166.0213943068157
2607,160.45523403548572
2608,154.21955402502022
2609,147.67560507104636
2610,140.87542496797442
2611,133.84019754437784
2612,127.0717448088146
2613,120.85094741138124
2614,115.22946419425217
2615,110.31713369680438
2616,106.03488490619057
2617,102.49659852923973
2618,100.21160634707384
2619,99.30394350269387
2620,99.48092605534151
2621,100.33948873439982
2622,101.08643826518056
2623,102.72093428357792
2624,105.0954615945914
2625,108.03732739981801
2626,111.35371402527205
2627,115.02837446747668
2628,118.75878623577107
2629,122.50908579119107
2630,125.61804973445626
2631,128.58956814715089
2632,131.2831567974003
2633,134.375952623147
2634,138.0183604106194
2635,142.72918652003125
2636,148.1953281218202
2637,154.10088904625854
2638,160.14436572148315
2639,165.97564752353176
2640,171.20087131253868
2641,176.38166110339006
2642,181.12305343279778
2643,185.73209125334353
2644,190.50553473369277
2645,195.40633626162037
2646,200.5183666824896
2647,206.1631402892206
2648,212.0367389636281
2649,217.99808540432477
2650,223.62457091192064
2651,228.4050571373218
2652,232.54778100921362
2653,236.01746589238738
2654,239.21040763736556
2655,242.2508577447215
2656,245.14165678821814
2657,247.96791966807803
2658,251.30960877130343
2659,255.67537072592415
2660,260.46886957219743
2661,265.39731998900095
2662,270.183108534681
2663,274.090146632557
2664,276.9594545481797
2665,278.54368327205316
2666,279.0723556274652
2667,278.47038743966806
2668,276.80234497464767
2669,274.1660935252693
2670,270.8950115329206
2671,266.9445432496386
2672,262.640173593576
2673,258.0185166491384
2674,253.57072534146488
2675,249.009168826465
2676,244.32071153221824
2677,239.0517724799186
2678,233.21712329740149
2679,228.14097850861162
2680,222.37762078892484
2681,215.59906572420425
2682,207.80931952477857
2683,199.39164320069096
2684,190.60214280030544
2685,181.81426633822406
2686,172.88421512217286
2687,163.9744649275571
2688,155.47505096602873
2689,147.00408337755553
2690,138.42388733064212
2691,129.80827026614793
2692,121.30567585872288
2693,113.13784827595626
2694,105.75099780972823
2695,99.20596096660395
2696,94.14497750600933
2697,90.445378672665
2698,87.8263702050395
2699,86.7152213301814
2700,86.6739724068157
2701,87.73341105478784
2702,89.73840217672839
2703,92.66318922995427
2704,96.38627117502007
2705,100.93338064642046
2706,105.98134166261892
2707,111.57069300622805
2708,117.95021618378246
2709,125.33860580035659
2710,133.12999704837665
2711,141.09038505856643
2712,148.9304271055529
2713,155.79775992137888
2714,162.01211503930986
2715,166.82601859490117
2716,169.88500298049982
2717,171.06745058960885
2718,170.24615929111388
2719,167.46488785407843
2720,162.61729716740234
2721,155.49538222942869
2722,146.89772769654172
2723,137.10334390479326
2724,127.68432903004901
2725,118.85840286786947
2726,111.01472136641664
2727,105.4973816461063
2728,102.1958912703576
2729,100.3643213643087
2730,99.84179591932845
2731,100.12998503895875
2732,101.23270777136045
2733,102.73181782482443
2734,104.53312182033596
2735,106.45243300966612
2736,108.12223374438337
2737,110.40689816675237
2738,113.20719149973411
2739,116.69185027099094
2740,120.839702603522
2741,125.49061102975995
2742,130.75807717308075
2743,136.68694939596966
2744,143.72737783128872
2745,151.1913071497209
2746,159.06367941695606
2747,166.95137758275726
2748,174.96493126383342
2749,183.17016074553595
2750,191.2615782201085
2751,199.03741402853217
2752,206.31971225073693
2753,212.8223579880826
2754,218.62040987412252
2755,223.7637874842887
2756,228.4408255249387
2757,232.36953379003552
2758,235.60505242551403
2759,238.1914774276393
2760,240.38228337976943
2761,242.49274741518667
2762,244.439973366701
2763,245.85006302731549
2764,246.8655234031637
2765,247.1435837414004
2766,246.65436236075158
2767,245.6281516726962
2768,244.25903706654773
2769,242.4102546056746
2770,240.1455526323159
2771,237.46508460324958
2772,234.69593436136688
2773,231.81720369600015
2774,229.36424160519178
2775,228.17764316748614
2776,227.78386758355583
2777,228.37657590139713
2778,229.95695072075358
2779,232.3860984405552
2780,235.36574910165103
2781,238.67122830986168
2782,241.61901940901313
2783,244.1549871543923
2784,245.53457614944006
2785,245.73722020783157
2786,245.02229490598552
2787,243.8953502691187
2788,242.1359751012273
2789,239.77797999029596
2790,236.77432673498834
2791,233.24874567572434
2792,229.16918089795882
2793,225.6199595413028
2794,221.50945326513806
2795,216.93875489306748
2796,211.75194259073322
2797,206.32628393654144
2798,201.6338281320496
2799,197.53202353387258
2800,194.54490513802443
2801,192.12435827612367
2802,189.90894918740653
2803,187.86293530495595
2804,185.13797866273904
2805,181.4536658614051
2806,176.95171424677176
2807,172.26646868708013
2808,166.90724773367458
2809,161.51848969618203
2810,156.1767524229853
2811,151.24309884910417
2812,146.387995379836
2813,141.76224581985988
2814,137.28471412919785
2815,133.02758471303838
2816,129.1439219500068
2817,126.2298822531697
2818,123.98341249471054
2819,122.70887452649956
2820,122.33988434925942
2821,122.96267508110631
2822,124.36022870846537
2823,126.57452683210711
2824,129.24024012886323
2825,132.4883390875786
2826,135.75486637779218
2827,139.06015999029682
2828,142.8496024560077
2829,146.84420437794205
2830,150.09878873722084
2831,152.67591824997618
2832,154.7728514790191
2833,155.8149625528232
2834,155.62488728663368
2835,154.19171009878085
2836,151.7507761790893
2837,148.4866262007086
2838,144.8015201909727
2839,140.95729366594733
2840,136.85780605958342
2841,133.13343373647575
2842,130.2532222995929
2843,128.04171033397387
2844,126.38369847644464
2845,125.67369435171952
2846,125.97895225551707
2847,126.98970925201586
2848,128.79591664629868
2849,131.08354620318283
2850,133.07378391767205
2851,135.31028827199896
2852,137.96776890927237
2853,140.47574177875788
2854,142.43949772771484
2855,144.64164908695898
2856,146.61318793934663
2857,148.2363195095918
2858,149.3443278660551
2859,150.1591516977751
2860,151.08533540257065
2861,152.24824667195475
2862,154.11495562677138
2863,156.4847829202929
2864,158.73966966982948
2865,161.1397405353435
2866,163.38787148820896
2867,165.33955866376982
2868,167.1647608273122
2869,168.8937324591821
2870,171.00670910926257
2871,173.81985632179988
2872,177.18081235710036
2873,180.50634510248307
2874,183.9455304190786
2875,187.30030044775617
2876,190.1920321073952
2877,192.37312732397842
2878,193.62931879232895
2879,193.31593534231547
2880,191.932258035521
2881,189.6939817492464
2882,186.86689992561318
2883,183.26188295115765
2884,178.80897621786613
2885,174.02163923262611
2886,168.71966424861094
2887,162.88984622524714
2888,156.849780045403
2889,150.98253742016442
2890,145.1953805061509
2891,139.80671086832314
2892,134.4301320218203
2893,129.24035663254966
2894,124.23105412064763
2895,119.30107668427031
2896,114.49589342686622
2897,110.10548911026255
2898,106.52665865301114
2899,104.22693758266936
2900,102.94876889419692
2901,103.02102195493467
2902,104.10350418096239
2903,106.28321130038006
2904,109.67701337777277
2905,114.08094977109009
2906,119.00166221495698
2907,123.28268204112118
2908,127.87068830377535
2909,132.64830480352464
2910,137.4438739461931
2911,141.82543891842522
2912,146.1981387927362
2913,149.63001897435856
2914,151.86350515193428
2915,153.27060914003346
2916,153.657990588457
2917,153.14083956216916
2918,152.16134570525196
2919,150.54746806820123
2920,148.80707337321383
2921,146.66275227999694
2922,144.53710964331103
2923,142.60955748866596
2924,140.4731699541904
2925,138.36667143186122
2926,136.3426955163822
2927,134.50835148456687
2928,133.3682903262875
2929,132.08403801504065
2930,131.09309409460002
2931,130.0809857412872
2932,128.83054928716166
2933,128.04937027178266
2934,127.50686050321642
2935,126.64077538391149
2936,125.75170363652217
2937,124.74762069264705
2938,123.37975106721467
2939,121.91863666337542
2940,120.06036647636893
2941,117.74841643914354
2942,115.46756859488184
2943,113.32581695142952
2944,111.52785707245803
2945,110.36491983181267
2946,109.30480256071797
2947,108.30537947614229
2948,107.77934411909385
2949,107.68200090018604
2950,108.0027220105998
2951,108.67175478313528
2952,109.74787603405952
2953,111.18365463022829
2954,113.01333235244331
2955,114.92670716182403
2956,116.59382484819798
2957,118.4118847857953
2958,120.1995812798412
2959,122.0026825095532
2960,124.03913082581315
2961,126.80053950708536
2962,130.38600871019372
2963,135.05519807873043
2964,139.11739282935733
2965,144.16921075383465
2966,149.99785983707775
2967,156.40110451532937
2968,163.3074272024749
2969,170.7592792440271
2970,178.46850594246285
2971,186.5317310949782
2972,195.46029677806996
2973,204.478094051941
2974,213.79757787874468
2975,222.90553426054393
2976,231.93902555139252
2977,240.2158076000332
2978,247.0883377540549
2979,252.8814401735945
2980,258.27005710638775
2981,263.22223333730176
2982,267.7670864176988
2983,272.3183049481242
2984,276.76465865136555
2985,280.77677443745245
2986,284.3923312664458
2987,287.74274785463945
2988,290.02105680865895
2989,290.8143116424411
2990,290.2749279164972
2991,288.16285880516625
2992,284.44601439008994
2993,279.90867489993275
2994,275.20912782805135
2995,270.619273589913
2996,265.8988235417536
2997,261.85081055488297
2998,258.5936397624985
2999,256.10651872250344
3000,254.29423368704468
3001,252.65914763104234
3002,251.0011274516333
3003,249.47026871452155
3004,247.52864866770852
3005,245.15298977614626
3006,242.17961411949784
3007,238.55153817271716
3008,234.5949511112041
3009,230.54387325340753
3010,226.54531398986666
3011,222.59739255731586
3012,219.37791581362788
3013,216.63143025374615
3014,214.35116671554397
3015,212.64223185463874
3016,211.73034017790252
3017,211.74459712798685
3018,212.54186682731344
3019,214.12986481164853
3020,216.27150793067636
3021,218.13473744423055
3022,220.52106178641128
3023,223.4254596363414
3024,226.8719536385437
3025,230.58221854020314
3026,234.29700324564857
3027,237.76645234274844
3028,241.00660034782015
3029,244.2347312099218
3030,247.38697121365664
3031,250.05913971233915
3032,252.62295736466297
3033,254.96439846341198
3034,257.2137378157632
3035,258.5822024834724
3036,258.91318469267276
3037,258.04465971376317
3038,256.34731128174536
3039,253.82423808597486
3040,251.01873582821509
3041,247.43391817321242
3042,243.13764204225748
3043,237.97022664179838
3044,232.08178391412542
3045,225.582904859626
3046,217.8044288339251
3047,209.53578432122484
3048,201.0842123738379
3049,192.76458967302221
3050,184.8853517712502
3051,177.2924341452245
3052,169.6699680398728
3053,162.18637247287688
3054,154.70190732211074
3055,147.1269485249643
3056,139.4071360295248
3057,131.78316479942242
3058,124.6042813084311
3059,118.29603131713276
3060,114.0192499483952
3061,111.8364876851089
3062,112.15654840336177
3063,115.13464317755083
3064,120.05172267954067
3065,125.82571360358602
3066,131.79669315999345
3067,137.35711850327397
3068,142.1425951365335
3069,145.57111633452064
3070,147.75465453703623
3071,149.07085704562093
3072,149.87284817724088
3073,151.05316361478486
3074,152.3380801523548
3075,153.71810628166563
3076,155.3600604735649
3077,157.57689939419052
3078,159.5055492551348
3079,161.92205666268524
3080,164.68085076632053
3081,167.7741583115101
3082,171.24411375900067
3083,174.62595679356087
3084,178.00637171441764
3085,181.244127498569
3086,183.9910616411728
3087,186.42712823539208
3088,188.3562127717311
3089,189.96772884222992
3090,190.86842935880836
3091,191.24837743753235
3092,191.2334642223171
3093,191.396273053387
3094,191.8576274226249
3095,192.93704348639352
3096,194.24046367879203
3097,195.91001388263953
3098,198.32126650431258
3099,201.07823820908723
3100,204.33900969628885
3101,208.0005218833661
3102,211.42540658298648
3103,214.17513659896758
3104,216.29071672149
3105,218.16513877266647
3106,219.56122778822692
3107,220.36676695839253
3108,221.01467575865902
3109,221.95431472501974
3110,222.77097930577355
3111,223.71248523449884
3112,224.48354091760388
3113,225.01580096428123
3114,224.92523867223318
3115,224.66352262617795
3116,224.1212087467921
3117,223.15671152558235
3118,221.9995624715922
3119,221.00799631926503
3120,220.08489108761432
3121,219.3511903499643
3122,218.67528703203328
3123,218.14944523790444
3124,217.50843473710609
3125,216.44595345077047
3126,214.72003657291214
3127,212.5206233109114
3128,209.71872105015544
3129,206.60249137155864
3130,202.65571451687794
3131,198.46571104592732
3132,194.5766047163304
3133,191.23624012261809
3134,188.795536909534
3135,186.67212511415084
3136,185.4523205137357
3137,184.32102338467467
3138,183.32401195517178
3139,182.39021308387933
3140,181.4346992807783
3141,180.24040826804253
3142,178.77400467094049
3143,176.45607965839827
3144,173.28559056920676
3145,169.00905405644477
3146,164.1523761417839
3147,158.81260684693285
3148,153.2180171571786
3149,147.44311048232726
3150,142.09043648609554
3151,137.1700030568438
3152,133.43096147350258
3153,130.5711097826525
3154,128.89148104063955
3155,128.85705445268025
3156,130.2529434198984
3157,133.18893944011188
3158,137.17489560633192
3159,141.4895165309855
3160,146.1478815077972
3161,151.62840680019843
3162,157.66238480215486
3163,163.5908050530212
3164,169.1479586007424
3165,174.15788083655133
3166,178.41167930907125
3167,182.030760559609
3168,185.35064224231428
3169,187.88623930724376
3170,189.6652753695543
3171,190.9028923016986
3172,191.22993079662493
3173,190.58897514554278
3174,189.08016261766323
3175,186.62892822348482
3176,183.039198388835
3177,178.5764506099276
3178,173.4698200535267
3179,168.18481782265354
3180,163.37048474075755
3181,159.30206222549594
3182,156.1812087079436
3183,153.946508044748
3184,153.0639892694942
3185,153.32631974847857
3186,153.62581638066519
3187,154.22921965842608
3188,154.64896806173002
3189,154.58729477309927
3190,154.2641869110743
3191,153.97596799515242
3192,153.7252175383004
3193,153.36699952267247
3194,152.62477988836363
3195,152.05649118949384
3196,150.6675500043948
3197,148.17695745381582
3198,144.65983006693796
3199,140.041672460126
3200,134.44898564006843
3201,128.85022413290446
3202,123.47637297391137
3203,118.38312885456261
3204,113.62805337864062
3205,109.76058139606036
3206,106.76954316925566
3207,104.11422482417994
3208,101.93192688333843
3209,101.1531996924137
3210,101.15662534565251
3211,101.78041852485305
3212,103.23785893492808
3213,106.05156501656677
3214,109.97784354673784
3215,115.37468251807334
3216,122.1316452433785
3217,130.36063323827847
3218,139.68390203005143
3219,149.81198260586507
3220,160.23130321130088
3221,170.76780213333024
3222,181.22692265835838
3223,191.12447660862944
3224,200.21632839479372
3225,208.38549660129308
3226,215.42427701012144
3227,221.2347231493032
3228,225.88920679415025
3229,229.26053590646148
3230,231.21084926774503
3231,232.01498249011752
3232,231.3787537846261
3233,229.63558874879686
3234,226.6648321348664
3235,222.81402214238778
3236,218.44380041662464
3237,213.55284295211345
3238,208.1335654813571
3239,202.2509252972032
3240,196.25312311467067
3241,190.31160892828132
3242,183.98306389741697
3243,177.31918743267556
3244,170.73286852851732
3245,164.08077537508206
3246,157.74804118790627
3247,151.6248145487137
3248,146.53524738696672
3249,142.10732395624686
3250,138.8009854590538
3251,136.93224907664268
3252,136.7202877606071
3253,138.00025891062694
3254,140.5034526210367
3255,143.74724033448308
3256,146.83701072878142
3257,149.93718124176576
3258,151.92917775463002
3259,153.04601805810688
3260,153.12820194260712
3261,152.67192144397262
3262,151.9371617750631
3263,150.65228953281837
3264,148.72534792726384
3265,146.7053547453251
3266,143.95756368240717
3267,141.26789490936943
3268,138.45865494229218
3269,135.69925740667716
3270,133.568552260746
3271,132.3095208004784
3272,131.54920009483976
3273,131.63643606641375
3274,133.11987676230729
3275,135.79317226331196
3276,139.4766325326329
3277,144.23649496646954
3278,150.01166379281543
3279,155.81548341450662
3280,161.85529290583017
3281,168.68656987876204
3282,175.951771803745
3283,183.6487750610092
3284,191.58435382738162
3285,199.87065174077935
3286,207.56506884882646
3287,214.42757415065063
3288,220.05892505943473
3289,223.48237157068823
3290,223.5735647757924
3291,220.05636580484435
3292,213.42538932173727
3293,204.6333130635808
3294,194.35536630899037
3295,183.628831028307
3296,173.15955123296794
3297,163.55786964002783
3298,154.83099745652538
3299,146.93962716245548
3300,139.97108933635155
3301,133.63550994967414
3302,128.01010995417943
3303,123.21107266474581
3304,119.07979743976378
3305,115.49964682281733
3306,112.3849157860739
3307,110.17928814558712
3308,108.68387901188427
3309,107.77023960261117
3310,107.72407500597203
3311,108.76495685021523
3312,110.45215141995595
3313,113.09438208603403
3314,116.98756901979755
3315,122.1545967412435
3316,128.47786656054905
3317,135.69586356299706
3318,143.07397611206403
3319,150.63056900495576
3320,158.32647796350005
3321,165.94345391369077
3322,173.16747852030625
3323,179.82568782058803
3324,186.1472164168012
3325,192.13749049447455
3326,197.83656058327216
3327,203.46930414295832
3328,208.51016240666385
3329,213.1661079703561
3330,217.48223012863033
3331,221.61711426978817
3332,225.41831354133438
3333,228.86982336612675
3334,231.53964026154705
3335,233.9165019561986
3336,236.14660990173115
3337,237.6880221341516
3338,238.37330590776386
3339,237.9423879894739
3340,236.85147059146726
3341,235.44878701384067
3342,233.53775143618566
3343,230.82953100696818
3344,227.10811429537353
3345,222.05090527491103
3346,215.40906965997556
3347,207.0614564913268
3348,196.72537245720085
3349,185.5612166086421
3350,174.18341786417793
3351,163.89758132675348
3352,154.903736429161
3353,147.45410045646136
3354,142.99174108428895
3355,140.3040584418216
3356,138.96817667700802
3357,138.9512564196493
3358,139.55477250394932
3359,140.86135758449544
3360,143.47856096406406
3361,147.08531530235817
3362,151.4133276765428
3363,155.17869844208337
3364,159.71668769171617
3365,163.63486508145877
3366,167.08834013515303
3367,170.49468763459964
3368,174.11607794526572
3369,178.17350969000233
3370,182.5636745532455
3371,186.51115815165554
3372,189.33333802457807
3373,191.34009750594237
3374,191.73153387836106
3375,190.68515406241244
3376,188.70624952954893
3377,185.55908807895236
3378,181.92084892186045
3379,178.2249699339684
3380,175.58540286034128
3381,174.71677097491133
3382,175.21715525686852
3383,176.7271865479986
3384,179.31733027338908
3385,181.9614380686525
3386,184.13787013540463
3387,185.77529820555594
3388,186.7898847840347
3389,187.38739219603173
3390,187.0218763881951
3391,185.86155187734303
3392,184.20284494083654
3393,181.70101313951199
3394,178.7468254023202
3395,175.02249762817053
3396,170.8669702709321
3397,166.56185467510176
3398,161.58761551809272
3399,155.9207290551825
3400,149.9809862925274
3401,143.70494561058786
3402,137.92666369213617
3403,132.67297186874288
3404,128.37083602784833
3405,125.029749505599
3406,122.50220751612235
3407,120.81199001330324
3408,119.72216942776282
3409,118.9741369287642
3410,118.65280369386298
3411,118.40998711620013
3412,118.52395606086094
3413,118.49806763182482
3414,118.47584187854466
3415,118.36059936556822
3416,118.1803921676099
3417,118.01115483838154
3418,118.11989104817286
3419,118.43623988464427
3420,118.7114633723744
3421,119.27083887561716
3422,120.53496171107642
3423,122.77847272704639
3424,125.48416872175679
3425,128.94988767000297
3426,133.27759740227057
3427,137.8938736966192
3428,142.7124198015967
3429,147.51022612059626
3430,152.63423623328697
3431,157.74638761915855
3432,162.8309442250999
3433,168.15608533383335
3434,174.40749089413453
3435,181.23458533063246
3436,188.91753494758711
3437,197.15257814011568
3438,205.302737581764
3439,213.20034868534384
3440,220.5320195829217
3441,226.73694078937626
3442,232.2115635576181
3443,236.45899413005085
3444,239.50296194035678
3445,241.29874182155675
3446,241.7536566295437
3447,241.57652781858005
3448,240.7971065422931
3449,239.84097454813275
3450,239.32173993977068
3451,239.44786270891387
3452,240.2028522435446
3453,241.55029753090292
3454,242.83654841654987
3455,243.9780453639541
3456,244.99756497482065
3457,245.22939669305495
3458,244.96353668884305
3459,244.32487549092292
3460,243.71741753075338
3461,242.47077567367353
3462,240.4959873658134
3463,237.93672865815466
3464,235.09445651184228
3465,232.25283713723397
3466,229.66138241826957
3467,227.72760128049345
3468,226.37189776522808
3469,226.0347943314536
3470,226.37055492353096
3471,227.32396797828258
3472,227.90300964914786
3473,228.22205446894202
3474,228.3245936080977
3475,228.18874385993948
3476,227.74782377561297
3477,227.36422330224892
3478,227.18048411612958
3479,227.20600301727256
3480,227.20056523121647
3481,227.50744776020736
3482,228.2384764399501
3483,229.46507630195316
3484,231.62359557502964
3485,233.90658033061655
3486,235.76058609764044
3487,237.14033074119862
3488,237.71499942338866
3489,237.66618142677024
3490,236.5486402925582
3491,233.9594907096683
3492,230.3526714845647
3493,225.6462617591876
3494,220.09686420662754
3495,214.2713033146806
3496,208.33513147513668
3497,202.366228421588
3498,196.53634122010558
3499,191.39624885846945
3500,187.32907286936833
3501,183.93635222597283
3502,181.04089303897547
3503,178.51223368115367
3504,176.19980167956305
3505,173.847908221338
3506,170.88574989173483
3507,167.69813518348815
3508,164.15413988200964
3509,160.85713596215857
3510,157.9958418931927
3511,155.96712422866892
3512,155.0154039478531
3513,154.35565068225446
3514,154.0093092869813
3515,153.18522740519302
3516,151.33970232609232
3517,147.99952298304459
3518,143.22420855228293
3519,136.82568268456956
3520,129.0985453724391
3521,120.73574395482787
3522,112.64365516361829
3523,105.39762945291213
3524,99.59405620359894
3525,96.06566722498619
3526,94.79866521969298
3527,96.37213349931713
3528,100.44612459598406
3529,106.3535324482142
3530,113.75745301494322
3531,121.89975027674848
3532,130.86432704638668
3533,139.84464435336545
3534,147.65752041043694
3535,155.29447957868018
3536,162.02985494331003
3537,167.36990621029764
3538,172.3129044109411
3539,176.5264541978442
3540,180.13208623221288
3541,183.2711312207329
3542,186.38236284913847
3543,189.3953024252168
3544,192.86360843648646
3545,196.6474149289254
3546,200.47858772690995
3547,204.5763352294898
3548,208.626641365953
3549,212.05348054667883
3550,214.95624458267025
3551,216.7023900974158
3552,217.0146453910729
3553,215.7454630582752
3554,213.47321714993245
3555,210.16194353313324
3556,205.6044671073115
3557,199.54759374397244
3558,192.5516197850763
3559,185.13051595848185
3560,177.56743584870594
3561,169.83603891630216
3562,161.1507408282762
3563,152.17083065026736
3564,143.4653430512959
3565,134.63235631621419
3566,125.88416588515358
3567,117.67584095001601
3568,110.03086088492162
3569,103.0096367724988
3570,97.13475081291304
3571,93.06135789601524
3572,91.27033579145362
3573,92.12138131909944
3574,96.40233394020257
3575,103.82026547299685
3576,114.4419524143259
3577,127.88109161740364
3578,142.8970958488651
3579,159.22294679604283
3580,175.5227675940505
3581,190.61011384757052
3582,203.37551063770917
3583,213.6499495637368
3584,221.72339162699438
3585,227.95443611929522
3586,232.46738340205087
3587,235.2370959042299
3588,236.88057967205935
3589,237.7091285426824
3590,237.30184221377243
3591,236.94750310762075
3592,235.3022059478061
3593,232.7587861308403
3594,228.99927779345086
3595,224.4554608494363
3596,219.33328812391846
3597,213.6732430571356
3598,207.81450146489829
3599,201.9029393181335
3600,196.16586554655822
3601,190.4847917864551
3602,185.17929606220466
3603,179.824427314248
3604,175.0675727788857
3605,170.87058465870638
3606,166.708297986641
3607,162.68116139330635
3608,158.89982118386928
3609,155.3720286485842
3610,152.18201686004477
3611,149.31181406909292
3612,146.60027110870354
3613,144.2611274349977
3614,141.8469983546641
3615,139.27574272529867
3616,136.35539937430303
3617,132.94950388692095
3618,129.61233720007596
3619,126.17718746981029
3620,122.27704986856146
3621,118.30811373484232
3622,114.26107639074004
3623,110.03211378664025
3624,106.30659230642948
3625,103.0465456732852
3626,100.51246611772785
3627,98.50256747990221
3628,97.06900145533649
3629,96.55222793201978
3630,97.32726077558758
3631,99.41748503751558
3632,102.6599832263813
3633,107.5812596010083
3634,113.77284600661935
3635,120.88476262229972
3636,128.4841576794052
3637,136.15554434166182
3638,143.68633835965719
3639,150.44163627406053
3640,156.32239737860124
3641,161.22499969339788
3642,164.48810400548504
3643,167.19555934498186
3644,169.2668365758334
3645,170.70240994481213
3646,171.29628217569459
3647,171.79575284970412
3648,172.23029233609242
3649,172.65959560790196
3650,173.7321594355817
3651,175.58849691590527
3652,178.4513382756202
3653,182.27803211064366
3654,187.09524044005286
3655,192.3857722959101
3656,197.38327923258487
3657,201.44445417748886
3658,204.11725186020402
3659,205.07833475513078
3660,204.36440595181767
3661,202.52612122304643
3662,199.8075962519752
3663,196.73703019698812
3664,194.09422022011074
3665,192.03987361092476
3666,190.72993801458477
3667,189.712764439434
3668,188.419109385607
3669,187.12334214418416
3670,186.09099098053412
3671,185.11472040526425
3672,184.36456635732372
3673,183.93598126282097
3674,183.81789383673294
3675,184.19638718226363
3676,184.82210840401115
3677,185.34119151988392
3678,185.6132970526483
3679,185.74082776673677
3680,186.03317980275963
3681,187.0434306789444
3682,189.338697436306
3683,192.9608351039392
3684,197.4025934967046
3685,202.37894433256707
3686,206.64549664070142
3687,210.3367660581356
3688,212.87078162856142
3689,214.04703853600557
3690,213.82773950815982
3691,212.4327839697326
3692,210.30727930924394
3693,207.92193276519498
3694,205.7283318321387
3695,204.03866217052334
3696,203.6665063817462
3697,205.0283431542021
3698,207.6697807451925
3699,211.4539572870983
3700,216.00596080113888
3701,221.2256775953109
3702,227.0286058472318
3703,233.0509704511009
3704,238.75905366667683
3705,243.72508606422787
3706,248.0617885398472
3707,251.46755479500553
3708,253.7390168817417
3709,254.98380622591517
3710,255.41818537534434
3711,255.60906939503246
3712,255.73821708959088
3713,256.0841259186573
3714,257.0486261677281
3715,258.58089753965055
3716,260.881453917822
3717,263.3553086281827
3718,266.13538274749834
3719,268.91059144077474
3720,271.26890615869576
3721,272.57025053379135
3722,272.7037110973937
3723,271.7329686547922
3724,269.7399490516224
3725,267.25423297594267
3726,263.89657840088364
3727,260.06234282534774
3728,255.7453097196539
3729,250.14460478241597
3730,243.48409959570768
3731,235.8790341486242
3732,227.19709150456717
3733,217.31381503173318
3734,206.05462154437802
3735,193.830642472659
3736,180.78257696174893
3737,167.32489052143
3738,153.83486921076798
3739,140.90488240483316
3740,128.79952712860475
3741,118.26219807584887
3742,109.18703548902312
3743,101.60950876608527
3744,95.80953224875955
3745,92.06107747109218
3746,90.05073758139243
3747,90.19418517751373
3748,92.20888406093563
3749,96.04768038933592
3750,101.41962500085641
3751,108.00269286054034
3752,115.66268976223719
3753,123.93428861319211
3754,132.7557980103455
3755,142.56339643931403
3756,153.23740612566732
3757,163.57428778978286
3758,173.6522083284721
3759,183.21990555738955
3760,191.82190162563182
3761,198.7009506786191
3762,204.68572335471805
3763,208.1556655343377
3764,208.60605291567305
3765,206.6331491267227
3766,202.636094671612
3767,197.25452785613643
3768,190.81860621687616
3769,183.7591838887447
3770,176.69716065970715
3771,169.96569673115113
3772,164.42937044760043
3773,159.98070366712344
3774,157.7462604317924
3775,157.7000752525064
3776,159.99568554786998
3777,163.7026434164059
3778,168.72981763655957
3779,174.67760257973754
3780,180.8916336850275
3781,186.87068289137298
3782,192.95336308435284
3783,199.29029314082754
3784,205.4456369778406
3785,211.17683444561507
3786,215.9202672500628
3787,219.9736021762845
3788,223.25376507504438
3789,225.9281035326008
3790,227.41887673008978
3791,227.95475387880003
3792,226.95826722427424
3793,224.35728526440698
3794,220.79075178009379
3795,216.3702990671318
3796,210.97010348545274
3797,205.3826739636179
3798,199.92352503367678
3799,194.38017457861707
3800,189.30665143559585
3801,184.7073987429344
3802,180.78006396284331
3803,176.8232953413704
3804,172.53486037354332
3805,168.0557260935244
3806,163.31796061335487
3807,158.6315604672086
3808,153.81636789908498
3809,148.92573659737963
3810,144.07973183036287
3811,138.99816662311528
3812,133.54426426568187
3813,127.87231625092578
3814,121.7423686906903
3815,115.6945289895559
3816,110.01263578169059
3817,104.62187224782483
3818,99.95191109339711
3819,95.88904488904501
3820,92.6012409769508
3821,90.27741901546369
3822,88.93575315054197
3823,88.2286068856673
3824,88.03258599076207
3825,88.33069581123459
3826,88.37017192429414
3827,88.02986436024415
3828,87.18765330211801
3829,85.76367489467279
3830,83.37026749066763
3831,80.83891736823725
3832,77.88543594718136
3833,74.9334103499688
3834,71.7601300083662
3835,67.98404022341758
3836,63.66938176452705
3837,59.39023113695001
3838,55.18251917325314
3839,51.35225589299738
3840,48.42636658798256
3841,46.20782406698271
3842,45.04640383431712
3843,45.03344374211745
3844,45.85070972130169
3845,47.15740386914844
3846,49.23045078179154
3847,51.8405954612993
3848,54.915735050142516
3849,58.25434005039732
3850,61.78530937937827
3851,65.22995056095175
3852,68.424448258659
3853,71.09616467352926
3854,73.3736679851035
3855,75.40078353486817
3856,76.80453335375665
3857,77.84735520439334
3858,79.0196244893136
3859,80.4749533305239
3860,82.10857169706907
3861,83.92961327786293
3862,85.86732856370082
3863,87.78832659531214
3864,89.7518030029774
3865,91.64381292247366
3866,93.3585506652465
3867,94.94437927300274
3868,96.53807012811444
3869,98.38713401279742
3870,99.80275778095137
3871,100.8299917360068
3872,101.49426448740864
3873,101.66561974503146
3874,101.97272625008526
3875,102.44716724796179
3876,102.85993091611437
3877,103.3106968857945
3878,103.44905005481911
3879,103.49611457884137
3880,103.62437807500818
3881,103.50684937255525
3882,102.9419277142543
3883,102.28225894543371
3884,101.52483017852069
3885,100.99525652157094
3886,100.92647817013489
3887,101.42824023294551
3888,102.62716868854085
3889,104.30584674281667
3890,106.62753389269537
3891,109.6551006314905
3892,112.7174315077452
3893,116.03407264913432
3894,119.1342592776032
3895,122.07720715326323
3896,124.89262072969996
3897,127.62269748452312
3898,130.19602315138167
3899,132.449858215162
3900,134.5196638689168
3901,136.7345694291562
3902,139.20564639626807
3903,142.32372146704856
3904,146.06689593781618
3905,150.14528034318485
3906,154.55957641031983
3907,158.94719422513305
3908,163.19283261510367
3909,167.0284065740346
3910,170.47877289953303
3911,173.41509509724466
3912,176.06802576341425
3913,178.26755895861575
3914,180.18336086191601
3915,181.84871514160272
3916,183.2281876338883
3917,184.72681551141986
3918,186.46629524390966
3919,188.35334188148
3920,190.04126883617934
3921,191.4342910598972
3922,192.3713265471793
3923,192.73636218817876
3924,192.80137569868515
3925,192.6357536929903
3926,192.43704804832828
3927,192.5116492257796
3928,193.07069553316575
3929,194.41011385496012
3930,196.3480399705099
3931,199.062016965699
3932,202.55645562793907
3933,205.59661726408794
3934,209.22722374792616
3935,213.18179172496764
3936,217.34278412670108
3937,221.47223441661293
3938,225.7964348328955
3939,229.94808148409282
3940,233.67625290244183
3941,237.35250964743489
3942,241.0351831359156
3943,244.92350440181627
3944,248.9103759045018
3945,252.96661927528888
3946,257.3471200593683
3947,261.62056392938564
3948,265.6287766820075
3949,268.7653415998895
3950,271.27931750643586
3951,273.54092746714593
3952,274.89286361268097
3953,275.4273314993743
3954,274.8013674533522
3955,273.3950883433065
3956,271.3832531122371
3957,268.7373806254479
3958,265.2789215988221
3959,261.2349712109253
3960,257.375153962333
3961,253.58290252639458
3962,250.32725420578882
3963,247.55892140403702
3964,245.65612478805045
3965,244.40831230226172
3966,244.13493865619597
3967,244.95407072291073
3968,246.46991117748496
3969,248.31387264881653
3970,250.25841847660428
3971,251.4753595153333
3972,251.7520305342025
3973,250.76825987141058
3974,248.70916009838527
3975,245.8932973249351
3976,242.4288377190386
3977,239.19103256667236
3978,236.1938690537515
3979,233.74986684555347
3980,231.22866580269624
3981,229.32720143120036
3982,226.7744142811896
3983,223.25347442553453
3984,218.2908537550141
3985,211.85734438112016
3986,204.31323148094822
3987,196.06447796972364
3988,187.68456425614735
3989,179.64413528418174
3990,172.64896207857163
3991,166.10143144072484
3992,160.0004213927515
3993,154.82564368514338
3994,150.54733328245868
3995,146.60129595197998
3996,143.3019345876669
3997,140.1516313228837
3998,137.12551922466687
3999,133.8213404814912
4000,130.84586672906465
4001,128.49658955480902
4002,127.19755088858827
4003,126.45756560634355
4004,126.39129047937851
4005,127.17467848683921
4006,128.64297708588012
4007,129.54182016077482
4008,130.21756614275085
4009,130.55736920573662
4010,130.65165776705533
4011,129.84976336870676
4012,128.54034511943394
4013,127.0822783246036
4014,125.78397040719955
4015,124.56163612399762
4016,123.94209507540921
4017,124.11815115081335
4018,125.43495225884172
4019,127.73043797197373
4020,130.88243782345475
4021,133.92185416272412
4022,137.75259107748954
4023,141.55389506839327
4024,144.70868497053192
4025,146.9187254589964
4026,148.1686324061981
4027,148.69253727874096
4028,149.21213604165735
4029,149.98031609279258
4030,150.99978890413647
4031,152.94283249228417
4032,156.19550074096037
4033,160.54089263417802
4034,164.91429484930887
4035,169.49057434134573
4036,173.7224761930629
4037,177.37133177644006
4038,179.51274438889448
4039,180.80228099512027
4040,181.15552405671377
4041,180.85371841354896
4042,180.16656807122033
4043,179.61273801086062
4044,179.22265904507887
4045,178.5407919311898
4046,177.64289233476825
4047,176.8617196858815
4048,176.8530468218762
4049,177.64366363362439
4050,179.09609976736306
4051,180.6721950112784
4052,182.2793354229608
4053,183.74935100921255
4054,184.58575043757247
4055,184.93457033313615
4056,185.2769407219934
4057,185.32134353369383
4058,184.9257465450014
4059,184.5662056590438
4060,183.59900103446398
4061,182.59564120118287
4062,181.28066264774384
4063,180.36172898395895
4064,179.4871387328384
4065,178.1829897387825
4066,176.63352005621232
4067,174.78616594426688
4068,172.84954374701397
4069,170.81093746714976
4070,168.91106646365733
4071,167.06437624330408
4072,165.12666553920252
4073,163.42742757366904
4074,162.4313158287689
4075,161.90247809692283
4076,161.26037811179518
4077,160.4688761768272
4078,159.26494509368564
4079,156.89216939912504
4080,152.83489268597046
4081,147.6023719436207
4082,141.0512802254877
4083,133.25639443967978
4084,125.17604092743818
4085,117.2151882990383
4086,109.51165649213269
4087,102.41777116827708
4088,96.7041824364661
4089,92.44792913946554
4090,89.41228638140541
4091,87.70139282651877
4092,87.07371811079713
4093,87.12164145694344
4094,87.74527756547458
4095,88.55504444628085
4096,89.07749970659606
4097,89.17405782142815
4098,88.75896511434081
4099,87.8462139793015
4100,86.12417199241742
4101,83.56292494415237
4102,80.63319262106248
4103,77.47783441535336
4104,74.73267277638641
4105,72.15098884678656
4106,69.66848119009421
4107,67.42272292170814
4108,65.35933100875087
4109,63.82882190821785
4110,62.44923205545656
4111,61.20546764662332
4112,59.79763930193468
4113,57.787961862429086
4114,55.497203584911105
4115,52.79172415225571
4116,49.66664483617345
4117,46.73466696272182
4118,44.079924837512436
4119,41.72758399164563
4120,40.027927609267216
4121,39.44690636782104
4122,39.753590405644104
4123,41.0973118182057
4124,43.10536908451393
4125,45.929008739834046
4126,49.197691186257806
4127,53.01295419023768
4128,57.30405121364911
4129,61.98871481097763
4130,67.25651016703824
4131,72.82492238621472
4132,78.8905886171359
4133,85.82588754959457
4134,92.98159314383665
4135,100.10198238165545
4136,107.24260018543885
4137,114.34439925710947
4138,121.14881741872979
4139,127.55301033711328
4140,133.40604349533896
4141,138.24258062628255
4142,142.07251959077814
4143,144.30646646225375
4144,144.868782096885
4145,143.80166333659014
4146,140.958363422417
4147,136.3551386399326
4148,130.72687969974012
4149,124.07837776383914
4150,117.12304053681719
4151,110.26673224054169
4152,104.42541282477345
4153,99.83275298529922
4154,96.58316961600542
4155,94.49129650138921
4156,93.66037754720568
4157,94.56612670393994
4158,96.97237086978404
4159,99.98301924385828
4160,103.46391468519741
4161,106.49229371916246
4162,109.54392691774561
4163,112.65074133015844
4164,115.66486040053383
4165,118.86552956727958
4166,121.71184721338383
4167,124.42472261213979
4168,126.9281905129966
4169,129.3084417904238
4170,130.79844771547877
4171,131.55280567154432
4172,131.10864038225105
4173,129.4812250272556
4174,126.42782029083834
4175,122.13354605839797
4176,116.78800389522877
4177,110.73660830371284
4178,104.37172873804941
4179,98.1549846066891
4180,92.53013716473683
4181,87.57358015011614
4182,83.23745329048532
4183,80.22632871352374
4184,78.19915722430704
4185,77.0230272303094
4186,76.75583355412724
4187,77.73817483623975
4188,79.86076608675617
4189,82.88249083631922
4190,86.88430361429499
4191,91.4541366416781
4192,96.39201021165874
4193,101.54729331993272
4194,106.8656590932804
4195,112.12143303523206
4196,117.21295789407492
4197,121.8600984659553
4198,126.35449451256773
4199,131.13823475376074
4200,136.49030498193184
4201,142.45289964032622
4202,149.07901333397444
4203,156.37538774774765
4204,164.55445538453492
4205,173.01366445678843
4206,181.41373905632136
4207,189.74261230405205
4208,197.36617042606215
4209,203.85258016368283
4210,209.23129028625718
4211,213.87926362721203
4212,217.62554147327026
4213,220.0356014164031
4214,221.09651415482497
4215,220.36652194783753
4216,218.2961240556896
4217,215.67052266997376
4218,213.38624946440098
4219,210.76638962554813
4220,208.10717394181518
4221,205.52341641318714
4222,203.52301730778447
4223,201.5071070541042
4224,199.77154753097864
4225,197.65861967078604
4226,195.4333751618648
4227,192.59480069756916
4228,189.3594667813851
4229,185.86128296034798
4230,182.04174702259752
4231,178.39907320017053
4232,174.9922897230923
4233,171.67892609052493
4234,168.39180901486162
4235,165.14818607859146
4236,161.93851020105677
4237,158.86688320007244
4238,155.93787724397038
4239,153.91627985437003
4240,152.76184217733493
4241,152.22738367844477
4242,152.05226987723177
4243,151.87117244935837
4244,151.6421816044006
4245,151.0509082272327
4246,150.00603173787744
4247,148.54122823518492
4248,146.52527829132356
4249,144.09460239866632
4250,140.83668575963526
4251,136.75312916747816
4252,132.48447772466668
4253,127.89294872756415
4254,123.52922445380557
4255,119.36510318136862
4256,116.0889166700824
4257,113.88380861271028
4258,113.15395959493537
4259,113.93246658164813
4260,116.50198963710201
4261,120.7698785525258
4262,126.12360723437985
4263,132.96481528286063
4264,140.64298325044027
4265,148.18000211467233
4266,155.38691288856043
4267,162.0635712019386
4268,167.0243152384931
4269,170.49053496859779
4270,172.71466635992138
4271,173.36352452941338
4272,172.52204821753043
4273,170.5227245127675
4274,167.44807810828522
4275,164.77313573638563
4276,161.4394463741495
4277,157.65499285655295
4278,154.14932057937344
4279,151.1423086453779
4280,148.96037801408337
4281,147.9393098035075
4282,147.90499457637475
4283,148.81912443045985
4284,150.66395396313797
4285,153.00844762339523
4286,155.12413636731884
4287,157.15158371010898
4288,158.54265716750535
4289,159.4272477054227
4290,159.95569199955128
4291,160.34669224538936
4292,161.2925656169731
4293,163.03578268161425
4294,165.3007995944614
4295,167.94612726374476
4296,170.8217112714252
4297,173.68511572873823
4298,175.91923683071423
4299,177.57566686576814
4300,178.63535782201353
4301,178.61666473536098
4302,177.7117749970136
4303,176.10168802964915
4304,173.88878180230947
4305,171.18507865537848
4306,168.03251149117102
4307,164.30821191321098
4308,159.89104501112854
4309,155.00040615014504
4310,149.40558757126377
4311,143.60652713853983
4312,138.19210095888508
4313,133.63140905691415
4314,130.6928437047883
4315,129.86710693662127
4316,131.40398669400815
4317,135.90862209269048
4318,143.01497832629738
4319,152.26392206919948
4320,162.8811774559901
4321,174.2541757178606
4322,186.08849669450245
4323,197.53142738697352
4324,207.79829597926866
4325,216.95176974804997
4326,224.8982685596188
4327,231.64223582488614
4328,236.86343045807854
4329,240.9211122093814
4330,243.8866098755369
4331,245.80565874989713
4332,247.47523127059054
4333,248.45178381004445
4334,248.95465071437928
4335,249.15799608425723
4336,249.6036742974208
4337,250.38474769310778
4338,251.55615471353758
4339,253.43645668165533
4340,256.3158265961787
4341,260.1489150428507
4342,264.27961428986555
4343,267.92303347965867
4344,270.97329348845295
4345,273.29695288277605
4346,274.83692932656413
4347,274.9606009576391
4348,274.51408012161147
4349,273.8220572989141
4350,273.0796166187288
4351,272.28326795802985
4352,271.48665583721527
4353,270.36781974039263
4354,268.93586444905833
4355,266.4372050830042
4356,262.64206849860705
4357,257.6087912478851
4358,251.7417173504312
4359,245.02369889140886
4360,237.83727374223753
4361,230.1340845075907
4362,222.3725473586537
4363,214.84030567830183
4364,207.06006006065576
4365,198.47843989389145
4366,189.68677063715774
4367,180.58413974710493
4368,171.32490916167302
4369,161.91593894022452
4370,152.41060942812058
4371,143.19596239568853
4372,134.4035504749725
4373,126.42803908521894
4374,119.18923237978785
4375,112.70476862506666
4376,106.92239947764507
4377,101.97756751441102
4378,98.1899348608633
4379,95.67692354546651
4380,94.79650921814346
4381,95.61011347870374
4382,97.8936786902989
4383,101.79248069867168
4384,107.14366038430903
4385,113.30302873624103
4386,119.97043048746855
4387,126.77105688257934
4388,133.70014452823582
4389,139.72845077995697
4390,145.96458472232644
4391,152.15799301945066
4392,158.06923511639155
4393,164.0124983217857
4394,170.01730330779714
4395,176.1114687707786
4396,182.62623907313898
4397,189.37619030509762
4398,196.12187045378292
4399,202.78109921193237
4400,209.05759294337338
4401,214.49551073378757
4402,219.44605240875237
4403,223.34787598277703
4404,225.9868116119834
4405,227.75986363522395
4406,229.00057527064658
4407,229.4190591730935
4408,229.63567397677775
4409,229.86922834986532
4410,230.38248864304256
4411,231.32152995015173
4412,232.7668621890786
4413,234.8968062491586
4414,237.85557283533416
4415,241.48509243508124
4416,245.75493959502109
4417,250.4463403086698
4418,255.34685391993958
4419,259.9688630562109
4420,264.4118805570557
4421,268.5428773568106
4422,272.1854943928723
4423,275.54397571875455
4424,278.54431849100246
4425,280.9890346806686
4426,282.75650930006924
4427,283.53857478133176
4428,283.29045135234105
4429,281.81558450454713
4430,278.93271718840634
4431,273.76272224364675
4432,266.7667085994909
4433,258.49419732885644
4434,249.86690759958879
4435,240.50591134549683
4436,232.25701561235735
4437,225.71411097833513
4438,221.3988987556122
4439,218.9010303109867
4440,218.03916952422617
4441,218.56604848908444
4442,220.43562180439835
4443,222.44364847091873
4444,223.51501108704508
4445,223.30016178071733
4446,223.11324288421218
4447,221.16731720852113
4448,217.51123852877257
4449,213.74949568133258
4450,209.56533488608514
4451,205.35371481763946
4452,201.81326490460162
4453,198.88878026225524
4454,197.2275898998896
4455,196.42360319246734
4456,197.0567739974399
4457,198.58996773775533
4458,200.75038970943808
4459,203.31461186559434
4460,206.79570167429327
4461,210.91603196175515
4462,215.02263607097498
4463,218.99248601515097
4464,223.02572645601524
4465,226.20462796742942
4466,228.1697621576534
4467,228.97299012557423
4468,228.04739407065256
4469,225.21035409551135
4470,220.94947311168295
4471,215.1564490360035
4472,208.46995976224446
4473,200.72693972980016
4474,192.94780478909246
4475,185.47309212800826
4476,177.76589749264411
4477,170.3606738060098
4478,164.21850024699629
4479,159.61290489282274
4480,157.03399598936682
4481,156.71525815966186
4482,158.0521224471921
4483,160.33893685562361
4484,162.81874265499806
4485,165.18461890529818
4486,166.70012701325575
4487,166.30745358808613
4488,163.39328204752724
4489,158.4172787419476
4490,152.0003309061481
4491,144.49575164127538
4492,135.78804145196537
4493,126.54934865567424
4494,117.8215212675683
4495,109.18732003717119
4496,101.07282254910498
4497,93.5420781752792
4498,86.75260759019733
4499,80.6861785454497
4500,75.5352908937362
4501,71.06335297930634
4502,67.62332825208088
4503,64.63050673939473
4504,62.361064565647425
4505,60.84219146977727
4506,60.003326253594906
4507,59.47719447023104
4508,59.910692128231915
4509,60.757736161683155
4510,62.30845939053086
4511,64.5296843886315
4512,66.73105917056061
4513,69.07420133798757
4514,71.48136081032008
4515,73.39407557732474
4516,75.07441654447965
4517,76.44143840752734
4518,77.51477465981782
4519,78.00246644911311
4520,78.81550492840543
4521,79.07586218150604
4522,79.19833768774845
4523,79.39774628204225
4524,80.0327083121943
4525,81.21631890880819
4526,82.78980540718047
4527,84.87943951129152
4528,87.72742670945007
4529,91.04961518221697
4530,94.55908195495431
4531,98.25426808251173
4532,102.00327800650965
4533,105.90793115790132
4534,109.36755973766199
4535,112.32906428949931
4536,115.13235557319258
4537,117.7416822086455
4538,120.07736040489559
4539,122.41017096523711
4540,124.50939060080154
4541,126.22647970246055
4542,127.51312755801347
4543,128.1194427146199
4544,127.98612746670419
4545,127.29055624923492
4546,126.14198177745648
4547,124.61220360211968
4548,122.66126212645523
4549,120.06337401284469
4550,116.64991868886835
4551,112.2681652729398
4552,107.24376440871353
4553,102.16841866981022
4554,97.0168561762848
4555,92.559696357067
4556,89.2116513372607
4557,87.50844403243059
4558,87.69990077707668
4559,89.62996504812014
4560,91.30912096392794
4561,94.30518001504166
4562,98.08392804157708
4563,102.13840405563003
4564,106.5508483583782
4565,111.5274850485529
4566,116.79929161336436
4567,122.08781317480933
4568,127.72866723344704
4569,133.23059594124743
4570,138.58213108590414
4571,143.31345616204575
4572,146.96294142180056
4573,149.3232224431775
4574,150.95432080097342
4575,151.54550747181992
4576,151.3287517934598
4577,150.54704658293042
4578,150.12182994072577
4579,149.7236974683442
4580,150.006233117692
4581,151.11964202033874
4582,152.88594233495104
4583,155.67016566241273
4584,159.7139574809887
4585,164.5624575182499
4586,169.80759696037074
4587,174.78104545330226
4588,179.49582295574186
4589,183.71189306469097
4590,187.59941477814215
4591,191.06987139504827
4592,193.97983502922926
4593,196.42792601540725
4594,198.41768978205616
4595,200.02365587449668
4596,200.79706959590084
4597,200.80255103489696
4598,199.80184054330414
4599,197.39146814413976
4600,193.469770582024
4601,188.07510500035806
4602,181.00153045265603
4603,172.77849776972485
4604,163.88580110118897
4605,154.64069591439835
4606,145.53445502400604
4607,136.98228942203082
4608,129.70864623309683
4609,123.23784433404774
4610,117.90741757669231
4611,113.23043502614422
4612,109.3534065660864
4613,106.2655378020178
4614,104.05157778222008
4615,102.41242312736037
4616,101.45517910372767
4617,100.62237680316721
4618,100.42378146080782
4619,100.91645419151929
4620,102.01572493535208
4621,103.38734707392197
4622,105.11966232489061
4623,106.7770765072803
4624,108.04286264587026
4625,109.16385120404234
4626,110.05375123765717
4627,110.30771014345792
4628,109.92729552339844
4629,108.67652302163924
4630,107.13289945677744
4631,105.22214372914505
4632,103.06220089050174
4633,101.06720406098123
4634,99.10611651309034
4635,97.49408561938502
4636,95.83367497369237
4637,93.97006025215931
4638,92.05224513220776
4639,90.25654057633393
4640,88.56790361681611
4641,86.62172916540501
4642,84.67584632020406
4643,82.988242561184
4644,81.6891841514628
4645,80.87692873653668
4646,80.60689482543178
4647,80.81826096706376
4648,81.25701305476636
4649,81.93198126497106
4650,82.50749502905973
4651,82.88876235176218
4652,82.71966079608734
4653,82.43064760658318
4654,82.58306684695343
4655,83.69952409528895
4656,86.00434237749062
4657,90.45319794187918
4658,97.76456332570962
4659,108.13884008598421
4660,120.823255753804
4661,134.50759588124708
4662,147.94310448056547
4663,159.70577133840555
4664,169.00103342215164
4665,174.88067993074205
4666,176.40037799083626
4667,173.93387528276332
4668,168.45152179156258
4669,160.94992025378747
4670,151.73482721547975
4671,141.13482594491686
4672,130.36707481048532
4673,119.85875257115882
4674,110.71651222294476
4675,102.00796242677488
4676,93.55636032066468
4677,85.88351099690064
4678,79.351145065912
4679,74.73272604655577
4680,71.49692376970864
4681,69.80065674046583
4682,69.23034961845148
4683,69.9729638949056
4684,71.47525691097758
4685,74.15542165962663
4686,77.19652149863052
4687,80.45916711154624
4688,84.28761348050757
4689,87.69209751068844
4690,90.65035655780076
4691,93.33804756016224
4692,94.93052668956594
4693,96.29613983236811
4694,97.06169020370871
4695,97.07845982002527
4696,96.1926897203384
4697,95.10144924396941
4698,93.60614551545879
4699,92.3132598827729
4700,91.56784689427123
4701,92.01924186732958
4702,94.09498343982976
4703,97.52289144768287
4704,102.29951385501943
4705,108.89601604674947
4706,117.25490739174302
4707,127.2658132411072
4708,138.49056938096163
4709,150.23867093149943
4710,161.6940072739479
4711,171.72705092770974
4712,180.1618412607543
4713,186.77573825470006
4714,191.10171932213188
4715,192.85670919070947
4716,192.1231889297411
4717,189.07439864423444
4718,184.30005542631295
4719,178.64478910892785
4720,172.85411096291935
4721,167.5453500502
4722,163.4110291298632
4723,160.6362274211948
4724,159.02782183308403
4725,158.60268540325623
4726,158.63826772318077
4727,159.23211378251824
4728,159.91191510892506
4729,160.6240928143216
4730,161.25918974540969
4731,161.81172407545637
4732,162.76751912252757
4733,163.7898012679819
4734,164.80174008213612
4735,165.98083397342165
4736,167.55099482518386
4737,169.54604177555376
4738,171.90897714988375
4739,174.37059250779845
4740,176.63468503013996
4741,178.55400767008035
4742,180.19970844022822
4743,181.50766865471985
4744,182.0946784281894
4745,182.39031479235732
4746,182.3470950545157
4747,182.17985533199942
4748,182.17823340676082
4749,182.3194056666096
4750,182.27285171455895
4751,182.1903648579004
4752,182.18079375121414
4753,182.39669661100706
4754,182.85995712667813
4755,183.0901474722468
4756,183.00754972871667
4757,182.75178387358142
4758,182.08949793124668
4759,181.1752852997722
4760,180.3312393707355
4761,179.44381165643028
4762,178.82293733088596
4763,178.90186388209244
4764,179.99139019988107
4765,181.6639975158346
4766,183.8907961790182
4767,186.24984029384706
4768,188.72041796177092
4769,190.7128245610852
4770,192.11254889137786
4771,192.74535631080994
4772,192.4920914386314
4773,191.3023985959167
4774,189.42347346477345
4775,187.0390870593315
4776,184.39074564616567
4777,181.68142638673675
4778,179.13014506668463
4779,176.25241762404977
4780,173.57369565187093
4781,170.84084541660252
4782,168.23238298562057
4783,165.1763622739897
4784,162.28714660585183
4785,159.24186165033277
4786,155.86220325825354
4787,152.7588732985671
4788,150.05897623363984
4789,148.25079659771686
4790,146.78450686099072
4791,145.44957627287158
4792,144.5474931632701
4793,143.89776455771653
4794,143.42091644318532
4795,143.1776024489779
4796,143.13761136732813
4797,143.1687753890327
4798,143.7175903307732
4799,144.6710609452139
4800,145.88613887735985
4801,147.33515904880682
4802,148.9772354000637
4803,150.91053746176038
4804,152.4561700516195
4805,153.907677920323
4806,155.1571885200197
4807,156.52897770758548
4808,157.69391848006114
4809,158.77420034404733
4810,159.67801051460884
4811,160.58437621063518
4812,161.204091447961
4813,161.0658110372104
4814,160.2303311544496
4815,158.67183189290654
4816,155.59023649761568
4817,151.24065550992003
4818,145.86035434098443
4819,139.9523074924608
4820,133.4756486906523
4821,127.0203906333441
4822,121.36501016041808
4823,116.42279154089906
4824,112.34585218094574
4825,109.47221923973623
4826,108.11692131319003
4827,108.31665521115357
4828,109.95802708345451
4829,112.67014868668679
4830,116.42408595058936
4831,121.18205777403034
4832,127.04141909910132
4833,133.59795339901558
4834,141.01199146925262
4835,149.1919038392706
4836,157.75411572569988
4837,166.85672296979808
4838,176.02276400027063
4839,184.80815660229092
4840,193.06090701442253
4841,200.72613295879881
4842,207.5689090504668
4843,212.98748460324884
4844,217.6048473086241
4845,221.62195286230062
4846,225.35960922279125
4847,229.04045384981416
4848,232.88159723210126
4849,237.24842589914778
4850,242.18393676720513
4851,247.5760127403054
4852,253.3119376091961
4853,259.07321221500206
4854,264.1295630409384
4855,268.6153620638584
4856,271.8846343974524
4857,274.1255689627242
4858,274.59389098619914
4859,273.78698462484545
4860,271.7881232300284
4861,269.13658108414893
4862,265.6255108315365
4863,261.8973236395081
4864,258.3734954543649
4865,255.34534257570874
4866,252.11916773099074
4867,249.28176789720453
4868,246.27090872343598
4869,243.05306365073193
4870,239.44557650313482
4871,235.8351188494661
4872,232.12032861224682
4873,228.5962928171119
4874,225.33804554385438
4875,221.67967179542507
4876,218.0212517810935
4877,214.30867587816624
4878,210.77958330722248
4879,207.5317611072429
4880,204.85112956742995
4881,202.7131484550626
4882,200.99450255761613
4883,198.96853566413716
4884,196.23734910035628
4885,192.28737159901917
4886,186.82495876677962
4887,180.10292116883625
4888,172.3511230775776
4889,164.02736068867273
4890,155.4112267906844
4891,146.75315251510773
4892,138.45126045708423
4893,131.057941462887
4894,124.59004896779797
4895,119.18004520595224
4896,114.26785922347278
4897,110.10455577604552
4898,106.59442848690307
4899,103.69297956863191
4900,101.56420375429559
4901,100.33947286696488
4902,99.27395699498717
4903,99.22548491662013
4904,99.95977633602871
4905,101.54635472269612
4906,103.8465906186137
4907,106.87899378857958
4908,110.28986115054482
4909,114.13327208541
4910,118.25401410605573
4911,122.62462493460197
4912,127.14298082428212
4913,131.55553529428556
4914,136.30869933242897
4915,141.0731325759411
4916,145.84332914107665
4917,151.09245196788862
4918,156.89774987550564
4919,162.8705678396122
4920,168.8183367641795
4921,175.22649641423578
4922,181.48455746622852
4923,187.5741693676153
4924,192.83555441382913
4925,197.25628333048272
4926,200.69727649652935
4927,203.16012691028504
4928,204.950609767418
4929,205.62758444864554
4930,205.68377992944684
4931,205.61170373087322
4932,205.31179556868813
4933,205.02563702770846
4934,205.09816566158548
4935,205.76998689336457
4936,206.86234587661755
4937,208.3096275873345
4938,210.35941492667365
4939,212.29474694397442
4940,213.69139658290504
4941,213.82570836512946
4942,212.37872549503345
4943,208.97633199820484
4944,203.3415265719581
4945,195.99890154874953
4946,187.57537487168952
4947,178.6980551053051
4948,169.71539205815066
4949,160.7901630051553
4950,152.80025881791192
4951,145.92715447876824
4952,140.33011033390662
4953,135.31729623004117
4954,130.80197280128087
4955,126.6341242706817
4956,122.76836073085079
4957,119.42650782680924
4958,116.74715278357334
4959,114.41611389595809
4960,112.58473658802001
4961,111.77380712178108
4962,111.39032819105782
4963,111.12485673911007
4964,110.95330761953963
4965,110.87693824738741
4966,110.29284740879163
4967,108.91743847266984
4968,106.61307019632721
4969,103.33925925710047
4970,99.46097248223386
4971,95.27150759070844
4972,91.10274074948335
4973,87.21509622176413
4974,83.56748645732915
4975,80.63989283607242
4976,77.8689423857691
4977,75.49690653720533
4978,73.1794801304031
4979,70.73543114801974
4980,67.50218834854036
4981,63.93291474974461
4982,60.48379051573362
4983,57.23244820994195
4984,54.39462848962787
4985,52.35221533945584
4986,51.35296519739134
4987,51.03026958431913
4988,51.53620291940557
4989,52.68964899027819
4990,54.035758250209504
4991,55.61320945305039
4992,57.34209474301851
4993,59.12012482829774
4994,61.41835169939074
4995,64.35185576707724
4996,67.85979725210318
4997,71.94808137055668
4998,76.67829823207295
4999,81.21968758770728
