,0
0,482.7106622504774
1,892.2977576864998
2,1240.5755089191093
3,1537.4877320893738
4,1791.4884329454844
5,2009.8939601114214
6,2197.539642397339
7,2363.098397179048
8,2506.3506460468093
9,2629.426944863634
10,2735.698350231067
11,2827.061176005764
12,2904.749312140173
13,2971.6823760706548
14,3026.6992335945847
15,3071.4600380988877
16,3107.314707596599
17,3133.0773024821974
18,3149.3883877750136
19,3155.8967665048435
20,3155.8215694515693
21,3151.7431938509876
22,3145.8489645851814
23,3138.7629727304256
24,3129.632724859102
25,3117.839363753333
26,3103.83417960416
27,3088.1086886763114
28,3073.100368256485
29,3058.7090622259752
30,3044.8792188563566
31,3033.919529928004
32,3025.6241124270637
33,3021.3010738212456
34,3018.6386849239348
35,3017.5055501889847
36,3021.749564148651
37,3028.7868649576744
38,3038.537982991084
39,3050.543423461878
40,3069.962881142958
41,3089.730062487898
42,3110.1388383079407
43,3130.3744724159783
44,3150.507577513643
45,3172.5567378722762
46,3193.6518943066553
47,3216.896943720708
48,3243.1516483189075
49,3272.4561825584033
50,3303.0369853330612
51,3335.401520536449
52,3371.9440870091703
53,3408.4170322052423
54,3443.3536194302214
55,3476.99707900086
56,3507.0810711656195
57,3533.2541443489604
58,3552.7671296384574
59,3563.620470089643
60,3566.20282156432
61,3560.053284556434
62,3547.8369664052143
63,3528.62573160274
64,3500.9893491029616
65,3470.996258145455
66,3439.7485186029376
67,3408.3800939430203
68,3377.3629428022823
69,3347.003591001152
70,3316.3373839659407
71,3287.575323798694
72,3261.368862365722
73,3239.3298695050103
74,3223.137128879168
75,3209.793704343223
76,3200.3659495016736
77,3197.9316790777852
78,3195.5383142366927
79,3196.649829573713
80,3200.8162842262773
81,3208.0470959563427
82,3215.60282033265
83,3223.8270758367357
84,3234.2889420467736
85,3246.691679294494
86,3258.532108792178
87,3268.5417430269586
88,3280.1169589291135
89,3286.8373729385266
90,3290.415480551158
91,3292.7847778646487
92,3293.3033654627607
93,3294.7715133488746
94,3296.758659639734
95,3299.6476887615217
96,3304.476954327805
97,3308.999861224322
98,3314.8084977378335
99,3322.9006200341382
100,3329.6806150199677
101,3335.62607250416
102,3341.723980640123
103,3344.8702076309078
104,3347.339107341268
105,3348.4673640509513
106,3348.0464275237227
107,3346.199385004717
108,3343.9072202723146
109,3341.4631735943194
110,3343.2424085232406
111,3349.381387561586
112,3360.8602854390942
113,3378.9025760055583
114,3394.599368798382
115,3416.858309964954
116,3445.6850128212013
117,3481.7472392247128
118,3524.181569567596
119,3572.1168487122463
120,3626.209849316832
121,3685.3063511277733
122,3745.752096709977
123,3806.607632086093
124,3867.691224831443
125,3927.9093060655764
126,3988.3220165779535
127,4048.551066471902
128,4109.421546028849
129,4167.106810273055
130,4220.422213563547
131,4272.160210199481
132,4322.237511939875
133,4370.049761846009
134,4416.058938116165
135,4463.188101549185
136,4507.834979342678
137,4551.184767760922
138,4592.725042262593
139,4634.754771076323
140,4674.532322203676
141,4712.915860064579
142,4749.381825439745
143,4785.57361332518
144,4821.672756168367
145,4856.159745410644
146,4888.164179838642
147,4920.34687035821
148,4949.945615060751
149,4977.301755515563
150,5002.346235945348
151,5026.751784192802
152,5050.0881623151045
153,5070.389279360708
154,5087.180472101044
155,5099.658402843251
156,5107.4214761700405
157,5111.369656965511
158,5109.2622942465305
159,5103.130605038087
160,5091.935936060838
161,5076.525654634893
162,5058.447430097724
163,5037.1302412561
164,5014.130718803062
165,4988.620093093422
166,4958.372400746413
167,4922.431017629686
168,4880.453683302768
169,4832.510045754983
170,4777.568382227707
171,4729.769134958976
172,4674.522337539171
173,4613.873962680804
174,4548.9559671002025
175,4481.100093978368
176,4412.936340323647
177,4343.628568461869
178,4274.213059530893
179,4205.151992335092
180,4136.11032236437
181,4067.2308592164045
182,3998.6690719086946
183,3930.7239583385076
184,3863.215565305272
185,3797.6009810571804
186,3733.2828428691128
187,3669.400917544039
188,3606.7562873201355
189,3544.786398946972
190,3484.5002937332265
191,3425.989911054423
192,3371.0000319902824
193,3320.6384553669886
194,3271.64085850634
195,3226.394237765822
196,3184.1812314418353
197,3146.1227971567278
198,3111.4588439562713
199,3080.5242499087
200,3053.8618315411586
201,3030.230353671615
202,3010.144544043393
203,2993.3030917780966
204,2979.878268261964
205,2969.1244819426133
206,2962.050949285743
207,2958.8259507505427
208,2958.3902951515515
209,2960.2055766681774
210,2964.2219799128247
211,2970.936648915291
212,2979.291338418959
213,2990.4730215054205
214,3006.581345494297
215,3026.2363979299284
216,3051.4153407006256
217,3082.2488741711095
218,3117.207635069779
219,3158.0357258008776
220,3204.3692598732155
221,3257.1326864809425
222,3315.696567455386
223,3379.3654081740688
224,3446.9539116120773
225,3517.9074651504334
226,3591.1750121217046
227,3666.1277516176297
228,3731.3366349790845
229,3800.680473788322
230,3869.5968351529755
231,3937.261263215037
232,4002.0219508566156
233,4064.850733102172
234,4123.305855854639
235,4177.710738209648
236,4227.475204333194
237,4273.210539386109
238,4316.316302423864
239,4355.525333936368
240,4390.2523667632595
241,4422.545461536777
242,4452.259545353715
243,4479.186913845751
244,4505.791170600687
245,4532.068411782027
246,4559.54746341272
247,4587.486009464857
248,4614.282305503517
249,4639.001295252453
250,4661.919161034562
251,4683.129031595701
252,4701.7639221826075
253,4718.290827348486
254,4733.847909921002
255,4750.8769464231455
256,4769.593260748325
257,4787.200896517122
258,4799.534946947619
259,4809.20450957701
260,4816.895898173277
261,4819.732932461549
262,4821.798447143347
263,4824.208615987544
264,4826.230752693124
265,4829.07248271758
266,4831.839055587989
267,4831.93834067648
268,4829.426630139362
269,4823.0754029515365
270,4814.443216628552
271,4800.193100871452
272,4781.635388448348
273,4757.335035919961
274,4727.634386806656
275,4692.337903961647
276,4650.538946268256
277,4604.86250248209
278,4556.683782453538
279,4507.711851499698
280,4454.344900179302
281,4400.428582642609
282,4349.228407274106
283,4300.374552353531
284,4256.332134665467
285,4218.0152312768505
286,4186.000700752534
287,4158.1758224744235
288,4132.745599295954
289,4112.16076305028
290,4096.170793743499
291,4083.385910874406
292,4074.0030662770614
293,4065.1784124564915
294,4057.8613035982708
295,4052.0190832337626
296,4050.040373058372
297,4052.436046284387
298,4059.1835827024943
299,4068.7421822055194
300,4080.0257616690305
301,4095.3925601691226
302,4112.86814569313
303,4135.8943868450215
304,4161.370641787606
305,4188.8914332072045
306,4219.977108784499
307,4249.835980117221
308,4279.464690786781
309,4307.139045637101
310,4333.766526242294
311,4359.921911712783
312,4385.93758004253
313,4415.205142310853
314,4446.0509059834285
315,4477.856845391082
316,4512.312185089795
317,4546.038192017171
318,4579.738516003933
319,4611.1570225800115
320,4641.099790850582
321,4673.554783001802
322,4705.703827452771
323,4735.278965020861
324,4763.8518450249985
325,4792.780814686425
326,4819.255245670653
327,4844.661702072122
328,4868.901013969064
329,4891.318638628155
330,4912.899398277466
331,4933.709024963224
332,4953.647327468035
333,4970.018155903922
334,4984.0805242192955
335,4997.537084278986
336,5008.0124625196095
337,5016.180341137683
338,5022.660607099592
339,5023.662099698079
340,5021.447213277566
341,5015.336520231589
342,5010.020217281589
343,4999.332228061463
344,4988.611911995499
345,4978.572498449682
346,4967.954435289617
347,4960.747179444134
348,4957.243950267818
349,4958.427043308174
350,4963.093734739695
351,4970.075835430998
352,4978.032222731401
353,4985.213101337946
354,4991.112743903322
355,4996.973509369054
356,5003.208014464058
357,5006.011225079795
358,5003.529211534532
359,4998.274537555788
360,4991.042443537334
361,4982.002648548501
362,4971.824087839444
363,4960.203575641488
364,4949.248017618961
365,4934.837870345286
366,4919.539853603175
367,4904.0625421074965
368,4885.445134525662
369,4866.2402692380365
370,4845.146363327351
371,4823.563775259926
372,4800.020718645053
373,4775.987440600583
374,4751.387204994377
375,4723.856201003461
376,4694.0254820573555
377,4661.498553356513
378,4628.233357844121
379,4592.401011988805
380,4555.722174336996
381,4517.143875212962
382,4478.240961036397
383,4437.35063186647
384,4396.700689386802
385,4356.665571053276
386,4316.2684138805525
387,4274.250429590835
388,4233.12581585056
389,4193.694773442281
390,4157.6169642016375
391,4123.817631069894
392,4092.065744960342
393,4062.2571555429095
394,4035.194324382069
395,4008.980210256257
396,3979.0630691152983
397,3945.9394991001714
398,3907.1831073973667
399,3873.4650466159264
400,3834.732508571565
401,3792.463918203313
402,3747.369385161827
403,3701.5167783301795
404,3655.118295037367
405,3610.8481287256
406,3567.2315753288476
407,3526.329065933767
408,3485.550615130876
409,3446.7389477103443
410,3410.323470052574
411,3379.262819298469
412,3354.3215204080702
413,3333.491787165079
414,3318.6365721701286
415,3308.7272570639307
416,3303.2525910670197
417,3301.9872423510615
418,3304.050354290978
419,3306.01604378676
420,3307.6309968869873
421,3310.5896885132147
422,3317.9933041396907
423,3326.0352054854197
424,3337.740837717344
425,3354.493463899542
426,3374.6897607456012
427,3395.2336972251633
428,3416.520566328696
429,3438.8243106002537
430,3460.314331401678
431,3484.237651282305
432,3508.0939721092946
433,3529.6950829120187
434,3554.5213432216697
435,3577.3620976368666
436,3601.5778795063497
437,3625.9367663750627
438,3651.516474998337
439,3677.17108935508
440,3700.44535688003
441,3725.187088190434
442,3747.06467567885
443,3768.284895957119
444,3787.5903186319597
445,3807.2071002674274
446,3825.434963701435
447,3840.03387086901
448,3852.6417256542018
449,3867.5662845863035
450,3882.3155392470458
451,3895.408271075479
452,3907.983906046156
453,3916.689461973673
454,3922.6314101017183
455,3927.115500294237
456,3931.016658761728
457,3931.084080305747
458,3928.9441285086154
459,3925.3320833627645
460,3920.248957280186
461,3913.1905912833736
462,3903.3390262625417
463,3892.046708035226
464,3878.6263164201764
465,3863.914878131055
466,3846.1456581149005
467,3825.1477800801567
468,3802.3142279134513
469,3777.461911211461
470,3749.17913823881
471,3720.420949916075
472,3690.3880055452387
473,3660.6013663017397
474,3630.206825482967
475,3600.3424949614464
476,3567.6798120577305
477,3535.521037918758
478,3504.5088136278323
479,3476.7430509371743
480,3452.89938993903
481,3429.996343740947
482,3407.1912502856244
483,3385.7244062099803
484,3365.249614155652
485,3345.830059475094
486,3329.22558739624
487,3314.528349203992
488,3304.424795107382
489,3298.6085003906414
490,3295.947583602734
491,3295.97214885785
492,3296.6859995792374
493,3295.9201948775267
494,3298.2412967383334
495,3300.880144670755
496,3303.7077788058527
497,3306.973483414482
498,3314.516272462712
499,3325.5997840816835
500,3341.8492888921046
501,3359.5798698154063
502,3379.0923726251735
503,3401.9289291784203
504,3430.5556635622843
505,3461.455735421339
506,3494.794895985274
507,3530.16569337405
508,3566.544872070594
509,3604.3632233294447
510,3640.699572129859
511,3675.819673430392
512,3709.1641271156777
513,3738.1738018218766
514,3768.0746114824005
515,3794.5180815062217
516,3820.834911794458
517,3844.1114487261625
518,3865.433742602054
519,3884.233236716134
520,3898.4985821878818
521,3910.46586889796
522,3922.916675163474
523,3937.3913990236033
524,3952.4026417414884
525,3967.959802745325
526,3986.035362796929
527,4005.3172964703617
528,4022.399065464489
529,4038.5191591804614
530,4054.3730235191083
531,4068.792229148751
532,4084.384248328192
533,4102.2667795524985
534,4120.624293531353
535,4141.466929234071
536,4164.768792867556
537,4189.865252139161
538,4216.5726948266365
539,4241.692984789463
540,4264.316989624763
541,4284.240454963781
542,4302.902221998449
543,4315.051232279953
544,4325.771114964089
545,4334.531020412876
546,4341.765211551328
547,4347.783871300143
548,4352.124210056376
549,4354.120555657544
550,4355.285119432491
551,4355.430040502362
552,4354.858201096343
553,4354.257004903095
554,4354.1431283750835
555,4354.388176870737
556,4349.010467692625
557,4340.637591489956
558,4328.309931659966
559,4310.223859474922
560,4289.587096199253
561,4266.561663036736
562,4241.064327819224
563,4215.175483329581
564,4185.372796183259
565,4153.450243633452
566,4120.632145513397
567,4087.9991203777818
568,4052.6969942507762
569,4017.787426357149
570,3987.416102289693
571,3959.271869012982
572,3934.8654830539654
573,3913.3388102734043
574,3892.6957284329974
575,3875.870119719272
576,3860.740257578541
577,3846.8099052159846
578,3832.1464465569748
579,3816.5662598439744
580,3801.2066182858025
581,3788.004323518838
582,3773.652524793224
583,3758.9099163877117
584,3743.4291816969017
585,3728.988008712603
586,3711.1693473264822
587,3692.2851508200856
588,3672.0437208995168
589,3652.206974233456
590,3633.6654513483263
591,3616.000781730055
592,3600.4661971595433
593,3586.8596264389043
594,3576.5642932167166
595,3571.404462853187
596,3571.2448839034173
597,3574.510649709213
598,3579.9337445061974
599,3588.9817382555484
600,3600.7915715079425
601,3614.219928957146
602,3627.7521173274904
603,3641.4423278683034
604,3654.5976760040717
605,3668.078905927554
606,3679.680146539965
607,3690.6728496218548
608,3701.4446884408767
609,3714.0026585614905
610,3728.1881604764826
611,3743.148959875461
612,3758.3073768231743
613,3772.428975651804
614,3788.1757966900036
615,3804.8292469325115
616,3821.869547102109
617,3839.2177150906896
618,3855.1135127951366
619,3873.3047118936865
620,3894.7153932136744
621,3914.66340032855
622,3932.9604502035913
623,3948.021300923016
624,3958.8485294358197
625,3969.142473602508
626,3978.752389408005
627,3987.113016158788
628,3994.9517891847026
629,4003.135491474809
630,4010.1199250157433
631,4020.5037647764
632,4033.9615764638183
633,4051.492528571491
634,4074.221715945402
635,4099.373972038624
636,4127.750209411408
637,4159.281667820938
638,4191.980276519289
639,4226.060118736041
640,4261.000867468376
641,4297.765348784764
642,4335.857354378043
643,4374.839083694848
644,4411.490914094433
645,4448.634536414373
646,4482.410994197036
647,4512.231778097511
648,4539.076131601192
649,4559.141130667756
650,4577.936797557441
651,4594.994396961027
652,4607.4459470373595
653,4615.982974146696
654,4620.540795260629
655,4623.606771560186
656,4622.49929164867
657,4620.072453732312
658,4616.312925058693
659,4611.402380035994
660,4607.339297306349
661,4600.137816813898
662,4590.174281741627
663,4577.985352591621
664,4565.430713529645
665,4551.994574856486
666,4539.361346629076
667,4528.62679517945
668,4516.46810164647
669,4504.783511286474
670,4493.06795712136
671,4480.946036711485
672,4470.156954848596
673,4460.627613395876
674,4454.657748632412
675,4454.160671662942
676,4458.149321771669
677,4469.285028222469
678,4484.877609684486
679,4503.3644466293645
680,4522.836826449157
681,4542.614282589407
682,4560.8737186300605
683,4576.256603936087
684,4589.63971415233
685,4600.008116723114
686,4609.504565320109
687,4613.943333885831
688,4612.559597624579
689,4604.041774074813
690,4587.641064442067
691,4564.09146270232
692,4533.648432913193
693,4496.691089514165
694,4456.431854924837
695,4412.963124306581
696,4365.140300582167
697,4315.297499309258
698,4262.979134966721
699,4211.056712924064
700,4159.368060747323
701,4109.971886852617
702,4065.171613623112
703,4026.0437576104387
704,3991.5182241164407
705,3959.4352460953005
706,3931.1737827779766
707,3906.854462263457
708,3885.867506368374
709,3869.3478718779784
710,3856.9539636096856
711,3850.3784720095045
712,3845.834488309463
713,3844.449496880296
714,3845.4505528586615
715,3845.0596652163626
716,3848.2447265689952
717,3851.144530275392
718,3854.6645106946785
719,3861.739082972057
720,3873.6748809850606
721,3888.53081600962
722,3902.899137353277
723,3916.0186307145677
724,3925.9462629098302
725,3933.9556372190673
726,3939.5952981504793
727,3943.2116443903083
728,3946.5678921816752
729,3948.912416094082
730,3952.2712363962264
731,3956.746394886988
732,3956.7812998376935
733,3955.1987746256827
734,3950.890847318198
735,3941.915207728472
736,3930.7126052412063
737,3921.5131769146788
738,3911.796627085456
739,3909.517678339246
740,3915.7365118082453
741,3921.1468969262746
742,3935.562758228472
743,3958.4167375939137
744,3986.3035632141487
745,4015.957940920251
746,4047.027344096554
747,4076.7881255688635
748,4104.565321005657
749,4129.533321813854
750,4155.116486648991
751,4179.956693759867
752,4204.79031554877
753,4228.113244598171
754,4249.512809373719
755,4271.154327855667
756,4291.734841483783
757,4312.027770862429
758,4330.570160306849
759,4348.498517032111
760,4364.659529511377
761,4378.279928340446
762,4388.214645609154
763,4393.424523803135
764,4397.081236733204
765,4395.54269535216
766,4389.049759209592
767,4379.803040030955
768,4367.846017480073
769,4351.938687971746
770,4334.245861684095
771,4312.110937762481
772,4287.686967789004
773,4263.850654393613
774,4243.37509078617
775,4224.071369576924
776,4206.4790342719
777,4190.215103827477
778,4176.798904228538
779,4165.729975380986
780,4154.810731467631
781,4145.177576446658
782,4137.955336539542
783,4132.123815817964
784,4128.02059137545
785,4127.065422804172
786,4127.612469789793
787,4129.795383422275
788,4132.241289534369
789,4134.756899543422
790,4134.31617394091
791,4132.390715320037
792,4130.480517866585
793,4129.821933935453
794,4129.532999952614
795,4131.553832081465
796,4136.479408455582
797,4145.860646489711
798,4154.022323579404
799,4165.723453777165
800,4177.985741073951
801,4189.990332334536
802,4202.379780674011
803,4211.091772604981
804,4218.553480278958
805,4222.575436809306
806,4221.876031353958
807,4218.328690254922
808,4214.275652531119
809,4208.125662892317
810,4201.915841756212
811,4196.091461133393
812,4190.308549494278
813,4186.701393469561
814,4183.213550991988
815,4181.724009094509
816,4183.349413907882
817,4187.911475324083
818,4197.84384867404
819,4210.8973548942495
820,4225.344368076135
821,4241.913204975844
822,4263.574580147802
823,4284.399829647312
824,4307.735080403771
825,4331.332070397196
826,4352.894002294832
827,4371.615668096881
828,4387.066525589075
829,4400.754977561157
830,4412.423307572507
831,4421.188031124439
832,4428.38833021786
833,4434.930049625007
834,4437.891062365424
835,4437.55456994342
836,4433.959235902265
837,4426.272692762925
838,4416.531514089064
839,4403.599120643059
840,4389.369401959561
841,4376.127540186837
842,4363.377264726897
843,4351.263769302099
844,4340.9776601872
845,4332.687464120988
846,4322.882888950701
847,4312.361022905274
848,4298.928169193871
849,4284.299012184301
850,4269.760991530124
851,4258.317660083681
852,4251.440527228573
853,4248.176448020483
854,4250.545103243928
855,4252.605833288324
856,4259.483506421265
857,4270.932736475339
858,4284.451848625304
859,4298.865199858251
860,4312.45919681881
861,4324.281612643665
862,4333.079133034269
863,4340.329196539894
864,4348.215721121902
865,4355.675842462938
866,4360.56867585118
867,4362.925811183568
868,4362.445568184756
869,4359.255043895842
870,4356.425164856264
871,4348.318896977983
872,4336.188106078895
873,4321.88059524126
874,4303.1436916022385
875,4285.660966247129
876,4267.56551391309
877,4248.980768780229
878,4229.175536127961
879,4211.573740611599
880,4194.553977021969
881,4178.5060140633595
882,4165.910606273527
883,4155.51159024742
884,4146.721404588229
885,4138.270520865314
886,4128.863970844452
887,4120.903900201849
888,4114.843211208861
889,4108.58972389784
890,4103.786207892512
891,4099.510979871449
892,4096.5689490367095
893,4094.4132317655885
894,4089.883460907143
895,4084.3331059379816
896,4080.683386482769
897,4076.3441739943896
898,4071.1978815065067
899,4063.157588901793
900,4052.122097687093
901,4040.9424141276213
902,4026.500847244059
903,4011.6627996654897
904,3997.8780643970504
905,3983.6847112749488
906,3970.4332251916626
907,3955.9346556503624
908,3942.414133140238
909,3931.2300442958867
910,3924.0435590120956
911,3922.4751435677367
912,3921.1106221311447
913,3924.8357467005994
914,3934.0860018624635
915,3946.3563682078793
916,3963.7091374759975
917,3988.0972250893983
918,4018.523013124357
919,4054.5324089497617
920,4094.362804967621
921,4136.485898050703
922,4181.85686305674
923,4230.142206280268
924,4277.558618808965
925,4324.800503047296
926,4369.359276541548
927,4412.137469757388
928,4450.821554698865
929,4487.310063639206
930,4518.307487330561
931,4544.448737694413
932,4564.591088959565
933,4579.72782366757
934,4593.010343142166
935,4603.790624401309
936,4609.998587146314
937,4613.778047620098
938,4616.1782418842095
939,4617.585638555335
940,4616.458631723102
941,4614.656572172086
942,4611.590556496369
943,4608.650957393402
944,4601.368010173719
945,4593.451201791346
946,4583.896513594953
947,4573.759072843853
948,4561.095877617103
949,4547.571034341901
950,4534.929136099866
951,4520.809945038046
952,4506.832700114054
953,4493.129615503318
954,4479.233607013686
955,4464.32318398577
956,4448.768533605247
957,4431.428259503116
958,4413.402594332035
959,4395.544214344396
960,4377.864823208259
961,4359.386671318263
962,4339.879740853413
963,4322.799735241377
964,4304.363290518049
965,4285.364187014163
966,4263.729864466303
967,4239.033808311572
968,4209.468561561908
969,4183.746796889701
970,4154.7655292528325
971,4121.571203878624
972,4085.188020000484
973,4045.81505655377
974,4002.2603303543374
975,3953.6143622510504
976,3901.5975597638594
977,3846.3599694036034
978,3792.1069865115287
979,3739.9280261675954
980,3690.1202763188844
981,3644.121441502067
982,3600.8201599061717
983,3561.954608242756
984,3525.2037183783546
985,3492.2608855118265
986,3461.0024262012703
987,3432.1350091487243
988,3406.5930510077787
989,3384.6907213235677
990,3366.3072126903116
991,3350.6318188633322
992,3337.22088698933
993,3326.4319513851683
994,3319.0533315199896
995,3315.0331362122606
996,3316.131937739721
997,3320.7076279854305
998,3327.3570927529345
999,3336.680866704557
1000,3348.3997046024724
1001,3365.9933506450657
1002,3387.183291240981
1003,3411.1263771980452
1004,3437.486827871119
1005,3467.1544109171623
1006,3497.8898155757956
1007,3530.0747367506983
1008,3563.8313732935576
1009,3596.8513778820625
1010,3631.487723203918
1011,3667.003246833666
1012,3702.9856723380262
1013,3738.9635443192437
1014,3772.3092734405313
1015,3804.1220002017126
1016,3832.9674976500633
1017,3858.598839181086
1018,3880.3066097047467
1019,3898.989681005305
1020,3914.4980255186583
1021,3928.771058908698
1022,3939.032219213004
1023,3945.5009876609884
1024,3950.31602090591
1025,3951.54894959822
1026,3952.62159756053
1027,3952.1376123336963
1028,3951.134144204047
1029,3950.150187134674
1030,3951.12611663822
1031,3953.0292278202364
1032,3956.3477919979687
1033,3960.7009112633395
1034,3965.1345096021555
1035,3971.4416121577524
1036,3978.26405166758
1037,3987.0766478266887
1038,3997.093773605877
1039,4008.0989021473983
1040,4018.461004978899
1041,4027.0794767118455
1042,4033.116703433321
1043,4038.002846997825
1044,4039.4514132694594
1045,4037.2543672827705
1046,4032.678681674676
1047,4026.1855793592117
1048,4015.5676632920645
1049,4001.167920789994
1050,3983.2303108568435
1051,3960.5738438115695
1052,3936.2891905271517
1053,3909.045311759752
1054,3879.9565528803523
1055,3850.6264734789465
1056,3819.449240461692
1057,3788.3088173299493
1058,3756.347337336899
1059,3725.972989339899
1060,3697.343985290385
1061,3671.0329044617465
1062,3646.0216420881993
1063,3620.5609181414206
1064,3597.2407328608724
1065,3575.8560341285283
1066,3556.144787927897
1067,3537.1255035151994
1068,3519.447114004614
1069,3505.5823448849
1070,3494.2098343453654
1071,3486.337784110787
1072,3483.047158111104
1073,3485.69322871765
1074,3492.9991783406094
1075,3506.3738098333984
1076,3526.855932418664
1077,3554.221644253559
1078,3588.1756753092122
1079,3627.044830731358
1080,3669.0166645845334
1081,3712.6147625501285
1082,3756.169325692037
1083,3794.0617956254973
1084,3832.6857935970656
1085,3872.5890501078225
1086,3914.0208434653155
1087,3957.7989753638794
1088,4004.9873562344046
1089,4054.5825971926747
1090,4105.805249684127
1091,4158.58965101213
1092,4211.877567634537
1093,4267.011346578816
1094,4323.136565083842
1095,4381.011202253669
1096,4440.106401592657
1097,4500.782986831936
1098,4562.287444267681
1099,4623.099115703872
1100,4685.003987396759
1101,4745.508766275636
1102,4804.553097303616
1103,4861.297700310848
1104,4914.304659901604
1105,4964.0866662506705
1106,5010.445113176221
1107,5052.924041877933
1108,5093.558589357966
1109,5131.098499474262
1110,5164.31115970978
1111,5192.887973696362
1112,5217.428002986471
1113,5238.395310907869
1114,5256.75435348399
1115,5271.97044968036
1116,5282.928259329403
1117,5289.525235006741
1118,5290.3628215592125
1119,5288.414373592834
1120,5280.741824322698
1121,5267.633191710231
1122,5248.9840861275925
1123,5224.561697800684
1124,5195.252448197152
1125,5162.142960303221
1126,5122.483893757965
1127,5077.189836824986
1128,5028.062739874679
1129,4974.426270487905
1130,4918.444642655964
1131,4861.433804632097
1132,4802.766296107331
1133,4740.981380590178
1134,4678.301544637824
1135,4612.757892010809
1136,4545.801365444341
1137,4476.634962098452
1138,4405.282305581325
1139,4332.386383816364
1140,4268.966931880848
1141,4202.635785508654
1142,4134.631141061564
1143,4064.7146483702836
1144,3993.7353360123425
1145,3921.9782125174916
1146,3852.3925687477695
1147,3785.0128124170474
1148,3719.2073021702845
1149,3655.2661979019963
1150,3595.100219858399
1151,3537.9162683833974
1152,3483.2183528274627
1153,3433.548734883438
1154,3388.5973463341275
1155,3348.1011019182383
1156,3314.0810431739274
1157,3284.1252304206237
1158,3258.034449164347
1159,3233.9954518921463
1160,3212.6463176973484
1161,3194.737770918771
1162,3179.8433307824916
1163,3168.34400071988
1164,3160.176986951343
1165,3155.163999806358
1166,3151.2101662542264
1167,3148.588792056567
1168,3148.4237213023703
1169,3150.8203115753654
1170,3157.5737686833136
1171,3167.7994426448977
1172,3181.041683151373
1173,3196.638900004885
1174,3213.843004976618
1175,3233.1686071651034
1176,3251.6303257582554
1177,3270.791935523481
1178,3290.2614346152977
1179,3308.7232249303493
1180,3327.8401546950427
1181,3345.6925416043614
1182,3363.2802926081367
1183,3380.823959047733
1184,3398.3614870802803
1185,3414.453565079238
1186,3428.6181360463916
1187,3441.688145109804
1188,3454.738701328996
1189,3466.3924904167197
1190,3479.9338524708887
1191,3493.864794740307
1192,3507.055385494159
1193,3519.6570473042902
1194,3530.145354463857
1195,3538.8479211735785
1196,3545.783946921224
1197,3551.818289321676
1198,3555.9770622015267
1199,3559.493290646987
1200,3564.7274994583795
1201,3572.3771932996415
1202,3582.513423969617
1203,3595.6633287648892
1204,3613.230164626975
1205,3632.3151420986924
1206,3652.6733706295927
1207,3673.1452001765683
1208,3695.001938557473
1209,3719.0186419756137
1210,3743.954631148622
1211,3769.24338509991
1212,3796.0130101406276
1213,3821.8038621353053
1214,3846.0625551109633
1215,3869.7138359230676
1216,3892.2125180294024
1217,3914.9926661556533
1218,3938.6093048791004
1219,3963.185152758233
1220,3986.871456583645
1221,4009.719872937024
1222,4030.149210757706
1223,4049.741014137766
1224,4067.058301982168
1225,4081.740636658789
1226,4094.4904691812753
1227,4106.612512507229
1228,4120.036595879383
1229,4134.3420561934145
1230,4148.628732700296
1231,4162.25929543528
1232,4174.896114005271
1233,4186.291972227734
1234,4195.409108261371
1235,4202.824833012778
1236,4208.916318501936
1237,4214.220497295759
1238,4218.439167538758
1239,4221.824944847397
1240,4224.094528400944
1241,4224.105834139834
1242,4221.835775855398
1243,4215.72508708142
1244,4205.489726979615
1245,4193.525751571365
1246,4181.182765699546
1247,4169.427285279995
1248,4160.222252556174
1249,4153.388770005287
1250,4147.789549978989
1251,4140.328488588311
1252,4128.346047573936
1253,4109.989144940185
1254,4094.018639648822
1255,4072.475971102134
1256,4047.0849851658986
1257,4021.273602923702
1258,3996.8965867995457
1259,3976.855999728169
1260,3961.922798800035
1261,3951.2138502321473
1262,3943.2958799876515
1263,3937.754772912821
1264,3933.8445842768638
1265,3933.243066136001
1266,3936.1978083430295
1267,3943.707723047516
1268,3955.3297836507527
1269,3969.595829093319
1270,3984.461368785702
1271,3999.766186147367
1272,4015.515158874531
1273,4028.567963471566
1274,4042.4232597720597
1275,4057.0720911095323
1276,4075.0720680641425
1277,4092.8222895348085
1278,4110.7684040074255
1279,4129.776623281762
1280,4147.7493655115495
1281,4163.883680551813
1282,4179.328518360444
1283,4196.0498431298765
1284,4214.0835902666895
1285,4232.29281149824
1286,4251.35822482335
1287,4270.6683852442675
1288,4289.70647656034
1289,4309.4113314541155
1290,4329.145608480883
1291,4348.227159280478
1292,4367.67486691929
1293,4387.626244716467
1294,4405.4243043707465
1295,4422.708916615385
1296,4438.492291624011
1297,4453.643096851877
1298,4468.70277961142
1299,4482.19518355298
1300,4493.939732068136
1301,4504.171616722452
1302,4513.978861180676
1303,4521.887471179025
1304,4528.988454915733
1305,4537.4581633174475
1306,4543.094197027104
1307,4546.318816146202
1308,4545.282841267784
1309,4539.172592747185
1310,4528.110513064405
1311,4518.486503740386
1312,4501.427160052428
1313,4476.645232152496
1314,4447.088996047456
1315,4412.809996704884
1316,4373.662271882975
1317,4330.282701394314
1318,4283.777676532864
1319,4233.354172795591
1320,4182.393548323313
1321,4128.490044897584
1322,4073.376866092663
1323,4019.7207316346976
1324,3966.172092165494
1325,3914.830247790187
1326,3863.8285754840113
1327,3815.4670651510455
1328,3770.8043412944594
1329,3729.518772656431
1330,3691.8737873592518
1331,3656.9772770341715
1332,3626.327425335257
1333,3598.914032974741
1334,3575.395312385021
1335,3555.2155538150782
1336,3537.426458034364
1337,3523.1517687506766
1338,3511.549958393553
1339,3502.162089036703
1340,3496.1773592825207
1341,3492.8504040462603
1342,3492.267129327044
1343,3494.1538820895876
1344,3497.0776526445516
1345,3501.6243989145955
1346,3506.960799567484
1347,3514.8898890752885
1348,3526.7918518795555
1349,3540.326983215105
1350,3557.781246170352
1351,3577.5859699021057
1352,3601.490192881886
1353,3631.5236016549743
1354,3667.2628735892226
1355,3707.9942814693186
1356,3752.753426038536
1357,3802.2196035590046
1358,3855.813969322871
1359,3913.7275643861794
1360,3972.9737648017604
1361,4034.8403852328165
1362,4099.356390778384
1363,4167.390825186874
1364,4237.72492911792
1365,4309.249253254001
1366,4382.141054962768
1367,4456.5727430603765
1368,4521.328311705296
1369,4588.074731346032
1370,4656.808521185792
1371,4726.537920712807
1372,4796.113900589734
1373,4865.487096197676
1374,4934.4837979549175
1375,5001.599015336813
1376,5065.224972951938
1377,5127.171335935369
1378,5186.762259637943
1379,5242.986833341103
1380,5294.872570040003
1381,5342.0304209003
1382,5384.428715968674
1383,5420.0723170548
1384,5449.636160910053
1385,5473.884494257833
1386,5494.360650731498
1387,5508.8477385918895
1388,5517.517813455437
1389,5523.525104451916
1390,5526.173847439746
1391,5524.827126878143
1392,5522.76026677915
1393,5518.4965614071425
1394,5513.0419779881
1395,5505.632390180033
1396,5496.822682475664
1397,5484.739480446298
1398,5468.828112691781
1399,5449.356517861898
1400,5425.175056176719
1401,5397.695967654787
1402,5367.216044391908
1403,5333.096086749711
1404,5295.830090185072
1405,5253.2441214503215
1406,5204.0322556900255
1407,5148.475638507771
1408,5085.818400863162
1409,5019.55189632672
1410,4953.3954542784795
1411,4885.899906696714
1412,4815.978807992076
1413,4745.147460833294
1414,4673.766855132515
1415,4601.016179661746
1416,4529.141071461898
1417,4456.885993426164
1418,4384.905179043977
1419,4312.803454449695
1420,4240.416378291553
1421,4165.86496096078
1422,4091.2808135913856
1423,4015.887658413113
1424,3941.0693227267325
1425,3875.9773706795813
1426,3810.106847166355
1427,3745.0190067480385
1428,3683.746393793819
1429,3629.5600546730634
1430,3584.087278244113
1431,3546.038724916346
1432,3517.595690207968
1433,3495.165760812041
1434,3478.8131816458003
1435,3468.8230965800003
1436,3464.3228445995355
1437,3462.8586074644
1438,3466.587170138681
1439,3474.704405378638
1440,3487.957920946348
1441,3504.102866671886
1442,3526.7676126353786
1443,3552.6426533327094
1444,3580.6013385083256
1445,3608.0311921062803
1446,3635.6176727794937
1447,3664.5023101907614
1448,3693.228871175335
1449,3724.3213185174886
1450,3755.7649861759014
1451,3786.2331736464616
1452,3814.761341919752
1453,3841.267752350517
1454,3866.9538302586348
1455,3891.667822385142
1456,3917.4394331279373
1457,3942.254055354318
1458,3965.9090581990235
1459,3989.9074136014774
1460,4012.512295286401
1461,4033.0867002901027
1462,4052.892758380951
1463,4072.583938344007
1464,4091.4315162474586
1465,4108.57666129945
1466,4126.662537580929
1467,4143.78423162847
1468,4162.248218938756
1469,4182.112213803789
1470,4202.914521891144
1471,4226.485047474491
1472,4251.120278385145
1473,4278.78234600025
1474,4308.268727009382
1475,4340.321419179587
1476,4374.395896238675
1477,4409.697101786919
1478,4442.440738662068
1479,4471.320792278208
1480,4498.223205193497
1481,4520.052617907376
1482,4539.04420696845
1483,4552.627779454196
1484,4560.113359323769
1485,4561.830646058333
1486,4556.948438140972
1487,4544.955905797735
1488,4525.94028597427
1489,4500.3193069598465
1490,4469.073388777196
1491,4434.455197038258
1492,4396.657822769152
1493,4357.701606385624
1494,4318.612281567889
1495,4279.346503886849
1496,4241.024393227703
1497,4204.657129586006
1498,4170.66622901215
1499,4138.439954688725
1500,4107.713827104327
1501,4079.0094605267413
1502,4054.0527334951785
1503,4032.7288111153166
1504,4013.4933468015256
1505,3997.047734825888
1506,3984.5258979389937
1507,3974.4637720850874
1508,3967.905972408194
1509,3965.5635958900257
1510,3967.2637210439893
1511,3972.463219716208
1512,3980.4858610237543
1513,3991.9602084913276
1514,4005.2303045253416
1515,4019.630587691291
1516,4034.532626273928
1517,4051.1226451394223
1518,4068.1693704847758
1519,4086.6135009169902
1520,4106.306372202581
1521,4124.369024746824
1522,4141.37212859655
1523,4156.040545291961
1524,4168.556356229779
1525,4178.626284491591
1526,4187.360193745692
1527,4193.3814550436855
1528,4197.991654961976
1529,4200.2731738930415
1530,4198.723194543169
1531,4194.088647407981
1532,4188.191632447033
1533,4180.172263960351
1534,4169.091084953183
1535,4156.419084687115
1536,4143.638448892386
1537,4129.27958643357
1538,4116.406569064272
1539,4105.2070439529825
1540,4095.987328436872
1541,4086.7789361079617
1542,4076.2000028695566
1543,4066.3759629054666
1544,4057.442843939075
1545,4048.916540726922
1546,4039.8332750404697
1547,4028.8532373907938
1548,4018.3085448197935
1549,4008.218453879683
1550,3999.440560531856
1551,3990.2103677851323
1552,3979.831498037267
1553,3968.535986265433
1554,3954.803654429297
1555,3942.202795002392
1556,3930.7623889666943
1557,3919.630454986625
1558,3909.9043678807584
1559,3903.1279114378676
1560,3897.02731916025
1561,3892.0670366670306
1562,3888.4835880902087
1563,3884.886146142577
1564,3880.7539112158743
1565,3875.1994102119206
1566,3868.7873061829796
1567,3863.3684056090474
1568,3857.7878066390876
1569,3854.339529430882
1570,3854.670646895535
1571,3858.185767689171
1572,3865.800085913276
1573,3875.3910771800684
1574,3886.721840894513
1575,3897.4885630058816
1576,3907.8048773162163
1577,3917.661800918923
1578,3928.4631930260757
1579,3938.741225901301
1580,3949.8517006133266
1581,3963.196037517622
1582,3980.6280187108414
1583,4000.3712993659556
1584,4021.4996509500106
1585,4045.6378654219966
1586,4073.4809123831055
1587,4103.747461953013
1588,4135.481641149665
1589,4170.394211899331
1590,4207.075486181142
1591,4245.068019971484
1592,4282.197268700805
1593,4318.966112537662
1594,4353.058929015692
1595,4386.281159598003
1596,4415.184500204614
1597,4443.401960503409
1598,4475.193027813002
1599,4508.35109345948
1600,4542.581325694844
1601,4578.268138879744
1602,4618.07447932612
1603,4659.866299231198
1604,4704.022919642079
1605,4750.992821210567
1606,4799.3926476958395
1607,4847.84513206396
1608,4897.776354915644
1609,4946.8685915684
1610,4992.292121254722
1611,5033.383356579889
1612,5069.840792077796
1613,5102.855134737078
1614,5131.651041732023
1615,5158.370674073907
1616,5181.574873506723
1617,5200.688745674363
1618,5215.790220381167
1619,5227.174738096433
1620,5236.72527062068
1621,5242.809486992247
1622,5247.122116095725
1623,5250.284583055365
1624,5252.634951811416
1625,5254.229185495376
1626,5254.905754690361
1627,5253.672012489403
1628,5248.748398474063
1629,5241.952928492708
1630,5234.672253278539
1631,5225.695260319562
1632,5213.742444333069
1633,5200.028161882153
1634,5185.932390317392
1635,5170.09963561227
1636,5151.56127854843
1637,5130.58162759195
1638,5108.341018541813
1639,5082.559171134656
1640,5056.2324184382
1641,5030.484353010495
1642,5004.853589706163
1643,4981.874797495584
1644,4958.805636462414
1645,4938.055981740386
1646,4918.612817098747
1647,4899.178523172654
1648,4878.160152768388
1649,4857.324093875068
1650,4836.208899504491
1651,4812.486577209567
1652,4786.521910342813
1653,4763.932650168736
1654,4736.658919256496
1655,4704.334480999478
1656,4669.43431020074
1657,4634.221061241847
1658,4601.046583703352
1659,4568.613372981921
1660,4540.028293817245
1661,4513.35695162491
1662,4490.4727974115
1663,4470.575371190632
1664,4456.437391383721
1665,4444.6736455569935
1666,4437.9960913418
1667,4435.43024501172
1668,4436.383304359348
1669,4438.3601936574505
1670,4442.892561780844
1671,4448.6311695115955
1672,4456.520392188433
1673,4466.254499354959
1674,4479.053493008708
1675,4493.825807246833
1676,4507.869662088332
1677,4522.4856881859
1678,4536.762757222121
1679,4549.627761234971
1680,4560.41653582951
1681,4570.8061686330775
1682,4582.565842065218
1683,4596.176587214647
1684,4610.885405183506
1685,4626.938898923465
1686,4645.449065742958
1687,4663.929813138199
1688,4681.8351779775185
1689,4699.935764263799
1690,4718.578641443948
1691,4738.0346206218765
1692,4757.179325786766
1693,4775.84401894037
1694,4794.211973094167
1695,4811.637558741513
1696,4828.531634316172
1697,4844.266491672136
1698,4859.243490408163
1699,4872.594741976787
1700,4883.901431538376
1701,4893.571777236791
1702,4900.18718960355
1703,4903.654264572753
1704,4903.694320279576
1705,4899.934856787676
1706,4891.6907246403025
1707,4876.9156788009805
1708,4858.922896742201
1709,4835.970962949131
1710,4816.002780549159
1711,4793.445113650862
1712,4770.289089091476
1713,4744.860389737991
1714,4718.575543279034
1715,4694.089327744057
1716,4671.944967216873
1717,4653.078830205957
1718,4635.120884475086
1719,4620.225225305037
1720,4603.434438200141
1721,4584.206334511767
1722,4563.4700740426915
1723,4542.077084685793
1724,4520.580303709436
1725,4497.687797926218
1726,4473.660715473845
1727,4449.573340166524
1728,4425.485156778857
1729,4400.0421389456205
1730,4374.110794317005
1731,4351.312888981233
1732,4330.63833183265
1733,4309.018965197681
1734,4287.3428124059365
1735,4266.3988464955055
1736,4245.340269790138
1737,4220.8546366979235
1738,4195.364840185234
1739,4168.638205079725
1740,4141.480626780066
1741,4114.953689600352
1742,4090.226360886289
1743,4066.6921326187057
1744,4041.7253905795988
1745,4017.5471881065628
1746,3996.3449998609804
1747,3976.8216103893214
1748,3958.128082902785
1749,3939.389804002832
1750,3921.956910934986
1751,3906.6465259967317
1752,3897.163276393531
1753,3893.004085251262
1754,3894.7372591200274
1755,3901.9230412393895
1756,3914.441318979021
1757,3934.7207327140536
1758,3959.699188936049
1759,3988.271285685522
1760,4019.3873338409167
1761,4055.7671508446997
1762,4093.079957287226
1763,4128.841447740636
1764,4160.900316398493
1765,4190.772777976199
1766,4215.208654197998
1767,4236.467866510963
1768,4254.809616115016
1769,4268.1898752708385
1770,4276.577358926937
1771,4282.707688090926
1772,4286.902474305167
1773,4288.592416664097
1774,4289.874634648364
1775,4289.644920372753
1776,4293.346272118102
1777,4300.290207339814
1778,4308.703055457798
1779,4317.294066551001
1780,4326.35118522392
1781,4334.86570053298
1782,4343.100635830994
1783,4349.495599902238
1784,4355.110746690616
1785,4359.506686267018
1786,4361.483073923725
1787,4362.890033756111
1788,4364.341899003344
1789,4365.461680059456
1790,4366.975289224172
1791,4370.132813028591
1792,4371.973766218158
1793,4372.967735950723
1794,4372.6140146788475
1795,4371.084859780171
1796,4368.092368305369
1797,4364.891411688298
1798,4361.567292588899
1799,4356.06283369511
1800,4349.533308309432
1801,4340.9393859053125
1802,4329.614859024874
1803,4314.424246449011
1804,4295.4587508607665
1805,4271.480614541594
1806,4243.406660920601
1807,4214.120903908842
1808,4182.728833028796
1809,4148.96389174287
1810,4113.309862763842
1811,4076.1464877306435
1812,4038.7738941944267
1813,4001.448685890654
1814,3964.407909426214
1815,3930.060103783746
1816,3898.166723608866
1817,3868.4492992154014
1818,3841.2234511487263
1819,3816.493730013762
1820,3792.201952253821
1821,3767.234163980155
1822,3740.7696090220866
1823,3712.106669817865
1824,3687.1699127101924
1825,3659.9530626014675
1826,3631.725232316035
1827,3602.4567535833585
1828,3574.72053030688
1829,3549.013208142069
1830,3527.045138232006
1831,3508.169479729249
1832,3491.9359135131954
1833,3478.3163091133883
1834,3466.8924175139364
1835,3457.640916407165
1836,3450.629799256861
1837,3445.9780319334386
1838,3443.5148028364674
1839,3440.599614775385
1840,3435.2860498065365
1841,3428.954169670301
1842,3420.1234182928897
1843,3410.281154221072
1844,3400.7772325659625
1845,3392.7371913740985
1846,3385.98265913314
1847,3380.040043273696
1848,3374.069042992126
1849,3365.7013577935745
1850,3357.5556641777475
1851,3349.16192911746
1852,3341.048324150664
1853,3334.152321952182
1854,3330.9046931742973
1855,3331.811228102334
1856,3334.325156932863
1857,3341.670925468171
1858,3350.2653841677648
1859,3360.5748999700627
1860,3369.9823530901344
1861,3382.122753442532
1862,3395.8198659932314
1863,3411.275980308863
1864,3428.2734420652223
1865,3447.9036019046257
1866,3469.1273574304214
1867,3490.4713522292373
1868,3513.9441323083174
1869,3537.5598995170953
1870,3562.608289036869
1871,3589.333494658383
1872,3618.8594398051955
1873,3651.385538558826
1874,3688.6379397436353
1875,3729.3316910730728
1876,3772.150473847055
1877,3816.3775163232285
1878,3860.160083016899
1879,3900.038879030205
1880,3934.4722598998123
1881,3964.4293012563708
1882,3990.4968330690353
1883,4015.1018704338617
1884,4039.3689037674335
1885,4060.5329050650453
1886,4079.811908039469
1887,4097.561648058535
1888,4114.926254098568
1889,4131.249505795446
1890,4148.746872098031
1891,4166.714553404044
1892,4185.019498188005
1893,4204.125619414782
1894,4226.837530836905
1895,4253.519485600274
1896,4280.694542539026
1897,4308.057933265264
1898,4335.683363919644
1899,4362.813023303584
1900,4391.203348602937
1901,4418.850867934283
1902,4446.116770202231
1903,4471.382264950989
1904,4494.07477437622
1905,4514.467800236123
1906,4532.735298356753
1907,4549.119639581632
1908,4562.788334434515
1909,4573.729040404752
1910,4585.613790538864
1911,4596.546219923011
1912,4607.550432276702
1913,4616.149015090856
1914,4624.5983161881
1915,4633.510049823493
1916,4639.627603913062
1917,4644.3239981494835
1918,4646.764398094176
1919,4647.346714585458
1920,4644.795201892792
1921,4640.207438319051
1922,4634.36375886412
1923,4626.0550293682845
1924,4618.401140380265
1925,4608.268616579942
1926,4598.285095436228
1927,4589.1786598319195
1928,4577.907326554344
1929,4567.978157592368
1930,4557.815617988501
1931,4551.756930793468
1932,4546.936477953844
1933,4542.931991495441
1934,4537.684877917578
1935,4532.877401660243
1936,4524.914471560342
1937,4512.058982741447
1938,4500.874707469008
1939,4487.538506031105
1940,4474.716072019032
1941,4462.226528159708
1942,4451.884748745515
1943,4442.383779987311
1944,4437.089842684493
1945,4434.935161090469
1946,4432.8613174332595
1947,4430.87637119699
1948,4428.528120128388
1949,4424.108697580682
1950,4421.109470239917
1951,4416.615693746593
1952,4412.391889271854
1953,4408.142582407246
1954,4406.290539278982
1955,4406.767875201504
1956,4408.171069424191
1957,4409.707072652411
1958,4415.772872137169
1959,4424.5709613861
1960,4436.088200379742
1961,4451.274642355374
1962,4469.266160945681
1963,4489.733002413164
1964,4512.955134870999
1965,4536.1994168182555
1966,4561.010172948928
1967,4585.362044184855
1968,4608.33516188828
1969,4631.983470361946
1970,4654.777238844552
1971,4681.209405249417
1972,4708.679298814464
1973,4735.700871028449
1974,4761.859026113135
1975,4784.614542115252
1976,4805.121367724652
1977,4822.963028008402
1978,4841.1586102337305
1979,4859.656345420051
1980,4875.80070037885
1981,4891.458723817824
1982,4905.081918079244
1983,4919.065295564847
1984,4928.211124085625
1985,4935.460876976346
1986,4940.133865718943
1987,4943.368202128905
1988,4944.190021859972
1989,4943.363845866834
1990,4941.23558253678
1991,4940.7723555934535
1992,4937.641357620036
1993,4936.983743029124
1994,4938.0506873292625
1995,4938.978928870383
1996,4938.670537411635
1997,4935.3855359234585
1998,4929.479276268886
1999,4922.706627896145
2000,4916.286422181009
2001,4910.900772306155
2002,4905.607630061293
2003,4901.567280254561
2004,4896.764736755197
2005,4888.8317277758615
2006,4878.670499187283
2007,4866.093426266942
2008,4847.261955497572
2009,4823.959084971143
2010,4797.801447974416
2011,4770.116342301947
2012,4740.0760286352015
2013,4708.792449430172
2014,4675.189367230791
2015,4641.071320011101
2016,4604.805572072366
2017,4564.200855958123
2018,4518.688310689644
2019,4470.963221468261
2020,4419.348361194443
2021,4365.008980682998
2022,4307.740171918615
2023,4250.725074414203
2024,4195.199058387656
2025,4138.395919651414
2026,4082.930763462488
2027,4028.717191825014
2028,3976.748651065806
2029,3925.0110417137294
2030,3875.1912328957396
2031,3826.916856788814
2032,3780.5593256524216
2033,3736.1048630140144
2034,3692.364341391097
2035,3651.0733244130743
2036,3611.114317380789
2037,3573.4072441951985
2038,3541.538304011764
2039,3514.9999229958266
2040,3497.133671743726
2041,3484.0791204549846
2042,3476.981204088898
2043,3474.258829286673
2044,3475.0179220026257
2045,3479.5182962497574
2046,3489.017000922755
2047,3504.07830483034
2048,3523.217085997603
2049,3546.6669502539467
2050,3573.3694822747734
2051,3603.1809224194167
2052,3629.116875345256
2053,3661.1340961689957
2054,3696.1383490267485
2055,3732.067306173325
2056,3766.5592175641304
2057,3801.9285950314497
2058,3835.587441355708
2059,3864.2423008291444
2060,3889.4141846505263
2061,3912.1688357950516
2062,3933.613534650362
2063,3955.0240563980133
2064,3976.9045041817376
2065,4000.0172642529883
2066,4026.094612015488
2067,4057.1637236341176
2068,4090.358609891293
2069,4127.207728188507
2070,4167.480498938868
2071,4210.9714974193
2072,4255.517183558177
2073,4301.580262334065
2074,4346.305118180758
2075,4389.055255411611
2076,4430.76699874775
2077,4469.941827912775
2078,4506.0941117375705
2079,4541.026045739037
2080,4574.694862327879
2081,4608.492074013755
2082,4640.1525948179005
2083,4670.414047433728
2084,4701.896838682566
2085,4731.579725389915
2086,4759.860925148525
2087,4788.314687890563
2088,4815.2753993387405
2089,4840.745103360917
2090,4868.048172542234
2091,4896.576772460875
2092,4923.988371609324
2093,4953.191688383684
2094,4979.073990106787
2095,4999.879199776747
2096,5015.8584811756955
2097,5026.949690010715
2098,5033.057611353066
2099,5029.734514899762
2100,5020.428325354801
2101,5006.836439080084
2102,4987.1476255079815
2103,4961.236317745252
2104,4929.826268502263
2105,4895.368007893438
2106,4860.482639018235
2107,4828.103850219426
2108,4800.320958304506
2109,4776.149842338526
2110,4759.028574761591
2111,4747.247270722222
2112,4737.64877376167
2113,4728.454067683394
2114,4715.27463367298
2115,4700.578119034091
2116,4684.568846442071
2117,4666.591934978528
2118,4648.8731229178775
2119,4631.814074565655
2120,4614.415736585956
2121,4597.84534124107
2122,4583.419854228117
2123,4570.824375950079
2124,4560.457960713574
2125,4550.990116400063
2126,4544.048488171308
2127,4542.211529667
2128,4544.844218308346
2129,4550.753577045783
2130,4562.1213754756745
2131,4577.350657873156
2132,4597.798456648407
2133,4621.6804624805545
2134,4647.622817615562
2135,4676.268582309221
2136,4707.494646137543
2137,4742.200787169682
2138,4775.775044206702
2139,4809.939409616171
2140,4843.571853260637
2141,4873.959336004851
2142,4900.2794211371875
2143,4925.305710966961
2144,4947.263284238437
2145,4966.378205111184
2146,4984.251903891766
2147,5000.916254885313
2148,5014.84605573031
2149,5025.507555545155
2150,5031.699335163833
2151,5033.644226783071
2152,5030.685378085131
2153,5021.648412991842
2154,5006.892168111782
2155,4989.393828402853
2156,4969.14931239897
2157,4946.603343472887
2158,4921.68869273415
2159,4893.561695040541
2160,4863.226940942526
2161,4831.317540422768
2162,4797.3025394760625
2163,4761.114796395155
2164,4722.211853199889
2165,4681.519986340671
2166,4646.118062173151
2167,4608.8819288529985
2168,4570.239722093197
2169,4529.895502433099
2170,4488.608078183479
2171,4446.561594147468
2172,4406.466913612367
2173,4366.102170433976
2174,4325.496343182223
2175,4284.584066701933
2176,4243.19296494126
2177,4202.171951781727
2178,4162.907832797093
2179,4123.512211955002
2180,4085.831728048146
2181,4049.3429662087815
2182,4015.3335268287674
2183,3980.3382272800836
2184,3945.2940176302036
2185,3911.023514250676
2186,3878.0207994461157
2187,3848.636221736069
2188,3821.7881183301183
2189,3798.615687571975
2190,3780.353032758718
2191,3764.9731576042623
2192,3753.5786222809606
2193,3745.5584294479713
2194,3740.099132106694
2195,3737.1654896855407
2196,3736.4599636327384
2197,3738.740193674202
2198,3742.7706659067558
2199,3750.649506938704
2200,3758.7536457725787
2201,3769.1651779412628
2202,3781.934004941044
2203,3794.3815760237553
2204,3806.69849569613
2205,3819.1286099297918
2206,3831.38529172817
2207,3841.9705449519183
2208,3849.801938344306
2209,3856.5582650647357
2210,3860.5073921001413
2211,3862.912359419184
2212,3861.926896898441
2213,3858.1794652476624
2214,3852.778844238226
2215,3845.101884906792
2216,3835.2754748302314
2217,3823.5093152738673
2218,3811.211589689141
2219,3796.891391147255
2220,3780.8362075495666
2221,3763.72595615435
2222,3745.7805786929257
2223,3730.1681003014864
2224,3712.411535704734
2225,3692.5238459389343
2226,3672.179055412264
2227,3651.33939355932
2228,3631.5107589763247
2229,3612.516573585548
2230,3592.8213799627133
2231,3574.209752555498
2232,3556.368965115908
2233,3538.8100667575113
2234,3522.0610471508603
2235,3505.340865233661
2236,3488.4318351610896
2237,3472.268293455241
2238,3457.202241624236
2239,3442.261906327237
2240,3427.1191653050164
2241,3412.5743047132387
2242,3398.737214532784
2243,3384.1937302536076
2244,3369.702666761361
2245,3356.2996156713953
2246,3344.3993334289917
2247,3333.8551602739444
2248,3323.6646879959735
2249,3314.1383781707136
2250,3306.557260970817
2251,3300.065377401382
2252,3297.691580875314
2253,3298.7867923025237
2254,3303.374893658898
2255,3311.014216265878
2256,3322.683794564678
2257,3336.1082621434175
2258,3352.1061658456224
2259,3370.9809332364352
2260,3393.245331832966
2261,3419.5258547016124
2262,3449.4785965941437
2263,3482.025190816416
2264,3518.0427864495464
2265,3556.7194467087984
2266,3599.7479285124055
2267,3647.9277371042936
2268,3700.7793107901957
2269,3758.0072002773954
2270,3820.5939065649336
2271,3887.0270220164075
2272,3957.3221380041564
2273,4030.1536552337093
2274,4105.678626097235
2275,4184.899407581729
2276,4265.992346937492
2277,4347.566613796565
2278,4426.089461878743
2279,4503.748075351517
2280,4571.311069072831
2281,4637.627662575683
2282,4701.221309259221
2283,4763.3384373710405
2284,4822.494773211494
2285,4877.146106315324
2286,4925.909092321692
2287,4970.102528701036
2288,5008.782245350245
2289,5043.144934409626
2290,5072.686080210205
2291,5098.006059698377
2292,5119.939739620475
2293,5138.235706031484
2294,5151.469365605923
2295,5160.781802664247
2296,5167.053124472404
2297,5168.711205742903
2298,5166.329208893254
2299,5158.609452928185
2300,5145.947973249518
2301,5125.842571155748
2302,5099.391001361729
2303,5068.675136885964
2304,5034.912273966915
2305,4998.435368273693
2306,4959.906560381769
2307,4922.328242977205
2308,4885.382218778194
2309,4849.49296368428
2310,4813.405409896692
2311,4776.85532125047
2312,4742.919529458901
2313,4710.576561051556
2314,4682.620291393718
2315,4660.049991105598
2316,4641.949920476441
2317,4628.286023253355
2318,4618.200324038944
2319,4608.23065051294
2320,4598.381170172985
2321,4588.924479342564
2322,4578.884796119888
2323,4568.814332413981
2324,4559.923057086326
2325,4549.807100931678
2326,4539.558330582589
2327,4531.063309646213
2328,4523.571424702099
2329,4517.660256094054
2330,4512.670750693875
2331,4509.124887457574
2332,4506.890468667566
2333,4505.566344203047
2334,4506.047372154189
2335,4511.748390891843
2336,4520.850784504817
2337,4528.769866948105
2338,4540.78074582316
2339,4554.632260651787
2340,4569.87363751123
2341,4585.77955792791
2342,4601.421076649005
2343,4617.8998879600695
2344,4634.7738263198235
2345,4652.988879942672
2346,4673.504088035936
2347,4695.094624267838
2348,4717.717374542166
2349,4741.441817126235
2350,4763.418278100786
2351,4784.237954275998
2352,4805.421484865354
2353,4827.405666183752
2354,4848.576034133645
2355,4868.377030005633
2356,4888.09499627311
2357,4905.936656332831
2358,4921.961512652051
2359,4936.173692302127
2360,4949.344819050662
2361,4959.753586919836
2362,4966.509552809033
2363,4970.760472348887
2364,4971.764829466236
2365,4970.202286823158
2366,4966.458915014576
2367,4961.611041340851
2368,4954.5405856908465
2369,4945.444363597025
2370,4935.148729865905
2371,4924.363504119947
2372,4912.527297352479
2373,4898.883473937424
2374,4884.098404067699
2375,4869.127169386252
2376,4854.229960963641
2377,4839.42162797526
2378,4824.961610670347
2379,4809.26451205642
2380,4792.641377403665
2381,4776.307118655529
2382,4760.049810933357
2383,4745.449347839594
2384,4730.304978584318
2385,4715.218428340066
2386,4700.889852159162
2387,4687.175552191909
2388,4671.518888210814
2389,4655.86347837983
2390,4643.71254752411
2391,4633.275596384534
2392,4625.064758511179
2393,4620.401767938358
2394,4616.344966140004
2395,4616.2807229002165
2396,4615.35879516703
2397,4612.2331851101835
2398,4603.841224471059
2399,4588.157821756519
2400,4567.939545732383
2401,4540.459293732428
2402,4508.77201848083
2403,4473.972608609565
2404,4436.848769664924
2405,4399.118529912478
2406,4361.073765075905
2407,4319.914937122077
2408,4277.22673658615
2409,4234.232541999701
2410,4191.5760008954
2411,4148.493342124818
2412,4109.052447416497
2413,4072.3544994887366
2414,4038.9991480939875
2415,4007.8574172974913
2416,3977.4505785300094
2417,3948.5193245014707
2418,3919.9407886557387
2419,3892.9976259394493
2420,3869.4075471161823
2421,3848.6839784190142
2422,3829.4031466688225
2423,3810.7624013257823
2424,3792.4729244340306
2425,3775.3591589155926
2426,3759.3708310492193
2427,3745.3560677369096
2428,3733.7220736313648
2429,3726.654994303113
2430,3724.7518807995743
2431,3726.0487893184268
2432,3730.3310618680553
2433,3739.2800517350197
2434,3750.6564926115193
2435,3764.842035696828
2436,3781.4982105472022
2437,3797.9045248156663
2438,3816.222686951316
2439,3837.2004402407447
2440,3858.922730116005
2441,3882.229575817948
2442,3905.322697319196
2443,3930.439239310017
2444,3955.238800086537
2445,3979.3243610154736
2446,4003.747436495739
2447,4030.7960429711006
2448,4062.3633994854476
2449,4099.198932388439
2450,4143.12201861368
2451,4181.335103629639
2452,4227.1366396828735
2453,4278.862840243202
2454,4331.6860842386695
2455,4383.304753976757
2456,4431.822916701996
2457,4476.987137569176
2458,4517.374172352274
2459,4553.606291400121
2460,4585.773281833776
2461,4613.861371228115
2462,4637.803794403802
2463,4656.0236774314335
2464,4667.614976363865
2465,4675.219757940777
2466,4679.578509682269
2467,4683.307479958684
2468,4683.991149068011
2469,4682.748541159138
2470,4679.541074167304
2471,4673.149382284216
2472,4664.052290473154
2473,4651.056357211491
2474,4634.499711827187
2475,4614.8980364868185
2476,4594.378771422649
2477,4572.691362825047
2478,4549.907115096452
2479,4525.33220125392
2480,4499.836832367686
2481,4474.049338219196
2482,4444.897508781025
2483,4419.0255754656255
2484,4396.09547940528
2485,4379.097656699511
2486,4366.703839245321
2487,4357.330829512678
2488,4353.662330803133
2489,4351.585934435598
2490,4348.451386423042
2491,4345.638359149292
2492,4343.480531770702
2493,4339.801323213435
2494,4332.546157807334
2495,4322.47654678926
2496,4308.36096396326
2497,4293.684858744912
2498,4275.376344617139
2499,4251.006753956519
2500,4220.20076824957
2501,4181.532527040859
2502,4137.9869314310445
2503,4091.9798130716963
2504,4044.755117828777
2505,3997.1534408608795
2506,3951.0582922549015
2507,3911.413782400042
2508,3876.923058826314
2509,3844.8422363504187
2510,3818.105108427051
2511,3795.685830160364
2512,3778.7834888699153
2513,3768.086589523917
2514,3763.123744497743
2515,3762.4669166820936
2516,3764.6281740726345
2517,3768.338332700204
2518,3772.7347406559284
2519,3776.9110845179334
2520,3781.4131133569726
2521,3785.618122310039
2522,3790.091433749568
2523,3794.55833481517
2524,3801.2557478652793
2525,3809.1652609915836
2526,3819.96161409646
2527,3832.671895814028
2528,3846.974302593776
2529,3860.6961371097896
2530,3873.546021575504
2531,3886.9437978196192
2532,3903.3738867238408
2533,3921.4386188385397
2534,3938.252628455401
2535,3955.498663213444
2536,3968.7921385418013
2537,3981.2774711149377
2538,3990.7225077096623
2539,3997.1521856049767
2540,4003.28286884184
2541,4008.5776190920387
2542,4011.3803643600254
2543,4009.712887960099
2544,4004.852441174783
2545,3997.993381367754
2546,3988.031412700923
2547,3976.6073494564653
2548,3964.087808706544
2549,3950.7552033693896
2550,3937.5736697052553
2551,3924.7610338857166
2552,3913.895684137104
2553,3906.5463468212815
2554,3899.5973163458084
2555,3895.1128638977475
2556,3894.352514916892
2557,3893.637335824324
2558,3896.273675265975
2559,3903.0276358654028
2560,3915.3529816216
2561,3929.708935760336
2562,3945.1650347922823
2563,3960.1687761714743
2564,3976.21259059822
2565,3990.1707091494886
2566,4004.612524177015
2567,4014.6126457038536
2568,4019.2649367681256
2569,4021.8277368424037
2570,4021.447447000968
2571,4016.5595637980955
2572,4009.3404162066176
2573,3999.523248181614
2574,3985.82487654345
2575,3970.3497979028193
2576,3952.5988233885773
2577,3935.116325076116
2578,3914.5640299820425
2579,3892.2975232469153
2580,3869.7913531210643
2581,3847.8243240791835
2582,3828.102460628758
2583,3810.1224260659437
2584,3792.655582303247
2585,3775.516247806068
2586,3757.229021604395
2587,3739.562821026485
2588,3720.6305368649064
2589,3702.1677156289124
2590,3683.614506963308
2591,3663.3249513286714
2592,3641.77013135074
2593,3618.2472829981016
2594,3595.3488094608383
2595,3571.1722306489282
2596,3545.2983805976164
2597,3518.107114006314
2598,3492.516120207195
2599,3467.8337547143337
2600,3445.9497836917185
2601,3425.3145384541176
2602,3405.9713246719766
2603,3386.829062763033
2604,3369.0788922567413
2605,3352.426649286308
2606,3339.2307060601092
2607,3331.6945899037364
2608,3327.8978562101156
2609,3326.190846808535
2610,3325.428425216977
2611,3325.874339647416
2612,3326.6031115142164
2613,3327.8450585124538
2614,3329.7182562381413
2615,3332.265184925435
2616,3334.521124334494
2617,3336.494901674515
2618,3339.4672267842884
2619,3344.8983262721586
2620,3355.7632229102783
2621,3373.3859269140876
2622,3388.717679397402
2623,3411.8715852491714
2624,3440.4510817982273
2625,3473.9086668149616
2626,3512.1665475912946
2627,3555.845446031439
2628,3604.8001515285114
2629,3657.863239390812
2630,3713.976650768021
2631,3772.6995200875494
2632,3832.8026715591805
2633,3894.3640878438277
2634,3958.067710040603
2635,4022.7749604337814
2636,4088.513769373784
2637,4154.705710585275
2638,4220.4887641408095
2639,4282.420746762221
2640,4341.199095281403
2641,4397.791015928072
2642,4450.892402519385
2643,4502.631089834784
2644,4552.478169282286
2645,4600.041278846542
2646,4644.631015814989
2647,4684.2935096009915
2648,4721.57020590846
2649,4753.258259044783
2650,4779.182943309884
2651,4798.434006875953
2652,4811.3595382671065
2653,4819.780306917406
2654,4824.188311571294
2655,4823.730284147431
2656,4819.691997152602
2657,4811.972352230059
2658,4797.754511126638
2659,4781.378581884832
2660,4762.572640911923
2661,4741.503705641409
2662,4718.918024009509
2663,4697.880100689494
2664,4675.461070506672
2665,4652.586149148346
2666,4628.07428798875
2667,4603.895198991693
2668,4579.803711353709
2669,4558.029904596529
2670,4538.315239736953
2671,4522.10672167835
2672,4508.836258434356
2673,4500.08964104185
2674,4494.53194964857
2675,4490.059168299966
2676,4485.3098866435275
2677,4478.726321581554
2678,4471.378390299766
2679,4464.98569008461
2680,4456.657817427299
2681,4444.085975992963
2682,4426.345616341981
2683,4403.4149417866065
2684,4374.199143685746
2685,4338.888014348953
2686,4295.994897853304
2687,4247.493347336484
2688,4193.727455231237
2689,4138.878576946058
2690,4079.861659783648
2691,4020.2599546571532
2692,3959.3948797261
2693,3896.9208108527796
2694,3834.6989609763327
2695,3772.0505652372226
2696,3711.7998788631644
2697,3655.4766988583606
2698,3604.358626110006
2699,3558.41251175421
2700,3516.1703644243357
2701,3477.184217624107
2702,3443.2833115374674
2703,3414.214627210282
2704,3393.517788600155
2705,3377.5492818125654
2706,3366.9606415758262
2707,3362.840860652161
2708,3364.359936287846
2709,3368.4488318694907
2710,3377.1140375635323
2711,3389.5526273923933
2712,3404.3963890936247
2713,3423.758746980255
2714,3446.2158752150235
2715,3472.3352833974177
2716,3503.424170065422
2717,3536.0739638109812
2718,3571.488982011289
2719,3609.4571057734393
2720,3650.580767234235
2721,3693.017751242027
2722,3735.7557639617717
2723,3781.039656176246
2724,3826.0297944504027
2725,3869.4272212909864
2726,3911.2657604186943
2727,3952.1972022238756
2728,3991.7869183870002
2729,4028.544866357014
2730,4062.5586856910395
2731,4094.355570770991
2732,4126.738932427644
2733,4160.369659829657
2734,4194.885022734333
2735,4234.444383797744
2736,4268.8610279229115
2737,4308.744400900653
2738,4354.081618140978
2739,4402.502429488269
2740,4453.636488817146
2741,4507.232918612921
2742,4562.116668292456
2743,4618.540113029596
2744,4675.463675344218
2745,4731.471958372527
2746,4785.667277916771
2747,4839.45394040035
2748,4895.040111630447
2749,4950.580526093394
2750,5006.382619827455
2751,5063.546627395334
2752,5121.085681913217
2753,5174.904409833016
2754,5225.506645945034
2755,5274.475244052349
2756,5320.14567197699
2757,5363.472347756026
2758,5404.754503758966
2759,5442.105595277476
2760,5476.435903550494
2761,5506.145591828844
2762,5531.188370753064
2763,5551.9563855065935
2764,5569.798316743977
2765,5583.786273238473
2766,5592.075992010358
2767,5596.7426214450525
2768,5596.912158678757
2769,5590.478915972924
2770,5578.658301955907
2771,5562.7533371422105
2772,5543.353717899215
2773,5519.466145990544
2774,5491.572557319197
2775,5461.769455875735
2776,5431.063119016622
2777,5398.812955021667
2778,5366.3503694125175
2779,5330.688413800753
2780,5292.507471312637
2781,5255.059469307069
2782,5217.653817217746
2783,5180.750656922971
2784,5144.864730536767
2785,5108.535217558496
2786,5073.613986102467
2787,5039.101475173542
2788,5005.431834019525
2789,4971.851355431494
2790,4938.029759463949
2791,4908.211161141593
2792,4879.476882448851
2793,4854.478059986165
2794,4830.750079695697
2795,4808.442707320919
2796,4786.085505584458
2797,4764.846987887227
2798,4743.953329805641
2799,4723.813606109796
2800,4703.87919382
2801,4686.790521343698
2802,4671.523975177906
2803,4657.352148114196
2804,4643.137527916051
2805,4628.467105249554
2806,4613.1588103093445
2807,4597.218433069622
2808,4579.8158665330475
2809,4563.081552528409
2810,4547.034103893007
2811,4529.274776198772
2812,4513.082210756904
2813,4496.374669127869
2814,4480.625048126748
2815,4466.808352302428
2816,4456.2526887527965
2817,4448.822042144735
2818,4444.0729075907275
2819,4440.120713144424
2820,4438.253221565271
2821,4438.272500651027
2822,4440.58765942174
2823,4445.763110697246
2824,4452.6713571455475
2825,4461.723920488974
2826,4471.4509640325505
2827,4483.3376083914545
2828,4496.289047444896
2829,4511.524837153298
2830,4528.95522543413
2831,4546.8686902753925
2832,4562.323482071389
2833,4575.649691068405
2834,4587.702893579025
2835,4600.4610597813
2836,4614.151058018672
2837,4627.211885587529
2838,4641.787272181617
2839,4654.7908791266
2840,4666.032008779134
2841,4677.820983678103
2842,4686.07721741268
2843,4690.796893411817
2844,4689.381344453501
2845,4684.003161086758
2846,4675.542430183371
2847,4664.163317076899
2848,4648.079634531607
2849,4628.897985342
2850,4612.209950547041
2851,4594.71376129032
2852,4574.682032039967
2853,4550.250704127185
2854,4521.568803146143
2855,4491.3504099199145
2856,4461.235639980663
2857,4430.4285063547095
2858,4399.199446921209
2859,4368.703415250346
2860,4339.86008043323
2861,4314.109443863658
2862,4289.408596928685
2863,4266.667205801291
2864,4245.987993576355
2865,4225.3224780205865
2866,4202.70889112138
2867,4181.851815674267
2868,4160.095519967719
2869,4140.084478507694
2870,4122.722879260812
2871,4107.186720249267
2872,4092.315094075769
2873,4078.087636849374
2874,4065.417997956165
2875,4054.4337133603094
2876,4045.9742517733534
2877,4041.302690930066
2878,4037.4479171330345
2879,4035.775429680514
2880,4035.467834918327
2881,4036.165764600593
2882,4035.1203480678096
2883,4035.102897248156
2884,4034.50327196116
2885,4033.280785126455
2886,4031.598001499458
2887,4027.0462203631914
2888,4019.3651707139607
2889,4011.089049733418
2890,4000.044365272089
2891,3986.893431571834
2892,3971.6878725729675
2893,3956.8738598297973
2894,3943.2090171098744
2895,3932.2796037872677
2896,3924.145533449701
2897,3918.937047976485
2898,3915.735648835951
2899,3915.1065087832785
2900,3917.96703960478
2901,3922.9493748208783
2902,3931.196884473943
2903,3940.8224283286513
2904,3953.213179509142
2905,3966.9893385333035
2906,3983.8536782969254
2907,3998.5256538912763
2908,4014.8383753529224
2909,4033.815650998531
2910,4053.0999883461086
2911,4075.289741521644
2912,4097.859938195587
2913,4121.074975720159
2914,4145.679340749132
2915,4169.984620114661
2916,4192.894158884777
2917,4214.869058027649
2918,4235.787747654276
2919,4254.993297792899
2920,4272.104003119934
2921,4288.345662673236
2922,4303.569838333256
2923,4318.4775469348615
2924,4333.105660408713
2925,4346.616962129884
2926,4358.885893414688
2927,4368.391043545746
2928,4376.252575952282
2929,4382.260849004331
2930,4384.637434309962
2931,4384.770473497038
2932,4386.315906497348
2933,4387.530802859061
2934,4389.7616000083535
2935,4392.447016634597
2936,4395.437110943841
2937,4401.83234655709
2938,4410.38896877539
2939,4421.835241276557
2940,4434.812977612776
2941,4449.305788467669
2942,4464.303189422132
2943,4476.752293831574
2944,4489.569808778553
2945,4502.814733713866
2946,4515.12168100356
2947,4528.963369522211
2948,4543.552900103652
2949,4556.030174329142
2950,4566.5198960294865
2951,4576.3045989453185
2952,4582.311916674225
2953,4585.64185944528
2954,4584.8985932866435
2955,4581.115525679887
2956,4575.658997103353
2957,4568.921314692721
2958,4560.70758125422
2959,4552.854076577257
2960,4544.450027049445
2961,4534.321113549852
2962,4523.656040992444
2963,4511.994613500131
2964,4501.849171581818
2965,4491.5421968690025
2966,4481.698748713338
2967,4471.573408198359
2968,4462.9647820942255
2969,4453.589646509051
2970,4445.41949283988
2971,4439.965024961272
2972,4437.179987541713
2973,4437.7654352916825
2974,4438.26534452387
2975,4440.909654386537
2976,4444.492694418991
2977,4449.76393591216
2978,4456.071300135037
2979,4463.437526044911
2980,4471.554164743344
2981,4480.321505071602
2982,4487.12331334591
2983,4493.097501495204
2984,4499.758599373604
2985,4508.61055410649
2986,4520.892583423058
2987,4534.774495528567
2988,4549.649550701853
2989,4567.054699278371
2990,4585.222540482098
2991,4603.43487292248
2992,4624.381992541525
2993,4647.666443254558
2994,4673.5690303855035
2995,4701.535444952866
2996,4729.146105873683
2997,4755.880398363139
2998,4779.87656180759
2999,4803.308501565407
3000,4825.74047733246
3001,4846.169136050254
3002,4865.36173294811
3003,4884.127052502861
3004,4900.532753945787
3005,4913.090206724548
3006,4921.370641051462
3007,4925.380431817385
3008,4924.495734984452
3009,4920.236559335917
3010,4911.407027086019
3011,4897.769323938583
3012,4881.4925052208155
3013,4863.7844237905665
3014,4843.8344086201605
3015,4822.400475169466
3016,4798.550583758659
3017,4772.834376870402
3018,4744.357998381266
3019,4713.22008596012
3020,4678.894994222656
3021,4649.032164411064
3022,4614.2326026381625
3023,4576.081501795292
3024,4536.398731040242
3025,4498.268513094628
3026,4461.52259870073
3027,4426.500295278444
3028,4394.383599430527
3029,4364.00440588359
3030,4335.333925601546
3031,4308.348911131053
3032,4283.329961916091
3033,4259.603478373183
3034,4237.247910696332
3035,4216.774715910259
3036,4196.027003627061
3037,4175.420598583819
3038,4154.152788368863
3039,4133.744468580789
3040,4111.284951911805
3041,4084.735931245095
3042,4056.641718407948
3043,4027.853045204972
3044,3996.400466847496
3045,3963.1892697206054
3046,3928.88063807277
3047,3894.0246030802814
3048,3859.4073754986784
3049,3825.706039151269
3050,3794.1655235789076
3051,3764.9654482028564
3052,3736.347374337147
3053,3709.6690182702637
3054,3684.5963784808905
3055,3658.269646579291
3056,3635.845592565241
3057,3616.446189412115
3058,3599.569852456346
3059,3588.353436314979
3060,3580.6885696771633
3061,3576.107789841264
3062,3576.041981631293
3063,3581.7004792731864
3064,3591.152870469152
3065,3605.6367485336054
3066,3624.760084462903
3067,3648.064879692529
3068,3676.459210000101
3069,3711.5749028554396
3070,3752.155735317499
3071,3796.834380354783
3072,3846.4696335711506
3073,3897.8111027299965
3074,3948.3535886911677
3075,3995.437435881652
3076,4039.8770694928435
3077,4080.0866835038405
3078,4115.069047693408
3079,4144.931252756508
3080,4171.3472100562485
3081,4195.306777076432
3082,4214.678465464713
3083,4232.882843793841
3084,4248.008331229694
3085,4260.34209882978
3086,4271.497919496043
3087,4281.6208619826
3088,4288.992019310853
3089,4295.21390446786
3090,4300.190325493499
3091,4303.59730275193
3092,4306.822204533354
3093,4309.423274422765
3094,4311.893159642079
3095,4313.92261945488
3096,4316.203060499581
3097,4317.268029753715
3098,4316.907990568667
3099,4314.033655729806
3100,4307.233230733528
3101,4297.828678640297
3102,4285.130323155321
3103,4270.829527335694
3104,4255.866171362044
3105,4240.5301082859405
3106,4223.685023915992
3107,4207.01730156338
3108,4190.059399769574
3109,4171.792921930081
3110,4152.433336116152
3111,4132.218612411227
3112,4109.423490347907
3113,4083.2883718822145
3114,4055.0838499593237
3115,4023.6455296209624
3116,3988.5178496336475
3117,3953.5545602381494
3118,3917.1135152704787
3119,3878.3346038485047
3120,3839.1070139416497
3121,3799.2146380795175
3122,3759.3804628678686
3123,3718.7989992124067
3124,3677.2333366176235
3125,3635.533736582276
3126,3593.3076301913843
3127,3549.546557580048
3128,3506.6367987204158
3129,3464.2418280713277
3130,3426.307887939439
3131,3390.6828031242994
3132,3358.6122371370498
3133,3329.2245921509952
3134,3303.4657355007885
3135,3281.055530215109
3136,3262.7069532732003
3137,3247.327882680261
3138,3233.2878320579093
3139,3218.724327314899
3140,3203.260226700268
3141,3188.8360748603045
3142,3175.40312811485
3143,3161.802036345527
3144,3148.81468094494
3145,3137.8352903191685
3146,3125.6622389182394
3147,3113.1766874035884
3148,3102.0075426061467
3149,3090.695145220126
3150,3078.372696283001
3151,3067.852686864445
3152,3055.365638546579
3153,3044.0083345461626
3154,3035.17143203344
3155,3030.1821282583205
3156,3029.1693757709
3157,3029.630811913494
3158,3032.5709038597583
3159,3036.2587202763143
3160,3038.4994526916366
3161,3042.9688165158077
3162,3048.6594105731438
3163,3053.1307396938178
3164,3055.7398287615024
3165,3058.0101754465
3166,3060.820371888956
3167,3063.726065121548
3168,3067.3185392109863
3169,3072.8703218748274
3170,3079.5935010884
3171,3086.316359205919
3172,3093.383696936499
3173,3101.172897163246
3174,3110.082977099902
3175,3121.0803060941416
3176,3133.780282788469
3177,3149.2315312942533
3178,3167.5767019548352
3179,3188.2258288909757
3180,3211.08108053809
3181,3236.093288919341
3182,3260.469855550973
3183,3284.2103464527827
3184,3307.1538448297124
3185,3331.522224894973
3186,3359.897933487202
3187,3387.845875616914
3188,3419.5902837840626
3189,3454.3532785152975
3190,3490.6495359033606
3191,3533.3727028743524
3192,3570.541858139115
3193,3613.8731547835096
3194,3662.9021578332727
3195,3715.2774216858074
3196,3770.4309740829394
3197,3826.1868435802744
3198,3879.5136141219214
3199,3933.238569320789
3200,3982.5460522312364
3201,4030.3130306738008
3202,4073.790932681863
3203,4113.4607410629715
3204,4149.530388847141
3205,4178.849827473587
3206,4202.1824293474465
3207,4221.696399823691
3208,4237.97085807821
3209,4249.40541023933
3210,4260.067051163278
3211,4268.5859823626415
3212,4273.131380079046
3213,4279.2448508621
3214,4285.957695266838
3215,4292.953784015927
3216,4301.72016635378
3217,4311.392609145318
3218,4318.925424063866
3219,4323.287891364613
3220,4326.749790796998
3221,4325.453085199806
3222,4317.347937250088
3223,4307.868199971498
3224,4294.793989250776
3225,4278.8454327230775
3226,4259.661657832061
3227,4239.38620102647
3228,4218.259194969705
3229,4198.1543107272855
3230,4176.498449717633
3231,4155.165308428665
3232,4133.349905902902
3233,4108.9726975667345
3234,4085.5763135071525
3235,4063.6579009213733
3236,4041.2517774457965
3237,4019.61086697088
3238,4001.647212500133
3239,3985.692224696493
3240,3968.773336962873
3241,3951.7695734888566
3242,3936.151873499974
3243,3924.1267438981613
3244,3913.5606399185167
3245,3904.031277707207
3246,3898.3823327561304
3247,3896.7152936405346
3248,3898.522193575675
3249,3900.094196519247
3250,3902.951442724394
3251,3909.4942840100266
3252,3917.5857026559024
3253,3922.0244621988636
3254,3921.244048190487
3255,3920.6613850105177
3256,3918.6744117211483
3257,3917.36803538717
3258,3917.6578606023327
3259,3917.109494318912
3260,3915.5853884121525
3261,3912.471102305932
3262,3908.256791315075
3263,3904.2336546857573
3264,3898.842459353202
3265,3893.5870850925694
3266,3887.8300126524523
3267,3880.168702261626
3268,3872.9190985442256
3269,3864.3823375901848
3270,3855.553515701231
3271,3848.335484362821
3272,3843.6226557489485
3273,3841.358706274719
3274,3842.0887260201293
3275,3846.9255013321667
3276,3859.8948795910746
3277,3877.0804784869392
3278,3897.1805570639553
3279,3917.2235828407383
3280,3938.9117495705186
3281,3962.927222507878
3282,3988.788456050737
3283,4016.928751567664
3284,4050.243717625858
3285,4084.6179103340064
3286,4120.2868372745515
3287,4156.325328790491
3288,4192.65658846528
3289,4229.437898917919
3290,4268.943054113922
3291,4309.300423392974
3292,4347.78536463222
3293,4385.879018135863
3294,4421.562135631294
3295,4454.66535442379
3296,4485.2717786028425
3297,4511.808200926797
3298,4533.449324125282
3299,4549.881588126863
3300,4562.683070920492
3301,4571.888785650157
3302,4581.150863863293
3303,4592.904320530665
3304,4605.008874303733
3305,4622.8463141977345
3306,4638.364886905516
3307,4659.017078227529
3308,4680.92173974707
3309,4702.762372181196
3310,4723.61387301769
3311,4742.519014975813
3312,4758.421001222597
3313,4769.543802921262
3314,4776.448051439014
3315,4785.52073582362
3316,4794.943297663689
3317,4803.833231621823
3318,4809.521395883827
3319,4811.878076708689
3320,4812.618581481522
3321,4812.148113367512
3322,4810.176071385069
3323,4807.024449976327
3324,4804.117506487648
3325,4801.358247916261
3326,4798.383599813875
3327,4794.03628991347
3328,4786.9012434794295
3329,4778.062395321121
3330,4770.334381779329
3331,4765.6513399617315
3332,4761.986929545328
3333,4761.258441787628
3334,4764.016078263641
3335,4764.846516484059
3336,4761.955487332556
3337,4755.236162576091
3338,4741.138337045318
3339,4722.575129060613
3340,4705.571325783288
3341,4690.566391499869
3342,4676.846872768773
3343,4663.436877628597
3344,4649.774238719002
3345,4635.953819418669
3346,4618.538380366588
3347,4596.593222022426
3348,4572.164802374367
3349,4548.29232066151
3350,4521.375365532886
3351,4493.811676028846
3352,4465.372523495867
3353,4436.602307892211
3354,4404.5801347338065
3355,4373.149929850963
3356,4338.094418402769
3357,4302.10904629041
3358,4267.178611558252
3359,4235.41301153809
3360,4208.10418262804
3361,4183.478363126536
3362,4161.638585563738
3363,4142.637979084104
3364,4126.900559338959
3365,4113.591453456537
3366,4101.600928345142
3367,4084.730584674963
3368,4069.9931243659803
3369,4054.898094336888
3370,4036.8675648795793
3371,4018.2429391895794
3372,3997.7880914974926
3373,3979.0584963306655
3374,3962.2212105025287
3375,3949.2296562047277
3376,3936.9754013042048
3377,3924.648190738462
3378,3912.6941144006696
3379,3897.2748734892302
3380,3880.4148014333014
3381,3859.4168823914792
3382,3835.012927761611
3383,3811.5027262381177
3384,3784.7115844949385
3385,3756.5180543214046
3386,3727.2718679181003
3387,3698.9223265293163
3388,3669.7888628678847
3389,3643.337337864063
3390,3621.437101064541
3391,3602.3011769292766
3392,3582.0747314787973
3393,3560.078951763054
3394,3536.128149512391
3395,3511.471772257081
3396,3486.969027917583
3397,3464.7090554021192
3398,3443.5935992577506
3399,3424.1412428187587
3400,3408.3105909023407
3401,3397.360859479811
3402,3389.760157636101
3403,3387.6653853384964
3404,3390.29229167395
3405,3394.4555496675007
3406,3404.4078356143973
3407,3417.5350030728187
3408,3432.2812787912944
3409,3447.9731378044776
3410,3464.0534641987538
3411,3480.051758020708
3412,3497.3780684772846
3413,3516.2186585823815
3414,3535.346188793832
3415,3557.0242173664647
3416,3580.178722332175
3417,3604.4016603415635
3418,3631.866511842662
3419,3660.5004818019647
3420,3685.412035666558
3421,3713.757215605826
3422,3744.2998538571383
3423,3774.1061449556514
3424,3802.6971108365087
3425,3830.268113253723
3426,3856.445207735849
3427,3880.8664990817033
3428,3906.125283409472
3429,3931.36515309848
3430,3955.388950126404
3431,3979.1075878288884
3432,4000.394916760896
3433,4019.3973665319554
3434,4036.351878677138
3435,4054.2718071842537
3436,4072.7657141680725
3437,4091.24005270658
3438,4110.962574614138
3439,4131.025421089592
3440,4151.857453710085
3441,4172.310227464598
3442,4191.396979828893
3443,4207.960185402049
3444,4224.796125251745
3445,4242.126139209061
3446,4260.994018809803
3447,4279.05126325257
3448,4296.3862158523125
3449,4314.889641544637
3450,4332.653402331405
3451,4346.81770388889
3452,4360.618050218501
3453,4372.15362647773
3454,4381.749338027177
3455,4388.3530364343505
3456,4393.400082393688
3457,4396.431098764902
3458,4396.508334415362
3459,4397.032834618032
3460,4395.157232360832
3461,4391.871262725261
3462,4387.463819293023
3463,4379.958764924102
3464,4369.230920100624
3465,4356.805789685846
3466,4341.589943755052
3467,4322.45229296334
3468,4299.829659110601
3469,4274.181350486774
3470,4244.2033962910255
3471,4210.213436601527
3472,4175.870805380858
3473,4144.476990812211
3474,4118.512513236479
3475,4094.2612071350213
3476,4076.6411218588332
3477,4061.3116476685495
3478,4050.4572850238933
3479,4043.5105278247534
3480,4036.693163318379
3481,4031.053217318703
3482,4024.1003154253654
3483,4013.9981203639854
3484,4001.1619231712048
3485,3985.5729648017677
3486,3968.1544949100094
3487,3950.596491690823
3488,3934.0835781353335
3489,3916.948530291948
3490,3899.4153115504178
3491,3884.9546326031414
3492,3872.669510450085
3493,3863.094180343214
3494,3857.8305182033223
3495,3854.520175990622
3496,3853.66555328896
3497,3853.719461237416
3498,3853.400631225072
3499,3855.357849275208
3500,3859.426141336524
3501,3865.2551901334946
3502,3871.692124121432
3503,3879.142483559155
3504,3887.430521510538
3505,3896.4399585502924
3506,3906.6677214709257
3507,3915.4414513174793
3508,3924.6092975221354
3509,3931.7602269243234
3510,3937.9203965779793
3511,3944.0865473780455
3512,3950.108362319584
3513,3957.225942695132
3514,3966.6221684631614
3515,3973.3019982029996
3516,3979.883590643942
3517,3983.884665783094
3518,3987.65523531973
3519,3990.201133105076
3520,3991.727014589482
3521,3991.8429755453485
3522,3991.0758388418926
3523,3988.782906515782
3524,3984.3174916134903
3525,3975.2015546634975
3526,3962.3866561621426
3527,3943.566181024439
3528,3918.5100126096468
3529,3891.0239114884093
3530,3864.0157439834034
3531,3836.5703929814
3532,3808.6443159237238
3533,3783.8442315226384
3534,3762.268158093694
3535,3742.7178525448576
3536,3727.054508892211
3537,3717.6192137212042
3538,3715.6663774770445
3539,3720.3728580204383
3540,3733.0304130303343
3541,3754.583742835002
3542,3779.163960742469
3543,3808.7440299486584
3544,3837.9557571589403
3545,3868.8437160330805
3546,3900.5738982426324
3547,3936.296116655333
3548,3973.6361368506696
3549,4011.014277971448
3550,4047.330118833801
3551,4080.6265857390076
3552,4109.80732757839
3553,4133.302227384583
3554,4152.962054456912
3555,4172.696274439462
3556,4189.885839527569
3557,4207.976787083107
3558,4224.373179006078
3559,4236.617931292486
3560,4245.535034690221
3561,4249.9533223881435
3562,4252.083462516981
3563,4254.122407979759
3564,4255.628879692278
3565,4255.622827922835
3566,4254.401911492067
3567,4249.760615785973
3568,4241.198056877825
3569,4232.164670771881
3570,4222.276408252172
3571,4209.242115081014
3572,4196.624985994496
3573,4182.895489463268
3574,4171.681210187487
3575,4162.199413617789
3576,4154.933320275486
3577,4149.415883886018
3578,4145.327184995646
3579,4142.455197453493
3580,4141.3209020825
3581,4141.010781071721
3582,4142.319327020329
3583,4146.635459150961
3584,4152.802110791217
3585,4160.394079323954
3586,4167.195789395683
3587,4172.0285094152005
3588,4171.054374547717
3589,4163.381323348832
3590,4146.4564306747825
3591,4131.73177404836
3592,4106.7018382741035
3593,4074.2665119521
3594,4038.6079455673616
3595,4003.363110957378
3596,3969.138253515126
3597,3938.8287362827255
3598,3913.6032345616286
3599,3890.8336807242836
3600,3870.5720257136973
3601,3855.0593009419763
3602,3842.91786763261
3603,3834.4835257003624
3604,3828.9179015911404
3605,3826.4489256332954
3606,3826.6041366973313
3607,3827.210250944712
3608,3824.9321225140666
3609,3821.4934073185705
3610,3816.7399599595888
3611,3811.134482774284
3612,3803.2988753320933
3613,3793.965003649253
3614,3785.253018557578
3615,3775.8955646434497
3616,3765.5846595907637
3617,3756.8410549043083
3618,3749.8655730589126
3619,3743.280174012342
3620,3739.168670718925
3621,3737.7371718554673
3622,3736.201995795419
3623,3734.8229293781114
3624,3735.6591467744092
3625,3738.2792272006
3626,3743.368630071106
3627,3748.8385695373718
3628,3753.7144627710945
3629,3758.0917083692684
3630,3763.4884087448404
3631,3773.037315142669
3632,3785.8984047777885
3633,3803.6579421625383
3634,3827.940728842348
3635,3856.23640508627
3636,3888.9750395656656
3637,3923.2220955187686
3638,3960.159153930224
3639,4002.8266086536246
3640,4049.283626077742
3641,4098.736135995279
3642,4152.525182308321
3643,4210.575057050986
3644,4268.780082346193
3645,4325.120002655234
3646,4378.3794349425325
3647,4426.0251046931035
3648,4467.476837376101
3649,4507.147709805249
3650,4544.125939608604
3651,4576.0037164987125
3652,4605.173348690073
3653,4631.535330334305
3654,4654.699515708295
3655,4673.730927471903
3656,4690.0878257430695
3657,4706.888522891262
3658,4723.717448448285
3659,4742.633312244147
3660,4763.15374574995
3661,4783.892117608265
3662,4807.0730996146995
3663,4832.794835614879
3664,4861.292056085842
3665,4891.774294808536
3666,4925.296974796444
3667,4961.540944461761
3668,4997.483522422511
3669,5031.355606623765
3670,5063.812988973211
3671,5095.860110972563
3672,5128.427313000306
3673,5164.7737460545895
3674,5201.6825490275205
3675,5237.824115873344
3676,5275.394577865807
3677,5309.493703110733
3678,5341.672928342811
3679,5370.07911757997
3680,5397.148087217759
3681,5421.38355722678
3682,5441.5557280908815
3683,5460.368100752025
3684,5474.835919464755
3685,5484.841857218316
3686,5491.096739918941
3687,5494.587412940974
3688,5495.531865650853
3689,5494.374363966015
3690,5490.3861961098455
3691,5483.33868179879
3692,5473.196159415714
3693,5459.557367560378
3694,5440.686550698728
3695,5417.6951311680605
3696,5392.0697353342575
3697,5361.617080630909
3698,5328.089100826949
3699,5290.9012675632775
3700,5249.386432455928
3701,5206.1717431258285
3702,5159.004254021916
3703,5108.616861011295
3704,5056.760449669267
3705,5011.645371801701
3706,4962.799979682076
3707,4913.759493910453
3708,4865.103941402487
3709,4814.726137152445
3710,4763.045299203982
3711,4711.998018457137
3712,4660.391214004653
3713,4610.603432399749
3714,4559.322255786696
3715,4508.448124621389
3716,4457.092932946065
3717,4406.025817177501
3718,4356.612971959896
3719,4310.4059345078795
3720,4266.033601083314
3721,4223.104011779538
3722,4183.563235680237
3723,4144.197062056274
3724,4104.347494478935
3725,4063.2164973647746
3726,4021.327407395066
3727,3979.4370745262154
3728,3938.9674007395397
3729,3895.5094482050745
3730,3851.9413175238965
3731,3804.808899577827
3732,3756.923751537171
3733,3708.8253366338195
3734,3659.9311621429306
3735,3611.047851834582
3736,3565.2288981634506
3737,3522.9865186211377
3738,3485.2123340404614
3739,3451.8012912717927
3740,3422.9153657680954
3741,3401.4304372326287
3742,3383.1931377701108
3743,3371.4804686461484
3744,3366.9362544761548
3745,3367.2174398640036
3746,3371.3782953787545
3747,3380.543523091933
3748,3395.516484330255
3749,3414.6388390657135
3750,3436.4828290095847
3751,3460.411906074398
3752,3489.092119828145
3753,3520.4855273984467
3754,3553.2960192295445
3755,3588.257475376685
3756,3626.515081623308
3757,3669.889869546834
3758,3713.041789506295
3759,3755.8122137572204
3760,3796.619715683467
3761,3837.974411764669
3762,3873.9529973553153
3763,3909.636177952625
3764,3940.7132429521494
3765,3967.391145599497
3766,3991.1576793659046
3767,4012.0465930259684
3768,4029.013675030931
3769,4040.1282725566753
3770,4048.9813343296423
3771,4051.9182642861742
3772,4049.9969875758125
3773,4040.9501696418333
3774,4027.5073160279217
3775,4011.964294714347
3776,3993.5591559693917
3777,3974.391349613829
3778,3953.021615991996
3779,3934.033639594996
3780,3918.4436194661375
3781,3906.1394594055264
3782,3895.4223422803825
3783,3883.406000374755
3784,3870.978580488866
3785,3858.3049068001046
3786,3845.2713868736946
3787,3831.7413359076754
3788,3820.5203410982454
3789,3808.1396785916613
3790,3795.2099948933505
3791,3779.25307020852
3792,3760.325668494047
3793,3737.8185217536957
3794,3713.7947305225402
3795,3685.7854732875608
3796,3657.738030524364
3797,3627.583072669399
3798,3595.3634621958868
3799,3561.55918619591
3800,3526.5170076082304
3801,3492.340473176605
3802,3456.6459089682826
3803,3421.6918359102087
3804,3385.1877895091166
3805,3349.6096499932196
3806,3315.901898630922
3807,3284.653939000947
3808,3255.2318669669307
3809,3227.452142878742
3810,3200.1947799009968
3811,3173.6471342082386
3812,3146.5927102977844
3813,3119.1624746299954
3814,3091.8962037149754
3815,3068.3653626720684
3816,3046.6810530163552
3817,3024.513212562721
3818,3007.110142249695
3819,2991.969471077363
3820,2980.553127030519
3821,2968.768068644849
3822,2957.1567834301036
3823,2946.335888045243
3824,2934.764844679197
3825,2922.023295843571
3826,2909.8617822923975
3827,2896.624145473882
3828,2887.025841145388
3829,2879.4928929645894
3830,2874.153845371821
3831,2871.965547837064
3832,2870.6512505207643
3833,2869.794010789178
3834,2871.938366914254
3835,2876.5624351361794
3836,2880.3970337000683
3837,2887.1016334769474
3838,2896.958485938383
3839,2910.149273401407
3840,2925.2679177102077
3841,2941.881378979997
3842,2957.5143134131804
3843,2972.288136334942
3844,2988.220872906526
3845,3003.0810586803
3846,3018.256811472052
3847,3033.5134359813064
3848,3048.75762157116
3849,3065.2074161002774
3850,3082.8059691679255
3851,3103.498356617536
3852,3124.4537280056766
3853,3144.7146700020357
3854,3167.3573084428526
3855,3190.984527296996
3856,3217.3804481587777
3857,3243.105076001079
3858,3271.2209357246115
3859,3302.378311468114
3860,3333.1366849775686
3861,3362.753824396835
3862,3391.9803454807115
3863,3421.474166300767
3864,3450.784709139599
3865,3478.715312060294
3866,3507.778553827183
3867,3536.570850391642
3868,3563.595944065524
3869,3588.404801671742
3870,3612.188910237505
3871,3636.6261656740962
3872,3660.768301069987
3873,3684.860630482756
3874,3711.77733862967
3875,3743.325431827158
3876,3770.7722729089724
3877,3801.453782057871
3878,3835.597039907284
3879,3872.34358415379
3880,3911.1893003073574
3881,3950.6887658023575
3882,3990.32677637735
3883,4029.0045976644856
3884,4067.63724305995
3885,4104.956167047753
3886,4140.031224258964
3887,4171.385107697662
3888,4199.149821572345
3889,4223.634466922743
3890,4246.850996771543
3891,4267.796535055489
3892,4288.029124789072
3893,4307.303904105836
3894,4325.025403977031
3895,4343.755026925538
3896,4362.260812263441
3897,4381.738638332055
3898,4404.669641805015
3899,4427.544130566714
3900,4453.234843881855
3901,4480.831452680941
3902,4508.456104704467
3903,4535.11625970505
3904,4561.312034161276
3905,4586.421153877712
3906,4611.574230443157
3907,4635.671163808814
3908,4659.091020417298
3909,4680.419905249568
3910,4701.200647613145
3911,4721.908949065786
3912,4741.855741709702
3913,4760.146625573342
3914,4776.852148545984
3915,4793.674707204907
3916,4811.0192983552215
3917,4826.667183223342
3918,4842.247567613485
3919,4855.418308084536
3920,4866.0761058514645
3921,4874.1094283212515
3922,4879.521453485819
3923,4883.707087100548
3924,4888.400665749963
3925,4893.142462110438
3926,4898.194990355743
3927,4903.016314334674
3928,4906.229334328272
3929,4909.7303314005985
3930,4912.59826432996
3931,4914.50516268678
3932,4917.01671408396
3933,4919.201763799508
3934,4922.119428596868
3935,4924.338548776838
3936,4924.918822518775
3937,4922.458551911408
3938,4917.58233672798
3939,4909.346416397002
3940,4898.3560097136915
3941,4882.152910602682
3942,4862.65206554693
3943,4840.738693918396
3944,4817.466488533704
3945,4792.423547041075
3946,4763.27655259459
3947,4733.8854986567885
3948,4704.534200122916
3949,4676.46238101507
3950,4648.615094378224
3951,4621.126208587453
3952,4594.735016627278
3953,4568.741377667849
3954,4545.622910628223
3955,4522.2517174979785
3956,4499.719271658142
3957,4478.021733517616
3958,4456.523493760505
3959,4431.273399349114
3960,4407.0860640154815
3961,4382.753737500152
3962,4358.282147018435
3963,4333.752996010859
3964,4312.019214640257
3965,4292.458402035923
3966,4274.478387475171
3967,4258.986655047365
3968,4246.482682173295
3969,4238.262857677354
3970,4230.558314216906
3971,4225.265420468967
3972,4223.488452174867
3973,4220.7485831796985
3974,4218.783088935816
3975,4218.66747584733
3976,4218.355906294453
3977,4215.363967175653
3978,4208.828322860595
3979,4201.181547005463
3980,4191.929275662898
3981,4182.946148705275
3982,4177.760791120596
3983,4173.474985957949
3984,4171.650084908
3985,4168.605111889578
3986,4164.024851095924
3987,4161.85604780929
3988,4165.936864640743
3989,4175.622891172061
3990,4184.049734254308
3991,4197.893014054448
3992,4218.935520758897
3993,4243.47421351595
3994,4272.759729011392
3995,4303.71827794296
3996,4334.901953014805
3997,4366.665067524927
3998,4397.165415344305
3999,4429.969264520437
4000,4458.911773675331
4001,4486.594935168211
4002,4513.369337776531
4003,4537.638772833128
4004,4562.30724925862
4005,4585.728059909776
4006,4605.851460567534
4007,4625.371753804414
4008,4645.186521247992
4009,4666.178472749338
4010,4687.746875950007
4011,4710.202838851034
4012,4732.375759978702
4013,4754.488592921988
4014,4773.995949647349
4015,4787.737875622475
4016,4796.995240119211
4017,4802.638182372669
4018,4804.654051517618
4019,4801.0076570173005
4020,4792.2082499380695
4021,4781.853192934215
4022,4767.204175374422
4023,4750.840394706277
4024,4731.607444374273
4025,4709.831926535919
4026,4686.476058537716
4027,4662.972616466627
4028,4640.869975744642
4029,4619.78766026691
4030,4601.2209708581195
4031,4581.427592999911
4032,4559.355310182393
4033,4537.052903926995
4034,4511.992509391969
4035,4486.579881458978
4036,4459.350291813046
4037,4429.9896095351505
4038,4397.275694749325
4039,4361.662680120179
4040,4322.335080122588
4041,4278.983723759858
4042,4231.775443990718
4043,4182.276774571722
4044,4131.53217242901
4045,4078.5962851943436
4046,4025.9756638767485
4047,3980.195723330441
4048,3933.606133989415
4049,3885.6549491860997
4050,3838.5927147341176
4051,3791.868773649322
4052,3746.3817549508194
4053,3700.4405501930405
4054,3655.6393910341194
4055,3610.3766635414877
4056,3563.1533126955546
4057,3516.3587876273286
4058,3470.6019731727233
4059,3425.9903054534047
4060,3381.115920513106
4061,3337.541759243581
4062,3295.1133664370072
4063,3252.947174819799
4064,3211.576604317959
4065,3171.563155773385
4066,3132.8135806245496
4067,3093.867576942635
4068,3056.9944183639127
4069,3020.5960352992684
4070,2986.637261631496
4071,2953.7602530967497
4072,2919.952288100888
4073,2884.739140573841
4074,2850.6146980040303
4075,2816.8804347143328
4076,2782.640729757103
4077,2748.578975180142
4078,2714.115590826006
4079,2680.875553682322
4080,2647.6137875873314
4081,2613.884940422276
4082,2583.349314279427
4083,2554.95359980849
4084,2529.856423019679
4085,2508.428077745216
4086,2491.998922303249
4087,2482.2132318150943
4088,2478.915456315392
4089,2480.052449804291
4090,2485.7032382378084
4091,2495.2613989973183
4092,2507.660585932534
4093,2524.2451385165364
4094,2546.094829168572
4095,2572.7173811920266
4096,2605.040700848107
4097,2642.6815085226294
4098,2684.9439243074194
4099,2732.8803149587584
4100,2784.3508578018154
4101,2840.8741963342627
4102,2900.6608488488228
4103,2963.534835273588
4104,3018.2352034631344
4105,3075.5893132483316
4106,3133.3332806369917
4107,3190.9487213446787
4108,3247.0191454001574
4109,3299.8904490208424
4110,3348.617122981953
4111,3392.385407900271
4112,3432.5676601477735
4113,3468.987111149874
4114,3499.5650839549853
4115,3523.4445934906616
4116,3543.2036555864884
4117,3558.826536199351
4118,3574.141213878995
4119,3587.863500121811
4120,3601.233923456611
4121,3615.3298146967763
4122,3628.1007825290812
4123,3642.275603580731
4124,3657.170182880961
4125,3673.9123577474347
4126,3691.015347536813
4127,3708.2492143567624
4128,3726.8133790677252
4129,3744.814511561448
4130,3763.2755267061625
4131,3782.336003356426
4132,3801.397643253365
4133,3819.8749488762132
4134,3835.5815340164745
4135,3846.047469442635
4136,3853.8476134970965
4137,3857.817104689359
4138,3857.7764819699705
4139,3851.9988417450318
4140,3842.0410138083057
4141,3826.881723290461
4142,3806.0423399445854
4143,3782.049003640376
4144,3752.3265380131593
4145,3719.894200231704
4146,3684.982565137348
4147,3646.1246418166184
4148,3605.1813677862156
4149,3563.331080827595
4150,3519.5147750145616
4151,3474.201646188966
4152,3428.4817493428145
4153,3383.8145281283505
4154,3338.8224165756624
4155,3295.2914876645027
4156,3253.9439989004154
4157,3217.8710104003917
4158,3185.7864271506296
4159,3159.357655322711
4160,3139.4821680077957
4161,3122.19049404382
4162,3112.4378101999177
4163,3108.612570247754
4164,3109.454136010568
4165,3116.927181864117
4166,3130.1490689942484
4167,3146.0626308243313
4168,3165.4356522953194
4169,3186.2359161471804
4170,3208.7245908665473
4171,3231.9734392384516
4172,3257.458069636885
4173,3283.180030705146
4174,3310.9404492809845
4175,3340.4646533047808
4176,3371.823775022116
4177,3403.4903030166083
4178,3434.086025719585
4179,3462.496780081511
4180,3491.8486519257704
4181,3519.4605060092954
4182,3546.1402487882638
4183,3570.4046448340105
4184,3593.5621884555053
4185,3612.388431748036
4186,3630.149133342521
4187,3648.5793476371928
4188,3669.029227013542
4189,3691.409762141838
4190,3713.1253483903815
4191,3735.9255691086532
4192,3758.3854495382834
4193,3781.474196526703
4194,3803.6258965621837
4195,3826.113689390313
4196,3852.1644253333334
4197,3880.112433885508
4198,3909.3866232818655
4199,3936.757954194779
4200,3964.7939191301525
4201,3992.037634670304
4202,4016.893290507157
4203,4040.0841439486303
4204,4061.8885500262454
4205,4081.0697983103382
4206,4096.0376744794885
4207,4107.733956728941
4208,4115.0959659287655
4209,4117.743545623368
4210,4117.141571427619
4211,4110.872906011325
4212,4098.363264411028
4213,4080.519885564987
4214,4059.462594681595
4215,4034.569991124191
4216,4006.377620959307
4217,3979.931350856912
4218,3956.923095867829
4219,3935.0200194834815
4220,3914.056101400612
4221,3892.600405645483
4222,3873.83849485789
4223,3856.5437584874207
4224,3844.4327141614135
4225,3836.5794752918596
4226,3832.266665700144
4227,3831.700204543657
4228,3835.0359913633206
4229,3841.93260268393
4230,3853.8112195480107
4231,3870.6550447784016
4232,3891.2464432656316
4233,3915.0819598749367
4234,3939.617688019987
4235,3963.6086150179544
4236,3986.943457665774
4237,4011.412749727132
4238,4036.1872392272976
4239,4063.597454006789
4240,4092.838806494596
4241,4123.78157132625
4242,4154.209756643644
4243,4185.530440093439
4244,4215.639094885297
4245,4243.492017604516
4246,4269.952931560812
4247,4295.181225267352
4248,4320.849499767716
4249,4346.962471920824
4250,4374.290974227003
4251,4401.271896763546
4252,4427.127632775237
4253,4453.026260780012
4254,4478.125056687508
4255,4501.499639628545
4256,4524.706973175939
4257,4545.724100158096
4258,4567.868187541887
4259,4589.731094582758
4260,4612.065520866822
4261,4634.507740078466
4262,4657.298889038647
4263,4682.147969834852
4264,4704.315018834556
4265,4727.610946190701
4266,4751.103852239098
4267,4774.090704875187
4268,4801.501240122407
4269,4827.206153488911
4270,4851.475390395974
4271,4871.004252421662
4272,4883.62757867228
4273,4890.992232861825
4274,4890.747992240621
4275,4890.535502900173
4276,4880.990049128876
4277,4867.269021436417
4278,4849.9312035914845
4279,4828.929063769727
4280,4807.2204907003525
4281,4785.11760423366
4282,4764.172100242364
4283,4744.887008609474
4284,4727.612683738659
4285,4711.048356602162
4286,4699.133087159189
4287,4690.533283807778
4288,4686.320553340563
4289,4686.424693910973
4290,4690.714719583344
4291,4695.869826625429
4292,4702.390190100234
4293,4709.919742768592
4294,4718.587708958148
4295,4730.355935108044
4296,4746.962788860065
4297,4766.841582859486
4298,4788.865400460511
4299,4810.646374661585
4300,4832.37571642702
4301,4854.136248420245
4302,4874.045971173264
4303,4893.848591102925
4304,4913.831081700911
4305,4934.861206795753
4306,4956.106672985116
4307,4977.159365592169
4308,4997.626798579906
4309,5018.293439908783
4310,5037.040891834803
4311,5056.588325872742
4312,5075.460273274128
4313,5091.923489809961
4314,5106.403839186023
4315,5119.591819427519
4316,5133.37003199915
4317,5145.319332564306
4318,5154.707647176634
4319,5163.085463043535
4320,5168.155006144181
4321,5170.736575743291
4322,5172.623068372329
4323,5173.43489828609
4324,5171.401934347929
4325,5168.817254773658
4326,5167.047035833593
4327,5163.198983909199
4328,5156.390112512085
4329,5146.01574889567
4330,5128.8087462470985
4331,5105.416937785647
4332,5085.066064424183
4333,5056.425265958178
4334,5020.430080209048
4335,4980.270134215883
4336,4935.703451627265
4337,4886.884459203315
4338,4831.800324688556
4339,4771.326539930134
4340,4704.843897583405
4341,4635.0101099833955
4342,4562.431994056628
4343,4486.408684521889
4344,4409.01037141711
4345,4330.6870273978975
4346,4253.392707331803
4347,4176.7377000259285
4348,4102.189855570556
4349,4030.5520112418044
4350,3961.8634564656754
4351,3895.3789389021163
4352,3830.70259651022
4353,3767.740972891909
4354,3706.4272576618923
4355,3647.723780637666
4356,3593.032457808204
4357,3543.9489988470477
4358,3499.323522756862
4359,3458.7498541321784
4360,3423.4587130958744
4361,3393.044559984826
4362,3365.0719682382955
4363,3339.760655835061
4364,3317.5689666450344
4365,3298.614618884486
4366,3282.775044355096
4367,3271.165926029742
4368,3264.397666492624
4369,3263.562679871776
4370,3266.822483331105
4371,3274.281503849086
4372,3284.8794853774557
4373,3298.302952777459
4374,3315.0171093937593
4375,3337.5441918345687
4376,3366.026639170317
4377,3397.725553318827
4378,3432.5078932723677
4379,3471.026824067615
4380,3512.291578596829
4381,3557.6127814782594
4382,3606.2651073037714
4383,3659.983927907191
4384,3718.7851166964456
4385,3781.253856380195
4386,3846.624609146214
4387,3914.031186155198
4388,3983.74483164556
4389,4044.395703222175
4390,4108.167246169511
4391,4172.39931602363
4392,4235.838507958006
4393,4295.35726070762
4394,4350.0989291983515
4395,4400.098920254278
4396,4445.303997228441
4397,4485.18740286198
4398,4522.101341376805
4399,4555.217132610801
4400,4584.372368118417
4401,4607.672037168563
4402,4627.69216486241
4403,4644.42791672378
4404,4657.562753864712
4405,4669.452127615023
4406,4678.309964084799
4407,4683.050423534463
4408,4685.054668001423
4409,4684.3252556148855
4410,4681.035415066104
4411,4672.096621410904
4412,4660.306009971207
4413,4646.147176204694
4414,4630.830000326677
4415,4613.66057472015
4416,4594.533819108277
4417,4573.128036101901
4418,4550.507431655651
4419,4524.873814937362
4420,4497.327627009183
4421,4468.745168468957
4422,4439.826657121598
4423,4412.170312095571
4424,4385.41314394722
4425,4360.150748082475
4426,4337.044141894816
4427,4315.035703281676
4428,4293.453562436571
4429,4274.75630435566
4430,4257.159670988506
4431,4242.650452887839
4432,4227.828438946085
4433,4213.276209626563
4434,4197.426389780814
4435,4180.240413736957
4436,4161.490361257054
4437,4143.297916349161
4438,4122.226147441638
4439,4099.570579000677
4440,4075.240843070371
4441,4049.872420109882
4442,4026.3388424164004
4443,4005.601040375215
4444,3987.4130123721807
4445,3977.5126955064275
4446,3968.899419833222
4447,3966.330834859489
4448,3971.643255861419
4449,3981.7292399879684
4450,3992.7488582454844
4451,4007.2315415990115
4452,4023.9041243948773
4453,4037.4909981501132
4454,4048.3979986922586
4455,4058.580760762949
4456,4067.135153401353
4457,4071.7320871452816
4458,4073.2525468014965
4459,4072.407979040945
4460,4071.1682295360856
4461,4070.674950368953
4462,4069.6529432779535
4463,4068.6664026218527
4464,4067.057852325245
4465,4063.69329793863
4466,4058.256746010612
4467,4053.843973586049
4468,4046.6261578525064
4469,4037.4653837016267
4470,4030.753560072416
4471,4024.231138013473
4472,4015.890809550906
4473,4008.6730627479706
4474,4001.0167740698826
4475,3992.8500701154358
4476,3981.8552390893383
4477,3967.880937820267
4478,3952.901926042057
4479,3937.0715407207053
4480,3921.890810848946
4481,3906.688993960593
4482,3891.4851993971015
4483,3875.0206690149585
4484,3856.7945647355787
4485,3838.6367489712397
4486,3817.441362308584
4487,3797.3523618407426
4488,3778.175896986566
4489,3758.7395533998915
4490,3739.9723525744603
4491,3721.6627319785334
4492,3703.39833847085
4493,3687.262403463003
4494,3672.1733401905826
4495,3657.0254921447413
4496,3641.731344270639
4497,3625.8608511407647
4498,3611.2451466407338
4499,3596.82833242588
4500,3581.889925325697
4501,3566.620762014873
4502,3550.4177314061076
4503,3536.3210947764815
4504,3524.917424281427
4505,3514.8454693264507
4506,3504.774376369613
4507,3495.592382873841
4508,3487.047283039704
4509,3476.9809566242748
4510,3467.595754949721
4511,3455.6846155629337
4512,3445.1390689435893
4513,3437.6858390900766
4514,3430.2066968767203
4515,3422.4912438434403
4516,3413.986875816437
4517,3404.5354468212768
4518,3393.836249800776
4519,3387.2600493086507
4520,3383.6830700693063
4521,3381.7629535603737
4522,3381.4367092200537
4523,3379.6976547397153
4524,3378.8023224490835
4525,3378.9239359293033
4526,3379.3446109851775
4527,3382.8218694121383
4528,3388.339701980166
4529,3394.622118681474
4530,3403.7317664598136
4531,3415.6906688767867
4532,3429.3301052317324
4533,3443.721019567317
4534,3457.7526376828164
4535,3473.854929427589
4536,3491.4743541638954
4537,3513.218249000642
4538,3535.6860147153757
4539,3558.189990493701
4540,3580.2823712655163
4541,3601.3153900696443
4542,3619.3681222130667
4543,3636.109264346041
4544,3652.7358828051656
4545,3670.420408182269
4546,3685.645723077459
4547,3701.095937296019
4548,3716.3651913824115
4549,3732.6890443566444
4550,3750.0354422171067
4551,3767.328525567107
4552,3785.7721242599773
4553,3804.4476590574295
4554,3824.7596969293436
4555,3845.1278520281244
4556,3866.251302728016
4557,3888.090112002489
4558,3911.6696706377097
4559,3936.328341740494
4560,3957.7813855999166
4561,3980.5198113159026
4562,4004.936201360158
4563,4030.719242479269
4564,4056.987638573435
4565,4083.909302497174
4566,4110.451429712901
4567,4138.000662397355
4568,4164.919216699698
4569,4191.131736136083
4570,4217.256724688577
4571,4241.659449307099
4572,4262.9386557862035
4573,4280.029330463335
4574,4296.158838401425
4575,4310.273426326905
4576,4323.102737481491
4577,4334.776124629637
4578,4345.449183632609
4579,4355.41202097335
4580,4365.134521700719
4581,4376.418900182298
4582,4386.640588584269
4583,4397.175029170958
4584,4407.176793695372
4585,4416.167382470119
4586,4422.353131754191
4587,4426.264385723685
4588,4427.194466569308
4589,4424.5973556076715
4590,4417.700362094849
4591,4409.55967393219
4592,4399.4544600291665
4593,4387.72083635061
4594,4375.199292366751
4595,4361.71979607428
4596,4347.425267845072
4597,4332.308840670895
4598,4315.805328104638
4599,4298.904763427474
4600,4282.317221852518
4601,4266.486461740961
4602,4251.140316267888
4603,4235.766322830796
4604,4220.646613390407
4605,4203.832178907415
4606,4186.116524249522
4607,4167.958326034668
4608,4148.142965640344
4609,4128.897337756659
4610,4108.727257185601
4611,4088.8940256882115
4612,4069.6287644067397
4613,4048.7803485340683
4614,4028.5264980392294
4615,4008.451772399095
4616,3988.234469978235
4617,3970.645416872087
4618,3952.838401976954
4619,3936.2017418542428
4620,3922.1405368504347
4621,3911.86222001803
4622,3905.170272243249
4623,3901.4225089555243
4624,3900.0291119224134
4625,3900.3808692894067
4626,3901.073236334757
4627,3900.4542048901894
4628,3895.8007927326694
4629,3888.471328591365
4630,3877.182228177185
4631,3862.7611619225354
4632,3844.6952847316616
4633,3823.337033825753
4634,3801.019465839517
4635,3779.6276076817458
4636,3754.3738865452415
4637,3726.9982145834274
4638,3700.138891305926
4639,3673.37761272564
4640,3647.005882441683
4641,3622.9043220638146
4642,3599.4110321025446
4643,3578.582364606462
4644,3560.5970079599447
4645,3545.7274730248696
4646,3534.4003088500313
4647,3523.4771225941827
4648,3511.7812746868376
4649,3500.8590667378503
4650,3491.4808398313307
4651,3481.22661406612
4652,3470.4569224110755
4653,3462.4030343423774
4654,3456.9935764088477
4655,3452.578130304839
4656,3446.9403250893515
4657,3441.17756197001
4658,3436.854309250361
4659,3432.5755298913245
4660,3428.879572520376
4661,3425.518924759126
4662,3424.5917254253172
4663,3423.138056821985
4664,3420.7430603915477
4665,3418.460079937211
4666,3416.654428070359
4667,3415.955928732712
4668,3417.279965177479
4669,3420.044847260557
4670,3425.427856519452
4671,3432.3971129624874
4672,3442.9687283074672
4673,3453.7014113450073
4674,3463.038845587667
4675,3472.1496216294245
4676,3475.65628052728
4677,3476.466616146956
4678,3475.3118602236805
4679,3472.960144818016
4680,3470.7203632290148
4681,3465.0859593015816
4682,3461.2700594635035
4683,3458.531676300142
4684,3458.212223610759
4685,3460.3325951806137
4686,3462.1775944647247
4687,3466.9927043193507
4688,3473.806768197518
4689,3480.3723569543677
4690,3485.5930696084224
4691,3488.8823239886096
4692,3493.8088597684437
4693,3498.0134886208584
4694,3503.610388953608
4695,3508.1202438631544
4696,3512.1882347484075
4697,3516.7553470435223
4698,3522.065104507967
4699,3528.0611019946764
4700,3537.191986366755
4701,3549.1871187195406
4702,3562.5771443877447
4703,3575.7241182927537
4704,3587.4206495720414
4705,3598.672161887991
4706,3610.5180969311596
4707,3622.2919063700047
4708,3638.6034748941943
4709,3658.5560466466172
4710,3680.6785515803654
4711,3708.31670772572
4712,3736.189565736909
4713,3765.94251831291
4714,3798.10426497227
4715,3833.2529297394076
4716,3870.0400617181294
4717,3909.435793815667
4718,3948.155076043364
4719,3986.4850073635
4720,4022.8574228262723
4721,4056.618628100945
4722,4088.3027999951514
4723,4116.704491348785
4724,4142.348616352334
4725,4165.251112961327
4726,4188.697612265676
4727,4213.764110434647
4728,4241.334443335164
4729,4272.002020108612
4730,4308.107083030226
4731,4339.51848777203
4732,4376.962078970149
4733,4420.116314906513
4734,4466.900561482093
4735,4515.697514746707
4736,4564.295565582516
4737,4613.855329790424
4738,4661.06984747018
4739,4707.935933079269
4740,4754.094427225571
4741,4799.823252154942
4742,4844.123988985026
4743,4885.797840386142
4744,4924.0349116
4745,4959.520564200025
4746,4991.535750776188
4747,5020.189335453584
4748,5043.608950982756
4749,5062.9347544897755
4750,5080.357716984709
4751,5094.182511071576
4752,5104.045788476859
4753,5112.474228180166
4754,5119.039586850931
4755,5123.283671891135
4756,5125.20677412799
4757,5125.2902324447205
4758,5125.1363325438715
4759,5122.530308669051
4760,5116.064354851554
4761,5106.206560483631
4762,5093.590275945746
4763,5080.722919749194
4764,5065.443422626477
4765,5048.671638379287
4766,5030.590782046529
4767,5010.805298315588
4768,4990.771561248339
4769,4968.810847065725
4770,4946.775846015255
4771,4924.00333632918
4772,4901.671300637364
4773,4878.488744843482
4774,4855.163012835595
4775,4832.410060173201
4776,4807.615350035443
4777,4783.296281258929
4778,4757.156436717539
4779,4726.804175606613
4780,4693.70317763799
4781,4657.18882386784
4782,4617.208143493079
4783,4575.238455313761
4784,4531.9125545556635
4785,4487.194989905491
4786,4444.651612749206
4787,4404.43230024351
4788,4369.441498363555
4789,4333.547160324728
4790,4297.56583612848
4791,4262.802242077899
4792,4229.332594232677
4793,4197.16970509487
4794,4166.767251354037
4795,4138.840100416544
4796,4113.342484531398
4797,4091.552853267628
4798,4075.4152494076634
4799,4065.464874678468
4800,4061.9476696175007
4801,4063.1286420906663
4802,4070.758905426176
4803,4083.3265549678713
4804,4100.337667003646
4805,4119.361696193823
4806,4142.238461626286
4807,4167.464764698559
4808,4195.0673365205275
4809,4224.246049291217
4810,4253.790070139898
4811,4284.698500632074
4812,4317.699295008116
4813,4350.259242443212
4814,4384.807764577168
4815,4418.584141568591
4816,4450.755336502412
4817,4481.065789880899
4818,4509.855218759043
4819,4535.624667048678
4820,4558.118924235937
4821,4578.30166270294
4822,4596.580867788254
4823,4610.495348265901
4824,4622.888211681521
4825,4633.58419242827
4826,4643.969238052238
4827,4653.286517732207
4828,4660.575135866276
4829,4667.413690016656
4830,4671.668852460387
4831,4675.198210631591
4832,4679.514183913845
4833,4685.007269101017
4834,4690.736545595633
4835,4697.068979857493
4836,4703.875793893776
4837,4709.939221222779
4838,4718.068022727426
4839,4727.639012900225
4840,4738.752110822533
4841,4750.005185186387
4842,4762.247497529198
4843,4774.130006726138
4844,4786.033254312707
4845,4796.389079713022
4846,4807.548535338471
4847,4817.38254541201
4848,4822.1953847735485
4849,4821.8678518233255
4850,4815.265978986765
4851,4801.62310678324
4852,4780.873018772905
4853,4753.619596705061
4854,4718.6375280859265
4855,4679.8186266921075
4856,4637.332670938798
4857,4590.083283361305
4858,4538.739944742422
4859,4484.650934273671
4860,4429.314803847175
4861,4374.179195236574
4862,4318.581673692446
4863,4263.716818400812
4864,4213.562789709421
4865,4163.435070324279
4866,4112.961741875162
4867,4065.022029261527
4868,4020.5802918448862
4869,3980.132987368411
4870,3945.6450276096452
4871,3917.1648661091403
4872,3896.5996276190313
4873,3881.847998796187
4874,3870.552423823836
4875,3860.3818800934237
4876,3851.891603783862
4877,3843.95288869197
4878,3837.933253142335
4879,3835.4940283033065
4880,3837.9429561248185
4881,3847.076441301669
4882,3860.7239714365214
4883,3878.3858249215573
4884,3899.051520015797
4885,3921.8506815769183
4886,3946.469637609135
4887,3973.0395699071537
4888,4002.4223283841648
4889,4031.1577751655973
4890,4061.301422457385
4891,4092.3805752299963
4892,4121.528126378641
4893,4147.490685996519
4894,4172.076329707597
4895,4191.9096735214225
4896,4209.8119093075875
4897,4224.1171936303235
4898,4236.653368783362
4899,4250.383205701613
4900,4265.845091872036
4901,4282.511433940102
4902,4297.011151539318
4903,4313.606146415532
4904,4332.140194555022
4905,4351.184955437908
4906,4368.773471478612
4907,4384.800046471225
4908,4399.6971080876865
4909,4411.440987550523
4910,4420.749467219506
4911,4428.316864427712
4912,4434.492266284319
4913,4440.542229644654
4914,4444.118863471607
4915,4442.151202790801
4916,4437.783780319078
4917,4432.785145545587
4918,4425.2971804118815
4919,4417.640314438883
4920,4407.6426663678685
4921,4397.46160373752
4922,4387.517423058914
4923,4376.324335796976
4924,4363.807533430484
4925,4350.939122478105
4926,4338.493719688429
4927,4323.939592549854
4928,4307.507709101086
4929,4288.872975581906
4930,4269.220361761938
4931,4246.601486633809
4932,4219.94284493284
4933,4189.750332850509
4934,4156.580442210687
4935,4121.768445025882
4936,4085.3725727946926
4937,4050.0021735442256
4938,4014.609629340786
4939,3977.6779544279884
4940,3941.326527724884
4941,3903.4034855714744
4942,3867.6423649530675
4943,3832.4998338782175
4944,3799.5163189952673
4945,3766.3426548168773
4946,3734.516850071859
4947,3703.8358822462446
4948,3676.0469958020153
4949,3648.4836437334397
4950,3622.595749340607
4951,3599.2633950728464
4952,3576.443840984738
4953,3553.484420039013
4954,3528.483861155937
4955,3508.1956405686146
4956,3490.013560602617
4957,3475.5390323862034
4958,3466.7120134010283
4959,3459.0325068839256
4960,3457.5936755379207
4961,3459.4727281012574
4962,3464.039740885631
4963,3470.663938803334
4964,3477.7243058488702
4965,3484.787091989717
4966,3489.3509632345645
4967,3492.2207278529445
4968,3494.4401663769277
4969,3495.2039813634387
4970,3495.0856651828644
4971,3495.540692637838
4972,3495.050183652082
4973,3494.2524768232865
4974,3490.0610475143567
4975,3484.707206584702
4976,3477.23264445275
4977,3470.126541088492
4978,3462.382415315185
4979,3453.1523301793886
4980,3442.9398922412306
4981,3434.235835914735
4982,3426.549094423934
4983,3418.4574461196066
4984,3413.52210791396
4985,3410.038159816315
4986,3407.749503007834
4987,3408.330263755835
4988,3409.9845165093693
4989,3413.4838836612153
4990,3417.9977075004526
4991,3424.637305606791
4992,3433.512384804703
4993,3443.8988486787434
4994,3457.153913778002
4995,3472.640473739286
4996,3491.2911892784127
4997,3514.1598476989097
4998,3541.329616790912
4999,3572.769403144868
