,0
0,487.0271753568857
1,900.8213215187566
2,1252.6584324170703
3,1552.5052734500873
4,1808.9699583496601
5,2029.4977054590506
6,2218.971948551417
7,2386.083322561407
8,2530.5303105911876
9,2654.4260296197294
10,2761.178792200764
11,2852.7997194839654
12,2930.643333757662
13,2997.5495022976806
14,3052.377107133743
15,3096.7279877456926
16,3131.9953754079893
17,3157.0550495108027
18,3172.6654701533803
19,3178.502867162549
20,3177.857517643366
21,3173.353064569793
22,3167.2316187721535
23,3160.1526607127776
24,3151.2625050064207
25,3139.9501325596225
26,3126.742385679922
27,3112.1530231134016
28,3098.4619189011396
29,3085.6558798209603
30,3073.49690097506
31,3064.1976192829516
32,3057.3140981275587
33,3054.097155207482
34,3051.9893420614594
35,3050.940324502644
36,3054.8851366004797
37,3061.1287006896146
38,3069.7107561921252
39,3080.1982153886293
40,3097.8539234550235
41,3115.718848196338
42,3134.2771059189563
43,3152.6142072207767
44,3171.186855208157
45,3192.0710730685155
46,3212.3742632270455
47,3235.0872444785064
48,3261.039635712242
49,3290.3047559084516
50,3320.9998499263024
51,3353.798790147372
52,3391.0406634847445
53,3428.392918365849
54,3464.606626396954
55,3499.7529029654365
56,3531.163967646956
57,3558.4915939198777
58,3579.0993244913025
59,3590.9793062802523
60,3594.4711870027713
61,3589.2282955634587
62,3577.8407171757963
63,3559.1605920003212
64,3531.9055998581703
65,3502.126607272034
66,3470.897798842462
67,3439.403151250906
68,3408.005688771096
69,3377.0928054993838
70,3345.634680645698
71,3315.7622173399477
72,3288.405268159585
73,3265.268409088179
74,3248.1027756020644
75,3234.0062795761323
76,3223.9979975558795
77,3221.075327464624
78,3218.3842971000445
79,3219.4099122101065
80,3223.6505337964013
81,3231.1675143913785
82,3239.0169474788786
83,3247.485311674943
84,3257.9893737428642
85,3270.1920593839336
86,3281.638713122271
87,3291.0011845345603
88,3301.839069168528
89,3307.87073154055
90,3310.9029855082026
91,3313.0656780021613
92,3313.716703706335
93,3315.6930001871374
94,3318.5364190459522
95,3322.6027547829754
96,3328.8135092994207
97,3334.6609426479586
98,3341.6419855027325
99,3350.667988945323
100,3358.208953407179
101,3364.8994304087905
102,3371.5714938516903
103,3375.206218303912
104,3378.1499778421908
105,3379.6027878670843
106,3379.4988116923073
107,3377.9686399709444
108,3375.8883069245007
109,3373.547453268102
110,3375.2611299949635
111,3381.261961631824
112,3392.5937436954628
113,3410.546028336384
114,3426.1645159739855
115,3448.468618643229
116,3477.3748735362124
117,3513.5678061812514
118,3556.2142466825408
119,3604.558832095395
120,3659.1474487716555
121,3718.8129232300926
122,3780.012011859807
123,3841.85962445556
124,3904.258133947967
125,3966.0488206238
126,4028.141919216189
127,4090.1237428475906
128,4152.79979450939
129,4212.436556503197
130,4267.832600865604
131,4321.672501076418
132,4373.829570027526
133,4423.53746793145
134,4471.250416604442
135,4519.893155337648
136,4565.841725048676
137,4610.283792921252
138,4652.6438549559425
139,4695.203949346461
140,4735.216475050192
141,4773.6123568592875
142,4809.971770662565
143,4845.962506320383
144,4881.773513199717
145,4915.915772144343
146,4947.520434914277
147,4979.199122190158
148,5008.2832243339735
149,5035.1507226995745
150,5059.702799925775
151,5083.660917404406
152,5106.666551569256
153,5126.723073621296
154,5143.370386329595
155,5155.76838000417
156,5163.360156564993
157,5167.096992449415
158,5164.6854480768
159,5158.144479842067
160,5146.363460521958
161,5130.298676178972
162,5111.531306335785
163,5089.507074938448
164,5065.814271272397
165,5039.510201573364
166,5008.481391329606
167,4971.838460548697
168,4929.233425155907
169,4880.741621574734
170,4825.337398097252
171,4777.135723671842
172,4721.491529674647
173,4660.470837189157
174,4595.263656713349
175,4527.173058890967
176,4458.792616859258
177,4389.332217470016
178,4319.751680226542
179,4250.514071033597
180,4181.27918928731
181,4112.163688109606
182,4043.276869604394
183,3974.904845641627
184,3906.9145763891966
185,3840.667475040503
186,3775.6120596924625
187,3710.912107815037
188,3647.426194522836
189,3584.739622178816
190,3523.7872595692106
191,3464.5706304368887
192,3408.771579556647
193,3357.450492850058
194,3307.3657069889177
195,3260.914146469797
196,3217.4402620945866
197,3178.02004778155
198,3141.8485251601487
199,3109.2371613889673
200,3080.6897141886516
201,3055.040451744177
202,3032.8728152360964
203,3014.0230324176828
204,2998.6705677897344
205,2986.2144448608065
206,2977.6645715718205
207,2973.22935561939
208,2971.946737608822
209,2973.2437387923883
210,2977.066774849714
211,2983.7778979944383
212,2992.393612761627
213,3004.0547195670983
214,3020.8649239088118
215,3041.369477543859
216,3067.4366619736643
217,3099.256642398048
218,3135.3670795211847
219,3177.5252628411467
220,3225.3209128992776
221,3279.6830099387494
222,3339.916952694539
223,3405.377108952094
224,3474.8251716912428
225,3547.688476712088
226,3622.910122207348
227,3699.845412741806
228,3766.7791155067835
229,3837.848139684698
230,3908.2836155519653
231,3977.2761123744676
232,4043.1556320299073
233,4106.941017790101
234,4166.159062284017
235,4221.185908113694
236,4271.412080335056
237,4317.544286794855
238,4361.085280855134
239,4400.768309902011
240,4436.148586972329
241,4469.226154828757
242,4499.925828389024
243,4527.961827026943
244,4555.700202593011
245,4583.161527477689
246,4611.794542136452
247,4640.915969109216
248,4668.890264116533
249,4694.831306763521
250,4718.950709623116
251,4741.115445808076
252,4760.397455823185
253,4777.149546907068
254,4792.492896404074
255,4808.932517772034
256,4826.713285455757
257,4843.112848328748
258,4854.059764756246
259,4862.279932494285
260,4868.662988282662
261,4870.347592006845
262,4871.587808595612
263,4873.513678221751
264,4875.264149771098
265,4878.064829305168
266,4880.857358497795
267,4880.986561352542
268,4878.534931692966
269,4872.37244215774
270,4863.949479486349
271,4849.925402047387
272,4831.672256674975
273,4807.672688740482
274,4778.160412655221
275,4742.943663300851
276,4701.198570189737
277,4655.421732110282
278,4607.340885297098
279,4558.740919935824
280,4505.908156208489
281,4452.626414772243
282,4401.99953574909
283,4353.757149590345
284,4310.220618530003
285,4272.343836507504
286,4240.6404803266905
287,4212.972033579706
288,4187.5206189850005
289,4166.816653110832
290,4150.728337191806
291,4137.926344509804
292,4128.4077358172735
293,4119.3501570819535
294,4111.822567770681
295,4105.8006112014955
296,4103.872229022027
297,4106.47513954769
298,4113.627645710903
299,4123.7730005246485
300,4135.806995402364
301,4152.121592955104
302,4170.58379667002
303,4194.555814666432
304,4220.808976459706
305,4248.805585944895
306,4280.076908825121
307,4309.78969744517
308,4338.984000778325
309,4366.1101242733685
310,4392.101390278603
311,4417.629149555878
312,4442.996804596521
313,4471.525184027504
314,4501.587692103068
315,4532.5555301314025
316,4566.105774612546
317,4598.867119249101
318,4631.634268776976
319,4662.108486123781
320,4691.1806635631965
321,4722.927185495757
322,4754.495584296019
323,4783.646437026622
324,4811.907493118681
325,4840.676608452523
326,4867.088859543425
327,4892.539660159075
328,4916.873342636188
329,4939.336670937844
330,4960.742206273887
331,4981.242050753929
332,5000.788560058825
333,5016.739090795404
334,5030.333851594171
335,5043.18434068169
336,5052.950971730908
337,5060.290442299407
338,5065.988530556422
339,5066.242232691999
340,5063.3452930222875
341,5056.485616036844
342,5050.517697059508
343,5039.097901045727
344,5027.64885155844
345,5016.950822591414
346,5005.801860546879
347,4998.175375212953
348,4994.388037225602
349,4995.308919419013
350,4999.945863457251
351,5007.177684742418
352,5015.671384594213
353,5023.547593400699
354,5030.265691477734
355,5037.053169010987
356,5044.239145276751
357,5048.026021265077
358,5046.398931957573
359,5041.772486861677
360,5034.964430759086
361,5026.188851874967
362,5016.171157153278
363,5004.61165774646
364,4993.6659166782365
365,4979.199638151605
366,4963.796318888374
367,4948.198071470275
368,4929.373155987467
369,4909.915165843303
370,4888.503697815055
371,4866.508046265845
372,4842.448218897832
373,4817.85480881832
374,4792.619406947739
375,4764.462523358225
376,4734.088352837392
377,4701.042935300562
378,4667.313595219288
379,4631.003141581493
380,4593.701760602242
381,4554.350692944736
382,4514.610578169426
383,4472.820156466414
384,4431.191731636373
385,4390.137762876152
386,4348.591536688295
387,4305.295803291492
388,4262.918716954763
389,4222.370010117487
390,4185.222827482497
391,4150.455000533319
392,4117.932213617746
393,4087.387303354627
394,4059.6524683146495
395,4032.7823937925864
396,4002.099746083661
397,3968.078150341709
398,3928.3646340140403
399,3893.8138748089686
400,3854.25713998686
401,3811.119209784224
402,3765.2205914728293
403,3718.600136708647
404,3671.4074409522386
405,3626.329473803851
406,3581.972340186214
407,3540.3628939355694
408,3498.9383552373274
409,3459.674050289885
410,3422.97501194008
411,3391.830259742795
412,3366.9438385404214
413,3346.2467687320327
414,3331.403835322694
415,3321.4706993302616
416,3316.036550778348
417,3314.835777774801
418,3317.028696222603
419,3319.256210544999
420,3321.2865811973493
421,3324.8180602995335
422,3332.86670172172
423,3341.5293677363143
424,3353.821698428209
425,3371.192035565313
426,3392.3560337356826
427,3414.310729593291
428,3437.5291934811776
429,3462.1955225328825
430,3486.2850715269897
431,3512.8364240987326
432,3539.1707347521647
433,3563.0935886097586
434,3589.9803129627276
435,3614.7334283603536
436,3640.608784228777
437,3666.329371545404
438,3693.1501891093594
439,3720.0224217440405
440,3744.523044440512
441,3770.546980959981
442,3793.7850037859594
443,3816.2390548153767
444,3836.749228405492
445,3857.562075866128
446,3876.9682701043293
447,3892.701301050296
448,3906.371812032099
449,3922.1639572149447
450,3937.5004097186597
451,3950.9311288551526
452,3963.5931607690613
453,3972.1484401743855
454,3977.6667550054576
455,3981.602938916821
456,3985.027418919707
457,3984.323929058965
458,3981.179827838575
459,3976.439729202714
460,3970.094670476566
461,3961.8251477509857
462,3950.776478270132
463,3938.2221464057875
464,3923.417539859163
465,3907.2980981370893
466,3888.2493437163507
467,3866.112827302256
468,3842.2234523790357
469,3816.3346552173793
470,3786.977360032749
471,3757.1336484073568
472,3726.173783069983
473,3695.6172036455214
474,3664.7391746151993
475,3634.653751404324
476,3601.974578752899
477,3569.8950873929016
478,3538.837534900079
479,3511.1126738844387
480,3487.3584691664905
481,3464.7129171269335
482,3442.5515004801364
483,3422.1045262467555
484,3402.961456979206
485,3385.238840797518
486,3370.578193748235
487,3357.92338342033
488,3349.880320027817
489,3346.066525077055
490,3345.2170910265395
491,3346.8317787368705
492,3348.9329593268867
493,3349.3048778254306
494,3352.4783844970116
495,3355.6899514764787
496,3358.786577340202
497,3361.935026555466
498,3368.9928623565493
499,3379.2003934526115
500,3394.3482907042635
501,3410.831657462551
502,3429.1102062901514
503,3450.701240035521
504,3478.100099164967
505,3507.854165092236
506,3540.1445273232944
507,3574.560439816993
508,3609.9613282917867
509,3646.779531014895
510,3682.185018083762
511,3716.406343898788
512,3748.9247414832053
513,3777.2157473816487
514,3806.55157500103
515,3832.4618275105668
516,3858.264984875429
517,3881.017114305557
518,3901.825811587498
519,3920.093066628959
520,3933.80947691099
521,3945.2823288672803
522,3957.325445868668
523,3971.5063528518704
524,3986.5077312410044
525,4002.263084972647
526,4020.7030375070035
527,4040.6649924667186
528,4058.7662599472424
529,4076.33539925075
530,4093.8836788018593
531,4110.143383385969
532,4127.635984524358
533,4147.388015722564
534,4167.555958461124
535,4189.893718895164
536,4214.301793288738
537,4240.06155067588
538,4266.968876729521
539,4291.776225332295
540,4313.566682679875
541,4332.207217945185
542,4349.188587118232
543,4359.516886947863
544,4368.38222161955
545,4375.483793275313
546,4381.403608936567
547,4386.659206252096
548,4390.924661577654
549,4393.413019552869
550,4395.524200530748
551,4396.843875358306
552,4397.521634463725
553,4397.996077847941
554,4398.94557312782
555,4400.083184483031
556,4395.3725552706355
557,4387.489071667285
558,4375.44409161565
559,4357.538460322334
560,4336.99656345077
561,4313.9808302705205
562,4288.249861640243
563,4261.915086330792
564,4231.4770560144025
565,4198.753485633054
566,4165.061793213338
567,4131.598306929294
568,4095.440136614609
569,4059.756625203706
570,4028.71197027622
571,3999.8869553757727
572,3974.7844495756053
573,3952.654303709646
574,3931.5060041173424
575,3914.3508280552155
576,3899.037537818866
577,3885.080291894452
578,3870.5586940179446
579,3855.321293361093
580,3840.526405044291
581,3828.005874237237
582,3814.3024300741745
583,3800.0682608251523
584,3784.9419235233972
585,3770.688461027182
586,3752.9355911844464
587,3733.8501857568085
588,3713.0509045157637
589,3692.4011587879527
590,3672.9076104839087
591,3654.2683514177147
592,3637.8263284054265
593,3623.360611130887
594,3612.216505830112
595,3606.300157715917
596,3605.4601150643953
597,3608.134978896485
598,3613.037324797268
599,3621.6514216777628
600,3633.1044564786735
601,3646.2212779839238
602,3659.4124385887926
603,3672.7227085771888
604,3685.5441735023032
605,3698.8030744576017
606,3710.432183487027
607,3721.608249306662
608,3732.7374511754065
609,3745.6444166596925
610,3760.204776532987
611,3775.57066072729
612,3791.093036370182
613,3805.471421239658
614,3821.240416388918
615,3837.7320322035757
616,3854.399873559686
617,3871.291222135649
618,3886.777750682621
619,3904.40075157624
620,3925.013611886924
621,3944.0104282287616
622,3961.1902230727023
623,3975.0699502456036
624,3984.7294993435976
625,3993.8080168279457
626,4002.1190585508702
627,4009.349664849815
628,4016.1507567517647
629,4023.441432588069
630,4029.6531644405854
631,4039.325717837776
632,4052.046570659603
633,4068.69503644055
634,4090.535086629847
635,4114.805804185223
636,4142.2374325580695
637,4172.790499163708
638,4204.5091657779185
639,4237.711301660524
640,4271.993439361279
641,4308.2812208687965
642,4346.091873739698
643,4384.904216293766
644,4421.620521147708
645,4458.97225261108
646,4493.077061632072
647,4523.354421592259
648,4550.741348339474
649,4571.476929509033
650,4591.17711649544
651,4609.437791337833
652,4623.256527313142
653,4633.554217814495
654,4640.152488719429
655,4645.540372847243
656,4647.0232237668615
657,4647.312232161741
658,4646.349253905023
659,4644.130147872524
660,4642.614531293741
661,4637.683940726594
662,4629.653023778728
663,4619.118453384289
664,4607.984156893228
665,4595.827510780345
666,4584.306964141071
667,4574.556693346828
668,4563.291116057139
669,4552.35668881456
670,4541.205001169932
671,4529.408552302458
672,4518.655504523706
673,4508.912012361273
674,4502.5439204905415
675,4501.438629167933
676,4504.539237790494
677,4514.523957109162
678,4528.729006510786
679,4545.665945213055
680,4563.6005551301805
681,4581.964221993097
682,4598.87989044334
683,4612.929087259854
684,4625.15188849022
685,4634.301621837488
686,4642.530145279039
687,4645.68155018217
688,4643.148556263786
689,4633.570526890058
690,4616.113093302159
691,4591.6398307891495
692,4560.456580732977
693,4523.128422263142
694,4482.977975507995
695,4440.131751605796
696,4393.247645338816
697,4344.658757027026
698,4293.802217619585
699,4243.419457034574
700,4193.373311981875
701,4145.5747817293295
702,4102.218434712249
703,4064.35553523505
704,4031.056106285119
705,4000.1302403616623
706,3972.9368787241365
707,3949.4772962525194
708,3929.00445877073
709,3912.6188904189876
710,3899.958497665974
711,3892.7469205660004
712,3887.1653077264136
713,3884.2946350764823
714,3883.427594183565
715,3880.9188892114935
716,3881.73996639842
717,3882.1627798439513
718,3883.190074679375
719,3887.8585311592064
720,3897.639185628698
721,3910.544882071113
722,3923.088675482693
723,3934.511258157378
724,3942.9254965575437
725,3949.5885300991167
726,3954.1289280602587
727,3956.8569285674303
728,3959.409176115153
729,3961.150507737647
730,3964.229992198969
731,3968.6694408756184
732,3969.100852323619
733,3968.294581714095
734,3965.078228727314
735,3957.42732105014
736,3947.62598582688
737,3940.070057636709
738,3932.1692586206345
739,3931.8838450383582
740,3940.184314108342
741,3947.4057221992275
742,3963.5521016694265
743,3988.1246317313426
744,4017.704592717033
745,4048.929704670802
746,4081.368659237878
747,4112.249178393019
748,4140.93668596876
749,4166.680128584704
750,4192.945934769805
751,4218.310537211709
752,4243.556099538806
753,4267.227713024317
754,4288.901143692457
755,4310.753016015591
756,4331.592495682804
757,4352.379432711739
758,4371.666372206209
759,4390.659078092177
760,4408.171269608856
761,4423.3174072761285
762,4434.968204205371
763,4442.135837081576
764,4447.768188690744
765,4448.063302915895
766,4443.235273365481
767,4435.382533061228
768,4424.656887234665
769,4409.861263249778
770,4393.097968690466
771,4371.70188503775
772,4347.800655603853
773,4324.170364570111
774,4303.499244433387
775,4283.625843260199
776,4265.084393999157
777,4247.651606382993
778,4232.888657167251
779,4220.19150273688
780,4207.474274766497
781,4195.916043575977
782,4186.764807165914
783,4179.066202673485
784,4173.117605946108
785,4170.308071849934
786,4169.056716159432
787,4169.598604473497
788,4170.540818757829
789,4171.639455118466
790,4169.868263160623
791,4166.573914135249
792,4163.267116737255
793,4161.34770329888
794,4159.90261159784
795,4160.97806944802
796,4165.1545250641275
797,4173.899966688711
798,4181.5085009021
799,4192.705392621756
800,4204.572702768944
801,4216.400967725725
802,4228.726393415057
803,4237.615512365529
804,4245.511726223128
805,4250.2385139736925
806,4250.49771991272
807,4248.121849513639
808,4245.34456080114
809,4240.566680997144
810,4235.78730073046
811,4231.426462803001
812,4227.100955823134
813,4224.826761936273
814,4222.618286584766
815,4222.28154483642
816,4224.977916102387
817,4230.5547373201525
818,4241.497372371499
819,4255.543359691892
820,4270.957864084104
821,4288.441379771621
822,4310.884157886145
823,4332.38185301794
824,4356.2012663853775
825,4380.03777932184
826,4401.588122327996
827,4420.040246561392
828,4434.972240417154
829,4447.983102825251
830,4458.889923595359
831,4466.774799749834
832,4473.096060646122
833,4478.814345575571
834,4480.971542973502
835,4479.903316124727
836,4475.668681442236
837,4467.378368762923
838,4457.149998872884
839,4443.884104685201
840,4429.404637090645
841,4416.014728851909
842,4403.209411672422
843,4391.249313680574
844,4381.3062957536295
845,4373.362749140855
846,4363.824706318525
847,4353.553183596354
848,4340.435695357776
849,4326.233991873017
850,4312.207796746288
851,4301.162642527728
852,4294.481784808931
853,4291.328233450036
854,4293.713585268706
855,4295.788841350948
856,4302.654487412647
857,4314.171950141808
858,4327.8660314541075
859,4342.646757590857
860,4356.839147962476
861,4369.434387801991
862,4379.145133095
863,4387.407701923244
864,4396.254477383582
865,4404.551789468861
866,4410.3071321290945
867,4413.779626746708
868,4414.7201644284605
869,4413.0968868037435
870,4411.6891380678435
871,4404.590737262247
872,4392.924597803115
873,4378.693074505068
874,4359.64914867744
875,4341.512896343653
876,4322.444988465377
877,4302.516823788528
878,4281.120698253519
879,4261.710512593524
880,4242.778730016891
881,4224.791974975381
882,4210.212549701464
883,4197.8273709055275
884,4187.026224137224
885,4176.618287769805
886,4165.34089631556
887,4155.704690126853
888,4148.263772066342
889,4140.983855339339
890,4135.47940016774
891,4130.774234987488
892,4127.623585695323
893,4125.262750621182
894,4120.480917740472
895,4114.547780212431
896,4110.239148168308
897,4105.156273819958
898,4099.271015795699
899,4090.509362718074
900,4078.907749993368
901,4067.1547772684407
902,4052.182562398683
903,4036.8401939693576
904,4022.692207421729
905,4008.2723709951483
906,3994.899663144572
907,3980.251593185302
908,3966.4939937399195
909,3955.0780555243755
910,3947.670933097265
911,3945.8428529970897
912,3944.2524233099375
913,3947.6514038503096
914,3956.642478508987
915,3968.786033953633
916,3986.365052130761
917,4011.3380349663394
918,4042.629482450601
919,4079.777066866851
920,4121.045899195451
921,4164.837076537669
922,4211.984572892176
923,4261.868809340493
924,4310.577504540958
925,4358.847661495439
926,4404.242219106443
927,4447.731171573353
928,4486.9846101012345
929,4523.824900957095
930,4554.849754718009
931,4580.74446731555
932,4600.507864615689
933,4615.139869393611
934,4627.882360269057
935,4638.237848866746
936,4644.169174811989
937,4647.886396513308
938,4650.600707740547
939,4652.843457921833
940,4653.102262887279
941,4653.22339347817
942,4652.535883351997
943,4652.2336770456595
944,4647.638050127827
945,4642.418817216306
946,4635.274277023839
947,4627.14112873042
948,4615.911568502486
949,4603.247681027355
950,4590.9088463869875
951,4576.646106282996
952,4562.242671075796
953,4547.875827459175
954,4533.197611184995
955,4517.408337422297
956,4501.058296199547
957,4483.071745270362
958,4464.50725918906
959,4446.166476608698
960,4428.125385223727
961,4409.300179026674
962,4389.619844805198
963,4372.51235598169
964,4354.0583014522
965,4334.985655416765
966,4313.305910061082
967,4288.748429458457
968,4259.444615800891
969,4233.950297918808
970,4205.28643208707
971,4172.409641543912
972,4136.30447072113
973,4097.149702574332
974,4053.823748994143
975,4005.345484763139
976,3953.28899632408
977,3897.753190610296
978,3843.0192739470435
979,3790.227638441253
980,3739.658427750342
981,3692.773359758098
982,3648.5804454816935
983,3608.8226846038356
984,3571.339543988459
985,3537.8388792440605
986,3506.109140410211
987,3476.819459673802
988,3450.8706748560576
989,3428.61710312742
990,3409.839637889313
991,3393.7815185050817
992,3379.9592343854074
993,3368.7078000864562
994,3360.9147073069894
995,3356.5212674817285
996,3357.3349599458197
997,3361.7727186961783
998,3368.46898514722
999,3378.016741213627
1000,3390.050411896168
1001,3408.0766596056737
1002,3429.750637034726
1003,3454.225018576099
1004,3481.1418433578833
1005,3511.4240992464256
1006,3542.842289501034
1007,3575.698880906017
1008,3610.2112714428426
1009,3643.9742535606165
1010,3679.255598102364
1011,3715.3270892598193
1012,3751.7418820023167
1013,3788.077982679034
1014,3821.6945657560004
1015,3853.7519796781826
1016,3882.8621290685455
1017,3908.8326270167627
1018,3931.0358493447607
1019,3950.4719337574425
1020,3967.0174738979663
1021,3982.5570276271883
1022,3994.3560585252053
1023,4002.479825396558
1024,4008.911174851664
1025,4011.647527330769
1026,4014.0281539875914
1027,4014.6964491871713
1028,4014.579760094483
1029,4014.154821260563
1030,4015.4318250104093
1031,4017.394306078018
1032,4020.5721631343717
1033,4024.6973567711593
1034,4028.8008912151327
1035,4034.6829961302146
1036,4041.078539682295
1037,4049.474173957638
1038,4059.1428710393407
1039,4069.850216610855
1040,4079.9056095117166
1041,4088.1949287599255
1042,4093.8832240497304
1043,4098.412517956034
1044,4099.486636271724
1045,4096.867269207582
1046,4091.6772199285706
1047,4084.284941212671
1048,4072.5973074011517
1049,4056.990853016112
1050,4037.7648865838078
1051,4013.9064428307374
1052,3988.549799243882
1053,3960.5182444145626
1054,3931.0238073078367
1055,3901.6301011657274
1056,3870.676871908758
1057,3839.998598339958
1058,3808.688492130887
1059,3779.053900736127
1060,3751.167639837597
1061,3725.6276093885413
1062,3701.410343987177
1063,3676.7290088302966
1064,3654.1252324444945
1065,3633.375037068399
1066,3614.1635410727026
1067,3595.6227663656214
1068,3578.4466585537257
1069,3564.922915192416
1070,3553.6792587699047
1071,3545.7162833620814
1072,3542.0703886084652
1073,3544.133026306619
1074,3550.6585537602423
1075,3563.071172828095
1076,3582.4376871525155
1077,3608.6518193731504
1078,3641.4411730273446
1079,3679.1858859285476
1080,3720.142020124525
1081,3762.8790639682843
1082,3805.8002255810247
1083,3843.141636184109
1084,3881.3609698374107
1085,3921.0302800170684
1086,3962.306749152018
1087,4006.0347847236876
1088,4053.306268706245
1089,4103.011552581642
1090,4154.38254290359
1091,4207.446824113588
1092,4261.177601773061
1093,4317.040856838881
1094,4374.135796950964
1095,4433.158978431895
1096,4493.432058803625
1097,4555.284893264337
1098,4617.9894961589935
1099,4679.955054754303
1100,4743.019691681412
1101,4804.63143779698
1102,4864.792715331207
1103,4922.638538127568
1104,4976.696262189306
1105,5027.459126136999
1106,5074.675217676961
1107,5117.839553949279
1108,5159.035735161201
1109,5197.004936844923
1110,5230.461163655023
1111,5259.0837553545525
1112,5283.523611601472
1113,5304.235400700603
1114,5322.204544286338
1115,5336.957320727345
1116,5347.336498880241
1117,5353.308877405419
1118,5353.490513952395
1119,5350.913695297657
1120,5342.6023555427155
1121,5328.823958155412
1122,5309.374673309981
1123,5283.990792526874
1124,5253.756592486677
1125,5219.738104166691
1126,5179.205730626129
1127,5132.991896441106
1128,5082.827602405505
1129,5028.166246574271
1130,4971.205083977111
1131,4913.140702174583
1132,4853.255450236184
1133,4789.999528965134
1134,4725.668379209242
1135,4658.425436668851
1136,4589.772304769034
1137,4518.9341350679215
1138,4446.000442923867
1139,4371.5417650242425
1140,4306.762715251569
1141,4239.099096151808
1142,4169.859690302553
1143,4098.818491094178
1144,4026.885885594815
1145,3954.328532094459
1146,3884.056916332754
1147,3816.113377486262
1148,3749.979945967135
1149,3685.8546251054677
1150,3625.627853014042
1151,3568.3493327710353
1152,3513.5387960749235
1153,3463.825586109565
1154,3418.896941367371
1155,3378.582367554628
1156,3344.8290877394015
1157,3315.1077109868065
1158,3289.29324710701
1159,3265.605694113896
1160,3244.6325518455983
1161,3227.154100267362
1162,3212.605351082705
1163,3201.313921644382
1164,3193.1340457323504
1165,3187.9533193795846
1166,3183.719714583588
1167,3180.7005623051205
1168,3180.1829230843464
1169,3182.267725908772
1170,3188.7990422391354
1171,3198.896595367643
1172,3212.0244937312286
1173,3227.4870400321142
1174,3244.5499904145427
1175,3263.7336279010356
1176,3282.0283578130725
1177,3300.9968283131952
1178,3320.1328336278325
1179,3338.0742316493947
1180,3356.475963357451
1181,3373.4467636485983
1182,3390.0047580508585
1183,3406.3685243544905
1184,3422.655373773759
1185,3437.4657786900093
1186,3450.3633482731943
1187,3462.212626376945
1188,3474.0964787132943
1189,3484.645790193087
1190,3497.151735862985
1191,3510.0772786239527
1192,3522.3878528906575
1193,3534.2723508945637
1194,3544.2448593040112
1195,3552.701339643131
1196,3559.6264475933694
1197,3565.651291510077
1198,3569.941781017082
1199,3573.656764094702
1200,3579.1962189574533
1201,3587.28545204888
1202,3598.094768760549
1203,3612.1403931473624
1204,3630.8023690920704
1205,3651.0047977179556
1206,3672.407811760242
1207,3693.8562236728435
1208,3716.601544650909
1209,3741.439941088292
1210,3767.209075879439
1211,3793.2774074184736
1212,3820.7170012580787
1213,3847.106441947582
1214,3871.851353776631
1215,3895.872490078355
1216,3918.672053936985
1217,3941.5972669589487
1218,3965.2210076918454
1219,3989.779748081093
1220,4013.352477642041
1221,4036.149473190143
1222,4056.7272165529594
1223,4076.7363855352023
1224,4094.9010611831545
1225,4111.023648941917
1226,4125.724234037263
1227,4140.1412399256915
1228,4156.136331661371
1229,4173.031322876745
1230,4189.6960814795975
1231,4205.503443374264
1232,4220.012752096786
1233,4233.085635999238
1234,4243.783435953592
1235,4252.75926604446
1236,4260.418037055613
1237,4267.280900251946
1238,4273.071184128032
1239,4277.990361720162
1240,4281.692171129603
1241,4282.943424748109
1242,4281.720989801881
1243,4276.561016295496
1244,4267.193215738807
1245,4255.9718014964565
1246,4244.317407165179
1247,4233.08673078537
1248,4224.187561833375
1249,4217.496079735435
1250,4211.870006271064
1251,4204.153938759702
1252,4191.734633561792
1253,4172.852367770858
1254,4156.424796532745
1255,4134.291849161608
1256,4108.22466293594
1257,4081.6973619108694
1258,4056.3981396802437
1259,4035.1801513614187
1260,4018.9565173419214
1261,4006.8256673161754
1262,3997.4506575170153
1263,3990.405795208601
1264,3984.9909593558436
1265,3982.9663275523476
1266,3984.6180283381937
1267,3991.0116758651234
1268,4001.6728470334147
1269,4015.097615887791
1270,4029.19933831467
1271,4043.807661161947
1272,4058.890989657112
1273,4071.3224740928586
1274,4084.632673748559
1275,4098.792653099463
1276,4116.257592473948
1277,4133.372621495741
1278,4150.472995722413
1279,4168.455154807678
1280,4185.270719805872
1281,4200.1794234450235
1282,4214.398589874313
1283,4229.907714314258
1284,4246.7650063997235
1285,4263.866624292286
1286,4281.93752908605
1287,4300.358967004354
1288,4318.7306700404215
1289,4337.988251386027
1290,4357.505543083268
1291,4376.560641709315
1292,4396.162352345525
1293,4416.4355518770235
1294,4434.69813434035
1295,4452.552588797808
1296,4468.85450507027
1297,4484.503982790566
1298,4500.01355403538
1299,4513.940184628367
1300,4526.098478758738
1301,4536.668679013552
1302,4546.633088405782
1303,4554.579305306475
1304,4561.640409168154
1305,4570.024138094398
1306,4575.609828532344
1307,4578.796391968911
1308,4577.663237012392
1309,4571.428525094997
1310,4560.3427216284235
1311,4550.698072612505
1312,4533.678953537667
1313,4509.020809302924
1314,4479.709471397001
1315,4445.772077631924
1316,4407.195834899534
1317,4364.609623154931
1318,4318.9823112504755
1319,4269.518680017331
1320,4219.41064489116
1321,4166.281570711594
1322,4111.839850985992
1323,4058.622300025806
1324,4005.2827750344522
1325,3953.850760733773
1326,3902.4158458799257
1327,3853.317169724368
1328,3807.753814811812
1329,3765.486700081875
1330,3726.8260793443505
1331,3690.933463936011
1332,3659.3491395504825
1333,3631.0933159844512
1334,3606.9036006854512
1335,3586.2606449329423
1336,3568.142505898455
1337,3553.713869737127
1338,3542.1679446522476
1339,3532.9954980283487
1340,3527.3933511181413
1341,3524.5833617063586
1342,3524.6359987924943
1343,3527.2033200418336
1344,3530.8130543817324
1345,3536.034758825988
1346,3542.036966392502
1347,3550.6165268996265
1348,3563.1571013164253
1349,3577.322122068154
1350,3595.3451691399496
1351,3615.7542509089117
1352,3640.172476635413
1353,3670.5552309596574
1354,3706.5563716262554
1355,3747.418878504521
1356,3792.2523726024756
1357,3841.7112188106553
1358,3895.162786386798
1359,3952.86552903385
1360,4011.927147210876
1361,4073.7166483443507
1362,4138.278655578458
1363,4206.558699852034
1364,4277.346972008049
1365,4349.481486354945
1366,4423.154439809358
1367,4498.38541121492
1368,4563.83635633776
1369,4631.289703800892
1370,4700.798597172459
1371,4771.287302486814
1372,4841.663740774815
1373,4911.901449556982
1374,4981.86220285479
1375,5050.0256266805445
1376,5114.826869345507
1377,5177.968403307577
1378,5238.736825180946
1379,5296.15008515398
1380,5349.115959000617
1381,5397.24416368887
1382,5440.563078511398
1383,5477.050984403781
1384,5507.41271211857
1385,5532.405735169755
1386,5553.5431058594795
1387,5568.715197263172
1388,5578.194186796576
1389,5585.116954819919
1390,5588.710310609309
1391,5588.297889905246
1392,5587.095730464553
1393,5583.650838595209
1394,5578.9731840888
1395,5572.260015645862
1396,5563.984690392567
1397,5552.3031783083925
1398,5536.649811379867
1399,5517.3312247617405
1400,5493.220734443983
1401,5465.638837002545
1402,5434.94276519857
1403,5400.550438633099
1404,5363.012259355261
1405,5320.222064476626
1406,5270.790810558902
1407,5215.039223286984
1408,5152.126291554693
1409,5085.557862137317
1410,5019.025031596621
1411,4951.027010399667
1412,4880.403601273201
1413,4808.744659487653
1414,4736.392828685728
1415,4662.513450040621
1416,4589.331751964903
1417,4515.685870288819
1418,4442.297412628915
1419,4368.788759359166
1420,4295.133748612303
1421,4219.404987419619
1422,4143.798064709977
1423,4067.4771674412264
1424,3991.7640714981826
1425,3925.8936780277345
1426,3859.1326720560514
1427,3793.089018947221
1428,3730.6322995558708
1429,3675.244754277901
1430,3628.580957715772
1431,3589.411367700569
1432,3560.0155292716513
1433,3536.6803349826055
1434,3519.4668601004464
1435,3508.491062390281
1436,3502.8812441945643
1437,3500.0999519143284
1438,3502.388028507999
1439,3508.9198585819713
1440,3520.3656515082334
1441,3534.688574986968
1442,3555.4854322288948
1443,3579.4324110459042
1444,3605.5702218653205
1445,3631.298008620868
1446,3657.395373401377
1447,3685.198979399399
1448,3713.263974995036
1449,3744.0198679968958
1450,3775.4077289516576
1451,3806.159087533532
1452,3835.4124212195265
1453,3863.009403414315
1454,3890.2193399666594
1455,3916.7896567297553
1456,3944.7046114003683
1457,3971.8654266747153
1458,3997.8923523748067
1459,4024.167143584294
1460,4048.7812322769346
1461,4071.069336656609
1462,4092.2869064277834
1463,4113.003016794776
1464,4132.465891057697
1465,4149.841898586462
1466,4167.778241303602
1467,4184.460684669352
1468,4202.181040933015
1469,4221.093551921259
1470,4240.738275051589
1471,4262.999801159721
1472,4286.27867045023
1473,4312.509715013832
1474,4340.519836415179
1475,4371.046121421258
1476,4403.570283969053
1477,4437.414820447709
1478,4468.798358923332
1479,4496.40510553852
1480,4522.150491870438
1481,4542.873041163119
1482,4560.901659047751
1483,4573.4416048978965
1484,4579.833503855876
1485,4580.4335391128525
1486,4574.451901744438
1487,4561.432633874818
1488,4541.450553588466
1489,4514.896760575402
1490,4482.739919408541
1491,4447.339937409144
1492,4408.949701735241
1493,4369.589960555119
1494,4330.3183571117015
1495,4291.1237417750335
1496,4253.138847932929
1497,4217.23392986366
1498,4183.72732447304
1499,4151.876807488836
1500,4121.3820415627515
1501,4092.769954027111
1502,4067.685936993256
1503,4046.1012988152766
1504,4026.5419948404096
1505,4009.7630172208887
1506,3996.9760532246323
1507,3986.73468327505
1508,3980.0619856032577
1509,3977.797948411099
1510,3979.898092026117
1511,3985.7803623817426
1512,3994.7345727709653
1513,4007.261991587654
1514,4021.6577365930043
1515,4037.2369670957555
1516,4053.3207665990794
1517,4070.9596367483205
1518,4088.8680120133417
1519,4108.018758390562
1520,4128.230854634669
1521,4146.820674663558
1522,4164.308145183399
1523,4179.424523878964
1524,4192.4311262736555
1525,4203.082833373388
1526,4212.600483700432
1527,4219.474573370485
1528,4224.9748480522085
1529,4228.174989853887
1530,4227.622309066839
1531,4224.005335517352
1532,4219.118084598081
1533,4212.0870243837335
1534,4201.875746912538
1535,4190.036772727809
1536,4178.111906696884
1537,4164.580834904449
1538,4152.395781582595
1539,4141.794785192583
1540,4133.038134552427
1541,4124.171292946916
1542,4113.792284969931
1543,4103.94373761947
1544,4094.847775106097
1545,4085.988973864013
1546,4076.3780994770445
1547,4064.7492674748983
1548,4053.458198158147
1549,4042.5400606571743
1550,4032.922343669245
1551,4022.9825367389585
1552,4011.9624674625056
1553,4000.019541527622
1554,3985.598967014258
1555,3972.1839869201267
1556,3959.778156630587
1557,3947.532897223286
1558,3936.5326655046874
1559,3928.363484727298
1560,3920.8232667481147
1561,3914.3441758318104
1562,3909.288817554613
1563,3904.4168566238527
1564,3899.2229239238145
1565,3893.0289205042695
1566,3886.436092435307
1567,3881.24826845408
1568,3876.265084279896
1569,3873.7259934587564
1570,3875.1495390892
1571,3879.785861456878
1572,3888.419152215014
1573,3898.7942918648255
1574,3910.5940702854236
1575,3921.6002418119324
1576,3931.92887720885
1577,3941.6245615654298
1578,3952.1170415297033
1579,3962.0506400788627
1580,3972.916236024397
1581,3986.129195708766
1582,4003.6097534834503
1583,4023.5485649388047
1584,4044.9954508364103
1585,4069.5845730324177
1586,4098.038517001349
1587,4128.9095665282175
1588,4161.296259356657
1589,4196.8477316158
1590,4234.108602180359
1591,4272.646546189265
1592,4310.325947178776
1593,4347.610927826406
1594,4382.237981276281
1595,4416.20835796109
1596,4445.762585676875
1597,4474.8623483094325
1598,4507.758137481385
1599,4542.262711832971
1600,4577.915866700422
1601,4615.196290193126
1602,4656.869837462381
1603,4700.686297467076
1604,4747.0184680054945
1605,4796.00823995031
1606,4846.179000288511
1607,4896.094726093922
1608,4947.17163157024
1609,4997.156945501558
1610,5043.085788728527
1611,5084.338862990005
1612,5120.662381643767
1613,5153.3481812758
1614,5181.781272917711
1615,5208.14471458492
1616,5230.930399734806
1617,5249.635879891886
1618,5264.517094409404
1619,5275.865574448505
1620,5285.688595691883
1621,5292.233895988115
1622,5297.195265775168
1623,5301.301243281543
1624,5304.88920377843
1625,5307.9744396201395
1626,5310.262561402065
1627,5310.674170526871
1628,5307.290928867392
1629,5301.860447056677
1630,5295.628350838554
1631,5287.211585249267
1632,5275.420822914136
1633,5261.5456052955205
1634,5247.042477081777
1635,5230.63366556811
1636,5211.398574886868
1637,5189.624701497706
1638,5166.464399572144
1639,5139.742282114266
1640,5112.449108419399
1641,5085.7821946684335
1642,5059.333144552391
1643,5035.70099676679
1644,5012.065860657902
1645,4990.827689638485
1646,4971.06696409772
1647,4951.490235845394
1648,4930.4999462790465
1649,4909.849424789962
1650,4889.035316035834
1651,4865.604375335547
1652,4839.946670191323
1653,4817.624466715848
1654,4790.647187212707
1655,4758.679968708371
1656,4724.268137888302
1657,4689.635856069439
1658,4657.06757720282
1659,4625.179887757927
1660,4597.068735094156
1661,4570.792874515942
1662,4548.199577819148
1663,4528.505932099569
1664,4514.447325827884
1665,4502.665475807213
1666,4495.986389666167
1667,4493.465031719601
1668,4494.48330480035
1669,4496.547853007217
1670,4501.140893234589
1671,4506.9374478105765
1672,4514.907358563099
1673,4524.8137803567815
1674,4537.881546069276
1675,4552.943069916458
1676,4567.2436778400715
1677,4581.994466010576
1678,4596.214147116081
1679,4608.737679288005
1680,4618.82876002727
1681,4628.067158545292
1682,4638.256376558482
1683,4649.986786086186
1684,4662.634763833437
1685,4676.663962977416
1686,4693.2751390812045
1687,4710.07355279613
1688,4726.645722490504
1689,4743.825971812266
1690,4762.010036071366
1691,4781.351117378152
1692,4800.598866098348
1693,4819.520500075665
1694,4838.267580123403
1695,4856.180525261108
1696,4873.688779259484
1697,4890.058198530618
1698,4905.623515389391
1699,4919.457965747037
1700,4931.044128349386
1701,4940.765698853053
1702,4947.284300037384
1703,4950.525457277033
1704,4950.275921006965
1705,4946.232544995101
1706,4937.635227924047
1707,4922.5845561610095
1708,4904.431694047483
1709,4881.434292597853
1710,4861.426553336674
1711,4838.807268708347
1712,4815.4898361242485
1713,4789.643008237431
1714,4762.745631167859
1715,4737.582991194563
1716,4714.59282501823
1717,4694.768130710509
1718,4675.711357967945
1719,4659.539329221226
1720,4641.443148678685
1721,4620.905247555032
1722,4598.746459447563
1723,4575.808565670424
1724,4552.591952351738
1725,4527.887418700513
1726,4501.977538173341
1727,4475.910000105184
1728,4449.697786340818
1729,4422.101902786872
1730,4394.085388694488
1731,4369.373682479995
1732,4347.121323438428
1733,4324.201159936468
1734,4301.40440762898
1735,4279.580307620536
1736,4257.922305514154
1737,4233.097904807981
1738,4207.669997146574
1739,4181.385413491592
1740,4154.966342482046
1741,4129.405738165133
1742,4105.690558887339
1743,4083.163983800012
1744,4059.1083543265995
1745,4035.6727503130874
1746,4015.0951242265032
1747,3996.118761945409
1748,3977.8118072783464
1749,3959.3591822737067
1750,3942.3071316779974
1751,3927.448483433796
1752,3918.5877457725824
1753,3915.2796399736494
1754,3917.9608527050987
1755,3926.0780188055433
1756,3939.608759261251
1757,3961.0153133844738
1758,3987.113731630894
1759,4016.8483750879604
1760,4049.149754273575
1761,4086.6736984321988
1762,4125.120764967973
1763,4162.093306943057
1764,4195.333808952852
1765,4226.4767950929545
1766,4252.322982283954
1767,4274.809165140124
1768,4294.390036185483
1769,4309.208201283586
1770,4319.049343530027
1771,4326.6168383891345
1772,4332.147243188005
1773,4334.9425564537205
1774,4337.114872047101
1775,4337.647085680232
1776,4342.166731417212
1777,4349.7283850183585
1778,4358.588539052423
1779,4367.308383802239
1780,4376.23048704346
1781,4384.593006569825
1782,4392.749078061761
1783,4399.151785432333
1784,4404.851211949364
1785,4409.423996762844
1786,4411.573701934928
1787,4413.192166921512
1788,4414.756851806343
1789,4415.895260269651
1790,4417.246874083945
1791,4420.133646846041
1792,4421.681632692524
1793,4422.456601000545
1794,4422.153951962151
1795,4420.9194886788055
1796,4418.499304526537
1797,4416.128910193542
1798,4413.78186173115
1799,4409.285663747829
1800,4403.764275247709
1801,4396.114379415345
1802,4385.561638358516
1803,4371.039381623439
1804,4352.592668398473
1805,4328.947583319258
1806,4301.13132165636
1807,4272.021150293099
1808,4240.738467927698
1809,4206.954711458148
1810,4171.214290390154
1811,4133.928052048336
1812,4096.296003450162
1813,4058.5244259704687
1814,4020.7343132087803
1815,3985.3294622503595
1816,3952.1383512865873
1817,3920.991580007129
1818,3892.2361901865124
1819,3865.9707473800077
1820,3840.175834357709
1821,3813.768229449424
1822,3785.9825402378756
1823,3756.058638296706
1824,3730.024843607888
1825,3701.7871899385673
1826,3672.5495501505015
1827,3642.2913806793545
1828,3613.5259309493213
1829,3586.815357691194
1830,3563.8997004180405
1831,3544.165901782193
1832,3527.1736895994522
1833,3512.841470266906
1834,3500.7896608804986
1835,3490.9245047761115
1836,3483.3747332205303
1837,3478.271274743331
1838,3475.409671124765
1839,3472.2249447450304
1840,3466.7415381900837
1841,3460.251296722866
1842,3451.2545224078954
1843,3441.109988792726
1844,3431.191300782858
1845,3422.6216791819515
1846,3415.231621234492
1847,3408.6662612895702
1848,3402.048327531594
1849,3393.0769281526277
1850,3384.436558729058
1851,3375.6708261804515
1852,3367.360477040862
1853,3360.3786850107545
1854,3357.1911445790633
1855,3358.2835815889107
1856,3361.1048763505137
1857,3368.837023288502
1858,3377.9117665077574
1859,3388.787275652834
1860,3398.804487194583
1861,3411.624616906405
1862,3426.0064662756654
1863,3441.934707497785
1864,3459.13627935987
1865,3478.6618132630865
1866,3499.4198392583444
1867,3520.0528953939825
1868,3542.7240344296756
1869,3565.554849462149
1870,3589.846026316686
1871,3615.936113814003
1872,3644.8808460291148
1873,3676.9068074196025
1874,3713.808775059397
1875,3754.3221811277535
1876,3797.0354674336727
1877,3841.1564555851537
1878,3884.9529404873506
1879,3925.0393209814365
1880,3960.0082769146125
1881,3990.4312685764753
1882,4017.3491754766665
1883,4043.0908013813146
1884,4068.5917137161005
1885,4091.121316205722
1886,4111.869588812619
1887,4131.004503099782
1888,4149.831438731341
1889,4167.556980221198
1890,4186.450163191048
1891,4205.7850370684155
1892,4225.410674498361
1893,4245.8679759042625
1894,4269.79783667205
1895,4297.626854240697
1896,4325.870814556537
1897,4353.984965141986
1898,4382.091324384662
1899,4409.46891594353
1900,4437.867896415523
1901,4465.471003754516
1902,4492.736303801901
1903,4517.950138580862
1904,4540.470589828987
1905,4560.548825805792
1906,4578.3295598852255
1907,4594.137618284074
1908,4607.1227955556315
1909,4617.2999128066385
1910,4628.319301629404
1911,4638.268554835239
1912,4648.257353079117
1913,4655.7863884438575
1914,4663.24743716866
1915,4671.238600369285
1916,4676.4817814432245
1917,4680.442748211139
1918,4682.198667921844
1919,4682.2038526086835
1920,4679.220809601132
1921,4674.440767473881
1922,4668.570872512299
1923,4660.4510675549855
1924,4653.160855221311
1925,4643.468858801909
1926,4633.8240409147
1927,4624.805637957232
1928,4613.334992595926
1929,4602.772028526457
1930,4591.688947514385
1931,4584.499938690391
1932,4578.370103103895
1933,4572.9177200644235
1934,4566.354718467657
1935,4560.547134706556
1936,4551.983356877093
1937,4539.006361496625
1938,4527.716375515617
1939,4514.536928624814
1940,4501.993422423612
1941,4489.933652384654
1942,4480.0142908243715
1943,4470.775307687373
1944,4465.607529498964
1945,4463.357900957891
1946,4461.043986680471
1947,4458.77198580508
1948,4456.153963498374
1949,4451.6151542016605
1950,4448.792532633804
1951,4444.814281560813
1952,4441.321340306445
1953,4438.012733692339
1954,4437.354598242551
1955,4439.295171654662
1956,4442.472787521288
1957,4445.8650662198625
1958,4453.790089009584
1959,4464.5026801891545
1960,4477.857017620405
1961,4494.846081175352
1962,4514.407214911736
1963,4536.0417286294405
1964,4559.9038790918075
1965,4583.135157789368
1966,4607.234855765227
1967,4630.173463322199
1968,4651.295156105584
1969,4672.7181954797725
1970,4693.088512984363
1971,4717.191949430278
1972,4742.424843000211
1973,4767.473586595421
1974,4791.97659260461
1975,4813.416318117118
1976,4833.006144306202
1977,4850.341146402446
1978,4868.218613673283
1979,4886.603075108027
1980,4902.89121969073
1981,4918.889290573347
1982,4933.1354945031635
1983,4947.801634586057
1984,4957.474459219584
1985,4965.013688319807
1986,4969.769208762974
1987,4972.952753431593
1988,4973.569808493605
1989,4972.415960417413
1990,4969.957359569438
1991,4969.136142985371
1992,4965.749392903792
1993,4964.9973055298215
1994,4966.148526965642
1995,4967.150089614806
1996,4967.025342088454
1997,4964.106956452881
1998,4958.642160827276
1999,4952.485685771152
2000,4946.83299629203
2001,4942.116965166066
2002,4937.365036673297
2003,4933.754607376459
2004,4929.332221010293
2005,4921.870629926352
2006,4912.363706793074
2007,4900.581407540978
2008,4882.782381590908
2009,4860.783037283142
2010,4835.979468773233
2011,4809.635243417419
2012,4780.845775405601
2013,4750.65219242011
2014,4718.027315356197
2015,4684.561784515595
2016,4648.595423877214
2017,4608.162059323136
2018,4562.826175770348
2019,4515.49958257415
2020,4464.420738780781
2021,4410.464058976268
2022,4353.2776602402555
2023,4295.874842949932
2024,4239.614499020789
2025,4181.79373006079
2026,4125.133038109097
2027,4069.5845510921804
2028,4016.342916977069
2029,3963.4922182335667
2030,3912.7429492239567
2031,3863.724910364268
2032,3816.68638931857
2033,3771.511233968851
2034,3726.994330895828
2035,3684.8593000096134
2036,3643.867916409682
2037,3605.0532860486705
2038,3572.0865361111073
2039,3544.4639748157824
2040,3525.452156156811
2041,3511.118249536178
2042,3502.5925641446165
2043,3498.310841145419
2044,3497.64318374279
2045,3500.8718832481386
2046,3509.2327090324757
2047,3523.256538598625
2048,3541.447304825564
2049,3564.11067201338
2050,3590.255102293743
2051,3620.0319688583536
2052,3645.937842769564
2053,3678.366234685159
2054,3714.1747054988896
2055,3751.233718389865
2056,3787.003345470958
2057,3823.7163666093616
2058,3858.5784611131203
2059,3888.399825051466
2060,3914.6322308740646
2061,3938.338216333615
2062,3960.702484593118
2063,3982.906625081653
2064,4005.463872572171
2065,4029.1209757827023
2066,4055.757302405767
2067,4087.483987243912
2068,4121.549463566272
2069,4159.396451951462
2070,4200.837886390313
2071,4245.506894947861
2072,4291.233421301679
2073,4338.577847543355
2074,4384.564068629398
2075,4428.612662872918
2076,4471.460278091679
2077,4511.529568519506
2078,4548.197617382591
2079,4583.1634688643235
2080,4616.337686523947
2081,4649.189103396722
2082,4679.583384597736
2083,4708.266291412405
2084,4738.100248532095
2085,4766.385725989957
2086,4793.646589469745
2087,4821.628003188632
2088,4848.627752412164
2089,4874.425665135591
2090,4902.2697534505
2091,4931.472785919611
2092,4959.553548758409
2093,4989.307325374459
2094,5015.545289330757
2095,5036.368541766515
2096,5052.1919196142135
2097,5062.858267932484
2098,5068.297318875404
2099,5064.222979727369
2100,5053.920418215629
2101,5039.268273916371
2102,5018.412278154894
2103,4991.169824850025
2104,4958.2989883563805
2105,4922.403535654534
2106,4886.174604382572
2107,4852.564601180145
2108,4823.718564155442
2109,4798.622511943951
2110,4780.551112283235
2111,4767.769771288664
2112,4757.252061207753
2113,4747.397335555835
2114,4733.860593721814
2115,4719.211388535552
2116,4703.593639856812
2117,4686.270595032838
2118,4669.404433417908
2119,4653.404172511075
2120,4637.17058583549
2121,4621.682923853042
2122,4608.2736420428055
2123,4596.487904880349
2124,4586.6975598214085
2125,4577.655907303126
2126,4571.040020803083
2127,4569.520216517094
2128,4572.437922545099
2129,4578.649002412147
2130,4590.388248198554
2131,4605.973290101361
2132,4626.789144542672
2133,4650.923364696959
2134,4676.973375921395
2135,4705.871013765241
2136,4737.70045116183
2137,4773.432291936434
2138,4808.461472235015
2139,4844.363733906754
2140,4880.017203038033
2141,4912.629207936338
2142,4941.236026116712
2143,4968.489693760285
2144,4992.518751037968
2145,5013.599272169725
2146,5033.361797810192
2147,5051.801473645327
2148,5067.371007023648
2149,5079.595898304442
2150,5087.13117824055
2151,5090.297710660137
2152,5088.36472592102
2153,5080.128123514346
2154,5066.062307146223
2155,5049.071191422963
2156,5029.186036558845
2157,5006.801289739592
2158,4981.972339583753
2159,4953.8806273481205
2160,4923.560904644103
2161,4891.670135424545
2162,4857.482136053733
2163,4821.009780331822
2164,4781.827579415183
2165,4740.755204331337
2166,4705.022238008392
2167,4667.434039176549
2168,4628.424726404967
2169,4587.545655724527
2170,4545.536630681275
2171,4502.541419684285
2172,4461.232302875591
2173,4419.319515934015
2174,4376.945203253161
2175,4334.056123476248
2176,4290.453385637228
2177,4247.202077900773
2178,4205.754888785712
2179,4164.290312092379
2180,4124.673117110932
2181,4086.4244232997557
2182,4050.8795123658842
2183,4014.6122362558544
2184,3978.4645355639623
2185,3943.2173502425917
2186,3909.425846526493
2187,3879.417406132819
2188,3852.158467959759
2189,3828.6514540161133
2190,3809.951302231522
2191,3794.003423840676
2192,3781.8527769435063
2193,3772.874865731625
2194,3766.3295310084504
2195,3762.1527414379843
2196,3760.1574283790355
2197,3761.119820039473
2198,3763.907202101589
2199,3770.701789834961
2200,3777.977988454228
2201,3787.818283163693
2202,3800.186290771766
2203,3812.3562518401222
2204,3824.43430198744
2205,3836.682969812393
2206,3848.8778428444575
2207,3859.5256115580114
2208,3867.4600637016365
2209,3874.416698773076
2210,3878.5076679244494
2211,3881.0121840773922
2212,3880.2351486459725
2213,3876.8332314616364
2214,3871.9339864593
2215,3864.965760075005
2216,3856.0125484670043
2217,3845.3252132880502
2218,3834.2618178356056
2219,3821.2154784188156
2220,3806.504064383297
2221,3790.7215811276646
2222,3774.187643953223
2223,3759.8031186114586
2224,3743.418051853528
2225,3724.987240065306
2226,3706.021626994154
2227,3686.472327870645
2228,3667.9036228809387
2229,3650.077755198499
2230,3631.5325083922526
2231,3613.9341061872865
2232,3596.885876910538
2233,3579.8117342743003
2234,3563.260090633702
2235,3546.4094779598586
2236,3528.9570947383613
2237,3511.851937760233
2238,3495.529400762834
2239,3479.1163054634712
2240,3462.4325383733826
2241,3446.219760942183
2242,3430.576804679702
2243,3414.2206740042598
2244,3397.9429661346803
2245,3382.924567855351
2246,3369.5609306698666
2247,3357.6643223415695
2248,3346.2027224235135
2249,3335.5720936674243
2250,3327.0907252998404
2251,3319.9634182335963
2252,3317.1745272594962
2253,3317.979099645223
2254,3322.391435978765
2255,3329.9688496454946
2256,3341.631923665564
2257,3355.0579098188045
2258,3371.118492092281
2259,3390.059049553523
2260,3412.4237544097496
2261,3438.94510745413
2262,3469.304506112741
2263,3502.469160836361
2264,3539.3468740819694
2265,3579.119894766983
2266,3623.3154058993364
2267,3672.702900934569
2268,3726.8774602968438
2269,3785.566280878386
2270,3849.7288540901795
2271,3917.6823406900075
2272,3989.445145863988
2273,4063.7076161231535
2274,4140.760863893142
2275,4221.618974375089
2276,4304.398150525405
2277,4387.697773998555
2278,4467.865591958546
2279,4546.980874486371
2280,4615.811170285579
2281,4683.168147615588
2282,4747.487338177547
2283,4809.964370005818
2284,4869.124685772041
2285,4923.467209703892
2286,4971.6930596863185
2287,5015.169013962205
2288,5053.2248988119
2289,5086.9417729365705
2290,5115.837172372994
2291,5140.6051744149545
2292,5162.0027531042615
2293,5179.799615676142
2294,5192.4846566115275
2295,5201.1134996649735
2296,5206.568590700309
2297,5207.357765077209
2298,5204.0355467744375
2299,5195.403442949459
2300,5181.987873792619
2301,5161.2751241716
2302,5134.369852616331
2303,5103.219216714772
2304,5068.899016039797
2305,5031.765345538968
2306,4992.463559350919
2307,4953.973997026308
2308,4915.926633549268
2309,4878.685021334531
2310,4841.031894441362
2311,4802.770782110753
2312,4767.014021276292
2313,4732.840997789248
2314,4703.070466756477
2315,4678.738610559987
2316,4659.001450897892
2317,4643.863650913419
2318,4632.476755779392
2319,4621.343004460054
2320,4610.481702739312
2321,4600.142745430815
2322,4589.401252236758
2323,4578.879738622204
2324,4569.806159499268
2325,4559.819682618293
2326,4549.937775543829
2327,4542.060431216842
2328,4535.48747648826
2329,4530.736162974999
2330,4527.084672038466
2331,4525.01963319589
2332,4524.308120612014
2333,4524.490974945105
2334,4526.417804298302
2335,4533.441965653869
2336,4543.799544190849
2337,4552.810637518022
2338,4565.885625398738
2339,4580.8831293233125
2340,4597.314510749055
2341,4614.355202301742
2342,4631.135054419345
2343,4648.770859966011
2344,4666.933108729348
2345,4686.522795388761
2346,4708.455838813924
2347,4731.3823729010965
2348,4755.198990250397
2349,4780.10115958482
2350,4803.24423178146
2351,4825.223619626832
2352,4847.64360991097
2353,4870.967907350232
2354,4893.60270302328
2355,4915.038569795394
2356,4936.493772413196
2357,4956.105127367848
2358,4973.864606365471
2359,4989.744070911008
2360,5004.525256448384
2361,5016.355736061609
2362,5024.289011510799
2363,5029.428990641424
2364,5030.916537781445
2365,5029.476026825586
2366,5025.52904964079
2367,5020.237978162285
2368,5012.5075133271
2369,5002.70337582948
2370,4991.697662233599
2371,4980.234542353776
2372,4967.8134660750475
2373,4953.595373722616
2374,4938.159975232064
2375,4922.481221135855
2376,4906.79786038099
2377,4891.066430702095
2378,4875.506551593267
2379,4858.497564902567
2380,4840.35755422919
2381,4822.361862870689
2382,4804.382145441708
2383,4788.067030889733
2384,4771.308881819397
2385,4754.822978697801
2386,4739.333352371187
2387,4724.6038061118215
2388,4708.020790313792
2389,4691.453629844838
2390,4678.398682940318
2391,4667.173744638874
2392,4658.279457284479
2393,4652.992402942574
2394,4648.392665665117
2395,4647.924576106441
2396,4646.833069294704
2397,4643.801343051898
2398,4635.6934171942485
2399,4620.549662141436
2400,4601.0488024254455
2401,4574.442882865058
2402,4543.680549039969
2403,4509.720170428219
2404,4473.311571805902
2405,4436.078215076764
2406,4398.3945771162835
2407,4357.404121053186
2408,4314.786094071956
2409,4271.770967876211
2410,4229.06233904403
2411,4185.932075353669
2412,4146.323752804346
2413,4109.49393477132
2414,4076.0949355232938
2415,4045.0344368042024
2416,4014.775053024937
2417,3986.0814564646325
2418,3957.761786403011
2419,3931.039714840149
2420,3907.5999659462905
2421,3886.8094962779933
2422,3867.288013673778
2423,3848.219700698495
2424,3829.3930409251125
2425,3811.7094685502802
2426,3795.1863186391433
2427,3780.7279156307745
2428,3768.7785974021444
2429,3761.5864589656535
2430,3759.6903009087155
2431,3761.119527652403
2432,3765.6539003392527
2433,3774.8539320205387
2434,3786.5257398851363
2435,3800.965711915842
2436,3817.8047694193738
2437,3834.3612902781238
2438,3852.7246599202354
2439,3873.694005786816
2440,3895.3262133699495
2441,3918.416257260016
2442,3941.162044758843
2443,3965.786717178587
2444,3989.962508871503
2445,4013.35715739101
2446,4037.0066242597904
2447,4063.296978916348
2448,4094.2331208175865
2449,4130.623750216214
2450,4174.267883561016
2451,4212.238279570995
2452,4257.959395166618
2453,4309.760602538793
2454,4362.74967600415
2455,4414.670424498657
2456,4463.621900786563
2457,4509.302502248246
2458,4550.266980034264
2459,4587.174355098939
2460,4620.080911546956
2461,4648.899435454657
2462,4673.660379396085
2463,4692.789967859182
2464,4705.413652758798
2465,4714.180465555142
2466,4719.795495169168
2467,4724.828331324559
2468,4726.785118563654
2469,4726.820109897361
2470,4724.821603829804
2471,4719.62117575096
2472,4711.680881413968
2473,4699.727770415197
2474,4684.095973555322
2475,4665.21147685019
2476,4645.218717401744
2477,4623.776671305895
2478,4600.7955190646835
2479,4575.479229584907
2480,4548.7750716301925
2481,4521.469493852893
2482,4490.569216844091
2483,4462.904520693777
2484,4438.229974175653
2485,4419.5992493560925
2486,4405.923271860799
2487,4395.701176829119
2488,4391.400958182888
2489,4388.970927085168
2490,4385.707710589365
2491,4383.036814575056
2492,4381.127922091824
2493,4377.731738478668
2494,4370.587293401717
2495,4360.282461526297
2496,4345.798772965553
2497,4330.542239146572
2498,4311.579162310253
2499,4286.656610210441
2500,4255.42822263289
2501,4216.345673621454
2502,4172.488891149382
2503,4126.258882278048
2504,4078.8846822381843
2505,4031.3778843447676
2506,3985.452369770117
2507,3945.9245544548908
2508,3911.535355130644
2509,3879.5818712964856
2510,3853.179261848041
2511,3831.205961310175
2512,3814.8277706818462
2513,3804.538935070009
2514,3799.783593738186
2515,3799.2921538718924
2516,3801.602599534495
2517,3805.534384858487
2518,3809.943412825585
2519,3814.120012669442
2520,3818.6082143063127
2521,3822.8172494815976
2522,3827.4893138378156
2523,3832.3671400602902
2524,3839.5084881387966
2525,3847.820745089791
2526,3858.8220111166893
2527,3871.3305486758004
2528,3885.069637876831
2529,3897.8715047582646
2530,3909.5727917716686
2531,3921.790092460515
2532,3937.2204901296773
2533,3954.5707227631665
2534,3970.972334605017
2535,3987.926471131894
2536,4000.8657414456934
2537,4012.9618702265657
2538,4022.042804880425
2539,4028.0987189115503
2540,4033.842438490861
2541,4038.6371450001056
2542,4040.7561145693503
2543,4038.2952130820054
2544,4032.5810087288064
2545,4024.800047884221
2546,4013.9701825846496
2547,4001.7541373385952
2548,3988.468501166559
2549,3974.4669610288865
2550,3960.6880053268287
2551,3947.23566102286
2552,3935.6967896525507
2553,3927.6733464386703
2554,3920.0389063753737
2555,3914.903188657797
2556,3913.609204675518
2557,3912.4697609291734
2558,3914.7658256163954
2559,3921.1966225289784
2560,3933.2396407078113
2561,3947.344683101379
2562,3962.546059016197
2563,3977.3637085426863
2564,3993.491415638313
2565,4007.522520811509
2566,4022.1289805844112
2567,4032.3621492786624
2568,4037.379088690956
2569,4040.3373821894806
2570,4040.5632055689753
2571,4036.4487308207626
2572,4030.0848181794468
2573,4021.1365167072745
2574,4008.2819853316714
2575,3993.6840494459498
2576,3976.771550893606
2577,3960.0196295631868
2578,3940.1709842734626
2579,3918.4053238341407
2580,3896.176959275011
2581,3874.1949046131945
2582,3854.206116868999
2583,3835.8991719010123
2584,3818.2499247739047
2585,3801.1566447776827
2586,3783.1140799699406
2587,3765.9323558789897
2588,3747.701136352051
2589,3730.0521753708963
2590,3712.2636889382
2591,3692.4917273989827
2592,3671.035707361705
2593,3647.182878001363
2594,3623.6041596920263
2595,3598.496891296951
2596,3571.47494834801
2597,3543.004174010025
2598,3516.162443979772
2599,3490.438595292927
2600,3467.7572773081547
2601,3446.694016220663
2602,3427.22272890644
2603,3408.107711965042
2604,3390.614475923445
2605,3374.2720165412434
2606,3361.2608635178276
2607,3353.7046252187693
2608,3349.5874283512044
2609,3347.3192881102864
2610,3345.7340141988
2611,3345.1537027990325
2612,3344.6673523617524
2613,3344.542598925479
2614,3345.1217778013465
2615,3346.5444337311264
2616,3347.7810051609626
2617,3348.8808355665674
2618,3351.1728970465006
2619,3356.11947201688
2620,3366.785618453431
2621,3384.469695606185
2622,3399.854842729081
2623,3423.140598903277
2624,3451.8412777226886
2625,3485.4599360258894
2626,3523.9211256136514
2627,3567.839185916385
2628,3617.047848839849
2629,3670.4190939615514
2630,3726.9097647652648
2631,3785.991401676097
2632,3846.508806704132
2633,3908.4162669462194
2634,3972.4322982042777
2635,4037.4801730556123
2636,4103.570974511924
2637,4170.1542921515775
2638,4236.311606411631
2639,4298.661066633372
2640,4357.8975595900465
2641,4415.048753555084
2642,4468.834517260618
2643,4521.2787135040235
2644,4571.879186785601
2645,4620.163603951745
2646,4665.460765361065
2647,4705.897187632396
2648,4744.160177837775
2649,4777.181944076193
2650,4804.739216759659
2651,4826.106060964354
2652,4841.5156285670755
2653,4852.686233886381
2654,4860.0018877645125
2655,4862.477180230431
2656,4861.322180345984
2657,4856.369364635991
2658,4844.792988968023
2659,4830.78875848396
2660,4814.071561980962
2661,4794.746827143841
2662,4773.412166078918
2663,4753.280910084943
2664,4731.393213308081
2665,4708.690520672541
2666,4684.195904926193
2667,4659.855558794254
2668,4635.445773018323
2669,4613.325584789934
2670,4593.2619719782615
2671,4576.591003708608
2672,4562.6306821613925
2673,4552.911345507142
2674,4546.059935827732
2675,4540.063703474513
2676,4533.681687848195
2677,4525.460843975374
2678,4516.681119905488
2679,4509.042759964688
2680,4499.69531704953
2681,4486.278859845513
2682,4467.920367290834
2683,4444.458191870965
2684,4414.882381569466
2685,4379.536259693178
2686,4336.884827018743
2687,4288.871417540589
2688,4235.751354840615
2689,4181.596184590471
2690,4123.266360096127
2691,4064.4175794007297
2692,4004.277769971007
2693,3942.318208809359
2694,3880.4511220011027
2695,3817.908746390483
2696,3757.6159082612176
2697,3701.21557664114
2698,3649.9478532433327
2699,3603.7153397562242
2700,3561.005927536953
2701,3521.3372956469
2702,3486.5670847496344
2703,3456.4521302991443
2704,3434.5112734522218
2705,3417.0379411278022
2706,3404.5914623589856
2707,3398.279970546083
2708,3397.1984371241406
2709,3398.515506215966
2710,3404.3060348858244
2711,3413.9351352625235
2712,3426.1456327847127
2713,3443.1078066907885
2714,3463.5561320637134
2715,3488.0224416120222
2716,3517.864541476679
2717,3549.6034693233532
2718,3584.3496945851057
2719,3621.8343242374335
2720,3662.626894382788
2721,3704.838681343574
2722,3747.3960649333594
2723,3792.5570227396693
2724,3837.49058514058
2725,3880.91911488752
2726,3922.857625925697
2727,3964.00867837283
2728,4003.9528656242405
2729,4041.2093855927187
2730,4075.8860137629526
2731,4108.409472077819
2732,4141.622762576938
2733,4176.19756861925
2734,4211.780976145456
2735,4252.4553945968
2736,4287.842138649467
2737,4328.672437268254
2738,4375.034536366626
2739,4424.45213618811
2740,4476.722180552317
2741,4531.558517525923
2742,4587.742188451118
2743,4645.532529995593
2744,4703.821087059431
2745,4761.191311095371
2746,4816.598773870431
2747,4871.539128878146
2748,4928.185440809745
2749,4984.697346065742
2750,5041.441145380183
2751,5099.546504398375
2752,5157.98542246762
2753,5212.700143510919
2754,5264.152081418868
2755,5313.859687952646
2756,5360.204209335422
2757,5404.072531831933
2758,5445.745274633808
2759,5483.426411341265
2760,5518.134911703728
2761,5548.310757744178
2762,5573.912682480043
2763,5595.192954470117
2764,5613.369957113925
2765,5627.469124307738
2766,5635.71558635886
2767,5640.246560284024
2768,5640.262973405096
2769,5633.677610929562
2770,5621.819348537631
2771,5605.9096385135
2772,5586.502406364424
2773,5562.626658951469
2774,5534.736133246295
2775,5504.784542828136
2776,5473.719317650904
2777,5440.944080814801
2778,5407.791088210313
2779,5371.353781831646
2780,5332.3458011757175
2781,5294.142254397653
2782,5256.116054339367
2783,5218.682162372616
2784,5182.384318413655
2785,5145.709285685642
2786,5110.352007525003
2787,5075.477364315486
2788,5041.612100822605
2789,5007.8157176666355
2790,4973.7176099557155
2791,4943.693358406669
2792,4914.787593535861
2793,4889.639578098257
2794,4865.783985065643
2795,4843.499121701677
2796,4821.269961298242
2797,4800.16881590377
2798,4779.552821823443
2799,4759.705215181935
2800,4740.084897070432
2801,4723.336996412625
2802,4708.488102775209
2803,4694.796007899989
2804,4681.150834921145
2805,4667.292197862747
2806,4652.956028356163
2807,4638.125645086029
2808,4621.979487009329
2809,4606.560882151151
2810,4591.828559034337
2811,4575.330364290748
2812,4560.18009573141
2813,4544.264625370788
2814,4529.090157888867
2815,4515.753201597087
2816,4505.53701073504
2817,4498.250924536915
2818,4493.493151607333
2819,4489.390660204869
2820,4487.328909962062
2821,4487.170581783314
2822,4489.353088348518
2823,4494.371892725724
2824,4501.13901586135
2825,4509.906233031559
2826,4519.193056372636
2827,4530.400816351654
2828,4542.443798867934
2829,4556.60362223929
2830,4572.796021266716
2831,4589.5036226806615
2832,4603.638485024633
2833,4615.709916008652
2834,4626.756303952855
2835,4638.739085650644
2836,4651.950326710499
2837,4664.837055152309
2838,4679.394220536481
2839,4692.553545671673
2840,4704.164789779702
2841,4716.51475489457
2842,4725.420056419657
2843,4730.759958319952
2844,4730.005395377068
2845,4725.38336144074
2846,4717.879294689002
2847,4707.728728311248
2848,4693.066989406847
2849,4675.342348960093
2850,4659.921911771416
2851,4643.753823803102
2852,4625.150986863813
2853,4602.319279385739
2854,4575.273532176721
2855,4546.548703639244
2856,4517.695409051835
2857,4487.848500386134
2858,4457.393944707997
2859,4427.5895443842355
2860,4399.273353435984
2861,4373.807188674858
2862,4349.243461069726
2863,4326.571108432528
2864,4305.946588405356
2865,4285.507290313018
2866,4263.106333590517
2867,4242.164805690824
2868,4220.059960460553
2869,4199.362748807032
2870,4181.167824128973
2871,4164.808210293976
2872,4149.177057721457
2873,4134.263848488771
2874,4120.913342343778
2875,4109.296862455035
2876,4100.157523320814
2877,4094.6354335708
2878,4089.721888367172
2879,4086.775807774155
2880,4085.0309255627544
2881,4084.2346932300457
2882,4081.676792873658
2883,4080.1820864970277
2884,4078.2255707088384
2885,4075.8943479810714
2886,4073.4390895533174
2887,4068.4426060531455
2888,4060.6211110401237
2889,4052.4153389061253
2890,4041.6021694707774
2891,4028.7759675211732
2892,4014.0237628611712
2893,3999.7215068572
2894,3986.5654240587555
2895,3976.2866779280403
2896,3968.876006145512
2897,3964.4678838467107
2898,3962.1636923049255
2899,3962.4898202865747
2900,3966.221977536179
2901,3971.972265014855
2902,3980.911182710278
2903,3991.183110757706
2904,4004.163948676566
2905,4018.448912435824
2906,4035.71919059219
2907,4050.7443325882286
2908,4067.2300059785816
2909,4086.319422559046
2910,4105.681386353805
2911,4127.932404562765
2912,4150.491635979162
2913,4173.701379644433
2914,4198.2730924206635
2915,4222.4534152006945
2916,4245.204880174904
2917,4266.967860684361
2918,4287.565496350099
2919,4306.358856545258
2920,4322.99926563075
2921,4338.75207815446
2922,4353.6405473625755
2923,4368.42010529324
2924,4383.173999497046
2925,4397.04154572656
2926,4409.761543332021
2927,4419.767627176294
2928,4428.102741829494
2929,4434.451405587539
2930,4437.062973643567
2931,4437.335337742888
2932,4438.890487714314
2933,4439.949828373827
2934,4441.811982880489
2935,4443.837582058775
2936,4445.853130932883
2937,4451.034819092426
2938,4458.234496170232
2939,4468.217651595118
2940,4479.64865144541
2941,4492.582996448753
2942,4506.034807254877
2943,4517.001717283712
2944,4528.367693367924
2945,4540.20660097468
2946,4551.069666694248
2947,4563.438998737063
2948,4576.513969127773
2949,4587.476282513548
2950,4596.604440698365
2951,4605.273908201948
2952,4610.453048430948
2953,4613.053734610242
2954,4611.671554641968
2955,4607.287521111846
2956,4601.268188829594
2957,4594.0129712778935
2958,4585.207915737258
2959,4576.704161460297
2960,4567.680835837823
2961,4557.093791380349
2962,4546.174911748873
2963,4534.5275546128505
2964,4524.394353904511
2965,4514.294840836936
2966,4504.718170686331
2967,4494.712228415611
2968,4485.965949948256
2969,4476.1971313415515
2970,4467.333631155989
2971,4461.000493049049
2972,4457.16926340076
2973,4456.649770752447
2974,4456.0397407298915
2975,4457.695391626837
2976,4460.312625842468
2977,4464.605895455268
2978,4470.01908471981
2979,4476.603878497042
2980,4484.179432181998
2981,4492.707467564782
2982,4499.619999701206
2983,4505.834821018247
2984,4512.83346509006
2985,4522.11424976016
2986,4535.004615751965
2987,4549.790598786183
2988,4565.857511647262
2989,4584.541680819027
2990,4604.09146914147
2991,4623.90804876535
2992,4646.648264434648
2993,4671.968236087947
2994,4700.055003635208
2995,4730.2656737978605
2996,4760.053302689077
2997,4788.935295311052
2998,4814.919653260153
2999,4840.095349254154
3000,4864.092881071487
3001,4885.79325609243
3002,4905.936479321449
3003,4925.377578535897
3004,4942.217291427818
3005,4955.014390413606
3006,4963.431687899462
3007,4967.5800347983795
3008,4966.992729025156
3009,4963.176524925343
3010,4954.95970788895
3011,4942.08872528853
3012,4926.627358885392
3013,4909.864149440413
3014,4890.881681781227
3015,4870.355634473151
3016,4847.250643490917
3017,4822.048750964404
3018,4793.8698015309055
3019,4762.779449866469
3020,4728.291431516387
3021,4698.286855551815
3022,4663.040206707462
3023,4624.14919317776
3024,4583.385343447199
3025,4543.917498197464
3026,4505.777548661272
3027,4469.359385010585
3028,4435.835823971239
3029,4403.932766321202
3030,4373.561474780084
3031,4344.742332355276
3032,4317.829741634166
3033,4292.247721904891
3034,4268.08277169485
3035,4245.838424972981
3036,4223.3980051144745
3037,4201.276679248943
3038,4178.698556321387
3039,4157.115244554776
3040,4133.714292048934
3041,4106.3626453444995
3042,4077.575011293875
3043,4048.1132655022334
3044,4015.9678161597803
3045,3982.046008270611
3046,3947.0304918855472
3047,3911.599263767417
3048,3876.5004673766493
3049,3842.44442314307
3050,3810.6572276306943
3051,3781.3018823174325
3052,3752.6047979751456
3053,3725.9099693860994
3054,3700.8559811824625
3055,3674.5405297002
3056,3652.0351929901444
3057,3632.3626041798448
3058,3615.0880194380375
3059,3603.3325466139813
3060,3594.9859348273662
3061,3589.644936502993
3062,3588.792832641963
3063,3593.629293631518
3064,3602.3675388310576
3065,3616.28215904643
3066,3634.863186175107
3067,3657.672160554265
3068,3685.637713299742
3069,3720.5468528564606
3070,3761.3031638293924
3071,3806.4422181699424
3072,3856.779749591526
3073,3908.974243333649
3074,3960.463251764841
3075,4008.6375470715716
3076,4054.2173298722205
3077,4095.5492704327276
3078,4131.508058720368
3079,4162.282711385431
3080,4189.646700221796
3081,4214.593225318931
3082,4234.889222498598
3083,4253.980548051075
3084,4269.9192306113055
3085,4283.055724769504
3086,4295.108106420589
3087,4306.20644842272
3088,4314.711280398914
3089,4322.32344166973
3090,4328.924245029206
3091,4334.020735741639
3092,4338.92523074252
3093,4343.054776021976
3094,4346.775657827892
3095,4349.763940557097
3096,4352.783308768104
3097,4354.398861954807
3098,4354.442941289186
3099,4352.017537777358
3100,4345.599222764947
3101,4336.531137163232
3102,4324.2401118124835
3103,4310.304565430802
3104,4295.597957068248
3105,4280.2087941100945
3106,4262.9459792981515
3107,4245.474070875129
3108,4227.410873024757
3109,4207.836662256582
3110,4187.118673749957
3111,4165.555243142844
3112,4141.5166943026925
3113,4114.316957057459
3114,4085.1635853204466
3115,4052.876727536737
3116,4017.0305272425303
3117,3981.478562909685
3118,3944.5362488767882
3119,3905.36178904152
3120,3865.7532720248546
3121,3825.475745000925
3122,3785.1989242351538
3123,3744.0467847076143
3124,3701.824967414514
3125,3659.4029727234233
3126,3616.3223916218817
3127,3571.565458868598
3128,3527.5125446732204
3129,3483.7630358633255
3130,3444.2972967663254
3131,3407.0905300371455
3132,3373.4938754539253
3133,3342.638717465305
3134,3315.5957097389587
3135,3292.0682930170374
3136,3272.8140173002303
3137,3256.729813003004
3138,3242.284308110493
3139,3227.5808936114563
3140,3212.121586857054
3141,3197.676088669134
3142,3184.1626493017393
3143,3170.417520708029
3144,3157.281162476181
3145,3146.288869981024
3146,3134.2141328482344
3147,3122.0493419334243
3148,3111.465453065286
3149,3101.003703794977
3150,3089.7742492501097
3151,3080.496509652342
3152,3069.3587100474615
3153,3059.48931212678
3154,3052.236076206137
3155,3049.0025304239025
3156,3049.9486335167835
3157,3052.4344398637886
3158,3057.3546163071214
3159,3062.7914198648423
3160,3066.434179639556
3161,3071.746738413917
3162,3077.7828159210358
3163,3082.0681382961316
3164,3083.9555130608323
3165,3085.0656314603993
3166,3086.398315733302
3167,3087.7062039498423
3168,3089.763578746037
3169,3094.0599408144776
3170,3099.8553512064454
3171,3106.043746411845
3172,3112.8466096513193
3173,3120.582524706297
3174,3129.7056696856675
3175,3141.140301336935
3176,3154.5524655224144
3177,3170.918545800136
3178,3190.2818980675906
3179,3211.8668033422705
3180,3235.6525089987545
3181,3261.5664090845794
3182,3286.8902552990544
3183,3311.7426789492865
3184,3335.87460660448
3185,3361.5292194559747
3186,3391.270543411456
3187,3420.7725254832444
3188,3454.163461850259
3189,3490.525737980359
3190,3528.3510311255886
3191,3572.4404729902385
3192,3610.798287412483
3193,3655.0879812263765
3194,3704.8257373844185
3195,3757.4994525117963
3196,3812.5218868831516
3197,3867.912116940694
3198,3920.82333581114
3199,3974.0654045642514
3200,4022.7386111488804
3201,4069.6755353405433
3202,4112.191794078068
3203,4151.030087426178
3204,4186.5175424744275
3205,4215.491962019475
3206,4238.6555659553405
3207,4258.119957472487
3208,4274.363285866102
3209,4285.945026783581
3210,4297.03549065969
3211,4306.202409707445
3212,4311.6720394174745
3213,4318.961673658452
3214,4327.074616024661
3215,4335.712410958945
3216,4346.320476515054
3217,4357.873502212715
3218,4367.198818059963
3219,4373.209262878885
3220,4378.091963665972
3221,4378.078412796481
3222,4371.086602240056
3223,4362.53344381448
3224,4350.269808668763
3225,4334.980435217449
3226,4316.2236314885495
3227,4296.102638939192
3228,4274.834767355728
3229,4254.287802258179
3230,4231.8725528555
3231,4209.607395400914
3232,4186.78182677361
3233,4161.380167156332
3234,4137.1219332090195
3235,4114.500038709705
3236,4091.5728804492405
3237,4069.4991554962457
3238,4051.2281566156857
3239,4035.085328290624
3240,4017.9741328639193
3241,4000.618658381323
3242,3984.5006042316495
3243,3971.695251816726
3244,3959.996172409952
3245,3949.1325762079096
3246,3942.0160150474117
3247,3938.847115000701
3248,3939.2500886754747
3249,3939.600675772528
3250,3941.3594296177826
3251,3946.752005960376
3252,3953.719072264761
3253,3957.046035053849
3254,3955.293255864514
3255,3953.90046634513
3256,3951.2489804848983
3257,3949.43514860465
3258,3949.2829781121523
3259,3948.4448160377488
3260,3946.897408871931
3261,3944.1158108818486
3262,3940.61793389165
3263,3937.6042649289134
3264,3933.4265467741634
3265,3929.613223735045
3266,3925.4385985143053
3267,3919.462201962711
3268,3913.9692066243806
3269,3907.131690825741
3270,3899.9155716048654
3271,3894.326165169881
3272,3891.2149125949486
3273,3890.4747694896523
3274,3892.648205324408
3275,3898.677233820591
3276,3912.4904038376053
3277,3930.075666120701
3278,3950.1688448066243
3279,3969.878386986491
3280,3990.957880270095
3281,4014.163430796248
3282,4038.994158826919
3283,4066.017638518462
3284,4098.203764844055
3285,4131.373228114541
3286,4165.698763123663
3287,4200.269043606327
3288,4234.915569126647
3289,4269.9761521977725
3290,4307.775337867246
3291,4346.3683856077005
3292,4383.115444041531
3293,4419.521257390113
3294,4453.669059454231
3295,4485.547290765383
3296,4515.225519866495
3297,4541.141427274727
3298,4562.4192298439975
3299,4578.635519242742
3300,4591.343460988335
3301,4600.543375554301
3302,4609.913177183212
3303,4621.85369543933
3304,4634.2651080180985
3305,4652.468919894901
3306,4668.30623622772
3307,4689.339843321615
3308,4711.745382973579
3309,4734.177807009263
3310,4755.735396283461
3311,4775.484361803582
3312,4792.464178638612
3313,4805.013810381104
3314,4813.66853278863
3315,4824.69312440442
3316,4836.217367811669
3317,4847.274362298291
3318,4855.126295451895
3319,4859.659434947794
3320,4862.445412045755
3321,4863.726678142548
3322,4863.273635135238
3323,4861.4007691930365
3324,4859.4570739857545
3325,4857.380060682492
3326,4854.8812328162785
3327,4850.952602143138
3328,4844.153186881747
3329,4835.635560700254
3330,4828.078086120557
3331,4823.300812698218
3332,4819.237949700708
3333,4817.678735695383
3334,4819.02758963977
3335,4817.994242719163
3336,4812.887113565456
3337,4803.7783512510505
3338,4787.463263617028
3339,4766.836922216338
3340,4748.13226489519
3341,4732.016359252318
3342,4717.589977476099
3343,4703.832546977212
3344,4689.950234324327
3345,4675.7896032365525
3346,4657.829875502044
3347,4634.996405891128
3348,4609.452351413544
3349,4584.372633144244
3350,4556.513641977032
3351,4528.345888746277
3352,4499.621033926346
3353,4470.66413475882
3354,4438.526319987418
3355,4407.077982620629
3356,4371.952655988191
3357,4335.994045654963
3358,4301.003018437275
3359,4268.961289632766
3360,4241.364120551322
3361,4216.563642835622
3362,4194.810491091798
3363,4175.885249074671
3364,4160.601323788285
3365,4148.101847888966
3366,4137.155448635466
3367,4121.468093915411
3368,4108.0499704701615
3369,4094.2624000201886
3370,4077.443105597746
3371,4059.8023550148096
3372,4040.110915640969
3373,4021.821192257273
3374,4005.126489476976
3375,3992.0106132540236
3376,3979.371470466011
3377,3966.671329385812
3378,3954.556975020383
3379,3939.2562595009085
3380,3922.656926466094
3381,3902.1657803194566
3382,3878.5838956869566
3383,3856.093712792147
3384,3830.5636653624456
3385,3803.727838983103
3386,3775.706665364001
3387,3748.332742050295
3388,3719.9753857135097
3389,3694.046009183862
3390,3672.210959674627
3391,3652.7108227225012
3392,3631.6806393837333
3393,3608.4750123383405
3394,3582.972808112696
3395,3556.446763677871
3396,3529.7476017885247
3397,3505.0089332070215
3398,3481.2553493059486
3399,3459.126030255902
3400,3440.7398021324575
3401,3427.4698760531405
3402,3417.883441544564
3403,3414.2074348810384
3404,3415.687699506246
3405,3419.0192574733796
3406,3428.4349748693176
3407,3441.1977393874004
3408,3455.6687525898114
3409,3471.081894487285
3410,3486.7417140304387
3411,3502.2699281723953
3412,3519.0245456021676
3413,3537.264037676557
3414,3555.8181916656968
3415,3577.024997971149
3416,3599.956733239029
3417,3624.14686433278
3418,3651.777028146462
3419,3680.661462612798
3420,3705.7909205985106
3421,3734.287149923998
3422,3764.993371964517
3423,3794.9751443845976
3424,3823.7493338911113
3425,3851.54273016101
3426,3877.958553707486
3427,3902.57423186336
3428,3927.9456848330037
3429,3953.2754451344053
3430,3977.4360671270115
3431,4001.376905421381
3432,4022.9708419222334
3433,4042.360212835888
3434,4059.6796725221507
3435,4077.9404254495184
3436,4096.904021061303
3437,4115.9699924458555
3438,4136.414706208238
3439,4157.374813724824
3440,4179.220241690935
3441,4200.6640575717565
3442,4220.719580297579
3443,4238.161717324539
3444,4255.695556348122
3445,4273.590151671482
3446,4292.798291692125
3447,4310.875332199782
3448,4327.977827844912
3449,4346.026347451528
3450,4363.13125095466
3451,4376.51876015973
3452,4389.446218655981
3453,4400.063523894353
3454,4408.778276913502
3455,4414.595263537825
3456,4418.864367110117
3457,4421.108089837061
3458,4420.351085554813
3459,4419.8992396491185
3460,4416.895429905763
3461,4412.3884806380975
3462,4406.679349488478
3463,4397.849304392062
3464,4385.776586922837
3465,4372.099361208673
3466,4355.862619365892
3467,4335.905397885369
3468,4312.7224231934715
3469,4286.677271639078
3470,4256.467871001387
3471,4222.486010980541
3472,4188.3769429063
3473,4157.372755494538
3474,4131.915155427134
3475,4108.298717506066
3476,4091.493882126447
3477,4076.873675346178
3478,4066.833900302777
3479,4060.78422196935
3480,4054.8564818639697
3481,4050.055667174332
3482,4043.910639621177
3483,4034.5563651699317
3484,4022.5029036566157
3485,4007.7995858515915
3486,3991.368214867929
3487,3974.9065443155337
3488,3959.589944165432
3489,3943.6458698914867
3490,3927.3339030664015
3491,3914.060620248228
3492,3902.83332258874
3493,3894.154253732417
3494,3889.705634793225
3495,3887.213389340685
3496,3887.1919272465275
3497,3888.1442705792124
3498,3888.6144320044496
3499,3891.171582316066
3500,3895.689551129378
3501,3901.8519531949487
3502,3908.5673269048643
3503,3916.145443978543
3504,3924.293154815285
3505,3932.715208201302
3506,3941.9014384637067
3507,3949.243686449159
3508,3956.758968151875
3509,3962.12318415496
3510,3966.349367751009
3511,3970.5745071160254
3512,3974.8744513920396
3513,3980.637152577919
3514,3989.037935520633
3515,3995.096638827601
3516,4001.326497530574
3517,4005.1400730198066
3518,4009.0135141599753
3519,4011.8763868202195
3520,4013.6605155283946
3521,4014.009984710199
3522,4013.4821420154512
3523,4011.396573980514
3524,4007.0076027003875
3525,3997.9488581903133
3526,3985.194850612958
3527,3966.4223162400613
3528,3941.530828215776
3529,3914.297594407038
3530,3887.522777643427
3531,3860.346988463085
3532,3832.7331350046975
3533,3808.478487271675
3534,3787.3769437439455
3535,3768.6856131280706
3536,3754.0809363311314
3537,3745.889850441653
3538,3745.0846033738626
3539,3750.761183425092
3540,3764.2719415843553
3541,3786.4717921116007
3542,3811.489042219977
3543,3841.174697493673
3544,3870.132010951916
3545,3900.5228910709134
3546,3931.5213862026835
3547,3966.3835440420603
3548,4002.8382853166227
3549,4039.357254263418
3550,4074.8408666630366
3551,4107.290672636258
3552,4135.538465282492
3553,4158.071454781781
3554,4176.7557935114455
3555,4195.368659977647
3556,4211.551744361052
3557,4228.747156003007
3558,4244.355891413089
3559,4256.033893731389
3560,4264.720295715117
3561,4269.440172523403
3562,4272.495216951394
3563,4276.028747442921
3564,4279.401988452341
3565,4281.418526083482
3566,4282.191825637047
3567,4279.375801893719
3568,4272.273171393051
3569,4264.178259421136
3570,4254.78899565557
3571,4241.992322969621
3572,4229.457772404112
3573,4215.69439378526
3574,4204.411908302696
3575,4194.844373597963
3576,4187.50586214825
3577,4182.096757060502
3578,4178.246887029537
3579,4175.802374610294
3580,4175.24770086316
3581,4175.556466711208
3582,4177.485535881119
3583,4182.378976148655
3584,4189.098553136932
3585,4197.181830129366
3586,4204.422401802951
3587,4209.678075492478
3588,4209.104081458206
3589,4201.897112209091
3590,4185.546802122828
3591,4171.322032347781
3592,4146.8580219090045
3593,4115.123645281524
3594,4080.1911336254266
3595,4045.6232134314055
3596,4011.8937165276584
3597,3981.7701019375386
3598,3956.435740772648
3599,3933.372715039173
3600,3912.717636211259
3601,3896.7317528057656
3602,3884.131519872691
3603,3875.1551521692227
3604,3868.9808551015735
3605,3865.8939566793024
3606,3865.393344536018
3607,3865.3312130164177
3608,3862.3275949389345
3609,3858.0733042573497
3610,3852.4495370429513
3611,3845.897369362168
3612,3837.130281239837
3613,3826.8256343981125
3614,3817.1007933563305
3615,3806.708713469518
3616,3795.390134187553
3617,3785.8035704096237
3618,3778.167445629918
3619,3771.1318363250048
3620,3766.7215573839917
3621,3765.095185679312
3622,3763.527775697876
3623,3762.2925331535903
3624,3763.331394156975
3625,3766.132889737746
3626,3771.392738895726
3627,3777.184249916894
3628,3782.547962652711
3629,3787.5761054554005
3630,3793.580443297452
3631,3803.5515372368814
3632,3816.5882639509855
3633,3834.2337388207843
3634,3858.041293881465
3635,3885.2444893474717
3636,3916.5575690810906
3637,3949.192014434104
3638,3984.316836568366
3639,4025.090483261489
3640,4069.6835298231417
3641,4117.4278962041
3642,4169.87159260193
3643,4226.929576315301
3644,4284.6149716137625
3645,4340.848906471833
3646,4394.404722071001
3647,4442.92799684524
3648,4485.143245898829
3649,4525.9342164842865
3650,4564.313090768457
3651,4597.813318773121
3652,4628.892980392501
3653,4657.26643230051
3654,4682.52707947511
3655,4703.62423770158
3656,4721.921893991172
3657,4740.710271800344
3658,4759.58620228514
3659,4780.5558949718725
3660,4803.0569355554235
3661,4825.556612705034
3662,4850.07192377477
3663,4876.882376169013
3664,4906.11576975502
3665,4937.075189096474
3666,4970.8336033896685
3667,5007.040034989824
3668,5042.783653139128
3669,5076.379433441786
3670,5108.715086239921
3671,5140.886182557183
3672,5173.785217617947
3673,5210.491513883546
3674,5247.659976732295
3675,5283.819895268044
3676,5321.25773020118
3677,5355.15444603999
3678,5387.039111647783
3679,5415.1304639169975
3680,5442.003930292451
3681,5466.170622011327
3682,5486.38296833263
3683,5505.387005662775
3684,5520.107729321498
3685,5530.294300401874
3686,5536.739964304597
3687,5540.4095956311785
3688,5541.369844778028
3689,5540.132965684196
3690,5535.989508405681
3691,5528.734378386322
3692,5518.375561111369
3693,5504.535183051012
3694,5485.462165669612
3695,5462.324318243181
3696,5436.7140030077335
3697,5406.42767687332
3698,5373.2099113015465
3699,5336.2994811267135
3700,5294.922021870476
3701,5251.712589187164
3702,5204.4417236406
3703,5153.819206160772
3704,5101.605613337238
3705,5056.179787580762
3706,5006.80961237228
3707,4957.012671010449
3708,4907.477858314983
3709,4856.120109402759
3710,4803.464658002601
3711,4751.368939311304
3712,4698.664119643497
3713,4647.716048982276
3714,4595.309126446614
3715,4543.475495170153
3716,4491.293750706316
3717,4439.483568397483
3718,4389.399652891709
3719,4342.571935328038
3720,4297.701546539587
3721,4254.472697976858
3722,4214.783407875018
3723,4175.4218899955
3724,4135.65967354095
3725,4094.5852644968913
3726,4052.702947979125
3727,4010.7331759857802
3728,3970.154036566126
3729,3926.509208856276
3730,3882.6592917807698
3731,3835.1560379263574
3732,3786.766583979654
3733,3738.251370565959
3734,3688.9866191831475
3735,3639.7155359254625
3736,3593.4779463265536
3737,3550.845192313556
3738,3512.656945848298
3739,3478.880115529897
3740,3449.6524400409735
3741,3427.7910091330646
3742,3409.0951210370063
3743,3396.9412618430542
3744,3392.1472810373557
3745,3392.372080761266
3746,3396.7230133017674
3747,3406.0048307945594
3748,3420.9239638854374
3749,3439.8674949518145
3750,3461.405656701378
3751,3485.0768599372354
3752,3513.602770641778
3753,3544.7950296593594
3754,3577.40666159316
3755,3612.2513136629286
3756,3650.361433033571
3757,3693.5904765142004
3758,3736.4208725146686
3759,3778.861284754444
3760,3819.3785316300423
3761,3860.4673934546136
3762,3896.214703241991
3763,3931.7908804868002
3764,3962.8079258939665
3765,3989.4568408890523
3766,4013.316779329071
3767,4034.6330434116253
3768,4052.166912514652
3769,4063.8445806782324
3770,4073.299439043827
3771,4076.717194491618
3772,4075.182596057781
3773,4066.397187071191
3774,4052.9272236705465
3775,4037.140442379261
3776,4018.295678755558
3777,3998.5931298639443
3778,3976.5551263099737
3779,3956.7088777793765
3780,3940.1736992931365
3781,3926.972849207535
3782,3915.5119125171927
3783,3902.8479236703033
3784,3889.8877753130905
3785,3876.743679913776
3786,3863.3704106154073
3787,3849.7429036230433
3788,3838.6308607266183
3789,3826.6453690915814
3790,3814.258862284447
3791,3799.06543388869
3792,3781.0720229574727
3793,3759.591499174388
3794,3736.5658713984612
3795,3709.5362652041576
3796,3682.453026342036
3797,3653.175236363483
3798,3621.840701197862
3799,3588.841254294174
3800,3554.463348786981
3801,3520.8855755928025
3802,3485.8841072752084
3803,3451.6097309051797
3804,3415.706935967952
3805,3380.6569450106845
3806,3347.4530661052295
3807,3316.684776786512
3808,3287.769857485786
3809,3260.610065592464
3810,3233.9610234087727
3811,3208.053529417486
3812,3181.8071549514193
3813,3155.202916274358
3814,3128.6464842130395
3815,3105.8383564585097
3816,3084.873127449095
3817,3063.4025494494595
3818,3046.7654734473745
3819,3032.291217325562
3820,3021.572812768242
3821,3010.494167622376
3822,2999.614710291566
3823,2989.6020538466028
3824,2978.920729161919
3825,2967.0272282314604
3826,2955.575852246598
3827,2942.8738252605986
3828,2933.6208253656714
3829,2926.2324098831486
3830,2920.964327798926
3831,2918.7506499405504
3832,2917.327778472026
3833,2916.32400520862
3834,2918.468397244088
3835,2923.281502118069
3836,2927.5458285032546
3837,2934.892175914598
3838,2945.504974557
3839,2959.5346164255966
3840,2975.5383982904095
3841,2993.082236388757
3842,3009.529412660905
3843,3024.9186408510964
3844,3041.205350540284
3845,3055.965540742482
3846,3070.644102012923
3847,3084.994251672761
3848,3098.8730121631943
3849,3113.7102588790526
3850,3129.4778833434143
3851,3148.3011974822944
3852,3167.51323045688
3853,3186.273898914
3854,3207.717651359931
3855,3230.4795687727374
3856,3256.2853815741405
3857,3281.6714307265015
3858,3309.6510078254696
3859,3340.8561620826126
3860,3371.8890522656343
3861,3401.903203972341
3862,3431.725979959367
3863,3461.975601233294
3864,3492.130470812237
3865,3521.0075590861784
3866,3550.944551105935
3867,3580.6190576530653
3868,3608.447141009713
3869,3633.955897443706
3870,3658.369719979174
3871,3683.3897702731015
3872,3708.113058185526
3873,3732.7945816421457
3874,3760.3122224154454
3875,3792.4760934971073
3876,3820.458661338153
3877,3851.7993929786194
3878,3886.6998045913865
3879,3924.2915290657756
3880,3964.0052208694706
3881,4004.289697032523
3882,4044.6785236105966
3883,4084.0455163093243
3884,4123.350385839598
3885,4161.326208782337
3886,4197.049634633626
3887,4229.024490680358
3888,4257.368702403561
3889,4282.37892511788
3890,4306.072343190235
3891,4327.511158180789
3892,4348.17947174253
3893,4367.882457994523
3894,4386.018033626098
3895,4405.229560877272
3896,4424.123463220246
3897,4443.806589087042
3898,4466.668170737708
3899,4489.102630255959
3900,4514.016830949552
3901,4540.5627845832205
3902,4566.938825781196
3903,4592.123666172123
3904,4616.725691157376
3905,4640.140303152698
3906,4663.530291932701
3907,4685.850029114035
3908,4707.627476220987
3909,4727.543825325694
3910,4747.211118188175
3911,4767.125996853767
3912,4786.470650526126
3913,4804.241509760298
3914,4820.496829337787
3915,4836.859788592855
3916,4853.684327552768
3917,4868.748100064073
3918,4883.622350870633
3919,4896.043409264136
3920,4905.845875569626
3921,4912.972968941795
3922,4917.489871794785
3923,4920.740578968905
3924,4924.47022786278
3925,4928.257669515656
3926,4932.3647905749185
3927,4936.1922112731445
3928,4938.462185274451
3929,4940.980336198223
3930,4942.816969143772
3931,4943.79266912612
3932,4945.50134493237
3933,4946.987892883807
3934,4949.337660325536
3935,4951.00274754901
3936,4951.076000550567
3937,4948.123316197144
3938,4942.720325615251
3939,4933.9697286216015
3940,4922.442786327736
3941,4905.630976472547
3942,4885.463124246021
3943,4862.872845009327
3944,4838.888176870113
3945,4813.097604179827
3946,4783.266271372439
3947,4753.278152269093
3948,4723.449880186016
3949,4694.987761874341
3950,4666.7887935024955
3951,4638.971791522746
3952,4612.240877602229
3953,4585.920744052339
3954,4562.36388135307
3955,4538.488689590398
3956,4515.391481082361
3957,4493.065513813692
3958,4470.9984862471365
3959,4445.351294082519
3960,4420.989917268867
3961,4396.847001925219
3962,4372.8898519861195
3963,4349.088286899658
3964,4328.287943832701
3965,4309.871665493788
3966,4293.177103031678
3967,4278.942390873617
3968,4267.773486595636
3969,4260.903522257044
3970,4254.693896074903
3971,4251.099738425677
3972,4251.06479786714
3973,4250.071646282232
3974,4249.76228272629
3975,4251.223781043152
3976,4252.419867128645
3977,4250.87092642738
3978,4245.676197878506
3979,4239.303801789787
3980,4231.236048445043
3981,4223.2354812297835
3982,4218.981883825013
3983,4215.59243153349
3984,4214.528087276395
3985,4212.300953057983
3986,4208.611899838577
3987,4207.344745300842
3988,4212.269598931899
3989,4222.673635714951
3990,4231.725147716206
3991,4245.89620862583
3992,4267.164069647885
3993,4291.968969928962
3994,4321.621238087299
3995,4353.083767982306
3996,4384.799997157569
3997,4417.194024025757
3998,4448.230750709903
3999,4481.574149961182
4000,4511.035495157572
4001,4539.317252211182
4002,4566.87837972544
4003,4592.070397836611
4004,4617.736338033227
4005,4642.115216060635
4006,4663.259586996743
4007,4683.8489474087055
4008,4704.733139908379
4009,4726.775542368972
4010,4749.311914212829
4011,4772.673720555329
4012,4795.676035906649
4013,4818.523007119062
4014,4838.500875250658
4015,4852.290783093743
4016,4861.130668250459
4017,4865.814184738775
4018,4866.287590805461
4019,4860.505004378953
4020,4849.096631065524
4021,4835.842783603543
4022,4818.192288007028
4023,4798.948678717118
4024,4777.004603388634
4025,4752.814888714336
4026,4727.381206078227
4027,4702.210700295887
4028,4679.016970547148
4029,4657.178412043406
4030,4638.001602625838
4031,4617.643880377923
4032,4594.962023347883
4033,4571.949219911653
4034,4546.215359907013
4035,4519.987049903826
4036,4491.566384547958
4037,4460.7704257341575
4038,4426.456144811799
4039,4389.39841594642
4040,4348.826562858001
4041,4304.469579504835
4042,4256.4856717844505
4043,4206.450089040435
4044,4155.537643817906
4045,4102.709412655004
4046,4050.3827655423784
4047,4004.8585825543946
4048,3958.5355577836663
4049,3910.7378774913223
4050,3863.7428370334624
4051,3817.070946596878
4052,3771.731532238981
4053,3726.1201738731825
4054,3681.7351062416938
4055,3636.921340752609
4056,3590.1521126809916
4057,3543.766713539308
4058,3498.473413614012
4059,3454.2838535577125
4060,3409.6681371251725
4061,3366.1996449455078
4062,3323.791245067105
4063,3281.6147523128457
4064,3240.1642353177754
4065,3200.104582413243
4066,3161.2221820372215
4067,3122.0497623366878
4068,3084.802109813293
4069,3047.794162529505
4070,3013.035578789628
4071,2979.2261017627043
4072,2944.5673956635173
4073,2908.7207713898138
4074,2874.238989220561
4075,2840.4398329941428
4076,2806.4250993355263
4077,2772.7859453544597
4078,2738.9440812902876
4079,2706.4658910055914
4080,2674.0766459612523
4081,2641.2717768560997
4082,2611.611546535477
4083,2584.0838513316125
4084,2559.8536028753683
4085,2539.3037436164527
4086,2523.664454969615
4087,2514.547008052537
4088,2511.7441170732145
4089,2513.277321811793
4090,2519.1970268356545
4091,2528.8626062526537
4092,2541.2571983811285
4093,2557.7401334107876
4094,2579.485630101705
4095,2606.04779567586
4096,2638.422177120022
4097,2676.148222864452
4098,2718.5683125372707
4099,2766.8137745088247
4100,2818.646327830004
4101,2875.60979780828
4102,2935.941701028483
4103,2999.4665725562786
4104,3054.733210785462
4105,3112.7751700602707
4106,3171.281085826069
4107,3229.7406761911675
4108,3286.6848433349974
4109,3340.5109858973356
4110,3390.2334163910227
4111,3435.0544052707182
4112,3476.2908637947776
4113,3513.7887487080434
4114,3545.5028108614774
4115,3570.537849830027
4116,3591.5619083234196
4117,3608.5092247109887
4118,3625.180883210671
4119,3640.2663644887043
4120,3654.946896118887
4121,3670.23600760107
4122,3684.032761014832
4123,3699.087525913932
4124,3714.688894959712
4125,3731.9554765448124
4126,3749.41339561039
4127,3766.8066618257053
4128,3785.2315910677835
4129,3802.8901318185467
4130,3820.7668554510165
4131,3838.931261525912
4132,3856.788804900628
4133,3873.6520002987163
4134,3887.5240861738357
4135,3895.90809105919
4136,3901.5558278341023
4137,3903.3898376929847
4138,3901.2880101344363
4139,3893.757261843416
4140,3882.349108975412
4141,3866.216582728384
4142,3844.76993698328
4143,3820.5135007236013
4144,3790.854122727377
4145,3758.596381679889
4146,3723.954276490809
4147,3685.302385753749
4148,3644.37197512874
4149,3602.384936603654
4150,3558.297018158287
4151,3512.681194294315
4152,3466.744400968125
4153,3421.9530825502475
4154,3376.9372050598913
4155,3333.377089933593
4156,3292.0438723738266
4157,3255.9330020945395
4158,3223.7483538844685
4159,3197.2059187291516
4160,3177.0354911757067
4161,3159.4872192042103
4162,3149.4271756151443
4163,3145.3137370795184
4164,3145.97368235728
4165,3153.4318159457157
4166,3166.70743011477
4167,3182.736456576469
4168,3202.3103234228975
4169,3223.346022317684
4170,3246.212465880458
4171,3269.9145292060707
4172,3295.861076617489
4173,3322.0989122528244
4174,3350.472979687579
4175,3380.6875971791474
4176,3412.813428493192
4177,3445.5271823889398
4178,3477.365503586052
4179,3507.1424541842434
4180,3537.9204281086127
4181,3566.855632339815
4182,3594.633514487651
4183,3619.739258866214
4184,3643.54831140626
4185,3662.681584194753
4186,3680.515909589492
4187,3698.5744383632345
4188,3717.837742009479
4189,3738.367297656846
4190,3757.4446364105233
4191,3777.038006748369
4192,3796.085962699031
4193,3815.756716396945
4194,3834.7444604913144
4195,3854.782247973729
4196,3879.1160751052535
4197,3906.1076098395833
4198,3935.0209798451388
4199,3962.3532098656524
4200,3990.493451917288
4201,4017.858921196846
4202,4042.8863164862923
4203,4066.2826175030777
4204,4088.404595490936
4205,4108.075893388995
4206,4123.6129048579905
4207,4135.975271531611
4208,4144.177803482994
4209,4147.957076333239
4210,4148.662069696016
4211,4143.720169824734
4212,4132.535187290927
4213,4115.769970409744
4214,4095.778799710785
4215,4071.908357852947
4216,4044.675876741663
4217,4018.9340261969446
4218,3996.5386162230398
4219,3974.9974883295454
4220,3954.207535714542
4221,3932.74810181723
4222,3913.9775567496035
4223,3896.503292667071
4224,3884.0293958381644
4225,3875.6671347706174
4226,3870.6810057890902
4227,3869.406428502334
4228,3872.1011022465086
4229,3878.3182049540865
4230,3889.5096508847873
4231,3905.666938599903
4232,3925.624343364914
4233,3948.8803023432893
4234,3972.85971036371
4235,3996.2122985703604
4236,4018.7052249949825
4237,4042.1277537500905
4238,4065.6391730642845
4239,4091.4715138879806
4240,4119.156682229655
4241,4148.548694155216
4242,4177.600678111722
4243,4207.957585408922
4244,4237.583588571519
4245,4265.7721870752675
4246,4293.498048138978
4247,4320.92026827754
4248,4349.353882628184
4249,4378.823862698676
4250,4409.654089497063
4251,4440.153663664938
4252,4469.364744484145
4253,4498.111284919719
4254,4525.556298131863
4255,4550.72392318806
4256,4575.226755025213
4257,4597.127680516148
4258,4619.867955913043
4259,4642.110847352501
4260,4664.617679043515
4261,4686.954514167779
4262,4709.518695234611
4263,4734.114395534638
4264,4756.204053925532
4265,4779.611200211004
4266,4803.442149713664
4267,4827.007320339544
4268,4855.067229342972
4269,4881.491670978223
4270,4906.295570552857
4271,4926.072773860008
4272,4938.641231056851
4273,4945.575582636779
4274,4944.484780053656
4275,4943.5357818063385
4276,4932.714449882607
4277,4917.322954107329
4278,4898.075465521744
4279,4875.042318904468
4280,4851.339415753798
4281,4827.3286876712455
4282,4804.49666866227
4283,4783.538752192002
4284,4764.914519601581
4285,4747.2316888225005
4286,4734.388086568791
4287,4725.070047481101
4288,4720.359517318387
4289,4720.199766406897
4290,4724.505788096592
4291,4729.734129620011
4292,4736.3082520946355
4293,4743.833133953391
4294,4752.430097920528
4295,4764.02629338171
4296,4780.346651176366
4297,4799.82001265324
4298,4821.404637475132
4299,4842.7130542296345
4300,4863.9021408591025
4301,4885.075830996843
4302,4904.309694404566
4303,4923.444981628618
4304,4942.799379170392
4305,4963.320662045415
4306,4984.186584425055
4307,5005.010916332737
4308,5025.487349642754
4309,5046.468295316203
4310,5065.833567556901
4311,5086.3588812906855
4312,5106.526496878304
4313,5124.599973901909
4314,5140.965306450368
4315,5156.250535114439
4316,5172.286777412688
4317,5186.504116095568
4318,5198.109028998679
4319,5208.583347840909
4320,5215.570607348548
4321,5219.771409174457
4322,5222.998388782042
4323,5224.824065959693
4324,5223.4990811174985
4325,5221.485298877249
4326,5220.233284895948
4327,5216.832067054593
4328,5210.370108949785
4329,5200.172633324918
4330,5182.9215598490355
4331,5159.277602121846
4332,5138.70735889919
4333,5109.7402379050345
4334,5073.425108902073
4335,5032.894639558611
4336,4987.839149224016
4337,4938.272239295652
4338,4882.201764784305
4339,4820.48635961792
4340,4752.477971005455
4341,4680.872563673242
4342,4606.112354571536
4343,4527.592264359701
4344,4447.52420287735
4345,4366.491349478439
4346,4286.501965216145
4347,4207.271588066065
4348,4130.386881065388
4349,4056.6190286687574
4350,3986.0386353342583
4351,3917.8374953495354
4352,3851.5441452100285
4353,3786.968115546087
4354,3724.0929821461714
4355,3663.852130475067
4356,3607.7033863934275
4357,3557.315723458329
4358,3511.5266816090393
4359,3469.992595781455
4360,3433.944107252319
4361,3402.9825600649206
4362,3374.644898249861
4363,3349.0927108105225
4364,3326.7772157142404
4365,3307.726738766273
4366,3291.7908906667217
4367,3280.1219939055923
4368,3273.3251701836066
4369,3272.5370410093697
4370,3275.990666274711
4371,3283.7705889443673
4372,3294.855206252536
4373,3308.9821874448426
4374,3326.534687397909
4375,3350.0100179085157
4376,3379.5296789975723
4377,3412.3698023260345
4378,3448.340309728236
4379,3488.094889267585
4380,3530.6243926238117
4381,3577.1453918089956
4382,3627.010102612163
4383,3681.941915473769
4384,3741.861888919736
4385,3805.3423014664354
4386,3871.646002559679
4387,3939.9587016810297
4388,4010.651224087057
4389,4072.1537185803004
4390,4136.902054622606
4391,4202.263538294138
4392,4266.993786035608
4393,4327.9911002562385
4394,4384.267952805104
4395,4435.887353267793
4396,4482.708899749886
4397,4524.098799955242
4398,4562.500877996686
4399,4596.935109668852
4400,4627.182173504924
4401,4651.264756808628
4402,4671.799564115426
4403,4688.774267328956
4404,4701.9714327919255
4405,4713.885442342764
4406,4722.77626357775
4407,4727.624318852955
4408,4729.8981381531885
4409,4729.583575531259
4410,4726.823618621596
4411,4718.436545135862
4412,4707.016647080421
4413,4692.9732907880125
4414,4677.471763201864
4415,4659.756806613276
4416,4639.586094044305
4417,4616.476949771958
4418,4591.542497126551
4419,4563.211752844272
4420,4532.758998009648
4421,4501.302676311896
4422,4469.724951154555
4423,4439.8070226631935
4424,4411.274370128397
4425,4384.727023197374
4426,4360.777950255128
4427,4338.189632291155
4428,4316.2964478317845
4429,4297.6290181523
4430,4280.169705873438
4431,4265.799292798559
4432,4251.0398225561985
4433,4236.531183363803
4434,4220.799778201938
4435,4203.803873269168
4436,4185.473915096686
4437,4167.860608523979
4438,4147.501505327814
4439,4125.663840476526
4440,4102.211315514716
4441,4077.6190746006696
4442,4054.8393784793316
4443,4034.764177343634
4444,4017.0799163503575
4445,4007.6395188138763
4446,3999.426372957138
4447,3997.185982783364
4448,4002.8734575810454
4449,4013.4529349467593
4450,4025.0345128777403
4451,4040.0180724322654
4452,4057.1604967389035
4453,4071.265863607566
4454,4082.738791817021
4455,4093.532102118572
4456,4102.741707689625
4457,4108.049224722962
4458,4110.368693032872
4459,4110.604429112494
4460,4110.795526989516
4461,4112.0207809562735
4462,4112.897794141534
4463,4113.851230205947
4464,4114.000086265651
4465,4112.163053742691
4466,4107.9543142556395
4467,4104.440621487319
4468,4097.870163004647
4469,4089.011721149502
4470,4082.3339104150687
4471,4075.645002117759
4472,4066.9736645293942
4473,4059.317844597732
4474,4051.2335410650267
4475,4042.6415346049207
4476,4031.2286946393856
4477,4016.8229115255667
4478,4001.434747913156
4479,3985.262820467593
4480,3969.716061135165
4481,3954.1902893348324
4482,3938.769917396231
4483,3922.183142214277
4484,3904.024145273962
4485,3886.0070216055524
4486,3864.993969246589
4487,3845.0025709644688
4488,3825.8263816043045
4489,3806.3439977678618
4490,3787.5020820710656
4491,3769.2372938594553
4492,3751.0937627937396
4493,3735.1835304845863
4494,3720.441645022388
4495,3705.754275953678
4496,3690.917041584428
4497,3675.528729746964
4498,3661.413155433243
4499,3647.546884008846
4500,3633.439863070295
4501,3619.232847156771
4502,3604.32245557602
4503,3591.350414900766
4504,3581.0673702879353
4505,3572.0101077305308
4506,3562.872277817344
4507,3554.4430190953826
4508,3546.5117642643954
4509,3536.8857106210576
4510,3527.6214035332932
4511,3515.5964663958794
4512,3504.834939807629
4513,3497.1214037355503
4514,3489.402408304467
4515,3481.6019376355434
4516,3473.200871332741
4517,3464.077292403803
4518,3453.779784940752
4519,3447.5330840055612
4520,3444.165700818376
4521,3442.331914982887
4522,3442.062750469358
4523,3440.3110968319083
4524,3439.318773944824
4525,3439.2491684586857
4526,3439.395672272423
4527,3442.472411095422
4528,3447.4003564211275
4529,3452.840070331109
4530,3460.8161200119366
4531,3471.364913134107
4532,3483.3388913376957
4533,3495.890194104285
4534,3507.981161975368
4535,3522.186196531923
4536,3538.167419917697
4537,3558.6628538543846
4538,3580.4153347254705
4539,3602.7220723399587
4540,3625.0711962352166
4541,3646.9016465346936
4542,3666.204941078083
4543,3684.5229212431295
4544,3702.9163107674467
4545,3722.35521590739
4546,3739.2441559343433
4547,3756.1308607456945
4548,3772.6837984141816
4549,3790.129408863339
4550,3808.4522921337993
4551,3826.6928407723876
4552,3846.037944013213
4553,3865.6418657854288
4554,3886.925852448951
4555,3908.263704734638
4556,3930.240901901096
4557,3952.7769594125
4558,3977.0100065484767
4559,4002.267950268645
4560,4024.242361305191
4561,4047.420089424944
4562,4072.120685211293
4563,4098.052514082181
4564,4124.26132411825
4565,4151.095925085855
4566,4177.533390394444
4567,4204.809951194288
4568,4231.33598789346
4569,4257.054361257952
4570,4282.484703471792
4571,4306.0564233527575
4572,4326.516118075237
4573,4342.642060715367
4574,4357.805649431886
4575,4371.0778114178065
4576,4383.1406742593645
4577,4394.312713053682
4578,4404.830370533673
4579,4414.8354381621875
4580,4424.702514249685
4581,4436.149595088545
4582,4446.448862165992
4583,4456.914767767947
4584,4466.699350421284
4585,4475.341116484755
4586,4481.021973297306
4587,4484.371029780724
4588,4484.802837137581
4589,4481.735470250911
4590,4474.458967714012
4591,4466.0226086584735
4592,4455.710379283525
4593,4443.857257661975
4594,4431.369713450708
4595,4418.096601235518
4596,4404.120540350398
4597,4389.487001317703
4598,4373.542445764744
4599,4357.295954291638
4600,4341.4356649811625
4601,4326.4013710997
4602,4311.818959866516
4603,4297.115601874418
4604,4282.59000058091
4605,4266.265791658551
4606,4249.004673637109
4607,4231.301343150418
4608,4211.908352564759
4609,4193.04499070047
4610,4173.2023320305825
4611,4153.596433363316
4612,4134.460578945779
4613,4113.676781457884
4614,4093.427083403974
4615,4073.2873567522583
4616,4052.937222244801
4617,4035.2326052233125
4618,4017.179827631972
4619,4000.1366838913755
4620,3985.515776087585
4621,3974.552100364644
4622,3967.0373046034115
4623,3962.3233733698708
4624,3959.818762415418
4625,3958.9571771993874
4626,3958.385047863591
4627,3956.4880271732004
4628,3950.5580904409153
4629,3941.938562317254
4630,3929.382157641115
4631,3913.7401498071413
4632,3894.4918305859
4633,3872.011885985534
4634,3848.6132392552236
4635,3826.208836402948
4636,3800.047032526043
4637,3771.860977320239
4638,3744.260669595111
4639,3716.8311799214875
4640,3689.93772742998
4641,3665.423058716966
4642,3641.6345406440923
4643,3620.536427761643
4644,3602.1978128422243
4645,3586.9533927851066
4646,3575.185393898793
4647,3563.713138448964
4648,3551.4543386381624
4649,3539.872754803215
4650,3529.8496232489388
4651,3519.0752617004555
4652,3507.942377148915
4653,3499.5173780072646
4654,3493.6854434081274
4655,3488.913068792175
4656,3482.918251562319
4657,3477.0135469360926
4658,3472.6175790976154
4659,3468.223742977955
4660,3464.259270743697
4661,3460.4722307377992
4662,3459.0743566637957
4663,3457.097426352693
4664,3454.158921227256
4665,3451.3970925040576
4666,3449.2767124826555
4667,3448.5396086896403
4668,3449.9566502589305
4669,3452.837760299514
4670,3458.3121696642434
4671,3465.3448150853283
4672,3476.076113469264
4673,3487.15323374147
4674,3496.7903283782894
4675,3506.383570249281
4676,3510.600557240119
4677,3512.422653300968
4678,3512.4551617670386
4679,3511.333306622017
4680,3510.2255557991966
4681,3505.4092281054336
4682,3502.036442623807
4683,3499.293459520313
4684,3498.6293320754216
4685,3500.2359775823593
4686,3501.454014586454
4687,3505.492599006342
4688,3511.2525464740997
4689,3516.6836320754887
4690,3520.7232085064134
4691,3523.0596805357795
4692,3527.2092420104796
4693,3530.8072098271186
4694,3536.048539621144
4695,3540.556134937804
4696,3545.0205924261313
4697,3550.065981009759
4698,3555.842283556733
4699,3562.1128847240434
4700,3571.1907562777556
4701,3582.9022332129334
4702,3595.734016118569
4703,3608.0463265772837
4704,3618.724711336443
4705,3628.7841771756366
4706,3639.3691889968886
4707,3649.8722620778676
4708,3665.0209744577637
4709,3683.9409714156645
4710,3705.1959420610488
4711,3732.1130037903426
4712,3759.3714475815673
4713,3788.6709696256485
4714,3820.540231529593
4715,3855.5662598200056
4716,3892.359926139431
4717,3931.895220503393
4718,3970.8369787151723
4719,4009.4660009994604
4720,4046.240447863001
4721,4080.5082442163416
4722,4112.800688964731
4723,4141.94956728202
4724,4168.418801937371
4725,4192.263069321204
4726,4216.792517709731
4727,4242.9942677113
4728,4271.7269282669695
4729,4303.551894141406
4730,4340.84778081977
4731,4373.295202229947
4732,4411.796992280039
4733,4456.086398632379
4734,4504.034572782841
4735,4554.020853647715
4736,4603.833190193158
4737,4654.629692670812
4738,4703.0529591152945
4739,4751.064501427362
4740,4798.365033198876
4741,4845.235459725389
4742,4890.815142594335
4743,4933.898122423876
4744,4973.707944962026
4745,5010.864846243153
4746,5044.608629347041
4747,5074.930348356113
4748,5099.9873878205335
4749,5120.8886471591695
4750,5139.795722169287
4751,5154.97650260275
4752,5166.021813408346
4753,5175.465521265965
4754,5182.931855633393
4755,5188.011217688293
4756,5190.611844853349
4757,5191.147882101075
4758,5191.057146215576
4759,5188.119465449268
4760,5180.957341583046
4761,5170.152240736011
4762,5156.411642536204
4763,5142.388367385355
4764,5126.004400774305
4765,5108.300082394649
4766,5089.562610147706
4767,5069.296454913653
4768,5048.945972532568
4769,5026.792000550593
4770,5004.612460938631
4771,4981.780922008655
4772,4959.4947775618375
4773,4936.443537541776
4774,4913.380167790809
4775,4891.005360835704
4776,4866.752417822574
4777,4843.024550609867
4778,4817.458571373228
4779,4787.703360903879
4780,4755.108264072359
4781,4718.899196975844
4782,4678.959400015178
4783,4636.7379880563585
4784,4592.83361127716
4785,4547.384990576561
4786,4504.04946147765
4787,4462.898266083478
4788,4427.096726090548
4789,4390.155295519937
4790,4352.928005955949
4791,4316.779531080038
4792,4281.826390550857
4793,4248.1649944311885
4794,4216.36036392308
4795,4187.111862902693
4796,4160.395224542584
4797,4137.530015710206
4798,4120.350178221853
4799,4109.455976861586
4800,4104.979070320957
4801,4105.170892407812
4802,4111.798518715962
4803,4123.30962524142
4804,4139.219722672825
4805,4157.136301857332
4806,4178.877245329332
4807,4202.906317520244
4808,4229.344848122605
4809,4257.390184406254
4810,4285.861039328754
4811,4315.789317519718
4812,4347.945623488305
4813,4379.810551949246
4814,4413.88342880795
4815,4447.408131531799
4816,4479.570634860509
4817,4510.1999383682705
4818,4539.6137981063075
4819,4566.257328697045
4820,4589.810397951355
4821,4611.1864725666865
4822,4630.76131095957
4823,4646.137683600055
4824,4660.139604754044
4825,4672.464651851944
4826,4684.373189789337
4827,4695.035524429513
4828,4703.446800255567
4829,4711.087077666568
4830,4715.755990224873
4831,4719.239368243188
4832,4723.028392876796
4833,4727.6752090763175
4834,4732.351790473204
4835,4737.42821035764
4836,4742.729977779469
4837,4747.0373898021335
4838,4753.219189280513
4839,4760.643841815564
4840,4769.46882945501
4841,4778.469292676085
4842,4788.502402135448
4843,4798.30471453488
4844,4808.214244036539
4845,4816.835534702981
4846,4826.342011823834
4847,4834.80133862589
4848,4838.5715988555085
4849,4837.681049812687
4850,4830.863030752941
4851,4817.266180765781
4852,4796.775068258695
4853,4770.126939240275
4854,4736.035573143097
4855,4698.284023173372
4856,4657.02993351173
4857,4611.009430288116
4858,4560.9240772244775
4859,4508.14187700585
4860,4454.101674497978
4861,4400.267404866694
4862,4345.896266991107
4863,4292.179859952178
4864,4243.28229158528
4865,4194.636745155934
4866,4145.791945328678
4867,4099.489346088
4868,4056.672036227415
4869,4017.7584107887187
4870,3984.7566254480066
4871,3957.6822216550404
4872,3938.25634697304
4873,3924.2951996798574
4874,3913.4419475050345
4875,3903.4602963070156
4876,3894.993649993957
4877,3886.96439715556
4878,3880.742843112392
4879,3878.070600308964
4880,3880.3800486237933
4881,3889.4287888926833
4882,3903.1937326304287
4883,3921.1432558710235
4884,3942.197222640605
4885,3965.3623199226263
4886,3990.23850930638
4887,4016.9084644732347
4888,4046.2150653341405
4889,4074.850942002371
4890,4104.841467274227
4891,4135.7336517713065
4892,4164.7503015954735
4893,4190.669524646733
4894,4215.41750300517
4895,4235.636213119021
4896,4254.011640055836
4897,4268.850725676033
4898,4281.925610083733
4899,4296.181253831265
4900,4312.221078966187
4901,4329.55344651119
4902,4344.632606275343
4903,4361.900647032158
4904,4381.223999220438
4905,4401.175581081221
4906,4419.734223657873
4907,4436.67449642551
4908,4452.3576506990485
4909,4464.702183826167
4910,4474.384248120502
4911,4482.123145018989
4912,4488.323086458417
4913,4494.1820222635315
4914,4497.433847610353
4915,4494.941530592952
4916,4489.769225014115
4917,4483.764757924285
4918,4475.109825695787
4919,4466.230755618423
4920,4455.0531849156705
4921,4443.814585856649
4922,4432.997712828008
4923,4421.209207941127
4924,4408.4228641445925
4925,4395.550898713178
4926,4383.171921193848
4927,4368.703192144289
4928,4352.306455668864
4929,4333.618991491238
4930,4313.892594574664
4931,4291.215869209985
4932,4264.534572368599
4933,4234.330890809186
4934,4201.222923971931
4935,4166.563924575872
4936,4130.37879348668
4937,4095.30836725835
4938,4060.3390518946035
4939,4023.9470481052967
4940,3988.20158227044
4941,3950.922258390062
4942,3915.851592885255
4943,3881.4262801967316
4944,3849.2295686756224
4945,3816.963552282155
4946,3785.93529549387
4947,3755.9812721592916
4948,3728.828868329855
4949,3701.8674205279544
4950,3676.670306723041
4951,3654.100727920362
4952,3632.0761284940313
4953,3609.782849126435
4954,3585.3674493353365
4955,3565.4519044348544
4956,3547.371282405549
4957,3532.8310304408124
4958,3523.914865106485
4959,3516.15780126562
4960,3514.69522854478
4961,3516.732142118909
4962,3521.6982454050644
4963,3528.8855832392114
4964,3536.6610011517296
4965,3544.5648082011194
4966,3549.950122728118
4967,3553.3551721014887
4968,3555.7104627456024
4969,3556.214470180897
4970,3555.5027734605164
4971,3555.152834313255
4972,3553.6641409455738
4973,3551.8124975513615
4974,3546.5354515725976
4975,3540.0925240035463
4976,3531.7314064684215
4977,3523.8474529237064
4978,3515.3015974700475
4979,3505.399718116593
4980,3494.597450302585
4981,3485.266298973303
4982,3476.9767817526317
4983,3468.219501189564
4984,3462.5237538914103
4985,3458.2860992884584
4986,3455.2855210331045
4987,3455.083293499023
4988,3455.932950349545
4989,3458.5750793263946
4990,3462.2085557136143
4991,3467.8781599527883
4992,3475.8230003953686
4993,3485.3525453503785
4994,3497.8883783905894
4995,3512.9250268213723
4996,3531.243417165607
4997,3553.9128484685607
4998,3581.010228516646
4999,3612.638262779179
