,0
0,487.51710484178824
1,901.7936320852444
2,1253.8931478665113
3,1553.9575868215488
4,1810.5283478123008
5,2031.0584648236695
6,2220.4669225426396
7,2387.386234580355
8,2531.6787750191706
9,2655.4127648106323
10,2762.0243313198425
11,2853.3276212525243
12,2930.7018470338044
13,2997.2078937637343
14,3051.741242567376
15,3096.0355517639973
16,3131.4352025670178
17,3156.747110737075
18,3172.634048019719
19,3178.7696538555106
20,3178.331661155877
21,3173.9675424073394
22,3167.8028328253104
23,3160.3559006037735
24,3150.7960722087855
25,3138.5348332030817
26,3123.9862553857483
27,3107.5870631682224
28,3091.790333492091
29,3076.6138618386485
30,3062.1292245300842
31,3050.6080981649184
32,3041.836105332632
33,3037.0919168110763
34,3034.0499814225827
35,3032.633309000258
36,3036.731881840705
37,3043.8120319116756
38,3053.774890027421
39,3066.153013036145
40,3085.9999415566617
41,3106.282003891713
42,3127.258798752195
43,3148.1073956361543
44,3168.9834298719834
45,3191.7466370381135
46,3213.4750761403066
47,3237.2231834793056
48,3263.6474733177756
49,3292.9965036992835
50,3323.5261661484215
51,3355.6088637292974
52,3391.747056340818
53,3427.5890285579944
54,3461.6576337428164
55,3494.414028069824
56,3523.680420012803
57,3549.1421810031957
58,3567.99711672726
59,3578.304362496224
60,3580.267591593488
61,3573.3469515471197
62,3560.364673157502
63,3540.6998604013434
64,3512.987135086736
65,3483.345398924225
66,3452.817667332798
67,3422.27284268507
68,3392.056550800046
69,3362.364527809883
70,3332.255530500009
71,3303.787526777126
72,3277.762465936062
73,3255.753881957125
74,3239.739990082909
75,3226.777901849398
76,3217.94630322611
77,3216.3334811577374
78,3214.895139978789
79,3216.90366992974
80,3221.7832616481496
81,3229.1567861359363
82,3236.4043449667583
83,3243.9934209840108
84,3253.7104220806873
85,3265.415895324951
86,3276.574880271059
87,3286.1685864835435
88,3297.4797038581128
89,3304.3042424443956
90,3308.134247029628
91,3310.805490160962
92,3311.632777033713
93,3313.4746990261597
94,3315.9401147446683
95,3319.3197459103158
96,3324.5498666329377
97,3329.0972085854924
98,3334.5195883492624
99,3341.85094672111
100,3347.5509367881978
101,3352.1882220695393
102,3356.8692406482455
103,3358.6810657128462
104,3360.0840591456617
105,3360.46974906721
106,3359.682110924729
107,3357.7767891018207
108,3355.6817141207
109,3353.6932527899717
110,3356.0403846966783
111,3362.752317712092
112,3374.8228023455717
113,3393.509471104972
114,3409.76687292565
115,3432.7113265737767
116,3462.3153237873184
117,3499.121330849037
118,3542.0941904390593
119,3590.510767159271
120,3645.02537633196
121,3704.4096345951634
122,3764.992728653481
123,3825.778213824433
124,3886.7319032106593
125,3946.992515724168
126,4007.6277660707333
127,4068.1846382056488
128,4129.322624971339
129,4187.199612294446
130,4240.639061750548
131,4292.393355075064
132,4342.27541232044
133,4389.691832693568
134,4435.306623546099
135,4482.254590242345
136,4527.09189234203
137,4570.785809297248
138,4612.71021897793
139,4655.209044348576
140,4695.6312742848795
141,4734.878823036314
142,4772.351329712098
143,4809.516924496502
144,4846.425017672992
145,4881.668690405285
146,4914.411533153685
147,4947.306056476049
148,4977.610232812179
149,5005.611598512203
150,5031.152833670691
151,5055.871661820656
152,5079.4284169075245
153,5099.962831676646
154,5117.050021239284
155,5129.90287178691
156,5138.120916254206
157,5142.579811791262
158,5140.964310175708
159,5135.226724685052
160,5124.287834080478
161,5108.907538169563
162,5090.762381319342
163,5069.429510689516
164,5046.49936131415
165,5021.207434637253
166,4991.2394968290255
167,4955.5152835783865
168,4913.6944422091865
169,4865.857051375239
170,4811.00597003971
171,4763.285529277799
172,4708.118096719555
173,4647.382047385322
174,4582.210688210111
175,4513.986966864682
176,4445.33806345864
177,4375.438775681846
178,4305.356045499889
179,4235.514201626835
180,4165.6945380033585
181,4096.106943648029
182,4026.9183053438496
183,3958.4382257013217
184,3890.404347534122
185,3824.3512330488275
186,3759.7624338772953
187,3695.719487639947
188,3633.0347512977423
189,3571.0264123839042
190,3510.6240821784227
191,3451.896927184798
192,3396.648460894083
193,3345.985330739046
194,3296.721968599396
195,3251.1996730551946
196,3208.6655738144755
197,3170.2308737968892
198,3135.0768601037826
199,3103.6685481086743
200,3076.610362164161
201,3052.6667693193585
202,3032.241988791544
203,3015.0144587650743
204,3001.157484697911
205,2989.9003215528546
206,2982.257561424005
207,2978.345602883924
208,2977.115180446115
209,2978.065345817771
210,2981.2273082440674
211,2987.153349544685
212,2994.753309221769
213,3005.2244669004053
214,3020.645074397648
215,3039.5885213200704
216,3064.049525125434
217,3094.1770525790216
218,3128.4108323454357
219,3168.6020008073738
220,3214.4324564624526
221,3266.8318909156783
222,3325.154295477459
223,3388.5630059170157
224,3455.8517628316317
225,3526.622844406293
226,3600.003981504149
227,3675.3237429361975
228,3740.8519353820793
229,3810.7036583700055
230,3880.2242317968467
231,3948.4958636415395
232,4013.860937279375
233,4077.328511683231
234,4136.5168925763055
235,4191.785582276996
236,4242.493355424271
237,4289.2412758358105
238,4333.384864807961
239,4373.683302833032
240,4409.572333805797
241,4442.919038271529
242,4473.520322584632
243,4501.1732912269335
244,4528.415993862565
245,4555.257335191592
246,4583.207287193406
247,4611.491896173534
248,4638.550709143638
249,4663.56156683302
250,4686.836084075969
251,4708.441961341857
252,4727.594770060947
253,4744.771056303356
254,4761.120484914703
255,4779.041409473629
256,4798.675993890718
257,4817.1224656753875
258,4830.160212392154
259,4840.503531687625
260,4848.947062866982
261,4852.736905983928
262,4855.875555322351
263,4859.3075031401495
264,4862.178484373515
265,4865.620045321315
266,4868.68290000443
267,4868.819435039426
268,4866.060247954823
269,4859.055888081809
270,4849.392603966226
271,4833.737592215861
272,4813.6182082090645
273,4788.014391122101
274,4757.42235778512
275,4721.780952940278
276,4679.902038096948
277,4634.302561166054
278,4586.207011495544
279,4537.359495967153
280,4484.160839831109
281,4430.452548678497
282,4379.491018806733
283,4330.865156218334
284,4287.1181565392235
285,4249.058266818398
286,4217.142968510146
287,4189.304849864554
288,4163.7054177612135
289,4142.876743636053
290,4126.68991655172
291,4113.86400939092
292,4104.501030770397
293,4095.7804450486356
294,4088.517214259815
295,4082.6146095562913
296,4080.5026060650075
297,4082.7367690912583
298,4089.4208897892386
299,4099.12467120807
300,4110.7992024135865
301,4126.741637149976
302,4144.942586508972
303,4168.66884358984
304,4194.762505572705
305,4222.8092307490515
306,4254.298957490085
307,4284.397540928871
308,4313.971922549025
309,4341.540614464874
310,4368.019406591842
311,4394.0510416568595
312,4420.114215028577
313,4449.42498453296
314,4480.383523116729
315,4512.432342015782
316,4547.333164827776
317,4581.537648321288
318,4615.599746417218
319,4647.265934786204
320,4677.241413607669
321,4709.640558036773
322,4741.69944008363
323,4771.026616931442
324,4799.301522356262
325,4827.86401369417
326,4853.865714501942
327,4878.7036303816085
328,4902.286011007168
329,4923.995059284328
330,4944.883927250123
331,4964.969894218377
332,4984.226722064453
333,4999.893006404871
334,5013.34430544611
335,5026.397062276197
336,5036.67264619104
337,5044.719550914717
338,5051.085535999991
339,5051.951378721164
340,5049.628878308416
341,5043.4509253162505
342,5038.076106213066
343,5027.357828967301
344,5016.600504156266
345,5006.514821342585
346,4995.868255349601
347,4988.58504948512
348,4985.004872183155
349,4986.092593065242
350,4990.596125464658
351,4997.313471738965
352,5005.07495426871
353,5012.097518449574
354,5017.765025532003
355,5023.215593230699
356,5028.783801832651
357,5030.7913991899995
358,5027.519963938763
359,5021.532998156256
360,5013.580357727663
361,5003.883280198748
362,4993.235801602875
363,4981.38077207462
364,4970.4614256750265
365,4956.359667825431
366,4941.689584454369
367,4927.108478543157
368,4909.449414071067
369,4890.954675269781
370,4870.244015747033
371,4848.684035323422
372,4825.057591922211
373,4800.942236201892
374,4776.293359371649
375,4748.825914148826
376,4719.023227005053
377,4686.536078430342
378,4653.350288251904
379,4617.57669978925
380,4580.959429467464
381,4542.410046378095
382,4503.500938305597
383,4462.5650457441225
384,4421.823526069138
385,4381.671272588465
386,4341.152268054076
387,4299.031682942814
388,4257.835393470508
389,4218.376481121184
390,4182.221967345338
391,4148.137346647675
392,4115.707199369949
393,4084.876698026045
394,4056.5030203323663
395,4029.01335494913
396,3998.1080139620267
397,3964.2327011576544
398,3924.777632700566
399,3890.4517231428986
400,3851.0275696698004
401,3807.939217513887
402,3762.035643026541
403,3715.470853088911
404,3668.517371009062
405,3623.837334194859
406,3580.1051680147275
407,3539.270397577044
408,3498.5781995971583
409,3459.697224862026
410,3422.9383190816648
411,3391.3241344785038
412,3365.7370562803703
413,3344.2400303508707
414,3328.6699410578835
415,3318.088205062625
416,3311.991204008712
417,3310.2762277149645
418,3311.9893967236903
419,3313.65534044608
420,3314.945696966308
421,3317.5698472185895
422,3324.692545977048
423,3332.6323838863523
424,3344.386421232013
425,3361.183921727493
426,3381.2668986629415
427,3401.4595345271273
428,3422.3404505981066
429,3444.276806517284
430,3465.6066043807195
431,3489.618759968762
432,3513.841026503385
433,3535.9430763563296
434,3561.425803655613
435,3584.824632834666
436,3609.421602132012
437,3634.0612398986727
438,3659.9722358969807
439,3686.2025620800314
440,3710.387115756228
441,3736.3700517004636
442,3759.731088173467
443,3782.6036466859678
444,3803.639835709917
445,3824.988684744876
446,3844.889086122382
447,3860.994728530133
448,3874.86403608481
449,3890.743349859239
450,3906.2390493883963
451,3920.052006493963
452,3933.4308837322874
453,3942.9739142036397
454,3949.690553124733
455,3954.885770693432
456,3959.4056099782
457,3959.9771290652347
458,3958.354811583829
459,3955.2297144151767
460,3950.439778445329
461,3943.6105561998675
462,3934.0254829483097
463,3922.984071380007
464,3909.77150305417
465,3895.1486517340795
466,3877.2161543932307
467,3855.9237947603806
468,3832.7451962549967
469,3807.5411224902455
470,3778.7445044733536
471,3749.2923546216693
472,3718.3234429198124
473,3687.6574740339656
474,3656.43740673745
475,3625.7348323335086
476,3592.0969090977787
477,3558.866917481488
478,3526.857578475588
479,3498.245245366295
480,3473.7724949805947
481,3450.2736316177693
482,3426.8538027211966
483,3404.8993963497774
484,3384.1445034822227
485,3364.66187723075
486,3348.099376431938
487,3333.5806430892108
488,3323.639113138356
489,3317.9321865039547
490,3315.098279976613
491,3314.7514796455143
492,3314.978318781472
493,3313.7223500279365
494,3315.691789850502
495,3318.218594475191
496,3321.1831105812544
497,3325.024062790864
498,3333.45686800262
499,3345.723886569762
500,3363.3674680530953
501,3382.5753501990307
502,3403.557532444436
503,3427.8021370847637
504,3457.6790592326233
505,3489.7213585744516
506,3524.0846999630403
507,3560.394432542871
508,3597.596660161511
509,3636.015529176618
510,3672.595343991951
511,3707.5583277314463
512,3740.3148588877752
513,3768.8130409937817
514,3797.848242571416
515,3823.2827373615314
516,3848.5551677420594
517,3870.7843883565115
518,3891.07894785295
519,3908.9504214775907
520,3922.4616292861874
521,3933.8458094715115
522,3945.713775130646
523,3959.5246511295945
524,3973.8194247393794
525,3988.6597025404476
526,4006.049631706227
527,4024.8539960056487
528,4041.6158432337143
529,4057.516937155893
530,4073.1437666566476
531,4087.1815595509497
532,4102.363552868843
533,4119.87350953846
534,4137.827735584533
535,4158.343389882646
536,4181.459601860508
537,4206.615425152527
538,4233.538720192563
539,4259.105467753275
540,4282.487546575063
541,4303.43833693148
542,4323.3865167937865
543,4336.903180759697
544,4348.978043433188
545,4358.968943873205
546,4367.346257328239
547,4374.437429591842
548,4379.63190716198
549,4382.373136519282
550,4384.177252019396
551,4384.888841887551
552,4384.681412758702
553,4384.204453674763
554,4383.903216551726
555,4383.62137386033
556,4377.412508542209
557,4367.935063533876
558,4354.455120688801
559,4335.334761607932
560,4314.025600518574
561,4290.774413497881
562,4265.333406963731
563,4239.767806908708
564,4210.499882868745
565,4179.240272589938
566,4147.136706045819
567,4115.154331626325
568,4080.4779177017795
569,4046.0943080896427
570,4016.180567727083
571,3988.4459781617984
572,3964.41691740066
573,3943.225777154708
574,3922.789284899809
575,3906.003382857834
576,3890.714123130593
577,3876.5496831620494
578,3861.5047176770972
579,3845.4898251954182
580,3829.589235964509
581,3815.6999384263304
582,3800.570163266056
583,3784.996868962607
584,3768.739907388395
585,3753.6313616340053
586,3735.317046237402
587,3715.947211225335
588,3695.1744550893095
589,3674.87807941752
590,3655.912095219903
591,3638.11141751497
592,3622.628366821805
593,3609.1678784165565
594,3599.1718430886767
595,3594.4069625229663
596,3594.6320643774357
597,3598.2447890936714
598,3603.764944490724
599,3612.685528090826
600,3624.0104308475848
601,3636.6052821450103
602,3649.1268906662385
603,3661.851394383423
604,3674.2294288573717
605,3687.054792896278
606,3698.14740983593
607,3708.6252588063007
608,3718.897974434312
609,3730.9361977201793
610,3744.636437989759
611,3759.1310507330036
612,3773.841780228289
613,3787.532158738495
614,3802.861223471741
615,3819.1274413631977
616,3835.9078986122813
617,3853.170239046948
618,3869.203795342998
619,3887.6796857880986
620,3909.53817006928
621,3930.102248751779
622,3949.0394186786957
623,3964.664987101361
624,3975.943749392133
625,3986.6062645276324
626,3996.437711731674
627,4004.9910707991908
628,4012.7579755080355
629,4020.754353122524
630,4027.5700781736223
631,4037.842098951259
632,4051.1812620806463
633,4068.498012148714
634,4091.0169938445047
635,4116.060709718978
636,4144.36771723228
637,4175.69750293432
638,4207.981308713018
639,4241.431222342875
640,4275.5626195649165
641,4311.508560478988
642,4348.792665414554
643,4387.041225477661
644,4423.060804237059
645,4459.604264612843
646,4492.690926651398
647,4521.736703199867
648,4547.787910394999
649,4567.232307083558
650,4585.53940279
651,4602.340078135341
652,4614.617501034816
653,4623.03571095921
654,4627.397849174831
655,4630.325187310328
656,4629.214788746222
657,4626.956163593325
658,4623.474849645281
659,4618.867564114783
660,4615.145208327755
661,4608.30705541513
662,4598.676144069572
663,4586.713172137494
664,4574.272032747917
665,4560.9292278680305
666,4548.529857564957
667,4538.495713184328
668,4527.4719890856195
669,4517.3499636967135
670,4507.514467559877
671,4497.412080660269
672,4488.512476273904
673,4480.6302122281395
674,4475.955318997252
675,4476.586959526651
676,4481.6097045715405
677,4493.784112371038
678,4510.437884179111
679,4529.880330949167
680,4550.194872932768
681,4570.645938745845
682,4589.48682303387
683,4605.261647482513
684,4618.985744752831
685,4629.529250329971
686,4638.9790354712695
687,4643.220391743281
688,4641.472199612234
689,4632.457064938448
690,4615.441666379049
691,4591.12589728804
692,4559.875758528298
693,4522.00962061267
694,4480.940769400281
695,4436.723408903966
696,4388.216729774661
697,4337.592441869707
698,4284.400417768546
699,4231.540796306859
700,4178.976726730266
701,4128.735650727989
702,4083.0468138298784
703,4043.0834545454854
704,4007.941019863646
705,3975.5497549222073
706,3947.265701607952
707,3923.1565751264147
708,3902.609544960025
709,3886.7822471591603
710,3875.2950639064647
711,3869.6720739830475
712,3866.0895858584217
713,3865.648531705058
714,3867.6595235220957
715,3868.3671943956538
716,3872.6522214092984
717,3876.669643807537
718,3881.201229778157
719,3889.2466644544256
720,3901.9910711940884
721,3917.405321043961
722,3932.05758044218
723,3945.107701720344
724,3954.706934344761
725,3962.036661401869
726,3966.6368962190395
727,3968.962203063653
728,3970.8003111278977
729,3971.5262546435497
730,3973.2798284525647
731,3976.1610416855146
732,3974.689992529244
733,3971.7362828863093
734,3966.27351598735
735,3956.348512089112
736,3944.4486860575803
737,3934.6589530241895
738,3924.4628581586117
739,3921.7119950868423
740,3927.5653608115144
741,3932.657788991979
742,3946.819540724895
743,3969.56651833709
744,3997.548401230916
745,4027.4234472915036
746,4058.872974282524
747,4089.1380184276118
748,4117.545468377805
749,4143.156088101681
750,4169.346139127205
751,4194.735676582988
752,4220.062436973144
753,4243.957539663684
754,4265.957136966475
755,4288.297915390603
756,4309.603523791966
757,4330.702289014794
758,4350.087556635518
759,4368.812241452098
760,4385.772501979906
761,4399.990252301741
762,4410.5013545013835
763,4416.289533287557
764,4420.5582537472355
765,4419.750133507536
766,4413.916253823947
767,4405.170484669129
768,4393.564721265737
769,4377.90200294183
770,4360.59365628533
771,4338.968492375705
772,4315.141142998185
773,4292.012013154567
774,4272.423091680865
775,4254.2175606192695
776,4237.859732664147
777,4222.841415803322
778,4210.594559347965
779,4200.510343634121
780,4190.4126196593525
781,4181.375114247502
782,4174.496111289524
783,4168.799673730656
784,4164.661913098677
785,4163.526549327527
786,4163.71656331643
787,4165.263841954726
788,4166.805703241008
789,4168.270110619224
790,4166.7511138730015
791,4163.86705686025
792,4161.099784098925
793,4159.589333426773
794,4158.463421167121
795,4159.587066760872
796,4163.452298987139
797,4171.664710067219
798,4178.809507706889
799,4189.382587126806
800,4200.529456780042
801,4211.49971845679
802,4222.842267090575
803,4230.573240554504
804,4237.138594048989
805,4240.311931680615
806,4238.926346470474
807,4234.769931554187
808,4230.05461537748
809,4223.211315774366
810,4216.260256651729
811,4209.856898414285
812,4203.739662259244
813,4199.964406996582
814,4196.428137102417
815,4195.023362980741
816,4196.863395087072
817,4201.701745591807
818,4211.970869946414
819,4225.452381814802
820,4240.492991580427
821,4257.755405763183
822,4280.225931282985
823,4301.950711555777
824,4326.379408149302
825,4351.151143320436
826,4373.917389726482
827,4393.737681432604
828,4410.033383580505
829,4424.437823583382
830,4436.822121038544
831,4446.371913422828
832,4454.502290190618
833,4461.9886357152
834,4465.725747467262
835,4466.008911357867
836,4462.795216867471
837,4455.336626331409
838,4445.5759047964475
839,4432.308593129762
840,4417.493280970704
841,4403.447874576859
842,4389.698213213983
843,4376.595738236103
844,4365.416761462086
845,4356.499182126284
846,4346.38922975053
847,4335.79639991134
848,4322.466236577932
849,4307.997092438295
850,4293.634873126507
851,4282.4027312463295
852,4275.761062006388
853,4272.698214484066
854,4275.066794880061
855,4277.127459824576
856,4283.97243389252
857,4295.4722609681285
858,4309.166656841743
859,4324.0548273577615
860,4338.2527250643025
861,4350.734666986013
862,4360.184300092122
863,4368.041053681918
864,4376.298409512074
865,4383.807967540637
866,4388.360810491077
867,4390.0989887573605
868,4388.927562528712
869,4385.084298951826
870,4381.829425112181
871,4373.405102946852
872,4361.008364982194
873,4346.499358282547
874,4327.54370526281
875,4309.711721525444
876,4291.255781722355
877,4272.389760493045
878,4252.439944575738
879,4234.956306279632
880,4218.384546196669
881,4203.036495014173
882,4191.176558165157
883,4181.380262833236
884,4173.137501524159
885,4165.295744781003
886,4156.492469649144
887,4149.235891627614
888,4143.707362794175
889,4137.701212035163
890,4132.81257089635
891,4128.1119437871885
892,4124.577944149756
893,4121.844001562705
894,4116.733817882866
895,4110.548202647541
896,4106.161736921787
897,4100.982741749683
898,4094.8928568015963
899,4085.782797308055
900,4073.51092423528
901,4061.1114904840533
902,4045.563523519301
903,4029.9410979622817
904,4015.796710281333
905,4001.483268415153
906,3988.231082547023
907,3973.7967973661443
908,3960.1561992266916
909,3948.6445221997355
910,3941.002645739995
911,3938.887517355726
912,3937.047355661411
913,3940.3579644683145
914,3949.317115955904
915,3961.4726708955977
916,3978.8889914210467
917,4003.5608258220122
918,4034.4106886451455
919,4070.954647556997
920,4111.336925569408
921,4153.978423615051
922,4199.758961569178
923,4248.510414358361
924,4296.256487049414
925,4343.691881007582
926,4388.317595904683
927,4430.9494618007375
928,4469.389949507635
929,4505.409010273353
930,4535.9033740308
931,4561.687401497399
932,4581.761695469534
933,4597.257857639041
934,4611.1872962560765
935,4622.709815942106
936,4629.627569577044
937,4633.963236252892
938,4636.786220056071
939,4638.58738213991
940,4637.902429079308
941,4636.557660543944
942,4633.836088891807
943,4630.998858027959
944,4623.586448709249
945,4615.478424641206
946,4605.82723658914
947,4595.654232145338
948,4583.00627082847
949,4569.46540560121
950,4556.7483077842
951,4542.676126425318
952,4529.095667953981
953,4516.202173810445
954,4503.576720368388
955,4490.301803080227
956,4476.561999517412
957,4460.94263395093
958,4444.39631260153
959,4427.673047495453
960,4410.810934410549
961,4392.757233139225
962,4373.286533585503
963,4355.860980386994
964,4336.777348040498
965,4316.954437510788
966,4294.455906978861
967,4269.063921247884
968,4239.030887966826
969,4212.902149012308
970,4183.605090679078
971,4150.0954370264935
972,4113.330385713216
973,4073.5941985919767
974,4029.7593472299473
975,3980.8795897288196
976,3928.5899061459713
977,3873.0796912671817
978,3818.4935062680242
979,3765.9319281347703
980,3715.8191258693437
981,3669.6688277702424
982,3626.444224046632
983,3587.838126621163
984,3551.4788314739244
985,3519.0849146449173
986,3488.442701830487
987,3460.0836591868247
988,3434.7952298716095
989,3412.8025346398267
990,3394.0854709879554
991,3377.838561614547
992,3363.6727897852943
993,3351.863981511112
994,3343.2985503918308
995,3338.0320653895137
996,3338.150410527098
997,3342.0606862549917
998,3348.400880731981
999,3357.8411057042335
1000,3370.004247945612
1001,3388.248574487526
1002,3410.0296835171125
1003,3434.2996784531338
1004,3460.675021163245
1005,3490.1968393874045
1006,3520.723163211736
1007,3552.7420581938454
1008,3586.4375019187605
1009,3619.430153057621
1010,3654.0818012205827
1011,3689.648444810564
1012,3725.7138286740883
1013,3761.8145286238823
1014,3795.3645116834837
1015,3827.4388823177915
1016,3856.621056575587
1017,3882.6125505968043
1018,3904.743407101169
1019,3923.8598762091906
1020,3939.7769663687695
1021,3954.454333524058
1022,3965.0514178325643
1023,3971.87137631054
1024,3977.0251990027396
1025,3978.623723788692
1026,3980.014440352471
1027,3979.8195611621745
1028,3979.081057198542
1029,3978.347895377987
1030,3979.6069808495918
1031,3981.8503764539687
1032,3985.514058769308
1033,3990.2953897049156
1034,3995.2318282398364
1035,4002.128534911334
1036,4009.5982856075348
1037,4018.9999057627015
1038,4029.5384675779005
1039,4040.9855403761535
1040,4051.7167104236723
1041,4060.6570953410283
1042,4066.929564079451
1043,4071.973379231065
1044,4073.4906316567562
1045,4071.297278176228
1046,4066.60462995022
1047,4059.96442289047
1048,4049.222245219866
1049,4034.71910625112
1050,4016.710561792046
1051,3993.9850700609095
1052,3969.6210576785447
1053,3942.281365036582
1054,3913.0771737481905
1055,3883.615989753297
1056,3852.3793817486053
1057,3821.198092250793
1058,3789.1656149607857
1059,3758.621259136688
1060,3729.6553648843988
1061,3702.853247065846
1062,3677.1577274300157
1063,3650.861844569621
1064,3626.703800796907
1065,3604.575098375545
1066,3584.3317856148647
1067,3564.9720046576645
1068,3547.129582821121
1069,3533.2708018901253
1070,3522.064286766873
1071,3514.5032026482613
1072,3511.637646127116
1073,3514.8165732650646
1074,3522.722683550676
1075,3536.627414175342
1076,3557.506700238864
1077,3585.100165229
1078,3619.167189847678
1079,3658.1343433859893
1080,3700.2491128452807
1081,3743.979998052923
1082,3787.6014527747416
1083,3825.552118382724
1084,3864.1679759700164
1085,3903.9596905461476
1086,3945.1656732623464
1087,3988.7357355695044
1088,4035.6988791477797
1089,4085.071136843145
1090,4136.051843728178
1091,4188.466857064139
1092,4241.344454383314
1093,4295.9239730100835
1094,4351.45733730228
1095,4408.702028786564
1096,4467.216892072888
1097,4527.417677616955
1098,4588.621505625822
1099,4649.361575266025
1100,4711.322329186989
1101,4771.967152302952
1102,4831.173823846741
1103,4888.05876890922
1104,4941.202679462106
1105,4991.250374729525
1106,5038.0036020116395
1107,5081.062880133634
1108,5122.429571033774
1109,5160.762562538214
1110,5194.806733768934
1111,5224.116917500912
1112,5249.286239088599
1113,5270.848919437539
1114,5289.764867694377
1115,5305.603616443743
1116,5317.209816308349
1117,5324.483249817515
1118,5325.924152324782
1119,5324.504806183612
1120,5317.265819748603
1121,5304.496433207556
1122,5286.1057467679075
1123,5261.8653098320565
1124,5232.653857057764
1125,5199.564366444663
1126,5159.865083285982
1127,5114.502216487388
1128,5065.263409646602
1129,5011.46447792705
1130,4955.281114950805
1131,4898.023152580107
1132,4839.060675223705
1133,4777.02670691038
1134,4714.10204374014
1135,4648.320139103057
1136,4581.039870465741
1137,4511.541710257449
1138,4439.726747083099
1139,4366.252351618299
1140,4302.329627563923
1141,4235.379630150248
1142,4166.66245911385
1143,4096.096012372948
1144,4024.452293082856
1145,3951.959739978236
1146,3881.541968020196
1147,3813.188434089667
1148,3746.3266883083043
1149,3681.3133825881196
1150,3620.1056898375014
1151,3562.054991830528
1152,3506.578231385297
1153,3456.1751237858266
1154,3410.40988366278
1155,3369.012624015709
1156,3334.0968006547896
1157,3303.347664855407
1158,3276.6656172343455
1159,3252.2471011407392
1160,3230.619389444567
1161,3212.5181895090313
1162,3197.414746245643
1163,3185.714419806768
1164,3177.3013117879027
1165,3171.9504333198274
1166,3167.659668711417
1167,3164.8092284046593
1168,3164.4691602228013
1169,3166.7639046370095
1170,3173.526951357976
1171,3183.9096978450357
1172,3197.433516834718
1173,3213.341861757432
1174,3230.8886530986674
1175,3250.5461162697948
1176,3269.306413557491
1177,3288.7377572144155
1178,3308.3561259976823
1179,3326.857665835928
1180,3345.9860030111863
1181,3363.8206758810343
1182,3381.3640019917525
1183,3398.8391270258867
1184,3416.2960708152673
1185,3432.372619079994
1186,3446.5108141907535
1187,3459.5466333476893
1188,3472.5057868480876
1189,3484.0181289473962
1190,3497.3240907723493
1191,3510.9032208722597
1192,3523.6321387925277
1193,3535.633057198969
1194,3545.472261072415
1195,3553.525615017541
1196,3559.853036262975
1197,3565.357892746503
1198,3568.966922851529
1199,3571.868861359724
1200,3576.451619057183
1201,3583.542593402307
1202,3593.297612123848
1203,3606.1853419477115
1204,3623.5603773023695
1205,3642.4579427263825
1206,3662.534228718307
1207,3682.7709327048137
1208,3704.4596482703996
1209,3728.404512679306
1210,3753.3374941045854
1211,3778.6538533146086
1212,3805.484244158715
1213,3831.4030301344674
1214,3855.901608181783
1215,3879.893494973451
1216,3902.809466646996
1217,3926.031779522395
1218,3950.085368444737
1219,3975.066815173582
1220,3999.1478098835973
1221,4022.447438367616
1222,4043.3893628705537
1223,4063.5416554772205
1224,4081.283506803108
1225,4096.3012612779685
1226,4109.3012645811905
1227,4121.621388650487
1228,4135.167900783128
1229,4149.465294343871
1230,4163.607718402088
1231,4177.038080033149
1232,4189.460251454977
1233,4200.656063346503
1234,4209.538078792342
1235,4216.797483927389
1236,4222.821374733082
1237,4228.37114669729
1238,4233.210074703794
1239,4237.647621646718
1240,4241.355944246313
1241,4242.975482075513
1242,4242.276786407842
1243,4237.629192920517
1244,4228.662362853394
1245,4217.857223279099
1246,4206.613173679986
1247,4195.881051253855
1248,4187.674244561092
1249,4181.9411991825955
1250,4177.544131185681
1251,4171.352275654163
1252,4160.635128104333
1253,4143.415758407701
1254,4128.434906771632
1255,4107.786885960885
1256,4083.2229313997746
1257,4058.170759373289
1258,4034.3828391424604
1259,4014.7259909052195
1260,3999.962748544555
1261,3989.270665101537
1262,3981.228614203184
1263,3975.4100755469535
1264,3971.145756667622
1265,3970.1698250674112
1266,3972.73431497492
1267,3979.9345951051005
1268,3991.3311423465857
1269,4005.3999512506384
1270,4019.9340616518334
1271,4034.757839403265
1272,4049.8007904483948
1273,4062.08994496942
1274,4075.072044810018
1275,4088.7690801232643
1276,4105.733681972987
1277,4122.44359987448
1278,4139.463876628615
1279,4157.627763712101
1280,4174.824143629118
1281,4190.167474838558
1282,4204.797338980354
1283,4220.78132058774
1284,4238.196301769078
1285,4255.94643708131
1286,4274.672554480838
1287,4293.748851677046
1288,4312.576394268829
1289,4332.020307486183
1290,4351.33784478774
1291,4369.846774656582
1292,4388.671967659393
1293,4407.989840670559
1294,4425.2304269965425
1295,4442.0225423220445
1296,4457.365021279378
1297,4472.115489217838
1298,4486.814613501642
1299,4500.0179496197425
1300,4511.54303137674
1301,4521.610811750037
1302,4531.2957692782
1303,4539.175673759899
1304,4546.332760889392
1305,4554.9311291285285
1306,4560.780570650833
1307,4564.270245779126
1308,4563.572345647897
1309,4557.8459374056565
1310,4547.196073194425
1311,4537.930691330655
1312,4521.340063525939
1313,4497.012090077953
1314,4467.75091358003
1315,4433.539798304486
1316,4394.246234475136
1317,4350.64354820512
1318,4303.861829291095
1319,4253.236553344314
1320,4202.218855637079
1321,4148.438648495353
1322,4093.5110028453096
1323,4039.9751546200328
1324,3986.4531442243383
1325,3935.055048853215
1326,3884.0495448796732
1327,3835.6942618471307
1328,3791.0846444631347
1329,3749.9427159908764
1330,3712.6385255854243
1331,3678.2591074687184
1332,3648.214176488842
1333,3621.3863879058363
1334,3598.4045732932486
1335,3578.628569468914
1336,3561.1526993819593
1337,3546.9713323428264
1338,3535.221751044219
1339,3525.3690278290646
1340,3518.7759148349505
1341,3514.8364006222137
1342,3513.669830017313
1343,3514.90748506115
1344,3517.044833930528
1345,3520.7441095173176
1346,3525.262451289942
1347,3532.4911948664703
1348,3543.760646525301
1349,3556.7440395478634
1350,3573.7295128424275
1351,3593.2301726593078
1352,3617.0372857840985
1353,3647.1472374922564
1354,3683.10299894238
1355,3724.1500579577696
1356,3769.2343710192445
1357,3819.011924924224
1358,3872.887167995188
1359,3931.136984235062
1360,3990.740780373369
1361,4053.0694945960618
1362,4118.0610462966415
1363,4186.587752705273
1364,4257.411024900987
1365,4329.472245306724
1366,4402.935091666777
1367,4477.901791252228
1368,4543.12281989157
1369,4610.22733810258
1370,4679.156996809537
1371,4748.895519502808
1372,4818.358732191175
1373,4887.58838343151
1374,4956.423366180581
1375,5023.3447164486415
1376,5086.795700077336
1377,5148.7019745111675
1378,5208.472296247438
1379,5265.09458709185
1380,5317.520188955581
1381,5365.2650482559575
1382,5408.199180582989
1383,5444.3944638902285
1384,5474.474915444097
1385,5499.305232648302
1386,5520.4156301082085
1387,5535.663910422629
1388,5545.240926666498
1389,5552.226618054677
1390,5555.846877327347
1391,5555.537284097153
1392,5554.529736124484
1393,5551.337186499652
1394,5546.855767246516
1395,5540.215137095872
1396,5531.894545469044
1397,5520.0235831510145
1398,5504.191167928655
1399,5484.7851536717535
1400,5460.761871549892
1401,5433.442415391469
1402,5403.157302924174
1403,5369.204497561013
1404,5332.139238934864
1405,5289.766455137853
1406,5240.805556489548
1407,5185.483464780187
1408,5123.059834717385
1409,5057.03531387975
1410,4991.12860155969
1411,4923.889240571654
1412,4854.264752582465
1413,4783.732275526185
1414,4712.643842260202
1415,4640.140813306757
1416,4568.321782359299
1417,4495.903338175428
1418,4423.550343274471
1419,4351.009617071271
1420,4278.251893444932
1421,4203.4751609929
1422,4128.818819326255
1423,4053.2860899140305
1424,3978.3625938319256
1425,3913.1791522404947
1426,3847.2020841555764
1427,3781.879809398295
1428,3720.2686423965897
1429,3665.5772771222746
1430,3619.4272739722255
1431,3580.5384986884974
1432,3551.3311874863275
1433,3528.239520184547
1434,3511.3068876737525
1435,3500.911509354406
1436,3496.210124723545
1437,3494.5775067339264
1438,3498.137280120234
1439,3505.9191008433554
1440,3518.665921846486
1441,3534.109754417344
1442,3555.9019139713782
1443,3580.8844033134005
1444,3608.053842958831
1445,3634.8841197343813
1446,3661.9648057186355
1447,3690.385821816973
1448,3718.537400098441
1449,3748.896873924895
1450,3779.5130532125613
1451,3809.140202759296
1452,3836.933696090831
1453,3862.7755318254667
1454,3887.6607727296278
1455,3911.353605959243
1456,3935.837165268165
1457,3959.268506537979
1458,3981.6526751327883
1459,4004.6396150649894
1460,4026.489537525204
1461,4046.4203653019167
1462,4065.6005173687267
1463,4084.752273749689
1464,4103.261711639509
1465,4120.44988761608
1466,4138.945696555928
1467,4156.887129967478
1468,4176.489605447259
1469,4197.7062757892845
1470,4219.951899028595
1471,4244.941751763695
1472,4270.95683686537
1473,4299.8795791079965
1474,4330.492109327037
1475,4363.47816597396
1476,4398.383316125966
1477,4434.342729672664
1478,4467.599749650439
1479,4496.775682483615
1480,4523.759871410964
1481,4545.4545514904985
1482,4564.328923159694
1483,4577.65132542716
1484,4584.70431939458
1485,4585.903277240211
1486,4580.353207231846
1487,4567.672222568776
1488,4548.006142537122
1489,4521.643280540969
1490,4489.558051220076
1491,4454.076238604319
1492,4415.475851890855
1493,4375.80465339683
1494,4336.07925151811
1495,4296.167734967861
1496,4257.118151181561
1497,4219.958113278831
1498,4185.078619211929
1499,4151.894626760181
1500,4120.180529083198
1501,4090.5651167094748
1502,4064.685172585994
1503,4042.4787537821626
1504,4022.38898537878
1505,4005.241492408547
1506,3992.2434256892902
1507,3981.956532124128
1508,3975.3878561633205
1509,3973.1640288496887
1510,3975.0525494006097
1511,3980.4913822200087
1512,3988.7361934133787
1513,4000.2863915140606
1514,4013.397597205318
1515,4027.5390290831424
1516,4042.2579825391067
1517,4058.758677455225
1518,4075.7182437501797
1519,4094.0132185093726
1520,4113.522738167342
1521,4131.376825853174
1522,4148.278241524528
1523,4162.984124404213
1524,4175.652585360346
1525,4185.975646827568
1526,4194.993370816891
1527,4201.3435693003485
1528,4206.375533148081
1529,4209.155811092631
1530,4208.20560126898
1531,4204.18894189956
1532,4198.941471620403
1533,4191.55052940646
1534,4181.012271679956
1535,4168.864336602923
1536,4156.583055899256
1537,4142.705555248601
1538,4130.326979270199
1539,4119.55761816899
1540,4110.720967933704
1541,4101.7388650348585
1542,4091.3110165071416
1543,4081.6040036659306
1544,4072.7420322950966
1545,4064.2916018444184
1546,4055.2130038625055
1547,4044.2532785155236
1548,4033.7066729093644
1549,4023.760947891831
1550,4015.354672624038
1551,4006.668669467634
1552,3996.9255533187356
1553,3986.153934417601
1554,3972.802779505179
1555,3960.426135409759
1556,3949.0625795042283
1557,3937.899937755711
1558,3928.113403967439
1559,3921.2154364472012
1560,3914.8302375464305
1561,3909.4785511111245
1562,3905.3857742592904
1563,3901.318832743088
1564,3896.8077014359505
1565,3890.9856963367347
1566,3884.3712649532736
1567,3878.8153389217237
1568,3873.0525675832796
1569,3869.30217815846
1570,3869.252068761466
1571,3872.2704371744708
1572,3879.3056114010633
1573,3888.325536656094
1574,3899.1506417136607
1575,3909.5310557654648
1576,3919.4497299229206
1577,3928.855426742494
1578,3939.2457171316587
1579,3949.3385465926417
1580,3960.5560498361297
1581,3974.2418429121262
1582,3992.159511718335
1583,4012.5448740153997
1584,4034.387886293401
1585,4059.2058249520364
1586,4087.677597559919
1587,4118.487026449176
1588,4150.638571895403
1589,4185.8125814908235
1590,4222.577792377472
1591,4260.604714387376
1592,4297.7473643200055
1593,4334.503169906966
1594,4368.459189485901
1595,4401.343623854313
1596,4429.953081754831
1597,4457.820901503803
1598,4489.275691201906
1599,4522.235106474836
1600,4556.607432212124
1601,4592.632246743694
1602,4632.910972907176
1603,4675.210812061532
1604,4719.870886382255
1605,4767.423657809457
1606,4816.485459930718
1607,4865.598140504609
1608,4916.144261121163
1609,4965.776780088789
1610,5011.813440526066
1611,5053.621505215647
1612,5090.897058819095
1613,5124.776693600267
1614,5154.3763668507645
1615,5181.9143164516445
1616,5206.011758368816
1617,5226.162224499557
1618,5242.415736317091
1619,5254.812670279833
1620,5265.202320410749
1621,5271.872425610134
1622,5276.588160433124
1623,5279.9877651293955
1624,5282.432784622266
1625,5283.977731687633
1626,5284.448828244055
1627,5282.816909695741
1628,5277.266972711151
1629,5269.760326979501
1630,5261.890555492059
1631,5252.444332035076
1632,5240.229922127782
1633,5226.400294453943
1634,5212.179129716342
1635,5196.397730425309
1636,5178.172672812865
1637,5157.765986528912
1638,5136.35357209403
1639,5111.601366669949
1640,5086.492903490952
1641,5062.041284267118
1642,5037.577526598844
1643,5015.484462791501
1644,4992.9366218220675
1645,4972.391510018422
1646,4953.015157752272
1647,4933.523946060437
1648,4912.351726454098
1649,4891.23271543643
1650,4869.680829573958
1651,4845.4360873273645
1652,4818.87845186738
1653,4795.773309017193
1654,4767.972217806902
1655,4735.203225929341
1656,4700.0524241137555
1657,4664.766052871684
1658,4631.726654655949
1659,4599.5235554221335
1660,4571.132566248248
1661,4544.627346128534
1662,4521.853597296529
1663,4501.990790391155
1664,4487.872222541319
1665,4476.124798986618
1666,4469.530261725805
1667,4467.067578638978
1668,4468.118810892517
1669,4470.170227679991
1670,4474.800153748348
1671,4480.695118441161
1672,4488.836005909102
1673,4498.880786357126
1674,4512.099230665503
1675,4527.305546814836
1676,4541.757362070817
1677,4556.646145222347
1678,4571.141878167928
1679,4584.17879947922
1680,4595.1116346384915
1681,4605.597947175268
1682,4617.393641556682
1683,4630.97354576013
1684,4645.629427231582
1685,4661.568332272521
1686,4679.959486286521
1687,4698.356458433574
1688,4716.198679734056
1689,4734.237263794766
1690,4752.825554418632
1691,4772.204252574364
1692,4791.087627384122
1693,4809.26632184908
1694,4826.827885177144
1695,4843.132044535793
1696,4858.710477657555
1697,4873.015886251212
1698,4886.622182668356
1699,4898.830666851626
1700,4909.308384155511
1701,4918.511410846181
1702,4924.943912892113
1703,4928.521874664481
1704,4928.7409174381855
1705,4925.071016722271
1706,4916.908466207199
1707,4902.231198277053
1708,4884.459871307708
1709,4861.8417327753095
1710,4842.163952252123
1711,4819.924228007619
1712,4796.964532659608
1713,4771.685554877217
1714,4745.499033954776
1715,4721.165478223862
1716,4699.228254056877
1717,4680.510431163351
1718,4662.618293021006
1719,4647.662442963985
1720,4630.758738248735
1721,4611.489837016478
1722,4590.819882626017
1723,4569.503966747612
1724,4547.902310692673
1725,4524.691937580822
1726,4500.188373442124
1727,4475.422960693858
1728,4450.617837201009
1729,4424.4271311542625
1730,4397.841290488317
1731,4374.473164376112
1732,4353.213965299356
1733,4331.052130696055
1734,4308.820437029528
1735,4287.280908326891
1736,4265.588323785839
1737,4240.4184485961405
1738,4214.222837960086
1739,4186.697281474777
1740,4158.543654193695
1741,4130.953029259004
1742,4105.132274174138
1743,4080.460546166509
1744,4054.4102602090484
1745,4029.223256469704
1746,4007.109157427373
1747,3986.7574486601848
1748,3967.367308867768
1749,3947.982374478228
1750,3930.0557247597853
1751,3914.411531860941
1752,3904.7599884797655
1753,3900.5689262269316
1754,3902.374115865655
1755,3909.6181243215856
1756,3922.213065200366
1757,3942.6879284104857
1758,3968.09527568687
1759,3997.2956324467486
1760,4029.0028947306746
1761,4065.881327611552
1762,4103.660783977463
1763,4140.009573656689
1764,4172.836876010464
1765,4203.61109024389
1766,4228.956518032786
1767,4251.007040209125
1768,4270.035446408646
1769,4283.925008302365
1770,4292.72742493093
1771,4299.246638014833
1772,4303.853618782925
1773,4306.028131902055
1774,4307.835886257452
1775,4308.113142144602
1776,4312.327936216362
1777,4319.820093458413
1778,4328.924378311963
1779,4338.339452054971
1780,4348.538779538642
1781,4358.283844455405
1782,4367.834937931757
1783,4375.435999843467
1784,4382.025181528766
1785,4387.146695820798
1786,4389.627301844337
1787,4391.425368905257
1788,4393.292368985109
1789,4394.76295533163
1790,4396.463777136646
1791,4399.523257863783
1792,4401.046488531211
1793,4401.5458822257
1794,4400.704769648924
1795,4398.635879554341
1796,4395.12942715377
1797,4391.394432582001
1798,4387.530595953343
1799,4381.545479009346
1800,4374.4535634767635
1801,4365.325634063474
1802,4353.523322777614
1803,4338.006564154987
1804,4318.8467527679295
1805,4294.796098129008
1806,4266.773574015353
1807,4237.689117316682
1808,4206.649611469907
1809,4173.389669469813
1810,4138.368443873611
1811,4101.959626787424
1812,4065.368757165575
1813,4028.7179602806914
1814,3992.164705951806
1815,3958.1313596400078
1816,3926.4036771000347
1817,3896.795023231639
1818,3869.651793326091
1819,3844.9637555380045
1820,3820.7059979621154
1821,3795.798532669689
1822,3769.4572103677688
1823,3740.9628638951704
1824,3716.17278246401
1825,3689.0685167181214
1826,3660.8540556428175
1827,3631.431281634144
1828,3603.3769381243724
1829,3577.1782652505926
1830,3554.646444152588
1831,3535.0737861544235
1832,3518.1075950117574
1833,3503.6963762693463
1834,3491.471863551032
1835,3481.470974049863
1836,3473.767573137143
1837,3468.5475652881387
1838,3465.6046489503246
1839,3462.258831598706
1840,3456.5239310819516
1841,3449.6905795294656
1842,3440.3595374111155
1843,3430.1075234655696
1844,3420.2421099315857
1845,3411.835148526207
1846,3404.6803299136336
1847,3398.3228857034474
1848,3392.0289848919015
1849,3383.515865669578
1850,3375.2552127733957
1851,3366.7103625490613
1852,3358.4688060127964
1853,3351.422136925556
1854,3348.070858417295
1855,3348.858794712489
1856,3351.226561964708
1857,3358.3931686238193
1858,3366.7755634147275
1859,3376.7702328633927
1860,3385.843981896274
1861,3397.556660503538
1862,3410.8557054667713
1863,3426.0421593816795
1864,3443.008739339263
1865,3462.8439372593775
1866,3484.516826654657
1867,3506.498560221728
1868,3530.736542647146
1869,3555.198337912654
1870,3581.071085255492
1871,3608.5888142142194
1872,3638.9342809038108
1873,3672.2100813084194
1874,3710.1113544517425
1875,3751.279788335766
1876,3794.3679681357708
1877,3838.6421068977215
1878,3882.251293087475
1879,3921.761225607995
1880,3955.6856095386947
1881,3985.1998235584033
1882,4010.8247641815324
1883,4035.1391705439787
1884,4059.2677229278256
1885,4080.364018166847
1886,4099.592703896185
1887,4117.293946666101
1888,4134.59769038646
1889,4150.801897754827
1890,4168.100706103514
1891,4185.8400329961605
1892,4204.034818570359
1893,4223.236366789097
1894,4246.23380899984
1895,4273.293983588652
1896,4301.021939300571
1897,4329.078142092657
1898,4357.524630241709
1899,4385.4915244598205
1900,4414.591192076592
1901,4442.8531739700165
1902,4470.586114622829
1903,4496.168061990517
1904,4519.115321148647
1905,4539.779221673554
1906,4558.354257446708
1907,4575.015649615696
1908,4588.819004256487
1909,4599.81127766849
1910,4611.621763448989
1911,4622.474671158602
1912,4633.477437626492
1913,4642.067788654654
1914,4650.473417712544
1915,4659.232264715115
1916,4665.163926251147
1917,4669.666571628742
1918,4671.945802215019
1919,4672.421498202306
1920,4669.813582772006
1921,4665.082926944751
1922,4658.983669444527
1923,4650.31221564584
1924,4642.194129638176
1925,4631.600936446
1926,4621.166049662719
1927,4611.635160277992
1928,4600.161793300431
1929,4590.189487803803
1930,4580.098742590853
1931,4574.123197673904
1932,4569.414219522276
1933,4565.500515772336
1934,4560.3187027874355
1935,4555.616451104141
1936,4547.882259339093
1937,4535.234293892731
1938,4524.2305639543965
1939,4511.0175158723105
1940,4498.172680271714
1941,4485.4953934780015
1942,4474.808447598144
1943,4464.833056679368
1944,4458.848560698996
1945,4455.935354387377
1946,4453.056994663789
1947,4450.346682591549
1948,4447.313838068448
1949,4442.191661954953
1950,4438.654262645104
1951,4433.718732361249
1952,4429.150717970056
1953,4424.729478213948
1954,4422.798864517387
1955,4423.312431749943
1956,4424.72187936146
1957,4426.0436334189335
1958,4431.688528587458
1959,4440.048695299473
1960,4451.128771608498
1961,4465.903605704021
1962,4483.548253142361
1963,4503.783823900081
1964,4526.97164059311
1965,4550.5094065338335
1966,4575.921098376754
1967,4601.254791263687
1968,4625.4853898420315
1969,4650.474547612277
1970,4674.632210090903
1971,4702.427104612426
1972,4731.359696463937
1973,4759.776354404607
1974,4787.227726074508
1975,4811.082202384042
1976,4832.410540205166
1977,4850.784607191027
1978,4869.220831762181
1979,4887.525972978762
1980,4903.17707153197
1981,4917.94942991415
1982,4930.435764850432
1983,4943.226449619129
1984,4951.237076038503
1985,4957.547772629987
1986,4961.340933852363
1987,4963.8167722963135
1988,4963.960261793731
1989,4962.6265380044715
1990,4960.196610423405
1991,4959.638666857988
1992,4956.5519276692985
1993,4956.130783620244
1994,4957.5469282667245
1995,4958.778974109162
1996,4958.798035792623
1997,4955.921440619567
1998,4950.358887046783
1999,4943.920022616568
2000,4937.7233111428895
2001,4932.344294342083
2002,4926.906691882325
2003,4922.556337843494
2004,4917.300495645432
2005,4908.829425501233
2006,4898.038891406651
2007,4884.82607390139
2008,4865.430231318251
2009,4841.678540479206
2010,4815.321466130538
2011,4787.692820977197
2012,4758.039668092897
2013,4727.293591506274
2014,4694.1982946226135
2015,4660.393689996102
2016,4624.427146826691
2017,4584.007948158971
2018,4538.706017178612
2019,4491.215273987115
2020,4439.917856375426
2021,4386.035520350344
2022,4329.380578584698
2023,4272.962800997567
2024,4217.9689699581995
2025,4161.68936151195
2026,4106.59328784724
2027,4052.6486920280327
2028,4000.838734589297
2029,3949.2035858748613
2030,3899.608128893025
2031,3851.5872788368165
2032,3805.545518318177
2033,3761.2700274341073
2034,3717.5374875120783
2035,3676.0980293936577
2036,3635.8157902352696
2037,3597.5972120481497
2038,3565.056108627544
2039,3537.695485590926
2040,3518.9864782543627
2041,3505.2770726260733
2042,3497.723182717164
2043,3494.7406547032397
2044,3495.2881650047425
2045,3499.5304860690057
2046,3508.740020933491
2047,3523.468790226604
2048,3542.2465597258133
2049,3565.3074816579633
2050,3591.630648364325
2051,3621.0161814908433
2052,3646.5815953109145
2053,3678.107300317856
2054,3712.5301619453003
2055,3747.8260415320115
2056,3781.6214065323684
2057,3816.30997074891
2058,3849.3377333998865
2059,3877.403015239969
2060,3901.996359551423
2061,3923.977034254641
2062,3944.488047522473
2063,3965.048191446706
2064,3986.392786866487
2065,4009.374404965263
2066,4035.6948536326513
2067,4067.2271618788814
2068,4101.032951321335
2069,4138.485792105387
2070,4179.275308398195
2071,4223.213863477605
2072,4268.258482086086
2073,4314.99100922801
2074,4360.444453408243
2075,4403.95954286304
2076,4446.285268162073
2077,4485.919603560151
2078,4522.513322843814
2079,4557.929677325098
2080,4592.240920308429
2081,4626.830511309466
2082,4659.478273763809
2083,4690.749317704099
2084,4723.166590825435
2085,4753.729748763265
2086,4782.8488216359765
2087,4812.228998407445
2088,4840.163453646102
2089,4866.535129171904
2090,4894.460860863873
2091,4923.269221054535
2092,4950.592310284228
2093,4979.335695028675
2094,5004.449370752964
2095,5024.192698060363
2096,5038.968255746111
2097,5048.838057517855
2098,5053.976218741193
2099,5050.111916909039
2100,5040.569005882506
2101,5027.205624649399
2102,5008.012578387108
2103,4982.796619109036
2104,4952.02949562138
2105,4918.147418155721
2106,4883.50686849007
2107,4851.068774318269
2108,4823.069405558747
2109,4798.709954737963
2110,4781.392613342896
2111,4769.415417277056
2112,4759.661023031287
2113,4750.175131675809
2114,4736.607677926685
2115,4721.494917141336
2116,4705.001110684192
2117,4686.473609055843
2118,4667.94066291049
2119,4649.963457447043
2120,4631.4546920001085
2121,4613.786186526427
2122,4598.261185149797
2123,4584.543716878458
2124,4573.124171441705
2125,4562.670116901777
2126,4554.958761536299
2127,4552.71492778544
2128,4555.480508854044
2129,4561.903241688614
2130,4573.958872907945
2131,4589.999305855078
2132,4611.15198336006
2133,4635.740691091509
2134,4662.326060029598
2135,4691.506564188665
2136,4723.065191930403
2137,4758.058775458542
2138,4791.980545851211
2139,4826.707576932221
2140,4861.264969513558
2141,4892.719511112897
2142,4920.018672462877
2143,4945.712105181318
2144,4967.821272443497
2145,4986.784752924751
2146,5004.361055751148
2147,5020.81452891751
2148,5034.712138079095
2149,5045.588857362264
2150,5052.276540295899
2151,5054.844538250777
2152,5052.758733673074
2153,5044.702701547373
2154,5031.071567591343
2155,5014.811188137314
2156,4995.769759350687
2157,4974.271733208518
2158,4950.207067039301
2159,4922.72887103548
2160,4892.932101263588
2161,4861.568787454558
2162,4827.982364737731
2163,4792.296234937762
2164,4753.972515061569
2165,4713.9321910657445
2166,4679.097109189378
2167,4642.531922358377
2168,4604.469928903696
2169,4564.550426383654
2170,4523.38503470588
2171,4481.277307512351
2172,4441.000306084846
2173,4400.432467439444
2174,4359.631432356841
2175,4318.5828006218235
2176,4277.136371814905
2177,4236.041192625996
2178,4196.7361340683265
2179,4157.315855493931
2180,4119.597097624489
2181,4083.087926236712
2182,4048.999830319068
2183,4013.7895008179485
2184,3978.3951705875966
2185,3943.585557014199
2186,3909.8341669333804
2187,3879.556924198375
2188,3851.6973164547844
2189,3827.383839166209
2190,3807.828986163677
2191,3791.0628726719124
2192,3778.366703699225
2193,3769.241879167692
2194,3762.8854679889528
2195,3759.1838759705074
2196,3757.767116595167
2197,3759.3205362299504
2198,3762.603359113377
2199,3769.8894682709465
2200,3777.579519074522
2201,3787.747779163715
2202,3800.353300235401
2203,3812.577391614778
2204,3824.558636944773
2205,3836.4977325798677
2206,3848.1877262962794
2207,3858.079949287941
2208,3865.134325685213
2209,3871.0053129193843
2210,3874.0152443593724
2211,3875.578582569381
2212,3873.9553822108237
2213,3869.7896227970045
2214,3864.202658144692
2215,3856.488510113849
2216,3846.784572813139
2217,3835.221091494651
2218,3823.186979556672
2219,3809.066300569545
2220,3793.0887422748115
2221,3775.9519855378016
2222,3757.812453854418
2223,3742.0310612898743
2224,3724.031796440371
2225,3703.8577375708396
2226,3683.210588610288
2227,3662.0931777317555
2228,3642.1190822484446
2229,3623.1125845115535
2230,3603.6489483532005
2231,3585.4469313795103
2232,3568.2090730823306
2233,3551.3482356444233
2234,3535.327088020893
2235,3519.3251102416452
2236,3503.1589423418436
2237,3487.793842728141
2238,3473.661043497919
2239,3459.6475237835043
2240,3445.4272160003698
2241,3431.7364211975114
2242,3418.688305757399
2243,3404.855936919212
2244,3391.1013937241273
2245,3378.2570174189777
2246,3366.81062365725
2247,3356.440132321524
2248,3346.1212054434513
2249,3336.168952348822
2250,3327.880852707976
2251,3320.5292442970112
2252,3317.1355493283586
2253,3317.173059207718
2254,3320.5756660457787
2255,3326.9373794451044
2256,3337.264152128608
2257,3349.366197173021
2258,3364.2435480122936
2259,3382.1912502890673
2260,3403.683254909372
2261,3429.274669485545
2262,3458.6432120171607
2263,3490.7785510131635
2264,3526.588102414154
2265,3565.2259095793515
2266,3608.366052674423
2267,3656.7862243014492
2268,3709.958123650808
2269,3767.476222193494
2270,3830.288865559515
2271,3896.952365383808
2272,3967.5180398668303
2273,4040.7207913899633
2274,4116.587766836193
2275,4196.151026489998
2276,4277.663412187588
2277,4359.69611494664
2278,4438.71595172727
2279,4516.932477938225
2280,4584.980855741755
2281,4651.921910566648
2282,4716.339174538074
2283,4779.270267446766
2284,4839.212755404269
2285,4894.533411440407
2286,4944.0364096742305
2287,4989.110610409006
2288,5028.792897888982
2289,5064.202708621396
2290,5094.690792430341
2291,5120.918692032845
2292,5143.7523283912715
2293,5162.997633644315
2294,5177.088816811057
2295,5187.110149804562
2296,5193.871446789604
2297,5195.799779171501
2298,5193.405312347673
2299,5185.564931959534
2300,5172.644208808903
2301,5152.174409522307
2302,5125.210218094248
2303,5093.916186361707
2304,5059.562904130739
2305,5022.560251227144
2306,4983.50857952662
2307,4945.355422854961
2308,4907.816848789388
2309,4871.257750679195
2310,4834.512234368563
2311,4797.3307207879425
2312,4762.922667738326
2313,4730.298355660217
2314,4702.159693281832
2315,4679.368717922779
2316,4660.882596683874
2317,4646.716763421815
2318,4636.098940974835
2319,4625.574607906942
2320,4615.095504732871
2321,4604.9024106588495
2322,4594.032344031899
2323,4583.077796683193
2324,4573.257010126452
2325,4562.195284800075
2326,4550.980189927999
2327,4541.555164664515
2328,4533.141073430868
2329,4526.348895523026
2330,4520.582210950466
2331,4516.4340096155765
2332,4513.814374638198
2333,4512.246206971545
2334,4512.625334243902
2335,4518.332189500275
2336,4527.458569250431
2337,4535.398519633068
2338,4547.5198325060655
2339,4561.4947290229475
2340,4576.8609049990755
2341,4592.918491103034
2342,4608.815273311276
2343,4625.683421907229
2344,4643.153475234736
2345,4662.159043611386
2346,4683.58176006827
2347,4706.118936020572
2348,4729.671128664148
2349,4754.209128570862
2350,4776.926715510278
2351,4798.37164514698
2352,4820.107975508635
2353,4842.639362611515
2354,4864.451956015985
2355,4884.98267547727
2356,4905.491684032325
2357,4924.117314338105
2358,4940.941953002638
2359,4955.923053942884
2360,4969.903370608629
2361,4981.131910374791
2362,4988.714670160145
2363,4993.703655028131
2364,4995.274597531004
2365,4994.172338674869
2366,4990.9338147909475
2367,4986.698517045226
2368,4980.303037604065
2369,4971.927284451063
2370,4962.3841017086625
2371,4952.40649986058
2372,4941.337225164007
2373,4928.46937961655
2374,4914.385046089825
2375,4900.051143001084
2376,4885.701920975972
2377,4871.332400672241
2378,4857.203524847463
2379,4841.742862761165
2380,4825.270847272498
2381,4808.9922255465335
2382,4792.801807772514
2383,4778.210009555119
2384,4763.038422194396
2385,4747.895317736325
2386,4733.402928089581
2387,4719.365635334684
2388,4703.272075467827
2389,4687.0930106227715
2390,4674.4274677268195
2391,4663.455628614769
2392,4654.559510065534
2393,4648.986880335885
2394,4644.138692471091
2395,4643.0723747512275
2396,4641.129966257058
2397,4636.953086167935
2398,4627.560709120116
2399,4610.979853681392
2400,4589.980441835247
2401,4561.905878734268
2402,4529.7508781875695
2403,4494.492976621209
2404,4456.954563497797
2405,4418.8759662682205
2406,4380.670840190104
2407,4339.454517000725
2408,4296.81251100312
2409,4253.835940015105
2410,4211.164640555827
2411,4168.156343752173
2412,4129.013740161954
2413,4092.804676805814
2414,4060.117648865654
2415,4029.6164658239345
2416,3999.7018661347074
2417,3971.1201319600455
2418,3942.719573458811
2419,3915.879901044188
2420,3892.417637138095
2421,3871.7970564879984
2422,3852.608714621449
2423,3833.978656048757
2424,3815.5347661448095
2425,3798.102791225366
2426,3781.7535726933033
2427,3767.377393808946
2428,3755.4770882463754
2429,3748.2172372748128
2430,3746.3127755197374
2431,3747.772954793705
2432,3752.3595321175444
2433,3761.5779817825605
2434,3773.0848455463083
2435,3787.2326723334363
2436,3803.6986959353335
2437,3819.7759388819677
2438,3837.6839200904415
2439,3858.213842321862
2440,3879.499304848321
2441,3902.4035183223477
2442,3925.1933371022124
2443,3950.14328322751
2444,3974.959794676247
2445,3999.2324429517957
2446,4023.8665296016975
2447,4051.0637592259727
2448,4082.6348720721617
2449,4119.414745158294
2450,4163.242785828771
2451,4201.373181212086
2452,4247.080849993121
2453,4298.693091481249
2454,4351.39359102317
2455,4402.885426597697
2456,4451.294778371864
2457,4496.385920341347
2458,4536.644621220068
2459,4572.711255739394
2460,4604.610464521627
2461,4632.36821365304
2462,4656.033295814232
2463,4674.062650351627
2464,4685.550823063228
2465,4693.078205417434
2466,4697.405939580606
2467,4701.169965034489
2468,4701.982113115748
2469,4700.905020747789
2470,4697.977519537309
2471,4691.963539708469
2472,4683.346384127143
2473,4670.906494093358
2474,4654.940178069052
2475,4636.0001661573015
2476,4616.293385422837
2477,4595.522312986539
2478,4573.784072994187
2479,4550.247158508505
2480,4525.737139371725
2481,4500.795512728627
2482,4472.437082400689
2483,4447.277058172292
2484,4425.01516266183
2485,4408.664210300926
2486,4396.875058430066
2487,4388.099327725678
2488,4384.993850055682
2489,4383.362934465451
2490,4380.464743009079
2491,4377.532468789263
2492,4374.9087294684
2493,4370.355585301834
2494,4361.958011625585
2495,4350.564586760228
2496,4334.978842767346
2497,4318.804918299202
2498,4299.156644279671
2499,4273.710193064761
2500,4242.096262001101
2501,4203.153334954648
2502,4159.66622346332
2503,4114.06910260621
2504,4067.348010062979
2505,4020.0603169915366
2506,3973.996661696277
2507,3933.937961061954
2508,3899.0868915100937
2509,3866.4061785361873
2510,3838.9376759045454
2511,3815.727348587273
2512,3798.1077780509722
2513,3786.7775055742795
2514,3781.203920905511
2515,3780.146380481199
2516,3781.926437728512
2517,3785.325980981497
2518,3789.3487037090936
2519,3793.1592426745465
2520,3797.317020806878
2521,3801.3353132690822
2522,3805.8548089757255
2523,3810.5578437862623
2524,3817.8411282944726
2525,3826.4666524936556
2526,3838.125531714501
2527,3851.564284089139
2528,3866.4407819678763
2529,3880.7505284057816
2530,3894.113122080116
2531,3908.0235922421707
2532,3924.771400518095
2533,3943.093915932972
2534,3960.097573311795
2535,3977.5122378507162
2536,3990.9782906677283
2537,4003.6498413319396
2538,4013.255015558327
2539,4019.7198363289067
2540,4025.5216011303655
2541,4030.090186019433
2542,4031.94316239752
2543,4029.1620720362844
2544,4023.3599926997676
2545,4015.7620065567785
2546,4005.4419634569163
2547,3993.9792568481644
2548,3981.5384028355356
2549,3968.4357688125033
2550,3955.6288178515456
2551,3943.295008007839
2552,3933.0251231026655
2553,3926.2611391902915
2554,3919.705705180432
2555,3915.359562892852
2556,3914.4730475441397
2557,3913.440709849083
2558,3915.708875404948
2559,3922.0792010005657
2560,3934.0512362895615
2561,3948.094687401558
2562,3963.1378537535065
2563,3977.6743781551377
2564,3993.2067275282134
2565,4006.7198714827896
2566,4020.5886357061986
2567,4029.936714530576
2568,4033.7852730246095
2569,4035.3629030998986
2570,4034.0490382401495
2571,4028.3307507753466
2572,4020.518526298013
2573,4010.2286630474214
2574,3996.141033002847
2575,3980.258577679136
2576,3962.2029577266185
2577,3944.679568686299
2578,3924.4206780135423
2579,3902.595745288126
2580,3880.573762701826
2581,3859.110103011848
2582,3839.84954799976
2583,3822.4607360706273
2584,3805.5088201598123
2585,3788.533359749414
2586,3770.2036375010243
2587,3752.4552413997494
2588,3733.757150567745
2589,3715.9219872710837
2590,3698.2235153658444
2591,3678.7564514133983
2592,3657.8111890429514
2593,3634.639070095229
2594,3611.809394917363
2595,3587.439375931412
2596,3561.254037766527
2597,3533.8327465800844
2598,3508.085927563002
2599,3483.5545164549003
2600,3462.115318805054
2601,3442.238070566132
2602,3423.787545797788
2603,3405.396221336617
2604,3388.138335537277
2605,3371.6962050313796
2606,3358.3841894483608
2607,3350.4285222009144
2608,3345.962657451673
2609,3343.3871202131572
2610,3341.6618709910754
2611,3341.1764557453025
2612,3341.16012537595
2613,3341.9359407940883
2614,3343.660376410032
2615,3346.283627101362
2616,3348.683703163385
2617,3350.896049106068
2618,3354.1028773967637
2619,3359.7618924593057
2620,3370.7095386685473
2621,3388.139791130846
2622,3403.3041107730464
2623,3426.0432293308068
2624,3453.978964625108
2625,3486.6815504747424
2626,3524.105852227227
2627,3566.877033857136
2628,3614.8630416585333
2629,3667.0034649205363
2630,3722.2759397598224
2631,3780.2656684455897
2632,3839.8662198653915
2633,3901.1530503031863
2634,3964.800004927266
2635,4029.5804536354776
2636,4095.4368424127338
2637,4161.787418951854
2638,4227.853772972856
2639,4290.07409628521
2640,4349.073434120179
2641,4405.893011595639
2642,4459.29575380831
2643,4511.306853205082
2644,4561.335864032449
2645,4608.961646406058
2646,4653.443679452606
2647,4693.045815432315
2648,4730.273716146877
2649,4761.912960781915
2650,4787.765167566314
2651,4807.0208719444445
2652,4820.122195298201
2653,4828.827743713546
2654,4833.455855508677
2655,4833.138524167175
2656,4829.148996456109
2657,4821.436416401337
2658,4807.209310417287
2659,4790.72556569985
2660,4771.9015894831045
2661,4750.970187692793
2662,4728.877226420987
2663,4708.765141962249
2664,4687.678370790912
2665,4666.388270427752
2666,4643.756022210222
2667,4621.502227534771
2668,4599.362166161058
2669,4579.466079344392
2670,4561.597159277947
2671,4547.193755705117
2672,4535.541235995826
2673,4528.2059600323555
2674,4523.770697828136
2675,4520.110347817527
2676,4516.00306470967
2677,4509.920897097388
2678,4502.992809766172
2679,4496.965373788014
2680,4488.941922762339
2681,4476.482922486211
2682,4458.8369218988855
2683,4435.89821373941
2684,4406.58960881548
2685,4371.019912229861
2686,4327.521636801021
2687,4278.094071949675
2688,4223.103520594212
2689,4166.949047378248
2690,4106.717347028137
2691,4046.159514112471
2692,3984.5804812451506
2693,3921.5470668473276
2694,3858.729673847485
2695,3795.4372533083074
2696,3734.5054528553505
2697,3677.6200910422494
2698,3626.0457322239004
2699,3579.74944252444
2700,3537.2396697331933
2701,3498.1759645506836
2702,3464.452287672816
2703,3435.8014501669213
2704,3415.6719104223857
2705,3400.2589585837763
2706,3390.064956217665
2707,3386.0335255390733
2708,3387.4908928000345
2709,3391.4587829680418
2710,3400.1279668609277
2711,3412.6316311077308
2712,3427.5570807269914
2713,3446.890956898447
2714,3469.273469116883
2715,3495.2000119064423
2716,3526.0002991651786
2717,3558.3175330585386
2718,3593.1757127159976
2719,3630.3696577617616
2720,3670.463690432947
2721,3711.748853506258
2722,3753.175358883286
2723,3796.9855514597657
2724,3840.4264418820294
2725,3882.406700944692
2726,3923.010851317633
2727,3962.9667822628867
2728,4001.686279276061
2729,4037.6698964512257
2730,4071.0465425447555
2731,4102.354884395537
2732,4134.340350012808
2733,4167.651571174424
2734,4201.866910935479
2735,4241.249886374731
2736,4275.513075006881
2737,4315.387110830201
2738,4360.877545917742
2739,4409.458566918914
2740,4460.772822431494
2741,4514.561072478671
2742,4569.666962254991
2743,4626.378287534425
2744,4683.665212106846
2745,4740.192839097985
2746,4795.1056397699585
2747,4849.818950385655
2748,4906.4279593125075
2749,4962.9374704671845
2750,5019.630768366608
2751,5077.547510844352
2752,5135.842892338533
2753,5190.549314972204
2754,5242.202517528407
2755,5292.3833733506435
2756,5339.232241234872
2757,5383.598426518688
2758,5425.731614031723
2759,5463.784529466371
2760,5498.685915830428
2761,5528.907567677911
2762,5554.381056712765
2763,5575.590406878521
2764,5593.903472882364
2765,5608.417022014501
2766,5617.335490644067
2767,5622.637779710157
2768,5623.340401010862
2769,5617.333306470912
2770,5605.806530895459
2771,5590.1943242935795
2772,5571.155284092479
2773,5547.756649155214
2774,5520.4062561412375
2775,5491.083894742963
2776,5460.671015214269
2777,5428.512125355128
2778,5395.97860038178
2779,5360.106602177384
2780,5321.555310900481
2781,5283.582151923636
2782,5245.534151139801
2783,5207.9045052512865
2784,5171.403938924118
2785,5134.599643812222
2786,5099.4461442553575
2787,5064.731810359357
2788,5030.866290393039
2789,4996.952211492233
2790,4962.617173143904
2791,4932.158498596096
2792,4902.763619833778
2793,4877.19007531056
2794,4852.885596531828
2795,4830.011476004548
2796,4807.121056288222
2797,4785.335543086427
2798,4763.927358942467
2799,4743.394625246679
2800,4723.196465555007
2801,4705.96152252533
2802,4690.634812891134
2803,4676.479124894179
2804,4662.319966989815
2805,4647.79757675075
2806,4632.639623261118
2807,4616.875908135053
2808,4599.579635156148
2809,4582.98234461442
2810,4567.053568606673
2811,4549.393377463288
2812,4533.315711194176
2813,4516.844224887529
2814,4501.42283463822
2815,4488.075470505804
2816,4478.138268945882
2817,4471.4627698044205
2818,4467.613736473607
2819,4464.6995386803865
2820,4463.915389554558
2821,4465.0813788317455
2822,4468.4608994219025
2823,4474.590128656583
2824,4482.319215497006
2825,4491.998445747607
2826,4502.2856098583725
2827,4514.6596824778
2828,4527.991731813382
2829,4543.400582470104
2830,4560.798202641231
2831,4578.493623452456
2832,4593.6965716519035
2833,4606.819281889719
2834,4618.721306746655
2835,4631.3706836611855
2836,4644.989063441573
2837,4657.987052793848
2838,4672.409156730481
2839,4685.059748640723
2840,4695.661031458566
2841,4706.500710068243
2842,4713.7115988017795
2843,4717.316868881768
2844,4714.849389424394
2845,4708.403364582098
2846,4698.907484603054
2847,4686.641856180114
2848,4669.736270075016
2849,4649.866070811494
2850,4632.5789974522295
2851,4614.644319278799
2852,4594.527774970769
2853,4570.419610661765
2854,4542.362247890659
2855,4512.852694197977
2856,4483.392291140001
2857,4453.207956015022
2858,4422.530737994303
2859,4392.584378423296
2860,4364.305530866283
2861,4339.1538761909715
2862,4315.130049214655
2863,4293.226679809068
2864,4273.422391630446
2865,4253.523254143289
2866,4231.529378885794
2867,4211.1703584459765
2868,4189.932912890855
2869,4170.479344312973
2870,4153.724974798075
2871,4138.709845884864
2872,4124.192814624117
2873,4110.132476798921
2874,4097.576391829962
2875,4086.7670475390273
2876,4078.633785947708
2877,4074.437543222425
2878,4071.110565778432
2879,4069.707613319069
2880,4069.3607531281696
2881,4069.6595013135266
2882,4067.904853655749
2883,4067.0776019325876
2884,4065.6807550807057
2885,4063.745304969351
2886,4061.496656996102
2887,4056.4460575450967
2888,4048.3803154404395
2889,4039.7960575486036
2890,4028.384053938787
2891,4014.7674678056505
2892,3999.020918280746
2893,3983.6047895289344
2894,3969.2546579791792
2895,3957.519482810339
2896,3948.5558876249775
2897,3942.6160824248
2898,3938.9737962813215
2899,3938.2093731976934
2900,3941.182001170631
2901,3946.399535429674
2902,3954.8584842848218
2903,3964.6671111139676
2904,3977.209751202884
2905,3991.135469400494
2906,4008.1535763686725
2907,4022.9593294309875
2908,4039.3837531889058
2909,4058.525610924772
2910,4078.1324264649033
2911,4100.736968229001
2912,4123.765265920342
2913,4147.417355875013
2914,4172.413086533015
2915,4197.072903639573
2916,4220.300331113028
2917,4242.618662171182
2918,4263.917509720664
2919,4283.58189546635
2920,4301.20515675719
2921,4317.870661910851
2922,4333.412955179643
2923,4348.5257440037885
2924,4363.201195906986
2925,4376.702575281288
2926,4388.918775808084
2927,4398.4018849940385
2928,4406.331733121189
2929,4412.399599547298
2930,4414.842332565151
2931,4415.051030796224
2932,4416.545712347386
2933,4417.601891501514
2934,4419.64576328303
2935,4422.236579284538
2936,4425.30973023695
2937,4431.932439493348
2938,4440.784812886838
2939,4452.492619097087
2940,4465.589137031107
2941,4480.1624307292695
2942,4495.227898215768
2943,4507.838204787287
2944,4520.796221341452
2945,4534.107752586589
2946,4546.400545589916
2947,4560.081522494214
2948,4574.33449692234
2949,4586.31571721952
2950,4596.151654334388
2951,4605.266268635531
2952,4610.671801380592
2953,4613.503956719968
2954,4612.374168560734
2955,4608.154236575734
2956,4602.15325356101
2957,4594.767293604003
2958,4585.725773353831
2959,4576.797025274421
2960,4567.14772423669
2961,4555.749151215987
2962,4543.951822852996
2963,4531.29579777528
2964,4520.285055957667
2965,4509.23256616777
2966,4498.853434220705
2967,4488.399363897728
2968,4479.569262772736
2969,4470.041508694794
2970,4461.625769588947
2971,4455.814228362632
2972,4452.5162503081465
2973,4452.525370726997
2974,4452.6181948011335
2975,4455.062346739633
2976,4458.657646924384
2977,4464.0255651781745
2978,4470.465156630513
2979,4478.007075578428
2980,4486.151377082154
2981,4494.6914402131
2982,4501.023383959294
2983,4506.418756074953
2984,4512.45317941717
2985,4520.733853328253
2986,4532.312509427862
2987,4545.36529996576
2988,4559.4663688041155
2989,4576.164754550311
2990,4593.662548459399
2991,4611.288737308762
2992,4631.689277010219
2993,4654.593553086061
2994,4680.213671837723
2995,4708.135908606542
2996,4735.893892226176
2997,4763.034129544373
2998,4787.677241794661
2999,4811.968227766
3000,4835.279058272825
3001,4856.543299946053
3002,4876.5119124112425
3003,4896.099560775945
3004,4913.359326475205
3005,4926.831030761393
3006,4936.078524961615
3007,4941.082682062708
3008,4941.241335841771
3009,4938.028946217566
3010,4930.18897257932
3011,4917.520661709541
3012,4902.147922361334
3013,4885.276992251184
3014,4866.064486586296
3015,4845.247044574534
3016,4821.890992151846
3017,4796.531844943499
3018,4768.316973124363
3019,4737.332085613213
3020,4703.132250848188
3021,4673.378394602617
3022,4638.7347086395985
3023,4600.894601728409
3024,4561.6503523169895
3025,4524.108954781412
3026,4488.121356907569
3027,4453.906382983822
3028,4422.648771891554
3029,4393.130322791565
3030,4365.263232331397
3031,4338.987775176096
3032,4314.580853387759
3033,4291.200791400628
3034,4268.855311146051
3035,4248.006527775897
3036,4226.552330378461
3037,4205.025591781215
3038,4182.732299700313
3039,4161.2366743534585
3040,4137.727113409828
3041,4110.083458988934
3042,4080.850534470826
3043,4050.855944835238
3044,4018.233517831318
3045,3983.885340970462
3046,3948.4839275807517
3047,3912.600719774207
3048,3876.9804905081855
3049,3842.381319896251
3050,3810.1293743242263
3051,3780.4814436627544
3052,3751.626089786589
3053,3724.816729475872
3054,3699.6800425509923
3055,3673.3007733657537
3056,3650.7275404883553
3057,3631.199397444239
3058,3614.17329620226
3059,3602.805198317029
3060,3595.0394421593337
3061,3590.431269947672
3062,3590.426075263071
3063,3596.221861959369
3064,3605.878506846469
3065,3620.569849090488
3066,3639.850466026452
3067,3663.20409330853
3068,3691.502177193415
3069,3726.3631309773014
3070,3766.6003946671804
3071,3810.904897549077
3072,3860.1429171376144
3073,3911.051576991644
3074,3961.0661254888955
3075,4007.512159040306
3076,4051.238219280858
3077,4090.687285128441
3078,4125.007972415839
3079,4154.283040203635
3080,4180.103449051395
3081,4203.55846029571
3082,4222.500748200714
3083,4240.471335989146
3084,4255.687717170169
3085,4268.389953449201
3086,4280.15815562877
3087,4291.020195180079
3088,4299.106051349167
3089,4305.8198720238115
3090,4311.167657825928
3091,4314.7954126125405
3092,4318.180388354044
3093,4320.95577352657
3094,4323.665462987739
3095,4325.989923954182
3096,4328.5993472910895
3097,4330.002347840178
3098,4330.02847353974
3099,4327.597373472418
3100,4321.398319999712
3101,4312.874318936777
3102,4301.304238940701
3103,4288.206327335872
3104,4274.352966807885
3105,4259.899625268067
3106,4243.705686633062
3107,4227.634685857116
3108,4211.1912177494005
3109,4193.4428075565465
3110,4174.540887594267
3111,4154.682202022573
3112,4132.169069849491
3113,4106.310757615193
3114,4078.5312436251456
3115,4047.6170929894292
3116,4013.076522651844
3117,3978.5488578150052
3118,3942.1265928495413
3119,3902.9021162502695
3120,3862.8095484509845
3121,3821.689604622646
3122,3780.4546665844296
3123,3738.496420447197
3124,3695.7857848444373
3125,3653.300110547943
3126,3610.498017841985
3127,3566.3796917423006
3128,3523.1992294839224
3129,3480.5851759802576
3130,3442.5088363799846
3131,3406.805529199535
3132,3374.683079661619
3133,3345.099784584736
3134,3319.0235717775654
3135,3296.337266635327
3136,3277.691507460084
3137,3262.0132288476134
3138,3247.6345564656694
3139,3232.644709106907
3140,3216.505584981919
3141,3201.256600807132
3142,3186.8881066945105
3143,3172.2937707238884
3144,3158.3291031394706
3145,3146.357680369817
3146,3133.2805661951024
3147,3120.03674680513
3148,3108.299738462755
3149,3096.6259156551487
3150,3084.187197467609
3151,3073.7019555568945
3152,3061.431186109085
3153,3050.2805646095203
3154,3041.52477914123
3155,3036.4810244647715
3156,3035.186155772628
3157,3035.2352551192675
3158,3037.852286610367
3159,3041.432485971976
3160,3043.9635672258455
3161,3048.928515236159
3162,3055.132443384097
3163,3060.08490972959
3164,3063.1306893562805
3165,3065.852192313487
3166,3069.204572000868
3167,3072.8033186694447
3168,3077.196303538559
3169,3083.648223625895
3170,3091.25356459312
3171,3098.780874256248
3172,3106.6152988200392
3173,3115.040369572398
3174,3124.3915328368344
3175,3135.6059322453507
3176,3148.2422477460495
3177,3163.372203339393
3178,3181.188032849896
3179,3201.172125243608
3180,3223.3939594861076
3181,3247.9101263200723
3182,3271.933347268252
3183,3295.3635961596515
3184,3317.9789987226823
3185,3342.1290732360767
3186,3370.6014353703263
3187,3398.937339759799
3188,3431.217483934638
3189,3466.5222627492462
3190,3503.372335879351
3191,3546.6825312253754
3192,3584.362401176417
3193,3628.369506661163
3194,3678.1271228172172
3195,3731.187400553489
3196,3786.901695635663
3197,3843.1947441874345
3198,3897.041836039153
3199,3951.3064979630494
3200,4001.283651918816
3201,4049.800746892885
3202,4094.131359903681
3203,4134.605354909499
3204,4171.427082753771
3205,4201.450359573527
3206,4225.434952139247
3207,4245.286151717095
3208,4261.519853612486
3209,4272.736120566649
3210,4283.228036263095
3211,4291.651625831441
3212,4296.077060171829
3213,4301.939773209852
3214,4308.064734643997
3215,4314.3765794698975
3216,4322.407401716373
3217,4331.489077529878
3218,4338.600811245963
3219,4342.707169043324
3220,4346.026106082198
3221,4344.630753273343
3222,4336.547072048114
3223,4327.1432636126165
3224,4314.353953230448
3225,4298.900199539104
3226,4280.477724479192
3227,4261.1938426592205
3228,4241.299597730845
3229,4222.546090508239
3230,4202.308190904705
3231,4182.246375291012
3232,4161.50934289864
3233,4138.029079343082
3234,4115.37344849666
3235,4094.05944185398
3236,4072.0652334062975
3237,4050.6534047916143
3238,4032.7577096436307
3239,4016.696094119048
3240,3999.4653963802634
3241,3981.849917225807
3242,3965.410497123468
3243,3952.5030438812714
3244,3941.076432444727
3245,3930.794572232045
3246,3924.6164624822995
3247,3922.662417539145
3248,3924.3544392577137
3249,3925.8264981528687
3250,3928.5562371268743
3251,3934.981474491427
3252,3942.9566134174142
3253,3947.3738858155534
3254,3946.6362408919927
3255,3945.9978751976864
3256,3943.689412566735
3257,3941.813655475642
3258,3941.347989673034
3259,3939.930317054491
3260,3937.487117685916
3261,3933.3469843702173
3262,3927.9891739478944
3263,3922.85245465229
3264,3916.4751783906627
3265,3910.435093405809
3266,3904.082433971656
3267,3896.0759049228036
3268,3888.686853923256
3269,3880.0669214019154
3270,3871.165928715517
3271,3863.7810073764313
3272,3858.9209749987267
3273,3856.682851306901
3274,3857.7143836648484
3275,3863.2640296212717
3276,3877.2251149470144
3277,3895.649135683968
3278,3917.094097210326
3279,3938.5440278503047
3280,3961.58405534417
3281,3986.874334295309
3282,4013.9011806795857
3283,4043.1838193355375
3284,4077.577133419511
3285,4112.935447665234
3286,4149.502300376689
3287,4186.289916741293
3288,4223.179883093346
3289,4260.240516341411
3290,4299.689855998606
3291,4339.680857323776
3292,4377.579167638165
3293,4414.986852116445
3294,4450.017174840129
3295,4482.4463990872855
3296,4512.438776536239
3297,4538.330339939651
3298,4559.278908043475
3299,4575.0070038430895
3300,4587.05926841117
3301,4595.399680800854
3302,4603.7597671151
3303,4614.676978359269
3304,4625.965240802116
3305,4642.984315287482
3306,4657.7909100897505
3307,4677.6976557342905
3308,4698.876196455336
3309,4720.179709791003
3310,4740.719027951783
3311,4759.4921736406395
3312,4775.45042571206
3313,4786.627136196892
3314,4793.607517222278
3315,4802.717733680369
3316,4812.19246410413
3317,4821.182168804041
3318,4827.012921626429
3319,4829.48662397454
3320,4830.294113539942
3321,4829.940450023626
3322,4828.097981619705
3323,4825.182061840207
3324,4822.630819732019
3325,4820.44766736704
3326,4818.2526679896055
3327,4814.770822556895
3328,4808.576901826565
3329,4800.763043163539
3330,4794.21137136783
3331,4790.815948607691
3332,4788.451422536548
3333,4788.878199813588
3334,4792.627696415992
3335,4794.314982384637
3336,4792.182556772838
3337,4786.176949400686
3338,4772.71322365276
3339,4754.732573268802
3340,4738.354463389433
3341,4723.961382305091
3342,4710.813089114129
3343,4697.941692632065
3344,4684.622673135574
3345,4670.874856617429
3346,4653.277236029992
3347,4630.773710221148
3348,4605.498844923362
3349,4580.343382972692
3350,4551.802655002595
3351,4522.459685551939
3352,4492.491826770438
3353,4462.631331299191
3354,4430.002894161407
3355,4398.286186669495
3356,4362.981523365053
3357,4326.655734937205
3358,4291.17500273555
3359,4258.621227863544
3360,4230.406358155451
3361,4204.800243182331
3362,4182.0516482321555
3363,4162.260370625504
3364,4145.798612968451
3365,4131.972889936068
3366,4119.663209673533
3367,4102.754373531316
3368,4088.119261941693
3369,4073.1298506873613
3370,4055.3358594435404
3371,4036.9168896793153
3372,4016.459825932618
3373,3997.4867322851806
3374,3980.3172850261635
3375,3966.976155866859
3376,3954.706815633451
3377,3942.5769698918307
3378,3930.9383961315298
3379,3915.9967106472727
3380,3899.642362547705
3381,3879.2404601654816
3382,3855.3460040858154
3383,3832.3202890570897
3384,3806.069285359929
3385,3778.472409555791
3386,3749.7141854912707
3387,3721.644786091994
3388,3692.5742377577208
3389,3666.0806575176725
3390,3644.2087810875214
3391,3624.9827057947155
3392,3604.5529252789283
3393,3582.433136611116
3394,3558.604282343389
3395,3534.434792656782
3396,3510.839474932061
3397,3489.5618601357423
3398,3469.3022111419455
3399,3450.349578380217
3400,3434.6817619438157
3401,3423.570014458501
3402,3415.712244180758
3403,3413.362933868084
3404,3415.6983373855364
3405,3419.5635215299635
3406,3429.2022130763285
3407,3442.0024340193754
3408,3456.2962883856094
3409,3471.3138317831567
3410,3486.479267510645
3411,3501.3281096678643
3412,3517.4062354067687
3413,3534.9486827177893
3414,3552.8609254816365
3415,3573.4989997581993
3416,3595.7581405291767
3417,3619.192252867563
3418,3645.9891561124214
3419,3674.117026858927
3420,3698.588274408388
3421,3726.5196150860565
3422,3756.666584486463
3423,3786.028878813031
3424,3814.0549493552708
3425,3841.023347683877
3426,3866.5969845421096
3427,3890.5935657536525
3428,3915.616497682991
3429,3940.8134434235667
3430,3964.897523347331
3431,3988.674434863427
3432,4009.9232702102886
3433,4028.8675779806968
3434,4045.786318185689
3435,4063.759650084218
3436,4082.4955837541243
3437,4101.270507264865
3438,4121.2939907023065
3439,4141.541041583703
3440,4162.475071803057
3441,4183.086951077861
3442,4202.513876139137
3443,4219.595268601301
3444,4237.108863611734
3445,4255.109807273624
3446,4274.599199682334
3447,4293.1550494601815
3448,4310.9209616988655
3449,4329.788043939467
3450,4347.936123944391
3451,4362.501890431005
3452,4376.845951345886
3453,4389.127871377069
3454,4399.582834229386
3455,4407.066406544032
3456,4412.967046005306
3457,4416.679549172188
3458,4417.245223537662
3459,4417.957910434167
3460,4416.059395258062
3461,4412.488133291249
3462,4407.560097415278
3463,4399.339065358433
3464,4387.747500271591
3465,4374.46111081886
3466,4358.396470661688
3467,4338.457425230835
3468,4314.975957318296
3469,4288.456890457265
3470,4257.702182778656
3471,4223.093066268768
3472,4188.266213142087
3473,4156.287086774471
3474,4129.555480118419
3475,4104.470500541131
3476,4085.960211971869
3477,4069.856260916611
3478,4058.2514197166165
3479,4050.64975415002
3480,4043.3366066817966
3481,4037.4203511295113
3482,4030.379636981161
3483,4020.3068540560407
3484,4007.6407410065553
3485,3992.2796913686625
3486,3975.158504698375
3487,3958.0039701232
3488,3941.941319271268
3489,3925.350435424596
3490,3908.3423767789154
3491,3894.5117201238963
3492,3882.935200980417
3493,3874.1251017326845
3494,3869.5668133514105
3495,3866.8143606221183
3496,3866.430177595912
3497,3866.9816323441123
3498,3867.1745199784555
3499,3869.625711993412
3500,3874.1748834959467
3501,3880.472101581293
3502,3887.4615492050802
3503,3895.5346473847612
3504,3904.4504121880477
3505,3914.066130571769
3506,3924.794094263229
3507,3934.018628201279
3508,3943.5849018067797
3509,3951.072771959817
3510,3957.4986197320036
3511,3963.8732658655576
3512,3970.057822941757
3513,3977.366522996075
3514,3987.0943281339355
3515,3994.1551918273553
3516,4001.0276222633242
3517,4005.146693954422
3518,4008.8059963837754
3519,4011.0451240936072
3520,4012.0924510853774
3521,4011.6114698489787
3522,4010.116065178287
3523,4006.9251212147724
3524,4001.4811626791316
3525,3991.3446615858884
3526,3977.658858987678
3527,3958.160551110738
3528,3932.695496512851
3529,3904.974425857947
3530,3877.789156041747
3531,3850.3028279095342
3532,3822.39903290672
3533,3797.667414414494
3534,3776.1509063262574
3535,3756.7224315125763
3536,3741.1969999730277
3537,3731.88691034765
3538,3729.9419936879904
3539,3734.5144613791526
3540,3747.114345120848
3541,3768.7406625966014
3542,3793.606595570919
3543,3823.4097751960244
3544,3852.7913486127636
3545,3883.7164230693497
3546,3915.505646979262
3547,3951.342169464183
3548,3989.016232437665
3549,4026.9042789928017
3550,4063.82698970286
3551,4097.823716921355
3552,4127.706122103217
3553,4151.789555148585
3554,4171.875585152911
3555,4191.751027313012
3556,4208.924399348407
3557,4226.6367994681605
3558,4242.554639775995
3559,4254.286303130109
3560,4262.670848631605
3561,4266.561555802451
3562,4268.068322251221
3563,4269.462396742241
3564,4270.320876479229
3565,4269.777523077316
3566,4267.962699147971
3567,4262.878563639808
3568,4254.081533791914
3569,4244.829304824797
3570,4234.563979372048
3571,4220.943738195201
3572,4207.651050910618
3573,4193.468704616486
3574,4182.1989841992
3575,4173.136283250263
3576,4166.7537721719655
3577,4162.364151565794
3578,4159.634082853877
3579,4158.051111022681
3580,4158.036645316635
3581,4158.467518818662
3582,4160.236529135855
3583,4164.773360823554
3584,4170.986724955717
3585,4178.498289626838
3586,4185.132195298516
3587,4189.823926969817
3588,4188.735564363401
3589,4181.134561614076
3590,4164.501433112366
3591,4150.030611315879
3592,4125.419198677673
3593,4093.5275927562543
3594,4058.4334438687606
3595,4023.7673673361983
3596,3990.1655395112966
3597,3960.4427483876216
3598,3935.8116743861083
3599,3913.6118006534257
3600,3893.8837635720015
3601,3878.8455135744894
3602,3867.109079790635
3603,3859.0473555128583
3604,3853.837777061904
3605,3851.75438599008
3606,3852.2263235205814
3607,3853.0609476812106
3608,3850.8781233711243
3609,3847.3794544766897
3610,3842.450069852806
3611,3836.571079252161
3612,3828.3921804460297
3613,3818.673972014065
3614,3809.571009668481
3615,3799.877292123128
3616,3789.235881961606
3617,3780.0829507401777
3618,3772.5035865794403
3619,3765.2149993123667
3620,3760.3857822508276
3621,3758.190247728809
3622,3755.9428930520025
3623,3753.9353351803557
3624,3754.2081058954386
3625,3756.244197784985
3626,3760.584463780762
3627,3765.1173086219383
3628,3769.0129387913526
3629,3772.4698869418166
3630,3777.125246882865
3631,3786.1199428810123
3632,3798.6158162744664
3633,3816.1701326452962
3634,3840.3980620136317
3635,3868.8052097177
3636,3901.7372880539965
3637,3936.2777366566947
3638,3973.604632491745
3639,4016.716035922095
3640,4063.622736501301
3641,4113.631733074632
3642,4168.111597514088
3643,4226.98790638503
3644,4286.187606260628
3645,4343.530760095429
3646,4397.671150448918
3647,4445.957389858209
3648,4487.966418144294
3649,4527.890700576134
3650,4564.749346017028
3651,4596.096114580993
3652,4624.336537392211
3653,4649.541775911803
3654,4671.475312706081
3655,4689.456375094959
3656,4705.014812477311
3657,4721.257596076279
3658,4737.695132189134
3659,4756.4326701326945
3660,4776.982811411008
3661,4797.90402769982
3662,4821.49073217876
3663,4847.816502105531
3664,4877.062283972787
3665,4908.362173225786
3666,4942.77022955692
3667,4979.934753865409
3668,5016.928644296327
3669,5051.934357482283
3670,5085.652894296535
3671,5119.058632518037
3672,5152.9083662533385
3673,5190.304197782399
3674,5228.093541212511
3675,5264.962674451648
3676,5303.052619916096
3677,5337.396585158788
3678,5369.5751634777125
3679,5397.787727318387
3680,5424.346654067801
3681,5447.821870341833
3682,5467.170335915564
3683,5485.342185580029
3684,5499.61775352157
3685,5509.748542580147
3686,5516.364596801472
3687,5520.228641421104
3688,5521.431937334108
3689,5520.403633832937
3690,5516.424067834101
3691,5509.298764967131
3692,5498.985819104567
3693,5485.252019590605
3694,5466.39604001519
3695,5443.530130268287
3696,5418.057319656632
3697,5387.689952126255
3698,5354.180886922857
3699,5317.034131633308
3700,5275.516418148187
3701,5232.330688450803
3702,5185.176393890559
3703,5134.74335361281
3704,5082.842799554904
3705,5037.689317524525
3706,4988.700689188574
3707,4939.560839490484
3708,4890.901169710974
3709,4840.715067987768
3710,4789.378901795879
3711,4738.655112345659
3712,4687.284167104827
3713,4637.630016026806
3714,4586.41119268869
3715,4535.549845244436
3716,4484.197236351493
3717,4433.120984403404
3718,4383.585862919681
3719,4337.088900085601
3720,4292.14805767786
3721,4248.470664662684
3722,4208.019553136132
3723,4167.690897928645
3724,4126.966062031771
3725,4085.062141399322
3726,4042.596318201212
3727,4000.252001910879
3728,3959.40474388728
3729,3915.4702710563506
3730,3871.29114197514
3731,3823.504109678799
3732,3775.038331443759
3733,3726.57858349415
3734,3677.6400018705795
3735,3628.9022533462585
3736,3583.2769332893436
3737,3541.2919081069826
3738,3503.7244209021706
3739,3470.540384049862
3740,3441.8947042501195
3741,3420.580384030956
3742,3402.363206871022
3743,3390.5676242537593
3744,3385.8147180949713
3745,3385.8511035760766
3746,3389.7082561717693
3747,3398.5170389395803
3748,3413.0868857521755
3749,3431.751130676673
3750,3453.1292751736655
3751,3476.6909579261883
3752,3505.110251515434
3753,3536.298740549069
3754,3568.859646915203
3755,3603.4957405231266
3756,3641.42913500661
3757,3684.697333275973
3758,3728.0449168156497
3759,3771.1713093328735
3760,3812.3596392547993
3761,3853.963055937196
3762,3890.158028450881
3763,3925.8289745334882
3764,3956.896757843136
3765,3983.4724185698633
3766,4006.941369528914
3767,4027.2253680682225
3768,4043.4569444833783
3769,4053.8318991822202
3770,4061.910542009753
3771,4064.022813615175
3772,4061.2077535209087
3773,4051.407353055669
3774,4037.4011779993702
3775,4021.499449747373
3776,4002.9045986411197
3777,3983.546648306198
3778,3961.935393989919
3779,3942.914368516915
3780,3927.6107904553437
3781,3915.84563279151
3782,3905.772386054513
3783,3894.4479592953885
3784,3882.654717820211
3785,3870.5468779554176
3786,3857.8597037334234
3787,3844.354200377654
3788,3832.9910893666215
3789,3820.46254113864
3790,3807.332587787356
3791,3791.336465065236
3792,3772.4541821513367
3793,3750.238076470202
3794,3726.6243398678366
3795,3698.9323306749466
3796,3671.163660446325
3797,3641.1794638666706
3798,3609.1498306206026
3799,3575.6100539673785
3800,3540.99004960631
3801,3507.237427752062
3802,3471.974144275685
3803,3437.4814954691797
3804,3401.476740366871
3805,3366.449551011726
3806,3333.234767359579
3807,3302.305690097709
3808,3273.040050973507
3809,3245.2458459081445
3810,3217.9829334451897
3811,3191.4009596253613
3812,3164.465251037821
3813,3137.282024028379
3814,3110.3997597129446
3815,3087.2944563367023
3816,3065.9992624626693
3817,3044.130519826922
3818,3026.8475427374024
3819,3011.8113526695206
3820,3000.462015255891
3821,2988.706829524529
3822,2977.143790981672
3823,2966.455621951933
3824,2955.1452249706804
3825,2942.7784869357583
3826,2930.984381569734
3827,2918.038600761492
3828,2908.621629664526
3829,2901.1860900738934
3830,2895.9044896480073
3831,2893.8155641737394
3832,2892.616258156335
3833,2891.922035543675
3834,2894.2770819673133
3835,2899.126174056529
3836,2903.268927213623
3837,2910.2613404615227
3838,2920.4190140682904
3839,2933.889899289409
3840,2949.2992374826367
3841,2966.1624719877636
3842,2982.053555349241
3843,2997.087055020053
3844,3013.235032413953
3845,3028.241491254205
3846,3043.4598982296234
3847,3058.770616256467
3848,3074.1743062810333
3849,3090.847360345758
3850,3108.6429602181975
3851,3129.4635454608565
3852,3150.627151178551
3853,3171.2882411969335
3854,3194.5318679943116
3855,3218.8348538009336
3856,3245.8610025791386
3857,3272.0707227892344
3858,3300.478683680431
3859,3331.5704236681345
3860,3361.906522486499
3861,3390.7042843931
3862,3418.7672136994834
3863,3446.953417143973
3864,3474.9706394334985
3865,3501.81681277297
3866,3530.054848396927
3867,3558.259614058703
3868,3584.899191387258
3869,3609.5136559276207
3870,3633.216667348416
3871,3657.6889147813886
3872,3682.017986958422
3873,3706.4497437678874
3874,3733.714684647487
3875,3765.61917070626
3876,3793.3760735773917
3877,3824.4111280880015
3878,3859.0846465018717
3879,3896.529397464292
3880,3936.107225476546
3881,3976.2888045819964
3882,4016.505930226782
3883,4055.636992176503
3884,4094.619360228597
3885,4132.18450116508
3886,4167.420425464832
3887,4198.864446769462
3888,4226.566163705468
3889,4250.987156501651
3890,4274.192181125831
3891,4295.274720969078
3892,4315.842415484948
3893,4335.543500556533
3894,4353.852341344584
3895,4373.238168730505
3896,4392.400036930536
3897,4412.551121217211
3898,4436.112132085202
3899,4459.549506803919
3900,4485.64676445694
3901,4513.58728172896
3902,4541.52119509995
3903,4568.447771766444
3904,4594.853112774263
3905,4620.044969367321
3906,4645.295851510647
3907,4669.634802020464
3908,4693.377510773737
3909,4715.035305891595
3910,4736.0221139045725
3911,4756.647468170293
3912,4776.366262489659
3913,4794.26528513613
3914,4810.487585516929
3915,4826.70675091793
3916,4843.354097788951
3917,4858.141106014274
3918,4872.719516190231
3919,4884.760504145058
3920,4894.2757009800425
3921,4901.274440722112
3922,4905.857758886816
3923,4909.418917329021
3924,4913.585201066154
3925,4917.877992706707
3926,4922.549273712979
3927,4927.014124075546
3928,4929.859631209986
3929,4932.900483487119
3930,4935.336634073376
3931,4936.852497943844
3932,4939.0398015981855
3933,4940.942755777462
3934,4943.562623546329
3935,4945.421171796776
3936,4945.66071421405
3937,4942.9074798343
3938,4937.667129240058
3939,4928.918001564536
3940,4917.272603507023
3941,4900.3733963619225
3942,4880.240901843507
3943,4857.775731899213
3944,4833.978930764886
3945,4808.546933212213
3946,4779.127043227571
3947,4749.637142394994
3948,4720.241835151221
3949,4692.199284735663
3950,4664.342964385216
3951,4636.719176716658
3952,4610.155732290438
3953,4583.908248239427
3954,4560.5137240990925
3955,4536.949940417068
3956,4514.171739948893
3957,4492.141727623974
3958,4470.250345599165
3959,4444.517257522607
3960,4419.8539690325715
3961,4395.066084902845
3962,4370.130745853647
3963,4345.196063564566
3964,4323.100140306503
3965,4303.288300358096
3966,4285.12144233824
3967,4269.534625099635
3968,4256.958109148807
3969,4248.559392053805
3970,4240.537264307373
3971,4234.839862789519
3972,4232.665657866396
3973,4229.674356023079
3974,4227.606623537607
3975,4227.502835382349
3976,4227.319047365315
3977,4224.574806447399
3978,4218.324153616897
3979,4210.8240319556735
3980,4201.631606485759
3981,4192.700677321486
3982,4187.896153257134
3983,4184.441785042833
3984,4183.6894660207645
3985,4181.828523992422
3986,4178.329483246101
3987,4177.227363570388
3988,4182.247405486971
3989,4192.71130003002
3990,4201.814888282473
3991,4216.299789927075
3992,4237.987105533607
3993,4263.275483218089
3994,4293.418120315475
3995,4325.1088542635525
3996,4356.821956097691
3997,4389.034163111422
3998,4419.9346978825
3999,4453.27896476972
4000,4482.967955413859
4001,4511.55306114157
4002,4539.3119478328
4003,4564.388766950039
4004,4589.660415030886
4005,4613.612179374492
4006,4634.290572554683
4007,4654.49208052917
4008,4674.954311739006
4009,4696.583577256271
4010,4718.667779249749
4011,4741.6055314826235
4012,4764.233543428076
4013,4786.6007956478825
4014,4806.182978685358
4015,4819.907149726514
4016,4829.108942097134
4017,4834.829411548397
4018,4837.120816661101
4019,4833.916036223417
4020,4825.699316307205
4021,4815.987505712394
4022,4801.918485720763
4023,4786.075401745976
4024,4767.248809093405
4025,4745.959645776994
4026,4723.052928930658
4027,4700.07611150101
4028,4678.45627946517
4029,4657.538534202065
4030,4638.7444909103315
4031,4618.0529284619915
4032,4594.497544039417
4033,4570.338270189211
4034,4543.104264591177
4035,4515.504861891789
4036,4486.06758350443
4037,4454.704639438675
4038,4420.234290568428
4039,4383.17298027438
4040,4342.72307566156
4041,4298.521995675011
4042,4250.75747149506
4043,4200.973609420061
4044,4150.104593734755
4045,4097.18297314999
4046,4044.6911717671355
4047,3999.023304564052
4048,3952.630349907953
4049,3904.7598979474046
4050,3857.532621141129
4051,3810.403320328194
4052,3764.2812094945753
4053,3717.6612649785798
4054,3672.0667305957736
4055,3625.9663707249724
4056,3577.943246390157
4057,3530.4185265939914
4058,3484.2475752062055
4059,3439.5025437597706
4060,3394.6817137003113
4061,3351.129606138937
4062,3308.672636978795
4063,3266.5755302218076
4064,3225.47007455985
4065,3185.9375670145046
4066,3147.714419235175
4067,3109.267894689708
4068,3072.8491235187544
4069,3036.804383674541
4070,3002.9996956769505
4071,2969.968212749967
4072,2935.834801948432
4073,2900.3261105005677
4074,2865.9681006941228
4075,2832.170646890238
4076,2798.0061357941304
4077,2764.058780639708
4078,2729.5131935164795
4079,2695.9533634438576
4080,2662.121577853958
4081,2627.6546368602753
4082,2596.3570595267674
4083,2567.2438729467067
4084,2541.630043503966
4085,2519.882566568774
4086,2503.3429743959514
4087,2493.564538221437
4088,2490.416217883706
4089,2491.8203141983736
4090,2497.8416080503075
4091,2507.865568130802
4092,2520.8183284481265
4093,2538.0241959198124
4094,2560.5081546299343
4095,2587.8068591714264
4096,2620.8152628120156
4097,2659.1309190318775
4098,2702.0137186893166
4099,2750.5493021322386
4100,2802.659360364662
4101,2859.8121084936597
4102,2920.160522638989
4103,2983.41398312363
4104,3038.4444937452677
4105,3095.9089679714457
4106,3153.5695552315574
4107,3210.913020522211
4108,3266.7029442283756
4109,3319.3316801542937
4110,3367.845977574008
4111,3411.4015281863167
4112,3451.3290581715128
4113,3487.483609194144
4114,3517.953402426639
4115,3541.914688817153
4116,3561.9113568894963
4117,3577.9418873997943
4118,3593.7011731031325
4119,3607.9093405805097
4120,3621.7592528493715
4121,3636.352564706466
4122,3649.67239043249
4123,3664.4355382323806
4124,3679.9135159071457
4125,3697.0812788447647
4126,3714.5943101654475
4127,3732.3155654609104
4128,3751.512152386457
4129,3770.3073624042936
4130,3789.645337075627
4131,3809.7100428747203
4132,3829.818757007897
4133,3849.286783033064
4134,3865.8552302465523
4135,3876.96702435283
4136,3885.207971433425
4137,3889.3558541988973
4138,3889.402369845078
4139,3883.612924435433
4140,3873.6551396517143
4141,3858.5109372144934
4142,3837.6255768038936
4143,3813.4619731138305
4144,3783.385507631523
4145,3750.353129656316
4146,3714.601222721312
4147,3674.732831943912
4148,3632.6224786915627
4149,3589.551775979448
4150,3544.5758808827704
4151,3498.1702354039317
4152,3451.459775566128
4153,3405.899272076451
4154,3360.163106178486
4155,3316.0910047525817
4156,3274.4075283435204
4157,3238.188803690725
4158,3206.1482360312975
4159,3179.8734294122564
4160,3160.157998881744
4161,3143.005574320199
4162,3133.237697481519
4163,3129.2215921384736
4164,3129.6994734759182
4165,3136.738332418676
4166,3149.6228496243407
4167,3165.3203414690147
4168,3184.621333634006
4169,3205.4825088417256
4170,3228.0910532857934
4171,3251.5363277751067
4172,3277.1134801108315
4173,3302.8454018476054
4174,3330.4659408257844
4175,3359.850103791817
4176,3391.1643194698577
4177,3422.939902358099
4178,3453.7474506524904
4179,3482.4100603077995
4180,3511.9038915428036
4181,3539.540458591082
4182,3566.2358827701105
4183,3590.5122556569313
4184,3613.7217979798893
4185,3632.6521812738106
4186,3650.5587622136436
4187,3669.0786379473816
4188,3689.6258105503202
4189,3712.1721983266084
4190,3734.3013179030504
4191,3757.8115173854685
4192,3781.1309888967553
4193,3805.147120029531
4194,3828.1745780469487
4195,3851.5259217939783
4196,3878.4314319646796
4197,3907.187500212863
4198,3937.246576364567
4199,3965.3718059033476
4200,3993.865239963288
4201,4021.0676822997984
4202,4045.1877282670202
4203,4066.82943770516
4204,4086.6327282919374
4205,4103.48077033928
4206,4115.931931451675
4207,4125.500485076659
4208,4131.281161286368
4209,4132.905877272225
4210,4131.830477130437
4211,4125.375054215171
4212,4112.861028965404
4213,4095.092576964957
4214,4074.1512135643193
4215,4049.5167976013236
4216,4021.6722817046384
4217,3995.6083948652326
4218,3972.9328133149506
4219,3951.3621118539804
4220,3930.7666673575604
4221,3909.7718744955505
4222,3891.5605417516126
4223,3874.8474149731987
4224,3863.325139176214
4225,3856.050783158449
4226,3852.3562251638605
4227,3852.428590655221
4228,3856.356608357399
4229,3863.822409433912
4230,3876.166427024959
4231,3893.313746908675
4232,3913.9906608678266
4233,3937.7277238863594
4234,3962.0791906111212
4235,3985.9063127655854
4236,4009.041736477614
4237,4033.369949790568
4238,4058.0353906320743
4239,4085.388613323599
4240,4114.56321511574
4241,4145.426804681489
4242,4175.643724139731
4243,4206.586863434851
4244,4236.189087413473
4245,4263.462658806741
4246,4289.400571836938
4247,4314.131663599005
4248,4339.261264653834
4249,4364.730538653757
4250,4391.261056872806
4251,4417.296626232388
4252,4442.221330925771
4253,4467.293480704217
4254,4491.610725099146
4255,4514.185503600008
4256,4536.799831608518
4257,4557.406155712855
4258,4579.727884314387
4259,4602.236640193019
4260,4625.691396395602
4261,4649.634546735927
4262,4674.2860925756895
4263,4701.1187529456265
4264,4725.327002759393
4265,4750.336533186619
4266,4775.25721293525
4267,4799.3757700903325
4268,4827.697164493279
4269,4854.10298920415
4270,4878.95720729314
4271,4898.979676768787
4272,4912.084707114327
4273,4919.863310805703
4274,4919.958123807141
4275,4920.040611118391
4276,4910.697291226832
4277,4897.154988481933
4278,4880.06814776335
4279,4859.363950190829
4280,4837.950391191144
4281,4816.196219008813
4282,4795.60844282378
4283,4776.7397623537745
4284,4759.844208198279
4285,4743.590196998847
4286,4731.836692374661
4287,4723.152605813499
4288,4718.647635361301
4289,4718.1743103255085
4290,4721.549641716574
4291,4725.508290233671
4292,4730.663602896575
4293,4736.787033653094
4294,4744.220846514907
4295,4754.910091239887
4296,4770.611037526597
4297,4789.751879943939
4298,4811.15758396546
4299,4832.443448044833
4300,4853.929186109071
4301,4875.610056833732
4302,4895.5933444331995
4303,4915.487173714819
4304,4935.464966230306
4305,4956.352204080171
4306,4977.359060995921
4307,4998.077301821989
4308,5018.056468677673
4309,5038.038131289037
4310,5055.973141501541
4311,5074.729806913241
4312,5092.874580714748
4313,5108.662864441879
4314,5122.530028834184
4315,5135.196676749096
4316,5148.5320794372765
4317,5160.108623218127
4318,5169.18287462091
4319,5177.310195061758
4320,5182.26407429136
4321,5184.939195203325
4322,5187.150291206895
4323,5188.545838663541
4324,5187.308749526018
4325,5185.777485503598
4326,5185.224575325274
4327,5182.675879639739
4328,5177.30609156914
4329,5168.37219275617
4330,5152.645422216454
4331,5130.750702378871
4332,5111.702296120173
4333,5084.276590538639
4334,5049.368002353982
4335,5010.091355517699
4336,4966.190332049841
4337,4917.889407832184
4338,4863.197959883012
4339,4803.067413083845
4340,4736.824439389758
4341,4667.094898684819
4342,4594.528586837492
4343,4518.422227253286
4344,4440.790307723714
4345,4362.150938892879
4346,4284.5505684103855
4347,4207.777741474621
4348,4133.205558908524
4349,4061.551727322153
4350,3992.667712225076
4351,3925.7609396957264
4352,3860.407365702343
4353,3796.586861057198
4354,3734.1363275866397
4355,3674.091973942612
4356,3617.8563721654577
4357,3567.0655175846878
4358,3520.704830811508
4359,3478.4089085207165
4360,3441.44840278584
4361,3409.507824043438
4362,3380.3170369149934
4363,3354.064131575869
4364,3331.055559824141
4365,3311.3190466435044
4366,3294.5999350502384
4367,3282.003794453744
4368,3274.180085760675
4369,3272.271839744799
4370,3274.528823098459
4371,3281.157329396582
4372,3291.120306982518
4373,3304.1127400533505
4374,3320.571953595915
4375,3342.9968088846035
4376,3371.433160926685
4377,3403.0848998792094
4378,3437.777599088614
4379,3476.0965990327127
4380,3517.2114649119358
4381,3562.457572404862
4382,3611.154369983489
4383,3664.995792050135
4384,3723.9703272065917
4385,3786.677197307418
4386,3852.338763620499
4387,3920.127024242086
4388,3990.3102356734416
4389,4051.369629618721
4390,4115.613674860095
4391,4180.38897693483
4392,4244.444429371104
4393,4304.70097524247
4394,4360.3008726947455
4395,4411.265644240206
4396,4457.460113111336
4397,4498.259813977882
4398,4536.037244523518
4399,4569.991171570956
4400,4599.907827193584
4401,4623.967942524279
4402,4644.727981187625
4403,4662.237969814809
4404,4676.224621254005
4405,4688.962905088916
4406,4698.523665416416
4407,4703.881866963705
4408,4706.4258184239925
4409,4706.3031437579975
4410,4703.793367463862
4411,4695.793779342914
4412,4684.994692992546
4413,4671.648827429282
4414,4656.826834913638
4415,4639.8284114068165
4416,4620.6779162947
4417,4599.093206935844
4418,4576.259535589166
4419,4550.481913292334
4420,4522.912047188076
4421,4494.390416798141
4422,4465.568241504326
4423,4438.016502209356
4424,4411.369848803812
4425,4386.224951560676
4426,4363.186555292628
4427,4341.100665516079
4428,4319.269946854725
4429,4299.947229393736
4430,4281.406686875
4431,4265.741900340023
4432,4249.374970779225
4433,4233.050468785165
4434,4215.222542391238
4435,4196.139504560495
4436,4175.7710850430185
4437,4156.292848199774
4438,4134.130282623026
4439,4110.656583102732
4440,4085.7981607283646
4441,4060.2299617251315
4442,4036.747518776537
4443,4016.0679432282786
4444,3997.9003053355814
4445,3987.866187581366
4446,3979.136505135198
4447,3976.2862304947753
4448,3981.373339301311
4449,3991.4125745397587
4450,4002.6842447211357
4451,4017.66220057614
4452,4035.0037632944645
4453,4049.5425651980263
4454,4061.4515205145776
4455,4072.7192551383287
4456,4082.171252816107
4457,4087.5389322588785
4458,4089.715268512865
4459,4089.272123973569
4460,4088.2286646369394
4461,4087.875715265764
4462,4087.0116346594036
4463,4086.1947354639756
4464,4084.703598284089
4465,4081.3765894816743
4466,4076.0849880250685
4467,4071.8505440902704
4468,4064.917713961779
4469,4056.0569871424373
4470,4049.8556223763303
4471,4044.109052774506
4472,4036.781324116599
4473,4030.768985224663
4474,4024.413488075382
4475,4017.692572975881
4476,4008.1623937442873
4477,3995.5838726060565
4478,3981.814682945552
4479,3967.071314629891
4480,3952.6180953108033
4481,3937.820112702914
4482,3922.6426365154953
4483,3905.8893543712206
4484,3887.2036436705584
4485,3868.44664786392
4486,3846.6594114701547
4487,3825.9568100777747
4488,3806.1457037578166
4489,3786.059735831866
4490,3766.6214869434875
4491,3747.7466387376853
4492,3728.9920114287866
4493,3712.491176412747
4494,3697.2550349519483
4495,3682.1572937413157
4496,3667.1355316031877
4497,3651.6290088339724
4498,3637.321814388378
4499,3623.1821165063875
4500,3608.4121359225805
4501,3593.360751805074
4502,3577.39888249763
4503,3563.512056200153
4504,3552.303912905031
4505,3542.377185236942
4506,3532.4672365022984
4507,3523.4885121448715
4508,3515.185619100434
4509,3505.40419776633
4510,3496.1130694438834
4511,3484.23272805518
4512,3473.672252295064
4513,3466.243797455582
4514,3458.849071584976
4515,3451.2996491405647
4516,3443.123585992105
4517,3434.1398495008166
4518,3423.9854795931296
4519,3418.081804104056
4520,3415.1218534305667
4521,3413.607853897394
4522,3413.338194618627
4523,3411.383720662735
4524,3410.047081580804
4525,3409.7365023512607
4526,3409.7914143775884
4527,3412.932914941578
4528,3418.136773808009
4529,3424.2108603688953
4530,3433.304730091603
4531,3445.3076984785102
4532,3459.0384402441846
4533,3473.4916360157144
4534,3487.5467050815614
4535,3503.7690630271422
4536,3521.4073431663273
4537,3542.9932352232668
4538,3565.2366505805553
4539,3587.4108603591662
4540,3609.2368281195263
4541,3630.064860850642
4542,3647.8316592289552
4543,3664.1768985120034
4544,3680.2938778811576
4545,3697.339877384173
4546,3711.8453459787506
4547,3726.468066239663
4548,3740.9749917384693
4549,3756.6282758782645
4550,3773.559881814837
4551,3790.610124228683
4552,3808.910003704208
4553,3827.614648556633
4554,3848.0513872560255
4555,3868.801036464815
4556,3890.5838102896
4557,3913.2359701830737
4558,3937.6748883392197
4559,3963.1568070097296
4560,3985.3260762530736
4561,4008.7464868819466
4562,4033.802499587793
4563,4060.1899509615305
4564,4087.0127322415105
4565,4114.590576296078
4566,4141.8807543671965
4567,4170.175054430142
4568,4197.819364285645
4569,4224.717564932217
4570,4251.49548058816
4571,4276.550700374354
4572,4298.403174719218
4573,4316.021981304927
4574,4332.546054352387
4575,4346.963054810905
4576,4359.944805319065
4577,4371.612542048817
4578,4382.0753646971
4579,4391.730269939122
4580,4401.093326536565
4581,4412.020984218474
4582,4421.9852360843715
4583,4432.295340831044
4584,4442.017041142255
4585,4450.679873362279
4586,4456.517894557273
4587,4460.089449980992
4588,4460.765853871807
4589,4458.030773589151
4590,4451.124365538623
4591,4443.016219286471
4592,4432.867191740841
4593,4420.929951297021
4594,4408.164864577551
4595,4394.486481950737
4596,4380.022553581122
4597,4364.73480112844
4598,4347.980058421642
4599,4330.772240398713
4600,4313.925581466494
4601,4297.880266152652
4602,4282.358271791196
4603,4266.8417428193725
4604,4251.642067020608
4605,4234.825583294269
4606,4217.199852985447
4607,4199.182410569836
4608,4179.4713765819915
4609,4160.354173560479
4610,4140.379405954116
4611,4120.855690867611
4612,4101.971453040619
4613,4081.53617356062
4614,4061.7361646090817
4615,4042.085781558661
4616,4022.2016518038
4617,4004.90245891707
4618,3987.3630211056516
4619,3970.9855685678376
4620,3957.2449224276434
4621,3947.3278690529914
4622,3940.983129874694
4623,3937.5534755481353
4624,3936.331170179115
4625,3936.71859938707
4626,3937.287113241632
4627,3936.423839230033
4628,3931.512736661708
4629,3923.937236451672
4630,3912.3952332423414
4631,3897.7282626534934
4632,3879.311413061748
4633,3857.5489270898797
4634,3834.7551306861415
4635,3812.830179618954
4636,3787.0119722648305
4637,3759.0776110243983
4638,3731.660002264873
4639,3704.4087149228767
4640,3677.60077459327
4641,3652.9967662296385
4642,3628.9074858278627
4643,3607.425077231635
4644,3588.811124473485
4645,3573.3920927206245
4646,3561.610125161793
4647,3550.30833618973
4648,3538.2943398131224
4649,3527.079567482947
4650,3517.389501246198
4651,3506.8276087964973
4652,3495.7788082797874
4653,3487.4982070077376
4654,3481.9071939887795
4655,3477.3018585794903
4656,3471.4896052539734
4657,3465.5556489269825
4658,3461.0493599351084
4659,3456.5776585766794
4660,3452.683467182865
4661,3449.0783257463927
4662,3447.863282442339
4663,3446.1497638247697
4664,3443.552068135677
4665,3441.0158262934056
4666,3438.722756071297
4667,3437.3156982367177
4668,3437.8363504472745
4669,3439.8014262238353
4670,3444.290394672517
4671,3450.3738173862703
4672,3460.259299156838
4673,3470.3937518684106
4674,3479.2107257274783
4675,3487.9830469395583
4676,3491.1578282797436
4677,3491.6221980112664
4678,3490.1381308636714
4679,3487.440683284415
4680,3485.0620154657204
4681,3479.608495158147
4682,3476.3145183184065
4683,3474.117357322798
4684,3474.1778606437047
4685,3476.438874154167
4686,3478.380706972043
4687,3483.1486129107384
4688,3490.0197478688597
4689,3496.7286274437065
4690,3502.4006825909423
4691,3506.3496367565085
4692,3511.983361172406
4693,3516.8846351693674
4694,3522.963455757948
4695,3527.725853318212
4696,3531.891636529871
4697,3536.585968755554
4698,3542.004654355797
4699,3548.062520624738
4700,3557.1868618827007
4701,3569.1296972352056
4702,3582.5318710498673
4703,3595.7392869914484
4704,3607.414659971573
4705,3618.5167407912345
4706,3630.2431988829053
4707,3642.070690596242
4708,3658.758950036907
4709,3679.3995230699193
4710,3702.2240118063687
4711,3730.59546473706
4712,3759.045612758114
4713,3789.157265213973
4714,3821.357573291657
4715,3856.1452635881733
4716,3892.215519840051
4717,3930.6094560343727
4718,3968.1191087076677
4719,4005.155653054177
4720,4040.277796411322
4721,4072.9464417227327
4722,4103.6990438845205
4723,4131.3338976190735
4724,4156.327352161337
4725,4178.728082167386
4726,4201.849896815844
4727,4226.734485444735
4728,4254.329109789997
4729,4285.103773971899
4730,4321.384474304976
4731,4352.948683594754
4732,4390.657082801858
4733,4434.055310569201
4734,4481.083041062647
4735,4530.15801623907
4736,4579.009797956019
4737,4628.889564190631
4738,4676.475140373657
4739,4723.821958629127
4740,4770.64620533773
4741,4817.117966311194
4742,4862.207989824515
4743,4904.630617402105
4744,4943.526537805709
4745,4979.64365159394
4746,5012.311430901686
4747,5041.554350254022
4748,5065.625770184486
4749,5085.584459439392
4750,5103.578866427443
4751,5117.9299354937975
4752,5128.28192612247
4753,5137.264519144883
4754,5144.404487853998
4755,5149.233004245383
4756,5151.696628389214
4757,5152.420385250962
4758,5153.014736422412
4759,5151.3157454638285
4760,5145.788669614244
4761,5136.821749837259
4762,5125.054353415701
4763,5112.980354568134
4764,5098.449775948564
4765,5082.393251472628
4766,5064.98539525813
4767,5045.870928232792
4768,5026.517268191292
4769,5005.2339613232225
4770,4983.7416226089745
4771,4961.294528201031
4772,4939.0220545657485
4773,4915.646939890482
4774,4891.928856996724
4775,4868.633237383826
4776,4843.272332493625
4777,4818.461790702289
4778,4791.881902123836
4779,4761.203419358594
4780,4727.793659429976
4781,4691.090606715974
4782,4651.015026685246
4783,4609.014613156711
4784,4565.50075668579
4785,4520.448256070967
4786,4477.546453291047
4787,4436.971381029011
4788,4401.671068161041
4789,4365.615561880578
4790,4329.569006561374
4791,4294.839016640401
4792,4261.5389119945585
4793,4229.671679923649
4794,4199.637187003282
4795,4171.976782402309
4796,4146.516288145423
4797,4124.536997334807
4798,4108.139293573983
4799,4097.902182417
4800,4094.0901676760723
4801,4094.842741946321
4802,4101.830169021906
4803,4113.558629498401
4804,4129.626609407603
4805,4147.685586725224
4806,4169.698599236221
4807,4194.149113106259
4808,4221.1322829254195
4809,4249.848082487413
4810,4279.005192144531
4811,4309.5258631745155
4812,4342.025622738719
4813,4373.948511270713
4814,4407.81886268259
4815,4440.907817450781
4816,4472.447971396581
4817,4502.15085418252
4818,4530.30462474553
4819,4555.345368764766
4820,4577.192466609691
4821,4596.85461889942
4822,4614.838747555812
4823,4628.620924994167
4824,4640.965048917261
4825,4651.5754820886195
4826,4661.816939596107
4827,4671.002022742116
4828,4678.2430019694
4829,4685.125580300022
4830,4689.505061933121
4831,4693.2288134354785
4832,4697.798564385416
4833,4703.613852391268
4834,4709.7784174877925
4835,4716.648139123769
4836,4724.16309418724
4837,4731.064588965999
4838,4740.040274889546
4839,4750.421682806845
4840,4762.338266368897
4841,4774.314835877983
4842,4787.060896879311
4843,4799.2506138019335
4844,4811.268290370975
4845,4821.72366898604
4846,4833.010742614363
4847,4842.8493472538285
4848,4847.530678832694
4849,4846.710822358692
4850,4839.361259237442
4851,4824.897191684311
4852,4803.245169676328
4853,4775.051551691838
4854,4739.107118149735
4855,4699.33792750565
4856,4655.946371615098
4857,4607.710225990598
4858,4555.279327765815
4859,4500.067250271594
4860,4443.722952739255
4861,4387.8796045442905
4862,4331.819053504285
4863,4276.685786608759
4864,4226.3420256401705
4865,4176.110550986348
4866,4125.6011309652795
4867,4077.679232269595
4868,4033.3833025474373
4869,3993.2435300844854
4870,3959.236012835747
4871,3931.319248915494
4872,3911.2451130549107
4873,3896.903103285637
4874,3885.946170104447
4875,3876.1704598090164
4876,3868.1949120360446
4877,3860.917896621907
4878,3855.6491543994207
4879,3854.0086625375798
4880,3857.2582991318914
4881,3867.171053451603
4882,3881.7029076273693
4883,3900.3010913006347
4884,3921.8533949831603
4885,3945.3406131288098
4886,3970.445443730669
4887,3997.3311861737634
4888,4026.878802729745
4889,4055.6374474965837
4890,4085.7361372040145
4891,4116.722193853829
4892,4145.727657264111
4893,4171.528139071168
4894,4195.933873439701
4895,4215.598231750471
4896,4233.342388249515
4897,4247.489135048201
4898,4259.885633967925
4899,4273.498362900559
4900,4288.828226512011
4901,4305.304455018485
4902,4319.638773819118
4903,4335.972892834358
4904,4354.0677590876585
4905,4372.622474413361
4906,4389.774369008133
4907,4405.490350770471
4908,4420.247140799657
4909,4432.0707141446555
4910,4441.651031798569
4911,4449.634192463984
4912,4456.306847897995
4913,4462.8048747934345
4914,4466.83103212222
4915,4465.322988726684
4916,4461.486585829479
4917,4457.060980542996
4918,4450.203788776483
4919,4443.175973948708
4920,4433.7561966843095
4921,4424.011031062777
4922,4414.4076657662445
4923,4403.457205941935
4924,4391.141235118453
4925,4378.4153677158765
4926,4365.999929426176
4927,4351.434322357656
4928,4334.984771534793
4929,4316.242014661161
4930,4296.444207669027
4931,4273.435140404738
4932,4246.122002403865
4933,4215.079340271589
4934,4181.037732795773
4935,4145.426667587114
4936,4108.487839791696
4937,4072.808850188238
4938,4037.3385364233513
4939,4000.455851787377
4940,3964.203306625098
4941,3926.345228845306
4942,3890.559727265053
4943,3855.2871322941464
4944,3822.084368721408
4945,3788.6100202896628
4946,3756.4593683161106
4947,3725.5044115632845
4948,3697.6118097274466
4949,3670.1551052835753
4950,3644.5700714481227
4951,3621.4158865707386
4952,3598.8292791465433
4953,3576.170772844115
4954,3551.6162537282585
4955,3532.045909806683
4956,3514.802657412619
4957,3501.3183115109264
4958,3493.537647588423
4959,3486.7684699758447
4960,3486.1275985507787
4961,3488.6945180212156
4962,3493.813915831854
4963,3500.8577579129146
4964,3508.2557764797025
4965,3515.733682795214
4966,3520.824469097117
4967,3524.247889325642
4968,3526.7849295537094
4969,3527.553915119051
4970,3527.158878438149
4971,3527.3096454085107
4972,3526.674044447213
4973,3525.812213507029
4974,3521.7245888500365
4975,3516.715367673881
4976,3509.770090118846
4977,3503.380344724095
4978,3496.361870246466
4979,3487.7660097662606
4980,3477.9777925940693
4981,3469.4061796937
4982,3461.648496602053
4983,3453.336173004488
4984,3447.894608728312
4985,3443.722343429678
4986,3440.5380945214383
4987,3440.2125057416238
4988,3441.0220591122143
4989,3443.7363386614534
4990,3447.599887235416
4991,3453.6503485231724
4992,3461.939708277529
4993,3471.7006098266065
4994,3484.222192165076
4995,3498.9152672213877
4996,3516.8637230571017
4997,3539.1863017283777
4998,3565.96884621025
4999,3597.0319619688626
