,0
0,2.074302893690565
1,4.293247064164234
2,6.208911787490361
3,7.520632147587827
4,8.12737081837923
5,8.403749775062412
6,8.607876409656571
7,8.786747110511001
8,8.659709058901234
9,8.18649263248889
10,7.962657416901669
11,8.811991773234332
12,10.483969404712822
13,13.180350426867538
14,16.55785651936394
15,20.854788445323322
16,25.999464067478286
17,31.1684091887771
18,35.55350906759556
19,39.437927799923074
20,42.45337199466046
21,44.71611152691068
22,46.49399843204861
23,47.445813425354075
24,47.66519716845707
25,47.259708553099145
26,46.34633986965919
27,45.30076122715572
28,44.22951401912108
29,43.25173795625494
30,42.21391158293525
31,41.06988635656847
32,39.481778695804884
33,37.6159432422577
34,36.06076329545122
35,34.66347669005429
36,33.72767196409078
37,33.08252009904597
38,32.274781136908224
39,31.533271302778658
40,30.588425540152247
41,29.140979001719483
42,28.180587873582105
43,27.163663543332866
44,26.272882390523733
45,25.88708863793516
46,25.685215676274005
47,25.66859834051278
48,25.678763767765137
49,25.76991575515224
50,26.187993185372758
51,26.622522215936655
52,26.97298227531791
53,27.38136403212367
54,27.57697363823253
55,27.40065609960324
56,27.367626596586653
57,27.338890928962226
58,26.97534451437356
59,27.018026579232327
60,27.347309919070966
61,27.83465929648039
62,28.113577314934133
63,27.964804910449608
64,27.437223555115416
65,27.23108154318043
66,26.834228043519374
67,26.182391817082593
68,25.469894712691918
69,24.505981197184774
70,23.441669100136217
71,22.22250931771762
72,20.867235108484678
73,19.42373702703843
74,18.504412301017428
75,18.098119848182993
76,18.06833797614265
77,18.254199801609005
78,19.002036132583466
79,20.001206509962643
80,21.136377486895782
81,22.440076988929082
82,23.64020992170825
83,24.818970414037285
84,26.151536082905206
85,27.483669055053724
86,28.80120179409038
87,29.55812876809843
88,30.068802765123056
89,30.44036480123961
90,30.752937631315735
91,30.95848244762015
92,31.204309560734206
93,31.449695494327962
94,31.662537695860266
95,31.45953100556629
96,30.754177466719305
97,29.908144501285864
98,29.058217290270772
99,28.565395775152357
100,28.373999400993917
101,28.383998257538053
102,28.439915319847984
103,28.492105405641986
104,28.115679651159862
105,27.61431479635868
106,27.24855219919787
107,26.973669997418693
108,26.911142125349308
109,26.678594911490443
110,26.452199812201584
111,26.264433131026387
112,25.780477261436168
113,25.579504457948687
114,25.404658118914583
115,26.15487528035296
116,27.349416409837353
117,28.5332073109987
118,29.912315123200898
119,31.56147778099197
120,33.36767232769357
121,34.73331293516248
122,35.47438769079776
123,36.06919469039556
124,36.654568613833376
125,37.381835902437366
126,38.429282299113225
127,39.726759864008436
128,41.221466709621836
129,42.929904357324986
130,44.832759689014196
131,46.468194823741875
132,47.80642964409847
133,49.01408208020166
134,50.003444088918876
135,50.79548536738238
136,51.18031701324176
137,51.28934889208571
138,51.42891798207714
139,51.49629212598043
140,51.62655118094495
141,52.07127822840372
142,52.585657879867185
143,53.216578892030554
144,53.76136093419229
145,54.25294862272586
146,54.48357868296136
147,54.6794763893008
148,54.94989863748512
149,55.077045775486724
150,54.92004665491534
151,54.69209566876576
152,54.38255855720507
153,54.056707957023605
154,53.88871581224244
155,53.532960346175365
156,52.83411002815855
157,52.02742911431806
158,51.259608513382204
159,50.22395379356354
160,48.9119096181233
161,47.45948516980198
162,45.849282019597084
163,44.094967505685275
164,42.37730758448972
165,40.67988516779143
166,38.787736545625975
167,36.90419229087234
168,35.244910155910404
169,33.68541168167632
170,32.158243374870835
171,30.829606947950058
172,29.68656734027921
173,28.546600837849553
174,27.313028601960934
175,26.06150880797862
176,24.761182881345608
177,23.593319319139212
178,22.265971667957224
179,20.77781290263739
180,19.236909674758095
181,17.80432469660645
182,16.695263111172018
183,16.071569070007996
184,15.852775103921095
185,15.961993653274721
186,16.336738854021064
187,16.957801548227934
188,17.80124821750517
189,18.83056368564526
190,20.027105274207322
191,21.16954305530674
192,22.183871126893184
193,23.29766545369906
194,24.412921425822873
195,25.42440982263764
196,26.340097012211977
197,27.078434365820975
198,27.57302910417724
199,27.97611837165632
200,28.51575286651027
201,29.11620492492356
202,29.910444996360837
203,30.796384885209125
204,31.48958722362626
205,31.94339643813406
206,32.367037032289346
207,32.80361285288661
208,33.13438443881505
209,33.176020514186945
210,33.26380177508334
211,33.483533991842776
212,33.9266521469288
213,34.46360256648445
214,35.029362712808656
215,35.49315149787671
216,35.994447789790556
217,36.63032964884013
218,37.11693269939204
219,37.72345455696038
220,38.42220965630601
221,38.823389694069654
222,39.258344192343216
223,40.01556698941209
224,41.13036935449537
225,42.55449125513871
226,43.83835725176858
227,44.7764068429459
228,45.592509987270184
229,46.07807193789215
230,46.61670484469748
231,47.0995071161133
232,47.51937514041578
233,47.843665927329496
234,48.15199333707892
235,48.60917034482595
236,49.04264756856409
237,49.46280304093359
238,49.43024041612418
239,48.99395227657834
240,48.02396796341321
241,46.29268675296743
242,43.63514701055142
243,40.20947947797242
244,36.395156535085576
245,33.08268698550382
246,30.481986519063476
247,27.972486513000614
248,25.594048604300102
249,23.768606040582917
250,22.529910806582166
251,21.87399229227705
252,21.970115284013843
253,22.045551155811495
254,21.94699471982416
255,22.173591716359518
256,22.664756612025528
257,22.975703149586483
258,23.42948774218082
259,24.262894723162585
260,25.67950373903186
261,26.932429182469072
262,27.845951262098104
263,28.794035214548522
264,29.7700362402546
265,30.419783784507196
266,30.564334215163512
267,30.74067083779577
268,30.997478729655985
269,31.15879243502841
270,31.564236731200296
271,32.01404843845471
272,32.630390858546725
273,33.433296017104354
274,33.88612079417584
275,33.81213562565382
276,33.32472897080562
277,32.94153497256995
278,32.80337370746565
279,32.88371495834793
280,33.30685437330009
281,33.412546805372074
282,33.2997179499193
283,32.924452110660724
284,32.03948940000346
285,31.269571841731644
286,30.337507585516768
287,29.359985593073475
288,28.6405567289952
289,28.429693928098054
290,28.36510985892894
291,27.966919479872313
292,27.28438257544277
293,26.817385213962933
294,26.1253830576632
295,25.212267670021397
296,24.57451001822198
297,24.28528476646992
298,24.268078113771303
299,24.509126346278297
300,24.963193024064374
301,25.62097096538719
302,25.922457383397344
303,25.343839982795195
304,24.81210192600004
305,25.047493702244836
306,25.673745970137563
307,26.53272388050646
308,27.350183092028864
309,28.307808638632512
310,29.73640606891604
311,31.616941729431623
312,33.7329704917938
313,35.88927536044828
314,37.8626793981239
315,39.754167607360046
316,41.15218891553283
317,42.03079589097888
318,42.608404531620046
319,42.88679138187642
320,43.01077807789038
321,43.25397182294907
322,43.985104972528944
323,44.85016734821558
324,45.87876862979216
325,46.85424503589846
326,47.66530318430503
327,48.52801890114037
328,49.35248134711327
329,50.16425268343815
330,50.84110913600192
331,51.23843649562109
332,51.69191775782116
333,52.181065002953986
334,52.28419909844927
335,52.04051728639142
336,51.47963538684056
337,50.67009825289135
338,50.07410405682458
339,49.52361588312858
340,48.84280819838722
341,47.99860750857678
342,47.264152908441716
343,46.03551645885051
344,44.23949761345907
345,42.3195642057584
346,40.65187534322848
347,39.1078331652062
348,37.17090274856395
349,34.52538566219418
350,31.2783138465644
351,27.75527915736098
352,24.3706827713806
353,22.532709733646726
354,22.388556511852315
355,23.343030471651595
356,25.730753281752897
357,29.140523861067393
358,33.516790892239534
359,37.67442951763399
360,40.83797483026816
361,43.03406409402152
362,44.76752798611709
363,46.389168773842414
364,47.97397516196001
365,49.72313629952582
366,50.78752143646657
367,51.12511419467157
368,51.328006017178
369,51.38801636111313
370,50.852666148059555
371,49.90185583591909
372,48.99425479447933
373,48.09806351245996
374,46.83149241906995
375,45.634633932282185
376,44.285030784118604
377,42.407433745358674
378,40.18208927062773
379,37.983846460542836
380,35.89915932365896
381,34.1140851741888
382,32.38508265453549
383,30.249858297275868
384,28.273415498320166
385,26.77909730953887
386,25.85279900241585
387,25.697847039651975
388,26.04357383051739
389,26.555222744854618
390,26.999849810836693
391,27.245134199688952
392,27.400469909115962
393,27.538612341517265
394,27.556366722902645
395,27.453397601559306
396,27.39002627505197
397,27.135028746634866
398,27.159002833090824
399,27.17986028830751
400,27.69334201478616
401,28.415287881894155
402,28.856824649269846
403,29.115396781166744
404,29.4741176577236
405,29.605060462305694
406,29.42995753054567
407,28.90978773491851
408,28.26830822416263
409,27.571807430893756
410,26.9320446422091
411,26.32078884207263
412,25.736794259030855
413,25.149021399669856
414,24.567830208188596
415,24.00103686390687
416,23.524919760270187
417,23.237928537579826
418,23.272418026285745
419,23.990981267897006
420,25.23719899117863
421,26.5840558027394
422,27.929040534111884
423,28.994776327673264
424,29.7008371865872
425,30.360996865966392
426,30.921894061891386
427,31.300122686448656
428,32.040755626611876
429,33.07360017807605
430,34.0160899816792
431,34.93861509689217
432,36.171288080856726
433,37.39201211053731
434,38.79984737706323
435,39.87123174571606
436,40.306174381201444
437,40.02714667191382
438,39.7192155671194
439,39.448169230307926
440,39.055751698796556
441,38.70195054770896
442,38.38886082381764
443,38.186821833043
444,37.920932689155364
445,37.726764008047404
446,37.79933770714321
447,37.89064619502854
448,38.00985947027576
449,38.258322743224504
450,38.71585555062767
451,39.159724055465624
452,39.28200805313179
453,39.682228620336474
454,39.939204371596816
455,39.798348999240325
456,39.675804825290186
457,39.33205394386948
458,38.6242616867562
459,37.25889357015946
460,35.68320368918259
461,34.10987571284009
462,32.82154546106764
463,31.950115802507955
464,31.41293223134127
465,31.292428490955114
466,31.213790040373468
467,31.065291815107265
468,30.87726102070168
469,30.6290772595665
470,30.320240995121242
471,29.901920583750226
472,29.47402222846287
473,28.793098452413417
474,27.68539172846701
475,26.245164443462482
476,24.471832707828572
477,22.579588583159108
478,20.452458637697646
479,18.486598094200822
480,16.610299688075756
481,14.912474416130964
482,13.474593644998981
483,12.528909317632033
484,12.03221282913982
485,11.650438669482186
486,11.19366968503241
487,10.86158057225937
488,10.377855368758155
489,9.766156788563746
490,9.277128023293063
491,9.293849308290131
492,9.80780548206808
493,10.802548007328603
494,12.394285062465485
495,14.365172193952816
496,16.47296271415297
497,18.44098011334377
498,20.15493799394936
499,21.741604718698134
500,23.497754034689827
501,25.34062592827232
502,27.14218555719539
503,28.750691531968556
504,30.111344440055465
505,31.448369949429487
506,32.614124771486786
507,33.65531572748262
508,35.04533756710663
509,36.64540293191674
510,38.13937695528145
511,39.61660101763718
512,41.122577770782684
513,42.432777546019274
514,43.80017203487669
515,45.19149402779619
516,46.28512586958895
517,47.34329915554012
518,48.360349393565315
519,49.17614096516889
520,49.36819899190196
521,49.426625374491174
522,49.52747830184622
523,49.56941063747097
524,49.62344803522022
525,49.75667162413253
526,50.004384076590256
527,50.3308816860532
528,50.696101296656835
529,51.113077481865105
530,51.34373464500372
531,51.552707004757124
532,51.762370299809646
533,52.32100404329607
534,53.10542165622027
535,53.49554813278357
536,53.616900327440604
537,53.442743250334594
538,53.03865676250009
539,52.69816688222152
540,52.199334909081415
541,51.2913713423566
542,50.47482923184889
543,49.99590667942574
544,49.46565131469917
545,48.94289190491314
546,48.54431576633229
547,48.40244022210035
548,48.01055060360229
549,47.372825531853934
550,46.76289448412646
551,46.12879040087234
552,45.26903046525031
553,44.64230107164947
554,44.66812694056708
555,44.48148072289109
556,44.42349240563611
557,44.36158942000877
558,44.184028947881444
559,44.099074067356625
560,44.04909703220201
561,44.162689669528525
562,44.11598493781959
563,44.12949418540549
564,44.37191505636707
565,44.330271030116435
566,43.42835566744099
567,41.96120064237091
568,40.3352895127135
569,38.92685166611524
570,37.70151073957476
571,36.73478870620849
572,35.94925067659207
573,35.26771591924356
574,34.6860425838336
575,34.39815926549775
576,34.360484184275066
577,34.35855953033567
578,33.7644557825246
579,33.05448765301592
580,32.453940694028944
581,31.923412653357218
582,31.449346987378973
583,31.028581933197415
584,30.64914303711206
585,30.308386206416134
586,30.001308702095898
587,29.393793021596203
588,28.455534771786958
589,27.330749311473127
590,25.68005905738086
591,23.407199871819934
592,21.09245577314337
593,19.19373669599333
594,17.547573505742193
595,15.944520445183748
596,14.433145876868917
597,13.556753249752004
598,13.26699465124759
599,13.565227553964775
600,14.065201917275804
601,14.622566119879183
602,15.513119627668331
603,16.522757493658176
604,17.379461850281317
605,17.943392495477156
606,18.538719641875005
607,19.352833227054315
608,20.47588804211224
609,21.468323233875214
610,22.204467940232917
611,23.224407090097106
612,24.22371554528445
613,25.17845408252316
614,26.425211011198428
615,27.75895881282409
616,29.02652368174074
617,30.496762238012224
618,32.45945534261719
619,34.6823390715876
620,36.82835903660099
621,38.65300912528207
622,40.06327176606294
623,41.24291296613858
624,42.057708921835896
625,42.527500038047584
626,42.85782646951587
627,43.14521046489329
628,43.26785387870535
629,43.09189962881324
630,42.89482099680018
631,42.39873818287496
632,41.66115065837717
633,40.738952799596674
634,39.46184713947941
635,38.260391995521275
636,37.30777562169108
637,36.54228414520015
638,36.05011044648598
639,35.99804477135716
640,36.31170238690616
641,36.85610942302728
642,37.76535040023074
643,38.9824189494431
644,40.29203935816004
645,41.59533512981994
646,42.715757472663284
647,43.645462810967416
648,44.56549229297921
649,45.44843211340374
650,46.241841349582906
651,47.19895310392121
652,48.48445473420493
653,49.75902623723675
654,50.87019880560518
655,51.25741532826055
656,50.687528975371194
657,49.68461456408203
658,48.5216696340906
659,47.50927911225716
660,46.466073129668786
661,45.29065762294243
662,44.00932975148733
663,42.44918496374345
664,40.60793612786678
665,39.00992227583818
666,37.73860561107114
667,36.63456719710464
668,35.97848926879094
669,35.677119999433664
670,35.731147846471394
671,36.285662076558616
672,36.852024771647336
673,37.58609523266797
674,38.77098204139894
675,39.98874086288049
676,41.10868376905192
677,41.99952335871407
678,42.730987854642294
679,43.20273419517852
680,43.48931150531659
681,43.84193047968991
682,44.42883116171577
683,45.53816842826271
684,46.50329185015853
685,48.021503247059904
686,49.876484040605675
687,51.8215494902079
688,53.234227276534966
689,54.05945552247631
690,54.766660502627346
691,55.435722219732845
692,55.98317241818553
693,56.43920031593866
694,56.94188353872309
695,56.92168322525375
696,55.82432190243495
697,54.022442555080104
698,51.489464286474316
699,48.31374313514239
700,44.55614649729779
701,40.7741509043946
702,37.290209170129735
703,34.39559963984174
704,31.62034191633539
705,29.247057583654218
706,27.391624550943053
707,25.600509445994113
708,23.867161824328996
709,22.305332415001185
710,21.189274568176423
711,20.377795745972
712,19.507593287124706
713,18.6474882239743
714,18.181131516760132
715,18.38558217560999
716,18.885219611915986
717,19.524884388622034
718,20.546196645957547
719,21.558466482081187
720,23.11285898940691
721,25.132724270751787
722,27.04754119969709
723,28.869418483166108
724,30.8272414387205
725,32.83957078075072
726,34.94651079887133
727,37.12436896232928
728,39.426818974292246
729,41.4361542896575
730,42.87234249027097
731,43.87332665623396
732,44.58980608916265
733,45.24183473165943
734,46.083620762344594
735,47.15486800937397
736,48.176605327306035
737,49.11883661243371
738,49.93008832677144
739,50.64576606819321
740,51.098567701917176
741,51.492505123257025
742,51.691477911262155
743,51.588599810787855
744,51.38985817244766
745,51.02925938846287
746,50.108487364603846
747,49.13787074082213
748,48.192749748018656
749,47.71637699821921
750,48.006321276837596
751,48.52823812377335
752,48.68709851775355
753,48.479367769007126
754,47.90069950854959
755,46.92314948426997
756,45.69697979731091
757,44.208493225175474
758,42.72718718502868
759,41.6830342823896
760,40.810123522755305
761,40.15232722613077
762,39.58053007502528
763,38.730495670176914
764,37.75000067480447
765,36.880700901677216
766,36.535755296962066
767,36.55826478892993
768,36.80648083161482
769,36.591905525392
770,36.096453567384316
771,35.785789736321405
772,35.611797256601825
773,35.37609891241421
774,35.00598338039461
775,34.47248433024027
776,33.83732700538776
777,33.330129685254946
778,33.08842605890477
779,33.07599578978815
780,33.20577682808158
781,33.35172309716215
782,33.15339504373535
783,32.83362030363946
784,32.694339174856346
785,32.62663850719626
786,32.75091296440896
787,33.22878944222269
788,33.97632136284382
789,34.8093046199566
790,35.69936947541747
791,36.48126475114542
792,37.29031210421422
793,38.0737285596376
794,38.45701698403509
795,38.76082238430474
796,39.218550447749436
797,40.06065636111897
798,40.79328850575048
799,41.57308495003881
800,42.27694900349047
801,42.85964051165612
802,43.66019634784766
803,44.26560445861715
804,44.5863732725031
805,44.705248452145696
806,44.98251867111672
807,45.62666293013443
808,46.29029460937692
809,46.59946172703772
810,46.24454253219434
811,45.31530597572865
812,43.96270074379672
813,42.360012910451175
814,40.40474839773805
815,38.57596693083225
816,37.03629252500485
817,35.34599420329989
818,33.62605167474678
819,31.95659921386035
820,30.61154581296539
821,29.70824786936035
822,29.74464148811856
823,30.406989882632566
824,31.544737137526884
825,33.246120742372426
826,35.17014464858184
827,36.7555156323009
828,37.954429683764246
829,39.13311726680913
830,40.51921402413842
831,41.496699934441686
832,41.916499221114464
833,42.418298296435864
834,43.485170015407434
835,44.85730065274011
836,45.95672456870613
837,46.56969635012622
838,47.0461174201308
839,47.486336184641104
840,47.780185696788266
841,48.005542738126024
842,47.64357147522105
843,46.64916181152098
844,45.51291617248205
845,44.553548407938656
846,43.49211095024489
847,42.10045075138279
848,40.209690041648535
849,37.65739211166489
850,34.86409953548939
851,32.22567277245912
852,30.288397896184733
853,28.906651640180197
854,28.126226978460572
855,27.447257522764502
856,27.239597664821133
857,27.19780008692049
858,27.34730154861998
859,27.82737566823344
860,28.805569447396714
861,29.856798697709188
862,30.632717544812692
863,31.33196778978401
864,32.06111736638837
865,32.73716749626343
866,33.181701158459646
867,33.278328094945465
868,32.959302212565945
869,32.261302506074834
870,31.361569232087753
871,30.307836455198956
872,29.44759689548305
873,28.782017820736755
874,28.066003676170432
875,27.3767472859751
876,26.852419674031985
877,26.617060010920618
878,26.85213105409595
879,27.35414242599224
880,28.13337052773364
881,29.27712417473178
882,31.035969479506207
883,33.06205093352648
884,34.98195376208352
885,36.83727297200247
886,38.15020502638191
887,39.31951111236114
888,40.58559187067688
889,41.922437259606895
890,43.235700380889895
891,44.34904504645138
892,44.78470579055618
893,44.23104446955523
894,43.291338121563776
895,42.41153189707117
896,41.52422306698957
897,40.5665059085633
898,39.23643888014578
899,38.12204054547955
900,37.39722507104106
901,37.08609270920499
902,36.53443323451829
903,35.56503345740599
904,34.73365380838186
905,34.27245821230247
906,33.83397874581076
907,33.48508011825794
908,33.215790269899635
909,33.04939521655607
910,32.78228110460836
911,32.37944171620878
912,32.02897144830114
913,31.727019954067345
914,31.239168758232225
915,30.89046586549616
916,30.496722786468393
917,30.365409909796405
918,30.244738218201988
919,30.287466748375927
920,30.426376316716237
921,31.344367133302548
922,32.47537564157959
923,33.65465562843459
924,34.98699643891989
925,36.503774083787604
926,38.34237579893089
927,40.306164355126846
928,42.29219361258862
929,43.76798041509219
930,44.61007718350406
931,44.967811180013044
932,45.267992539047206
933,45.32476493763883
934,45.12214137490905
935,44.94622199896398
936,44.576726346401415
937,43.80596869031591
938,42.714938041354515
939,41.85169986050012
940,41.214193268600376
941,40.56293861649755
942,39.837570651928104
943,39.04455307763505
944,38.36012653502884
945,37.79904373702653
946,37.029575396178636
947,35.97484901210493
948,35.21907568469514
949,34.509907481981344
950,33.63751827664607
951,32.6582954101048
952,31.54553521385271
953,30.44709127903016
954,29.686276943288362
955,29.06369622581355
956,28.409660803449047
957,27.783814723583266
958,27.197703547798273
959,26.652728935245392
960,26.284388032630158
961,26.27458924254628
962,26.586027791195427
963,27.036443658719612
964,27.711610884745788
965,28.026690166815847
966,27.938638135854834
967,27.619823853579707
968,27.29305968257225
969,27.008774853795753
970,26.766644367607643
971,26.823486023575196
972,26.950454466509587
973,27.078122078005592
974,27.622700456289202
975,28.28380194913681
976,28.89663149312713
977,29.217520067045065
978,29.399552950958906
979,29.518138163763105
980,29.525397847367973
981,29.362241359428605
982,29.050991206068442
983,28.63639695382009
984,28.127187455868906
985,27.512665619934495
986,27.04258686163703
987,26.977247212465716
988,27.06502862362862
989,27.027563848912536
990,26.985862919588975
991,26.904878415881228
992,26.860099840159982
993,26.995395158349016
994,27.342135010963503
995,27.872606856037933
996,28.260256453883734
997,28.461538986271332
998,28.620738599083467
999,28.98875985750091
1000,29.417337293519076
1001,29.72010145155253
1002,29.916743298830053
1003,30.074003828637174
1004,30.205918864146675
1005,30.53105961716243
1006,30.884061683075686
1007,31.228042203736024
1008,31.50117904852338
1009,31.932692793403582
1010,32.663711525020574
1011,33.93687550366687
1012,35.54552113390365
1013,37.10679984583268
1014,38.61829353620774
1015,40.085656482634114
1016,41.17087843775576
1017,41.65955649693592
1018,41.71249439810762
1019,41.61072673188221
1020,41.31926784485376
1021,40.889389485956634
1022,40.27951213772731
1023,39.24194138874401
1024,38.1481722545347
1025,37.10062719652742
1026,36.18926299606109
1027,35.27623322402706
1028,34.27408032486913
1029,33.1672192634845
1030,31.926452505261434
1031,30.48782079178733
1032,28.9632087472729
1033,27.38380228677233
1034,25.76327704090601
1035,24.243685705261306
1036,22.93939980759131
1037,21.990343237263247
1038,21.511955132835418
1039,21.321023597719453
1040,21.38697780438896
1041,21.76597750752172
1042,22.43599020853867
1043,23.42823215984756
1044,24.839071713008146
1045,26.452671126756545
1046,27.942220571464972
1047,29.0630430668055
1048,29.95614046704901
1049,30.69002464623934
1050,31.139550092495742
1051,31.311641208707968
1052,31.145284814134385
1053,30.73578746334212
1054,30.119601930642766
1055,29.379820627466714
1056,28.56404438541422
1057,27.695512317385315
1058,26.799086991153487
1059,25.75248457169056
1060,24.499364346488505
1061,22.955870133841998
1062,21.503743535017158
1063,20.40083647546583
1064,19.453659797729397
1065,18.618992858548673
1066,17.994172788021164
1067,17.577273928084093
1068,17.418850997240277
1069,17.69939031211537
1070,18.404204286380754
1071,19.2691097996668
1072,20.09333984491854
1073,21.08056290302471
1074,22.303662705708923
1075,23.83188170202248
1076,25.277997349653802
1077,26.651837240058374
1078,27.881267788168273
1079,29.282936809351042
1080,30.89400700388493
1081,32.57965639631443
1082,33.95984273278037
1083,35.16060484550575
1084,35.888557499592295
1085,36.67264175522682
1086,37.74101983638532
1087,38.9240448813927
1088,40.19655697035678
1089,41.48113717745141
1090,43.06675286759041
1091,44.85803722568066
1092,46.60535612403593
1093,48.133363991814846
1094,49.53176419157844
1095,50.93173590039651
1096,52.34161860292033
1097,53.73926044483472
1098,55.1034543724117
1099,56.46002823548102
1100,57.562195141418755
1101,58.08988138131949
1102,58.476536775729116
1103,58.80588833291489
1104,58.89492135738176
1105,58.7826297114285
1106,58.328878239437046
1107,57.82701145965177
1108,57.47922944269523
1109,57.0502190260074
1110,56.28829310390982
1111,55.21086726316011
1112,53.84766950423831
1113,52.77085806165177
1114,51.751862740756714
1115,50.61558924966487
1116,49.69342024867786
1117,48.901563102255864
1118,48.400270741831946
1119,48.493256765046816
1120,48.81704479810763
1121,49.20162790982694
1122,49.532027064562264
1123,49.827580977951
1124,49.715399936917926
1125,49.000855860857996
1126,47.86733452188622
1127,46.36167899763615
1128,45.01235572677185
1129,43.77537444880443
1130,42.126157737152056
1131,40.09520489667054
1132,37.79626239128197
1133,35.56826157701991
1134,33.614539076634884
1135,31.926640057675723
1136,30.278837126058708
1137,28.343509250028685
1138,26.38486411998255
1139,24.457006387868745
1140,22.779770160929733
1141,21.322402416028556
1142,19.914501409383238
1143,18.48061435220197
1144,16.76526694446417
1145,15.032987469640888
1146,13.407227012040838
1147,12.153085381138354
1148,11.394986318070815
1149,10.705853439227523
1150,10.040825612829298
1151,9.502531164546676
1152,9.134269778668491
1153,8.921175022938218
1154,8.832713503919077
1155,8.852396143013884
1156,8.973027388823203
1157,9.17110346539159
1158,9.165396218049409
1159,9.35843869883707
1160,9.519876612138551
1161,9.549298707596359
1162,9.79818148616775
1163,10.354008463479932
1164,10.864590561039876
1165,11.481118839325223
1166,12.268496659843594
1167,13.345432941005615
1168,14.62132268729923
1169,15.816147048837397
1170,16.95130944096976
1171,17.78154018721466
1172,18.49391981948176
1173,19.310901566274048
1174,20.112823147408996
1175,20.905870548285087
1176,21.677103436343607
1177,22.526704345602038
1178,23.26450784776046
1179,24.010442123399905
1180,24.742587858562636
1181,25.626144688986887
1182,26.885823472498515
1183,28.036447995879154
1184,29.039560568403466
1185,29.65383361253236
1186,29.882712496065388
1187,29.91747031265249
1188,29.547957436977992
1189,28.989976584530837
1190,28.52192205940753
1191,28.08243599428338
1192,27.50270879473765
1193,27.02972013334312
1194,26.537243438422628
1195,26.11400853413035
1196,25.765951592858116
1197,25.463142053951273
1198,25.371433535219936
1199,25.17209739352955
1200,24.857313562195728
1201,24.46729173034762
1202,24.225305328635542
1203,24.138455693733285
1204,24.287337154341408
1205,24.59243837615139
1206,24.79776034315615
1207,24.868312189471975
1208,25.19173878675236
1209,25.969023220884708
1210,27.236723914219844
1211,28.828723352043202
1212,30.612706342611798
1213,32.66668883370136
1214,34.54183991112456
1215,35.91753089560627
1216,36.99490695132505
1217,38.180203353396436
1218,39.4536405056592
1219,40.55037628706296
1220,41.41999459789939
1221,42.16271478916974
1222,42.891326115173726
1223,43.691381207299926
1224,44.41868897713671
1225,44.860956635668
1226,45.04243229253713
1227,44.99193712572352
1228,44.88325331783517
1229,44.724674497185575
1230,44.40321143174491
1231,44.023406121051536
1232,43.56030925259195
1233,43.08045087679499
1234,42.47558441318746
1235,41.580260102715414
1236,40.57504458115824
1237,39.57353265240653
1238,38.605041913328236
1239,37.749520052881834
1240,36.94544514282516
1241,36.442371161000494
1242,36.052887259955654
1243,35.738856353164465
1244,35.28382740479147
1245,34.48481964318657
1246,33.43999528081889
1247,32.11787452824085
1248,30.979191336077207
1249,30.14929753095182
1250,29.547126247219193
1251,28.737856779948572
1252,27.76341923213365
1253,26.54261496665066
1254,25.48051525568046
1255,24.22234676998871
1256,22.94441540762572
1257,21.789546218611974
1258,20.80070960201199
1259,20.15883700604201
1260,19.473264095657832
1261,18.651362354822876
1262,17.80291893096412
1263,16.849394940624578
1264,15.939713535326263
1265,15.656869769212532
1266,15.99893007422255
1267,17.049935209297193
1268,18.642671250304698
1269,20.781567126272744
1270,23.33544116786682
1271,25.813640301255667
1272,28.125519197592425
1273,30.613100245631124
1274,32.962449947575806
1275,35.01667968033601
1276,36.644822760859405
1277,37.76194850107516
1278,38.84784205874428
1279,39.94145573220848
1280,40.91583452032873
1281,41.639785580685675
1282,42.45299313061149
1283,43.21076561147257
1284,43.469929395246794
1285,43.408772181890356
1286,42.93131646305585
1287,42.426950150170185
1288,41.995589353614136
1289,41.711121954007616
1290,41.91494744306745
1291,42.29173719882793
1292,42.70908510518811
1293,43.15333141065004
1294,43.64864409867127
1295,43.91932504702366
1296,44.148025840418796
1297,44.27452183637721
1298,43.79163605928685
1299,42.67098764886396
1300,41.345151664274354
1301,39.7472403655489
1302,37.80223317348555
1303,35.76933852635061
1304,33.75515551264411
1305,31.741600901232715
1306,29.723656650244575
1307,27.933974580642946
1308,26.842918462717257
1309,26.38604280697697
1310,25.94248053281956
1311,25.556581354302605
1312,25.14923716056478
1313,24.618141049151504
1314,24.19309641890672
1315,23.507949298223686
1316,22.613108191345372
1317,21.65951070618995
1318,20.89285051900588
1319,20.408453824104964
1320,20.143440727829287
1321,19.922600113863353
1322,19.694962444400623
1323,19.47189398668724
1324,19.243405227583224
1325,19.02443443233188
1326,18.808233925812115
1327,18.59373415869929
1328,18.500041233728155
1329,18.570659027886762
1330,18.89942828905985
1331,19.299618130337876
1332,19.684903318601293
1333,20.301886326548107
1334,21.060449458632874
1335,21.93124476754855
1336,23.23580553623748
1337,24.835168393386258
1338,26.54165894927003
1339,28.17543064620915
1340,29.77281323534739
1341,31.4099649665782
1342,33.1535520933933
1343,35.11311023657727
1344,36.99828874332535
1345,38.65053965339476
1346,40.207429415342745
1347,41.820993589874746
1348,43.22931539354033
1349,44.396364835847265
1350,45.145381855646946
1351,45.72970188738744
1352,46.26431214962989
1353,46.59610819208528
1354,46.65846050718413
1355,46.62480740260716
1356,46.458948361050886
1357,46.31827811266062
1358,46.23786254011378
1359,46.48808772267165
1360,47.021997019053856
1361,47.888033056683554
1362,48.96138811242217
1363,50.13712625989481
1364,51.36767133453804
1365,52.490796022335104
1366,53.51242630107653
1367,54.534703153045164
1368,55.42408401425788
1369,56.35176525685651
1370,57.046307654762
1371,57.52578571822201
1372,57.89875661979721
1373,58.36868938975523
1374,58.61384017731902
1375,58.351192786535165
1376,57.82571631564781
1377,57.39172868705886
1378,56.9557339502664
1379,56.608555523846036
1380,56.35924023659101
1381,56.19913061672916
1382,56.108033960039194
1383,56.08326406597914
1384,56.12688218814429
1385,55.96527090431256
1386,55.26615667095749
1387,54.019224502678526
1388,51.96267746727703
1389,49.36755911252755
1390,47.207417214011514
1391,45.417268949648744
1392,43.524901594405236
1393,42.092538256843625
1394,41.60375542060336
1395,41.72166552492404
1396,41.787848848932555
1397,41.35795309104565
1398,40.4371080422448
1399,39.340311843484955
1400,38.49090227496627
1401,37.43198150763649
1402,36.36274890838912
1403,35.675344598533044
1404,35.14963677221628
1405,34.89987174361676
1406,34.69434804859753
1407,34.35183732297027
1408,33.85779471719099
1409,33.235274117179095
1410,32.36646094326095
1411,31.334291702907247
1412,29.95941864460684
1413,28.552240712604892
1414,27.155587311081696
1415,25.385274548040748
1416,23.354987444074766
1417,21.431719819947116
1418,20.08346525507909
1419,19.144896417363412
1420,18.31116074136305
1421,17.41487963159111
1422,16.462041109081852
1423,15.797522792925635
1424,15.209964831919576
1425,14.698789405844305
1426,14.299768644166047
1427,14.152666129064102
1428,13.95893045735713
1429,13.725450501051967
1430,13.792157262000401
1431,14.524441135196053
1432,15.787134877445364
1433,17.30801888780337
1434,18.883248256603224
1435,20.362185082927272
1436,22.22596993202209
1437,24.239129292011157
1438,26.35868963623641
1439,28.91117494140351
1440,31.79355127914169
1441,34.840777090989405
1442,37.52976930759088
1443,40.05175394178265
1444,42.64742334187102
1445,44.945778861051494
1446,46.842112101805135
1447,48.523676051510584
1448,49.85617474236461
1449,50.6974376534168
1450,51.22617452215712
1451,51.39659335596108
1452,51.32436736637568
1453,51.269475880510306
1454,51.291800345046525
1455,51.42101741647823
1456,51.474271798279986
1457,51.50662451400143
1458,51.596719369819546
1459,51.49002411501399
1460,51.170222521638024
1461,50.59975752599772
1462,49.827951230675026
1463,48.86222310330693
1464,47.85476923783183
1465,46.68568962626827
1466,45.46646278023077
1467,44.55924754497728
1468,43.88616616421656
1469,43.42925812205792
1470,42.984907100413416
1471,42.59511587061457
1472,42.35106591895848
1473,42.30893584289304
1474,42.3589929632226
1475,42.23959701662575
1476,42.13201375338739
1477,41.9842584278061
1478,41.91256646109859
1479,42.066584195188554
1480,42.3640444728861
1481,42.56272753785509
1482,42.735581804378114
1483,42.783951418955674
1484,42.92121593909309
1485,43.162731246657174
1486,43.506927449144456
1487,43.995507572403525
1488,44.46326599047468
1489,44.77386855729456
1490,44.91297499093811
1491,44.95349856943334
1492,44.899218562419335
1493,44.4524348102197
1494,43.54652842242223
1495,42.228708682990046
1496,40.66643361116395
1497,38.6720188909522
1498,36.249160505870854
1499,33.84896250780339
1500,31.61418666163821
1501,29.73889949013337
1502,28.740310586733997
1503,28.405117909077838
1504,28.38712338028617
1505,28.912432937707976
1506,29.826222473965103
1507,30.62403583296063
1508,31.294720041409402
1509,32.16025036014396
1510,33.054180344614615
1511,33.57942531168955
1512,33.77926990144323
1513,33.82351978951692
1514,34.1432094930335
1515,34.55475831053281
1516,34.543701077922265
1517,34.03525223842234
1518,33.66666922639023
1519,33.58512059266168
1520,33.43613443122142
1521,33.327084849127885
1522,33.42061367704749
1523,33.77348300145928
1524,33.980918266859156
1525,34.0954235632304
1526,34.230143663653024
1527,34.11130773673561
1528,33.59426428612086
1529,32.943670053393916
1530,32.20738338696964
1531,31.481135210888212
1532,30.68165799270085
1533,29.797050345551224
1534,29.1180513037251
1535,28.788583362964854
1536,28.613125690020134
1537,28.405282395027122
1538,27.9406834252735
1539,27.536482321587854
1540,26.822870328727227
1541,26.188825733312477
1542,25.378633512658645
1543,24.325043660393327
1544,23.085362388812
1545,21.8068128959598
1546,20.351882634973254
1547,18.74137122028203
1548,17.08903822487171
1549,15.647040942077112
1550,14.611215759560993
1551,14.027840923221405
1552,13.843585104446149
1553,13.998439566330857
1554,14.47329762056832
1555,15.27222676811478
1556,15.727706166002555
1557,15.777193818404143
1558,15.765601523480136
1559,16.552165196107268
1560,17.794757601805006
1561,19.077967537258708
1562,20.5794833667824
1563,22.33770805826216
1564,24.31006651439558
1565,26.405429728278968
1566,28.250345302613454
1567,30.0399333268722
1568,31.817918689890558
1569,33.72854021038961
1570,35.781575174342436
1571,37.75664269894146
1572,39.786689588217726
1573,41.872272505477625
1574,43.53338030883623
1575,44.93385186206457
1576,46.49913142618988
1577,47.910187883529744
1578,48.989359905768154
1579,49.957783450996665
1580,50.81277217143712
1581,51.11491970736947
1582,51.084629759152705
1583,50.78860682385055
1584,50.01880230376638
1585,49.21835359312851
1586,48.654792218258756
1587,48.409541608762524
1588,48.54572428807568
1589,48.43694287649666
1590,48.71220826830147
1591,49.61466785775934
1592,50.259415009473045
1593,50.28205735391602
1594,50.17947777564626
1595,50.28870137456724
1596,50.383725905628495
1597,50.4355984068511
1598,49.97721834089628
1599,48.741538277767624
1600,47.21854790989525
1601,45.98124764117205
1602,44.65694260906072
1603,43.000776351186126
1604,41.4997806156872
1605,40.36072157939414
1606,39.40890614734294
1607,38.72972848084103
1608,38.491775152047055
1609,38.51775221496699
1610,38.82077488467903
1611,39.38449753363726
1612,40.14174356611187
1613,41.15737796604185
1614,42.15754261577094
1615,43.08922580311851
1616,43.819958166936814
1617,44.2243585346381
1618,44.14653677913226
1619,43.846956444558934
1620,43.48498876429868
1621,42.99314237978859
1622,42.47640542657596
1623,42.14936537709212
1624,42.09153248736707
1625,42.170671364317215
1626,42.45807495199663
1627,42.677711800879145
1628,42.938674765019556
1629,43.21039119119999
1630,43.24352779973243
1631,43.08431314030236
1632,42.92218352759785
1633,42.61209070891431
1634,42.217805027067385
1635,41.69281952177072
1636,41.20025452768857
1637,40.823659394775
1638,40.54206060404525
1639,40.53052990438087
1640,40.64455635404283
1641,40.92941329085353
1642,41.206854924382384
1643,41.446917531488516
1644,41.602434437623295
1645,41.62295183737572
1646,41.52861794128357
1647,41.38572087004033
1648,41.11827833304163
1649,40.81926449216638
1650,40.42778641710869
1651,39.84445775915003
1652,39.242137862109146
1653,38.71811955168356
1654,38.11311129009454
1655,37.577670190477605
1656,36.99908358310768
1657,36.02455481282683
1658,34.79464772683325
1659,33.65055160764999
1660,32.613131269162636
1661,31.723700239314134
1662,31.081411624424955
1663,30.490869799430435
1664,30.230990560465415
1665,30.478383736144135
1666,30.912884584787534
1667,31.763702040294795
1668,32.9775210695001
1669,34.31811356577112
1670,35.246824105400925
1671,35.67931305713465
1672,35.79532798439916
1673,35.99088522370918
1674,36.537873723214375
1675,37.18899595700421
1676,37.99786845758178
1677,38.83859527302968
1678,39.18641423845884
1679,39.47279729960506
1680,40.07344830168296
1681,40.79121172651442
1682,41.73578327909644
1683,42.75218058128169
1684,43.56731447002841
1685,44.14336565612028
1686,44.19395514340599
1687,44.291132498705096
1688,44.441369395169076
1689,44.50713094711175
1690,44.64739166358685
1691,44.76620015541448
1692,44.958849767988546
1693,45.397323438493075
1694,46.166620475274215
1695,46.92113670911615
1696,47.36247863620241
1697,47.408088545344256
1698,47.26441210982554
1699,47.08787901188615
1700,46.604429385739905
1701,45.74376410535621
1702,44.694977360413404
1703,43.48658737878456
1704,42.059609125835124
1705,40.68386102706342
1706,39.326241867549484
1707,38.08447949311331
1708,36.80133671112836
1709,35.662768144625254
1710,34.67221349176755
1711,33.82361687590267
1712,32.76186176161142
1713,31.238688754147127
1714,29.349630466387005
1715,27.46791563140075
1716,26.058456442494816
1717,24.7244286043915
1718,23.640499214984402
1719,22.70359516215206
1720,21.8837703346019
1721,21.61234263639433
1722,22.013028176853418
1723,22.91012239225209
1724,24.398559707192284
1725,26.55369864527964
1726,29.091871958846315
1727,31.450765993933704
1728,33.04964008352691
1729,33.922919495627085
1730,33.92685643996434
1731,33.65014122634698
1732,33.32576978119253
1733,33.00997065589067
1734,32.6005298423767
1735,32.39491549313103
1736,32.144848875128126
1737,32.09986748240165
1738,32.11264808307394
1739,32.06282884247479
1740,31.933777420349465
1741,31.740991512124392
1742,31.644772983782808
1743,31.542112294642177
1744,31.456887474332355
1745,31.125574917660543
1746,30.864305975962957
1747,31.121081244080877
1748,31.55761762430738
1749,31.9312882552439
1750,32.04421161101696
1751,31.708729949352957
1752,31.150389819833027
1753,30.473477971646325
1754,29.878537264300363
1755,29.76836816082787
1756,29.727610941378494
1757,29.529967184332357
1758,29.57105483159838
1759,29.842022930211016
1760,30.412879588255883
1761,30.78360798204738
1762,31.252026519006243
1763,32.095615144821316
1764,32.79886825406078
1765,33.43363531553095
1766,34.09907195010699
1767,34.67800182218815
1768,35.332288507894646
1769,35.19020244647581
1770,34.36672415954807
1771,33.24516920957166
1772,31.733039487228503
1773,29.704827732246194
1774,27.419851055970398
1775,25.249148320896477
1776,23.047469799643988
1777,20.812079190077
1778,19.059876650801918
1779,17.886520978965194
1780,17.193080284873204
1781,16.907393263821888
1782,16.95882317624987
1783,17.283381720239166
1784,17.88234698979825
1785,18.550437640948058
1786,19.375208515840797
1787,20.484025602422392
1788,21.8506975035126
1789,23.20659170869341
1790,24.20059442769185
1791,24.515884401928616
1792,24.60832139701166
1793,24.84358520399124
1794,24.933545771532035
1795,24.890804192489316
1796,24.644475120427913
1797,24.446460433432343
1798,24.40394947194278
1799,24.501254046204252
1800,24.71358665545238
1801,24.84011395164186
1802,24.895459086066943
1803,25.198304692330005
1804,25.459987150801364
1805,25.836100257733882
1806,26.57886541906278
1807,27.331316645013885
1808,27.781552254822692
1809,28.251819099695147
1810,28.678975955416757
1811,28.796570296734217
1812,28.637593450203546
1813,28.403408884313613
1814,28.267510484947294
1815,28.204618960115546
1816,28.364540943248322
1817,28.6424441367852
1818,28.747672662593462
1819,28.78088666556667
1820,28.873191779908012
1821,28.995358067473234
1822,29.406360638462154
1823,30.020645476411023
1824,30.555073285426538
1825,30.90965515866037
1826,31.142704416576773
1827,31.24321871993145
1828,31.256778859406126
1829,31.23890774789449
1830,31.190422881585523
1831,30.66473008955513
1832,29.799973700857834
1833,28.70126656497187
1834,27.761976361024534
1835,27.36388767085621
1836,27.614546591640508
1837,28.54397798967981
1838,30.121898386796225
1839,32.260433126840354
1840,34.84605001402806
1841,37.48512216598965
1842,40.10182408547101
1843,42.71718825299622
1844,45.01977255036094
1845,46.75140317143442
1846,48.02260569562176
1847,49.22959887806273
1848,50.347142215669464
1849,51.457349009616905
1850,52.154556482061935
1851,52.42056047560249
1852,52.19105773899039
1853,51.57871724870287
1854,50.81981660241869
1855,50.42155398929003
1856,50.336516947242444
1857,50.09170352536888
1858,49.87293090295654
1859,49.734533923554466
1860,49.47798400815455
1861,49.12547267073008
1862,48.87491042364712
1863,48.64641787808783
1864,48.22289882992288
1865,47.80346728102131
1866,47.42376647759082
1867,46.86715414274812
1868,45.8852661768681
1869,44.815246439440884
1870,43.92337175206197
1871,43.30239796150764
1872,43.20279624703852
1873,43.488262219638614
1874,43.64246248957603
1875,43.532841858297694
1876,43.80318861241609
1877,44.42133028235218
1878,45.12301966748098
1879,45.58484054338058
1880,46.2029379421435
1881,46.740682679067234
1882,47.49582390891351
1883,48.5837740491051
1884,50.04264898721118
1885,51.604879610903645
1886,52.963838607687414
1887,53.87777906237185
1888,54.2137743202232
1889,53.74920582498805
1890,52.733475616871914
1891,51.69906955799048
1892,50.7858104210748
1893,49.97639999488488
1894,49.23956814471482
1895,48.59294394785937
1896,48.00635125382395
1897,47.46786838883273
1898,47.33224618418444
1899,47.52592698159795
1900,47.75244119170915
1901,47.95856219906613
1902,48.33047094281807
1903,49.08947088846116
1904,50.01646459510237
1905,50.625531756505936
1906,50.80689238037036
1907,50.5838475333208
1908,49.961584146767294
1909,49.18517637359652
1910,48.35157538532671
1911,46.81042288028985
1912,44.8894651871862
1913,42.823077804504265
1914,40.85244135473322
1915,39.00060918423986
1916,36.88588172285094
1917,34.77255681687458
1918,32.810136506950485
1919,31.377460717159856
1920,30.70903497017909
1921,30.58430649842826
1922,30.187006922345056
1923,29.861921324533874
1924,29.65805984261801
1925,30.050442165675083
1926,30.8345939666504
1927,31.513510715853513
1928,32.07236200182523
1929,32.452916790394326
1930,32.4940973377831
1931,32.73331058405393
1932,33.696893226412364
1933,35.20669971788248
1934,36.746325113344234
1935,38.14506218441977
1936,39.17253404253893
1937,39.569365499464794
1938,39.91460886699031
1939,39.771864987442484
1940,39.22552694926398
1941,38.371052118511976
1942,37.354437328163755
1943,36.238860182539085
1944,34.82461352687817
1945,33.65745284107177
1946,33.08253704706907
1947,32.54123794192968
1948,31.767475587487567
1949,31.71484609410114
1950,32.52487504855789
1951,34.163582413255156
1952,36.20016153156559
1953,38.7941287751548
1954,42.00700950068646
1955,45.119587548396076
1956,47.207644298104654
1957,48.025070640262456
1958,47.626609637474914
1959,46.820563045295856
1960,45.38934243205284
1961,43.73707920499079
1962,42.31153101050955
1963,41.564467734932954
1964,41.268464538230596
1965,41.56907029523014
1966,41.97850522304995
1967,42.11580552182513
1968,42.17354792906012
1969,41.99625870306798
1970,42.20439592669014
1971,42.79061279359776
1972,43.4716930352093
1973,44.1562810592797
1974,44.458913573704585
1975,44.32866096865004
1976,43.92107515337034
1977,43.48072728433296
1978,43.31381466306924
1979,43.657709114501365
1980,44.440373195106126
1981,45.35998299838675
1982,46.12202823027495
1983,46.78701700620983
1984,47.54693256313608
1985,48.567545807219894
1986,49.36866097965353
1987,49.682903065211825
1988,49.2978396665639
1989,48.005332531784155
1990,46.15073084788921
1991,44.23397919106506
1992,42.414817855117164
1993,40.63267129017049
1994,38.92977371366518
1995,37.44825282210555
1996,36.215744403968614
1997,35.58161359020954
1998,35.43315097511424
1999,35.03033263122167
2000,34.518429980687685
2001,33.962112067155694
2002,33.16229935811586
2003,32.23773620553693
2004,31.706056034909594
2005,31.40968544705798
2006,31.29729005207097
2007,31.423353711481468
2008,31.747282632210364
2009,32.26094100551654
2010,32.93245798066168
2011,33.76572826306587
2012,34.36389930728514
2013,34.5593271930137
2014,34.628867403182646
2015,34.70111717617698
2016,34.81371341847267
2017,34.76647366967102
2018,34.383804465691334
2019,33.57482405049823
2020,32.87518504989628
2021,32.385141050491995
2022,32.041831642426935
2023,31.567748118927405
2024,30.51091359271676
2025,29.029642165130433
2026,27.249871760813797
2027,25.522580769573544
2028,24.059193098913344
2029,22.926665245175265
2030,22.209682899122882
2031,21.847787928270684
2032,21.618923640462228
2033,21.13305893740479
2034,20.65395664198936
2035,20.307656554817775
2036,19.991810780269198
2037,19.49494638796046
2038,19.28995168273443
2039,19.269351209970665
2040,19.134018600269265
2041,18.64964176579668
2042,18.02716972948621
2043,17.32124706635731
2044,16.686806879427838
2045,16.562243038266317
2046,17.447110621983324
2047,18.87933344129798
2048,20.580402393526235
2049,22.522416988761023
2050,24.191978384977283
2051,25.55345894560947
2052,26.737947033359468
2053,28.186859441100005
2054,29.707634540228476
2055,31.452671720104146
2056,33.832209635063975
2057,36.44411179286045
2058,38.91453678333174
2059,41.298358152323644
2060,43.79210540087939
2061,46.10213166826644
2062,48.186645371023104
2063,49.538215804522245
2064,50.079853546644614
2065,49.918942766713926
2066,49.055034506834374
2067,47.51271840364796
2068,45.47658043450923
2069,43.59506869539556
2070,42.25070887803324
2071,41.14718448683726
2072,40.529560307828234
2073,40.70930776887524
2074,41.93172224437541
2075,43.596610936706995
2076,45.560618948473305
2077,47.53719422304994
2078,49.14206435096393
2079,50.513739859023445
2080,51.598976673592745
2081,52.1897351394378
2082,52.28036309930699
2083,51.95543199916765
2084,51.3356210230656
2085,50.368368043154874
2086,49.22856974225878
2087,48.25347120251341
2088,47.27448558209805
2089,46.973117503596015
2090,47.5237019648186
2091,48.105979982245664
2092,48.65061013737411
2093,48.98530858002634
2094,49.56100077215663
2095,50.49910557876042
2096,51.94396712727578
2097,52.916673098410726
2098,53.423998764335494
2099,53.65890431109637
2100,54.261570934451086
2101,55.07526472333683
2102,55.72365048961895
2103,55.70538981361843
2104,54.82200084249099
2105,53.85288955285834
2106,53.09789213557244
2107,52.014270644729116
2108,50.56879040861957
2109,49.31122260320427
2110,48.42454895272887
2111,48.18582430666223
2112,48.077352182843335
2113,47.65287841447069
2114,47.39301727139288
2115,47.379067657863615
2116,47.38298420068143
2117,47.38352784688984
2118,47.10778871682116
2119,46.75629702566049
2120,46.366994596882776
2121,45.91919442244006
2122,45.23150964940123
2123,44.60802809623649
2124,43.86957492999531
2125,43.05161875718577
2126,42.57517756629538
2127,42.15210819686733
2128,41.735741552453106
2129,41.420138059205904
2130,40.98123795108114
2131,40.71120085414968
2132,40.77332588487897
2133,40.87999263327076
2134,40.674045607177234
2135,40.7549987173971
2136,41.2218647161984
2137,41.63478318087635
2138,41.94582726721549
2139,42.421356917367206
2140,42.78686926043423
2141,42.92300223278528
2142,42.92895542786657
2143,42.68613394456242
2144,42.09454999584263
2145,41.473862926584545
2146,40.876691434508395
2147,40.10480569261556
2148,39.28964242300313
2149,38.47896697830912
2150,37.572508670482605
2151,36.694992375687555
2152,36.18153894240487
2153,35.797675490384364
2154,35.30128493236468
2155,34.86420393679649
2156,34.69015662323403
2157,34.197773224733155
2158,33.092424201263995
2159,31.698622391712057
2160,30.285349919623823
2161,28.7694930017786
2162,27.36134810014848
2163,26.220946677368662
2164,25.340922464220505
2165,24.341470764871744
2166,23.47194778643832
2167,22.53006693447663
2168,21.322871266330253
2169,19.924139105951106
2170,18.36809502461361
2171,16.95778161239921
2172,15.574669489874768
2173,13.989162832459243
2174,12.373735026323981
2175,11.119970691581486
2176,9.965322368123386
2177,9.201332406993313
2178,8.916525681585215
2179,9.079482762353074
2180,9.615010200054236
2181,10.511739392041981
2182,11.710397284291474
2183,13.061074860030626
2184,14.686769901779435
2185,16.68195976828369
2186,18.6215305600335
2187,20.391346259647378
2188,22.40349719189568
2189,24.344256669817426
2190,26.029191943635084
2191,27.8838840418141
2192,29.805830782809185
2193,31.68195593421362
2194,33.47222829200397
2195,35.27010515344766
2196,37.117133770001885
2197,38.78645363982765
2198,40.32018578017441
2199,41.8182594294982
2200,42.98288901799298
2201,43.92942011521598
2202,44.429760497928385
2203,45.00743503711876
2204,45.92402662451119
2205,46.97035161102356
2206,47.608722083951065
2207,48.003769931928396
2208,48.44598285609136
2209,48.56283530862722
2210,48.5025719649611
2211,48.365885208843636
2212,48.11029358561802
2213,47.44299425672993
2214,46.75561287675868
2215,45.76795527305459
2216,44.17042050734125
2217,42.36131517343274
2218,40.393531023511414
2219,38.45842704838148
2220,36.671866608820494
2221,34.585734539680054
2222,32.159809477215575
2223,30.04925467287149
2224,27.865682000799218
2225,25.796952157102687
2226,24.248389602497376
2227,23.151193767510833
2228,21.928196788861666
2229,20.736076808778673
2230,19.537948749593443
2231,18.40224774127079
2232,16.943658953644814
2233,15.285631469965598
2234,14.09540152584993
2235,13.46087076599099
2236,13.320040820802713
2237,13.618189464167928
2238,14.253012069434646
2239,15.231048117772534
2240,16.523713228220913
2241,18.31931420507431
2242,20.395356639321783
2243,22.63700998918926
2244,25.1599495342694
2245,27.56828037444688
2246,29.78043380774563
2247,31.388379455906342
2248,32.4210011217028
2249,33.25154382819556
2250,33.64855499833273
2251,33.84389342913293
2252,34.42108241864098
2253,35.38715290360254
2254,36.17883845061945
2255,36.624050929611315
2256,36.78365485673693
2257,37.324493053096205
2258,38.11655302750271
2259,38.79751347258157
2260,39.55004368329375
2261,40.614685512514704
2262,42.11844574749642
2263,43.65036992700766
2264,44.98858787776403
2265,46.01673029742231
2266,46.754526647165335
2267,47.4592725101124
2268,47.62508012120492
2269,47.14216650929342
2270,46.57445162487035
2271,45.89461519999284
2272,45.22887803703675
2273,44.67878227339483
2274,43.97482912973067
2275,43.45526811949286
2276,43.379999544390046
2277,43.59356523497031
2278,43.595075433098586
2279,43.723610722761364
2280,43.835436424767984
2281,44.177436542138366
2282,44.47863582723468
2283,44.5904683351463
2284,44.65774850833174
2285,44.839742327726405
2286,45.24850240675286
2287,45.62032631728604
2288,45.957327221398444
2289,46.485609326972835
2290,47.06054101309138
2291,47.36012258075025
2292,47.29240015702416
2293,46.8888446677562
2294,46.24454925319766
2295,45.32985376875705
2296,44.1513466772471
2297,43.14943963637553
2298,42.36059558930117
2299,41.6650838117279
2300,40.99947799475283
2301,40.49865196662357
2302,40.01961675712532
2303,39.376511726725276
2304,38.298087292348725
2305,37.02771979726484
2306,35.74734869505326
2307,34.74305510483417
2308,34.13058807882301
2309,33.501794244855525
2310,32.789473588541696
2311,32.23977097843391
2312,31.86188599136144
2313,31.636736012702602
2314,31.371432990136505
2315,31.204648686453645
2316,31.324863404901915
2317,31.830657815984747
2318,32.88445949302693
2319,34.16839173961539
2320,35.461667573839456
2321,36.73925963126217
2322,37.9764750040696
2323,39.068466452171265
2324,40.255506714234826
2325,41.218033486360355
2326,41.99305464130522
2327,42.87883396212128
2328,43.76954099843456
2329,44.76751675873641
2330,45.76507834042529
2331,46.879037534323
2332,47.9350488934161
2333,48.90518863764743
2334,49.64016489307649
2335,50.286911999121585
2336,50.807394148391026
2337,51.26021361825545
2338,51.262601615649004
2339,51.17501219025423
2340,51.03566454025829
2341,51.17113132141921
2342,51.61030376561268
2343,52.00267329142548
2344,52.16472638603085
2345,52.21750344877452
2346,52.3292603189945
2347,52.4843694554738
2348,52.60949780229508
2349,52.69615498692534
2350,52.744205967788204
2351,52.76616997130613
2352,52.76520121302388
2353,52.746746525904214
2354,53.02982756788762
2355,53.62754552513512
2356,54.18529394465353
2357,54.586111841557496
2358,55.00465474105668
2359,55.14683121900457
2360,55.20845897789199
2361,55.42063520421488
2362,55.713839398980625
2363,55.78363064062706
2364,55.39809702190643
2365,54.83673083541993
2366,54.15546661938701
2367,53.356538789976966
2368,52.67606109207284
2369,52.188998292570034
2370,51.88770791792668
2371,51.40230954549864
2372,50.74938250410008
2373,50.01729928572759
2374,49.000985735745154
2375,48.3791701174287
2376,48.04157150643397
2377,47.733736951935114
2378,47.20272520485579
2379,46.577052239909456
2380,45.831435788710834
2381,44.874375978327485
2382,43.51459679415314
2383,41.907284822089096
2384,40.60759960311121
2385,39.498213366166155
2386,38.36415990037342
2387,37.213458929656
2388,36.07563196811345
2389,34.947558220052585
2390,34.11498490628931
2391,33.71459262077917
2392,33.71838793212339
2393,33.81187279858054
2394,33.893204632398245
2395,33.9630495015476
2396,34.223283868450274
2397,34.823248207996
2398,35.411211900063826
2399,35.96861748351279
2400,36.44877983590134
2401,37.04472850107823
2402,37.612814527977164
2403,37.92951029437593
2404,38.22339668089265
2405,38.16590327862177
2406,37.547260977409934
2407,36.4502196854487
2408,34.94019786475765
2409,33.074831084021
2410,30.945446807173326
2411,28.873115760632793
2412,27.20690058967858
2413,26.024287967517154
2414,25.18767489172121
2415,24.52275888470124
2416,24.064108645427723
2417,23.750879924427885
2418,23.726871981252913
2419,23.82196501335847
2420,23.95612739106845
2421,24.028537381432137
2422,24.476206897265406
2423,25.37643945835507
2424,26.595442784038397
2425,27.89858636098902
2426,29.209389850285696
2427,30.306502242854506
2428,31.35059962068957
2429,32.48625340044627
2430,33.49637501807187
2431,34.4261012753572
2432,35.446841133053304
2433,36.46694602833233
2434,37.41847425802088
2435,38.22473217780695
2436,39.03774303456409
2437,39.95983953036101
2438,40.91341977336385
2439,41.780052404747224
2440,42.61336002060156
2441,43.235302237619706
2442,43.69516409795927
2443,44.15747187522412
2444,44.62792479827526
2445,45.19402885088266
2446,45.928680237910434
2447,46.90698588033867
2448,48.23801255842572
2449,49.70086988880037
2450,51.05828024371941
2451,52.23922725249898
2452,53.43455548004764
2453,54.509326313126124
2454,55.41105828980773
2455,56.15974851523252
2456,56.75109396507915
2457,57.308404430376584
2458,57.895261902153706
2459,58.46686003477757
2460,58.93153200425377
2461,59.50994656316742
2462,59.45267798697515
2463,58.388382040741064
2464,56.59214365904793
2465,54.09486194622519
2466,51.37805765491906
2467,47.96676263993738
2468,44.4936129191327
2469,41.1779089638524
2470,38.49042723918963
2471,36.34372473061145
2472,33.88482140640993
2473,31.556418870594815
2474,29.37949225878676
2475,27.219225254080595
2476,25.529280031918063
2477,24.095578631044408
2478,23.167584528499695
2479,22.082011449934935
2480,20.81051107546682
2481,19.78795184661773
2482,18.80252840380726
2483,17.796311585791237
2484,17.07162433391001
2485,16.692762017755854
2486,16.853563784198503
2487,18.110293990588485
2488,19.629352316797245
2489,21.08916645964936
2490,22.508599733758302
2491,24.070301919380377
2492,26.16592321666145
2493,28.72171358998822
2494,31.15122836592308
2495,33.55769477281909
2496,36.354136834852085
2497,39.11079156552609
2498,41.03408193640752
2499,42.04199681457566
2500,42.60651351081509
2501,42.99756395826365
2502,43.633376368094744
2503,44.112942860196114
2504,44.103644643676276
2505,44.500954198576515
2506,44.96173651299182
2507,45.321585191646776
2508,45.63465354207658
2509,46.59737830168761
2510,47.45997439359303
2511,47.49865510030364
2512,46.92780358178956
2513,46.0208920745521
2514,44.59916901663212
2515,42.55402364535381
2516,40.61367836750551
2517,39.03998342787877
2518,37.82381409360957
2519,36.98830511122287
2520,36.733653258199055
2521,36.98691616665505
2522,37.66283169163494
2523,38.58068705269857
2524,39.88079116671825
2525,41.50424059156723
2526,42.750762456117705
2527,43.337828948383695
2528,43.32519111346639
2529,42.87958938889412
2530,42.47986782070297
2531,42.77970755796953
2532,43.003062650664546
2533,43.085873622984536
2534,43.099262900475736
2535,43.10723638907871
2536,43.28252460009277
2537,43.71001608260151
2538,43.99065809535439
2539,43.99146762780043
2540,44.054401782045126
2541,44.03954460749527
2542,43.90147708807509
2543,43.69299670030594
2544,43.784451036250346
2545,44.08155302382948
2546,44.020197372591454
2547,44.01509323030996
2548,44.170168225381566
2549,44.04319147485202
2550,43.60706868633124
2551,42.976453313425054
2552,42.21241814475222
2553,41.398710703711394
2554,40.54484304560828
2555,39.92241438331125
2556,39.56166799185452
2557,39.90681979173965
2558,40.551090455954636
2559,41.28330946076018
2560,41.9987008596802
2561,42.249869482690386
2562,42.3990859753595
2563,42.54823802397965
2564,43.00178855649225
2565,43.39637751977821
2566,44.0561124073532
2567,44.35833189101814
2568,44.361603151033975
2569,43.67721493694803
2570,42.7828509580218
2571,42.19279038733134
2572,41.82484528366133
2573,41.525193850681035
2574,40.858084340243494
2575,40.13198355933595
2576,39.43015475378094
2577,38.66664768965761
2578,37.83053480378752
2579,36.92919048199428
2580,35.9936393783826
2581,35.03962627098804
2582,33.97388737880221
2583,33.042209011273144
2584,32.06569543389052
2585,31.634333804993986
2586,31.816280763284475
2587,31.892170893330686
2588,31.841270658508023
2589,31.74291541422943
2590,31.820790797911116
2591,31.826817039123988
2592,31.647498321112643
2593,31.565311009133755
2594,31.476855598913453
2595,31.36109984416279
2596,31.196417167718586
2597,30.934614288784747
2598,30.433795635871014
2599,29.796169678567573
2600,29.354580949462697
2601,28.68558484604108
2602,27.741074266339993
2603,26.979478466882327
2604,26.41198811880394
2605,26.2490374251254
2606,26.52911176333539
2607,26.976090492237045
2608,27.32003468426493
2609,27.825391585263365
2610,28.120731692663952
2611,28.444816950478277
2612,28.609985669850417
2613,28.706698478069583
2614,28.66866651333808
2615,28.98326658025212
2616,29.86624355816546
2617,30.94832941137831
2618,32.165556523369816
2619,33.411181233517866
2620,34.699247508507284
2621,36.02858613104692
2622,37.18511073265641
2623,38.44291700473485
2624,39.497298374770054
2625,40.38722333265834
2626,41.27250630951535
2627,41.92395301579998
2628,42.342617383309474
2629,42.48221495889238
2630,42.40591277873364
2631,42.20108034489476
2632,41.947812039922745
2633,42.04219210709989
2634,42.581686038088975
2635,43.47076551041981
2636,44.766210303268664
2637,46.399171935851044
2638,48.27361603498628
2639,50.22533979668576
2640,52.00437732638479
2641,53.495285556592705
2642,54.56965639213289
2643,55.55768353550086
2644,56.41001383740496
2645,56.90118229652655
2646,57.21062474753461
2647,56.95180612436539
2648,55.85439754801108
2649,54.31578348457106
2650,52.57885740559027
2651,50.70726385030537
2652,48.696126780541576
2653,46.63861581556337
2654,44.87603458258661
2655,43.27247421911744
2656,41.51613042462353
2657,39.559198438644074
2658,37.50839192059472
2659,35.22012855775682
2660,33.22963866298146
2661,31.510654670377182
2662,29.693957014859823
2663,27.74090867043921
2664,25.423209278911223
2665,22.76715982618139
2666,20.134122304973907
2667,17.744999700553986
2668,15.87921845177881
2669,14.519884309499018
2670,13.36145361013368
2671,12.09518054040814
2672,11.205617801212378
2673,10.58546881375938
2674,9.939729213350656
2675,9.680579599931736
2676,9.515974691879014
2677,9.618514183600027
2678,9.853827273300155
2679,10.058549661339269
2680,10.42611708121278
2681,11.380451909245762
2682,12.83612651251537
2683,14.542492928133298
2684,16.619508777019178
2685,18.686515202089176
2686,20.780224908567572
2687,22.8715149982907
2688,24.661193981211227
2689,26.249139112914555
2690,27.572396590074902
2691,28.592801945182376
2692,29.358769651821994
2693,29.9131728081894
2694,30.254547744809773
2695,30.442588360901425
2696,30.52923175314703
2697,30.504161148810503
2698,30.612781729725025
2699,30.6099644428539
2700,30.552923021949248
2701,30.487897525351393
2702,30.425344465538572
2703,30.48965232146314
2704,30.438307177206376
2705,30.48356174810091
2706,30.654690384900952
2707,30.834114647602664
2708,31.042681620361478
2709,30.985497608877363
2710,30.423291055633925
2711,29.640623253134862
2712,28.55175624002134
2713,27.53976777825644
2714,26.937905363829227
2715,26.62706577990437
2716,26.512833882716574
2717,26.45151806147728
2718,26.509782475401316
2719,26.668769784534085
2720,27.1160536927237
2721,27.72712337026173
2722,28.659842564892955
2723,29.921946654224065
2724,31.296013562585095
2725,32.65332693947163
2726,34.31366433334069
2727,36.12405235223478
2728,37.79796837873914
2729,39.27196017148174
2730,40.55601034159089
2731,42.02294258466
2732,43.324471540158086
2733,44.333187322860795
2734,45.45585082250345
2735,46.88685272900071
2736,48.13182438765333
2737,49.188174802490124
2738,50.23420110420774
2739,51.477344233472365
2740,52.71544581637922
2741,53.92153191572372
2742,54.917989579322175
2743,55.55398767377113
2744,55.944630233226164
2745,56.436037235570595
2746,57.01001723867914
2747,57.518151694440306
2748,57.98345019450657
2749,58.41949442505164
2750,58.82351241446915
2751,59.17738701414296
2752,59.496412189354814
2753,59.559626862180025
2754,59.3693730171733
2755,59.051414481211424
2756,58.708958217257596
2757,58.24082273305457
2758,57.63828633149752
2759,57.05899720856344
2760,56.394802350744385
2761,55.564448522797704
2762,54.70439519787846
2763,53.989233822107394
2764,53.49407810966861
2765,53.45864734217066
2766,53.456305139490425
2767,53.20933956585221
2768,52.99979825690352
2769,52.95292422715067
2770,53.16449861626802
2771,53.34768684558536
2772,53.229193796342244
2773,53.02898051557519
2774,52.977099778336225
2775,52.94944981673591
2776,52.751539400094885
2777,52.26829481064331
2778,51.65094682906516
2779,51.06439328167615
2780,50.75563328618661
2781,50.535678068475
2782,50.33659014802714
2783,49.856858613055806
2784,49.48537349279549
2785,49.33915331396814
2786,49.0340591265891
2787,48.86234260689475
2788,48.615924167768306
2789,48.02409343578944
2790,47.34009961475579
2791,46.5433586275598
2792,45.90054652077429
2793,45.34129998787089
2794,45.213148668580544
2795,45.27590925691878
2796,45.23635047583712
2797,44.7438396592423
2798,44.2287180448275
2799,43.97847293615107
2800,44.37164958129795
2801,45.187521573528954
2802,45.96988977103953
2803,46.59320437698307
2804,47.28492418668556
2805,48.1266578694349
2806,49.094090276953565
2807,50.199745429184
2808,51.40968919265623
2809,52.688855954610965
2810,53.935986234440264
2811,54.88798049110754
2812,55.58683654187929
2813,56.11071901614833
2814,56.560933900210024
2815,56.50570135755959
2816,56.15437346647144
2817,55.48012330860108
2818,54.42263176985383
2819,53.073025314402685
2820,51.706323245347505
2821,50.55757908531814
2822,49.836935205089404
2823,49.788506912394375
2824,50.015854012377204
2825,50.503612899780904
2826,50.9627632058817
2827,51.119998139584276
2828,50.920834154312644
2829,50.42923398561893
2830,49.56339437522267
2831,48.36170033740413
2832,47.00130050290066
2833,45.882176216585165
2834,44.88927321736802
2835,43.39271595856013
2836,41.2420466596095
2837,38.79234486260629
2838,36.84621454455936
2839,35.425244028260316
2840,34.12001682575758
2841,32.72353316057599
2842,31.458102942434152
2843,30.342150340909015
2844,29.66074935675154
2845,29.330027693223958
2846,28.96471668790055
2847,28.35420857582635
2848,27.897297498273794
2849,27.488418702371927
2850,27.1326941499373
2851,26.71108766345422
2852,25.969159273991856
2853,24.82909523404866
2854,23.274719702437803
2855,21.637174862793547
2856,20.198744939374492
2857,18.74792166254737
2858,17.119967511347184
2859,15.899468886599163
2860,14.999640163497848
2861,14.25629376756384
2862,13.6971412835967
2863,13.287600725557457
2864,13.00597382532644
2865,12.83579010446655
2866,12.77007021762709
2867,12.790458673604192
2868,12.995004834777545
2869,13.42156659101294
2870,14.124708522453508
2871,14.982598155712457
2872,15.956100463898224
2873,16.69874102285996
2874,17.040622528431246
2875,17.305328425150627
2876,17.660195398439797
2877,18.279937856581704
2878,18.848668871976194
2879,19.751041200782588
2880,20.985087715773002
2881,22.390111001708803
2882,24.02897887456595
2883,25.450381443028213
2884,26.83853097086308
2885,28.39512752573143
2886,30.19584710741813
2887,32.213848987258814
2888,34.2377605858285
2889,36.23652279647024
2890,38.10824525964618
2891,39.82312222273837
2892,41.34776812413202
2893,42.68197785908443
2894,43.92864864938134
2895,44.82192690748496
2896,45.45115058504638
2897,46.09211612223325
2898,46.4334244584208
2899,46.62650299705874
2900,46.579976824073796
2901,46.3662790057609
2902,46.035283576632004
2903,45.884929356819924
2904,46.07026501985862
2905,46.13665973005952
2906,45.938662574191305
2907,45.76640504858595
2908,45.44496283602467
2909,45.452275633754155
2910,45.70418765054079
2911,46.01087819737065
2912,46.330142225010036
2913,46.802145684391
2914,47.369985390484445
2915,47.80447693181053
2916,48.13625291677238
2917,48.328905309291336
2918,48.31062323611522
2919,47.91981813936868
2920,47.22147607177505
2921,46.25599626455947
2922,45.18067621977973
2923,43.872426250604505
2924,42.48994289933885
2925,41.08190830048126
2926,39.3730823612986
2927,37.79646392318403
2928,36.5311001698412
2929,35.588136063616474
2930,34.96738325474692
2931,34.619178509754086
2932,34.70030324066626
2933,35.15774805287627
2934,35.56244123298343
2935,36.05931156223896
2936,36.764600801857085
2937,37.70340080370457
2938,38.81873153703641
2939,39.54360824795292
2940,40.27574086869083
2941,41.03840368547125
2942,41.64003309228367
2943,42.21212062884217
2944,42.61846735585131
2945,42.81884438530868
2946,42.84566483715261
2947,42.646038625414285
2948,42.45951675606128
2949,42.37172915818876
2950,42.31497554616321
2951,42.18381148539872
2952,41.8608692549835
2953,41.33118022365173
2954,40.746282920129815
2955,40.177114000117776
2956,39.58011857876717
2957,39.069537956007714
2958,38.447906653762864
2959,37.92683416646524
2960,37.35512279291907
2961,36.71930239448386
2962,36.64687253320193
2963,37.32889766627168
2964,37.92225953204236
2965,38.63413854792959
2966,39.35517898535785
2967,40.03701088123276
2968,40.24704586831574
2969,40.44406469809185
2970,40.766702832118014
2971,40.8863178083823
2972,40.76875043908891
2973,40.27715594439893
2974,39.7657790790107
2975,39.25654135881598
2976,38.69154864837927
2977,38.05101291851939
2978,37.40203150266635
2979,36.659009285384
2980,35.862557667898
2981,35.21875356245385
2982,34.61039374440154
2983,34.08277342387554
2984,33.896246564263066
2985,34.00867025034495
2986,34.22902216355016
2987,34.30470778394157
2988,34.44543765413426
2989,34.816217614344154
2990,35.40298981508617
2991,36.04338220774962
2992,36.667661256125
2993,37.326506527093656
2994,38.02282460876641
2995,38.91636886985174
2996,40.31164037797642
2997,41.96554610730094
2998,43.49724061653538
2999,45.21927662779749
3000,47.071349635729625
3001,48.44688806867761
3002,49.356836854139004
3003,50.203877504828085
3004,50.67473029786251
3005,50.63684436794264
3006,50.202428898111435
3007,49.58048078036921
3008,48.6944085381206
3009,47.40885417681115
3010,45.99511729409908
3011,44.576364048684056
3012,43.41084909232832
3013,42.261710047397614
3014,40.92401975643655
3015,39.37796372248178
3016,37.661359914526365
3017,36.147797926928746
3018,34.88572916316412
3019,33.85420914327168
3020,32.96047847220798
3021,32.182932788382566
3022,31.75071552646995
3023,31.478234520514185
3024,31.31457968343225
3025,31.165709041750546
3026,30.683439190475426
3027,29.88039648382069
3028,28.86461083356871
3029,27.81991168563946
3030,26.77877976066908
3031,25.70668455699589
3032,24.958996579965607
3033,24.610500493042267
3034,24.606156136329897
3035,24.914152181269344
3036,25.464341103471558
3037,26.251581368518792
3038,26.811230496452133
3039,27.453821830808394
3040,28.201868697472307
3041,28.844087991688937
3042,29.318762045569493
3043,29.72472809668919
3044,29.808517474072204
3045,29.568963651317624
3046,29.534706861156867
3047,29.888243900604095
3048,30.15438089301083
3049,30.313144741480315
3050,30.37164421891493
3051,30.06994043094581
3052,29.64455252427913
3053,29.379720501890894
3054,29.291450228106054
3055,28.99155999741445
3056,28.6554214231041
3057,28.598782778607674
3058,28.727539075162966
3059,28.415223650893076
3060,27.988980932994934
3061,27.612447021582984
3062,27.331352555406156
3063,27.30377096446903
3064,27.327918994799443
3065,27.32450906112431
3066,27.554692364280903
3067,27.989689444617756
3068,28.58695716468732
3069,29.611124530897975
3070,30.642934922274627
3071,31.956977784949903
3072,33.50117028718329
3073,35.076526242702144
3074,36.6739265192661
3075,38.465047834515175
3076,40.263456689587656
3077,42.12880812662908
3078,43.75166387685512
3079,45.39886809300255
3080,46.89300770106058
3081,48.49828618724841
3082,50.39609113053726
3083,51.59115918316732
3084,52.06011908654965
3085,52.043040312777066
3086,51.54508087940904
3087,50.63969004438077
3088,49.52530666899409
3089,48.33185000973971
3090,46.89847989685504
3091,45.137698887387735
3092,43.08220276854923
3093,40.91141316582246
3094,38.65141504823653
3095,36.24596852232493
3096,33.90599765057636
3097,32.03718640959072
3098,30.447339111508782
3099,29.161279762183387
3100,28.275386562145947
3101,27.480609962733567
3102,26.925018071524036
3103,26.53907375636085
3104,26.25467451054102
3105,26.04786456021619
3106,25.688747131345668
3107,24.8619160428458
3108,23.774418275724543
3109,22.8391434540354
3110,22.057030261678175
3111,21.491851081991065
3112,21.137540646350168
3113,21.100605230458736
3114,21.00664902665298
3115,20.940956667311752
3116,20.757700170490832
3117,20.248603315739572
3118,19.364698060716627
3119,18.633723820971518
3120,18.148024377358905
3121,17.950704792308123
3122,17.856662775569788
3123,17.912690497763784
3124,18.001715938318483
3125,18.351547602017526
3126,18.978402061891835
3127,19.410709401752452
3128,19.58966352338429
3129,19.493050156896963
3130,19.23035296197779
3131,18.92137775035605
3132,18.63150146326633
3133,18.274562883910733
3134,17.538979486661454
3135,16.899021931054584
3136,15.847539861598763
3137,14.959695242579192
3138,14.341381560367736
3139,14.020105510619985
3140,14.04313871012248
3141,14.398218110046038
3142,14.818559367053535
3143,15.238005206503889
3144,15.923835684704088
3145,16.73277576494311
3146,17.497518862951935
3147,18.32722424939646
3148,19.19054198099989
3149,20.07106638986331
3150,21.0160032150985
3151,22.01271104354461
3152,22.88548087553436
3153,23.119098060456906
3154,22.61657000238248
3155,21.789292315355247
3156,21.18016455516932
3157,20.941300643625702
3158,21.440736504847056
3159,22.546872606031577
3160,23.759117113454572
3161,24.912650772768536
3162,26.263994352316836
3163,27.155556837020672
3164,27.71550715069901
3165,28.031413624797977
3166,27.98837124096837
3167,27.72416655378352
3168,27.343760798027787
3169,27.106833686688805
3170,26.83259057028934
3171,26.518603831571404
3172,26.225588604928696
3173,26.01728699167424
3174,25.980894941430627
3175,26.05699771271384
3176,26.158507973570927
3177,26.85617840163806
3178,28.079739220807085
3179,29.140602795493233
3180,30.059574331656776
3181,30.913933152433138
3182,31.79373427220532
3183,33.200654352229066
3184,34.81056028175106
3185,36.4436309934187
3186,37.9646481716052
3187,39.250447363680536
3188,40.301699496453935
3189,40.718444600386206
3190,40.54756884557098
3191,39.69071602364228
3192,38.94525406856432
3193,37.988955701452355
3194,37.049741885464826
3195,36.520231199501
3196,35.82952824130066
3197,34.55933208209613
3198,33.58943219533023
3199,32.96549960623804
3200,32.780470675672554
3201,32.82200886638713
3202,32.93120165794788
3203,33.11328824868686
3204,33.435514460415476
3205,33.87748745935619
3206,34.42282092641658
3207,35.063731725202786
3208,35.77881625575487
3209,36.57864871786448
3210,37.13196818386747
3211,36.91254185651445
3212,36.223491418985404
3213,35.20508257961687
3214,34.17283490625107
3215,33.09545186425
3216,31.715421394523048
3217,29.995321085863537
3218,28.51903756645285
3219,27.213672708008247
3220,25.68259221523739
3221,24.344719500620467
3222,23.463676820706738
3223,22.540542039310147
3224,21.680149220106607
3225,20.958203584390258
3226,19.985832891289625
3227,18.92728494983718
3228,17.970904966646938
3229,17.00875328584089
3230,16.074959794945485
3231,15.182613079951278
3232,14.235827450799286
3233,13.021869636347272
3234,11.94657076944334
3235,11.13517618806474
3236,10.644308174413107
3237,10.526362096392573
3238,10.76482022780928
3239,11.281563960359222
3240,12.175349969032055
3241,13.58348307116487
3242,15.221798679420385
3243,17.156635300393077
3244,19.334246461712947
3245,21.537109632456065
3246,23.618418783843538
3247,25.567834672340275
3248,27.33094404839524
3249,28.864849205563054
3250,30.0271530403767
3251,31.081920239324162
3252,32.201853401317734
3253,33.32490037996323
3254,34.90413148815662
3255,36.8777735479084
3256,39.323348293725914
3257,41.885874176442925
3258,44.41228989551338
3259,46.66768941099204
3260,48.18833268621536
3261,48.807369047430996
3262,48.53160531523898
3263,47.46146625267936
3264,45.96539465026354
3265,43.91239785403796
3266,41.73436402959833
3267,39.76351666384733
3268,37.78192752316693
3269,36.0174575733825
3270,34.77969971298363
3271,33.95755648481442
3272,33.17493409643677
3273,32.381723684905175
3274,31.750780582248154
3275,30.890744265601015
3276,30.169940844040532
3277,29.89416586816004
3278,29.814402093424235
3279,29.928581911472428
3280,30.098549946863912
3281,30.353940672408584
3282,30.77051889487087
3283,31.346363898309058
3284,32.060025561110066
3285,33.003309990963174
3286,34.406676159679066
3287,35.91693056831958
3288,37.40482991604635
3289,38.759624581784394
3290,39.95266972902837
3291,41.28659257487457
3292,42.511584261272944
3293,43.510377506742756
3294,44.164951805440715
3295,44.49343194787366
3296,44.91530573160651
3297,45.5823355055082
3298,46.540078899194455
3299,47.7817407923805
3300,49.070856816459965
3301,50.10374004669575
3302,50.980662193155496
3303,51.74057557367546
3304,52.37532804157202
3305,53.054283924966406
3306,53.64497554351951
3307,54.240847032244574
3308,54.76346205267887
3309,55.160568370299806
3310,55.48496917688496
3311,55.487451939400756
3312,55.540863003911454
3313,55.79777058949817
3314,56.174494095294826
3315,56.4098639495294
3316,56.76526548931486
3317,56.46376789467215
3318,54.97795414000319
3319,52.85301740558573
3320,50.19784935843856
3321,47.04793533373072
3322,43.26756005293683
3323,40.06395363516588
3324,37.451204839119924
3325,35.46732833568009
3326,34.134485826336935
3327,32.58440480372934
3328,30.723605750586948
3329,28.669280344729003
3330,26.336643185908322
3331,24.3419824667577
3332,22.42361910462437
3333,21.02546343341651
3334,20.26207483046157
3335,19.741153996838698
3336,19.223287956871765
3337,18.823970558935244
3338,18.914030978534363
3339,19.262753358108647
3340,19.539607047977473
3341,20.04398043597603
3342,21.02660791901772
3343,22.02908287306096
3344,22.5123273016814
3345,22.98126488786213
3346,23.051127004098525
3347,22.848013909551412
3348,23.02631740254747
3349,23.51338869156737
3350,23.653901866630093
3351,23.913822242856803
3352,24.035219460997176
3353,24.30350677790385
3354,24.9399684007215
3355,25.756122921874244
3356,26.456578757245552
3357,27.05571941320733
3358,27.714260912210946
3359,28.060817524714032
3360,28.012237912155026
3361,27.640174712389147
3362,27.281199129865843
3363,26.96889037307057
3364,26.246170882741037
3365,24.94079156277475
3366,23.633076059030238
3367,23.316572442187436
3368,23.531817932299777
3369,23.88492324074847
3370,24.56201012853601
3371,24.96290702276228
3372,25.539712557143098
3373,26.123673338656907
3374,26.56526942248491
3375,26.723364634074258
3376,26.671193940709692
3377,26.415027940509233
3378,25.910967039747494
3379,25.2783235734218
3380,24.56036460814969
3381,23.90145183452128
3382,23.094317831049512
3383,22.262891071931165
3384,21.51990325435373
3385,20.843493544745684
3386,20.393142746857624
3387,19.970675054906756
3388,19.637765647008493
3389,19.349434420079394
3390,18.927464778108533
3391,18.560624690483394
3392,18.178937439583997
3393,17.729094419545078
3394,16.991272729758812
3395,16.004728831289
3396,14.829337385770781
3397,13.696890683154084
3398,13.007067770190897
3399,12.61215845753308
3400,12.59158942310605
3401,12.400651484694073
3402,12.091371035666237
3403,12.40037059146552
3404,13.453179488461197
3405,14.803404755281955
3406,16.411356707169098
3407,18.17056747127534
3408,20.13583269219225
3409,22.290858450395895
3410,24.629101665306464
3411,27.194348389787002
3412,29.82571978185154
3413,32.308268311077114
3414,34.90900093802748
3415,37.55577495956557
3416,39.90167296454563
3417,41.943531146312544
3418,43.74874252060635
3419,45.66816084282934
3420,47.33805478316333
3421,48.98458240495775
3422,50.139430182961306
3423,50.63862882669048
3424,51.07088396995775
3425,51.29293473516306
3426,51.06365381394433
3427,50.71509662722781
3428,50.410962636816976
3429,50.274936495621226
3430,50.199442243702705
3431,49.66833166953685
3432,48.402154759110516
3433,46.47913964390003
3434,43.987867512182305
3435,41.10611479888105
3436,37.87581851144334
3437,34.74981792955437
3438,32.005841916456795
3439,29.63586199237554
3440,27.390825465638486
3441,25.452499548379333
3442,23.991448624670483
3443,22.79627897422935
3444,21.764455990191642
3445,21.14798532456596
3446,20.80350542827125
3447,20.60982346907582
3448,20.34695743596884
3449,20.113816796277735
3450,19.88446563232143
3451,19.533996532119666
3452,19.432749129599895
3453,19.60536858184888
3454,20.096782019366675
3455,20.672612517174656
3456,21.350570025158788
3457,22.466832283257798
3458,23.818945792148476
3459,25.27266257559788
3460,26.838022502035315
3461,28.39043762621243
3462,30.065385531252375
3463,31.61547994017208
3464,32.858303634039565
3465,33.91894908840925
3466,35.23308699495253
3467,36.55775630464239
3468,37.79782659952885
3469,38.77525336042521
3470,39.38045972276959
3471,39.34195911678271
3472,38.95878735047302
3473,38.560380981315774
3474,38.11786707726046
3475,37.802264829260565
3476,37.68646669701765
3477,37.585722321966315
3478,37.338309537457086
3479,36.859918578697595
3480,36.20027598330799
3481,35.290934070168575
3482,34.39760619579735
3483,33.668020669075176
3484,33.09360253090159
3485,32.872222563291686
3486,32.77782758348789
3487,32.73796753152794
3488,32.38684656067486
3489,31.812016652725237
3490,30.882590822459605
3491,29.55560549181594
3492,27.9143448728559
3493,26.06055296057469
3494,24.94162299258474
3495,24.461113259260774
3496,24.1635292639224
3497,24.193213429530537
3498,24.24392509930845
3499,24.453254807481876
3500,25.114226666939416
3501,26.348429725371908
3502,27.700328970293015
3503,29.075139020090386
3504,30.55082000966165
3505,32.12381116313765
3506,33.663774571584355
3507,35.2762174832736
3508,36.93974299164361
3509,38.57513468202376
3510,39.91608717973489
3511,41.13178646889072
3512,42.50118051213256
3513,43.57970929434978
3514,44.601765613809924
3515,45.717518197361606
3516,46.8120033679367
3517,47.611334713521025
3518,47.94056819387636
3519,48.0863213308712
3520,48.54212054345125
3521,49.11487408576076
3522,49.33934360337253
3523,49.28743816117186
3524,49.16767956359851
3525,49.11705730211512
3526,49.21271725810446
3527,49.80354840029443
3528,50.24247098769257
3529,50.03446189817832
3530,48.807351932080415
3531,47.164142842490605
3532,45.09790968909472
3533,43.032307754449164
3534,41.23523407130753
3535,39.338612912284106
3536,37.46440623039945
3537,35.55665684815784
3538,33.92754325213811
3539,32.50353750621398
3540,31.325852615905408
3541,30.303172015550487
3542,29.48619503504413
3543,28.50494687059272
3544,27.597102017231524
3545,27.005772047064653
3546,27.18508895937107
3547,28.003965775957496
3548,29.167306795933946
3549,30.764945408776406
3550,32.8694574571705
3551,34.867162724531966
3552,36.41072004055536
3553,37.565031162883244
3554,38.347648831620575
3555,38.70339452124022
3556,38.950886167554444
3557,39.281848012457765
3558,39.467446600823806
3559,39.635825137850006
3560,39.59872687905418
3561,39.348836125469525
3562,39.08785966105765
3563,38.827058289293774
3564,38.420833995463795
3565,37.778096171380355
3566,36.96415620843669
3567,36.16897916443344
3568,35.56568015402966
3569,35.22309747108204
3570,35.37833020440496
3571,35.87593552818855
3572,36.45676551039608
3573,36.99174392065824
3574,37.51419862293018
3575,38.01495978869651
3576,38.25213754273179
3577,38.06306578753864
3578,37.82397183716908
3579,37.41523971016488
3580,37.01399620646128
3581,36.67708824491808
3582,36.122179596316556
3583,35.67518544664928
3584,34.93708259889407
3585,34.02511074735435
3586,32.98369359631277
3587,31.700934603661015
3588,30.55947362731063
3589,29.40731364197917
3590,28.26331120106127
3591,27.268029077462696
3592,26.097455182705374
3593,24.80558205067829
3594,23.39554658129005
3595,21.689183419908048
3596,19.795942264625833
3597,18.157065681467245
3598,16.510638253344183
3599,14.862382140247078
3600,13.354620815184774
3601,12.107636867571971
3602,11.60017987080883
3603,12.204494409766522
3604,13.876242604597184
3605,16.372185029352327
3606,19.581866817018764
3607,23.448847818395002
3608,27.153912642801284
3609,30.380492582479906
3610,33.39561336722185
3611,36.04319388050314
3612,38.117291707958216
3613,39.868336590070015
3614,41.58277817791327
3615,42.911925201967215
3616,43.55965567925958
3617,43.74621662237383
3618,43.64121629764148
3619,43.0702067783656
3620,42.05111520310594
3621,40.9040340665934
3622,39.48628379723793
3623,38.05941588817579
3624,36.99843291520122
3625,36.43124755718893
3626,36.252389988548025
3627,36.28732925211416
3628,36.49099842624072
3629,36.94161688296715
3630,37.14277449705707
3631,37.00906975752396
3632,36.94106147985377
3633,37.09486328090746
3634,37.4298070270181
3635,37.79024348421564
3636,38.346650414854615
3637,39.25292752067078
3638,40.21887713516409
3639,41.20344151762436
3640,42.153900849708926
3641,42.92223857060685
3642,43.75233693588876
3643,44.51714614207179
3644,44.74946635643394
3645,44.62519410270019
3646,44.406639235221085
3647,44.09942458713121
3648,43.832147843293015
3649,43.268971101327864
3650,42.47977213493099
3651,41.676196111468315
3652,40.83640298861832
3653,40.34688927266558
3654,39.95152138013391
3655,39.527453162025935
3656,38.98532280219579
3657,38.54920091359455
3658,38.24412717134401
3659,38.12518381283855
3660,38.30510675314055
3661,38.69489769339221
3662,39.24636224456398
3663,39.94008060918731
3664,40.782132988166985
3665,41.79397621184468
3666,43.345718662041584
3667,45.331443927658974
3668,47.10616316852567
3669,48.802288847533404
3670,50.342661782230614
3671,51.614950256045034
3672,52.67651122076088
3673,53.72313131340273
3674,54.69106096146717
3675,55.60570800126935
3676,56.80015605025249
3677,57.7605172293201
3678,58.424940259907146
3679,58.59114224097507
3680,58.67506370840826
3681,58.8097569857989
3682,58.74244020573251
3683,58.317350411912116
3684,57.90026710433344
3685,57.56302296683805
3686,57.1287075523433
3687,56.79286522789096
3688,56.67902710638536
3689,56.541303768834126
3690,56.30357513322937
3691,56.216033497534326
3692,56.264695162834
3693,56.27358937809868
3694,56.26665508767174
3695,56.1094827742283
3696,55.406917369898416
3697,54.32528961251104
3698,53.14570504209625
3699,51.79261589164596
3700,50.49535829292569
3701,49.32817825002388
3702,48.12492963603894
3703,46.8021260093587
3704,45.098675142440044
3705,43.6166728882208
3706,41.78334831382783
3707,39.579203332697034
3708,37.288567354397216
3709,35.09602558545007
3710,32.69109041933727
3711,30.50871315596379
3712,28.903714225849583
3713,27.44711157517049
3714,25.836435897724
3715,24.191513931860868
3716,23.02619168784354
3717,22.48713694075684
3718,22.493810995163308
3719,22.986589861129893
3720,23.86144428242846
3721,25.111240796090957
3722,26.587322387200693
3723,28.33352496812988
3724,29.802748124919066
3725,30.956946855818053
3726,31.860925139233146
3727,31.975992892966264
3728,31.22769988486118
3729,30.431429655075448
3730,29.797306227818794
3731,29.07275713409434
3732,28.268457854918733
3733,27.537818561736888
3734,26.82468846993762
3735,25.645967307366146
3736,24.40654514163247
3737,23.923530488249344
3738,23.90969238741158
3739,23.97321726561329
3740,23.981256694512428
3741,23.62173439093801
3742,23.072309491016853
3743,22.279689287439595
3744,21.800414554359623
3745,22.015253362691997
3746,22.678062578115583
3747,24.225939523762932
3748,26.31282040797786
3749,28.61109336099109
3750,31.255567927477735
3751,33.94601652389486
3752,36.11298606729986
3753,37.635722297276686
3754,38.69987742268164
3755,39.80395427653583
3756,41.200765804759584
3757,42.94051699218723
3758,44.4844596094127
3759,45.6647260860143
3760,46.94636607655971
3761,48.27823151205584
3762,49.43695444093748
3763,50.443191746861075
3764,51.35747812621641
3765,51.90438008491769
3766,52.04401554616372
3767,52.01940993504746
3768,52.245473080090704
3769,52.8032295682556
3770,53.53553717689744
3771,54.78854606300729
3772,56.13817175454457
3773,56.98191882997038
3774,57.16593909477916
3775,56.6731252999327
3776,55.484174022206005
3777,53.79770623332324
3778,51.56009100126918
3779,49.17480276341311
3780,46.84603646016987
3781,44.56032914098799
3782,42.014977769093456
3783,39.501231416392415
3784,37.209246946967156
3785,34.98016988776111
3786,32.71271766994739
3787,30.218794793713222
3788,27.863974014466237
3789,25.815881381655267
3790,24.104291703960847
3791,22.709500836102343
3792,21.286259669889116
3793,19.69802125878868
3794,18.31030812053365
3795,16.91856570321835
3796,15.928675139158674
3797,14.880311580258338
3798,13.75115244596903
3799,12.898296239096975
3800,12.549878121950451
3801,12.375040034986544
3802,12.406834866842328
3803,12.813536819913452
3804,13.443403285866873
3805,14.199102955899761
3806,14.918335511793849
3807,15.448644003799284
3808,15.837983158953984
3809,16.198632179141352
3810,16.214612562867096
3811,16.031688174577788
3812,15.83402886058433
3813,15.943272522697615
3814,16.10168910918715
3815,15.97662980531874
3816,15.878195899368908
3817,15.9902362077824
3818,16.18083685874158
3819,16.346659425076066
3820,16.550473825568897
3821,16.787182106021582
3822,17.19996078357422
3823,17.68718668563255
3824,18.557827407039785
3825,19.466849077205893
3826,20.23147190364497
3827,20.861439744032122
3828,21.191799981498903
3829,21.28056736828691
3830,21.21827928197387
3831,20.849862453914987
3832,20.258943291390697
3833,19.53404896037606
3834,18.574482876797763
3835,17.464965631445075
3836,16.089597031583594
3837,14.877089758155336
3838,13.875668208846593
3839,12.992267666878952
3840,12.454422772907126
3841,12.563335511564041
3842,13.045583232763097
3843,13.763934210623566
3844,14.529961204029778
3845,15.21716842888978
3846,15.954217513871772
3847,16.84758289704767
3848,17.955328304235888
3849,19.027174954557424
3850,19.834046123190653
3851,20.48752035686815
3852,20.94650256952939
3853,21.41959345539534
3854,21.855382767209
3855,22.295416253543095
3856,22.55584514329992
3857,22.833998149000546
3858,23.30515029997108
3859,23.735179717595138
3860,24.169549837617808
3861,24.452792166342615
3862,24.66674046904516
3863,24.696542044883856
3864,24.72393685863095
3865,24.65733948046982
3866,24.743311126587425
3867,25.022885622624408
3868,25.727716828244276
3869,26.87487665768114
3870,28.275040545257703
3871,29.546084820300063
3872,30.765004130748178
3873,31.584130950128404
3874,32.108471156275186
3875,32.55276495388879
3876,32.93930055781262
3877,33.15538759521196
3878,33.33128286130069
3879,33.11195455799
3880,32.577898578931666
3881,31.923138598764435
3882,31.297966225628834
3883,30.87115092997456
3884,30.746038353785423
3885,30.986189084608018
3886,31.18450984010041
3887,31.41910715656507
3888,31.70173048534447
3889,32.06323962327313
3890,32.4547832057792
3891,32.90155386587561
3892,33.389177911817725
3893,33.6803624884535
3894,33.982256631986125
3895,34.30491050861866
3896,34.51824171931331
3897,34.70190240948461
3898,34.88860976578269
3899,35.06687913675421
3900,35.06692975768222
3901,35.47959598014693
3902,36.211513047257014
3903,37.21405452526065
3904,38.34486276543298
3905,39.6503301891552
3906,40.98786685519504
3907,42.378959848733444
3908,44.019479741157184
3909,45.82632605998794
3910,47.33845733080554
3911,48.253582532392365
3912,48.8862510804041
3913,49.14650611384333
3914,49.426755808076265
3915,49.80336298930871
3916,50.126555449169494
3917,50.55393904003051
3918,51.33314229653055
3919,52.25260255855122
3920,53.181255241176764
3921,53.777729824112086
3922,54.27196301462372
3923,54.62262966806724
3924,55.07010020187864
3925,55.70059452764316
3926,56.4000693338094
3927,57.131215194346034
3928,57.81867021632837
3929,58.32368249128374
3930,58.517186678219275
3931,58.51184287516233
3932,58.62061550385862
3933,58.71524769082441
3934,58.98555255873394
3935,58.89188729132164
3936,58.460748007494715
3937,57.65523811888013
3938,56.65993181694343
3939,56.0192661100202
3940,55.72076093785624
3941,55.703244959325836
3942,55.775038943742324
3943,55.90642845004858
3944,55.23248054281548
3945,53.284354412755846
3946,50.644039008456026
3947,47.60189980504668
3948,43.76763395767382
3949,39.260573985814865
3950,34.732728317225586
3951,30.59174581766915
3952,27.110759752681062
3953,24.36578741598505
3954,22.440229004406056
3955,21.287329217555374
3956,20.70380806721365
3957,20.200701937743474
3958,19.880299020304363
3959,19.928862970760733
3960,19.58906302622475
3961,19.114645934981027
3962,18.77978828814325
3963,18.84669872395294
3964,19.15382485024155
3965,19.74918149199968
3966,20.802348984751227
3967,22.060295352521734
3968,23.230525736775906
3969,23.964471599887126
3970,24.699304919564284
3971,25.132479954757912
3972,25.113472626493294
3973,25.40590878055007
3974,26.128439045625115
3975,27.37971412307242
3976,29.08135925639305
3977,30.3870818697874
3978,31.60186874140164
3979,33.04831635880376
3980,34.103713837791936
3981,34.72365125902853
3982,35.50550325764388
3983,35.95693847700878
3984,35.78871727749873
3985,35.50756038924453
3986,35.253178545042395
3987,34.62933299959982
3988,33.57452463207851
3989,32.66921244833347
3990,31.881590848475284
3991,31.71925176152234
3992,31.855078828029235
3993,32.208432876051965
3994,32.91551569116596
3995,33.884904599885125
3996,34.84351212110167
3997,35.80996696769532
3998,36.62925665066816
3999,37.406618114100205
4000,38.05138936508608
4001,38.58613247223991
4002,39.03755053943158
4003,39.39250985887739
4004,39.67599369648535
4005,39.893769907705135
4006,40.046570396512216
4007,40.31606814264265
4008,40.6086637034689
4009,41.078636421527634
4010,41.784685821432944
4011,42.338783968838044
4012,42.492140201985016
4013,42.25937692075368
4014,41.79620448358523
4015,41.50936044405618
4016,41.46153923246004
4017,41.72255982022999
4018,41.957857486439025
4019,42.07206817410231
4020,41.850023132234426
4021,41.40665339323863
4022,41.05189117419532
4023,40.372220157475255
4024,39.63787191248661
4025,39.16003281726057
4026,38.736251687171716
4027,38.12540523127805
4028,37.470853315316376
4029,36.86806641359163
4030,36.180478802856996
4031,35.37012160578299
4032,34.49103903187873
4033,33.64254501220096
4034,32.53925586067929
4035,31.062752804392524
4036,29.855249506348486
4037,29.407814239926306
4038,29.103440163610948
4039,28.875858809054726
4040,28.71371238874558
4041,28.58941707614099
4042,28.480331527339672
4043,28.136935703007396
4044,27.506257949255634
4045,26.689342202006326
4046,25.80363127032789
4047,25.033062759767652
4048,24.26860266868384
4049,23.198668628794433
4050,21.957299776058708
4051,20.89338519953342
4052,20.116626869547908
4053,19.52964773056896
4054,18.665246139992696
4055,17.51812112785326
4056,15.981845641166007
4057,14.376766637639635
4058,13.071292755105056
4059,12.077183824785092
4060,11.366552232236069
4061,10.887481614113675
4062,10.612065082864106
4063,10.523695390331433
4064,10.528833572940147
4065,10.826017523632446
4066,11.418206146141813
4067,12.304287346455379
4068,13.267495671278432
4069,14.367905840151614
4070,15.457785793971627
4071,16.391506671110378
4072,17.127671031123477
4073,17.643898399277905
4074,17.64298604075941
4075,17.364516910547913
4076,16.744689486944097
4077,16.06998294094516
4078,15.322912842007995
4079,14.433743296964082
4080,13.593948236973684
4081,12.692242291272986
4082,11.74143937012348
4083,10.786321427470297
4084,9.802515948474724
4085,8.912259354121126
4086,8.33703778817966
4087,8.006369209318809
4088,7.904004322299794
4089,8.131952278821664
4090,8.886772214877908
4091,9.800562187247063
4092,10.945625333558151
4093,12.486763137657551
4094,14.38797703364816
4095,16.6342421393513
4096,19.19070865759906
4097,21.5571781418786
4098,23.599994371812677
4099,25.559028689218216
4100,27.55096401905329
4101,29.380028120853044
4102,31.09291955420219
4103,32.86176316067261
4104,34.40065709830188
4105,35.88801427188548
4106,37.46221440684128
4107,38.97740730321815
4108,40.224987564833114
4109,41.39638620622091
4110,42.43104404821631
4111,43.075924444552705
4112,43.455213772467204
4113,43.75789909190104
4114,44.093533191989025
4115,44.15239001011773
4116,43.831026050565725
4117,43.21889993013963
4118,42.3916242612763
4119,41.38645186960924
4120,40.19718087484392
4121,39.020217889796925
4122,38.02714145929688
4123,37.012012158668654
4124,35.86040810024056
4125,34.707936792571005
4126,33.75133098997179
4127,32.76634857350333
4128,31.7820595228224
4129,31.101278821654695
4130,30.49586124990155
4131,29.910836075582388
4132,29.150076534884185
4133,28.079157381972628
4134,26.915796913934805
4135,25.80381399916167
4136,24.95987944753797
4137,24.41280438484862
4138,23.82029358010489
4139,23.17494595164042
4140,22.52244348471355
4141,22.068404292248033
4142,21.90796121135684
4143,21.76108262084577
4144,21.325276680671546
4145,20.664517311522467
4146,19.89958756555051
4147,18.90021837577298
4148,17.727050424272893
4149,16.46515202421512
4150,15.183898596728902
4151,13.96565139140195
4152,12.837192302881709
4153,12.154120264072077
4154,11.639282922091134
4155,11.13735573526792
4156,10.566192575565822
4157,9.839374077289374
4158,9.141286662267373
4159,8.685766954853833
4160,8.5314523429424
4161,8.397198630579453
4162,8.522940888832206
4163,8.80792188181851
4164,9.440886514791844
4165,10.371549099984541
4166,11.423846746317839
4167,12.44762579292701
4168,13.248949597598166
4169,13.879294875747878
4170,14.243905724945947
4171,14.734508652719501
4172,15.590642246506775
4173,16.810826690338754
4174,18.506488969682678
4175,20.44322912810849
4176,22.848857966587747
4177,25.236529782623414
4178,27.81247826855404
4179,29.961262221368443
4180,31.627626434626087
4181,33.171623478918306
4182,34.62662657526766
4183,35.637620835148
4184,36.13616071200319
4185,36.208003938793354
4186,35.99831792397446
4187,35.804380560381276
4188,35.734745393302006
4189,35.57786183151457
4190,35.568377209822515
4191,35.55396599503624
4192,35.513369434468224
4193,35.158499793149836
4194,34.433993913968706
4195,33.63600325368223
4196,32.97500831299098
4197,32.04210499516426
4198,30.816773617831615
4199,29.961975797642403
4200,29.228825041905402
4201,28.6080937212759
4202,28.14839579096579
4203,27.822891100857895
4204,27.627377843462448
4205,27.403983485849707
4206,27.118611364139227
4207,26.68870216911451
4208,26.24467622637797
4209,25.874661995449287
4210,25.527944261377275
4211,24.95699834360795
4212,24.450292758768896
4213,24.103201471764145
4214,24.06461480086913
4215,24.090104559606715
4216,24.09621007209268
4217,23.831864936188076
4218,23.60188466795107
4219,22.974349628928184
4220,22.058547988400225
4221,21.226678512582374
4222,20.47556766677051
4223,20.030434417678997
4224,19.560161992714782
4225,19.111448208849247
4226,18.594595219327864
4227,17.796166040669917
4228,16.817031766910606
4229,16.481914628608035
4230,16.721569378507567
4231,18.3039441340484
4232,21.033985496521634
4233,24.059194487013603
4234,27.404258893236864
4235,30.6474086988558
4236,33.60995369525391
4237,36.498477759273726
4238,39.273811716608975
4239,41.942395792764955
4240,44.461757562428986
4241,46.71523121773198
4242,48.3843524321407
4243,49.94026340958439
4244,51.262983791400146
4245,52.503928131126244
4246,53.486372335143066
4247,54.25870171586115
4248,54.623835657413224
4249,54.92282561925667
4250,55.34736600226772
4251,55.4645094587811
4252,55.140594503819976
4253,55.02748753979094
4254,54.97604391421851
4255,54.78624030724153
4256,54.38928729270975
4257,54.123819054792925
4258,54.17490048566732
4259,54.28936735930347
4260,54.73863606245524
4261,55.413879654924685
4262,56.16222912812667
4263,56.66747363447912
4264,57.10208650801765
4265,57.699950919392975
4266,58.29938488112369
4267,58.569565731215036
4268,58.47089401066982
4269,58.0159206434919
4270,56.945814126093495
4271,55.41745079280894
4272,53.61253340468785
4273,51.5475971603919
4274,49.35342485998781
4275,47.444494958636255
4276,45.39555819268358
4277,43.512787553170426
4278,41.72200233647942
4279,39.953268152259895
4280,38.16792851816682
4281,36.21638595299892
4282,33.84261585149188
4283,30.90082322998486
4284,27.747921156889
4285,24.76621191756727
4286,22.820799747497347
4287,22.12817067295051
4288,22.50704999556625
4289,23.74032371158585
4290,25.768211451120656
4291,28.4505622629748
4292,31.430591797496632
4293,34.27840059956317
4294,36.83485649395985
4295,39.09407145857111
4296,40.760633810271344
4297,42.03667876232351
4298,43.02075914923561
4299,43.92271362555023
4300,45.01031851266034
4301,46.009973936137285
4302,46.7860362227389
4303,47.31047603564096
4304,47.854004031307525
4305,48.52618345159154
4306,48.73671227403382
4307,48.479582801584606
4308,48.18445582794215
4309,47.77474669174461
4310,47.58730986114345
4311,47.710498910616565
4312,48.21895572848893
4313,49.09720441588771
4314,49.97090567388018
4315,50.50686587792141
4316,50.931529658606664
4317,50.9336381568184
4318,50.34231692658601
4319,49.31263643516361
4320,48.151897096879736
4321,46.978358680537916
4322,45.608988214837254
4323,44.329941796110944
4324,43.44832559463661
4325,42.59893982455823
4326,41.703852437230395
4327,41.0022603608805
4328,40.17417151688973
4329,39.299214385088014
4330,38.26813985219832
4331,37.11240382434711
4332,36.106913480116575
4333,35.200726261728946
4334,33.82646088597967
4335,32.06602910192963
4336,30.078431059954276
4337,28.244172346107135
4338,26.35154706236888
4339,24.524503770689883
4340,22.882515376419775
4341,21.393862123958634
4342,20.11962340829492
4343,18.870400922702114
4344,17.535563058269187
4345,16.13430549965521
4346,14.69545632880235
4347,13.209480410030917
4348,11.69179245949371
4349,10.42383994750413
4350,9.546028018902197
4351,8.988049552124615
4352,8.603187372444062
4353,8.603185053039404
4354,8.83678271132953
4355,9.171080454877384
4356,9.683604767608841
4357,10.301574163733008
4358,11.287915749220375
4359,12.62254129477907
4360,13.944467788437125
4361,15.23707945218612
4362,16.453800020702282
4363,17.376502521771314
4364,18.149457320264904
4365,18.828466688309334
4366,19.510862067886436
4367,20.508428009890693
4368,21.588790938083612
4369,22.714761126590403
4370,24.068184181959957
4371,25.509887119931584
4372,26.899193213226265
4373,28.221192836420627
4374,29.414485745685393
4375,30.523337751746165
4376,31.588749764624474
4377,32.76763527634411
4378,33.97235028075566
4379,35.044390566539846
4380,35.710418338560686
4381,35.89767140427447
4382,35.64968948020925
4383,35.27040146964181
4384,34.886491578290205
4385,34.62986549356735
4386,34.501314287154244
4387,34.43825088633882
4388,34.264428051149366
4389,34.113202184534536
4390,33.845859654528056
4391,33.42759527753695
4392,32.967336109982995
4393,32.50396367936609
4394,32.460741370921525
4395,32.82626007178975
4396,33.379511112136484
4397,33.94141993877321
4398,34.421029730392924
4399,34.849269173936975
4400,35.08256840934756
4401,34.975627952078675
4402,34.60861266227152
4403,33.94885578988587
4404,33.08994832543746
4405,32.147179534276376
4406,30.92073563827248
4407,29.278915474172898
4408,27.288472300031152
4409,25.569638069967553
4410,24.300467053347322
4411,23.183490002377376
4412,22.46418603147783
4413,22.340247309434545
4414,22.83376820024168
4415,23.18787450242563
4416,23.407456276806606
4417,23.54976447943538
4418,23.80477454071998
4419,23.99717698773088
4420,23.834933404780045
4421,23.342099223633618
4422,22.69526715957209
4423,22.12733323589255
4424,21.303112193919546
4425,19.972115890101477
4426,18.830822125541758
4427,18.185918382314966
4428,17.785035996430768
4429,17.420529772622274
4430,17.62194434973183
4431,18.54085215611916
4432,19.87432361699149
4433,21.643720154177856
4434,23.622923257515914
4435,25.75822976604357
4436,27.785846441646783
4437,29.792977256760174
4438,31.694067375073523
4439,33.16788824716122
4440,34.061153711036326
4441,34.577796574090314
4442,34.51720434243056
4443,34.063922151484974
4444,33.528219035490444
4445,32.91299181580993
4446,32.37774413468787
4447,31.515369602558742
4448,30.43231879807288
4449,29.648440303507765
4450,29.39689871010292
4451,29.69915495267824
4452,29.85007211460139
4453,29.72502419242751
4454,29.876165262973515
4455,30.060080037510957
4456,29.989663518582176
4457,29.937543397272353
4458,29.96005924931275
4459,30.033157944300772
4460,30.146866263329223
4461,30.293153198552858
4462,30.483645526752056
4463,30.720099160822514
4464,30.59066897406503
4465,30.15716544361873
4466,29.370904685297685
4467,28.179965882179744
4468,26.97780127048584
4469,25.909180093870223
4470,24.859883717056768
4471,23.750273542106104
4472,22.62035375582648
4473,21.90403118889974
4474,21.097116308416517
4475,19.945313315337508
4476,18.835492916700073
4477,18.151119202806058
4478,18.036983840810496
4479,18.1146524789661
4480,18.1582671107791
4481,18.334973466987407
4482,18.56535631039045
4483,19.17325321057572
4484,19.799030269299273
4485,20.52388131694788
4486,21.305184078712585
4487,21.751863914197784
4488,22.034958123799818
4489,22.1704928650862
4490,21.877602871535075
4491,21.247369963936464
4492,20.72679294058034
4493,20.1171703943197
4494,19.465218623653904
4495,19.151967617122594
4496,19.124420221560992
4497,19.814533361427884
4498,20.960771321602323
4499,22.492525801074635
4500,23.988534868233632
4501,25.07219105653047
4502,25.843831258853797
4503,26.515158234875088
4504,27.206850240006965
4505,28.073155660451913
4506,28.578238737994393
4507,28.470410554114032
4508,28.206797172194914
4509,27.73112002786617
4510,26.90097348954147
4511,26.00950904122638
4512,24.906220133426338
4513,23.79682246143936
4514,22.724548646935972
4515,21.419166920709557
4516,19.924798248411626
4517,18.33717783260919
4518,16.660424294481807
4519,14.894816106046585
4520,13.225838582867148
4521,11.96434431810334
4522,11.286223416399892
4523,10.885755065004293
4524,10.419874578385368
4525,10.091508913429383
4526,10.045720377295261
4527,10.167761692804685
4528,10.521567259250926
4529,11.178386707948393
4530,12.259870379127058
4531,13.363858410255236
4532,14.123843473300518
4533,14.543620801765876
4534,14.895215100220469
4535,15.362571609605082
4536,15.971177204289877
4537,16.372651622641943
4538,16.731349893236484
4539,17.208875256951007
4540,17.6925903991645
4541,18.25283557285527
4542,18.983294505999012
4543,19.330974561196122
4544,19.46507422109858
4545,19.929609833836896
4546,20.84742597465577
4547,21.719169581359026
4548,22.042967829086265
4549,22.19522634042321
4550,22.19244817711993
4551,22.190104621224492
4552,22.413860113488788
4553,22.55586253377725
4554,22.595923722216217
4555,22.379789915527407
4556,22.107200867000074
4557,22.14970863472172
4558,22.78903504595212
4559,23.586893161908915
4560,24.281029722791327
4561,24.703574355521546
4562,24.826225475681895
4563,24.92825008553129
4564,25.147443960127
4565,25.28942090640512
4566,25.461258726814638
4567,25.8191462139932
4568,26.350806650106733
4569,26.431404182188178
4570,26.26837862019224
4571,26.281963121057846
4572,26.559338618716062
4573,27.092674736942364
4574,27.81588561531246
4575,28.710298320364195
4576,29.751200922356375
4577,30.552334264402404
4578,31.16626634508761
4579,31.739974303016233
4580,32.23324330780582
4581,32.88982461377845
4582,33.85547372170771
4583,34.99119482364021
4584,36.070449691984805
4585,37.21505824574511
4586,38.42352421906297
4587,39.54541583673796
4588,40.51313739307584
4589,41.162080538079934
4590,41.63773524581792
4591,41.91112520702037
4592,41.931242972464304
4593,41.8508398879768
4594,41.62219050404077
4595,41.18405196244347
4596,40.57225564974742
4597,39.96318386009939
4598,39.423479734627634
4599,38.79710282565264
4600,37.91447597852117
4601,36.85997675559784
4602,35.842591829158934
4603,34.79864664872386
4604,34.1064257182098
4605,33.613938660909845
4606,32.91498578268307
4607,32.171270933994286
4608,31.73064525775246
4609,31.27259798161849
4610,31.00572301788332
4611,31.041676621267122
4612,31.335797857494796
4613,31.835400785987954
4614,32.28544034129909
4615,32.74751324975137
4616,33.138695739019944
4617,33.47902450468361
4618,33.778205013103964
4619,34.21799565411091
4620,34.53559432440696
4621,34.54461291870449
4622,34.463865916755694
4623,34.35312938972059
4624,34.207826603184884
4625,33.94315985942159
4626,33.57170220697516
4627,33.24762180290337
4628,32.77112018303241
4629,32.01833632424854
4630,31.04021040730388
4631,29.83762191612206
4632,28.49865265259004
4633,26.969259071667516
4634,25.83439519806691
4635,25.119248802836818
4636,24.740249963389786
4637,24.09463686856534
4638,22.755366251719742
4639,21.43782716894433
4640,20.12689985734671
4641,19.12719710604666
4642,18.593912448454887
4643,18.14567918399105
4644,17.67548724029959
4645,17.024339787978526
4646,15.996574663964626
4647,15.142363088036692
4648,14.980641764292539
4649,15.468032357856783
4650,16.61943972754275
4651,17.90039561992947
4652,19.053727998696473
4653,20.539450739262705
4654,21.954957832403935
4655,22.89895670276617
4656,23.15703395801467
4657,23.432840361086107
4658,23.6581487309614
4659,23.91445686422179
4660,24.573695020343376
4661,25.573259227210034
4662,26.850106204154457
4663,28.277646567461076
4664,29.742073133801263
4665,31.103537285216134
4666,32.25311341179105
4667,32.75427232013544
4668,32.82957647842427
4669,32.57138336971441
4670,31.732174154060814
4671,30.4827750398861
4672,29.406406860430497
4673,28.839540948436863
4674,28.346367605002396
4675,27.896194060725684
4676,27.145734085572187
4677,26.37985248391952
4678,25.767061937458575
4679,25.4973427599658
4680,25.510687286095845
4681,25.980786074891192
4682,26.94597735053138
4683,28.202295808080958
4684,29.42308331038953
4685,30.21626749141217
4686,30.451018347195884
4687,30.054216863517205
4688,29.11617020468698
4689,27.80567886595054
4690,26.15784752980709
4691,24.74677639535838
4692,23.872340450840213
4693,23.343848490951174
4694,23.2007112760146
4695,23.554421509324005
4696,24.249393642776987
4697,24.959494306373134
4698,25.596007187822234
4699,26.127547043066638
4700,26.872306322140574
4701,27.6053768334213
4702,28.11875337130864
4703,28.642960066463438
4704,29.51795649215461
4705,30.599141288684425
4706,31.431015837132286
4707,31.952791058562518
4708,32.37598965374176
4709,33.115544213391324
4710,34.202702077363725
4711,35.34457934320139
4712,36.45444674584216
4713,37.210612826553664
4714,37.6136164000106
4715,37.94551733221656
4716,38.43709796190424
4717,38.84640774560757
4718,38.95783665244527
4719,38.869785956014226
4720,38.63680642402491
4721,38.53225194037286
4722,38.62785956656599
4723,38.72004009800081
4724,38.5678813032537
4725,38.285880925118335
4726,38.04943597075814
4727,37.774746636051006
4728,37.48046028623442
4729,37.01061862159149
4730,36.634700635274505
4731,36.30765198717873
4732,36.207502850959635
4733,35.86599208253003
4734,35.49226441996067
4735,35.3805945568753
4736,35.42304678710048
4737,35.769441597406555
4738,36.54224247532976
4739,37.61246999356113
4740,38.89882958267961
4741,40.11519749038169
4742,41.22014700028701
4743,42.27177846123392
4744,43.2888591766868
4745,44.276258496354075
4746,45.24414218867422
4747,46.18263337070728
4748,46.98265391152583
4749,47.65197717819744
4750,48.15012381289994
4751,48.547776565976775
4752,48.66360505574898
4753,48.270630308985034
4754,47.618003149658456
4755,46.95192886239704
4756,46.29140616405821
4757,45.84606034989268
4758,45.32456720081117
4759,44.85216092436371
4760,44.50785404373377
4761,44.63976028867195
4762,44.89525977814195
4763,44.87069022729854
4764,44.43760374946176
4765,43.59866224631075
4766,42.73674609512748
4767,42.05830291876971
4768,41.4422451517792
4769,41.044074439828364
4770,40.83302594664025
4771,40.39100416464754
4772,39.76961346949497
4773,39.20444580135544
4774,38.650556777214035
4775,38.08947469214593
4776,37.6551682480076
4777,37.126549856094954
4778,36.876899790854466
4779,36.79843505020882
4780,36.80233968163436
4781,36.73308636424791
4782,36.537895536472675
4783,36.194474648293195
4784,35.92901205549202
4785,35.71787709930926
4786,35.35799113834375
4787,34.88468925880162
4788,34.47291662359997
4789,33.816871231724605
4790,33.211227877332625
4791,32.88905551415796
4792,32.75630887072917
4793,32.35295493896061
4794,31.43753577289059
4795,30.413543529056177
4796,29.661384989029337
4797,29.31758227853605
4798,29.04067595919383
4799,28.976821434415328
4800,29.131221126633132
4801,29.46759803842898
4802,30.02197236882406
4803,30.766040996135786
4804,31.632896504693527
4805,32.69168522955707
4806,33.91046555766789
4807,35.419276933475174
4808,37.174856060873324
4809,39.07297012706298
4810,40.84664427282935
4811,42.33266042135108
4812,44.10847707948676
4813,46.231644130450405
4814,48.13420315526636
4815,49.769081852168355
4816,51.107835071968346
4817,51.91797036543501
4818,52.435555286504595
4819,53.15178056209659
4820,53.93825000734317
4821,54.420167500150924
4822,54.79108191500234
4823,54.76226904626933
4824,54.55782406411179
4825,54.373568132218466
4826,53.842866785536174
4827,53.18848430254208
4828,52.234346097904265
4829,50.93831598428636
4830,49.675450731128834
4831,48.65105623961214
4832,47.73277128355841
4833,47.071277913571095
4834,46.5262272034163
4835,46.10354154464852
4836,45.51183342104838
4837,44.862158995237316
4838,43.60493327264878
4839,41.8231752481121
4840,39.96474402006402
4841,38.00542942245487
4842,36.332488273586144
4843,35.06350500721832
4844,34.201913910954815
4845,33.45232965720556
4846,32.68973746789211
4847,31.827371092199535
4848,30.96348056989549
4849,29.948846286736625
4850,29.101129704205917
4851,28.414935007167042
4852,28.069246985953495
4853,27.963335420137106
4854,28.12560996671283
4855,28.3496457046966
4856,28.166327951807467
4857,27.358822452442308
4858,26.106219557143834
4859,24.372757118153338
4860,22.22112485024606
4861,19.77751819643953
4862,17.90000042749584
4863,16.671590514038407
4864,15.608121172051774
4865,14.654367452624662
4866,13.988710475575527
4867,13.576200193470036
4868,13.481135862217283
4869,13.673778971245865
4870,14.034648043523315
4871,14.684574811985595
4872,15.49003001763688
4873,16.46198685615758
4874,17.366240743755633
4875,18.539270529049425
4876,19.90922994740468
4877,21.409361693936283
4878,23.028951384511135
4879,24.779002428755724
4880,26.649891003234057
4881,28.301218432603903
4882,29.815257143700727
4883,31.21624471677484
4884,32.39448134408556
4885,33.3775503029549
4886,34.31394998861573
4887,35.120020009104216
4888,36.09755018684881
4889,37.2327284276156
4890,38.13584008595123
4891,39.06086873034232
4892,40.11614861886105
4893,41.01291083773381
4894,41.87938281215109
4895,42.941594119266796
4896,43.817323891099335
4897,44.226459413090765
4898,44.27229125251105
4899,43.88105924928001
4900,43.24235289778177
4901,42.39055538198571
4902,41.64949154324314
4903,40.96210993525047
4904,40.49395391133786
4905,39.81462715068656
4906,39.05861576922127
4907,38.49785941261577
4908,38.21371236883692
4909,37.94154223018029
4910,37.48987084497831
4911,36.69979601678634
4912,35.73054105693677
4913,34.74618283535547
4914,33.69529761285571
4915,32.583007096417255
4916,31.4346610264002
4917,30.224312499626574
4918,28.981461927504114
4919,27.60748944932631
4920,26.209814937752462
4921,25.048679688922185
4922,24.059567525629802
4923,22.90747978700837
4924,21.957481259192082
4925,21.219206372820018
4926,20.669275158707322
4927,20.29157061857905
4928,19.99910546405716
4929,19.790958256248164
4930,19.36545507273
4931,18.850623462015918
4932,18.305748917722497
4933,17.91606888993937
4934,17.614723049778377
4935,17.586266470052106
4936,17.909463523008647
4937,18.272142691461447
4938,18.465959297319138
4939,18.92326481854701
4940,19.693531835140284
4941,20.213232222750687
4942,20.387885049858088
4943,20.306936933778005
4944,20.048161655249338
4945,19.581580849318115
4946,19.296546368261694
4947,18.753697719332287
4948,18.321787044356885
4949,17.647612882232746
4950,16.905851980572958
4951,16.45654350498137
4952,16.649113021497687
4953,17.080980843275164
4954,17.604954283484382
4955,18.001230275564062
4956,18.46030802466775
4957,18.77395758494058
4958,18.64953347380575
4959,18.541284497118447
4960,18.266548087800025
4961,18.315580170944266
4962,18.497888179395858
4963,18.595153518280412
4964,18.495757665966952
4965,18.01288475665898
4966,17.563464945731134
4967,17.507729807469598
4968,17.574921624552623
4969,17.75411383738782
4970,17.93554206890017
4971,18.152485652928874
4972,18.399095911746663
4973,18.663168570413795
4974,18.946007727815548
4975,19.247273858984812
4976,19.624946817133576
4977,19.96560688644005
4978,20.108651680556978
4979,20.308107105122414
4980,20.83328383223934
4981,21.316163839333235
4982,21.790094361980387
4983,22.272901657090877
4984,22.65122970632642
4985,22.964078641234664
4986,23.252070442354384
4987,23.57233150823541
4988,24.069162053644465
4989,24.465879996594232
4990,25.042019592775592
4991,25.58641781628456
4992,25.67351649408878
4993,25.834506590111786
4994,26.273233991704426
4995,27.040736717484123
4996,27.87657431270633
4997,28.93805066492031
4998,30.46084209174876
4999,32.25411417397741
