,0
0,485.7684712741136
1,898.4093399773599
2,1249.2598394060738
3,1548.492280615342
4,1804.7726614548399
5,2025.415941206943
6,2215.3688243900924
7,2383.2145872179813
8,2528.42978326282
9,2652.995993827931
10,2760.2734799844243
11,2852.279637740033
12,2930.5267776831165
13,2998.059289622382
14,3053.767118089074
15,3099.0494097248366
16,3135.226917645724
17,3160.9857151727556
18,3176.915957509931
19,3182.622288225194
20,3181.449085544191
21,3176.1501596280536
22,3169.128160056126
23,3161.5511594022532
24,3152.9561367683023
25,3142.917519485822
26,3131.9047792417314
27,3120.644426097031
28,3111.3607422489154
29,3102.8587924652034
30,3094.4641679719202
31,3087.784017680065
32,3082.178442535256
33,3079.134483784227
34,3076.8607167827417
35,3075.7927309710026
36,3080.0451671587166
37,3086.7692644639446
38,3095.728646349342
39,3106.066401264905
40,3123.201735295219
41,3140.6711668750513
42,3159.2380631985593
43,3178.9212706813005
44,3199.9552910252705
45,3224.0041278948493
46,3247.679122218751
47,3273.776690296783
48,3302.8250260120712
49,3334.903504577006
50,3368.463162792743
51,3404.223959906578
52,3444.298389298853
53,3483.9808851145367
54,3521.798997109006
55,3557.7560466386735
56,3589.87344878173
57,3617.81558864619
58,3639.2028319993874
59,3652.09901984711
60,3657.023478909991
61,3653.468185892609
62,3643.74245891951
63,3626.697064696099
64,3600.615634106815
65,3571.4559614946756
66,3539.769684063925
67,3506.5458617991467
68,3472.943064155551
69,3439.8913061773237
70,3406.550523229494
71,3375.529171725385
72,3347.3418872077264
73,3323.5146839682156
74,3306.2191392014515
75,3292.7645909559005
76,3284.587628343818
77,3284.6950128982717
78,3286.058740503987
79,3291.2772994803136
80,3299.2093295671416
81,3308.782582606164
82,3317.102146754937
83,3323.8461323939086
84,3330.3421845491266
85,3336.9294981432927
86,3341.548625425822
87,3343.813740816637
88,3347.71892931986
89,3347.7059572632247
90,3345.761482924453
91,3343.9119716165183
92,3341.2990571229643
93,3340.8975168324864
94,3342.2365998087353
95,3345.620442219427
96,3351.917018320112
97,3358.6818875458926
98,3367.3254100217096
99,3378.956489824454
100,3389.4076061611945
101,3398.9020213822014
102,3408.3532608117243
103,3414.486840248183
104,3419.4051685272398
105,3422.615430059702
106,3424.238960897142
107,3424.522128142666
108,3424.369918577508
109,3424.241075798641
110,3428.5189913665117
111,3437.0663240055983
112,3451.060728394877
113,3471.6781996809236
114,3489.615399699784
115,3514.2018304847743
116,3545.4170739193173
117,3583.7878269045873
118,3628.1761121410345
119,3677.1500226200387
120,3731.118955856218
121,3788.886627672755
122,3846.595906609269
123,3903.68043931541
124,3960.6128739656456
125,4016.315145355845
126,4072.226243830013
127,4128.179642514324
128,4185.080477941402
129,4239.289253663338
130,4290.034934657536
131,4340.086138043811
132,4389.525040734169
133,4437.71261294589
134,4484.8040946277115
135,4533.339404021494
136,4579.552355155884
137,4624.816606067856
138,4668.718060998164
139,4713.753843222537
140,4757.479552907678
141,4800.954752902584
142,4843.420345460388
143,4886.095965069832
144,4928.726783617781
145,4969.21591449471
146,5006.26596638067
147,5042.127702010185
148,5074.28651287203
149,5103.254628549259
150,5129.158133278842
151,5154.003247609944
152,5177.636003663141
153,5198.22039826937
154,5215.260957103811
155,5228.03468443057
156,5235.950332245168
157,5239.834675248577
158,5237.441159174494
159,5230.859511779056
160,5219.11531266205
161,5203.241162904855
162,5184.663102820096
163,5162.790244734961
164,5138.976589608612
165,5112.272639642925
166,5080.5798768439645
167,5042.935177433568
168,4998.9551086305155
169,4948.689338520457
170,4891.191758124495
171,4841.168863180009
172,4783.411914195078
173,4720.012122616925
174,4652.125659100732
175,4581.089684506529
176,4509.574487313785
177,4436.733609993845
178,4363.582491084348
179,4290.670330843671
180,4217.46072548665
181,4144.222909908888
182,4071.124081905521
183,3998.6523677201103
184,3926.620047462665
185,3856.7337236928975
186,3788.213636860492
187,3720.2979758219226
188,3653.879960045615
189,3588.3841793537003
190,3524.789858317797
191,3463.308704177609
192,3405.790025568885
193,3353.079304803804
194,3302.0419792483385
195,3255.3135266249033
196,3212.364609768979
197,3174.3097783484704
198,3140.369059150529
199,3110.8114886243134
200,3085.9966039657634
201,3064.4296650947895
202,3046.339209881713
203,3031.3587047523974
204,3019.4567974490287
205,3009.9532456764478
206,3004.2276141325597
207,3002.56084864994
208,3004.0752870782844
209,3008.516351966646
210,3015.691669131836
211,3025.89599353759
212,3037.817668833526
213,3052.4543593525996
214,3071.6317280648336
215,3094.0031897882786
216,3121.542239084484
217,3154.469796440659
218,3191.5535869190962
219,3234.452735233725
220,3282.563636851421
221,3336.6828668694584
222,3396.0997754705813
223,3460.074461202049
224,3527.612053019233
225,3598.121093257651
226,3670.8163168146225
227,3745.081895640813
228,3809.6929492195986
229,3878.3203870524358
230,3946.489251130602
231,4013.525701460423
232,4077.6652633987137
233,4139.950479293834
234,4197.858910857521
235,4251.787640885096
236,4301.4005923606965
237,4347.526730195567
238,4391.565115921864
239,4432.351381527085
240,4469.16394432164
241,4504.018871532152
242,4536.74193702737
243,4567.104055973551
244,4597.460144602014
245,4627.796650771696
246,4659.590689792979
247,4691.952144658825
248,4722.939222908667
249,4751.715344817814
250,4778.319058234556
251,4802.441789953455
252,4823.09328615248
253,4840.570699074404
254,4855.846150609021
255,4871.3439939541895
256,4887.605691759978
257,4902.320396001131
258,4911.854544476419
259,4918.966332476373
260,4924.774014661119
261,4926.439353320729
262,4927.747933263101
263,4929.560309037928
264,4931.082240781068
265,4933.338562060912
266,4935.327873271862
267,4934.6640528419375
268,4931.333199818408
269,4924.192995555701
270,4914.91122338453
271,4900.1158416020435
272,4881.04836088789
273,4856.183735317443
274,4825.686642991934
275,4789.611368520411
276,4746.842556804459
277,4700.046978758405
278,4650.704096076393
279,4600.5218272808925
280,4545.906234884603
281,4490.655676423325
282,4437.923207103582
283,4387.2104922308545
284,4341.000713842371
285,4300.798206644389
286,4266.599227298514
287,4236.42647869274
288,4208.658553305894
289,4186.004782892382
290,4168.3096817999
291,4154.219166721361
292,4143.504180470581
293,4132.839069664975
294,4123.009843517124
295,4114.041882057993
296,4108.485869759085
297,4107.536114098137
298,4111.654861140999
299,4119.435258596499
300,4129.850310556147
301,4144.777054653693
302,4161.654821930159
303,4184.0261971045165
304,4208.978092035521
305,4235.959709279332
306,4266.414684749155
307,4295.91460340539
308,4325.79412294898
309,4354.41498975979
310,4382.912524913361
311,4412.075462094144
312,4442.35374708892
313,4476.969426885515
314,4513.908313948193
315,4552.2818364013
316,4593.751976730364
317,4634.88495431326
318,4676.224561797828
319,4715.193895493805
320,4752.4676452078575
321,4791.705198025716
322,4829.821159196447
323,4864.9193356927335
324,4898.553354542694
325,4932.002212336888
326,4962.378963434129
327,4991.008405991051
328,5017.853436639121
329,5042.610265594444
330,5066.066352692589
331,5088.402875542071
332,5109.732620963523
333,5127.623031407567
334,5143.271753569095
335,5158.538111197039
336,5170.806557760272
337,5180.299634412706
338,5187.400973998656
339,5188.098366667964
340,5184.566468095532
341,5176.474790972815
342,5169.435031876051
343,5156.875310040393
344,5144.267689655448
345,5132.408648491601
346,5120.492238956127
347,5112.552277964595
348,5108.461139152087
349,5108.937747172093
350,5112.700983336089
351,5118.267447418345
352,5124.203321329062
353,5128.829575456395
354,5131.758459444929
355,5134.3712831339435
356,5137.112341169956
357,5136.310673243885
358,5130.138247053293
359,5121.160428809127
360,5110.217055899335
361,5097.333297338792
362,5082.970743368399
363,5066.636374818552
364,5050.614497401268
365,5031.394356385252
366,5012.445438533919
367,4995.136254199514
368,4976.718677651558
369,4959.829280239214
370,4942.858665818399
371,4926.329634284402
372,4908.326994509704
373,4890.008608084874
374,4870.8501288901325
375,4848.392900393287
376,4823.516844317883
377,4795.715493765729
378,4766.588817500756
379,4734.4188184955365
380,4700.874861958028
381,4665.088919164661
382,4628.5121145413805
383,4589.845407664496
384,4551.287455116436
385,4513.063423200435
386,4474.100973145121
387,4433.108404164468
388,4392.229108615001
389,4352.134550521667
390,4314.986632626992
391,4279.879368720347
392,4246.579278443037
393,4214.927986089759
394,4185.785411322279
395,4157.018294393254
396,4124.44665230763
397,4088.8902857371017
398,4047.9162426503117
399,4012.268825164804
400,3971.8723979831316
401,3928.171146575473
402,3881.6229053084917
403,3833.9689015518265
404,3785.3313576609257
405,3738.445887360579
406,3691.8078782434077
407,3647.3727778737434
408,3602.647420306209
409,3559.388692088163
410,3518.0145422182504
411,3481.78302826068
412,3451.508657156303
413,3425.5644780243056
414,3405.825828314262
415,3391.2875194203552
416,3381.5293091326503
417,3376.5502281013323
418,3375.370363798335
419,3374.5432789283122
420,3373.7093528896125
421,3374.473116101405
422,3380.1186863213793
423,3386.772313346959
424,3397.683470623935
425,3414.198862704163
426,3434.761421628761
427,3456.184003171236
428,3479.101902664798
429,3503.9412978020187
430,3528.758866655529
431,3556.4505995763698
432,3584.3321231448413
433,3610.0208209234756
434,3638.5646971847564
435,3664.481930697209
436,3691.0639536943204
437,3716.787697094128
438,3742.5245384231143
439,3767.1366185512065
440,3788.2526771327684
441,3810.0502590140536
442,3828.5555875945747
443,3846.137504530552
444,3861.7273186793955
445,3877.714472545301
446,3892.367750464463
447,3903.623109344086
448,3913.1615128540143
449,3925.202263679197
450,3936.9890575553877
451,3946.9828495126912
452,3956.595664646085
453,3962.6944238808237
454,3966.3953149095196
455,3969.362673478737
456,3971.944275433956
457,3971.3883936291577
458,3968.898476404503
459,3965.2865210137643
460,3960.7380116158074
461,3954.9322295945926
462,3947.2029542638393
463,3939.030772405703
464,3929.2130959235055
465,3918.089041329787
466,3903.492552176739
467,3884.7366839395827
468,3863.2220086243506
469,3839.0148415131894
470,3810.868967832852
471,3781.8423301326307
472,3751.217898669093
473,3720.45431781542
474,3688.4943506648942
475,3656.4417963228784
476,3621.2025538262073
477,3585.9636927103816
478,3551.7009248268996
479,3520.6030607225293
480,3494.0029644495244
481,3469.1782532377492
482,3445.5195510258254
483,3424.3003155502715
484,3405.044157211932
485,3387.1643012430927
486,3371.801567197324
487,3357.766896574537
488,3347.5858234517823
489,3341.0794197512528
490,3337.481790972822
491,3336.413904972054
492,3336.024762709107
493,3334.0769891801297
494,3335.1562371887817
495,3336.7509936002407
496,3338.811041536859
497,3341.746779282077
498,3349.1829402723006
499,3360.35222528075
500,3376.922690485077
501,3395.0482794821373
502,3414.9790958544572
503,3438.2894661078244
504,3467.527044779965
505,3499.1532659692257
506,3533.1730491392373
507,3569.3230417840173
508,3606.6980612376547
509,3645.810455472646
510,3683.6064005661433
511,3720.283620492386
512,3755.4407398754115
513,3786.0274337386445
514,3817.5619304477736
515,3845.626297447175
516,3873.6598705201436
517,3898.8968143863517
518,3922.2766001340215
519,3943.2250701348676
520,3959.9259832613034
521,3974.7990175880177
522,3990.5943906988323
523,4008.784439279403
524,4027.669967375192
525,4046.9961851927924
526,4068.8469351739896
527,4091.916568224632
528,4112.538666201592
529,4131.702358554259
530,4150.062898058557
531,4166.274798191116
532,4182.990481483875
533,4201.74290517581
534,4220.950122997362
535,4242.737857530243
536,4266.903889737494
537,4292.059317851697
538,4317.620154745719
539,4340.33281711453
540,4359.124777560052
541,4373.908185737023
542,4386.777226113513
543,4392.887805653241
544,4397.832670306264
545,4401.600361024005
546,4405.137227388255
547,4408.2723136673985
548,4410.592904515787
549,4411.577892461004
550,4412.347570649822
551,4412.50989158924
552,4412.601864610503
553,4413.466538167393
554,4415.465486954458
555,4418.421476101842
556,4415.98652991954
557,4410.705797883628
558,4401.4004088716265
559,4385.962073750833
560,4367.563298531714
561,4346.28975255081
562,4322.058041636924
563,4296.664186822156
564,4266.725887586256
565,4234.075746359306
566,4199.882778134137
567,4165.604608344337
568,4128.531118671457
569,4092.123029351411
570,4060.44799164297
571,4031.352824929476
572,4006.378905456898
573,3984.454983085077
574,3963.715398175429
575,3947.0677847732795
576,3932.310152904455
577,3919.006765552396
578,3904.938762412015
579,3889.3849149458665
580,3873.2591423913523
581,3858.421003303249
582,3841.74128231365
583,3824.3555636393685
584,3806.241933734544
585,3789.2263424809635
586,3769.390241458057
587,3748.8821718178683
588,3727.382755922122
589,3706.5803963621734
590,3687.403785472304
591,3669.4386575669923
592,3653.8739365058595
593,3640.590455211745
594,3630.974825366315
595,3626.811492094732
596,3627.78899249861
597,3632.377809947701
598,3639.242129240499
599,3649.801033664217
600,3663.3144817443454
601,3678.586260213253
602,3694.1175469381124
603,3709.700090956454
604,3724.7113762707922
605,3740.0350535111947
606,3753.555022879063
607,3766.5312580342834
608,3779.350984524664
609,3793.949849384962
610,3810.0330135758472
611,3826.757539350519
612,3843.605371705548
613,3859.630871950296
614,3877.558557282654
615,3896.7943703379087
616,3916.767361087419
617,3937.4046592897826
618,3956.7494214154835
619,3978.514185542601
620,4003.2868430121466
621,4026.5069532437196
622,4048.0746036384508
623,4066.28042463631
624,4079.88574634365
625,4092.346610895799
626,4103.464905953116
627,4113.137822652982
628,4121.4368561506935
629,4129.349724282089
630,4135.726251034404
631,4145.076183515796
632,4157.277047960211
633,4173.541658399117
634,4195.14867632059
635,4219.697533952648
636,4247.944862620888
637,4279.760842277747
638,4313.193643133872
639,4347.942472757903
640,4383.303716520049
641,4420.215530579507
642,4458.014062251623
643,4496.315111770954
644,4532.131123047668
645,4568.6535193356385
646,4601.984766288387
647,4631.735189405547
648,4658.864560634298
649,4679.341465240622
650,4698.550412363256
651,4716.12138724924
652,4729.281663780919
653,4738.851270944157
654,4744.750638200815
655,4749.468789140598
656,4750.262971243341
657,4749.879045764466
658,4748.307365074736
659,4745.632097277813
660,4743.886371337968
661,4738.7389648973185
662,4730.5092250889975
663,4719.401052123977
664,4706.916259559009
665,4692.468955154832
666,4677.875812823928
667,4664.075742937038
668,4647.875941103603
669,4631.44657676392
670,4614.585329748431
671,4597.161409977154
672,4581.232663313922
673,4566.776292178922
674,4556.286225094605
675,4551.843388364701
676,4552.4746492354225
677,4560.817560758273
678,4574.161998518505
679,4590.805093094319
680,4608.674683927027
681,4627.285545529692
682,4644.518957551594
683,4659.144394447562
684,4671.868524547055
685,4681.842639727083
686,4691.123133213895
687,4695.5048336757145
688,4694.391885518753
689,4686.336343116547
690,4670.614802985951
691,4647.905276658522
692,4618.745152260927
693,4583.370506291664
694,4544.879045305209
695,4503.395453308296
696,4457.784002381169
697,4410.2847568958905
698,4360.366677724071
699,4311.103145458267
700,4262.22185837936
701,4215.7487421824
702,4173.870159529726
703,4137.70402978098
704,4106.080037614076
705,4076.8047482578822
706,4051.0152383672894
707,4028.5477047320883
708,4008.514320595281
709,3991.5650278532544
710,3977.1380646751395
711,3966.9097819934727
712,3957.3303627396
713,3949.9759625979036
714,3944.4404390106215
715,3937.347019916075
716,3934.321229382697
717,3931.619144782579
718,3930.23016236479
719,3933.1872071959783
720,3941.9374675607096
721,3954.6592079486177
722,3968.109237962359
723,3981.1354402230913
724,3991.717051753899
725,4000.8812944516353
726,4007.855551250396
727,4012.864778157025
728,4017.7831445762076
729,4022.008902757273
730,4027.2426419689473
731,4033.4825591675617
732,4035.3464663836967
733,4035.4198262890277
734,4032.371020844056
735,4024.4224580829286
736,4014.166094109362
737,4006.090790018584
738,3997.8061870294264
739,3997.154167541899
740,4005.0812464533424
741,4011.977805106298
742,4027.81068635298
743,4051.6350616909713
744,4079.9033175879813
745,4109.614268282367
746,4140.598476587132
747,4170.426703421637
748,4198.898846889664
749,4225.243733515152
750,4252.662316740684
751,4279.849292025934
752,4307.436988299063
753,4333.519108753008
754,4357.381389778847
755,4380.900303068364
756,4402.852167975187
757,4424.019328248698
758,4443.138875239176
759,4461.281618035125
760,4477.555667658251
761,4491.176114591319
762,4501.161790948853
763,4506.577750914494
764,4510.346408286783
765,4508.436447132419
766,4500.640916009022
767,4488.869941940247
768,4473.026719219363
769,4452.182605394197
770,4429.088440875513
771,4401.367124429566
772,4371.489124960649
773,4342.56674907584
774,4317.618900186645
775,4294.411706505426
776,4273.751209913201
777,4255.402278933418
778,4240.774134224673
779,4228.94007041208
780,4217.381812318711
781,4206.921847628524
782,4198.44218111592
783,4191.095568606711
784,4185.581365961884
785,4183.425055525019
786,4183.2110191273505
787,4185.148029498554
788,4187.890189505285
789,4191.273685208112
790,4192.029292221306
791,4191.4614814034285
792,4191.194118992241
793,4192.593724613322
794,4194.743345885285
795,4199.5858108050115
796,4207.584678334546
797,4220.228297276867
798,4231.228245756687
799,4246.149172438863
800,4262.080189168189
801,4278.060143462265
802,4294.604217208774
803,4307.535460889808
804,4319.025953865103
805,4326.846225754719
806,4329.8293892219535
807,4330.11494972458
808,4330.045826792464
809,4327.922075188251
810,4325.723887625859
811,4323.427920358755
812,4320.608450606977
813,4319.589424123541
814,4318.44287900146
815,4319.125515776426
816,4322.807934695109
817,4329.267098715085
818,4340.917825611757
819,4355.333461235148
820,4370.758487692199
821,4387.585437698452
822,4408.390963051642
823,4426.8964962887585
824,4446.226672327581
825,4463.976040800637
826,4478.145517066296
827,4488.363932473435
828,4495.199773989496
829,4501.045158458749
830,4506.311107633625
831,4510.487976602927
832,4514.811023580254
833,4519.535644141533
834,4521.587374591698
835,4520.846772568453
836,4517.311318948105
837,4510.100274176936
838,4501.282918037607
839,4489.780331667893
840,4477.54787793147
841,4466.35390719416
842,4455.688022932925
843,4445.90117339949
844,4437.873518518569
845,4431.61742554834
846,4423.509469016512
847,4413.941474709899
848,4400.677467269697
849,4385.881600859109
850,4370.880665110128
851,4358.886503420034
852,4351.5864785737385
853,4348.08036864675
854,4350.309433326906
855,4352.248719598642
856,4359.196055009083
857,4370.983699650929
858,4385.202736924161
859,4400.702860492632
860,4415.765593243638
861,4429.044756033326
862,4439.2448772321895
863,4447.9330245738565
864,4457.540945479219
865,4466.882117340272
866,4473.869890418122
867,4478.562248540772
868,4480.659634258406
869,4479.776313687911
870,4479.22949445037
871,4473.395456147562
872,4463.543731000796
873,4451.228380008088
874,4434.357879711901
875,4418.433613785597
876,4401.408944963007
877,4383.236475773679
878,4363.354049251768
879,4345.059200305835
880,4326.773460390154
881,4308.77807959528
882,4293.559453720208
883,4280.044649598822
884,4267.921963844595
885,4256.420525274938
886,4244.445629770809
887,4234.19782187046
888,4226.104018696043
889,4217.714491072086
890,4210.242117091671
891,4202.737632442344
892,4195.912828055115
893,4189.577961029816
894,4180.809546132096
895,4171.286618381792
896,4164.086187190796
897,4156.664118046856
898,4149.359684542768
899,4140.265424278054
900,4129.451244875086
901,4119.824555120738
902,4108.3186482454685
903,4097.3034062077295
904,4087.546475917103
905,4077.185833538264
906,4067.1341150139538
907,4055.1168780810435
908,4043.624259456801
909,4033.8625241527648
910,4027.611778386559
911,4026.4212323548813
912,4025.3854573073218
913,4028.914281967971
914,4037.7383190962173
915,4049.634011571558
916,4066.2197468229497
917,4089.508501839246
918,4118.461267461461
919,4152.706427463322
920,4190.527763673229
921,4230.786379103019
922,4274.49378710678
923,4321.210603944816
924,4367.362869869628
925,4413.818670249458
926,4458.432025276838
927,4502.2367097795695
928,4542.882677556678
929,4582.142258607923
930,4616.652795805392
931,4646.720492154077
932,4671.226303933899
933,4691.197309382172
934,4709.69743043558
935,4725.581820968961
936,4736.592403539479
937,4744.594795339017
938,4750.6191483862085
939,4755.10731212131
940,4756.636050886531
941,4757.064745228344
942,4755.832878720499
943,4754.411646980601
944,4748.422403439944
945,4741.479497426219
946,4732.607488603141
947,4722.584971890323
948,4709.2078580603065
949,4694.101365816941
950,4679.0634986978075
951,4661.534183898772
952,4643.3763960740425
953,4624.716045948303
954,4605.2335178976855
955,4584.457348384198
956,4563.131649725825
957,4540.30251943136
958,4517.270057406503
959,4495.2214188466605
960,4474.369414050366
961,4453.412484935407
962,4431.79669521804
963,4412.59031414338
964,4391.554065864344
965,4369.341117736356
966,4344.484218721531
967,4316.683824842156
968,4284.1766241011455
969,4255.8953594564655
970,4224.848896458803
971,4189.964288468391
972,4152.107915306394
973,4111.359944168156
974,4066.435052160408
975,4016.2243071796142
976,3962.4700150370463
977,3905.537989838349
978,3849.8069137010657
979,3796.4887764095456
980,3746.1196558350616
981,3700.2800567372446
982,3657.4893155955265
983,3619.5993118701645
984,3584.0683695144867
985,3552.424782231072
986,3522.38689812198
987,3494.9613554473053
988,3471.0550400578554
989,3450.9638349303027
990,3434.523769472693
991,3420.7078818232408
992,3408.7335799368943
993,3398.4880194230172
994,3390.51821667283
995,3384.5949855714557
996,3382.3337632838734
997,3382.325108664223
998,3383.6591182717084
999,3387.417866462767
1000,3393.8016412273287
1001,3406.7429642654233
1002,3424.314024121471
1003,3445.697207176215
1004,3470.362659505291
1005,3499.2035524197254
1006,3529.8524032201844
1007,3562.2938883291786
1008,3596.6861448639725
1009,3630.7734750178483
1010,3666.8917186715626
1011,3704.3064556801564
1012,3742.6319050958587
1013,3781.0962822865545
1014,3816.9907241773135
1015,3851.3114515789
1016,3882.533344617309
1017,3910.4749845328265
1018,3934.5687085001605
1019,3955.7634335440825
1020,3973.8614973229096
1021,3990.877978337716
1022,4004.171187525825
1023,4013.915106373363
1024,4022.1668469784245
1025,4026.8064042197343
1026,4030.8428190196737
1027,4033.1414539140824
1028,4034.519713118437
1029,4035.4614563090063
1030,4038.116779062046
1031,4041.413198214006
1032,4046.0368544324347
1033,4051.6115665772454
1034,4057.229963517295
1035,4064.6357684319023
1036,4072.385394364424
1037,4081.861943813609
1038,4092.3126042714453
1039,4103.580890501182
1040,4113.838405531072
1041,4121.776345233838
1042,4126.57833817978
1043,4129.574438934464
1044,4128.315425412805
1045,4122.601535704613
1046,4113.852231389653
1047,4102.548236598687
1048,4086.808849735393
1049,4067.4820733549186
1050,4045.206936245189
1051,4019.0956814748056
1052,3992.4641367267973
1053,3963.9827887133865
1054,3934.5824053881215
1055,3905.4650613152276
1056,3874.8039446884195
1057,3844.23626640936
1058,3812.593868389841
1059,3781.9859998931884
1060,3752.7166224183397
1061,3725.274807958338
1062,3698.6565859469
1063,3671.109753147679
1064,3645.440831556746
1065,3621.3144221750867
1066,3598.5129492913743
1067,3576.2966703809693
1068,3555.4428764740637
1069,3538.705618010233
1070,3524.833754437632
1071,3515.08060401259
1072,3510.5915703168976
1073,3512.9851760226093
1074,3521.36342211123
1075,3537.154081082724
1076,3561.0976601051557
1077,3592.4527915662134
1078,3630.378120022073
1079,3672.9456404738853
1080,3718.2589699455075
1081,3764.8818488515544
1082,3811.502032808093
1083,3852.061592850281
1084,3893.42844252586
1085,3935.957256055534
1086,3979.6793512282434
1087,4025.3615175101727
1088,4074.008798590867
1089,4124.558204204494
1090,4176.681557233959
1091,4230.466408836986
1092,4284.910603191026
1093,4341.319849175775
1094,4398.844341567015
1095,4458.088084048489
1096,4518.337963598346
1097,4579.991896193115
1098,4642.392547502975
1099,4704.13524416258
1100,4767.175352236877
1101,4828.9552985514565
1102,4889.449708850194
1103,4948.007900277375
1104,5003.173489773063
1105,5055.301394999181
1106,5104.373108333361
1107,5150.157039477216
1108,5194.892730270476
1109,5237.438822834249
1110,5276.662873178356
1111,5312.075014055512
1112,5343.6961414905145
1113,5371.495679322803
1114,5396.179466450163
1115,5416.964173802597
1116,5432.612837635452
1117,5443.119832105734
1118,5446.986275456719
1119,5446.942082733655
1120,5440.169388284811
1121,5426.732876023723
1122,5406.822325924682
1123,5380.381284320535
1124,5348.267847642968
1125,5311.55468078115
1126,5267.4212741302445
1127,5216.850204910384
1128,5161.771698911729
1129,5101.633542760054
1130,5038.675414671342
1131,4974.484296858085
1132,4908.647013644905
1133,4839.833993982597
1134,4770.418527871869
1135,4698.7680232515595
1136,4626.356678306503
1137,4552.367106584965
1138,4476.634088032405
1139,4399.682105351319
1140,4332.733880418774
1141,4263.233011011295
1142,4192.357902735511
1143,4119.527917925149
1144,4045.5260005229434
1145,3970.7948457379975
1146,3898.173100124579
1147,3827.897891469072
1148,3759.4443653364906
1149,3693.365700416272
1150,3631.6342882444974
1151,3573.4812039809735
1152,3518.506780305477
1153,3468.8576511249307
1154,3424.0849368802565
1155,3384.1503013605384
1156,3350.8357558432317
1157,3321.6822847004582
1158,3296.5497015755295
1159,3273.6974173418203
1160,3253.575945375456
1161,3237.016235206635
1162,3223.5877766826165
1163,3213.8226153175133
1164,3207.843530611435
1165,3205.683006697493
1166,3205.283988270678
1167,3207.023047145073
1168,3211.875292436631
1169,3219.687020904266
1170,3231.878141228248
1171,3247.245859831832
1172,3265.304238150561
1173,3285.2221424563077
1174,3306.208223162483
1175,3328.9838738573044
1176,3350.770494307187
1177,3372.9966855939915
1178,3395.354712113385
1179,3416.6192826399333
1180,3438.408684156354
1181,3458.6257435943767
1182,3478.358672823186
1183,3498.003443035528
1184,3517.504914610146
1185,3535.38296028435
1186,3551.187805587859
1187,3565.7135915960466
1188,3580.0517916214308
1189,3592.851534301917
1190,3607.406102816102
1191,3622.393473427109
1192,3636.5990860113993
1193,3650.1281170485436
1194,3661.464947064685
1195,3670.7441803271317
1196,3677.6622762255115
1197,3683.6810196571023
1198,3687.1416276744826
1199,3689.294257627451
1200,3692.4748559013856
1201,3697.3480761462965
1202,3704.307457367247
1203,3713.961503615706
1204,3727.8081107821617
1205,3743.181813678353
1206,3759.7970178543997
1207,3776.7142853162172
1208,3795.2485639886436
1209,3816.1112180208856
1210,3838.0804113215177
1211,3860.767092119434
1212,3885.3432027847048
1213,3909.2876963034482
1214,3931.990443803945
1215,3954.0160981228228
1216,3974.8232887041995
1217,3995.8666398582477
1218,4017.9180506207267
1219,4041.09130844453
1220,4063.872680928834
1221,4086.5626770971207
1222,4107.722057063533
1223,4128.917620422265
1224,4148.849537359318
1225,4167.002586912038
1226,4183.606664778669
1227,4199.494691109039
1228,4216.203072687173
1229,4232.728378564934
1230,4248.12767943472
1231,4261.756887106291
1232,4273.535109130131
1233,4283.271651963332
1234,4290.263019501985
1235,4295.217148836964
1236,4298.809711105101
1237,4301.691122786076
1238,4303.880789604915
1239,4305.728375441567
1240,4306.889522458839
1241,4306.072977804483
1242,4303.121802152922
1243,4296.520527971742
1244,4285.935864396003
1245,4273.877022756582
1246,4261.792464465617
1247,4250.547995759076
1248,4241.778323931586
1249,4235.149142800091
1250,4229.629409289695
1251,4222.174079215713
1252,4210.176315525136
1253,4191.816131858433
1254,4175.842772068403
1255,4154.281423674564
1256,4128.7302312094
1257,4102.330096644591
1258,4076.918547257546
1259,4055.550893139243
1260,4038.9733049986844
1261,4026.262842795898
1262,4016.001108314845
1263,4007.8645137194994
1264,4001.320350559575
1265,3998.096495438852
1266,3998.419069600539
1267,4003.1488071674557
1268,4011.861982774505
1269,4023.3761394887842
1270,4035.944826165635
1271,4049.4920671338596
1272,4064.1856633662305
1273,4076.7062638098173
1274,4090.4151988436747
1275,4105.069078268197
1276,4123.1988582324375
1277,4141.560221103267
1278,4161.252084965216
1279,4183.485675611394
1280,4206.6264085674065
1281,4229.9573997899515
1282,4254.34527434116
1283,4281.23867703167
1284,4309.836012893938
1285,4338.25335005381
1286,4366.571590384188
1287,4393.726733595578
1288,4419.361958709287
1289,4444.511536801784
1290,4468.78332562546
1291,4491.961609551381
1292,4515.321156570699
1293,4539.040668514021
1294,4560.423750027715
1295,4581.040437195734
1296,4599.641905834208
1297,4616.945930576123
1298,4633.466219181595
1299,4647.625004820086
1300,4659.504711097022
1301,4669.592440333632
1302,4679.194071362989
1303,4686.898629116621
1304,4693.815901672013
1305,4701.935843279642
1306,4706.774401968996
1307,4708.577316901707
1308,4705.591934823693
1309,4697.310950964915
1310,4684.035872373791
1311,4672.4865539995135
1312,4653.630369063497
1313,4627.38267013852
1314,4596.607528528674
1315,4561.152690129632
1316,4520.525770545226
1317,4475.148685471011
1318,4425.977221672792
1319,4372.224642627869
1320,4317.365220368592
1321,4259.018959976257
1322,4199.0067363355865
1323,4140.1723045828585
1324,4080.980432181318
1325,4023.4466749815597
1326,3965.8211108494734
1327,3910.3879923220534
1328,3858.3863729147442
1329,3809.766347524874
1330,3765.1241434335934
1331,3723.825445216608
1332,3687.406892910923
1333,3654.8114947278077
1334,3626.654646707199
1335,3602.3327354266617
1336,3580.9412988864497
1337,3563.7108819549762
1338,3549.749077458638
1339,3538.507803639831
1340,3531.0782519223185
1341,3526.7749927061873
1342,3525.776286018425
1343,3527.932552616979
1344,3531.9532280608623
1345,3538.351339510863
1346,3546.1288204569814
1347,3556.8623172626853
1348,3571.8590067665964
1349,3588.4791933246725
1350,3609.129714778484
1351,3632.154527929111
1352,3659.2134052818988
1353,3692.30812328939
1354,3731.312722633584
1355,3775.3865447825424
1356,3823.4563420866525
1357,3876.193821633169
1358,3933.0049978568322
1359,3994.030707431446
1360,4056.37845780021
1361,4121.460303434051
1362,4189.232124165368
1363,4260.378964018172
1364,4333.670318992732
1365,4407.7763794956645
1366,4482.796067751674
1367,4558.820150592869
1368,4624.96110266471
1369,4692.822061197051
1370,4762.372120773155
1371,4832.699687466416
1372,4902.771212247738
1373,4972.605153715325
1374,5042.140183052015
1375,5109.9468581987585
1376,5174.6311854008945
1377,5238.036795283684
1378,5299.560117705722
1379,5357.980113731517
1380,5412.289038345745
1381,5461.873209096843
1382,5506.554355079299
1383,5544.173562507822
1384,5575.467807572723
1385,5601.15069481062
1386,5622.906350909609
1387,5638.651816538444
1388,5648.569834529315
1389,5655.936887571195
1390,5660.0392488638
1391,5660.061758433487
1392,5659.174933993014
1393,5655.884448242501
1394,5651.057626310257
1395,5643.962916721007
1396,5635.18902426454
1397,5622.697425095918
1398,5605.8807575838
1399,5584.96834309789
1400,5558.981793803355
1401,5529.064371457069
1402,5495.767552505889
1403,5458.103884478167
1404,5416.458185195713
1405,5368.57442970387
1406,5313.482832278579
1407,5251.7254012942785
1408,5183.085894345567
1409,5111.6655554581575
1410,5041.300516026473
1411,4970.793200039434
1412,4899.008594944794
1413,4826.914632176127
1414,4754.51288046789
1415,4680.289263377923
1416,4606.126039132824
1417,4530.906034193874
1418,4455.436651246548
1419,4379.436742473077
1420,4303.123924982865
1421,4224.781834128382
1422,4146.660574803498
1423,4067.7799379499393
1424,3989.465409689321
1425,3921.331770102583
1426,3852.419898597667
1427,3784.203181900117
1428,3719.8760182585384
1429,3662.8879195581344
1430,3615.470521439898
1431,3576.4885741694684
1432,3548.5642646096935
1433,3527.893916392391
1434,3514.20412868834
1435,3507.6200599697995
1436,3506.8961307115537
1437,3509.4080160385565
1438,3517.2289631700505
1439,3529.4750998704194
1440,3546.712698688339
1441,3566.5776141328615
1442,3592.2974194837143
1443,3620.377008855966
1444,3649.7155579190676
1445,3677.730879278061
1446,3705.286333637889
1447,3733.869114078513
1448,3762.5218126171685
1449,3794.1788601532503
1450,3827.2188856216862
1451,3860.3857578914162
1452,3892.904575493204
1453,3924.6230971590508
1454,3956.2628096647954
1455,3987.238230458164
1456,4019.2149927328464
1457,4050.0376510194938
1458,4079.336314378496
1459,4108.677845891552
1460,4136.45851309016
1461,4162.123873076024
1462,4186.577795237705
1463,4210.419603801923
1464,4232.873366667209
1465,4252.7275010295425
1466,4272.537746953812
1467,4290.412719339385
1468,4308.8028169402905
1469,4328.083676678536
1470,4348.105620855659
1471,4370.805556530272
1472,4394.454323749235
1473,4420.775270179811
1474,4448.358602167228
1475,4478.0369609707495
1476,4509.487799286623
1477,4541.815595178314
1478,4571.392225225922
1479,4596.935905424793
1480,4620.526693871848
1481,4639.154017079702
1482,4655.359788270535
1483,4666.594993273513
1484,4672.177450637316
1485,4672.5583511468185
1486,4666.74246145082
1487,4653.918382122776
1488,4634.2751890727795
1489,4608.640927816886
1490,4577.956955282363
1491,4544.422706880466
1492,4508.132702978126
1493,4470.9743003059275
1494,4433.849978676902
1495,4396.60852940075
1496,4360.225307313044
1497,4325.773550962561
1498,4293.809017370028
1499,4263.7987043792955
1500,4235.7513907370585
1501,4210.235923847578
1502,4188.605624720412
1503,4170.473504813953
1504,4154.151198968368
1505,4139.930633711655
1506,4128.423016914556
1507,4118.001223187445
1508,4109.5710441954625
1509,4103.876790951007
1510,4100.954780781775
1511,4100.845577817327
1512,4103.4433536450215
1513,4109.7813142421255
1514,4118.710428689066
1515,4129.7326513462485
1516,4142.294723639961
1517,4157.3507674942775
1518,4173.350684227584
1519,4191.098696267387
1520,4210.32700326182
1521,4227.997409633169
1522,4244.836410152659
1523,4259.700090770983
1524,4272.882423277694
1525,4284.028288840518
1526,4294.29612312415
1527,4302.197367685344
1528,4308.735650609973
1529,4312.9423787809865
1530,4313.443739285757
1531,4310.8947377547565
1532,4306.98967073183
1533,4300.805034468494
1534,4291.381234083758
1535,4279.928466516058
1536,4267.777165560382
1537,4253.395704198658
1538,4239.966604153439
1539,4228.283287114099
1540,4218.2480281267035
1541,4207.915316126167
1542,4196.102438461293
1543,4185.135241642362
1544,4175.225079253652
1545,4165.953854675615
1546,4156.40574642957
1547,4145.255995371192
1548,4134.753132047537
1549,4124.89047477897
1550,4116.463457973011
1551,4107.514827578781
1552,4097.061315178167
1553,4085.164326933065
1554,4070.3674854216156
1555,4056.400822337783
1556,4043.341876417697
1557,4030.5555737938244
1558,4019.420317631658
1559,4011.506306977073
1560,4004.6745487625276
1561,3999.362149457927
1562,3995.694134029365
1563,3992.0580607749116
1564,3987.7642807250604
1565,3981.813329625073
1566,3974.764482289512
1567,3968.496442783481
1568,3961.978587003082
1569,3957.6410219720156
1570,3957.404062514601
1571,3960.7808280454083
1572,3968.562941913669
1573,3978.4047815928748
1574,3989.8200775684263
1575,4000.396879654766
1576,4010.382110152752
1577,4019.9427439139067
1578,4030.8501310442653
1579,4042.028619478407
1580,4054.927107969443
1581,4070.688379188682
1582,4090.9953498526847
1583,4113.668464962775
1584,4137.595025772396
1585,4164.232728944874
1586,4194.442179309482
1587,4227.130322034277
1588,4261.741327829916
1589,4299.801106415942
1590,4339.761632559733
1591,4380.837575980739
1592,4420.694375804436
1593,4459.526818856726
1594,4495.08137505789
1595,4529.223840042834
1596,4558.927784579736
1597,4587.251654422324
1598,4618.42593005225
1599,4650.463994913036
1600,4683.07549482689
1601,4716.356651775876
1602,4753.163084248353
1603,4791.752774409492
1604,4833.047767391336
1605,4877.704548242839
1606,4924.5700463244975
1607,4972.146759038069
1608,5021.747811993614
1609,5070.814898791321
1610,5116.833260730212
1611,5159.314339774164
1612,5197.853061974898
1613,5233.487046100861
1614,5265.1884613486845
1615,5294.853192243321
1616,5320.816466992905
1617,5342.434629399249
1618,5359.747493731612
1619,5373.00209692381
1620,5383.989927744797
1621,5390.790335659251
1622,5395.065489507894
1623,5397.408746685578
1624,5398.315009957708
1625,5398.295209869618
1626,5397.612995416214
1627,5395.362926010582
1628,5389.937750523244
1629,5383.216835891169
1630,5376.117701888651
1631,5367.4263665242315
1632,5355.825528609749
1633,5342.321292446774
1634,5328.088901814225
1635,5311.969475969559
1636,5293.055312179179
1637,5271.860808815373
1638,5249.326399443502
1639,5223.0602148884955
1640,5195.969444805729
1641,5169.229779432841
1642,5142.1089035658915
1643,5117.369078297033
1644,5092.559044753814
1645,5070.148232635056
1646,5049.038903543375
1647,5028.033269081111
1648,5005.3465691163565
1649,4982.469291499382
1650,4958.682484617655
1651,4931.745940387703
1652,4901.983478596
1653,4876.09013683722
1654,4845.011900839127
1655,4808.581720292989
1656,4769.404110695913
1657,4729.750711562888
1658,4691.827557681748
1659,4654.533044025713
1660,4621.174708983577
1661,4589.993054983587
1662,4562.763367498359
1663,4538.642206260969
1664,4520.275417302637
1665,4504.086841082138
1666,4492.793038779453
1667,4485.774660098247
1668,4482.727340111085
1669,4481.4066920150435
1670,4483.440446585959
1671,4487.368147683085
1672,4493.740679086042
1673,4501.876484581572
1674,4512.8235899445035
1675,4525.6387125912
1676,4538.152846019227
1677,4552.329270248055
1678,4568.041666629272
1679,4584.742327520482
1680,4601.798702643619
1681,4620.2373984345895
1682,4640.898691617986
1683,4663.50248441548
1684,4686.705431745092
1685,4710.49747221832
1686,4735.807116707782
1687,4760.342498775522
1688,4783.753963261785
1689,4806.727176144169
1690,4829.473717408717
1691,4852.299654758662
1692,4874.092840125111
1693,4894.957978156511
1694,4915.264992271598
1695,4934.213952240574
1696,4952.477746533846
1697,4969.421395016903
1698,4985.249210307394
1699,4999.106443716091
1700,5010.698485037951
1701,5020.479541202941
1702,5027.147758860152
1703,5030.579288781984
1704,5030.715889636166
1705,5027.194608706101
1706,5019.550621398813
1707,5005.643954805359
1708,4988.461985454045
1709,4966.2710821647
1710,4946.96499630297
1711,4925.178986933374
1712,4902.710372815372
1713,4878.030542764937
1714,4852.37439792303
1715,4828.30251439401
1716,4806.322674233557
1717,4787.534356792175
1718,4769.523928843644
1719,4754.553908336111
1720,4737.760159166286
1721,4718.560102855205
1722,4697.764815023443
1723,4676.150466329016
1724,4653.955358352797
1725,4629.936877594943
1726,4604.41514641668
1727,4578.317416849254
1728,4551.374479415358
1729,4522.156223637467
1730,4491.673414945636
1731,4463.613923295854
1732,4437.498053638685
1733,4411.046276297667
1734,4385.938174864413
1735,4363.304969983381
1736,4342.478741955364
1737,4320.239014929725
1738,4298.7523401829485
1739,4276.993170016298
1740,4255.179144364195
1741,4233.881181380819
1742,4213.797982059493
1743,4193.928542962118
1744,4171.788143092319
1745,4149.5317181927685
1746,4129.283447148289
1747,4110.116814664947
1748,4091.3395913680024
1749,4072.239948949397
1750,4054.347423802222
1751,4038.6908480430143
1752,4028.8730060912258
1753,4024.519041357217
1754,4026.2317307096628
1755,4033.506600306241
1756,4046.073998074851
1757,4066.4566279783303
1758,4091.164456662092
1759,4118.803251669985
1760,4148.223644295394
1761,4182.054521030182
1762,4215.969986844275
1763,4247.722096217598
1764,4275.6645584526095
1765,4301.644343447918
1766,4322.665195119412
1767,4340.953336073611
1768,4357.063434385535
1769,4368.661486372581
1770,4375.406682995244
1771,4380.07648031085
1772,4383.132774891915
1773,4383.951842101312
1774,4384.718960977123
1775,4384.629551387682
1776,4389.072507731437
1777,4397.291636148393
1778,4407.352821829216
1779,4417.9837747365655
1780,4429.4526837609865
1781,4440.6158036366405
1782,4451.423407265054
1783,4460.215021330733
1784,4467.7539601359085
1785,4473.333742385321
1786,4475.55474178167
1787,4476.395507192388
1788,4476.690020824727
1789,4476.442700846557
1790,4476.560828101233
1791,4478.0510859550595
1792,4478.002514466859
1793,4476.969791953652
1794,4474.390823849609
1795,4470.414275531629
1796,4465.026451702203
1797,4459.691243185155
1798,4454.74000862583
1799,4448.39583348493
1800,4441.957043961291
1801,4434.200121497276
1802,4424.233019914665
1803,4410.697158346035
1804,4393.576121627801
1805,4371.394044288643
1806,4345.003924157202
1807,4317.24561047879
1808,4287.179361451179
1809,4254.442753580938
1810,4219.396109662023
1811,4182.253412808396
1812,4144.361611236691
1813,4106.0240220056085
1814,4067.5463265699964
1815,4031.676194624158
1816,3998.51571759396
1817,3967.9644002218656
1818,3940.3591363612027
1819,3915.533720437291
1820,3891.26384741684
1821,3866.1583558807874
1822,3839.196302191164
1823,3809.4497403363266
1824,3783.570231522618
1825,3754.7002934030356
1826,3724.198604203215
1827,3692.232815671778
1828,3661.7200920390273
1829,3633.3053106864268
1830,3608.9492206219866
1831,3587.9704156435632
1832,3569.642814770999
1833,3553.774554605822
1834,3539.885368530312
1835,3527.889621695744
1836,3518.126933951904
1837,3510.858067977956
1838,3506.085965766071
1839,3501.0993005137607
1840,3493.90616180265
1841,3485.762952239859
1842,3474.9849273699087
1843,3463.2869272007783
1844,3452.059512028486
1845,3442.5657185815194
1846,3434.537070688913
1847,3427.665533029522
1848,3421.0985966684066
1849,3412.5813074546195
1850,3404.6266872294436
1851,3396.754026081117
1852,3389.4568860574227
1853,3383.5499656492193
1854,3381.280913291398
1855,3382.948093518787
1856,3385.886090598893
1857,3393.356922666724
1858,3402.067747806187
1859,3412.647669766383
1860,3422.296003876924
1861,3434.514979067363
1862,3447.875891247038
1863,3462.6774845929585
1864,3478.8140668407605
1865,3497.5825122993297
1866,3517.9040748364177
1867,3538.4603231226515
1868,3561.3550001079143
1869,3584.9057840455966
1870,3610.15718099186
1871,3637.5614036124407
1872,3668.1879742926
1873,3701.9859127948466
1874,3740.5105708046617
1875,3782.235181998518
1876,3825.8482163881185
1877,3870.637293747885
1878,3915.0074229396578
1879,3955.3746997142757
1880,3990.3353528612656
1881,4020.751121099147
1882,4047.461066739092
1883,4072.7900466488145
1884,4097.890300320253
1885,4120.247575413957
1886,4141.169282018906
1887,4161.198758477264
1888,4181.304306395396
1889,4200.583417113723
1890,4221.210893482731
1891,4242.297343885864
1892,4263.252998069514
1893,4284.270277881013
1894,4308.196922032206
1895,4335.3574168122805
1896,4362.04560737618
1897,4388.431548061476
1898,4414.720146873486
1899,4440.224245225503
1900,4466.541338899747
1901,4491.84741187975
1902,4516.470306215093
1903,4539.114308764712
1904,4559.786453099875
1905,4579.3433362129035
1906,4598.590228572392
1907,4618.00957594671
1908,4636.724693679416
1909,4654.591182439412
1910,4674.299927518001
1911,4693.10007689234
1912,4711.051438584388
1913,4725.173980373586
1914,4737.518059376372
1915,4748.926295114361
1916,4756.700972031607
1917,4762.483964731506
1918,4765.28381305026
1919,4765.974598041288
1920,4763.226784067875
1921,4758.12927784705
1922,4751.70672395274
1923,4742.844562788027
1924,4734.580627309447
1925,4724.214658100395
1926,4714.5608604196495
1927,4706.344947117167
1928,4696.414694993238
1929,4688.290069679294
1930,4680.410914991925
1931,4676.689091395088
1932,4673.943709032582
1933,4671.859755977365
1934,4668.374363021481
1935,4664.825515044437
1936,4657.468757017665
1937,4644.99678513747
1938,4634.1461696017
1939,4621.107646650761
1940,4608.451152343671
1941,4596.166178977941
1942,4586.206147472415
1943,4577.46216535662
1944,4573.065991655178
1945,4571.850764245995
1946,4570.831472333476
1947,4569.751735895818
1948,4567.786522950489
1949,4563.143437181382
1950,4559.489580488533
1951,4553.928030120988
1952,4548.29227670013
1953,4542.302759089165
1954,4538.4697268125765
1955,4537.016286897899
1956,4536.518675241175
1957,4535.944114577964
1958,4539.713644660435
1959,4546.291950310268
1960,4555.603009446043
1961,4568.861577265027
1962,4585.529825567176
1963,4605.717715642585
1964,4629.657526472754
1965,4654.84917511873
1966,4682.626815200861
1967,4710.324332187652
1968,4736.588049055016
1969,4763.379233973663
1970,4788.651071455132
1971,4816.749964995406
1972,4845.508121671762
1973,4873.584055743829
1974,4900.510603449817
1975,4924.258117321225
1976,4946.04803361183
1977,4965.38524553633
1978,4985.2119828412615
1979,5005.430663825791
1980,5022.906857955472
1981,5039.708844505532
1982,5054.294146101091
1983,5069.079889597433
1984,5078.774634611682
1985,5086.375200129749
1986,5091.039313147001
1987,5093.829826575426
1988,5093.940500454562
1989,5092.343135448397
1990,5089.209083360969
1991,5087.341046746697
1992,5082.797459231004
1993,5080.774236338042
1994,5080.847070087802
1995,5080.910435450094
1996,5080.407952171023
1997,5077.616219572386
1998,5072.715620547105
1999,5067.5037128308795
2000,5062.828901606725
2001,5059.3397711690095
2002,5056.15648729563
2003,5053.9228078729675
2004,5050.121315889282
2005,5042.430392453807
2006,5031.773514591621
2007,5018.065963802752
2008,4997.550300174562
2009,4972.267094273712
2010,4943.619377881041
2011,4913.048065349132
2012,4880.1674681158665
2013,4846.20537429727
2014,4810.450192218937
2015,4775.12461867968
2016,4738.551210160145
2017,4698.1581370739505
2018,4653.292072854638
2019,4606.2676849977315
2020,4555.030606674402
2021,4500.5463603357975
2022,4442.591194325208
2023,4384.389846552432
2024,4327.230377328689
2025,4268.42588669396
2026,4210.656064491035
2027,4153.838331040848
2028,4099.154806857789
2029,4044.5106460612546
2030,3991.824576200243
2031,3940.7207085883233
2032,3891.5606570379705
2033,3843.8757696094303
2034,3796.3902825960295
2035,3750.9632444937015
2036,3706.5654631970306
2037,3664.1164181298736
2038,3627.3989040229653
2039,3596.112019850911
2040,3573.6643128212913
2041,3556.3330086216283
2042,3545.6560515554397
2043,3540.285270588793
2044,3539.398822827268
2045,3543.0141569891034
2046,3552.3456398451362
2047,3567.5978141805026
2048,3587.4518072770456
2049,3611.84850366176
2050,3639.880227850627
2051,3671.578459518737
2052,3699.155921069993
2053,3733.501602424286
2054,3771.316801120483
2055,3810.440759368774
2056,3848.0225928412733
2057,3886.0308573408556
2058,3921.616184795668
2059,3951.6845499544443
2060,3977.9860208048176
2061,4002.0106094148928
2062,4025.4727378137595
2063,4049.8286056336215
2064,4075.949330683337
2065,4104.233395156399
2066,4136.250130809425
2067,4173.701046063127
2068,4213.498320698593
2069,4256.43086400739
2070,4302.146066947517
2071,4350.540090305961
2072,4399.368486569042
2073,4449.103825037496
2074,4497.054315892319
2075,4542.564964625088
2076,4586.104409038593
2077,4626.053448349663
2078,4661.936090940634
2079,4695.434204448168
2080,4726.6895258708
2081,4757.608634563926
2082,4786.4851513249005
2083,4814.253007382289
2084,4843.824298308638
2085,4872.354787483263
2086,4900.048176081753
2087,4928.16757419437
2088,4954.689465303161
2089,4979.344050096847
2090,5005.180595914492
2091,5031.473751445011
2092,5055.927774082673
2093,5081.541657132268
2094,5103.320202322586
2095,5119.853982904895
2096,5131.57536964058
2097,5138.682621285639
2098,5141.43600852112
2099,5135.724869133121
2100,5124.824345789714
2101,5110.5053961117355
2102,5091.027719628095
2103,5066.2017018926335
2104,5036.513271337434
2105,5003.998632290511
2106,4971.058057994043
2107,4940.239024692596
2108,4913.348813551832
2109,4889.954329859365
2110,4873.163873212268
2111,4861.641504155159
2112,4852.3373026632435
2113,4843.625147981215
2114,4831.241802126056
2115,4817.483234999361
2116,4802.782338267541
2117,4786.354200981717
2118,4770.585178731726
2119,4755.64903896126
2120,4740.231448232071
2121,4725.361805979914
2122,4712.334180502658
2123,4700.67991332377
2124,4690.798296917668
2125,4681.53822890961
2126,4674.486629121366
2127,4672.062549531937
2128,4673.924531960642
2129,4678.890780126055
2130,4689.355740771561
2131,4703.624448434674
2132,4722.731471191098
2133,4744.442450751769
2134,4767.290297425127
2135,4791.5266836906085
2136,4816.878330059009
2137,4844.513556641014
2138,4870.7653709930555
2139,4897.840983654225
2140,4925.218877664207
2141,4950.727819529026
2142,4974.286390566287
2143,4998.575588418564
2144,5021.526601684563
2145,5043.023582625825
2146,5064.522981729243
2147,5085.598256193696
2148,5104.3333233072
2149,5119.951559899104
2150,5131.121553618263
2151,5137.985397791403
2152,5139.780774564665
2153,5135.502377095154
2154,5125.44025312435
2155,5112.56982923627
2156,5096.838822474573
2157,5078.432167832407
2158,5057.131625822493
2159,5031.830481219722
2160,5003.350109511637
2161,4972.40996097439
2162,4938.520125350558
2163,4901.826640370691
2164,4861.8998325056955
2165,4819.880289248398
2166,4783.323286614551
2167,4744.693104590202
2168,4704.418434077805
2169,4662.082298922964
2170,4618.392176916235
2171,4573.49237618457
2172,4529.909191557641
2173,4485.384492615345
2174,4440.275799350347
2175,4394.687725119713
2176,4348.641337556825
2177,4303.191131586565
2178,4259.893368159546
2179,4216.577785560862
2180,4174.884941306865
2181,4134.290332242243
2182,4096.041008101871
2183,4057.04161732555
2184,4018.3054373689097
2185,3980.7693505698494
2186,3944.941034499934
2187,3912.7616321896826
2188,3883.092316870681
2189,3857.3602727568014
2190,3836.9094111151207
2191,3820.074241219418
2192,3808.043640501091
2193,3800.293904346316
2194,3795.8262031697186
2195,3794.5878003218777
2196,3796.2679363696852
2197,3801.911664639647
2198,3810.1236226272695
2199,3823.086708022163
2200,3837.023503760197
2201,3853.905641483431
2202,3873.247661133039
2203,3892.183844909119
2204,3910.8433962623785
2205,3929.4312160022073
2206,3947.471404684267
2207,3963.2931700695176
2208,3976.027371464746
2209,3987.3290845497822
2210,3995.362073783836
2211,4001.6681946998374
2212,4004.54525012845
2213,4004.8519462944196
2214,4003.643717330827
2215,4000.014606534668
2216,3993.8784384496657
2217,3985.352618178367
2218,3975.6884169933887
2219,3963.3976599697617
2220,3948.6546663167055
2221,3931.8931014760556
2222,3913.1129591038607
2223,3896.774235240051
2224,3876.753853449
2225,3852.8813389995753
2226,3826.973609345794
2227,3799.166830593079
2228,3771.3971687504018
2229,3743.8058586331017
2230,3715.3966707208583
2231,3687.804553804305
2232,3661.2552787845034
2233,3635.0763412087613
2234,3610.1024831773652
2235,3585.800983565365
2236,3562.328555786194
2237,3540.319927983764
2238,3520.295295864376
2239,3501.0567962902833
2240,3482.054811842708
2241,3464.050045183013
2242,3447.19293448319
2243,3430.212360607406
2244,3414.002802940776
2245,3399.562069076692
2246,3387.1877827322746
2247,3376.6705032423256
2248,3366.9154284699575
2249,3358.072360170155
2250,3351.428456461984
2251,3346.150897575085
2252,3345.4283403170225
2253,3348.677425469651
2254,3355.8420919048185
2255,3366.4897053807667
2256,3381.718651079953
2257,3399.0298907437805
2258,3419.251172689153
2259,3442.6351454208802
2260,3469.6272688912845
2261,3500.5499074273484
2262,3535.061577356349
2263,3572.1523239380763
2264,3612.8451395658017
2265,3656.3131895185193
2266,3704.2210163126656
2267,3757.5348110130467
2268,3815.5510671241095
2269,3877.4596103327403
2270,3944.163699603596
2271,4014.0926673944814
2272,4087.0832842884624
2273,4161.662198364744
2274,4238.256905020895
2275,4317.884864079772
2276,4398.65309891236
2277,4479.691076428125
2278,4557.909254470538
2279,4635.5863083027225
2280,4703.165345136724
2281,4769.747632690616
2282,4833.949965916096
2283,4896.603532084609
2284,4956.212081485851
2285,5011.197766567871
2286,5060.274076693106
2287,5104.917939362933
2288,5144.2261244504225
2289,5179.2408000255755
2290,5209.611367883938
2291,5236.0606503317285
2292,5259.6597507840825
2293,5280.201765045367
2294,5296.346667049633
2295,5308.993704996316
2296,5318.791295140067
2297,5324.058393832026
2298,5325.017744259074
2299,5319.900458019102
2300,5309.318148504406
2301,5290.882474574153
2302,5265.64637982685
2303,5235.632740500961
2304,5202.19804843893
2305,5165.425787340946
2306,5125.989454002988
2307,5086.8037110385
2308,5047.618690258681
2309,5009.314285977769
2310,4970.869610164859
2311,4932.159086243866
2312,4896.212576801315
2313,4861.902537748435
2314,4831.837559949517
2315,4806.646624528076
2316,4785.462490224126
2317,4768.471550926432
2318,4754.926226851615
2319,4741.615847959839
2320,4728.543572520808
2321,4715.911117459086
2322,4702.733042637713
2323,4689.647767691955
2324,4677.699655491646
2325,4664.726891191603
2326,4652.052871682643
2327,4641.446288911067
2328,4632.310743025161
2329,4625.41254206512
2330,4620.098695684322
2331,4616.887829058116
2332,4615.482754195902
2333,4615.217974814066
2334,4616.864160178196
2335,4623.583094714118
2336,4633.336263756311
2337,4641.82152082302
2338,4654.13499408765
2339,4668.336256561844
2340,4684.125802025407
2341,4700.762979352201
2342,4717.3095536423125
2343,4734.726797749898
2344,4752.378212044415
2345,4770.94678796407
2346,4791.244528445174
2347,4812.179405642742
2348,4833.762765740499
2349,4856.1096909093885
2350,4876.528112890425
2351,4895.707650200307
2352,4915.12548741001
2353,4935.42599198331
2354,4954.891474956371
2355,4973.287735707731
2356,4992.123159156133
2357,5009.511145854979
2358,5025.261839405236
2359,5039.328632583587
2360,5052.232210123216
2361,5061.865779397015
2362,5067.119153094816
2363,5069.136311657564
2364,5067.15027421025
2365,5061.9507642505
2366,5054.409493381092
2367,5045.943009404552
2368,5035.630699747607
2369,5023.756608633035
2370,5011.247048947418
2371,4998.622558441557
2372,4985.260466559039
2373,4970.394466491024
2374,4954.580681098156
2375,4938.847145438033
2376,4923.392369268275
2377,4908.328957949423
2378,4893.969487299663
2379,4878.626863274005
2380,4862.382788818646
2381,4846.398152785786
2382,4830.373250552967
2383,4816.004851540462
2384,4801.288167121963
2385,4786.993390133651
2386,4773.989600168608
2387,4762.2557444329805
2388,4749.202896070911
2389,4736.738162053029
2390,4728.206585160352
2391,4721.696197670541
2392,4717.324318883222
2393,4716.137152062537
2394,4715.104316928543
2395,4717.7299631827145
2396,4719.016807756517
2397,4717.64811591632
2398,4710.39978606189
2399,4695.40938120113
2400,4675.714966607581
2401,4648.663318785215
2402,4617.671643743303
2403,4584.041946335285
2404,4548.627110987873
2405,4512.912595507537
2406,4477.226839425388
2407,4438.574884014853
2408,4398.4672823521205
2409,4358.068534732713
2410,4318.029987636368
2411,4277.598494282054
2412,4240.981484056564
2413,4207.312108688902
2414,4177.234819566407
2415,4149.641406748584
2416,4122.909476714597
2417,4097.009304766272
2418,4069.7535976516633
2419,4041.6825591334996
2420,4013.988639884593
2421,3986.0567207756235
2422,3957.0233427626245
2423,3927.2644077723367
2424,3897.5934619673144
2425,3869.8052094590334
2426,3844.449879293063
2427,3822.694432834353
2428,3804.629350285636
2429,3792.0095880610784
2430,3785.245518739636
2431,3782.4852872416636
2432,3783.4347546279882
2433,3789.821432481294
2434,3799.5820689976854
2435,3813.078287621702
2436,3829.7216265959682
2437,3846.6558815382164
2438,3865.9649016222925
2439,3888.196706006107
2440,3911.4131588668806
2441,3936.5583555209473
2442,3961.7837914611905
2443,3989.299954290626
2444,4016.796993040697
2445,4043.9553415940804
2446,4071.88206864045
2447,4102.860190967859
2448,4138.734413769251
2449,4180.113894943535
2450,4228.582239866886
2451,4270.749699950201
2452,4320.5283580804635
2453,4376.108162086727
2454,4432.643043957632
2455,4487.8013222259
2456,4539.81399656933
2457,4588.30860019995
2458,4631.768125899527
2459,4670.760307668542
2460,4705.479325201806
2461,4735.961351900304
2462,4762.244351523001
2463,4782.8798778056025
2464,4796.852778779213
2465,4806.8120674213615
2466,4813.359978156879
2467,4819.049369238245
2468,4821.408862102633
2469,4821.608165522714
2470,4819.769138243525
2471,4814.729381198643
2472,4807.0317140886555
2473,4795.287131944368
2474,4779.471565737154
2475,4759.613588695669
2476,4737.497551672932
2477,4712.554847747021
2478,4684.876737021028
2479,4653.972301862446
2480,4621.1772625661315
2481,4588.128618691885
2482,4552.486911948507
2483,4520.669471437639
2484,4492.856542830169
2485,4471.72924203407
2486,4455.541146605271
2487,4442.405933077276
2488,4435.094773962676
2489,4429.445811348115
2490,4422.911372391042
2491,4417.092265469382
2492,4412.470914642658
2493,4406.681328781317
2494,4397.364657707113
2495,4385.2112070514995
2496,4368.90967835564
2497,4351.874258155352
2498,4331.670287537477
2499,4306.464952543231
2500,4276.144087732913
2501,4239.030612884577
2502,4197.873315016734
2503,4155.07602991362
2504,4111.694792102804
2505,4068.550663268723
2506,4027.4692858727626
2507,3993.6107228260776
2508,3964.1537729754614
2509,3938.1518991258563
2510,3918.2390699452662
2511,3902.9445175950796
2512,3893.2160351845655
2513,3889.2995848775895
2514,3889.9952078428705
2515,3893.256520688932
2516,3897.4825248577795
2517,3901.928827563045
2518,3905.899492771694
2519,3908.8656864868412
2520,3911.4473888787206
2521,3913.151916255324
2522,3914.380447427633
2523,3915.056383806992
2524,3917.711957172297
2525,3921.2672251792164
2526,3928.0518844326803
2527,3937.520750866833
2528,3949.377696442192
2529,3961.2533902583223
2530,3972.717186205568
2531,3984.978358008783
2532,4000.4174208163586
2533,4017.8026287495154
2534,4034.0520025315936
2535,4050.84151872755
2536,4063.7653724199495
2537,4075.6839036809442
2538,4084.410637908053
2539,4089.877140473765
2540,4094.749839982017
2541,4098.478908607824
2542,4099.406619957997
2543,4095.4943326325324
2544,4088.029482333761
2545,4078.511742864973
2546,4065.7728357741184
2547,4051.6249028115944
2548,4036.187861799215
2549,4019.7407136957277
2550,4003.627563034678
2551,3988.527619675756
2552,3976.1905159976486
2553,3968.0903351587986
2554,3961.5137841673386
2555,3958.621299749559
2556,3960.6672664278353
2557,3963.539874847473
2558,3970.145688006862
2559,3981.023091800566
2560,3997.0222948476485
2561,4014.6142240636195
2562,4032.992054706005
2563,4050.533184775776
2564,4068.7974155859843
2565,4084.6872963908654
2566,4100.9854333924495
2567,4112.956711467902
2568,4119.332714757392
2569,4123.236794961705
2570,4124.027055586724
2571,4120.157866803615
2572,4113.512902014877
2573,4103.977485117062
2574,4090.5050843245363
2575,4074.780259606041
2576,4056.5380223747725
2577,4038.477267984032
2578,4017.5167368142525
2579,3994.910756585401
2580,3972.601653670232
2581,3951.223348116759
2582,3932.2966806630716
2583,3915.13055903343
2584,3898.3457778322404
2585,3881.730421081892
2586,3863.6381528785405
2587,3845.776386697512
2588,3826.2237161441412
2589,3806.418704444702
2590,3785.8696934950603
2591,3762.9291330498063
2592,3737.842938027235
2593,3710.24685579642
2594,3682.9385093614524
2595,3654.3091122349715
2596,3624.1791476902486
2597,3593.085805671343
2598,3563.957385352914
2599,3536.0041028143687
2600,3511.1638829112526
2601,3488.061937009245
2602,3466.714447513292
2603,3446.335028389369
2604,3427.957144531267
2605,3411.216352245726
2606,3398.6541320479055
2607,3392.451818519682
2608,3390.470823523994
2609,3391.095044675721
2610,3392.863727750728
2611,3395.757509966763
2612,3398.632135398313
2613,3401.748883845244
2614,3405.181700260388
2615,3409.1240882053335
2616,3412.913410171286
2617,3416.905916960544
2618,3422.3805599621373
2619,3430.7264471592307
2620,3444.768829588849
2621,3465.911416581185
2622,3484.3054672645185
2623,3510.6134566842516
2624,3542.3442537226315
2625,3578.941601687591
2626,3620.237072323151
2627,3666.6592164476842
2628,3718.2945562755663
2629,3774.0967586486368
2630,3833.0539292846324
2631,3894.843309539751
2632,3958.1904101615446
2633,4023.004262892765
2634,4089.9253365092595
2635,4157.791741932756
2636,4226.533149165942
2637,4295.248266155948
2638,4362.916635183716
2639,4426.188006341699
2640,4486.119174852915
2641,4543.905973123636
2642,4598.782447219882
2643,4653.111407502783
2644,4706.186374379932
2645,4757.199105313936
2646,4804.979518170425
2647,4847.248499354781
2648,4886.281206930166
2649,4918.999800392429
2650,4945.272942015055
2651,4964.498193006539
2652,4976.915135722577
2653,4984.278294965738
2654,4987.046547983082
2655,4984.526565396167
2656,4977.79848184449
2657,4967.184653716527
2658,4950.052186181169
2659,4930.776928481687
2660,4909.264587469822
2661,4885.532793249656
2662,4860.014098855761
2663,4835.514950968092
2664,4809.013014674807
2665,4781.607664411676
2666,4752.181336927443
2667,4722.771689634095
2668,4693.3696736902875
2669,4666.377022955036
2670,4641.531985271369
2671,4620.388832718387
2672,4602.286112657608
2673,4588.667405986705
2674,4578.105057949797
2675,4568.581401859496
2676,4558.88239705614
2677,4547.6687698010455
2678,4536.051281500071
2679,4525.944066678224
2680,4514.429035071671
2681,4499.1844732315185
2682,4479.264974493698
2683,4454.902290382382
2684,4425.052364232988
2685,4389.694035075118
2686,4347.415459148106
2687,4300.31137353787
2688,4248.352155082885
2689,4195.629727586121
2690,4139.334568106751
2691,4082.887841610808
2692,4025.633188421746
2693,3967.5360256914028
2694,3910.2283829431603
2695,3852.831995267635
2696,3797.891823324912
2697,3746.544301413299
2698,3699.9596726293307
2699,3657.729301338115
2700,3618.3083805748624
2701,3581.4066835468266
2702,3548.7239018981945
2703,3519.833847418845
2704,3497.672326853036
2705,3478.50643182319
2706,3463.098699488857
2707,3452.7447957756945
2708,3447.316708191729
2709,3444.6403319194437
2710,3447.3193337518674
2711,3455.0461743410206
2712,3466.8821176987844
2713,3484.6492219525044
2714,3506.5466920721697
2715,3532.9282964927843
2716,3564.5279037659143
2717,3597.7204616467593
2718,3633.7584856282238
2719,3672.5778934337977
2720,3714.677728094796
2721,3758.5178140268354
2722,3803.0362698533104
2723,3850.492655916699
2724,3898.221932776975
2725,3944.7886623260356
2726,3990.2701172974193
2727,4035.176802635377
2728,4079.00647566816
2729,4120.253892024591
2730,4159.133091763667
2731,4196.147242699206
2732,4233.923974394663
2733,4272.802386971807
2734,4312.313880639349
2735,4356.492926546181
2736,4394.9286964851235
2737,4438.565516932275
2738,4487.534822267189
2739,4539.43143914612
2740,4593.62603618157
2741,4649.591869523132
2742,4706.0254930406045
2743,4763.426583389568
2744,4820.954196323339
2745,4877.617616087999
2746,4932.539343531618
2747,4987.167417423558
2748,5043.394714137857
2749,5099.205240649623
2750,5155.042942367696
2751,5212.106810708045
2752,5269.314607993819
2753,5322.459783734126
2754,5372.046224727123
2755,5419.594540449819
2756,5463.462911853113
2757,5504.902219718567
2758,5544.487098783821
2759,5580.514217316752
2760,5614.077206396444
2761,5643.57049212675
2762,5669.119079277143
2763,5691.154218090435
2764,5710.88342202943
2765,5727.028219017499
2766,5737.363131406147
2767,5743.673628735056
2768,5745.023866708032
2769,5739.128963587035
2770,5727.339966294472
2771,5711.0274848469
2772,5690.734711632914
2773,5665.555165231982
2774,5636.257759754128
2775,5604.819008581864
2776,5572.1635526233695
2777,5537.404853516735
2778,5501.944336904283
2779,5462.771663744058
2780,5420.832774735293
2781,5379.753122298515
2782,5339.3022097233825
2783,5300.101883488264
2784,5262.760238569066
2785,5225.365254872992
2786,5189.558538149047
2787,5153.958294478775
2788,5118.641483452095
2789,5082.749262427405
2790,5045.84619832665
2791,5012.395633760761
2792,4979.799669671844
2793,4951.441180914487
2794,4924.217107775163
2795,4898.63731605854
2796,4873.411519990214
2797,4849.480129489935
2798,4826.169862903265
2799,4803.614986704625
2800,4781.134306128012
2801,4761.4892975842595
2802,4744.254115748262
2803,4728.816633688362
2804,4714.1027518553965
2805,4699.570913517293
2806,4685.100943668464
2807,4670.369216168318
2808,4654.305820534932
2809,4639.1131711155795
2810,4625.0003294831895
2811,4609.515583474766
2812,4595.634013032823
2813,4581.36822203457
2814,4568.046893241433
2815,4556.442921428542
2816,4547.751931361986
2817,4541.648286828868
2818,4537.472539105822
2819,4533.246820912736
2820,4530.249883660114
2821,4528.432316665938
2822,4528.392048120701
2823,4531.080361642258
2824,4535.5941418496695
2825,4542.301772763337
2826,4549.882465430731
2827,4559.937343304184
2828,4571.2329133984085
2829,4585.4394797453915
2830,4602.663806568618
2831,4620.955946101834
2832,4637.618483789938
2833,4652.540899533042
2834,4666.146247418978
2835,4680.424767773835
2836,4695.576463639021
2837,4710.087560432915
2838,4725.896020032573
2839,4739.958095201444
2840,4752.009818646508
2841,4764.061786380029
2842,4772.319878961591
2843,4777.341504900196
2844,4776.6100558570915
2845,4772.550195658395
2846,4765.871607416157
2847,4756.434167296421
2848,4742.097345861332
2849,4724.413603595728
2850,4709.028747824653
2851,4692.384711419306
2852,4673.157375956578
2853,4649.731004872171
2854,4622.32128158866
2855,4593.461531634512
2856,4565.005650948754
2857,4536.009734138529
2858,4506.8542805370535
2859,4478.770224913699
2860,4452.156334599128
2861,4428.178737883512
2862,4404.6282755591765
2863,4382.3142616682235
2864,4361.333560670218
2865,4339.955912378963
2866,4316.269512852182
2867,4293.683881158796
2868,4269.575085373208
2869,4246.758932836829
2870,4226.203296674275
2871,4207.0764412726
2872,4188.398216364071
2873,4170.456911310757
2874,4154.229014355974
2875,4139.8680130670255
2876,4128.324272884669
2877,4120.784002229777
2878,4114.229750335273
2879,4109.918502972688
2880,4107.000027239
2881,4105.1049371355475
2882,4101.663904886172
2883,4099.420153625264
2884,4097.061379837475
2885,4094.691780943763
2886,4092.748978629257
2887,4088.872211826542
2888,4082.711062466708
2889,4076.6525532407627
2890,4068.579995123376
2891,4058.8320825285973
2892,4047.2577541475316
2893,4036.148610241833
2894,4025.9689728572157
2895,4018.0533022813593
2896,4012.306055782464
2897,4009.069655904288
2898,4007.548417671557
2899,4008.122780508004
2900,4011.585859600976
2901,4016.4612341742745
2902,4024.0533685468163
2903,4032.6045582979905
2904,4043.7079284792835
2905,4056.144070312591
2906,4071.530040413842
2907,4084.9158344019306
2908,4099.853685641867
2909,4117.469133658067
2910,4135.266842152495
2911,4156.076902486255
2912,4177.564052130892
2913,4199.872142820677
2914,4223.6737739458185
2915,4247.433533119742
2916,4269.951138920579
2917,4291.677180989724
2918,4312.415112392921
2919,4331.349299111869
2920,4348.077731119855
2921,4363.835425566685
2922,4378.286573801526
2923,4392.132308259322
2924,4405.563211417353
2925,4417.659622526927
2926,4428.569327276152
2927,4436.933699289749
2928,4443.762021527444
2929,4448.69267847339
2930,4450.001252553716
2931,4449.174799915147
2932,4449.9888164595595
2933,4450.861769920116
2934,4453.15200278501
2935,4456.23233558922
2936,4459.937173339769
2937,4467.129751675023
2938,4476.606548174292
2939,4489.108153639337
2940,4503.152723853905
2941,4518.64260290552
2942,4534.543531072522
2943,4547.902677288933
2944,4561.744217778207
2945,4576.451569576352
2946,4590.792767924912
2947,4607.178867833837
2948,4624.8815484833285
2949,4640.785119797366
2950,4654.972269037888
2951,4668.636105073007
2952,4678.943816992198
2953,4686.8756238301985
2954,4690.962294852311
2955,4692.300740284564
2956,4692.216191708148
2957,4691.120885464424
2958,4688.721864082492
2959,4686.633579972801
2960,4683.721200610643
2961,4678.5952123719135
2962,4672.141643634945
2963,4663.850476347374
2964,4656.637160807186
2965,4648.865887483602
2966,4641.193463997712
2967,4633.229914144004
2968,4627.036590150807
2969,4620.352003991512
2970,4614.980976263474
2971,4612.042562924829
2972,4611.214517365005
2973,4612.848571965766
2974,4613.5450850750985
2975,4615.492749595547
2976,4617.664962268359
2977,4620.687386118805
2978,4624.121609672776
2979,4628.186493397887
2980,4632.920395204056
2981,4638.607446757338
2982,4642.779528762987
2983,4646.796408763611
2984,4652.118288069922
2985,4660.04291452848
2986,4671.758636064873
2987,4685.214653952496
2988,4699.507350285634
2989,4716.01867764562
2990,4732.70039883743
2991,4748.8009148278325
2992,4767.1745207847725
2993,4787.695570911489
2994,4810.890056835832
2995,4836.251851879324
2996,4861.4445316353485
2997,4886.106362989581
2998,4908.314613373344
2999,4930.266327311916
3000,4951.781190482808
3001,4971.797761090656
3002,4990.908906943618
3003,5010.087704941575
3004,5027.46116221083
3005,5041.4942041683635
3006,5051.604426962503
3007,5057.768545078543
3008,5059.196295938041
3009,5057.324369858069
3010,5050.761250971756
3011,5038.985802792981
3012,5024.340185565884
3013,5008.106784950041
3014,4989.688759984781
3015,4969.902056142577
3016,4947.919344939525
3017,4924.115993058261
3018,4897.214644244226
3019,4866.960360369652
3020,4832.971462949832
3021,4803.401122194589
3022,4768.283270883463
3023,4729.408941390668
3024,4688.741608775833
3025,4649.199013721852
3026,4610.656674919439
3027,4573.367368324306
3028,4538.3073424946315
3029,4504.331084033928
3030,4471.3719653853295
3031,4439.590207721275
3032,4409.544721307085
3033,4380.747750510504
3034,4353.374085668526
3035,4327.895515155853
3036,4302.258798879179
3037,4276.884191785159
3038,4250.966424192121
3039,4225.9769494488655
3040,4198.934544662155
3041,4167.7342245026375
3042,4134.840874113036
3043,4101.321339755987
3044,4065.8029177031794
3045,4029.690094951035
3046,3993.9030160233247
3047,3959.4690895485396
3048,3927.2045371297313
3049,3897.5317214914257
3050,3870.870936869065
3051,3846.4279065556134
3052,3821.8733524058043
3053,3798.1494799183574
3054,3774.9850715571297
3055,3749.7942079453946
3056,3728.1542825326483
3057,3709.488497675408
3058,3693.333721364628
3059,3682.6879642764334
3060,3675.6481108363355
3061,3671.7239029803445
3062,3672.5141826750005
3063,3679.3316335966565
3064,3690.292765316403
3065,3706.6441219014814
3066,3727.6856094088826
3067,3752.9932992017493
3068,3783.3604205089496
3069,3820.290041210625
3070,3862.49690619615
3071,3908.7115591595084
3072,3959.506072831959
3073,4011.7137924538038
3074,4062.6300081895074
3075,4109.800755680466
3076,4153.984855147116
3077,4193.892944161884
3078,4228.612981604731
3079,4258.427922266802
3080,4285.031914758011
3081,4309.440149248577
3082,4329.912412880145
3083,4349.839146298002
3084,4366.985965456024
3085,4381.411910599116
3086,4394.745909634938
3087,4406.913846691249
3088,4416.03560775601
3089,4423.9236087201725
3090,4430.292945239217
3091,4434.683387753408
3092,4438.621655565506
3093,4441.889442274607
3094,4445.072046605679
3095,4447.69907775635
3096,4450.629611466238
3097,4452.214801557453
3098,4451.942402035164
3099,4448.648602047056
3100,4441.00506274879
3101,4430.291469145409
3102,4416.269020888521
3103,4400.94848584157
3104,4385.388256140571
3105,4369.860517196282
3106,4353.124945283567
3107,4336.675110638074
3108,4319.888670560597
3109,4301.612514190549
3110,4282.04945357619
3111,4261.097135541589
3112,4237.210098554596
3113,4209.686501938547
3114,4179.558720007614
3115,4145.805360082093
3116,4108.303055285876
3117,4070.9487567167093
3118,4032.3909492736793
3119,3991.9393957558063
3120,3951.3682698930515
3121,3910.3710401846756
3122,3869.8626780414006
3123,3828.835730478803
3124,3786.7392919036974
3125,3744.1539593401003
3126,3700.6129332612472
3127,3655.1210089431447
3128,3610.1601221907404
3129,3565.2844986640625
3130,3524.4521424738996
3131,3485.4400984299673
3132,3449.79779831681
3133,3416.662031677541
3134,3387.263083604624
3135,3361.6859987811868
3136,3340.67973039054
3137,3323.351088274259
3138,3308.207688018672
3139,3293.420346425238
3140,3278.4291857880053
3141,3265.1192327580375
3142,3253.4460590452504
3143,3242.3576432475074
3144,3232.511799248641
3145,3225.16629822715
3146,3217.02689383038
3147,3208.565859411995
3148,3201.09568350042
3149,3193.1158049677983
3150,3183.621054113272
3151,3175.46053468763
3152,3165.173331800462
3153,3155.7928469864155
3154,3148.4398983255037
3155,3144.4457299579303
3156,3144.1589838967943
3157,3144.999124117072
3158,3147.801119216131
3159,3150.757164853864
3160,3151.594953353984
3161,3153.9250854244106
3162,3156.6825167455518
3163,3157.581942694357
3164,3156.225547107668
3165,3154.7628483804237
3166,3154.736039092049
3167,3155.783478457957
3168,3158.7367576784386
3169,3164.472180272326
3170,3171.695741169576
3171,3178.9179409193407
3172,3186.255482667934
3173,3194.0224651910685
3174,3202.879627904173
3175,3214.2325407435246
3176,3227.7376725446206
3177,3244.0470705370917
3178,3262.918018414
3179,3283.284034363492
3180,3304.6149470073406
3181,3327.05649871697
3182,3348.20458154551
3183,3368.5191180007623
3184,3388.0069861857487
3185,3408.9757292103495
3186,3433.801888641548
3187,3458.150651761729
3188,3486.460031206309
3189,3518.4269486335284
3190,3552.458403847746
3191,3593.6277450766515
3192,3629.4450719457986
3193,3672.3090839934985
3194,3721.434217991411
3195,3774.1509672539223
3196,3829.6795349767654
3197,3885.98141678551
3198,3940.42918513422
3199,3996.3906251616645
3200,4049.119379950595
3201,4101.491924809322
3202,4150.466794857564
3203,4196.25599023902
3204,4238.648430057243
3205,4274.264491406329
3206,4303.7919597738555
3207,4329.483653074481
3208,4351.722906845155
3209,4368.907428628919
3210,4384.818415770166
3211,4398.027682839935
3212,4406.438272933026
3213,4415.311309257766
3214,4423.882646676518
3215,4431.9341145763665
3216,4440.976073480547
3217,4450.2125664707255
3218,4456.729596451654
3219,4459.465159577031
3220,4460.716370521464
3221,4456.8184649510395
3222,4445.908247155956
3223,4433.332531717707
3224,4416.975287277226
3225,4397.630591069685
3226,4374.680138832372
3227,4350.288910099435
3228,4324.503980608023
3229,4299.421934832117
3230,4272.838118861222
3231,4246.753795123955
3232,4220.613951346798
3233,4192.602489375066
3234,4166.642941252891
3235,4143.557285816632
3236,4121.1473025492905
3237,4100.918648727337
3238,4085.411146147632
3239,4072.278158874956
3240,4057.9658439758414
3241,4042.8265152926533
3242,4028.0760154155905
3243,4016.3652509933777
3244,4005.744904318293
3245,3996.087720615807
3246,3990.255589488599
3247,3988.1926876032367
3248,3989.3310443828923
3249,3990.3214147811927
3250,3992.0184827584662
3251,3996.790343501384
3252,4002.7743526660165
3253,4005.1288231757303
3254,4002.3368805340033
3255,4000.138298227427
3256,3996.8773955120914
3257,3994.857627737851
3258,3995.1787888467798
3259,3995.310166132606
3260,3995.1881406617053
3261,3994.241772294699
3262,3992.858003317854
3263,3992.1429683560254
3264,3990.5372254312824
3265,3989.327314938639
3266,3987.7342560654365
3267,3984.3053854020122
3268,3981.7495088015794
3269,3978.3804544305094
3270,3975.112367443747
3271,3973.7292407080736
3272,3974.4133165669277
3273,3976.2013367169875
3274,3979.0094087164657
3275,3983.2707410867797
3276,3993.0176135146066
3277,4004.6951177719507
3278,4017.895475554495
3279,4030.4601808482025
3280,4044.852587977164
3281,4062.358661502893
3282,4082.763055290321
3283,4106.350448728958
3284,4135.719852287085
3285,4166.65725921768
3286,4199.185222816533
3287,4232.425535815929
3288,4266.300381734722
3289,4301.021336833366
3290,4338.787080100569
3291,4377.820459829957
3292,4415.31011750656
3293,4452.659282211031
3294,4488.031469217096
3295,4521.479570767303
3296,4553.242631461654
3297,4581.775351011642
3298,4606.0430481804
3299,4625.739516202899
3300,4642.3724124195505
3301,4655.905936711147
3302,4669.793047342513
3303,4686.373295757157
3304,4703.1966125146355
3305,4725.54602027666
3306,4744.990005029621
3307,4769.246139591986
3308,4794.699173086
3309,4819.87226186229
3310,4844.033304777659
3311,4866.155100410571
3312,4885.05077741899
3313,4898.9052634840355
3314,4908.289186729777
3315,4919.348548396087
3316,4930.332023706966
3317,4940.625019882282
3318,4947.782446745534
3319,4951.5148819181395
3320,4953.5664826509965
3321,4954.102561757543
3322,4952.838134547995
3323,4949.972837930993
3324,4946.93017774225
3325,4943.681423310632
3326,4940.024842398454
3327,4934.749158182449
3328,4926.4372216889415
3329,4915.951272822226
3330,4905.791356491756
3331,4897.367124714029
3332,4888.407824593888
3333,4880.778981921401
3334,4875.402508936504
3335,4868.24678013454
3336,4858.435156107613
3337,4846.312450702209
3338,4828.663388572482
3339,4808.2955184762195
3340,4790.378785749772
3341,4774.815423785468
3342,4760.934230533059
3343,4747.594507080423
3344,4734.517708160688
3345,4721.764067959356
3346,4705.776135317974
3347,4686.0140287407885
3348,4664.145168347926
3349,4643.023856004124
3350,4618.732116889156
3351,4593.798261748597
3352,4567.941466270527
3353,4541.696698536899
3354,4512.658608958717
3355,4484.684328952066
3356,4452.969402799562
3357,4419.575286499996
3358,4385.846220271259
3359,4353.265378032608
3360,4323.459838822184
3361,4295.488740114313
3362,4270.293877855039
3363,4248.374347689471
3364,4230.341336086481
3365,4215.889521524862
3366,4204.024258680992
3367,4188.156447379375
3368,4174.788680267226
3369,4161.41784599539
3370,4145.444502874026
3371,4128.638093347172
3372,4109.448501876761
3373,4091.5784574763975
3374,4075.1844846585236
3375,4062.1125637234168
3376,4049.739191963474
3377,4037.080209994357
3378,4024.5292943409704
3379,4008.191912387669
3380,3989.9671204418632
3381,3966.7649495883043
3382,3939.4514150759605
3383,3912.544370192213
3384,3881.814257628634
3385,3849.5244922263037
3386,3816.3326955435164
3387,3784.4298978929305
3388,3752.201481536095
3389,3723.1773058328054
3390,3699.1465864530983
3391,3678.2720158544375
3392,3656.6517722766566
3393,3633.63074535512
3394,3609.0201177265926
3395,3583.8809598642333
3396,3558.8587872298795
3397,3536.1463516610033
3398,3514.533692601308
3399,3494.6631105992533
3400,3478.461379005801
3401,3467.428443284997
3402,3459.808359588039
3403,3457.7968491118713
3404,3460.6368238491364
3405,3465.1287997297186
3406,3475.7000276702674
3407,3489.955964902139
3408,3506.3677958459734
3409,3524.2316779210573
3410,3543.0595564209684
3411,3562.074020112581
3412,3582.4083971777627
3413,3604.0311981123623
3414,3625.7287458651654
3415,3649.9465679538016
3416,3675.815973435117
3417,3703.183259858267
3418,3734.4706012774827
3419,3767.47861779085
3420,3796.1955921574795
3421,3828.8576118960123
3422,3864.04579755325
3423,3898.7079656357123
3424,3932.011075945592
3425,3963.9041728001444
3426,3993.894825479343
3427,4021.5946033108457
3428,4049.559832821734
3429,4076.802186655177
3430,4102.000683102845
3431,4126.110594197818
3432,4147.067194955341
3433,4165.099242724027
3434,4181.201921872474
3435,4198.787740328395
3436,4217.524429170071
3437,4236.737730470436
3438,4257.410397074306
3439,4278.362232861452
3440,4299.864574763984
3441,4320.81596872657
3442,4340.201392013438
3443,4356.917527592105
3444,4373.76805000156
3445,4390.7177349728045
3446,4408.624982696302
3447,4425.09718246224
3448,4440.389329189443
3449,4456.441024737775
3450,4471.779342087863
3451,4483.974219525679
3452,4496.579031796316
3453,4507.6785510853115
3454,4517.481504676697
3455,4524.780737843298
3456,4530.5129470201655
3457,4534.038831985304
3458,4534.312449501586
3459,4534.796939555656
3460,4532.736993257976
3461,4529.233427678932
3462,4524.432282470598
3463,4516.445164513957
3464,4505.640007292381
3465,4493.56192874989
3466,4479.0342755869415
3467,4461.018331496019
3468,4439.904707473653
3469,4415.873241748142
3470,4387.235809758997
3471,4354.014605234053
3472,4319.833202596556
3473,4287.875605221332
3474,4260.631608635047
3475,4234.527431001797
3476,4214.550076616731
3477,4197.1697783017225
3478,4183.796360768456
3479,4173.892818518871
3480,4163.7877771160165
3481,4154.650525900118
3482,4144.250956157774
3483,4130.90049659724
3484,4115.1185977920795
3485,4097.119875216887
3486,4077.994754484262
3487,4059.1305201458013
3488,4041.531602221145
3489,4023.175767993822
3490,4004.1129100563758
3491,3987.768398353188
3492,3973.371071357101
3493,3961.7002078067208
3494,3954.43115551771
3495,3949.722436386833
3496,3948.3045440465194
3497,3948.3273218238583
3498,3948.2499405747444
3499,3950.6587117805707
3500,3954.96421632642
3501,3960.235438783144
3502,3965.0919226268766
3503,3969.8530963341773
3504,3974.1005989210953
3505,3977.9489656905944
3506,3982.475514951136
3507,3985.540977970339
3508,3989.756055942982
3509,3993.342365041011
3510,3997.405196802133
3511,4003.0048893014628
3512,4010.06724867022
3513,4019.5051654195167
3514,4032.473893737312
3515,4043.812061780022
3516,4055.562795960522
3517,4064.687347685027
3518,4073.4941886649617
3519,4080.659710645441
3520,4086.2077189559523
3521,4089.957601153225
3522,4092.6886152218
3523,4093.275472603897
3524,4090.9204446289277
3525,4083.634381630848
3526,4072.5166485137133
3527,4055.524879053165
3528,4032.898423855815
3529,4008.240797074986
3530,3984.279026525817
3531,3959.8127586512014
3532,3934.487892085986
3533,3911.835404936613
3534,3892.1277411166584
3535,3873.917221838147
3536,3858.956137247627
3537,3849.5008013302254
3538,3846.7256397350343
3539,3849.768377360646
3540,3859.7386691142265
3541,3877.788492098234
3542,3898.5047078122757
3543,3924.0138429007943
3544,3948.8884668042574
3545,3975.369812145268
3546,4002.5240777121717
3547,4033.427350370682
3548,4065.7093489554663
3549,4097.957144958812
3550,4129.150999752507
3551,4157.244809497436
3552,4181.236130216319
3553,4199.859703957807
3554,4215.092029831688
3555,4231.128877349652
3556,4245.3833980635545
3557,4261.738968685298
3558,4278.2551675078785
3559,4292.890554706351
3560,4306.673068388714
3561,4318.637424125732
3562,4330.562875122944
3563,4343.635682676934
3564,4356.235411179775
3565,4366.44807602592
3566,4374.149748904097
3567,4376.612809519835
3568,4373.498317776898
3569,4368.510029081872
3570,4361.671408899569
3571,4350.822564549076
3572,4339.587776587246
3573,4326.625108365667
3574,4315.565366267799
3575,4305.574329317503
3576,4297.267941493755
3577,4290.1207053396965
3578,4283.672680536972
3579,4277.961563489506
3580,4273.468906363045
3581,4269.408687206339
3582,4266.7047898107685
3583,4267.076956783677
3584,4269.508827768381
3585,4273.801891815592
3586,4277.782835813588
3587,4280.0881298648965
3588,4276.81761136706
3589,4266.795847660904
3590,4247.383872663131
3591,4230.49545441507
3592,4203.222505801499
3593,4168.752234368138
3594,4131.367573788134
3595,4094.5346658123626
3596,4058.8779791495585
3597,4027.126844171568
3598,4000.3760335526076
3599,3976.0274825384126
3600,3954.232763576173
3601,3937.0621195683493
3602,3923.0692919906896
3603,3912.6345132442034
3604,3904.691970835011
3605,3899.5039903410106
3606,3896.836374620201
3607,3894.719755259371
3608,3889.994482420918
3609,3884.4645670466243
3610,3877.6626740182546
3611,3870.122453171194
3612,3860.782421249522
3613,3850.450680682303
3614,3841.4169249046745
3615,3832.6833892172854
3616,3823.9263738149994
3617,3817.6298941439995
3618,3814.058935294146
3619,3811.701128462568
3620,3812.503744878829
3621,3816.249135957205
3622,3819.665282816968
3623,3822.6460672702956
3624,3827.252336050655
3625,3833.009183740373
3626,3840.62208408726
3627,3848.1561969363374
3628,3854.7109250941394
3629,3860.2812648722047
3630,3866.3305030559072
3631,3876.0343860044327
3632,3888.8813484087873
3633,3906.6434669188075
3634,3931.4616602746564
3635,3960.9872848573114
3636,3995.787844173353
3637,4032.8461844972526
3638,4073.4520678562308
3639,4120.149855044474
3640,4170.237348457758
3641,4222.507045403318
3642,4277.940084491537
3643,4336.01852397255
3644,4393.109238473982
3645,4447.476414365935
3646,4498.549267942029
3647,4544.311022821353
3648,4584.1237495663645
3649,4622.955485617184
3650,4659.870278909075
3651,4692.003788554954
3652,4721.263566041753
3653,4747.214953361315
3654,4769.523182913897
3655,4787.38697720825
3656,4802.556333506778
3657,4818.613932159964
3658,4835.330005689844
3659,4854.493721847887
3660,4875.288023207406
3661,4896.001930904136
3662,4918.754584294518
3663,4943.906611781164
3664,4971.7809429011
3665,5002.19890336983
3666,5036.672725859708
3667,5074.660652363441
3668,5113.223747076441
3669,5150.2089570356975
3670,5185.823079111271
3671,5220.614002917105
3672,5255.404435957273
3673,5293.231138858166
3674,5330.713797644906
3675,5366.513240570184
3676,5403.011905783616
3677,5435.605312234152
3678,5466.3437852474
3679,5493.626370871783
3680,5520.045251011587
3681,5544.234071833704
3682,5565.001544783917
3683,5585.079193687203
3684,5601.532253534794
3685,5614.178791523603
3686,5623.708462664357
3687,5631.017427561966
3688,5635.932052674313
3689,5638.476219298254
3690,5637.656462221011
3691,5632.964443220032
3692,5624.37281312526
3693,5611.328793777378
3694,5592.462410122457
3695,5569.148337736977
3696,5543.226551019925
3697,5512.748510303679
3698,5479.673561165976
3699,5443.586525874519
3700,5403.780538845114
3701,5362.587335280242
3702,5317.46522754287
3703,5268.920865567718
3704,5218.326719462244
3705,5174.309812350482
3706,5125.896939538062
3707,5076.640755959125
3708,5027.218849670329
3709,4975.802448987592
3710,4922.861203807569
3711,4870.207860610452
3712,4816.624522827278
3713,4764.1464004037625
3714,4709.442483533695
3715,4654.496784383158
3716,4598.4011423461625
3717,4541.94147572465
3718,4486.4753505499275
3719,4433.364333374962
3720,4381.166044371649
3721,4329.691397975423
3722,4281.285600827833
3723,4233.141079963015
3724,4184.812676958164
3725,4136.085190652093
3726,4087.8034382233122
3727,4040.436598960514
3728,3995.6125200233932
3729,3949.146222735904
3730,3903.9070838459315
3731,3856.377564611983
3732,3809.392691556155
3733,3763.3388761249616
3734,3717.492066561293
3735,3672.4049266281577
3736,3630.9109582857927
3737,3593.3195991876323
3738,3560.4647379485905
3739,3532.3974591780225
3740,3509.3156602225513
3741,3494.01041494061
3742,3482.190324373028
3743,3476.9856756303266
3744,3478.2856102219716
3745,3483.437257434966
3746,3491.1495400618414
3747,3502.2703408482985
3748,3517.7896897101587
3749,3536.1254682340855
3750,3555.865637473185
3751,3576.3812908485384
3752,3600.7757173678447
3753,3627.4910003157347
3754,3655.7152768085025
3755,3686.7739576752097
3756,3722.1079295914355
3757,3763.6781699737585
3758,3806.0018053194394
3759,3849.046839332239
3760,3891.38448068737
3761,3935.135381822252
3762,3973.1986658095993
3763,4012.0077437672808
3764,4046.9877596748543
3765,4078.037635185119
3766,4106.106639614107
3767,4131.199118224181
3768,4152.007441491686
3769,4166.462149528098
3770,4178.103675016106
3771,4183.694438029245
3772,4184.300820185327
3773,4177.522071771153
3774,4165.870948233469
3775,4151.51100079918
3776,4133.468227461702
3777,4113.68987554598
3778,4090.748177940746
3779,4069.2738173268795
3780,4050.397345560371
3781,4034.1956133638223
3782,4019.4469521434007
3783,4003.9375866923033
3784,3988.5253705990117
3785,3973.433877767559
3786,3958.2548436371167
3787,3942.530147628996
3788,3928.89427088694
3789,3913.857994820052
3790,3898.055024926128
3791,3879.091707266482
3792,3857.0994343212587
3793,3831.4198359815978
3794,3804.0634768700183
3795,3772.6236718882446
3796,3741.0090094493917
3797,3707.244054196725
3798,3671.299979534506
3799,3633.7481953505508
3800,3594.9323867702783
3801,3557.0237801177573
3802,3518.040794925594
3803,3480.2685054600374
3804,3441.6047408622467
3805,3404.487144283208
3806,3369.8593086994665
3807,3338.037667132088
3808,3308.3475340553073
3809,3280.43947388593
3810,3252.8675683621177
3811,3225.839855698032
3812,3198.0692547761532
3813,3169.778020159664
3814,3141.4867799087533
3815,3116.780797250633
3816,3093.6857866069163
3817,3069.9133288801117
3818,3050.6114629651124
3819,3033.818839619064
3820,3020.41401734674
3821,3006.4945888347984
3822,2992.556993947744
3823,2979.3019113862556
3824,2965.580811980661
3825,2951.2584956946175
3826,2938.1158867628183
3827,2924.527040957729
3828,2915.086791584386
3829,2908.2074854006964
3830,2903.8314129701334
3831,2902.9677722368574
3832,2903.2340155105176
3833,2904.2225697977246
3834,2908.306019930088
3835,2914.944224782175
3836,2920.801441809307
3837,2929.3872173485165
3838,2940.8005754475075
3839,2955.1646806181643
3840,2971.152955489055
3841,2988.212367669957
3842,3004.197247940068
3843,3019.318229422553
3844,3035.6968175464626
3845,3051.134310040984
3846,3067.0156793896012
3847,3083.0596079070606
3848,3099.187000648315
3849,3116.5360693246794
3850,3135.2646224668533
3851,3157.3707795329537
3852,3179.934993134159
3853,3201.8709981275906
3854,3226.0348772163616
3855,3250.7798161880996
3856,3277.8029351163427
3857,3303.938873522084
3858,3332.2985888897674
3859,3363.5303574211
3860,3394.5090286507857
3861,3424.469607005842
3862,3454.0961743648086
3863,3483.9004704019626
3864,3513.381016393311
3865,3541.263611429184
3866,3569.9880868821647
3867,3598.3086926716182
3868,3624.872604538706
3869,3649.3674336269896
3870,3672.989938831073
3871,3697.596713187493
3872,3722.415145617776
3873,3747.720625955667
3874,3776.150311652637
3875,3809.3585705777673
3876,3838.2497558426303
3877,3870.5386705090514
3878,3906.331438681325
3879,3944.4956254256304
3880,3984.7104023448856
3881,4025.6722412417944
3882,4066.7782673848264
3883,4106.856734815625
3884,4146.797249735047
3885,4185.374993616743
3886,4221.62104142919
3887,4254.419868592199
3888,4284.011425378299
3889,4310.693084443728
3890,4336.378161586241
3891,4360.095207371483
3892,4383.26324887526
3893,4405.320000927779
3894,4425.581005183943
3895,4446.636041663817
3896,4467.263807396815
3897,4488.516341649312
3898,4512.833337160371
3899,4536.752204615746
3900,4563.24281440304
3901,4591.493725254498
3902,4619.847249860142
3903,4647.330364582299
3904,4674.409674375235
3905,4700.566190783835
3906,4726.684219900143
3907,4751.509574224565
3908,4775.274395102088
3909,4796.417861851617
3910,4816.597836378397
3911,4836.503948094826
3912,4855.97436280816
3913,4874.42752141118
3914,4892.000369922147
3915,4910.208787043693
3916,4929.428592623534
3917,4947.113521159024
3918,4964.925641570301
3919,4980.601035304194
3920,4994.071502271005
3921,5005.185442479388
3922,5013.840698790468
3923,5021.080336773717
3924,5028.500986230154
3925,5035.607657293676
3926,5042.781551266756
3927,5049.593052534724
3928,5054.938345691927
3929,5060.698920177718
3930,5065.904968188369
3931,5070.264219816907
3932,5075.21549910594
3933,5079.523112087399
3934,5084.338018193196
3935,5088.037480198761
3936,5089.740339784378
3937,5088.066159984764
3938,5083.591324799333
3939,5075.1891760951
3940,5063.411303720125
3941,5045.931062526036
3942,5024.543370338561
3943,5000.138837357347
3944,4974.114960486148
3945,4946.2646580996525
3946,4914.454123846427
3947,4882.545330368306
3948,4851.23607983567
3949,4822.028305822287
3950,4793.862650746362
3951,4766.866830708564
3952,4741.395404112295
3953,4716.511485458101
3954,4694.508026891853
3955,4672.036891755601
3956,4650.045053213915
3957,4628.440379658726
3958,4606.349238933981
3959,4579.626190459159
3960,4553.111703640631
3961,4525.827091654224
3962,4498.541844228918
3963,4471.6588211694825
3964,4448.547499639293
3965,4428.620070411391
3966,4410.756180112054
3967,4394.8183535644275
3968,4380.806700649629
3969,4369.71210362745
3970,4357.859164638942
3971,4347.747123249531
3972,4340.725143377015
3973,4332.760155990675
3974,4325.846257351256
3975,4321.093804747426
3976,4316.618419030315
3977,4309.995659326365
3978,4300.456243440303
3979,4290.292375026856
3980,4278.862092867913
3981,4267.641574847502
3982,4260.246592112346
3983,4253.855792054077
3984,4250.308238411745
3985,4246.191164800371
3986,4241.341711852408
3987,4239.474914395907
3988,4244.401780306025
3989,4255.11127340719
3990,4264.428532405203
3991,4278.97502265597
3992,4300.166823782572
3993,4324.589665609492
3994,4353.18844875504
3995,4382.970740378277
3996,4412.876063476807
3997,4443.354454601476
3998,4472.2787848583
3999,4503.7964057322515
4000,4532.0397617636445
4001,4559.467051352814
4002,4586.223314010688
4003,4611.146572130079
4004,4637.118803441577
4005,4662.451057374355
4006,4685.0502650152785
4007,4707.419588622477
4008,4729.765724184908
4009,4752.769974326442
4010,4775.781902763165
4011,4799.084312608562
4012,4821.4084223204545
4013,4843.500494694229
4014,4863.228427101587
4015,4877.6739711915225
4016,4888.521578174528
4017,4896.7201636621685
4018,4902.08600414462
4019,4902.024220420862
4020,4896.508092150025
4021,4888.843261907042
4022,4876.130604162545
4023,4860.914612001945
4024,4842.224238341009
4025,4820.655971396328
4026,4797.429952727588
4027,4773.745051026395
4028,4751.035433687647
4029,4729.1336157726555
4030,4709.742942767653
4031,4689.458681559161
4032,4667.389430373442
4033,4645.759633589661
4034,4621.622580624629
4035,4597.206719399095
4036,4570.892633494161
4037,4542.234080967837
4038,4510.244006803106
4039,4475.250013911029
4040,4436.094811830899
4041,4392.485239774661
4042,4344.7625304279945
4043,4294.4800864803055
4044,4242.702105455271
4045,4188.7263017599735
4046,4135.242695617042
4047,4088.711958272692
4048,4041.474050655014
4049,3992.960778382953
4050,3945.1974599295904
4051,3897.5230940432252
4052,3850.8966504435534
4053,3803.6335947800894
4054,3757.242100069373
4055,3710.217364108252
4056,3661.333594504611
4057,3613.2072652707234
4058,3566.317487363828
4059,3521.048522703096
4060,3475.8687389551533
4061,3432.1166858874312
4062,3389.5746179193648
4063,3347.0732367527908
4064,3304.650880254788
4065,3262.580123185093
4066,3220.913383684369
4067,3178.1467258585844
4068,3136.657572782469
4069,3095.2358750238714
4070,3056.2319434484757
4071,3018.6840284534346
4072,2980.952424234795
4073,2942.6895916697213
4074,2906.324564192775
4075,2871.0884982849925
4076,2836.0432449527857
4077,2801.725744429178
4078,2767.3709495572507
4079,2734.502771199203
4080,2701.7050030349865
4081,2668.2950493201743
4082,2637.8380364698655
4083,2609.2042985965604
4084,2583.3499602413285
4085,2560.653240969832
4086,2542.608033774127
4087,2530.9760045619596
4088,2525.4521448866803
4089,2524.314041854609
4090,2527.8592995836275
4091,2535.8195752923707
4092,2547.114466675922
4093,2563.0563213360497
4094,2584.4375897113528
4095,2610.5322990526297
4096,2641.871878454363
4097,2678.04057463018
4098,2718.574794634304
4099,2764.5812953343943
4100,2813.947191284001
4101,2868.4801713461356
4102,2926.5459155501
4103,2988.0701690173564
4104,3041.5962695338703
4105,3098.2696474812255
4106,3155.939439860684
4107,3213.9425137557946
4108,3271.081882768994
4109,3325.505740424738
4110,3376.1413955562452
4111,3422.224256768166
4112,3464.9676764089677
4113,3503.996619762895
4114,3537.435393439027
4115,3564.490775586087
4116,3587.7323473691235
4117,3607.082186650772
4118,3626.348699261624
4119,3644.2233509313264
4120,3661.890937974221
4121,3680.3566692245013
4122,3697.4715812694994
4123,3715.8624687654064
4124,3734.6820903303005
4125,3754.999540570857
4126,3775.241355710579
4127,3794.9053125027535
4128,3814.859441925186
4129,3833.1082329576557
4130,3850.5197478753526
4131,3867.2773394744177
4132,3882.9373589823904
4133,3897.272870019513
4134,3908.353764935997
4135,3914.1349972596404
4136,3917.4768121057296
4137,3917.528582687142
4138,3914.350597159662
4139,3906.6095870833856
4140,3895.773632535034
4141,3880.727820817957
4142,3860.7748109925674
4143,3838.3081689371993
4144,3810.2732473868655
4145,3779.816884893718
4146,3747.0936998911575
4147,3710.614749386278
4148,3672.0356210508917
4149,3632.565735988781
4150,3591.075599166167
4151,3548.060292871534
4152,3504.374602510138
4153,3461.487871183133
4154,3417.788265774893
4155,3374.844398266191
4156,3333.1257604137495
4157,3295.6884819549214
4158,3261.3054998446573
4159,3231.662837563025
4160,3208.0685645333538
4161,3187.5415469975396
4162,3174.262792078874
4163,3166.6857213876224
4164,3163.8970200452973
4165,3168.2277463970922
4166,3178.7822184686343
4167,3192.2877668354076
4168,3209.6749021933674
4169,3228.93616646704
4170,3250.554752115294
4171,3273.7034388405955
4172,3299.958502160119
4173,3327.3865257119533
4174,3357.543198049856
4175,3389.866293433632
4176,3424.2607879207185
4177,3459.23261663113
4178,3493.277429878959
4179,3525.1834891851163
4180,3557.980815262264
4181,3588.833972787931
4182,3618.5196987470567
4183,3645.7408422271747
4184,3671.868059314801
4185,3693.7983085367723
4186,3715.0871225459687
4187,3737.552537012355
4188,3762.8028162779265
4189,3790.3760967183375
4190,3817.6615417943217
4191,3845.9810455454462
4192,3873.8801357615616
4193,3902.0421033843327
4194,3928.6383328049164
4195,3954.8133415610546
4196,3983.5550558253503
4197,4013.2283210896617
4198,4043.40458144849
4199,4070.8359113406705
4200,4098.253030665855
4201,4124.395768865443
4202,4147.726597085782
4203,4168.859038947843
4204,4188.654371707319
4205,4205.941565765492
4206,4219.390072454371
4207,4229.790666321727
4208,4235.937187575571
4209,4237.247093287667
4210,4234.929453289144
4211,4226.515987562692
4212,4211.666064749001
4213,4191.403365736001
4214,4168.209505480056
4215,4141.383273396498
4216,4111.263313721701
4217,4082.766730867583
4218,4057.9747037845013
4219,4034.138833046973
4220,4011.1626957687195
4221,3987.712758618184
4222,3967.2150654010998
4223,3948.510813868242
4224,3935.4843429666616
4225,3927.0577100170917
4226,3922.625027710048
4227,3922.4043241475138
4228,3926.470872484028
4229,3934.0630453691815
4230,3946.3325705897723
4231,3962.9947989074767
4232,3982.742723325627
4233,4005.096100891502
4234,4027.696645607888
4235,4049.556814540265
4236,4070.567804329166
4237,4092.3262342522908
4238,4114.2455493546595
4239,4138.76389389356
4240,4165.145737752433
4241,4193.656611121615
4242,4222.565962819889
4243,4253.37699479567
4244,4284.109948301096
4245,4313.907047708358
4246,4343.277076895182
4247,4372.241339013966
4248,4402.337816208728
4249,4433.42215817473
4250,4465.788569515912
4251,4497.5253954492955
4252,4527.667818381318
4253,4557.124782466846
4254,4584.82385142946
4255,4609.649837372011
4256,4633.24968226115
4257,4653.644943943445
4258,4674.383507335326
4259,4694.154250939151
4260,4714.030376315885
4261,4733.863092553337
4262,4754.048921205734
4263,4776.634606006544
4264,4797.035298360606
4265,4819.233699468077
4266,4842.219315748966
4267,4865.412883300042
4268,4893.466613025908
4269,4920.196658250675
4270,4945.703694373566
4271,4966.185446794977
4272,4979.4640414065825
4273,4987.250420739579
4274,4987.304511326107
4275,4987.351570136387
4276,4977.998068944826
4277,4964.6839965485615
4278,4948.067237057235
4279,4928.030723714654
4280,4907.53719624453
4281,4886.9003975664455
4282,4867.468925613393
4283,4849.425085169135
4284,4833.1325788612185
4285,4817.225145147874
4286,4805.418121982162
4287,4796.376678456085
4288,4791.181172140706
4289,4789.78809096985
4290,4792.391383263576
4291,4795.6981968692035
4292,4800.157484387481
4293,4805.41974898695
4294,4811.4708012735955
4295,4820.102238813216
4296,4833.224674754974
4297,4849.576399013205
4298,4868.7530610812955
4299,4888.788173484193
4300,4910.3465512634775
4301,4933.709598919441
4302,4957.064977306281
4303,4981.832578078966
4304,5007.94959595606
4305,5035.779535416292
4306,5064.101498706244
4307,5092.2486569250195
4308,5119.437962698607
4309,5146.115635613965
4310,5170.080857288036
4311,5194.144406739196
4312,5216.679656904037
4313,5236.066755494907
4314,5252.938348068119
4315,5267.8334289159975
4316,5282.535810176698
4317,5294.869904839668
4318,5304.347248641683
4319,5312.53345547032
4320,5317.455979199916
4321,5320.272651791008
4322,5322.938044621633
4323,5325.199413025056
4324,5325.184377622967
4325,5325.293144739479
4326,5326.636408724467
4327,5325.601031965962
4328,5320.967291216354
4329,5312.141587893777
4330,5295.743920515102
4331,5272.276060957281
4332,5251.859023141976
4333,5222.624318026174
4334,5185.861379579003
4335,5144.752969606456
4336,5099.198883279704
4337,5049.559578161713
4338,4993.65570400826
4339,4932.134918671388
4340,4863.987017958668
4341,4791.85350702064
4342,4716.28639439715
4343,4636.639522961821
4344,4555.195811808783
4345,4472.5779396635135
4346,4390.72375859504
4347,4309.573594439309
4348,4230.508176733415
4349,4154.107064844714
4350,4080.4057536710175
4351,4008.5886820428373
4352,3938.1534161061086
4353,3869.115054072453
4354,3801.5813392232494
4355,3736.778310554481
4356,3676.3526912210905
4357,3622.044119465538
4358,3572.752618138284
4359,3527.973360713275
4360,3488.892933184414
4361,3455.0726341348504
4362,3424.1393380002482
4363,3396.4248906990665
4364,3372.7184964971466
4365,3353.3547831517158
4366,3338.2615672366205
4367,3328.5396179854597
4368,3324.6132332141233
4369,3327.1909418851837
4370,3334.2017770184543
4371,3345.790065364919
4372,3360.661966090538
4373,3378.364276188884
4374,3399.1421420109805
4375,3425.5828065064507
4376,3457.7379962098853
4377,3493.0641905167417
4378,3531.552566179798
4379,3573.9730320706085
4380,3619.237054483486
4381,3668.769886329548
4382,3721.9541702479446
4383,3780.2857311125185
4384,3843.402419455818
4385,3909.7685346162734
4386,3978.5777640555484
4387,4048.61299606941
4388,4120.183462691063
4389,4182.449768651901
4390,4247.357969524547
4391,4312.337144358686
4392,4376.118001241266
4393,4435.672964133612
4394,4490.269156148902
4395,4540.1003468336885
4396,4585.300936626127
4397,4625.5381113189305
4398,4663.323708918963
4399,4698.114225792381
4400,4729.466720484756
4401,4755.423255898835
4402,4778.335000699562
4403,4797.970301056638
4404,4813.8655405867285
4405,4828.339532361655
4406,4839.6475589213005
4407,4846.592579659648
4408,4850.559302584639
4409,4851.710622114962
4410,4850.120077874296
4411,4842.7970626085325
4412,4832.081910973313
4413,4818.147616125755
4414,4801.802413766443
4415,4782.333553019066
4416,4759.2268773956275
4417,4732.6501346081195
4418,4704.300886566187
4419,4672.8302048663345
4420,4639.430930607769
4421,4605.752467810343
4422,4572.988933174494
4423,4542.694756475046
4424,4514.814321408361
4425,4489.912098604952
4426,4467.940723153532
4427,4447.52881227973
4428,4427.314958506677
4429,4409.300180244094
4430,4391.364573443327
4431,4375.413926045995
4432,4358.390924547221
4433,4340.971696110036
4434,4322.142994298212
4435,4302.066500253368
4436,4280.809320076489
4437,4260.73664912402
4438,4238.755740919687
4439,4215.797265832483
4440,4191.608136888611
4441,4167.073890388796
4442,4144.9152784928165
4443,4125.813347781287
4444,4109.67645223302
4445,4102.217615905372
4446,4095.7284283003196
4447,4095.682966010271
4448,4103.638154115356
4449,4116.279168615766
4450,4129.418369121622
4451,4145.423024217714
4452,4162.518360689692
4453,4175.415426164457
4454,4184.507949031342
4455,4192.037412177333
4456,4197.10409252251
4457,4197.630742204883
4458,4194.537106279107
4459,4188.7201664340955
4460,4182.292849884254
4461,4176.548211566447
4462,4170.693634838585
4463,4165.751778564453
4464,4161.394398371497
4465,4156.599052516308
4466,4151.160699890414
4467,4148.014149239893
4468,4142.9779775850475
4469,4136.237932619282
4470,4131.383804757873
4471,4125.524438513809
4472,4116.435162039318
4473,4106.936104734986
4474,4095.692279488507
4475,4083.1651625850423
4476,4067.3557703439565
4477,4048.3623091388827
4478,4028.339620699329
4479,4007.6118902916855
4480,3987.7214487205474
4481,3968.059317193374
4482,3948.3815210386233
4483,3927.5745499107693
4484,3905.4733220301023
4485,3884.1013788194746
4486,3860.1682811661885
4487,3838.0714554035385
4488,3817.7492754632704
4489,3797.6237449375794
4490,3778.317232499849
4491,3759.634856672329
4492,3741.221403345197
4493,3725.214969579255
4494,3710.6461749640775
4495,3696.486894102406
4496,3682.663754579335
4497,3668.29822767078
4498,3655.163823123614
4499,3641.888915963069
4500,3628.062619995526
4501,3613.6730081289625
4502,3598.1052884785727
4503,3584.561372382733
4504,3573.4179713071535
4505,3563.5249068540843
4506,3553.476388559921
4507,3544.2639102890716
4508,3535.6105931885295
4509,3525.431605075138
4510,3516.088602103864
4511,3504.7316279592974
4512,3495.1274487752066
4513,3488.992620877957
4514,3483.305824178575
4515,3477.7399873579734
4516,3471.5418789867613
4517,3464.3787926686255
4518,3455.994102122493
4519,3451.411065917247
4520,3449.3854881906577
4521,3448.8829657424153
4522,3450.007003457582
4523,3449.794067694945
4524,3450.4742671112176
4525,3452.0028950745136
4526,3453.5454990986577
4527,3457.77057593667
4528,3463.611764303744
4529,3469.8883222335985
4530,3478.6348089158078
4531,3489.9727247816445
4532,3502.852447553557
4533,3516.4765467290435
4534,3529.525381469504
4535,3544.139923016473
4536,3559.6766614911867
4537,3578.4383789925228
4538,3597.355005340118
4539,3616.226920754497
4540,3635.280105460404
4541,3654.2544275836076
4542,3671.4955125697215
4543,3688.6098801353214
4544,3706.2986185261857
4545,3725.5635217481677
4546,3742.9551673683613
4547,3760.8563911981814
4548,3778.7020783556613
4549,3797.8712483382265
4550,3818.218452983494
4551,3838.7099336569163
4552,3860.492405171309
4553,3882.6718926839426
4554,3906.504442001208
4555,3930.1291465175855
4556,3953.8417388188454
4557,3977.45018279567
4558,4002.151048517888
4559,4027.069565899117
4560,4048.748676020786
4561,4071.0950412894736
4562,4094.7879893201903
4563,4119.612583110101
4564,4144.96315605625
4565,4171.60883532187
4566,4198.6086061950455
4567,4227.307906946971
4568,4256.163507692389
4569,4285.019181861386
4570,4313.985610178817
4571,4341.302962469759
4572,4365.476196897924
4573,4385.546292166034
4574,4404.47639627378
4575,4421.0003406495125
4576,4436.06597354073
4577,4449.489799099836
4578,4461.593166281566
4579,4472.9390138684485
4580,4483.891007164786
4581,4496.07529998602
4582,4506.863862522816
4583,4517.385738422225
4584,4526.599710637011
4585,4533.674680901838
4586,4536.798768140263
4587,4536.3849232405155
4588,4531.900851894111
4589,4523.307816645537
4590,4510.2183132254
4591,4496.206732300416
4592,4480.7862517962785
4593,4464.593820631768
4594,4448.451567178444
4595,4432.10185203554
4596,4415.380762264951
4597,4398.222748891032
4598,4379.953280524798
4599,4361.652404608963
4600,4343.980864137348
4601,4327.446335693914
4602,4311.860319077369
4603,4296.646542153903
4604,4281.934339348136
4605,4265.807327761148
4606,4249.0136881006065
4607,4231.800812940334
4608,4212.926444025753
4609,4194.356612768669
4610,4174.463284298455
4611,4154.343239042786
4612,4134.410485654733
4613,4112.604063312934
4614,4091.214033429836
4615,4070.0121424243325
4616,4048.677612148226
4617,4030.116570808013
4618,4011.190266545997
4619,3993.451420393536
4620,3978.462936174502
4621,3967.3226830362346
4622,3959.866052733252
4623,3955.5033012336357
4624,3953.4885645078753
4625,3952.9881931460536
4626,3952.576946230214
4627,3950.8866433976486
4628,3945.3171983184943
4629,3937.262663512338
4630,3925.5933779567786
4631,3911.0873097797516
4632,3893.1388621861547
4633,3872.0553751944985
4634,3849.983130282625
4635,3828.7550652094137
4636,3803.604551637678
4637,3775.9531960136196
4638,3748.4356777697635
4639,3720.8233055706187
4640,3693.8832026386585
4641,3670.263791277722
4642,3649.0473822366544
4643,3632.6763303909815
4644,3621.555593238928
4645,3615.5775204328907
4646,3614.2550512533594
4647,3613.310266107378
4648,3610.402221966247
4649,3606.098385385241
4650,3600.584474588848
4651,3591.317010795989
4652,3578.779891289058
4653,3566.72806506069
4654,3555.856868895883
4655,3545.130442177345
4656,3533.0319636007957
4657,3520.6779855547275
4658,3509.732335385858
4659,3499.2690178088606
4660,3489.7303695415467
4661,3481.117196000326
4662,3476.1754494001243
4663,3472.0656468577354
4664,3467.9290069422636
4665,3464.8057803864735
4666,3462.807055602942
4667,3462.4813657675854
4668,3464.787428706958
4669,3468.689670665748
4670,3475.3024111345862
4671,3483.633694925612
4672,3495.371010898825
4673,3507.35498733496
4674,3517.7810468343964
4675,3528.140070104927
4676,3533.026273647066
4677,3534.967499629527
4678,3534.344162718299
4679,3531.7951324841583
4680,3528.8099591261853
4681,3521.9871210107976
4682,3517.0704180296825
4683,3513.7509817567634
4684,3513.306259503447
4685,3515.4024042638225
4686,3517.454195636636
4687,3522.643095899587
4688,3530.460726589136
4689,3539.3629395119465
4690,3548.5735302573153
4691,3557.4166481495954
4692,3569.1974279987494
4693,3581.076470003927
4694,3594.482333057234
4695,3606.7236260480886
4696,3617.8629589071825
4697,3628.3944972843833
4698,3638.1983644978277
4699,3647.1109389628323
4700,3657.268966429474
4701,3668.274285383201
4702,3679.0426049994785
4703,3688.4962603983913
4704,3695.9751111973983
4705,3703.0430830295863
4706,3711.374943847346
4707,3720.533109489624
4708,3735.1495124123862
4709,3754.2344338202975
4710,3776.0789588273888
4711,3803.786709432003
4712,3832.0486790301757
4713,3862.171170295851
4714,3894.5188575923185
4715,3929.7023079246974
4716,3966.5350705949786
4717,4006.0310717857233
4718,4045.061808014698
4719,4084.0032381608826
4720,4121.457094487436
4721,4156.678336695989
4722,4190.043886467319
4723,4220.155582300359
4724,4247.32876589568
4725,4271.530705979373
4726,4295.846908489672
4727,4321.402904894002
4728,4349.222648833943
4729,4380.130633899706
4730,4416.56016896872
4731,4448.253864478762
4732,4486.12515366358
4733,4529.646775728801
4734,4576.684245854145
4735,4625.6196041160765
4736,4674.303171155706
4737,4723.983158422565
4738,4771.4421558453105
4739,4818.589185099553
4740,4864.916425016068
4741,4910.664552821047
4742,4954.7279689863135
4743,4995.852747177827
4744,5033.286684922363
4745,5068.001453416237
4746,5099.217665417186
4747,5127.463174845542
4748,5151.1008362709545
4749,5171.171754557047
4750,5189.5972365574935
4751,5204.555641925316
4752,5215.636619354281
4753,5225.151566081597
4754,5232.568056791126
4755,5237.342121117799
4756,5239.426626064731
4757,5239.281369729225
4758,5238.463694926686
4759,5234.794381587621
4760,5226.809670622926
4761,5215.180734894427
4762,5200.658010296246
4763,5186.016632453489
4764,5169.156228879405
4765,5151.10528397308
4766,5131.9144268951
4767,5110.749960698304
4768,5088.936305360606
4769,5065.001928535504
4770,5040.877417196105
4771,5016.008684362109
4772,4991.827214604976
4773,4967.0868481576
4774,4942.366801021565
4775,4918.42983679908
4776,4892.747003049329
4777,4867.813428843529
4778,4841.456961723635
4779,4811.251646336771
4780,4778.5338278205745
4781,4742.517247956658
4782,4703.129246998105
4783,4661.7821310042755
4784,4619.078705286523
4785,4575.143012489708
4786,4533.502177213892
4787,4494.232983603912
4788,4460.068785163229
4789,4425.103915929231
4790,4390.177361480821
4791,4356.336140140466
4792,4323.672995318834
4793,4292.185522070736
4794,4262.384057681824
4795,4235.062624499553
4796,4210.325501723383
4797,4189.203579502476
4798,4173.493662632049
4799,4163.363466303267
4800,4158.891137211952
4801,4158.171862620226
4802,4163.158231866116
4803,4172.375791484866
4804,4185.536908748387
4805,4200.474317599405
4806,4219.372804996403
4807,4240.931226558564
4808,4265.271297079503
4809,4292.004399327213
4810,4319.998889423147
4811,4350.2431959984415
4812,4383.4978727098405
4813,4417.24390983183
4814,4453.751179067348
4815,4490.277665303099
4816,4525.88887522574
4817,4559.963159293167
4818,4592.807874021101
4819,4622.724890406432
4820,4649.552627350478
4821,4674.104477943079
4822,4696.9217118077795
4823,4715.816239065305
4824,4733.463895046814
4825,4749.3761869304735
4826,4764.712192010044
4827,4778.405607201617
4828,4789.201685887725
4829,4798.728088117194
4830,4805.26103122295
4831,4810.824641412118
4832,4817.137758377709
4833,4824.804711565848
4834,4833.150987269521
4835,4842.69199961986
4836,4853.171309528112
4837,4863.259618977313
4838,4875.086594392911
4839,4887.918663348942
4840,4901.476768888006
4841,4914.284971623902
4842,4926.829255324891
4843,4937.952280860684
4844,4948.155260562805
4845,4957.0318529036485
4846,4966.228688792464
4847,4973.896538267174
4848,4976.660041429274
4849,4974.440254027485
4850,4966.036205957529
4851,4950.548857109146
4852,4927.927436651093
4853,4898.709880440568
4854,4861.72958577161
4855,4821.1242816949525
4856,4777.000177972776
4857,4728.159093722745
4858,4675.08511927999
4859,4619.014756264742
4860,4561.453293644524
4861,4503.807495116836
4862,4445.7099242193
4863,4388.771464649193
4864,4336.9331987379965
4865,4285.681090531968
4866,4234.6107590394495
4867,4186.545995516566
4868,4141.898236506407
4869,4100.594418560938
4870,4064.239800937973
4871,4032.601510855093
4872,4007.453521907895
4873,3987.0531990053046
4874,3969.6331163695745
4875,3953.447039550346
4876,3939.3966118460216
4877,3926.438716556866
4878,3915.990424529973
4879,3909.462267646516
4880,3908.055814594838
4881,3913.719858325281
4882,3924.292987205917
4883,3939.560570901499
4884,3958.3862798570763
4885,3979.8290526702494
4886,4003.672972480174
4887,4030.1025441487723
4888,4060.0485627398207
4889,4089.9287073037394
4890,4121.842941889377
4891,4155.268114270131
4892,4187.365173721933
4893,4216.404738381016
4894,4244.0802013352395
4895,4266.805071554676
4896,4287.225005473122
4897,4303.867231133942
4898,4318.797822562327
4899,4335.092981045092
4900,4353.254580591745
4901,4372.998386240857
4902,4390.175497155586
4903,4409.829717852606
4904,4431.673448744424
4905,4454.28220999392
4906,4475.4869072476595
4907,4494.991379346699
4908,4513.254750107158
4909,4528.213316285786
4910,4540.28006098024
4911,4550.083135061963
4912,4558.083227448443
4913,4565.240348128876
4914,4569.220672707841
4915,4567.191865673654
4916,4562.582674703372
4917,4557.1798420777095
4918,4549.364055975754
4919,4541.758546780908
4920,4532.089701653829
4921,4522.683081622853
4922,4514.074471130027
4923,4504.617488072031
4924,4493.981733073032
4925,4482.618195703764
4926,4470.695436017273
4927,4455.2677163412145
4928,4436.318577046052
4929,4413.413602105536
4930,4387.988626378231
4931,4358.70295413764
4932,4325.303631314756
4933,4288.93795660348
4934,4250.527426831051
4935,4211.35455722916
4936,4171.1759578629435
4937,4132.484697689527
4938,4094.113622166095
4939,4054.439644032864
4940,4015.6134308030546
4941,3975.6994486937747
4942,3938.3952516277964
4943,3901.9374304855855
4944,3867.7848190116515
4945,3833.848531252668
4946,3801.619010309726
4947,3770.8637415727717
4948,3743.148493203811
4949,3715.637807029252
4950,3689.420007190546
4951,3665.2752671166795
4952,3641.1803710374616
4953,3616.5210199614585
4954,3589.533760338008
4955,3567.032526334771
4956,3546.439350533858
4957,3529.7335848986922
4958,3518.891132828936
4959,3509.458199528248
4960,3506.553006757083
4961,3507.2790610705397
4962,3510.8929345476927
4963,3516.6185017030825
4964,3522.457551510089
4965,3527.8026126672203
4966,3530.327726945017
4967,3531.0257340283747
4968,3530.8788551967286
4969,3529.443704693573
4970,3527.750086587219
4971,3527.2913259509123
4972,3526.5358752648635
4973,3526.3228624587573
4974,3523.0395638934106
4975,3518.657082492839
4976,3512.034389567724
4977,3505.630792430863
4978,3498.629124671763
4979,3490.8461061761163
4980,3482.767474332938
4981,3476.7640272337453
4982,3472.1750020877753
4983,3467.1435389165913
4984,3464.761169712714
4985,3463.3053314260233
4986,3462.5442024395165
4987,3464.2458227447214
4988,3466.8321801304237
4989,3471.3303331333263
4990,3477.0944098463965
4991,3485.2792956784615
4992,3496.0263700925834
4993,3508.6420677698065
4994,3524.301557915546
4995,3542.1205987775006
4996,3562.7796575163125
4997,3587.1780594473194
4998,3615.239267792924
4999,3647.084778079746
